{
  "type": "FeatureCollection",
  "features": [
    {
      "type": "Feature",
      "geometry": {
        "type": "Point",
        "coordinates": [
          98.62727924367275,
          3.5916441204865537
        ]
      },
      "properties": {
        "rowid": 777,
        "nama_cctv": "CTV096 PTZ Gatot Subroro  Asrama",
        "polda_id": "02",
        "polres_id": "24",
        "status": "hidup",
        "ctdby": "070833ORGANIK",
        "ctddate": "2026-03-13T17:00:00.000Z",
        "ctdtime": "00:42:49",
        "rtsp_cctv": "rtsp://satansheir:letyur13@172.16.90.58:554/cam/realmonitor?channel=96&subtype=1",
        "ctdupd": null,
        "instansi": "DISHUB",
        "jenis_cctv": "Analytic",
        "nama_jalan_s": "Jl. Asrama No.8c, Sei Sikambing C. II, Kec. Medan Helvetia, Kota Medan, Sumatera Utara 20123, Indonesia",
        "channel_id": "1000007$1$0$95",
        "cctv_in": "N",
        "cctv_out": "N",
        "masuk_kab": "N",
        "keluar_kab": "N",
        "keterangan": ".",
        "fungsi_jalan_cctv_id": 1,
        "masuk_prov": "N",
        "keluar_prov": "N",
        "is_active": 1,
        "cctv_category_id": 5,
        "hls_cctv": null,
        "channel_id_event": "",
        "kecamatan": "MEDAN HELVETIA",
        "kota": "MEDAN",
        "nama_objek_vital": "",
        "channel_id_enforcement": "",
        "cctv_id": "dd63b420-e051-48f8-844a-c9ca7190dc1d",
        "rtsp_cctv_dcc": null,
        "arah_cctv": null,
        "radius": null,
        "channel_code": null,
        "polda": "Polda Sumatera Utara",
        "polres": "POLRESTABES MEDAN",
        "fungsi_jalan": "ARTERI",
        "category": "DALAM KOTA",
        "in_out": null,
        "ket_in_out": null,
        "_region": "medan",
        "Satwil": "Polrestabes Medan"
      }
    },
    {
      "type": "Feature",
      "geometry": {
        "type": "Point",
        "coordinates": [
          98.69622240858097,
          3.598402930790571
        ]
      },
      "properties": {
        "rowid": 776,
        "nama_cctv": "CTV252 DSHB PTZ CCTV JL HM.YAMIN  JL T.IBRAHIM UMAR",
        "polda_id": "02",
        "polres_id": "24",
        "status": "hidup",
        "ctdby": "070833ORGANIK",
        "ctddate": "2026-02-19T17:00:00.000Z",
        "ctdtime": "12:39:06",
        "rtsp_cctv": "rtsp://satansheir:letyur13@172.16.90.58:554/cam/realmonitor?channel=252&subtype=1",
        "ctdupd": "2026-02-19T17:00:00.000Z",
        "instansi": "DISHUB",
        "jenis_cctv": "Analytic",
        "nama_jalan_s": "Jl. Prof. H. M. Yamin No.185b, Sei Kera Hulu, Kec. Medan Perjuangan, Kota Medan, Sumatera Utara 20222, Indonesia",
        "channel_id": "1000007$1$0$251",
        "cctv_in": "N",
        "cctv_out": "N",
        "masuk_kab": "N",
        "keluar_kab": "N",
        "keterangan": "-",
        "fungsi_jalan_cctv_id": 1,
        "masuk_prov": "N",
        "keluar_prov": "N",
        "is_active": 1,
        "cctv_category_id": 5,
        "hls_cctv": null,
        "channel_id_event": "",
        "kecamatan": "MEDAN PERJUANGAN",
        "kota": "MEDAN",
        "nama_objek_vital": "",
        "channel_id_enforcement": "",
        "cctv_id": "ffbce25e-242b-4642-b1e5-34d74b395bb3",
        "rtsp_cctv_dcc": null,
        "arah_cctv": null,
        "radius": null,
        "channel_code": null,
        "polda": "Polda Sumatera Utara",
        "polres": "POLRESTABES MEDAN",
        "fungsi_jalan": "ARTERI",
        "category": "DALAM KOTA",
        "in_out": null,
        "ket_in_out": null,
        "_region": "medan",
        "Satwil": "Polrestabes Medan"
      }
    },
    {
      "type": "Feature",
      "geometry": {
        "type": "Point",
        "coordinates": [
          98.6756719,
          3.5958875
        ]
      },
      "properties": {
        "rowid": 775,
        "nama_cctv": "CTV242 DSHB PTZ TVRI",
        "polda_id": "02",
        "polres_id": "24",
        "status": "mati",
        "ctdby": "070833ORGANIK",
        "ctddate": "2026-02-19T17:00:00.000Z",
        "ctdtime": "12:34:39",
        "rtsp_cctv": "rtsp://satansheir:letyur13@172.16.90.58:554/cam/realmonitor?channel=242&subtype=1",
        "ctdupd": null,
        "instansi": "DISHUB",
        "jenis_cctv": "Analytic",
        "nama_jalan_s": "HMWG+973, Medan City, North Sumatra, Indonesia",
        "channel_id": "1000007$1$0$241",
        "cctv_in": "N",
        "cctv_out": "N",
        "masuk_kab": "N",
        "keluar_kab": "N",
        "keterangan": "-",
        "fungsi_jalan_cctv_id": 1,
        "masuk_prov": "N",
        "keluar_prov": "N",
        "is_active": 1,
        "cctv_category_id": 5,
        "hls_cctv": null,
        "channel_id_event": "",
        "kecamatan": "MEDAN BARAT",
        "kota": "MEDAN",
        "nama_objek_vital": "",
        "channel_id_enforcement": "",
        "cctv_id": "53427a67-78b9-4cf8-9af5-e7e5da0f2b41",
        "rtsp_cctv_dcc": null,
        "arah_cctv": null,
        "radius": null,
        "channel_code": null,
        "polda": "Polda Sumatera Utara",
        "polres": "POLRESTABES MEDAN",
        "fungsi_jalan": "ARTERI",
        "category": "DALAM KOTA",
        "in_out": null,
        "ket_in_out": null,
        "_region": "medan",
        "Satwil": "Polrestabes Medan"
      }
    },
    {
      "type": "Feature",
      "geometry": {
        "type": "Point",
        "coordinates": [
          98.6153281,
          3.5139875
        ]
      },
      "properties": {
        "rowid": 774,
        "nama_cctv": "CTV154 DSHB PTZ J.Ginting  RS. Adam Malik",
        "polda_id": "02",
        "polres_id": "24",
        "status": "mati",
        "ctdby": "070833ORGANIK",
        "ctddate": "2026-02-19T17:00:00.000Z",
        "ctdtime": "12:03:13",
        "rtsp_cctv": "rtsp://satansheir:letyur13@172.16.90.58:554/cam/realmonitor?channel=154&subtype=1",
        "ctdupd": null,
        "instansi": "DISHUB",
        "jenis_cctv": "Analytic",
        "nama_jalan_s": "GJ78+H4W, Medan City, North Sumatra, Indonesia",
        "channel_id": "1000007$1$0$153",
        "cctv_in": "N",
        "cctv_out": "N",
        "masuk_kab": "N",
        "keluar_kab": "N",
        "keterangan": "-",
        "fungsi_jalan_cctv_id": 1,
        "masuk_prov": "N",
        "keluar_prov": "N",
        "is_active": 1,
        "cctv_category_id": 5,
        "hls_cctv": null,
        "channel_id_event": "",
        "kecamatan": "MEDAN TUNTUNGAN",
        "kota": "MEDAN",
        "nama_objek_vital": "",
        "channel_id_enforcement": "",
        "cctv_id": "806bb4dc-129e-4147-937e-08307c77258b",
        "rtsp_cctv_dcc": null,
        "arah_cctv": null,
        "radius": null,
        "channel_code": null,
        "polda": "Polda Sumatera Utara",
        "polres": "POLRESTABES MEDAN",
        "fungsi_jalan": "ARTERI",
        "category": "DALAM KOTA",
        "in_out": null,
        "ket_in_out": null,
        "_region": "medan",
        "Satwil": "Polrestabes Medan"
      }
    },
    {
      "type": "Feature",
      "geometry": {
        "type": "Point",
        "coordinates": [
          98.69817189999999,
          3.5384624999999996
        ]
      },
      "properties": {
        "rowid": 773,
        "nama_cctv": "CTV149 DSHB PTZ AH.NASUTION - BAJAK (MARIENDAL)",
        "polda_id": "02",
        "polres_id": "24",
        "status": "hidup",
        "ctdby": "070833ORGANIK",
        "ctddate": "2026-02-19T17:00:00.000Z",
        "ctdtime": "11:58:05",
        "rtsp_cctv": "rtsp://satansheir:letyur13@172.16.90.58:554/cam/realmonitor?channel=149&subtype=0",
        "ctdupd": null,
        "instansi": "DISHUB",
        "jenis_cctv": "Analytic",
        "nama_jalan_s": "GMQX+97M, Medan City, North Sumatra, Indonesia",
        "channel_id": "1000007$1$0$148",
        "cctv_in": "N",
        "cctv_out": "N",
        "masuk_kab": "N",
        "keluar_kab": "N",
        "keterangan": "-",
        "fungsi_jalan_cctv_id": 1,
        "masuk_prov": "N",
        "keluar_prov": "N",
        "is_active": 1,
        "cctv_category_id": 5,
        "hls_cctv": null,
        "channel_id_event": "",
        "kecamatan": "MEDAN AMPLAS",
        "kota": "MEDAN",
        "nama_objek_vital": "",
        "channel_id_enforcement": "",
        "cctv_id": "05ca9613-7bad-4f9f-8981-3915432ea88d",
        "rtsp_cctv_dcc": null,
        "arah_cctv": null,
        "radius": null,
        "channel_code": null,
        "polda": "Polda Sumatera Utara",
        "polres": "POLRESTABES MEDAN",
        "fungsi_jalan": "ARTERI",
        "category": "DALAM KOTA",
        "in_out": null,
        "ket_in_out": null,
        "_region": "medan",
        "Satwil": "Polrestabes Medan"
      }
    },
    {
      "type": "Feature",
      "geometry": {
        "type": "Point",
        "coordinates": [
          98.6436719,
          3.5904124999999993
        ]
      },
      "properties": {
        "rowid": 772,
        "nama_cctv": "CTV038 DSHB VID GATSU KPT MUSLIM 3",
        "polda_id": "02",
        "polres_id": "24",
        "status": "hidup",
        "ctdby": "070833ORGANIK",
        "ctddate": "2026-02-19T17:00:00.000Z",
        "ctdtime": "09:37:39",
        "rtsp_cctv": "rtsp://satansheir:letyur13@172.16.90.58:554/cam/realmonitor?channel=38&subtype=0",
        "ctdupd": "2026-02-19T17:00:00.000Z",
        "instansi": "DISHUB",
        "jenis_cctv": "MONITORING",
        "nama_jalan_s": "HJRV+5F7, Medan City, North Sumatra, Indonesia",
        "channel_id": "1000007$1$0$037",
        "cctv_in": "N",
        "cctv_out": "N",
        "masuk_kab": "N",
        "keluar_kab": "N",
        "keterangan": "-",
        "fungsi_jalan_cctv_id": 1,
        "masuk_prov": "N",
        "keluar_prov": "N",
        "is_active": 1,
        "cctv_category_id": 5,
        "hls_cctv": null,
        "channel_id_event": "",
        "kecamatan": "MEDAN SUNGGAL",
        "kota": "MEDAN",
        "nama_objek_vital": "",
        "channel_id_enforcement": "",
        "cctv_id": "78fb2106-12a6-448d-bdb4-81a03eaebb31",
        "rtsp_cctv_dcc": null,
        "arah_cctv": null,
        "radius": null,
        "channel_code": null,
        "polda": "Polda Sumatera Utara",
        "polres": "POLRESTABES MEDAN",
        "fungsi_jalan": "ARTERI",
        "category": "DALAM KOTA",
        "in_out": null,
        "ket_in_out": null,
        "_region": "medan",
        "Satwil": "Polrestabes Medan"
      }
    },
    {
      "type": "Feature",
      "geometry": {
        "type": "Point",
        "coordinates": [
          98.64373440000001,
          3.5906374999999993
        ]
      },
      "properties": {
        "rowid": 771,
        "nama_cctv": "CTV015 DSHB PTZ SIMPANG SEI KAMBING",
        "polda_id": "02",
        "polres_id": "24",
        "status": "hidup",
        "ctdby": "070833ORGANIK",
        "ctddate": "2026-02-19T17:00:00.000Z",
        "ctdtime": "09:08:07",
        "rtsp_cctv": "rtsp://satansheir:letyur13@172.16.90.58:554/cam/realmonitor?channel=15&subtype=1",
        "ctdupd": "2026-02-19T17:00:00.000Z",
        "instansi": "DISHUB",
        "jenis_cctv": "Analytic",
        "nama_jalan_s": "HJRV+7F5, Medan City, North Sumatra, Indonesia",
        "channel_id": "1000007$1$0$014",
        "cctv_in": "N",
        "cctv_out": "N",
        "masuk_kab": "N",
        "keluar_kab": "N",
        "keterangan": "-",
        "fungsi_jalan_cctv_id": 1,
        "masuk_prov": "N",
        "keluar_prov": "N",
        "is_active": 1,
        "cctv_category_id": 5,
        "hls_cctv": null,
        "channel_id_event": null,
        "kecamatan": "MEDAN SUNGGAL",
        "kota": "MEDAN",
        "nama_objek_vital": "",
        "channel_id_enforcement": "",
        "cctv_id": "fb67301d-d99b-4c9b-8e16-75ebed82f257",
        "rtsp_cctv_dcc": null,
        "arah_cctv": null,
        "radius": null,
        "channel_code": null,
        "polda": "Polda Sumatera Utara",
        "polres": "POLRESTABES MEDAN",
        "fungsi_jalan": "ARTERI",
        "category": "DALAM KOTA",
        "in_out": null,
        "ket_in_out": null,
        "_region": "medan",
        "Satwil": "Polrestabes Medan"
      }
    },
    {
      "type": "Feature",
      "geometry": {
        "type": "Point",
        "coordinates": [
          98.667042,
          3.582841
        ]
      },
      "properties": {
        "rowid": 769,
        "nama_cctv": "CTV207 DHSB VID GLUGUR 3",
        "polda_id": "02",
        "polres_id": "24",
        "status": "hidup",
        "ctdby": "2027ORGANIK",
        "ctddate": "2025-12-20T17:00:00.000Z",
        "ctdtime": "12:00:00",
        "rtsp_cctv": "rtsp://satansheir:letyur13@172.16.90.58:554/cam/realmonitor?channel=207&subtype=1",
        "ctdupd": "2026-02-19T17:00:00.000Z",
        "instansi": "dishub",
        "jenis_cctv": "Analytic",
        "nama_jalan_s": "Yos Sudarso",
        "channel_id": "1000007$1$0$206",
        "cctv_in": "Y",
        "cctv_out": "N",
        "masuk_kab": "Y",
        "keluar_kab": "N",
        "keterangan": "checkpoint",
        "fungsi_jalan_cctv_id": 1,
        "masuk_prov": "N",
        "keluar_prov": "N",
        "is_active": 1,
        "cctv_category_id": 2,
        "hls_cctv": null,
        "channel_id_event": null,
        "kecamatan": "Medan Baru",
        "kota": null,
        "nama_objek_vital": null,
        "channel_id_enforcement": null,
        "cctv_id": "dbb711ec-59dd-4604-880b-e5da519b5040",
        "rtsp_cctv_dcc": "rtsp://172.16.59.239:9090/dss/monitor/param?cameraid=1000000$198&substream=2",
        "arah_cctv": "Utara",
        "radius": "30 Meter",
        "channel_code": null,
        "polda": "Polda Sumatera Utara",
        "polres": "POLRESTABES MEDAN",
        "fungsi_jalan": "ARTERI",
        "category": "BATAS KOTA",
        "in_out": "CCTV IN",
        "ket_in_out": "KOTA",
        "_region": "medan",
        "Satwil": "Polrestabes Medan"
      }
    },
    {
      "type": "Feature",
      "geometry": {
        "type": "Point",
        "coordinates": [
          98.672971,
          3.586947
        ]
      },
      "properties": {
        "rowid": 357,
        "nama_cctv": "CTV253 DSHB PTZ CCTV Lapangan Benteng 2",
        "polda_id": "02",
        "polres_id": "24",
        "status": "hidup",
        "ctdby": "2027ORGANIK",
        "ctddate": "2024-04-30T17:00:00.000Z",
        "ctdtime": "20:00:00",
        "rtsp_cctv": "rtsp://satansheir:letyur13@172.16.90.58:554/cam/realmonitor?channel=253&subtype=0",
        "ctdupd": null,
        "instansi": "dishub",
        "jenis_cctv": "Analytic Checkpoint",
        "nama_jalan_s": "Pengadilan",
        "channel_id": "1000007$1$0$252",
        "cctv_in": "N",
        "cctv_out": "N",
        "masuk_kab": "N",
        "keluar_kab": "N",
        "keterangan": "checkpoint",
        "fungsi_jalan_cctv_id": 7,
        "masuk_prov": "N",
        "keluar_prov": "N",
        "is_active": 1,
        "cctv_category_id": 5,
        "hls_cctv": null,
        "channel_id_event": null,
        "kecamatan": null,
        "kota": null,
        "nama_objek_vital": null,
        "channel_id_enforcement": null,
        "cctv_id": "c62d49e3-6e90-4273-b0a4-42f977498c7a",
        "rtsp_cctv_dcc": null,
        "arah_cctv": "Selatan",
        "radius": "50 Meter",
        "channel_code": null,
        "polda": "Polda Sumatera Utara",
        "polres": "POLRESTABES MEDAN",
        "fungsi_jalan": null,
        "category": "DALAM KOTA",
        "in_out": null,
        "ket_in_out": null,
        "_region": "medan",
        "Satwil": "Polrestabes Medan"
      }
    },
    {
      "type": "Feature",
      "geometry": {
        "type": "Point",
        "coordinates": [
          98.672708,
          3.581154
        ]
      },
      "properties": {
        "rowid": 356,
        "nama_cctv": "CTV254 DSHB PTZ JL DIPONEGORO  DEPAN MESJID AGUNG",
        "polda_id": "02",
        "polres_id": "24",
        "status": "hidup",
        "ctdby": "2027ORGANIK",
        "ctddate": "2024-04-30T17:00:00.000Z",
        "ctdtime": "20:00:00",
        "rtsp_cctv": "rtsp://satansheir:letyur13@172.16.90.58:554/cam/realmonitor?channel=254&subtype=0",
        "ctdupd": null,
        "instansi": "dishub",
        "jenis_cctv": "Analytic Checkpoint",
        "nama_jalan_s": "Diponegoro",
        "channel_id": "1000007$1$0$253",
        "cctv_in": "N",
        "cctv_out": "N",
        "masuk_kab": "N",
        "keluar_kab": "N",
        "keterangan": "checkpoint",
        "fungsi_jalan_cctv_id": 7,
        "masuk_prov": "N",
        "keluar_prov": "N",
        "is_active": 1,
        "cctv_category_id": 5,
        "hls_cctv": null,
        "channel_id_event": null,
        "kecamatan": "Medan Polonia",
        "kota": null,
        "nama_objek_vital": null,
        "channel_id_enforcement": null,
        "cctv_id": "0fa6385f-52df-4ce4-90a4-cfbcb774242f",
        "rtsp_cctv_dcc": null,
        "arah_cctv": "Selatan",
        "radius": "50 Meter",
        "channel_code": null,
        "polda": "Polda Sumatera Utara",
        "polres": "POLRESTABES MEDAN",
        "fungsi_jalan": null,
        "category": "DALAM KOTA",
        "in_out": null,
        "ket_in_out": null,
        "_region": "medan",
        "Satwil": "Polrestabes Medan"
      }
    },
    {
      "type": "Feature",
      "geometry": {
        "type": "Point",
        "coordinates": [
          98.711715,
          3.597753
        ]
      },
      "properties": {
        "rowid": 354,
        "nama_cctv": "CTV067 DSHB PTZ Mandala  Jl Letda Sudjono",
        "polda_id": "02",
        "polres_id": "24",
        "status": "hidup",
        "ctdby": "2027ORGANIK",
        "ctddate": "2024-10-07T17:00:00.000Z",
        "ctdtime": "09:00:00",
        "rtsp_cctv": "rtsp://satansheir:letyur13@172.16.90.58:554/cam/realmonitor?channel=67&subtype=0",
        "ctdupd": null,
        "instansi": "dishub",
        "jenis_cctv": "ANALYTIC",
        "nama_jalan_s": "Mandala Letda Sudjono",
        "channel_id": "1000007$1$0$66",
        "cctv_in": "N",
        "cctv_out": "N",
        "masuk_kab": "N",
        "keluar_kab": "N",
        "keterangan": "checkpoint",
        "fungsi_jalan_cctv_id": 1,
        "masuk_prov": "N",
        "keluar_prov": "N",
        "is_active": 1,
        "cctv_category_id": 5,
        "hls_cctv": null,
        "channel_id_event": null,
        "kecamatan": "Medan Tembung",
        "kota": null,
        "nama_objek_vital": null,
        "channel_id_enforcement": null,
        "cctv_id": "79f7775b-820e-48d1-bcee-4ad7ef7f46a3",
        "rtsp_cctv_dcc": null,
        "arah_cctv": "Utara",
        "radius": "50 Meter",
        "channel_code": null,
        "polda": "Polda Sumatera Utara",
        "polres": "POLRESTABES MEDAN",
        "fungsi_jalan": "ARTERI",
        "category": "DALAM KOTA",
        "in_out": null,
        "ket_in_out": null,
        "_region": "medan",
        "Satwil": "Polrestabes Medan"
      }
    },
    {
      "type": "Feature",
      "geometry": {
        "type": "Point",
        "coordinates": [
          98.67376,
          3.586857
        ]
      },
      "properties": {
        "rowid": 353,
        "nama_cctv": "CTV166 DSHB PTZ LAPANGAN BENTENG 1",
        "polda_id": "02",
        "polres_id": "24",
        "status": "hidup",
        "ctdby": "2027ORGANIK",
        "ctddate": "2024-04-30T17:00:00.000Z",
        "ctdtime": "20:00:00",
        "rtsp_cctv": "rtsp://satansheir:letyur13@172.16.90.58:554/cam/realmonitor?channel=166&subtype=0",
        "ctdupd": null,
        "instansi": "dishub",
        "jenis_cctv": "Analytic Checkpoint",
        "nama_jalan_s": "Pengadilan",
        "channel_id": "1000007$1$0$165",
        "cctv_in": "N",
        "cctv_out": "N",
        "masuk_kab": "N",
        "keluar_kab": "N",
        "keterangan": "checkpoint",
        "fungsi_jalan_cctv_id": 1,
        "masuk_prov": "N",
        "keluar_prov": "N",
        "is_active": 1,
        "cctv_category_id": 5,
        "hls_cctv": null,
        "channel_id_event": null,
        "kecamatan": "Medan Selayang",
        "kota": null,
        "nama_objek_vital": null,
        "channel_id_enforcement": null,
        "cctv_id": "d4f1e9f9-4121-4d4e-be5d-2b77e79f860f",
        "rtsp_cctv_dcc": null,
        "arah_cctv": "Barat",
        "radius": "-",
        "channel_code": null,
        "polda": "Polda Sumatera Utara",
        "polres": "POLRESTABES MEDAN",
        "fungsi_jalan": "ARTERI",
        "category": "DALAM KOTA",
        "in_out": null,
        "ket_in_out": null,
        "_region": "medan",
        "Satwil": "Polrestabes Medan"
      }
    },
    {
      "type": "Feature",
      "geometry": {
        "type": "Point",
        "coordinates": [
          98.687772,
          3.576033
        ]
      },
      "properties": {
        "rowid": 352,
        "nama_cctv": "CTV163 DSHB PTZ MASJID RAYA",
        "polda_id": "02",
        "polres_id": "24",
        "status": "hidup",
        "ctdby": "2027ORGANIK",
        "ctddate": "2024-04-30T17:00:00.000Z",
        "ctdtime": "20:00:00",
        "rtsp_cctv": "rtsp://satansheir:letyur13@172.16.90.58:554/cam/realmonitor?channel=163&subtype=0",
        "ctdupd": "2026-02-19T17:00:00.000Z",
        "instansi": "dishub",
        "jenis_cctv": "Analytic Checkpoint",
        "nama_jalan_s": "Masjid Raya Amaliun",
        "channel_id": "1000007$1$0$162",
        "cctv_in": "N",
        "cctv_out": "N",
        "masuk_kab": "N",
        "keluar_kab": "N",
        "keterangan": "checkpoint",
        "fungsi_jalan_cctv_id": 7,
        "masuk_prov": "N",
        "keluar_prov": "N",
        "is_active": 1,
        "cctv_category_id": 5,
        "hls_cctv": null,
        "channel_id_event": null,
        "kecamatan": "Medan Selayang",
        "kota": null,
        "nama_objek_vital": null,
        "channel_id_enforcement": null,
        "cctv_id": "7b15529f-d5c7-4841-b9b8-7970097bae88",
        "rtsp_cctv_dcc": null,
        "arah_cctv": "Timur",
        "radius": "41 Meter",
        "channel_code": null,
        "polda": "Polda Sumatera Utara",
        "polres": "POLRESTABES MEDAN",
        "fungsi_jalan": null,
        "category": "DALAM KOTA",
        "in_out": null,
        "ket_in_out": null,
        "_region": "medan",
        "Satwil": "Polrestabes Medan"
      }
    },
    {
      "type": "Feature",
      "geometry": {
        "type": "Point",
        "coordinates": [
          98.703281,
          3.572143
        ]
      },
      "properties": {
        "rowid": 351,
        "nama_cctv": "CTV148 DSHB PTZ AR.HAKIM HALAT",
        "polda_id": "02",
        "polres_id": "24",
        "status": "hidup",
        "ctdby": "2027ORGANIK",
        "ctddate": "2024-04-30T17:00:00.000Z",
        "ctdtime": "20:00:00",
        "rtsp_cctv": "rtsp://satansheir:letyur13@172.16.90.58:554/cam/realmonitor?channel=048&subtype=0",
        "ctdupd": null,
        "instansi": "dishub",
        "jenis_cctv": "Analytic Checkpoint",
        "nama_jalan_s": "AR Hakim Halat",
        "channel_id": "1000007$1$0$147",
        "cctv_in": "N",
        "cctv_out": "N",
        "masuk_kab": "N",
        "keluar_kab": "N",
        "keterangan": "checkpoint",
        "fungsi_jalan_cctv_id": 1,
        "masuk_prov": "N",
        "keluar_prov": "N",
        "is_active": 1,
        "cctv_category_id": 5,
        "hls_cctv": null,
        "channel_id_event": null,
        "kecamatan": "Medan Area",
        "kota": null,
        "nama_objek_vital": null,
        "channel_id_enforcement": null,
        "cctv_id": "45ff6335-0e1c-42a2-829f-7b5af24a5746",
        "rtsp_cctv_dcc": null,
        "arah_cctv": "Utara",
        "radius": "50 Meter",
        "channel_code": null,
        "polda": "Polda Sumatera Utara",
        "polres": "POLRESTABES MEDAN",
        "fungsi_jalan": "ARTERI",
        "category": "DALAM KOTA",
        "in_out": null,
        "ket_in_out": null,
        "_region": "medan",
        "Satwil": "Polrestabes Medan"
      }
    },
    {
      "type": "Feature",
      "geometry": {
        "type": "Point",
        "coordinates": [
          98.691456,
          3.598525
        ]
      },
      "properties": {
        "rowid": 350,
        "nama_cctv": "CTV147 DSHB PTZ HM.YAMIN PRINTIS",
        "polda_id": "02",
        "polres_id": "24",
        "status": "hidup",
        "ctdby": "2027ORGANIK",
        "ctddate": "2024-04-30T17:00:00.000Z",
        "ctdtime": "20:00:00",
        "rtsp_cctv": "rtsp://satansheir:letyur13@172.16.90.58:554/cam/realmonitor?channel=147&subtype=0",
        "ctdupd": "2026-02-19T17:00:00.000Z",
        "instansi": "dishub",
        "jenis_cctv": "Analytic Checkpoint",
        "nama_jalan_s": "HM Yamin Perintis",
        "channel_id": "1000007$1$0$146",
        "cctv_in": "N",
        "cctv_out": "N",
        "masuk_kab": "N",
        "keluar_kab": "N",
        "keterangan": "checkpoint",
        "fungsi_jalan_cctv_id": 1,
        "masuk_prov": "N",
        "keluar_prov": "N",
        "is_active": 1,
        "cctv_category_id": 5,
        "hls_cctv": null,
        "channel_id_event": "1000012$1$0$43",
        "kecamatan": "Medan Area",
        "kota": null,
        "nama_objek_vital": null,
        "channel_id_enforcement": null,
        "cctv_id": "38668eb9-3953-41be-b3b2-95a1b2c79d67",
        "rtsp_cctv_dcc": null,
        "arah_cctv": "Timur",
        "radius": "80 Meter",
        "channel_code": null,
        "polda": "Polda Sumatera Utara",
        "polres": "POLRESTABES MEDAN",
        "fungsi_jalan": "ARTERI",
        "category": "DALAM KOTA",
        "in_out": null,
        "ket_in_out": null,
        "_region": "medan",
        "Satwil": "Polrestabes Medan"
      }
    },
    {
      "type": "Feature",
      "geometry": {
        "type": "Point",
        "coordinates": [
          98.68155,
          3.598146
        ]
      },
      "properties": {
        "rowid": 349,
        "nama_cctv": "CTV146 DSHB PTZ Grand Angkasa",
        "polda_id": "02",
        "polres_id": "24",
        "status": "hidup",
        "ctdby": "2027ORGANIK",
        "ctddate": "2024-04-30T17:00:00.000Z",
        "ctdtime": "20:00:00",
        "rtsp_cctv": "rtsp://satansheir:letyur13@172.16.90.58:554/cam/realmonitor?channel=146&subtype=0",
        "ctdupd": "2026-02-19T17:00:00.000Z",
        "instansi": "dishub",
        "jenis_cctv": "Analytic Checkpoint",
        "nama_jalan_s": "Perintis Kemerdekaan",
        "channel_id": "1000007$1$0$145",
        "cctv_in": "N",
        "cctv_out": "N",
        "masuk_kab": "N",
        "keluar_kab": "N",
        "keterangan": "checkpoint",
        "fungsi_jalan_cctv_id": 7,
        "masuk_prov": "N",
        "keluar_prov": "N",
        "is_active": 1,
        "cctv_category_id": 5,
        "hls_cctv": null,
        "channel_id_event": null,
        "kecamatan": "Medan Area",
        "kota": null,
        "nama_objek_vital": null,
        "channel_id_enforcement": null,
        "cctv_id": "be6a1b91-1b1e-42cb-b3a5-c32f674b9f09",
        "rtsp_cctv_dcc": null,
        "arah_cctv": "Selatan",
        "radius": "50 Meter",
        "channel_code": null,
        "polda": "Polda Sumatera Utara",
        "polres": "POLRESTABES MEDAN",
        "fungsi_jalan": null,
        "category": "DALAM KOTA",
        "in_out": null,
        "ket_in_out": null,
        "_region": "medan",
        "Satwil": "Polrestabes Medan"
      }
    },
    {
      "type": "Feature",
      "geometry": {
        "type": "Point",
        "coordinates": [
          98.686313,
          3.585601
        ]
      },
      "properties": {
        "rowid": 348,
        "nama_cctv": "CTV080 DSHB PTZ SutomoMerbabu",
        "polda_id": "02",
        "polres_id": "24",
        "status": "hidup",
        "ctdby": "2027ORGANIK",
        "ctddate": "2024-04-30T17:00:00.000Z",
        "ctdtime": "20:00:00",
        "rtsp_cctv": "rtsp://satansheir:letyur13@172.16.90.58:554/cam/realmonitor?channel=80&subtype=0",
        "ctdupd": null,
        "instansi": "dishub",
        "jenis_cctv": "Analytic Checkpoint",
        "nama_jalan_s": "Tirtonadi",
        "channel_id": "1000007$1$0$79",
        "cctv_in": "N",
        "cctv_out": "N",
        "masuk_kab": "N",
        "keluar_kab": "N",
        "keterangan": "checkpoint",
        "fungsi_jalan_cctv_id": 1,
        "masuk_prov": "N",
        "keluar_prov": "N",
        "is_active": 1,
        "cctv_category_id": 5,
        "hls_cctv": null,
        "channel_id_event": "1000014$1$0$26",
        "kecamatan": "Medan Kota",
        "kota": null,
        "nama_objek_vital": null,
        "channel_id_enforcement": null,
        "cctv_id": "860a89cc-bd63-4c91-b384-a587e0baed99",
        "rtsp_cctv_dcc": null,
        "arah_cctv": "Selatan",
        "radius": "66 Meter",
        "channel_code": null,
        "polda": "Polda Sumatera Utara",
        "polres": "POLRESTABES MEDAN",
        "fungsi_jalan": "ARTERI",
        "category": "DALAM KOTA",
        "in_out": null,
        "ket_in_out": null,
        "_region": "medan",
        "Satwil": "Polrestabes Medan"
      }
    },
    {
      "type": "Feature",
      "geometry": {
        "type": "Point",
        "coordinates": [
          98.680684,
          3.584591
        ]
      },
      "properties": {
        "rowid": 347,
        "nama_cctv": "CTV054 DSHB PTZ Kesawan",
        "polda_id": "02",
        "polres_id": "24",
        "status": "hidup",
        "ctdby": "2027ORGANIK",
        "ctddate": "2024-04-30T17:00:00.000Z",
        "ctdtime": "20:00:00",
        "rtsp_cctv": "rtsp://satansheir:letyur13@172.16.90.58:554/cam/realmonitor?channel=54&subtype=0",
        "ctdupd": null,
        "instansi": "dishub",
        "jenis_cctv": "Analytic Checkpoint",
        "nama_jalan_s": "Mayestic",
        "channel_id": "1000007$1$0$53",
        "cctv_in": "N",
        "cctv_out": "N",
        "masuk_kab": "N",
        "keluar_kab": "N",
        "keterangan": "checkpoint",
        "fungsi_jalan_cctv_id": 7,
        "masuk_prov": "N",
        "keluar_prov": "N",
        "is_active": 1,
        "cctv_category_id": 5,
        "hls_cctv": null,
        "channel_id_event": null,
        "kecamatan": "Medan Maimun",
        "kota": null,
        "nama_objek_vital": null,
        "channel_id_enforcement": null,
        "cctv_id": "426c1ea2-4630-43fc-b5a2-9cdd4a8b45c2",
        "rtsp_cctv_dcc": null,
        "arah_cctv": "Selatan",
        "radius": "116 Meter",
        "channel_code": null,
        "polda": "Polda Sumatera Utara",
        "polres": "POLRESTABES MEDAN",
        "fungsi_jalan": null,
        "category": "DALAM KOTA",
        "in_out": null,
        "ket_in_out": null,
        "_region": "medan",
        "Satwil": "Polrestabes Medan"
      }
    },
    {
      "type": "Feature",
      "geometry": {
        "type": "Point",
        "coordinates": [
          98.685812,
          3.572222
        ]
      },
      "properties": {
        "rowid": 346,
        "nama_cctv": "CTV052 DSHB PTZ Istana Plaza",
        "polda_id": "02",
        "polres_id": "24",
        "status": "hidup",
        "ctdby": "2027ORGANIK",
        "ctddate": "2024-04-30T17:00:00.000Z",
        "ctdtime": "20:00:00",
        "rtsp_cctv": "rtsp://satansheir:letyur13@172.16.90.58:554/cam/realmonitor?channel=52&subtype=0",
        "ctdupd": null,
        "instansi": "dishub",
        "jenis_cctv": "Analytic Checkpoint",
        "nama_jalan_s": "Mayestic",
        "channel_id": "1000007$1$0$51",
        "cctv_in": "N",
        "cctv_out": "N",
        "masuk_kab": "N",
        "keluar_kab": "N",
        "keterangan": "checkpoint",
        "fungsi_jalan_cctv_id": 1,
        "masuk_prov": "N",
        "keluar_prov": "N",
        "is_active": 1,
        "cctv_category_id": 5,
        "hls_cctv": null,
        "channel_id_event": null,
        "kecamatan": "Medan Maimun",
        "kota": null,
        "nama_objek_vital": null,
        "channel_id_enforcement": null,
        "cctv_id": "d9bcc334-f76c-40e1-9408-626e273844bc",
        "rtsp_cctv_dcc": null,
        "arah_cctv": "Selatan",
        "radius": "73 Meter",
        "channel_code": null,
        "polda": "Polda Sumatera Utara",
        "polres": "POLRESTABES MEDAN",
        "fungsi_jalan": "ARTERI",
        "category": "DALAM KOTA",
        "in_out": null,
        "ket_in_out": null,
        "_region": "medan",
        "Satwil": "Polrestabes Medan"
      }
    },
    {
      "type": "Feature",
      "geometry": {
        "type": "Point",
        "coordinates": [
          98.67313,
          3.589655
        ]
      },
      "properties": {
        "rowid": 345,
        "nama_cctv": "CTV042 DSHB PTZ Wisma benteng",
        "polda_id": "02",
        "polres_id": "24",
        "status": "hidup",
        "ctdby": "2027ORGANIK",
        "ctddate": "2024-04-30T17:00:00.000Z",
        "ctdtime": "20:00:00",
        "rtsp_cctv": "rtsp://satansheir:letyur13@172.16.90.58:554/cam/realmonitor?channel=42&subtype=0",
        "ctdupd": null,
        "instansi": "dishub",
        "jenis_cctv": "Analytic Checkpoint",
        "nama_jalan_s": "Pengadilan - Kapt. Maulana Lubis",
        "channel_id": "1000007$1$0$41",
        "cctv_in": "N",
        "cctv_out": "N",
        "masuk_kab": "N",
        "keluar_kab": "N",
        "keterangan": "checkpoint",
        "fungsi_jalan_cctv_id": 1,
        "masuk_prov": "N",
        "keluar_prov": "N",
        "is_active": 1,
        "cctv_category_id": 5,
        "hls_cctv": null,
        "channel_id_event": null,
        "kecamatan": "Petisah Tengah",
        "kota": null,
        "nama_objek_vital": null,
        "channel_id_enforcement": null,
        "cctv_id": "36595ce3-a1ee-4772-96e4-d8734e977da0",
        "rtsp_cctv_dcc": null,
        "arah_cctv": "Selatan",
        "radius": "60 Meter",
        "channel_code": null,
        "polda": "Polda Sumatera Utara",
        "polres": "POLRESTABES MEDAN",
        "fungsi_jalan": "ARTERI",
        "category": "DALAM KOTA",
        "in_out": null,
        "ket_in_out": null,
        "_region": "medan",
        "Satwil": "Polrestabes Medan"
      }
    },
    {
      "type": "Feature",
      "geometry": {
        "type": "Point",
        "coordinates": [
          98.700928,
          3.539214
        ]
      },
      "properties": {
        "rowid": 344,
        "nama_cctv": "CTV095 DSHB PTZ SISINGAMARAJA AH NASUTION ( PMH)",
        "polda_id": "02",
        "polres_id": "24",
        "status": "hidup",
        "ctdby": "2027ORGANIK",
        "ctddate": "2024-03-09T17:00:00.000Z",
        "ctdtime": "20:00:00",
        "rtsp_cctv": "rtsp://satansheir:letyur13@172.16.90.58:554/cam/realmonitor?channel=95&subtype=0",
        "ctdupd": null,
        "instansi": "dishub",
        "jenis_cctv": "Analytic Checkpoint",
        "nama_jalan_s": "Jl. Sm Raja Pelangi",
        "channel_id": "1000007$1$0$94",
        "cctv_in": "N",
        "cctv_out": "N",
        "masuk_kab": "N",
        "keluar_kab": "N",
        "keterangan": "checkpoint",
        "fungsi_jalan_cctv_id": 7,
        "masuk_prov": "N",
        "keluar_prov": "N",
        "is_active": 1,
        "cctv_category_id": 5,
        "hls_cctv": null,
        "channel_id_event": null,
        "kecamatan": "Medan Amplas",
        "kota": null,
        "nama_objek_vital": null,
        "channel_id_enforcement": null,
        "cctv_id": "d97e3be0-7217-46d5-a9fe-d1df5b69c5d4",
        "rtsp_cctv_dcc": null,
        "arah_cctv": "Timur",
        "radius": "80 Meter",
        "channel_code": null,
        "polda": "Polda Sumatera Utara",
        "polres": "POLRESTABES MEDAN",
        "fungsi_jalan": null,
        "category": "DALAM KOTA",
        "in_out": null,
        "ket_in_out": null,
        "_region": "medan",
        "Satwil": "Polrestabes Medan"
      }
    },
    {
      "type": "Feature",
      "geometry": {
        "type": "Point",
        "coordinates": [
          98.676698,
          3.593029
        ]
      },
      "properties": {
        "rowid": 341,
        "nama_cctv": "CTV256 DSHB PTZ PUTRI HIJAU",
        "polda_id": "02",
        "polres_id": "24",
        "status": "hidup",
        "ctdby": "2027ORGANIK",
        "ctddate": "2023-11-26T17:00:00.000Z",
        "ctdtime": "20:00:00",
        "rtsp_cctv": "rtsp://satansheir:letyur13@172.16.90.58:554/cam/realmonitor?channel=256&subtype=0",
        "ctdupd": null,
        "instansi": "dishub",
        "jenis_cctv": "Analytic Checkpoint",
        "nama_jalan_s": "Putri Hijau",
        "channel_id": "1000007$1$0$255",
        "cctv_in": "N",
        "cctv_out": "N",
        "masuk_kab": "N",
        "keluar_kab": "N",
        "keterangan": "checkpoint",
        "fungsi_jalan_cctv_id": 7,
        "masuk_prov": "N",
        "keluar_prov": "N",
        "is_active": 1,
        "cctv_category_id": 5,
        "hls_cctv": null,
        "channel_id_event": null,
        "kecamatan": null,
        "kota": null,
        "nama_objek_vital": null,
        "channel_id_enforcement": null,
        "cctv_id": "0cffe106-99ac-4db0-b65f-492b3027ed91",
        "rtsp_cctv_dcc": null,
        "arah_cctv": "Selatan",
        "radius": "73 Meter",
        "channel_code": null,
        "polda": "Polda Sumatera Utara",
        "polres": "POLRESTABES MEDAN",
        "fungsi_jalan": null,
        "category": "DALAM KOTA",
        "in_out": null,
        "ket_in_out": null,
        "_region": "medan",
        "Satwil": "Polrestabes Medan"
      }
    },
    {
      "type": "Feature",
      "geometry": {
        "type": "Point",
        "coordinates": [
          98.673971,
          3.588606
        ]
      },
      "properties": {
        "rowid": 340,
        "nama_cctv": "CTV255 DSHB PTZ JLN IMAM BONJOL",
        "polda_id": "02",
        "polres_id": "24",
        "status": "hidup",
        "ctdby": "2027ORGANIK",
        "ctddate": "2023-11-26T17:00:00.000Z",
        "ctdtime": "20:00:00",
        "rtsp_cctv": "rtsp://satansheir:letyur13@172.16.90.58:554/cam/realmonitor?channel=255&subtype=0",
        "ctdupd": null,
        "instansi": "dishub",
        "jenis_cctv": "Analytic Checkpoint",
        "nama_jalan_s": "Imam Bonjol",
        "channel_id": "1000007$1$0$254",
        "cctv_in": "N",
        "cctv_out": "N",
        "masuk_kab": "N",
        "keluar_kab": "N",
        "keterangan": "checkpoint",
        "fungsi_jalan_cctv_id": 7,
        "masuk_prov": "N",
        "keluar_prov": "N",
        "is_active": 1,
        "cctv_category_id": 5,
        "hls_cctv": null,
        "channel_id_event": null,
        "kecamatan": null,
        "kota": null,
        "nama_objek_vital": null,
        "channel_id_enforcement": null,
        "cctv_id": "bb45a99a-bab6-4920-995d-b015cec204f4",
        "rtsp_cctv_dcc": null,
        "arah_cctv": "Selatan",
        "radius": "172 Meter",
        "channel_code": null,
        "polda": "Polda Sumatera Utara",
        "polres": "POLRESTABES MEDAN",
        "fungsi_jalan": null,
        "category": "DALAM KOTA",
        "in_out": null,
        "ket_in_out": null,
        "_region": "medan",
        "Satwil": "Polrestabes Medan"
      }
    },
    {
      "type": "Feature",
      "geometry": {
        "type": "Point",
        "coordinates": [
          98.691143,
          3.568509
        ]
      },
      "properties": {
        "rowid": 339,
        "nama_cctv": "CTV250 DSHB CTVVID SM.RAJA HM JONI II1",
        "polda_id": "02",
        "polres_id": "24",
        "status": "hidup",
        "ctdby": "2027ORGANIK",
        "ctddate": "2023-10-26T17:00:00.000Z",
        "ctdtime": "20:00:00",
        "rtsp_cctv": "rtsp://satansheir:letyur13@172.16.90.58:554/cam/realmonitor?channel=250&subtype=1",
        "ctdupd": "2026-02-19T17:00:00.000Z",
        "instansi": "dishub",
        "jenis_cctv": "ANALYTIC",
        "nama_jalan_s": "Sm Raja HM Joni",
        "channel_id": "1000007$1$0$249",
        "cctv_in": "N",
        "cctv_out": "N",
        "masuk_kab": "N",
        "keluar_kab": "N",
        "keterangan": "checkpoint",
        "fungsi_jalan_cctv_id": 1,
        "masuk_prov": "N",
        "keluar_prov": "N",
        "is_active": 1,
        "cctv_category_id": 5,
        "hls_cctv": null,
        "channel_id_event": "1000012$1$0$64",
        "kecamatan": "Medan Kota",
        "kota": "MEDAN",
        "nama_objek_vital": null,
        "channel_id_enforcement": null,
        "cctv_id": "e40e72fc-69c3-410a-a63c-eae5be7dbb27",
        "rtsp_cctv_dcc": null,
        "arah_cctv": "Selatan",
        "radius": "-",
        "channel_code": null,
        "polda": "Polda Sumatera Utara",
        "polres": "POLRESTABES MEDAN",
        "fungsi_jalan": "ARTERI",
        "category": "DALAM KOTA",
        "in_out": null,
        "ket_in_out": null,
        "_region": "medan",
        "Satwil": "Polrestabes Medan"
      }
    },
    {
      "type": "Feature",
      "geometry": {
        "type": "Point",
        "coordinates": [
          98.661756,
          3.572793
        ]
      },
      "properties": {
        "rowid": 338,
        "nama_cctv": "CTV248 DSHB CTVVID MANGONSIDI PATIMURA I1",
        "polda_id": "02",
        "polres_id": "24",
        "status": "hidup",
        "ctdby": "2027ORGANIK",
        "ctddate": "2023-10-26T17:00:00.000Z",
        "ctdtime": "20:00:00",
        "rtsp_cctv": "rtsp://satansheir:letyur13@172.16.90.58:554/cam/realmonitor?channel=248&subtype=1",
        "ctdupd": null,
        "instansi": "dishub",
        "jenis_cctv": "ANALYTIC",
        "nama_jalan_s": "Mogonsidi Patimura",
        "channel_id": "1000007$1$0$247",
        "cctv_in": "N",
        "cctv_out": "N",
        "masuk_kab": "N",
        "keluar_kab": "N",
        "keterangan": "checkpoint",
        "fungsi_jalan_cctv_id": 1,
        "masuk_prov": "N",
        "keluar_prov": "N",
        "is_active": 1,
        "cctv_category_id": 5,
        "hls_cctv": null,
        "channel_id_event": "1000014$1$0$3",
        "kecamatan": "Medan Baru",
        "kota": null,
        "nama_objek_vital": null,
        "channel_id_enforcement": null,
        "cctv_id": "461a64ec-6e9f-4aec-86de-40c3b204b5ff",
        "rtsp_cctv_dcc": null,
        "arah_cctv": "Selatan",
        "radius": "-",
        "channel_code": null,
        "polda": "Polda Sumatera Utara",
        "polres": "POLRESTABES MEDAN",
        "fungsi_jalan": "ARTERI",
        "category": "DALAM KOTA",
        "in_out": null,
        "ket_in_out": null,
        "_region": "medan",
        "Satwil": "Polrestabes Medan"
      }
    },
    {
      "type": "Feature",
      "geometry": {
        "type": "Point",
        "coordinates": [
          98.692978,
          3.562935
        ]
      },
      "properties": {
        "rowid": 337,
        "nama_cctv": "CTV246 DSHB VID CTVVID SM RAJA PELANGI I1",
        "polda_id": "02",
        "polres_id": "24",
        "status": "hidup",
        "ctdby": "2027ORGANIK",
        "ctddate": "2023-10-26T17:00:00.000Z",
        "ctdtime": "20:00:00",
        "rtsp_cctv": "rtsp://satansheir:letyur13@172.16.90.58:554/cam/realmonitor?channel=246&subtype=1",
        "ctdupd": null,
        "instansi": "dishub",
        "jenis_cctv": "ANALYTIC",
        "nama_jalan_s": "Sm Raja Pelangi",
        "channel_id": "1000007$1$0$245",
        "cctv_in": "N",
        "cctv_out": "N",
        "masuk_kab": "N",
        "keluar_kab": "N",
        "keterangan": "checkpoint",
        "fungsi_jalan_cctv_id": 1,
        "masuk_prov": "N",
        "keluar_prov": "N",
        "is_active": 1,
        "cctv_category_id": 5,
        "hls_cctv": null,
        "channel_id_event": "1000014$1$0$0",
        "kecamatan": "Medan Kota",
        "kota": null,
        "nama_objek_vital": null,
        "channel_id_enforcement": null,
        "cctv_id": "a3f07bb6-6749-471b-845d-bf4fe3ab4921",
        "rtsp_cctv_dcc": null,
        "arah_cctv": "Utara",
        "radius": "15 Meter",
        "channel_code": null,
        "polda": "Polda Sumatera Utara",
        "polres": "POLRESTABES MEDAN",
        "fungsi_jalan": "ARTERI",
        "category": "DALAM KOTA",
        "in_out": null,
        "ket_in_out": null,
        "_region": "medan",
        "Satwil": "Polrestabes Medan"
      }
    },
    {
      "type": "Feature",
      "geometry": {
        "type": "Point",
        "coordinates": [
          98.678025,
          3.572162
        ]
      },
      "properties": {
        "rowid": 336,
        "nama_cctv": "CTV245 DSHB VID CTVVID POLONIA II1",
        "polda_id": "02",
        "polres_id": "24",
        "status": "hidup",
        "ctdby": "2027ORGANIK",
        "ctddate": "2023-10-26T17:00:00.000Z",
        "ctdtime": "20:00:00",
        "rtsp_cctv": "rtsp://satansheir:letyur13@172.16.90.58:554/cam/realmonitor?channel=245&subtype=1",
        "ctdupd": null,
        "instansi": "dishub",
        "jenis_cctv": "ANALYTIC",
        "nama_jalan_s": "Polonia",
        "channel_id": "1000007$1$0$244",
        "cctv_in": "N",
        "cctv_out": "N",
        "masuk_kab": "N",
        "keluar_kab": "N",
        "keterangan": "checkpoint",
        "fungsi_jalan_cctv_id": 1,
        "masuk_prov": "N",
        "keluar_prov": "N",
        "is_active": 1,
        "cctv_category_id": 5,
        "hls_cctv": null,
        "channel_id_event": "1000014$1$0$1",
        "kecamatan": "Medan Maimun",
        "kota": null,
        "nama_objek_vital": null,
        "channel_id_enforcement": null,
        "cctv_id": "ce5e2647-2a86-4e92-8b44-5a306a8501d8",
        "rtsp_cctv_dcc": null,
        "arah_cctv": "Timur",
        "radius": "5 Meter",
        "channel_code": null,
        "polda": "Polda Sumatera Utara",
        "polres": "POLRESTABES MEDAN",
        "fungsi_jalan": "ARTERI",
        "category": "DALAM KOTA",
        "in_out": null,
        "ket_in_out": null,
        "_region": "medan",
        "Satwil": "Polrestabes Medan"
      }
    },
    {
      "type": "Feature",
      "geometry": {
        "type": "Point",
        "coordinates": [
          98.671761,
          3.595879
        ]
      },
      "properties": {
        "rowid": 335,
        "nama_cctv": "CTV243 DSHB PTZ Air Mancur & Immanuel",
        "polda_id": "02",
        "polres_id": "24",
        "status": "hidup",
        "ctdby": "2027ORGANIK",
        "ctddate": "2023-10-26T17:00:00.000Z",
        "ctdtime": "20:00:00",
        "rtsp_cctv": "rtsp://satansheir:letyur13@172.16.90.58:554/cam/realmonitor?channel=243&subtype=0",
        "ctdupd": null,
        "instansi": "dishub",
        "jenis_cctv": "Analytic Checkpoint",
        "nama_jalan_s": "Jendral Sudirman",
        "channel_id": "1000007$1$0$242",
        "cctv_in": "N",
        "cctv_out": "N",
        "masuk_kab": "N",
        "keluar_kab": "N",
        "keterangan": "checkpoint",
        "fungsi_jalan_cctv_id": 7,
        "masuk_prov": "N",
        "keluar_prov": "N",
        "is_active": 1,
        "cctv_category_id": 5,
        "hls_cctv": null,
        "channel_id_event": null,
        "kecamatan": "Medan Polonia",
        "kota": null,
        "nama_objek_vital": null,
        "channel_id_enforcement": null,
        "cctv_id": "2fe26490-6fd2-4c4e-b57a-ab6204fe2d58",
        "rtsp_cctv_dcc": null,
        "arah_cctv": "Timur",
        "radius": "60 Meter",
        "channel_code": null,
        "polda": "Polda Sumatera Utara",
        "polres": "POLRESTABES MEDAN",
        "fungsi_jalan": null,
        "category": "DALAM KOTA",
        "in_out": null,
        "ket_in_out": null,
        "_region": "medan",
        "Satwil": "Polrestabes Medan"
      }
    },
    {
      "type": "Feature",
      "geometry": {
        "type": "Point",
        "coordinates": [
          98.685607,
          3.587108
        ]
      },
      "properties": {
        "rowid": 334,
        "nama_cctv": "CTV240 DSHB PTZ CTVMedan Mall",
        "polda_id": "02",
        "polres_id": "24",
        "status": "hidup",
        "ctdby": "2027ORGANIK",
        "ctddate": "2023-10-26T17:00:00.000Z",
        "ctdtime": "20:00:00",
        "rtsp_cctv": "rtsp://satansheir:letyur13@172.16.90.58:554/cam/realmonitor?channel=240&subtype=1",
        "ctdupd": null,
        "instansi": "dishub",
        "jenis_cctv": "ANALYTIC",
        "nama_jalan_s": "Medan Mall",
        "channel_id": "1000007$1$0$239",
        "cctv_in": "N",
        "cctv_out": "N",
        "masuk_kab": "N",
        "keluar_kab": "N",
        "keterangan": "checkpoint",
        "fungsi_jalan_cctv_id": 1,
        "masuk_prov": "N",
        "keluar_prov": "N",
        "is_active": 1,
        "cctv_category_id": 5,
        "hls_cctv": null,
        "channel_id_event": null,
        "kecamatan": "Medan Kota",
        "kota": null,
        "nama_objek_vital": null,
        "channel_id_enforcement": null,
        "cctv_id": "48a3f935-db17-4ff5-ba8f-5fdd8984b9d0",
        "rtsp_cctv_dcc": null,
        "arah_cctv": "Timur",
        "radius": "78 Meter",
        "channel_code": null,
        "polda": "Polda Sumatera Utara",
        "polres": "POLRESTABES MEDAN",
        "fungsi_jalan": "ARTERI",
        "category": "DALAM KOTA",
        "in_out": null,
        "ket_in_out": null,
        "_region": "medan",
        "Satwil": "Polrestabes Medan"
      }
    },
    {
      "type": "Feature",
      "geometry": {
        "type": "Point",
        "coordinates": [
          98.66111,
          3.584548
        ]
      },
      "properties": {
        "rowid": 333,
        "nama_cctv": "CTV238 DSHB PTZ CTVISKANDAR MUDA  Gajah Mada",
        "polda_id": "02",
        "polres_id": "24",
        "status": "hidup",
        "ctdby": "2027ORGANIK",
        "ctddate": "2023-10-26T17:00:00.000Z",
        "ctdtime": "20:00:00",
        "rtsp_cctv": "rtsp://satansheir:letyur13@172.16.90.58:554/cam/realmonitor?channel=238&subtype=1",
        "ctdupd": null,
        "instansi": "dishub",
        "jenis_cctv": "ANALYTIC",
        "nama_jalan_s": "Iskandar Muda Gajah Muda",
        "channel_id": "1000007$1$0$237",
        "cctv_in": "N",
        "cctv_out": "N",
        "masuk_kab": "N",
        "keluar_kab": "N",
        "keterangan": "checkpoint",
        "fungsi_jalan_cctv_id": 1,
        "masuk_prov": "N",
        "keluar_prov": "N",
        "is_active": 1,
        "cctv_category_id": 5,
        "hls_cctv": null,
        "channel_id_event": null,
        "kecamatan": "Medan Baru",
        "kota": null,
        "nama_objek_vital": null,
        "channel_id_enforcement": null,
        "cctv_id": "8caf1846-7b2e-4a37-a981-05841c18c666",
        "rtsp_cctv_dcc": null,
        "arah_cctv": "Timur",
        "radius": "50 Meter",
        "channel_code": null,
        "polda": "Polda Sumatera Utara",
        "polres": "POLRESTABES MEDAN",
        "fungsi_jalan": "ARTERI",
        "category": "DALAM KOTA",
        "in_out": null,
        "ket_in_out": null,
        "_region": "medan",
        "Satwil": "Polrestabes Medan"
      }
    },
    {
      "type": "Feature",
      "geometry": {
        "type": "Point",
        "coordinates": [
          98.688695,
          3.580221
        ]
      },
      "properties": {
        "rowid": 332,
        "nama_cctv": "CTV236 DSHB PTZ CTVSutomoSutrisno",
        "polda_id": "02",
        "polres_id": "24",
        "status": "hidup",
        "ctdby": "2027ORGANIK",
        "ctddate": "2023-10-26T17:00:00.000Z",
        "ctdtime": "20:00:00",
        "rtsp_cctv": "rtsp://satansheir:letyur13@172.16.90.58:554/cam/realmonitor?channel=236&subtype=1",
        "ctdupd": null,
        "instansi": "dishub",
        "jenis_cctv": "ANALYTIC",
        "nama_jalan_s": "Sutomo Sutrisno",
        "channel_id": "1000007$1$0$235",
        "cctv_in": "N",
        "cctv_out": "N",
        "masuk_kab": "N",
        "keluar_kab": "N",
        "keterangan": "checkpoint",
        "fungsi_jalan_cctv_id": 1,
        "masuk_prov": "N",
        "keluar_prov": "N",
        "is_active": 1,
        "cctv_category_id": 5,
        "hls_cctv": null,
        "channel_id_event": null,
        "kecamatan": "Medan Kota",
        "kota": null,
        "nama_objek_vital": null,
        "channel_id_enforcement": null,
        "cctv_id": "f7eadbcf-9721-4458-8095-31c97fdf6cc7",
        "rtsp_cctv_dcc": null,
        "arah_cctv": "Timur",
        "radius": "80 Meter",
        "channel_code": null,
        "polda": "Polda Sumatera Utara",
        "polres": "POLRESTABES MEDAN",
        "fungsi_jalan": "ARTERI",
        "category": "DALAM KOTA",
        "in_out": null,
        "ket_in_out": null,
        "_region": "medan",
        "Satwil": "Polrestabes Medan"
      }
    },
    {
      "type": "Feature",
      "geometry": {
        "type": "Point",
        "coordinates": [
          98.688562,
          3.553169
        ]
      },
      "properties": {
        "rowid": 331,
        "nama_cctv": "CTV235 DSHB PTZ CTVKatamsoSakti Lubis",
        "polda_id": "02",
        "polres_id": "24",
        "status": "hidup",
        "ctdby": "2027ORGANIK",
        "ctddate": "2023-10-26T17:00:00.000Z",
        "ctdtime": "20:00:00",
        "rtsp_cctv": "rtsp://satansheir:letyur13@172.16.90.58:554/cam/realmonitor?channel=235&subtype=1",
        "ctdupd": null,
        "instansi": "dishub",
        "jenis_cctv": "ANALYTIC",
        "nama_jalan_s": "Katamso Sakti Lubis",
        "channel_id": "1000007$1$0$234",
        "cctv_in": "N",
        "cctv_out": "N",
        "masuk_kab": "N",
        "keluar_kab": "N",
        "keterangan": "checkpoint",
        "fungsi_jalan_cctv_id": 1,
        "masuk_prov": "N",
        "keluar_prov": "N",
        "is_active": 1,
        "cctv_category_id": 5,
        "hls_cctv": null,
        "channel_id_event": null,
        "kecamatan": "Medan Maimun",
        "kota": null,
        "nama_objek_vital": null,
        "channel_id_enforcement": null,
        "cctv_id": "3a5065fd-18fc-4afb-804a-882454f15482",
        "rtsp_cctv_dcc": null,
        "arah_cctv": "Timur",
        "radius": "50 Meter",
        "channel_code": null,
        "polda": "Polda Sumatera Utara",
        "polres": "POLRESTABES MEDAN",
        "fungsi_jalan": "ARTERI",
        "category": "DALAM KOTA",
        "in_out": null,
        "ket_in_out": null,
        "_region": "medan",
        "Satwil": "Polrestabes Medan"
      }
    },
    {
      "type": "Feature",
      "geometry": {
        "type": "Point",
        "coordinates": [
          98.653215,
          3.567439
        ]
      },
      "properties": {
        "rowid": 330,
        "nama_cctv": "CTV230 DSHB PTZ CTVJl. Dr. Mansyur depan Pintu 4",
        "polda_id": "02",
        "polres_id": "24",
        "status": "mati",
        "ctdby": "2027ORGANIK",
        "ctddate": "2023-10-26T17:00:00.000Z",
        "ctdtime": "20:00:00",
        "rtsp_cctv": "rtsp://satansheir:letyur13@172.16.90.58:554/cam/realmonitor?channel=230&subtype=1",
        "ctdupd": null,
        "instansi": "dishub",
        "jenis_cctv": "ANALYTIC",
        "nama_jalan_s": "Dr Mansyur",
        "channel_id": "1000007$1$0$229",
        "cctv_in": "N",
        "cctv_out": "N",
        "masuk_kab": "N",
        "keluar_kab": "N",
        "keterangan": "checkpoint",
        "fungsi_jalan_cctv_id": 1,
        "masuk_prov": "N",
        "keluar_prov": "N",
        "is_active": 1,
        "cctv_category_id": 5,
        "hls_cctv": null,
        "channel_id_event": null,
        "kecamatan": "Medan Baru",
        "kota": null,
        "nama_objek_vital": null,
        "channel_id_enforcement": null,
        "cctv_id": "51fde0c9-3f44-4c38-ad5d-f207f0b25951",
        "rtsp_cctv_dcc": null,
        "arah_cctv": "Barat",
        "radius": "50 Meter",
        "channel_code": null,
        "polda": "Polda Sumatera Utara",
        "polres": "POLRESTABES MEDAN",
        "fungsi_jalan": "ARTERI",
        "category": "DALAM KOTA",
        "in_out": null,
        "ket_in_out": null,
        "_region": "medan",
        "Satwil": "Polrestabes Medan"
      }
    },
    {
      "type": "Feature",
      "geometry": {
        "type": "Point",
        "coordinates": [
          98.65757,
          3.567391
        ]
      },
      "properties": {
        "rowid": 329,
        "nama_cctv": "CTV229 DSHB PTZ CTVJl. Dr. Mansyur",
        "polda_id": "02",
        "polres_id": "24",
        "status": "hidup",
        "ctdby": "2027ORGANIK",
        "ctddate": "2023-10-26T17:00:00.000Z",
        "ctdtime": "20:00:00",
        "rtsp_cctv": "rtsp://satansheir:letyur13@172.16.90.58:554/cam/realmonitor?channel=229&subtype=1",
        "ctdupd": null,
        "instansi": "dishub",
        "jenis_cctv": "ANALYTIC",
        "nama_jalan_s": "Dr Mansyur",
        "channel_id": "1000007$1$0$228",
        "cctv_in": "N",
        "cctv_out": "N",
        "masuk_kab": "N",
        "keluar_kab": "N",
        "keterangan": "checkpoint",
        "fungsi_jalan_cctv_id": 1,
        "masuk_prov": "N",
        "keluar_prov": "N",
        "is_active": 1,
        "cctv_category_id": 5,
        "hls_cctv": null,
        "channel_id_event": null,
        "kecamatan": "Medan Baru",
        "kota": null,
        "nama_objek_vital": null,
        "channel_id_enforcement": null,
        "cctv_id": "f9f5e0b0-5282-4529-9fe8-ab1402d0a2f7",
        "rtsp_cctv_dcc": null,
        "arah_cctv": "Timur",
        "radius": "50 Meter",
        "channel_code": null,
        "polda": "Polda Sumatera Utara",
        "polres": "POLRESTABES MEDAN",
        "fungsi_jalan": "ARTERI",
        "category": "DALAM KOTA",
        "in_out": null,
        "ket_in_out": null,
        "_region": "medan",
        "Satwil": "Polrestabes Medan"
      }
    },
    {
      "type": "Feature",
      "geometry": {
        "type": "Point",
        "coordinates": [
          98.650997,
          3.584874
        ]
      },
      "properties": {
        "rowid": 328,
        "nama_cctv": "CTV225 DSHB PTZ CTVJl. Sei Batanghari depan RS.",
        "polda_id": "02",
        "polres_id": "24",
        "status": "hidup",
        "ctdby": "2027ORGANIK",
        "ctddate": "2023-10-26T17:00:00.000Z",
        "ctdtime": "20:00:00",
        "rtsp_cctv": "rtsp://satansheir:letyur13@172.16.90.58:554/cam/realmonitor?channel=225&subtype=1",
        "ctdupd": null,
        "instansi": "dishub",
        "jenis_cctv": "ANALYTIC",
        "nama_jalan_s": "Sei Batanghari",
        "channel_id": "1000007$1$0$224",
        "cctv_in": "N",
        "cctv_out": "N",
        "masuk_kab": "N",
        "keluar_kab": "N",
        "keterangan": "checkpoint",
        "fungsi_jalan_cctv_id": 1,
        "masuk_prov": "N",
        "keluar_prov": "N",
        "is_active": 1,
        "cctv_category_id": 5,
        "hls_cctv": null,
        "channel_id_event": null,
        "kecamatan": "Medan Sunggal",
        "kota": null,
        "nama_objek_vital": null,
        "channel_id_enforcement": null,
        "cctv_id": "5c308655-c6fa-4d26-99ea-7f81675c1405",
        "rtsp_cctv_dcc": null,
        "arah_cctv": "Timur",
        "radius": "50 Meter",
        "channel_code": null,
        "polda": "Polda Sumatera Utara",
        "polres": "POLRESTABES MEDAN",
        "fungsi_jalan": "ARTERI",
        "category": "DALAM KOTA",
        "in_out": null,
        "ket_in_out": null,
        "_region": "medan",
        "Satwil": "Polrestabes Medan"
      }
    },
    {
      "type": "Feature",
      "geometry": {
        "type": "Point",
        "coordinates": [
          98.675072,
          3.589799
        ]
      },
      "properties": {
        "rowid": 327,
        "nama_cctv": "CTV222 DSHB PTZ CTVJL. RADEN SALEH KANTOR WALIKOTA",
        "polda_id": "02",
        "polres_id": "24",
        "status": "hidup",
        "ctdby": "2027ORGANIK",
        "ctddate": "2023-10-26T17:00:00.000Z",
        "ctdtime": "20:00:00",
        "rtsp_cctv": "rtsp://satansheir:letyur13@172.16.90.58:554/cam/realmonitor?channel=222&subtype=0",
        "ctdupd": null,
        "instansi": "dishub",
        "jenis_cctv": "Analytic Checkpoint",
        "nama_jalan_s": "Jl Raden Saleh",
        "channel_id": "1000007$1$0$221",
        "cctv_in": "N",
        "cctv_out": "N",
        "masuk_kab": "N",
        "keluar_kab": "N",
        "keterangan": "checkpoint",
        "fungsi_jalan_cctv_id": 7,
        "masuk_prov": "N",
        "keluar_prov": "N",
        "is_active": 1,
        "cctv_category_id": 5,
        "hls_cctv": null,
        "channel_id_event": null,
        "kecamatan": "Medan Petisah",
        "kota": null,
        "nama_objek_vital": null,
        "channel_id_enforcement": null,
        "cctv_id": "e6487702-64c2-484e-9e65-46a944824edc",
        "rtsp_cctv_dcc": null,
        "arah_cctv": "Timur",
        "radius": "50 Meter",
        "channel_code": null,
        "polda": "Polda Sumatera Utara",
        "polres": "POLRESTABES MEDAN",
        "fungsi_jalan": null,
        "category": "DALAM KOTA",
        "in_out": null,
        "ket_in_out": null,
        "_region": "medan",
        "Satwil": "Polrestabes Medan"
      }
    },
    {
      "type": "Feature",
      "geometry": {
        "type": "Point",
        "coordinates": [
          98.667143,
          3.572157
        ]
      },
      "properties": {
        "rowid": 326,
        "nama_cctv": "CTV216 DSHB PTZ CTVDr.CIpto  Jl.Masdulhad",
        "polda_id": "02",
        "polres_id": "24",
        "status": "hidup",
        "ctdby": "2027ORGANIK",
        "ctddate": "2023-10-26T17:00:00.000Z",
        "ctdtime": "20:00:00",
        "rtsp_cctv": "rtsp://satansheir:letyur13@172.16.90.58:554/cam/realmonitor?channel=216&subtype=1",
        "ctdupd": null,
        "instansi": "dishub",
        "jenis_cctv": "ANALYTIC",
        "nama_jalan_s": "Dr Cipto",
        "channel_id": "1000007$1$0$215",
        "cctv_in": "N",
        "cctv_out": "N",
        "masuk_kab": "N",
        "keluar_kab": "N",
        "keterangan": "checkpoint",
        "fungsi_jalan_cctv_id": 1,
        "masuk_prov": "N",
        "keluar_prov": "N",
        "is_active": 1,
        "cctv_category_id": 5,
        "hls_cctv": null,
        "channel_id_event": null,
        "kecamatan": "Medan Polonia",
        "kota": null,
        "nama_objek_vital": null,
        "channel_id_enforcement": null,
        "cctv_id": "faa8c46a-0b25-4fd6-be0d-c505424ce03e",
        "rtsp_cctv_dcc": null,
        "arah_cctv": "Barat",
        "radius": "50 Meter",
        "channel_code": null,
        "polda": "Polda Sumatera Utara",
        "polres": "POLRESTABES MEDAN",
        "fungsi_jalan": "ARTERI",
        "category": "DALAM KOTA",
        "in_out": null,
        "ket_in_out": null,
        "_region": "medan",
        "Satwil": "Polrestabes Medan"
      }
    },
    {
      "type": "Feature",
      "geometry": {
        "type": "Point",
        "coordinates": [
          98.677974,
          3.572093
        ]
      },
      "properties": {
        "rowid": 325,
        "nama_cctv": "CTV215 DSHB PTZ CTVJl. Imam Bonjol  Jl.Juanda",
        "polda_id": "02",
        "polres_id": "24",
        "status": "hidup",
        "ctdby": "2027ORGANIK",
        "ctddate": "2023-10-26T17:00:00.000Z",
        "ctdtime": "20:00:00",
        "rtsp_cctv": "rtsp://satansheir:letyur13@172.16.90.58:554/cam/realmonitor?channel=215&subtype=1",
        "ctdupd": null,
        "instansi": "dishub",
        "jenis_cctv": "ANALYTIC",
        "nama_jalan_s": "Imam Bonjol",
        "channel_id": "1000007$1$0$214",
        "cctv_in": "N",
        "cctv_out": "N",
        "masuk_kab": "N",
        "keluar_kab": "N",
        "keterangan": "checkpoint",
        "fungsi_jalan_cctv_id": 1,
        "masuk_prov": "N",
        "keluar_prov": "N",
        "is_active": 1,
        "cctv_category_id": 5,
        "hls_cctv": null,
        "channel_id_event": null,
        "kecamatan": "Medan Polonia",
        "kota": null,
        "nama_objek_vital": null,
        "channel_id_enforcement": null,
        "cctv_id": "ece6591c-1bd8-4bfe-8ca3-6bafaa9531df",
        "rtsp_cctv_dcc": null,
        "arah_cctv": "Barat",
        "radius": "50 Meter",
        "channel_code": null,
        "polda": "Polda Sumatera Utara",
        "polres": "POLRESTABES MEDAN",
        "fungsi_jalan": "ARTERI",
        "category": "DALAM KOTA",
        "in_out": null,
        "ket_in_out": null,
        "_region": "medan",
        "Satwil": "Polrestabes Medan"
      }
    },
    {
      "type": "Feature",
      "geometry": {
        "type": "Point",
        "coordinates": [
          98.676289,
          3.584258
        ]
      },
      "properties": {
        "rowid": 324,
        "nama_cctv": "CTV212 DSHB PTZ CTVJl.Palang Merah  Jl. Listrik",
        "polda_id": "02",
        "polres_id": "24",
        "status": "hidup",
        "ctdby": "2027ORGANIK",
        "ctddate": "2023-10-26T17:00:00.000Z",
        "ctdtime": "20:00:00",
        "rtsp_cctv": "rtsp://satansheir:letyur13@172.16.90.58:554/cam/realmonitor?channel=212&subtype=1",
        "ctdupd": null,
        "instansi": "dishub",
        "jenis_cctv": "ANALYTIC",
        "nama_jalan_s": "Palang Merah",
        "channel_id": "1000007$1$0$211",
        "cctv_in": "N",
        "cctv_out": "N",
        "masuk_kab": "N",
        "keluar_kab": "N",
        "keterangan": "checkpoint",
        "fungsi_jalan_cctv_id": 1,
        "masuk_prov": "N",
        "keluar_prov": "N",
        "is_active": 1,
        "cctv_category_id": 5,
        "hls_cctv": null,
        "channel_id_event": null,
        "kecamatan": "Medan Maimun",
        "kota": null,
        "nama_objek_vital": null,
        "channel_id_enforcement": null,
        "cctv_id": "ce8c0e27-f158-4f73-ab4b-63d90a009353",
        "rtsp_cctv_dcc": null,
        "arah_cctv": "Barat",
        "radius": "60 Meter",
        "channel_code": null,
        "polda": "Polda Sumatera Utara",
        "polres": "POLRESTABES MEDAN",
        "fungsi_jalan": "ARTERI",
        "category": "DALAM KOTA",
        "in_out": null,
        "ket_in_out": null,
        "_region": "medan",
        "Satwil": "Polrestabes Medan"
      }
    },
    {
      "type": "Feature",
      "geometry": {
        "type": "Point",
        "coordinates": [
          98.717366,
          3.539864
        ]
      },
      "properties": {
        "rowid": 323,
        "nama_cctv": "CTV206 DSHB PTZ CTVAMPLAS ( DEPAN TERMINAL AMPLAS",
        "polda_id": "02",
        "polres_id": "24",
        "status": "hidup",
        "ctdby": "2027ORGANIK",
        "ctddate": "2023-10-26T17:00:00.000Z",
        "ctdtime": "20:00:00",
        "rtsp_cctv": "rtsp://satansheir:letyur13@172.16.90.58:554/cam/realmonitor?channel=206&subtype=1",
        "ctdupd": null,
        "instansi": "dishub",
        "jenis_cctv": "ANALYTIC",
        "nama_jalan_s": "Amplas ",
        "channel_id": "1000007$1$0$205",
        "cctv_in": "N",
        "cctv_out": "N",
        "masuk_kab": "N",
        "keluar_kab": "N",
        "keterangan": "checkpoint",
        "fungsi_jalan_cctv_id": 1,
        "masuk_prov": "N",
        "keluar_prov": "N",
        "is_active": 1,
        "cctv_category_id": 5,
        "hls_cctv": null,
        "channel_id_event": null,
        "kecamatan": "Medan Amplas",
        "kota": null,
        "nama_objek_vital": null,
        "channel_id_enforcement": null,
        "cctv_id": "521a5ef3-0194-446b-9bba-969d42c27941",
        "rtsp_cctv_dcc": null,
        "arah_cctv": "Selatan",
        "radius": "58 Meter",
        "channel_code": null,
        "polda": "Polda Sumatera Utara",
        "polres": "POLRESTABES MEDAN",
        "fungsi_jalan": "ARTERI",
        "category": "DALAM KOTA",
        "in_out": null,
        "ket_in_out": null,
        "_region": "medan",
        "Satwil": "Polrestabes Medan"
      }
    },
    {
      "type": "Feature",
      "geometry": {
        "type": "Point",
        "coordinates": [
          98.689247,
          3.572716
        ]
      },
      "properties": {
        "rowid": 322,
        "nama_cctv": "CTV204 DSHB VID HALAT II1",
        "polda_id": "02",
        "polres_id": "24",
        "status": "hidup",
        "ctdby": "2027ORGANIK",
        "ctddate": "2023-10-26T17:00:00.000Z",
        "ctdtime": "20:00:00",
        "rtsp_cctv": "rtsp://satansheir:letyur13@172.16.90.58:554/cam/realmonitor?channel=204&subtype=1",
        "ctdupd": null,
        "instansi": "dishub",
        "jenis_cctv": "ANALYTIC",
        "nama_jalan_s": "Halat",
        "channel_id": "1000007$1$0$203",
        "cctv_in": "N",
        "cctv_out": "N",
        "masuk_kab": "N",
        "keluar_kab": "N",
        "keterangan": "checkpoint",
        "fungsi_jalan_cctv_id": 1,
        "masuk_prov": "N",
        "keluar_prov": "N",
        "is_active": 1,
        "cctv_category_id": 5,
        "hls_cctv": null,
        "channel_id_event": "1000014$1$0$19",
        "kecamatan": "Medan Kota",
        "kota": null,
        "nama_objek_vital": null,
        "channel_id_enforcement": null,
        "cctv_id": "15c9dd2a-4015-4970-85bd-bee3706e39e7",
        "rtsp_cctv_dcc": null,
        "arah_cctv": "Selatan",
        "radius": "10 Meter",
        "channel_code": null,
        "polda": "Polda Sumatera Utara",
        "polres": "POLRESTABES MEDAN",
        "fungsi_jalan": "ARTERI",
        "category": "DALAM KOTA",
        "in_out": null,
        "ket_in_out": null,
        "_region": "medan",
        "Satwil": "Polrestabes Medan"
      }
    },
    {
      "type": "Feature",
      "geometry": {
        "type": "Point",
        "coordinates": [
          98.671831,
          3.571352
        ]
      },
      "properties": {
        "rowid": 321,
        "nama_cctv": "CTV198 DSHB PTZ CTVJl.Mangonsidi Jl.Perhubungan",
        "polda_id": "02",
        "polres_id": "24",
        "status": "hidup",
        "ctdby": "2027ORGANIK",
        "ctddate": "2023-10-26T17:00:00.000Z",
        "ctdtime": "20:00:00",
        "rtsp_cctv": "rtsp://satansheir:letyur13@172.16.90.58:554/cam/realmonitor?channel=198&subtype=1",
        "ctdupd": null,
        "instansi": "dishub",
        "jenis_cctv": "ANALYTIC",
        "nama_jalan_s": "Jl Mangonsidi",
        "channel_id": "1000007$1$0$197",
        "cctv_in": "N",
        "cctv_out": "N",
        "masuk_kab": "N",
        "keluar_kab": "N",
        "keterangan": "checkpoint",
        "fungsi_jalan_cctv_id": 1,
        "masuk_prov": "N",
        "keluar_prov": "N",
        "is_active": 1,
        "cctv_category_id": 5,
        "hls_cctv": null,
        "channel_id_event": null,
        "kecamatan": "Medan Polonia",
        "kota": null,
        "nama_objek_vital": null,
        "channel_id_enforcement": null,
        "cctv_id": "0c05d1e4-8cab-4b26-a419-17b3d59208e0",
        "rtsp_cctv_dcc": null,
        "arah_cctv": "Utara",
        "radius": "50 Meter",
        "channel_code": null,
        "polda": "Polda Sumatera Utara",
        "polres": "POLRESTABES MEDAN",
        "fungsi_jalan": "ARTERI",
        "category": "DALAM KOTA",
        "in_out": null,
        "ket_in_out": null,
        "_region": "medan",
        "Satwil": "Polrestabes Medan"
      }
    },
    {
      "type": "Feature",
      "geometry": {
        "type": "Point",
        "coordinates": [
          98.646847,
          3.590513
        ]
      },
      "properties": {
        "rowid": 320,
        "nama_cctv": "CTV195 DSHB PTZ CTVJl.Gatot Subroto",
        "polda_id": "02",
        "polres_id": "24",
        "status": "hidup",
        "ctdby": "2027ORGANIK",
        "ctddate": "2023-10-26T17:00:00.000Z",
        "ctdtime": "20:00:00",
        "rtsp_cctv": "rtsp://satansheir:letyur13@172.16.90.58:554/cam/realmonitor?channel=195&subtype=1",
        "ctdupd": null,
        "instansi": "dishub",
        "jenis_cctv": "ANALYTIC",
        "nama_jalan_s": "Gatot Subroto",
        "channel_id": "1000007$1$0$194",
        "cctv_in": "N",
        "cctv_out": "N",
        "masuk_kab": "N",
        "keluar_kab": "N",
        "keterangan": "checkpoint",
        "fungsi_jalan_cctv_id": 1,
        "masuk_prov": "N",
        "keluar_prov": "N",
        "is_active": 1,
        "cctv_category_id": 5,
        "hls_cctv": null,
        "channel_id_event": null,
        "kecamatan": "Medan Petisah",
        "kota": null,
        "nama_objek_vital": null,
        "channel_id_enforcement": null,
        "cctv_id": "3edd8ede-0011-48bc-a0e1-936e78cb8585",
        "rtsp_cctv_dcc": null,
        "arah_cctv": "Barat",
        "radius": "60 Meter",
        "channel_code": null,
        "polda": "Polda Sumatera Utara",
        "polres": "POLRESTABES MEDAN",
        "fungsi_jalan": "ARTERI",
        "category": "DALAM KOTA",
        "in_out": null,
        "ket_in_out": null,
        "_region": "medan",
        "Satwil": "Polrestabes Medan"
      }
    },
    {
      "type": "Feature",
      "geometry": {
        "type": "Point",
        "coordinates": [
          98.668547,
          3.576603
        ]
      },
      "properties": {
        "rowid": 319,
        "nama_cctv": "CTV194 DSHB PTZ CTVJl.Sudirman ( Jembatan )",
        "polda_id": "02",
        "polres_id": "24",
        "status": "hidup",
        "ctdby": "2027ORGANIK",
        "ctddate": "2023-10-26T17:00:00.000Z",
        "ctdtime": "20:00:00",
        "rtsp_cctv": "rtsp://satansheir:letyur13@172.16.90.58:554/cam/realmonitor?channel=194&subtype=1",
        "ctdupd": null,
        "instansi": "dishub",
        "jenis_cctv": "ANALYTIC",
        "nama_jalan_s": "Jl Sudirman ",
        "channel_id": "1000007$1$0$193",
        "cctv_in": "N",
        "cctv_out": "N",
        "masuk_kab": "N",
        "keluar_kab": "N",
        "keterangan": "checkpoint",
        "fungsi_jalan_cctv_id": 1,
        "masuk_prov": "N",
        "keluar_prov": "N",
        "is_active": 1,
        "cctv_category_id": 5,
        "hls_cctv": null,
        "channel_id_event": null,
        "kecamatan": "Medan Polonia",
        "kota": null,
        "nama_objek_vital": null,
        "channel_id_enforcement": null,
        "cctv_id": "41f40f09-493f-4ae0-b8ac-f96d69b5f164",
        "rtsp_cctv_dcc": null,
        "arah_cctv": "Selatan",
        "radius": "50 Meter",
        "channel_code": null,
        "polda": "Polda Sumatera Utara",
        "polres": "POLRESTABES MEDAN",
        "fungsi_jalan": "ARTERI",
        "category": "DALAM KOTA",
        "in_out": null,
        "ket_in_out": null,
        "_region": "medan",
        "Satwil": "Polrestabes Medan"
      }
    },
    {
      "type": "Feature",
      "geometry": {
        "type": "Point",
        "coordinates": [
          98.701192,
          3.539173
        ]
      },
      "properties": {
        "rowid": 318,
        "nama_cctv": "CTV192 DSHB VID SIMP RAJA AH NASUTION",
        "polda_id": "02",
        "polres_id": "24",
        "status": "hidup",
        "ctdby": "2027ORGANIK",
        "ctddate": "2023-10-26T17:00:00.000Z",
        "ctdtime": "20:00:00",
        "rtsp_cctv": "rtsp://satansheir:letyur13@172.16.90.58:554/cam/realmonitor?channel=192&subtype=1",
        "ctdupd": "2026-02-19T17:00:00.000Z",
        "instansi": "dishub",
        "jenis_cctv": "ANALYTIC",
        "nama_jalan_s": "GPQ2+MF8, Medan City, North Sumatra, Indonesia",
        "channel_id": "1000007$1$0$191",
        "cctv_in": "N",
        "cctv_out": "Y",
        "masuk_kab": "N",
        "keluar_kab": "Y",
        "keterangan": "checkpoint",
        "fungsi_jalan_cctv_id": 1,
        "masuk_prov": "N",
        "keluar_prov": "N",
        "is_active": 1,
        "cctv_category_id": 2,
        "hls_cctv": null,
        "channel_id_event": null,
        "kecamatan": "MEDAN AMPLAS",
        "kota": "MEDAN",
        "nama_objek_vital": "",
        "channel_id_enforcement": null,
        "cctv_id": "aa356d8c-5982-49ee-aab9-7f83aa10debe",
        "rtsp_cctv_dcc": null,
        "arah_cctv": "Timur",
        "radius": "50 Meter",
        "channel_code": null,
        "polda": "Polda Sumatera Utara",
        "polres": "POLRESTABES MEDAN",
        "fungsi_jalan": "ARTERI",
        "category": "BATAS KOTA",
        "in_out": "CCTV OUT",
        "ket_in_out": "KOTA",
        "_region": "medan",
        "Satwil": "Polrestabes Medan"
      }
    },
    {
      "type": "Feature",
      "geometry": {
        "type": "Point",
        "coordinates": [
          98.671998,
          3.57255
        ]
      },
      "properties": {
        "rowid": 317,
        "nama_cctv": "CTV189 DSHB PTZ CTVBUNDARAN HOTEL PARDEDE",
        "polda_id": "02",
        "polres_id": "24",
        "status": "hidup",
        "ctdby": "2027ORGANIK",
        "ctddate": "2023-10-26T17:00:00.000Z",
        "ctdtime": "20:00:00",
        "rtsp_cctv": "rtsp://satansheir:letyur13@172.16.90.58:554/cam/realmonitor?channel=189&subtype=0",
        "ctdupd": "2026-02-19T17:00:00.000Z",
        "instansi": "dishub",
        "jenis_cctv": "Analytic Checkpoint",
        "nama_jalan_s": "Bundaran Hotel Pardede",
        "channel_id": "1000007$1$0$188",
        "cctv_in": "N",
        "cctv_out": "N",
        "masuk_kab": "N",
        "keluar_kab": "N",
        "keterangan": "checkpoint",
        "fungsi_jalan_cctv_id": 7,
        "masuk_prov": "N",
        "keluar_prov": "N",
        "is_active": 1,
        "cctv_category_id": 5,
        "hls_cctv": null,
        "channel_id_event": null,
        "kecamatan": "Medan Polonia",
        "kota": null,
        "nama_objek_vital": null,
        "channel_id_enforcement": null,
        "cctv_id": "12fa02d3-a713-4b3b-953a-0d3b7c662435",
        "rtsp_cctv_dcc": null,
        "arah_cctv": "Timur",
        "radius": "60 Meter",
        "channel_code": null,
        "polda": "Polda Sumatera Utara",
        "polres": "POLRESTABES MEDAN",
        "fungsi_jalan": null,
        "category": "DALAM KOTA",
        "in_out": null,
        "ket_in_out": null,
        "_region": "medan",
        "Satwil": "Polrestabes Medan"
      }
    },
    {
      "type": "Feature",
      "geometry": {
        "type": "Point",
        "coordinates": [
          98.678405,
          3.569373
        ]
      },
      "properties": {
        "rowid": 316,
        "nama_cctv": "CTV188 DSHB PTZ CTVBundaran  Plonia",
        "polda_id": "02",
        "polres_id": "24",
        "status": "hidup",
        "ctdby": "2027ORGANIK",
        "ctddate": "2023-10-26T17:00:00.000Z",
        "ctdtime": "20:00:00",
        "rtsp_cctv": "rtsp://satansheir:letyur13@172.16.90.58:554/cam/realmonitor?channel=188&subtype=1",
        "ctdupd": null,
        "instansi": "dishub",
        "jenis_cctv": "ANALYTIC",
        "nama_jalan_s": "Bundaran Polonia",
        "channel_id": "1000007$1$0$187",
        "cctv_in": "N",
        "cctv_out": "N",
        "masuk_kab": "N",
        "keluar_kab": "N",
        "keterangan": "checkpoint",
        "fungsi_jalan_cctv_id": 1,
        "masuk_prov": "N",
        "keluar_prov": "N",
        "is_active": 1,
        "cctv_category_id": 5,
        "hls_cctv": null,
        "channel_id_event": null,
        "kecamatan": "Medan Kota",
        "kota": null,
        "nama_objek_vital": null,
        "channel_id_enforcement": null,
        "cctv_id": "5390c04c-78ce-4a66-98ff-8e6db70ebbf1",
        "rtsp_cctv_dcc": null,
        "arah_cctv": "Utara",
        "radius": "100 Meter",
        "channel_code": null,
        "polda": "Polda Sumatera Utara",
        "polres": "POLRESTABES MEDAN",
        "fungsi_jalan": "ARTERI",
        "category": "DALAM KOTA",
        "in_out": null,
        "ket_in_out": null,
        "_region": "medan",
        "Satwil": "Polrestabes Medan"
      }
    },
    {
      "type": "Feature",
      "geometry": {
        "type": "Point",
        "coordinates": [
          98.686645,
          3.598868
        ]
      },
      "properties": {
        "rowid": 315,
        "nama_cctv": "CTV184 DSHB PTZ CTVThamrin  Printis",
        "polda_id": "02",
        "polres_id": "24",
        "status": "hidup",
        "ctdby": "2027ORGANIK",
        "ctddate": "2023-10-26T17:00:00.000Z",
        "ctdtime": "20:00:00",
        "rtsp_cctv": "rtsp://satansheir:letyur13@172.16.90.58:554/cam/realmonitor?channel=184&subtype=0",
        "ctdupd": "2026-02-19T17:00:00.000Z",
        "instansi": "dishub",
        "jenis_cctv": "Analytic Checkpoint",
        "nama_jalan_s": "Thamrin Perintis",
        "channel_id": "1000007$1$0$183",
        "cctv_in": "N",
        "cctv_out": "N",
        "masuk_kab": "N",
        "keluar_kab": "N",
        "keterangan": "checkpoint",
        "fungsi_jalan_cctv_id": 7,
        "masuk_prov": "N",
        "keluar_prov": "N",
        "is_active": 1,
        "cctv_category_id": 5,
        "hls_cctv": null,
        "channel_id_event": null,
        "kecamatan": "Medan Perjuangan",
        "kota": null,
        "nama_objek_vital": null,
        "channel_id_enforcement": null,
        "cctv_id": "6d245c3a-e956-4cb5-adad-dc74737f6afb",
        "rtsp_cctv_dcc": null,
        "arah_cctv": "Timur",
        "radius": "70 Meter",
        "channel_code": null,
        "polda": "Polda Sumatera Utara",
        "polres": "POLRESTABES MEDAN",
        "fungsi_jalan": null,
        "category": "DALAM KOTA",
        "in_out": null,
        "ket_in_out": null,
        "_region": "medan",
        "Satwil": "Polrestabes Medan"
      }
    },
    {
      "type": "Feature",
      "geometry": {
        "type": "Point",
        "coordinates": [
          98.684003,
          3.598883
        ]
      },
      "properties": {
        "rowid": 314,
        "nama_cctv": "CTV183 DSHB PTZ CTVHM.Said  Simp Printis",
        "polda_id": "02",
        "polres_id": "24",
        "status": "hidup",
        "ctdby": "2027ORGANIK",
        "ctddate": "2023-10-26T17:00:00.000Z",
        "ctdtime": "20:00:00",
        "rtsp_cctv": "rtsp://satansheir:letyur13@172.16.90.58:554/cam/realmonitor?channel=183&subtype=0",
        "ctdupd": "2026-02-19T17:00:00.000Z",
        "instansi": "dishub",
        "jenis_cctv": "Analytic Checkpoint",
        "nama_jalan_s": "Hm Said Simpang Perintis",
        "channel_id": "1000007$1$0$182",
        "cctv_in": "N",
        "cctv_out": "N",
        "masuk_kab": "N",
        "keluar_kab": "N",
        "keterangan": "checkpoint",
        "fungsi_jalan_cctv_id": 7,
        "masuk_prov": "N",
        "keluar_prov": "N",
        "is_active": 1,
        "cctv_category_id": 5,
        "hls_cctv": null,
        "channel_id_event": null,
        "kecamatan": "Medan Perjuangan",
        "kota": null,
        "nama_objek_vital": null,
        "channel_id_enforcement": null,
        "cctv_id": "c91dac9b-71ce-4326-83ee-47cc3df3aa78",
        "rtsp_cctv_dcc": null,
        "arah_cctv": "Timur",
        "radius": "50 Meter",
        "channel_code": null,
        "polda": "Polda Sumatera Utara",
        "polres": "POLRESTABES MEDAN",
        "fungsi_jalan": null,
        "category": "DALAM KOTA",
        "in_out": null,
        "ket_in_out": null,
        "_region": "medan",
        "Satwil": "Polrestabes Medan"
      }
    },
    {
      "type": "Feature",
      "geometry": {
        "type": "Point",
        "coordinates": [
          98.703038,
          3.568566
        ]
      },
      "properties": {
        "rowid": 313,
        "nama_cctv": "CTV182 DSHB PTZ HM.JONII  PASAR MERAH",
        "polda_id": "02",
        "polres_id": "24",
        "status": "hidup",
        "ctdby": "2027ORGANIK",
        "ctddate": "2023-10-26T17:00:00.000Z",
        "ctdtime": "20:00:00",
        "rtsp_cctv": "rtsp://satansheir:letyur13@172.16.90.58:554/cam/realmonitor?channel=182&subtype=1",
        "ctdupd": null,
        "instansi": "dishub",
        "jenis_cctv": "ANALYTIC",
        "nama_jalan_s": "Hm Joni Pasar Merah",
        "channel_id": "1000007$1$0$181",
        "cctv_in": "N",
        "cctv_out": "N",
        "masuk_kab": "N",
        "keluar_kab": "N",
        "keterangan": "checkpoint",
        "fungsi_jalan_cctv_id": 1,
        "masuk_prov": "N",
        "keluar_prov": "N",
        "is_active": 1,
        "cctv_category_id": 5,
        "hls_cctv": null,
        "channel_id_event": null,
        "kecamatan": "Medan Area",
        "kota": null,
        "nama_objek_vital": null,
        "channel_id_enforcement": null,
        "cctv_id": "c7ebaff2-381c-4bb3-a091-764a49a52904",
        "rtsp_cctv_dcc": null,
        "arah_cctv": "Selatan",
        "radius": "50 Meter",
        "channel_code": null,
        "polda": "Polda Sumatera Utara",
        "polres": "POLRESTABES MEDAN",
        "fungsi_jalan": "ARTERI",
        "category": "DALAM KOTA",
        "in_out": null,
        "ket_in_out": null,
        "_region": "medan",
        "Satwil": "Polrestabes Medan"
      }
    },
    {
      "type": "Feature",
      "geometry": {
        "type": "Point",
        "coordinates": [
          98.657441,
          3.576845
        ]
      },
      "properties": {
        "rowid": 312,
        "nama_cctv": "CTV181 DSHB PTZ Abdullah lubis  Wahit hayim",
        "polda_id": "02",
        "polres_id": "24",
        "status": "hidup",
        "ctdby": "2027ORGANIK",
        "ctddate": "2023-10-26T17:00:00.000Z",
        "ctdtime": "20:00:00",
        "rtsp_cctv": "rtsp://satansheir:letyur13@172.16.90.58:554/cam/realmonitor?channel=181&subtype=1",
        "ctdupd": null,
        "instansi": "dishub",
        "jenis_cctv": "ANALYTIC",
        "nama_jalan_s": "Abdullah Lubis Wahit Hasyim",
        "channel_id": "1000007$1$0$180",
        "cctv_in": "N",
        "cctv_out": "N",
        "masuk_kab": "N",
        "keluar_kab": "N",
        "keterangan": "checkpoint",
        "fungsi_jalan_cctv_id": 1,
        "masuk_prov": "N",
        "keluar_prov": "N",
        "is_active": 1,
        "cctv_category_id": 5,
        "hls_cctv": null,
        "channel_id_event": null,
        "kecamatan": "Medan Baru",
        "kota": null,
        "nama_objek_vital": null,
        "channel_id_enforcement": null,
        "cctv_id": "62b759f5-194d-477a-94e3-fd6085c2d61c",
        "rtsp_cctv_dcc": null,
        "arah_cctv": "Barat",
        "radius": "50 Meter",
        "channel_code": null,
        "polda": "Polda Sumatera Utara",
        "polres": "POLRESTABES MEDAN",
        "fungsi_jalan": "ARTERI",
        "category": "DALAM KOTA",
        "in_out": null,
        "ket_in_out": null,
        "_region": "medan",
        "Satwil": "Polrestabes Medan"
      }
    },
    {
      "type": "Feature",
      "geometry": {
        "type": "Point",
        "coordinates": [
          98.680425,
          3.610033
        ]
      },
      "properties": {
        "rowid": 311,
        "nama_cctv": "CTV178 DSHB PTZ CTVJl. Sutomo depan Tugu KB",
        "polda_id": "02",
        "polres_id": "24",
        "status": "hidup",
        "ctdby": "2027ORGANIK",
        "ctddate": "2023-10-26T17:00:00.000Z",
        "ctdtime": "20:00:00",
        "rtsp_cctv": "rtsp://satansheir:letyur13@172.16.90.58:554/cam/realmonitor?channel=178&subtype=1",
        "ctdupd": null,
        "instansi": "dishub",
        "jenis_cctv": "ANALYTIC",
        "nama_jalan_s": "Jl Sutomo Depan Tugu Kb",
        "channel_id": "1000007$1$0$177",
        "cctv_in": "N",
        "cctv_out": "N",
        "masuk_kab": "N",
        "keluar_kab": "N",
        "keterangan": "checkpoint",
        "fungsi_jalan_cctv_id": 1,
        "masuk_prov": "N",
        "keluar_prov": "N",
        "is_active": 1,
        "cctv_category_id": 5,
        "hls_cctv": null,
        "channel_id_event": null,
        "kecamatan": "Medan Timur",
        "kota": null,
        "nama_objek_vital": null,
        "channel_id_enforcement": null,
        "cctv_id": "b5b8d3f2-bffb-48ad-ab21-e0a1b0bc6b97",
        "rtsp_cctv_dcc": null,
        "arah_cctv": "Selatan",
        "radius": "60 Meter",
        "channel_code": null,
        "polda": "Polda Sumatera Utara",
        "polres": "POLRESTABES MEDAN",
        "fungsi_jalan": "ARTERI",
        "category": "DALAM KOTA",
        "in_out": null,
        "ket_in_out": null,
        "_region": "medan",
        "Satwil": "Polrestabes Medan"
      }
    },
    {
      "type": "Feature",
      "geometry": {
        "type": "Point",
        "coordinates": [
          98.680634,
          3.614013
        ]
      },
      "properties": {
        "rowid": 310,
        "nama_cctv": "CTV177 DSHB PTZ CTVJL KAKATAU JL BUKIT BARISAN 1",
        "polda_id": "02",
        "polres_id": "24",
        "status": "hidup",
        "ctdby": "2027ORGANIK",
        "ctddate": "2023-10-26T17:00:00.000Z",
        "ctdtime": "20:00:00",
        "rtsp_cctv": "rtsp://satansheir:letyur13@172.16.90.58:554/cam/realmonitor?channel=177&subtype=1",
        "ctdupd": null,
        "instansi": "dishub",
        "jenis_cctv": "ANALYTIC",
        "nama_jalan_s": "Jalan Krakatau",
        "channel_id": "1000007$1$0$176",
        "cctv_in": "N",
        "cctv_out": "N",
        "masuk_kab": "N",
        "keluar_kab": "N",
        "keterangan": "checkpoint",
        "fungsi_jalan_cctv_id": 1,
        "masuk_prov": "N",
        "keluar_prov": "N",
        "is_active": 1,
        "cctv_category_id": 5,
        "hls_cctv": null,
        "channel_id_event": null,
        "kecamatan": "Medan Timur",
        "kota": null,
        "nama_objek_vital": null,
        "channel_id_enforcement": null,
        "cctv_id": "d45a328c-e594-4a6a-8d47-7efba7fb6918",
        "rtsp_cctv_dcc": null,
        "arah_cctv": "Selatan",
        "radius": "80 Meter",
        "channel_code": null,
        "polda": "Polda Sumatera Utara",
        "polres": "POLRESTABES MEDAN",
        "fungsi_jalan": "ARTERI",
        "category": "DALAM KOTA",
        "in_out": null,
        "ket_in_out": null,
        "_region": "medan",
        "Satwil": "Polrestabes Medan"
      }
    },
    {
      "type": "Feature",
      "geometry": {
        "type": "Point",
        "coordinates": [
          98.676445,
          3.58889
        ]
      },
      "properties": {
        "rowid": 309,
        "nama_cctv": "CTV176 DSHB PTZ CTVJL KEPRIBADIAN  SIMP MAYOR",
        "polda_id": "02",
        "polres_id": "24",
        "status": "hidup",
        "ctdby": "2027ORGANIK",
        "ctddate": "2023-10-26T17:00:00.000Z",
        "ctdtime": "20:00:00",
        "rtsp_cctv": "rtsp://satansheir:letyur13@172.16.90.58:554/cam/realmonitor?channel=176&subtype=1",
        "ctdupd": null,
        "instansi": "dishub",
        "jenis_cctv": "ANALYTIC",
        "nama_jalan_s": "Kepribadian Simpang Mayor",
        "channel_id": "1000007$1$0$175",
        "cctv_in": "N",
        "cctv_out": "N",
        "masuk_kab": "N",
        "keluar_kab": "N",
        "keterangan": "checkpoint",
        "fungsi_jalan_cctv_id": 1,
        "masuk_prov": "N",
        "keluar_prov": "N",
        "is_active": 1,
        "cctv_category_id": 5,
        "hls_cctv": null,
        "channel_id_event": null,
        "kecamatan": "Medan Barat",
        "kota": null,
        "nama_objek_vital": null,
        "channel_id_enforcement": null,
        "cctv_id": "f9dea48f-26af-49e6-a63b-98e80288e1fe",
        "rtsp_cctv_dcc": null,
        "arah_cctv": "Utara",
        "radius": "70 meter",
        "channel_code": null,
        "polda": "Polda Sumatera Utara",
        "polres": "POLRESTABES MEDAN",
        "fungsi_jalan": "ARTERI",
        "category": "DALAM KOTA",
        "in_out": null,
        "ket_in_out": null,
        "_region": "medan",
        "Satwil": "Polrestabes Medan"
      }
    },
    {
      "type": "Feature",
      "geometry": {
        "type": "Point",
        "coordinates": [
          98.669168,
          3.586907
        ]
      },
      "properties": {
        "rowid": 308,
        "nama_cctv": "CTV174 DSHB PTZ CTV JL. KEJAKSAAN DEPAN KPU",
        "polda_id": "02",
        "polres_id": "24",
        "status": "hidup",
        "ctdby": "2027ORGANIK",
        "ctddate": "2023-10-26T17:00:00.000Z",
        "ctdtime": "20:00:00",
        "rtsp_cctv": "rtsp://satansheir:letyur13@172.16.90.58:554/cam/realmonitor?channel=174&subtype=0",
        "ctdupd": "2026-02-19T17:00:00.000Z",
        "instansi": "dishub",
        "jenis_cctv": "Analytic Checkpoint",
        "nama_jalan_s": "Kejaksaan Depan KPU",
        "channel_id": "1000007$1$0$173",
        "cctv_in": "N",
        "cctv_out": "N",
        "masuk_kab": "N",
        "keluar_kab": "N",
        "keterangan": "checkpoint",
        "fungsi_jalan_cctv_id": 7,
        "masuk_prov": "N",
        "keluar_prov": "N",
        "is_active": 1,
        "cctv_category_id": 5,
        "hls_cctv": null,
        "channel_id_event": null,
        "kecamatan": "Medan Petisah",
        "kota": null,
        "nama_objek_vital": null,
        "channel_id_enforcement": null,
        "cctv_id": "face62d7-4f5c-4470-a6bb-1cdab58571a8",
        "rtsp_cctv_dcc": null,
        "arah_cctv": "Timur",
        "radius": "50 Meter",
        "channel_code": null,
        "polda": "Polda Sumatera Utara",
        "polres": "POLRESTABES MEDAN",
        "fungsi_jalan": null,
        "category": "DALAM KOTA",
        "in_out": null,
        "ket_in_out": null,
        "_region": "medan",
        "Satwil": "Polrestabes Medan"
      }
    },
    {
      "type": "Feature",
      "geometry": {
        "type": "Point",
        "coordinates": [
          98.682598,
          3.590716
        ]
      },
      "properties": {
        "rowid": 307,
        "nama_cctv": "CTV173 DSHB PTZ CTV Jl. veteran  Jl. Timor",
        "polda_id": "02",
        "polres_id": "24",
        "status": "hidup",
        "ctdby": "2027ORGANIK",
        "ctddate": "2023-10-26T17:00:00.000Z",
        "ctdtime": "20:00:00",
        "rtsp_cctv": "rtsp://satansheir:letyur13@172.16.90.58:554/cam/realmonitor?channel=173&subtype=1",
        "ctdupd": null,
        "instansi": "dishub",
        "jenis_cctv": "ANALYTIC",
        "nama_jalan_s": "Jln Veteran",
        "channel_id": "1000007$1$0$172",
        "cctv_in": "N",
        "cctv_out": "N",
        "masuk_kab": "N",
        "keluar_kab": "N",
        "keterangan": "checkpoint",
        "fungsi_jalan_cctv_id": 1,
        "masuk_prov": "N",
        "keluar_prov": "N",
        "is_active": 1,
        "cctv_category_id": 5,
        "hls_cctv": null,
        "channel_id_event": null,
        "kecamatan": "Medan Timur",
        "kota": null,
        "nama_objek_vital": null,
        "channel_id_enforcement": null,
        "cctv_id": "e656fd6c-2d1b-4629-ae60-828aad5a8051",
        "rtsp_cctv_dcc": null,
        "arah_cctv": "Timur",
        "radius": "50 Meter",
        "channel_code": null,
        "polda": "Polda Sumatera Utara",
        "polres": "POLRESTABES MEDAN",
        "fungsi_jalan": "ARTERI",
        "category": "DALAM KOTA",
        "in_out": null,
        "ket_in_out": null,
        "_region": "medan",
        "Satwil": "Polrestabes Medan"
      }
    },
    {
      "type": "Feature",
      "geometry": {
        "type": "Point",
        "coordinates": [
          98.706132,
          3.589329
        ]
      },
      "properties": {
        "rowid": 306,
        "nama_cctv": "CTV170 DSHB VID AKSARA WAHIDIN I I1",
        "polda_id": "02",
        "polres_id": "24",
        "status": "mati",
        "ctdby": "2027ORGANIK",
        "ctddate": "2023-10-26T17:00:00.000Z",
        "ctdtime": "20:00:00",
        "rtsp_cctv": "rtsp://satansheir:letyur13@172.16.90.58:554/cam/realmonitor?channel=170&subtype=1",
        "ctdupd": null,
        "instansi": "dishub",
        "jenis_cctv": "ANALYTIC",
        "nama_jalan_s": "Aksara Wahidin",
        "channel_id": "1000007$1$0$169",
        "cctv_in": "N",
        "cctv_out": "N",
        "masuk_kab": "N",
        "keluar_kab": "N",
        "keterangan": "checkpoint",
        "fungsi_jalan_cctv_id": 1,
        "masuk_prov": "N",
        "keluar_prov": "N",
        "is_active": 1,
        "cctv_category_id": 5,
        "hls_cctv": null,
        "channel_id_event": null,
        "kecamatan": "Medan Tembung",
        "kota": null,
        "nama_objek_vital": null,
        "channel_id_enforcement": null,
        "cctv_id": "43458bd3-4fb7-43c2-bf20-4c9ab59cb088",
        "rtsp_cctv_dcc": null,
        "arah_cctv": "Utara",
        "radius": "-",
        "channel_code": null,
        "polda": "Polda Sumatera Utara",
        "polres": "POLRESTABES MEDAN",
        "fungsi_jalan": "ARTERI",
        "category": "DALAM KOTA",
        "in_out": null,
        "ket_in_out": null,
        "_region": "medan",
        "Satwil": "Polrestabes Medan"
      }
    },
    {
      "type": "Feature",
      "geometry": {
        "type": "Point",
        "coordinates": [
          98.706355,
          3.59498
        ]
      },
      "properties": {
        "rowid": 305,
        "nama_cctv": "CTV169 DSHB VID AKSARA SEJATI I II1",
        "polda_id": "02",
        "polres_id": "24",
        "status": "mati",
        "ctdby": "2027ORGANIK",
        "ctddate": "2023-10-26T17:00:00.000Z",
        "ctdtime": "20:00:00",
        "rtsp_cctv": "rtsp://satansheir:letyur13@172.16.90.58:554/cam/realmonitor?channel=169&subtype=1",
        "ctdupd": null,
        "instansi": "dishub",
        "jenis_cctv": "ANALYTIC",
        "nama_jalan_s": "Aksara Sejati",
        "channel_id": "1000007$1$0$168",
        "cctv_in": "N",
        "cctv_out": "N",
        "masuk_kab": "N",
        "keluar_kab": "N",
        "keterangan": "checkpoint",
        "fungsi_jalan_cctv_id": 1,
        "masuk_prov": "N",
        "keluar_prov": "N",
        "is_active": 1,
        "cctv_category_id": 5,
        "hls_cctv": null,
        "channel_id_event": null,
        "kecamatan": "Medan Tembung",
        "kota": null,
        "nama_objek_vital": null,
        "channel_id_enforcement": null,
        "cctv_id": "03a15a50-a7c1-42ca-b01d-eb70a4badb8f",
        "rtsp_cctv_dcc": null,
        "arah_cctv": "Utara",
        "radius": "-",
        "channel_code": null,
        "polda": "Polda Sumatera Utara",
        "polres": "POLRESTABES MEDAN",
        "fungsi_jalan": "ARTERI",
        "category": "DALAM KOTA",
        "in_out": null,
        "ket_in_out": null,
        "_region": "medan",
        "Satwil": "Polrestabes Medan"
      }
    },
    {
      "type": "Feature",
      "geometry": {
        "type": "Point",
        "coordinates": [
          98.611825,
          3.500951
        ]
      },
      "properties": {
        "rowid": 304,
        "nama_cctv": "CTV159 DSHB PTZCTVJL JAMIN GINTING  PASAR INDUK",
        "polda_id": "02",
        "polres_id": "24",
        "status": "hidup",
        "ctdby": "2027ORGANIK",
        "ctddate": "2023-10-26T17:00:00.000Z",
        "ctdtime": "20:00:00",
        "rtsp_cctv": "rtsp://satansheir:letyur13@172.16.90.58:554/cam/realmonitor?channel=159&subtype=1",
        "ctdupd": null,
        "instansi": "dishub",
        "jenis_cctv": "ANALYTIC",
        "nama_jalan_s": "Jl Jamin Ginting Pasar Induk",
        "channel_id": "1000007$1$0$158",
        "cctv_in": "N",
        "cctv_out": "N",
        "masuk_kab": "N",
        "keluar_kab": "N",
        "keterangan": "checkpoint",
        "fungsi_jalan_cctv_id": 1,
        "masuk_prov": "N",
        "keluar_prov": "N",
        "is_active": 1,
        "cctv_category_id": 5,
        "hls_cctv": null,
        "channel_id_event": null,
        "kecamatan": "Medan Tuntungan",
        "kota": null,
        "nama_objek_vital": null,
        "channel_id_enforcement": null,
        "cctv_id": "6f77653f-9ea3-43b7-b6ce-7c63cef8877c",
        "rtsp_cctv_dcc": null,
        "arah_cctv": "Selatan",
        "radius": "68 Meter",
        "channel_code": null,
        "polda": "Polda Sumatera Utara",
        "polres": "POLRESTABES MEDAN",
        "fungsi_jalan": "ARTERI",
        "category": "DALAM KOTA",
        "in_out": null,
        "ket_in_out": null,
        "_region": "medan",
        "Satwil": "Polrestabes Medan"
      }
    },
    {
      "type": "Feature",
      "geometry": {
        "type": "Point",
        "coordinates": [
          98.688894,
          3.579825
        ]
      },
      "properties": {
        "rowid": 303,
        "nama_cctv": "CTV158 DSHB PTZCTVJL RAMADSYAH JL SUTOMO",
        "polda_id": "02",
        "polres_id": "24",
        "status": "hidup",
        "ctdby": "2027ORGANIK",
        "ctddate": "2023-10-26T17:00:00.000Z",
        "ctdtime": "20:00:00",
        "rtsp_cctv": "rtsp://satansheir:letyur13@172.16.90.58:554/cam/realmonitor?channel=158&subtype=1",
        "ctdupd": null,
        "instansi": "dishub",
        "jenis_cctv": "ANALYTIC",
        "nama_jalan_s": "Jl Ramasyah Jl Sutomo",
        "channel_id": "1000007$1$0$157",
        "cctv_in": "N",
        "cctv_out": "N",
        "masuk_kab": "N",
        "keluar_kab": "N",
        "keterangan": "checkpoint",
        "fungsi_jalan_cctv_id": 1,
        "masuk_prov": "N",
        "keluar_prov": "N",
        "is_active": 1,
        "cctv_category_id": 5,
        "hls_cctv": null,
        "channel_id_event": null,
        "kecamatan": "Medan Kota",
        "kota": null,
        "nama_objek_vital": null,
        "channel_id_enforcement": null,
        "cctv_id": "fed1276e-fdc7-4983-8b97-6d4726433486",
        "rtsp_cctv_dcc": null,
        "arah_cctv": "Utara",
        "radius": "80 Meter",
        "channel_code": null,
        "polda": "Polda Sumatera Utara",
        "polres": "POLRESTABES MEDAN",
        "fungsi_jalan": "ARTERI",
        "category": "DALAM KOTA",
        "in_out": null,
        "ket_in_out": null,
        "_region": "medan",
        "Satwil": "Polrestabes Medan"
      }
    },
    {
      "type": "Feature",
      "geometry": {
        "type": "Point",
        "coordinates": [
          98.679123,
          3.591966
        ]
      },
      "properties": {
        "rowid": 302,
        "nama_cctv": "CTV156 DSHB PTZCTVJL STASIUNJL BUKIT BARISAN",
        "polda_id": "02",
        "polres_id": "24",
        "status": "hidup",
        "ctdby": "2027ORGANIK",
        "ctddate": "2023-10-26T17:00:00.000Z",
        "ctdtime": "20:00:00",
        "rtsp_cctv": "rtsp://satansheir:letyur13@172.16.90.58:554/cam/realmonitor?channel=156&subtype=0",
        "ctdupd": "2026-02-19T17:00:00.000Z",
        "instansi": "dishub",
        "jenis_cctv": "Analytic Checkpoint",
        "nama_jalan_s": "Jl Stasiun Bukit Barisan",
        "channel_id": "1000007$1$0$155",
        "cctv_in": "N",
        "cctv_out": "N",
        "masuk_kab": "N",
        "keluar_kab": "N",
        "keterangan": "checkpoint",
        "fungsi_jalan_cctv_id": 7,
        "masuk_prov": "N",
        "keluar_prov": "N",
        "is_active": 1,
        "cctv_category_id": 5,
        "hls_cctv": null,
        "channel_id_event": null,
        "kecamatan": "Medan Barat",
        "kota": null,
        "nama_objek_vital": null,
        "channel_id_enforcement": null,
        "cctv_id": "7d6d30da-834e-407b-be4f-7defb98948bb",
        "rtsp_cctv_dcc": null,
        "arah_cctv": "Selatan",
        "radius": "50 Meter",
        "channel_code": null,
        "polda": "Polda Sumatera Utara",
        "polres": "POLRESTABES MEDAN",
        "fungsi_jalan": null,
        "category": "DALAM KOTA",
        "in_out": null,
        "ket_in_out": null,
        "_region": "medan",
        "Satwil": "Polrestabes Medan"
      }
    },
    {
      "type": "Feature",
      "geometry": {
        "type": "Point",
        "coordinates": [
          98.678841,
          3.592836
        ]
      },
      "properties": {
        "rowid": 301,
        "nama_cctv": "CTV155 DSHB PTZCTVJL STASIUNJL BUKIT BARISAN",
        "polda_id": "02",
        "polres_id": "24",
        "status": "hidup",
        "ctdby": "2027ORGANIK",
        "ctddate": "2023-10-26T17:00:00.000Z",
        "ctdtime": "20:00:00",
        "rtsp_cctv": "rtsp://satansheir:letyur13@172.16.90.58:554/cam/realmonitor?channel=155&subtype=1",
        "ctdupd": null,
        "instansi": "dishub",
        "jenis_cctv": "ANALYTIC",
        "nama_jalan_s": "Jl Stasiun Bukit Barisan",
        "channel_id": "1000007$1$0$154",
        "cctv_in": "N",
        "cctv_out": "N",
        "masuk_kab": "N",
        "keluar_kab": "N",
        "keterangan": "checkpoint",
        "fungsi_jalan_cctv_id": 1,
        "masuk_prov": "N",
        "keluar_prov": "N",
        "is_active": 1,
        "cctv_category_id": 5,
        "hls_cctv": null,
        "channel_id_event": null,
        "kecamatan": "Medan Barat",
        "kota": null,
        "nama_objek_vital": null,
        "channel_id_enforcement": null,
        "cctv_id": "a8624df9-8444-4ea1-ad1a-76e59c9a7f67",
        "rtsp_cctv_dcc": null,
        "arah_cctv": "Barat",
        "radius": "50 Meter",
        "channel_code": null,
        "polda": "Polda Sumatera Utara",
        "polres": "POLRESTABES MEDAN",
        "fungsi_jalan": "ARTERI",
        "category": "DALAM KOTA",
        "in_out": null,
        "ket_in_out": null,
        "_region": "medan",
        "Satwil": "Polrestabes Medan"
      }
    },
    {
      "type": "Feature",
      "geometry": {
        "type": "Point",
        "coordinates": [
          98.706306,
          3.597996
        ]
      },
      "properties": {
        "rowid": 300,
        "nama_cctv": "CTV150 DSHB PTZ AR.HAKIM  WILLIEM ISKANDAR",
        "polda_id": "02",
        "polres_id": "24",
        "status": "hidup",
        "ctdby": "2027ORGANIK",
        "ctddate": "2023-10-26T17:00:00.000Z",
        "ctdtime": "20:00:00",
        "rtsp_cctv": "rtsp://satansheir:letyur13@172.16.90.58:554/cam/realmonitor?channel=150&subtype=1",
        "ctdupd": "2026-02-19T17:00:00.000Z",
        "instansi": "dishub",
        "jenis_cctv": "ANALYTIC",
        "nama_jalan_s": "Ar Hakim Williem Iskandar",
        "channel_id": "1000007$1$0$149",
        "cctv_in": "N",
        "cctv_out": "N",
        "masuk_kab": "N",
        "keluar_kab": "N",
        "keterangan": "-",
        "fungsi_jalan_cctv_id": 1,
        "masuk_prov": "N",
        "keluar_prov": "N",
        "is_active": 1,
        "cctv_category_id": 5,
        "hls_cctv": null,
        "channel_id_event": "1000014$1$0$47",
        "kecamatan": "Medan Tembung",
        "kota": null,
        "nama_objek_vital": "",
        "channel_id_enforcement": null,
        "cctv_id": "815745c7-b5f5-4a89-9532-17f09e6d60e0",
        "rtsp_cctv_dcc": null,
        "arah_cctv": "Utara",
        "radius": "13 Meter",
        "channel_code": null,
        "polda": "Polda Sumatera Utara",
        "polres": "POLRESTABES MEDAN",
        "fungsi_jalan": "ARTERI",
        "category": "DALAM KOTA",
        "in_out": null,
        "ket_in_out": null,
        "_region": "medan",
        "Satwil": "Polrestabes Medan"
      }
    },
    {
      "type": "Feature",
      "geometry": {
        "type": "Point",
        "coordinates": [
          98.641385,
          3.58546
        ]
      },
      "properties": {
        "rowid": 299,
        "nama_cctv": "CTV138 DSHB PTZ SUNGGAL  SEI BATANG HARI",
        "polda_id": "02",
        "polres_id": "24",
        "status": "mati",
        "ctdby": "2027ORGANIK",
        "ctddate": "2023-10-26T17:00:00.000Z",
        "ctdtime": "20:00:00",
        "rtsp_cctv": "rtsp://satansheir:letyur13@172.16.90.58:554/cam/realmonitor?channel=138&subtype=1",
        "ctdupd": null,
        "instansi": "dishub",
        "jenis_cctv": "ANALYTIC",
        "nama_jalan_s": "Sunggal Sei Batang Hari",
        "channel_id": "1000007$1$0$137",
        "cctv_in": "N",
        "cctv_out": "N",
        "masuk_kab": "N",
        "keluar_kab": "N",
        "keterangan": "checkpoint",
        "fungsi_jalan_cctv_id": 1,
        "masuk_prov": "N",
        "keluar_prov": "N",
        "is_active": 1,
        "cctv_category_id": 5,
        "hls_cctv": null,
        "channel_id_event": null,
        "kecamatan": "Medan Sunggal",
        "kota": null,
        "nama_objek_vital": null,
        "channel_id_enforcement": null,
        "cctv_id": "2e3bbbb4-bc64-4aec-beb0-a51781a87c10",
        "rtsp_cctv_dcc": null,
        "arah_cctv": "Utara",
        "radius": "50 Meter",
        "channel_code": null,
        "polda": "Polda Sumatera Utara",
        "polres": "POLRESTABES MEDAN",
        "fungsi_jalan": "ARTERI",
        "category": "DALAM KOTA",
        "in_out": null,
        "ket_in_out": null,
        "_region": "medan",
        "Satwil": "Polrestabes Medan"
      }
    },
    {
      "type": "Feature",
      "geometry": {
        "type": "Point",
        "coordinates": [
          98.684608,
          3.582451
        ]
      },
      "properties": {
        "rowid": 298,
        "nama_cctv": "CTV137 DSHB VID TIRONADI II1",
        "polda_id": "02",
        "polres_id": "24",
        "status": "hidup",
        "ctdby": "2027ORGANIK",
        "ctddate": "2023-10-26T17:00:00.000Z",
        "ctdtime": "20:00:00",
        "rtsp_cctv": "rtsp://satansheir:letyur13@172.16.90.58:554/cam/realmonitor?channel=137&subtype=1",
        "ctdupd": null,
        "instansi": "dishub",
        "jenis_cctv": "ANALYTIC",
        "nama_jalan_s": "Tirtonadi",
        "channel_id": "1000007$1$0$136",
        "cctv_in": "N",
        "cctv_out": "N",
        "masuk_kab": "N",
        "keluar_kab": "N",
        "keterangan": "checkpoint",
        "fungsi_jalan_cctv_id": 1,
        "masuk_prov": "N",
        "keluar_prov": "N",
        "is_active": 1,
        "cctv_category_id": 5,
        "hls_cctv": null,
        "channel_id_event": "1000014$1$0$52",
        "kecamatan": "Medan Kota",
        "kota": null,
        "nama_objek_vital": null,
        "channel_id_enforcement": null,
        "cctv_id": "84e70b0e-98b1-417c-a269-017cfb0055c5",
        "rtsp_cctv_dcc": null,
        "arah_cctv": "Utara",
        "radius": "-",
        "channel_code": null,
        "polda": "Polda Sumatera Utara",
        "polres": "POLRESTABES MEDAN",
        "fungsi_jalan": "ARTERI",
        "category": "DALAM KOTA",
        "in_out": null,
        "ket_in_out": null,
        "_region": "medan",
        "Satwil": "Polrestabes Medan"
      }
    },
    {
      "type": "Feature",
      "geometry": {
        "type": "Point",
        "coordinates": [
          98.680895,
          3.629835
        ]
      },
      "properties": {
        "rowid": 297,
        "nama_cctv": "CTV136 DSHB VID SIMP.JL KRAKATU  JLN.CEMARA IIII",
        "polda_id": "02",
        "polres_id": "24",
        "status": "hidup",
        "ctdby": "2027ORGANIK",
        "ctddate": "2023-10-26T17:00:00.000Z",
        "ctdtime": "20:00:00",
        "rtsp_cctv": "rtsp://satansheir:letyur13@172.16.90.58:554/cam/realmonitor?channel=136&subtype=1",
        "ctdupd": null,
        "instansi": "dishub",
        "jenis_cctv": "ANALYTIC",
        "nama_jalan_s": "Simpang Krakatau Jln Cemara",
        "channel_id": "1000007$1$0$135",
        "cctv_in": "N",
        "cctv_out": "N",
        "masuk_kab": "N",
        "keluar_kab": "N",
        "keterangan": "checkpoint",
        "fungsi_jalan_cctv_id": 1,
        "masuk_prov": "N",
        "keluar_prov": "N",
        "is_active": 1,
        "cctv_category_id": 5,
        "hls_cctv": null,
        "channel_id_event": null,
        "kecamatan": "Medan Timur",
        "kota": null,
        "nama_objek_vital": null,
        "channel_id_enforcement": null,
        "cctv_id": "9f4d828e-02e9-4077-8aef-a263442e977c",
        "rtsp_cctv_dcc": null,
        "arah_cctv": "Barat",
        "radius": "-",
        "channel_code": null,
        "polda": "Polda Sumatera Utara",
        "polres": "POLRESTABES MEDAN",
        "fungsi_jalan": "ARTERI",
        "category": "DALAM KOTA",
        "in_out": null,
        "ket_in_out": null,
        "_region": "medan",
        "Satwil": "Polrestabes Medan"
      }
    },
    {
      "type": "Feature",
      "geometry": {
        "type": "Point",
        "coordinates": [
          98.66926733313522,
          3.628328769586878
        ]
      },
      "properties": {
        "rowid": 296,
        "nama_cctv": "CTV134 DSHB PTZ YOS SUDARSO  BUDI PERTEMPURAN",
        "polda_id": "02",
        "polres_id": "24",
        "status": "hidup",
        "ctdby": "2027ORGANIK",
        "ctddate": "2023-10-26T17:00:00.000Z",
        "ctdtime": "20:00:00",
        "rtsp_cctv": "rtsp://satansheir:letyur13@172.16.90.58:554/cam/realmonitor?channel=134&subtype=1",
        "ctdupd": "2026-02-19T17:00:00.000Z",
        "instansi": "dishub",
        "jenis_cctv": "ANALYTIC",
        "nama_jalan_s": "Jl. KL. Yos Sudarso No.225g, Pulo Brayan Kota, Kec. Medan Bar., Kota Medan, Sumatera Utara 20116, Indonesia",
        "channel_id": "1000007$1$0$133",
        "cctv_in": "N",
        "cctv_out": "N",
        "masuk_kab": "N",
        "keluar_kab": "N",
        "keterangan": "checkpoint",
        "fungsi_jalan_cctv_id": 1,
        "masuk_prov": "N",
        "keluar_prov": "N",
        "is_active": 1,
        "cctv_category_id": 5,
        "hls_cctv": null,
        "channel_id_event": null,
        "kecamatan": "Medan Barat",
        "kota": "MEDAN",
        "nama_objek_vital": null,
        "channel_id_enforcement": null,
        "cctv_id": "42fc6fa7-df89-482f-99a6-58d73a074f44",
        "rtsp_cctv_dcc": null,
        "arah_cctv": "Selatan",
        "radius": "80 Meter",
        "channel_code": null,
        "polda": "Polda Sumatera Utara",
        "polres": "POLRESTABES MEDAN",
        "fungsi_jalan": "ARTERI",
        "category": "DALAM KOTA",
        "in_out": null,
        "ket_in_out": null,
        "_region": "medan",
        "Satwil": "Polrestabes Medan"
      }
    },
    {
      "type": "Feature",
      "geometry": {
        "type": "Point",
        "coordinates": [
          98.6859,
          3.579455
        ]
      },
      "properties": {
        "rowid": 295,
        "nama_cctv": "CTV133 DSHB VID RAHMADSYAH II1",
        "polda_id": "02",
        "polres_id": "24",
        "status": "hidup",
        "ctdby": "2027ORGANIK",
        "ctddate": "2023-10-26T17:00:00.000Z",
        "ctdtime": "20:00:00",
        "rtsp_cctv": "rtsp://satansheir:letyur13@172.16.90.58:554/cam/realmonitor?channel=133&subtype=1",
        "ctdupd": null,
        "instansi": "dishub",
        "jenis_cctv": "ANALYTIC",
        "nama_jalan_s": "Rahmadsyah",
        "channel_id": "1000007$1$0$132",
        "cctv_in": "N",
        "cctv_out": "N",
        "masuk_kab": "N",
        "keluar_kab": "N",
        "keterangan": "checkpoint",
        "fungsi_jalan_cctv_id": 1,
        "masuk_prov": "N",
        "keluar_prov": "N",
        "is_active": 1,
        "cctv_category_id": 5,
        "hls_cctv": null,
        "channel_id_event": "1000014$1$0$32",
        "kecamatan": "Medan Kota",
        "kota": null,
        "nama_objek_vital": null,
        "channel_id_enforcement": null,
        "cctv_id": "9aa63296-1ddf-4265-afdb-08065d1dce7d",
        "rtsp_cctv_dcc": null,
        "arah_cctv": "Selatan",
        "radius": "25 Meter",
        "channel_code": null,
        "polda": "Polda Sumatera Utara",
        "polres": "POLRESTABES MEDAN",
        "fungsi_jalan": "ARTERI",
        "category": "DALAM KOTA",
        "in_out": null,
        "ket_in_out": null,
        "_region": "medan",
        "Satwil": "Polrestabes Medan"
      }
    },
    {
      "type": "Feature",
      "geometry": {
        "type": "Point",
        "coordinates": [
          98.669954,
          3.622351
        ]
      },
      "properties": {
        "rowid": 294,
        "nama_cctv": "CTV132 DSHB PTZ YOS SUDARSO  BUDI PEMBANGUNAN",
        "polda_id": "02",
        "polres_id": "24",
        "status": "hidup",
        "ctdby": "2027ORGANIK",
        "ctddate": "2023-10-26T17:00:00.000Z",
        "ctdtime": "20:00:00",
        "rtsp_cctv": "rtsp://satansheir:letyur13@172.16.90.58:554/cam/realmonitor?channel=132&subtype=1",
        "ctdupd": null,
        "instansi": "dishub",
        "jenis_cctv": "ANALYTIC",
        "nama_jalan_s": "Yos Sudarso Budi Pembangunan",
        "channel_id": "1000007$1$0$131",
        "cctv_in": "N",
        "cctv_out": "N",
        "masuk_kab": "N",
        "keluar_kab": "N",
        "keterangan": "checkpoint",
        "fungsi_jalan_cctv_id": 1,
        "masuk_prov": "N",
        "keluar_prov": "N",
        "is_active": 1,
        "cctv_category_id": 5,
        "hls_cctv": null,
        "channel_id_event": null,
        "kecamatan": "Medan Barat",
        "kota": null,
        "nama_objek_vital": null,
        "channel_id_enforcement": null,
        "cctv_id": "1a22c48f-0af9-47c2-aa97-7d0b6c7f24a6",
        "rtsp_cctv_dcc": null,
        "arah_cctv": "Timur",
        "radius": "50 Meter",
        "channel_code": null,
        "polda": "Polda Sumatera Utara",
        "polres": "POLRESTABES MEDAN",
        "fungsi_jalan": "ARTERI",
        "category": "DALAM KOTA",
        "in_out": null,
        "ket_in_out": null,
        "_region": "medan",
        "Satwil": "Polrestabes Medan"
      }
    },
    {
      "type": "Feature",
      "geometry": {
        "type": "Point",
        "coordinates": [
          98.653219,
          3.590131
        ]
      },
      "properties": {
        "rowid": 293,
        "nama_cctv": "CTV130 DSHB PTZ Ayahanda",
        "polda_id": "02",
        "polres_id": "24",
        "status": "hidup",
        "ctdby": "2027ORGANIK",
        "ctddate": "2023-10-26T17:00:00.000Z",
        "ctdtime": "20:00:00",
        "rtsp_cctv": "rtsp://satansheir:letyur13@172.16.90.58:554/cam/realmonitor?channel=130&subtype=1",
        "ctdupd": null,
        "instansi": "dishub",
        "jenis_cctv": "ANALYTIC",
        "nama_jalan_s": "Ayahanda",
        "channel_id": "1000007$1$0$129",
        "cctv_in": "N",
        "cctv_out": "N",
        "masuk_kab": "N",
        "keluar_kab": "N",
        "keterangan": "checkpoint",
        "fungsi_jalan_cctv_id": 1,
        "masuk_prov": "N",
        "keluar_prov": "N",
        "is_active": 1,
        "cctv_category_id": 5,
        "hls_cctv": null,
        "channel_id_event": null,
        "kecamatan": "Medan Petisah",
        "kota": null,
        "nama_objek_vital": null,
        "channel_id_enforcement": null,
        "cctv_id": "8a957e0d-e46d-4506-8496-c0fad5559e6e",
        "rtsp_cctv_dcc": null,
        "arah_cctv": "Utara",
        "radius": "50 Meter",
        "channel_code": null,
        "polda": "Polda Sumatera Utara",
        "polres": "POLRESTABES MEDAN",
        "fungsi_jalan": "ARTERI",
        "category": "DALAM KOTA",
        "in_out": null,
        "ket_in_out": null,
        "_region": "medan",
        "Satwil": "Polrestabes Medan"
      }
    },
    {
      "type": "Feature",
      "geometry": {
        "type": "Point",
        "coordinates": [
          98.68579,
          3.579605
        ]
      },
      "properties": {
        "rowid": 292,
        "nama_cctv": "CTV129 DSHB PTZ Rahmadsyah",
        "polda_id": "02",
        "polres_id": "24",
        "status": "hidup",
        "ctdby": "2027ORGANIK",
        "ctddate": "2023-10-26T17:00:00.000Z",
        "ctdtime": "20:00:00",
        "rtsp_cctv": "rtsp://satansheir:letyur13@172.16.90.58:554/cam/realmonitor?channel=129&subtype=1",
        "ctdupd": null,
        "instansi": "dishub",
        "jenis_cctv": "ANALYTIC",
        "nama_jalan_s": "Rahmadsyah",
        "channel_id": "1000007$1$0$128",
        "cctv_in": "N",
        "cctv_out": "N",
        "masuk_kab": "N",
        "keluar_kab": "N",
        "keterangan": "checkpoint",
        "fungsi_jalan_cctv_id": 1,
        "masuk_prov": "N",
        "keluar_prov": "N",
        "is_active": 1,
        "cctv_category_id": 5,
        "hls_cctv": null,
        "channel_id_event": null,
        "kecamatan": "Medan Kota",
        "kota": null,
        "nama_objek_vital": null,
        "channel_id_enforcement": null,
        "cctv_id": "a8e6d46f-9207-4d25-b4d2-69c594ca2067",
        "rtsp_cctv_dcc": null,
        "arah_cctv": "Utara",
        "radius": "69 meter",
        "channel_code": null,
        "polda": "Polda Sumatera Utara",
        "polres": "POLRESTABES MEDAN",
        "fungsi_jalan": "ARTERI",
        "category": "DALAM KOTA",
        "in_out": null,
        "ket_in_out": null,
        "_region": "medan",
        "Satwil": "Polrestabes Medan"
      }
    },
    {
      "type": "Feature",
      "geometry": {
        "type": "Point",
        "coordinates": [
          98.661051,
          3.571866
        ]
      },
      "properties": {
        "rowid": 291,
        "nama_cctv": "CTV128 DSHB PTZ JAMIN GINTING  ISKANDAR MUDA",
        "polda_id": "02",
        "polres_id": "24",
        "status": "hidup",
        "ctdby": "2027ORGANIK",
        "ctddate": "2023-10-26T17:00:00.000Z",
        "ctdtime": "20:00:00",
        "rtsp_cctv": "rtsp://satansheir:letyur13@172.16.90.58:554/cam/realmonitor?channel=128&subtype=0",
        "ctdupd": "2026-02-19T17:00:00.000Z",
        "instansi": "dishub",
        "jenis_cctv": "Analytic Checkpoint",
        "nama_jalan_s": "Jamin Ginting Iskandara Muda",
        "channel_id": "1000007$1$0$127",
        "cctv_in": "N",
        "cctv_out": "N",
        "masuk_kab": "N",
        "keluar_kab": "N",
        "keterangan": "checkpoint",
        "fungsi_jalan_cctv_id": 1,
        "masuk_prov": "N",
        "keluar_prov": "N",
        "is_active": 1,
        "cctv_category_id": 5,
        "hls_cctv": null,
        "channel_id_event": null,
        "kecamatan": "Medan Baru",
        "kota": "MEDAN",
        "nama_objek_vital": null,
        "channel_id_enforcement": null,
        "cctv_id": "8b50f214-3fb2-4824-bdf6-3f8eac866cdb",
        "rtsp_cctv_dcc": null,
        "arah_cctv": "Utara",
        "radius": "70 Meter",
        "channel_code": null,
        "polda": "Polda Sumatera Utara",
        "polres": "POLRESTABES MEDAN",
        "fungsi_jalan": "ARTERI",
        "category": "DALAM KOTA",
        "in_out": null,
        "ket_in_out": null,
        "_region": "medan",
        "Satwil": "Polrestabes Medan"
      }
    },
    {
      "type": "Feature",
      "geometry": {
        "type": "Point",
        "coordinates": [
          98.661931,
          3.57267
        ]
      },
      "properties": {
        "rowid": 290,
        "nama_cctv": "CTV127 DSHB PTZ Mongonsidi Pattimura",
        "polda_id": "02",
        "polres_id": "24",
        "status": "hidup",
        "ctdby": "2027ORGANIK",
        "ctddate": "2023-10-26T17:00:00.000Z",
        "ctdtime": "20:00:00",
        "rtsp_cctv": "rtsp://satansheir:letyur13@172.16.90.58:554/cam/realmonitor?channel=127&subtype=1",
        "ctdupd": null,
        "instansi": "dishub",
        "jenis_cctv": "ANALYTIC",
        "nama_jalan_s": "Mongonsidi Pattimura",
        "channel_id": "1000007$1$0$126",
        "cctv_in": "N",
        "cctv_out": "N",
        "masuk_kab": "N",
        "keluar_kab": "N",
        "keterangan": "checkpoint",
        "fungsi_jalan_cctv_id": 1,
        "masuk_prov": "N",
        "keluar_prov": "N",
        "is_active": 1,
        "cctv_category_id": 5,
        "hls_cctv": null,
        "channel_id_event": null,
        "kecamatan": "Medan Baru",
        "kota": null,
        "nama_objek_vital": null,
        "channel_id_enforcement": null,
        "cctv_id": "9378d30e-129b-43c7-ad2a-ef8d5d18d7f4",
        "rtsp_cctv_dcc": null,
        "arah_cctv": "Utara",
        "radius": "68 Meter",
        "channel_code": null,
        "polda": "Polda Sumatera Utara",
        "polres": "POLRESTABES MEDAN",
        "fungsi_jalan": "ARTERI",
        "category": "DALAM KOTA",
        "in_out": null,
        "ket_in_out": null,
        "_region": "medan",
        "Satwil": "Polrestabes Medan"
      }
    },
    {
      "type": "Feature",
      "geometry": {
        "type": "Point",
        "coordinates": [
          98.666687,
          3.577249
        ]
      },
      "properties": {
        "rowid": 289,
        "nama_cctv": "CTV126 DSHB PTZ Sudirman Ujung",
        "polda_id": "02",
        "polres_id": "24",
        "status": "hidup",
        "ctdby": "2027ORGANIK",
        "ctddate": "2023-10-26T17:00:00.000Z",
        "ctdtime": "20:00:00",
        "rtsp_cctv": "rtsp://satansheir:letyur13@172.16.90.58:554/cam/realmonitor?channel=126&subtype=1",
        "ctdupd": null,
        "instansi": "dishub",
        "jenis_cctv": "ANALYTIC",
        "nama_jalan_s": "Sudiman Ujung",
        "channel_id": "1000007$1$0$125",
        "cctv_in": "N",
        "cctv_out": "N",
        "masuk_kab": "N",
        "keluar_kab": "N",
        "keterangan": "checkpoint",
        "fungsi_jalan_cctv_id": 1,
        "masuk_prov": "N",
        "keluar_prov": "N",
        "is_active": 1,
        "cctv_category_id": 5,
        "hls_cctv": null,
        "channel_id_event": null,
        "kecamatan": "Medan Baru",
        "kota": null,
        "nama_objek_vital": null,
        "channel_id_enforcement": null,
        "cctv_id": "8467ab2e-9036-4aef-b522-39f302a7580c",
        "rtsp_cctv_dcc": null,
        "arah_cctv": "Timur",
        "radius": "68 Meter",
        "channel_code": null,
        "polda": "Polda Sumatera Utara",
        "polres": "POLRESTABES MEDAN",
        "fungsi_jalan": "ARTERI",
        "category": "DALAM KOTA",
        "in_out": null,
        "ket_in_out": null,
        "_region": "medan",
        "Satwil": "Polrestabes Medan"
      }
    },
    {
      "type": "Feature",
      "geometry": {
        "type": "Point",
        "coordinates": [
          98.678394,
          3.578638
        ]
      },
      "properties": {
        "rowid": 288,
        "nama_cctv": "CTV125 DSHB PTZ Pizza Hut",
        "polda_id": "02",
        "polres_id": "24",
        "status": "mati",
        "ctdby": "2027ORGANIK",
        "ctddate": "2023-10-26T17:00:00.000Z",
        "ctdtime": "20:00:00",
        "rtsp_cctv": "rtsp://satansheir:letyur13@172.16.90.58:554/cam/realmonitor?channel=125&subtype=0",
        "ctdupd": "2026-02-19T17:00:00.000Z",
        "instansi": "dishub",
        "jenis_cctv": "Analytic Checkpoint",
        "nama_jalan_s": "Pizza Hut",
        "channel_id": "1000007$1$0$124",
        "cctv_in": "N",
        "cctv_out": "N",
        "masuk_kab": "N",
        "keluar_kab": "N",
        "keterangan": "checkpoint",
        "fungsi_jalan_cctv_id": 1,
        "masuk_prov": "N",
        "keluar_prov": "N",
        "is_active": 1,
        "cctv_category_id": 5,
        "hls_cctv": null,
        "channel_id_event": "1000014$1$0$61",
        "kecamatan": "Medan Maimun",
        "kota": "MEDAN",
        "nama_objek_vital": null,
        "channel_id_enforcement": null,
        "cctv_id": "574cd453-2b57-491a-9224-8aaaba0b0aca",
        "rtsp_cctv_dcc": null,
        "arah_cctv": "Barat",
        "radius": "70 Meter",
        "channel_code": null,
        "polda": "Polda Sumatera Utara",
        "polres": "POLRESTABES MEDAN",
        "fungsi_jalan": "ARTERI",
        "category": "DALAM KOTA",
        "in_out": null,
        "ket_in_out": null,
        "_region": "medan",
        "Satwil": "Polrestabes Medan"
      }
    },
    {
      "type": "Feature",
      "geometry": {
        "type": "Point",
        "coordinates": [
          98.672821,
          3.583612
        ]
      },
      "properties": {
        "rowid": 287,
        "nama_cctv": "CTV124 DSHB PTZ BII",
        "polda_id": "02",
        "polres_id": "24",
        "status": "hidup",
        "ctdby": "2027ORGANIK",
        "ctddate": "2023-10-26T17:00:00.000Z",
        "ctdtime": "20:00:00",
        "rtsp_cctv": "rtsp://satansheir:letyur13@172.16.90.58:554/cam/realmonitor?channel=124&subtype=0",
        "ctdupd": "2026-02-19T17:00:00.000Z",
        "instansi": "dishub",
        "jenis_cctv": "Analytic Checkpoint",
        "nama_jalan_s": "BII",
        "channel_id": "1000007$1$0$123",
        "cctv_in": "N",
        "cctv_out": "N",
        "masuk_kab": "N",
        "keluar_kab": "N",
        "keterangan": "checkpoint",
        "fungsi_jalan_cctv_id": 1,
        "masuk_prov": "N",
        "keluar_prov": "N",
        "is_active": 1,
        "cctv_category_id": 5,
        "hls_cctv": null,
        "channel_id_event": null,
        "kecamatan": "Medan Petisah",
        "kota": "MEDAN",
        "nama_objek_vital": null,
        "channel_id_enforcement": null,
        "cctv_id": "70b53c8d-69fb-4ecb-9f31-56348acb310f",
        "rtsp_cctv_dcc": null,
        "arah_cctv": "Selatan",
        "radius": "69 Meter",
        "channel_code": null,
        "polda": "Polda Sumatera Utara",
        "polres": "POLRESTABES MEDAN",
        "fungsi_jalan": "ARTERI",
        "category": "DALAM KOTA",
        "in_out": null,
        "ket_in_out": null,
        "_region": "medan",
        "Satwil": "Polrestabes Medan"
      }
    },
    {
      "type": "Feature",
      "geometry": {
        "type": "Point",
        "coordinates": [
          98.628074,
          3.605344
        ]
      },
      "properties": {
        "rowid": 286,
        "nama_cctv": "CTV120 DSHB VID SIMP.Gaperta  Asrama 1",
        "polda_id": "02",
        "polres_id": "24",
        "status": "hidup",
        "ctdby": "2027ORGANIK",
        "ctddate": "2023-10-26T17:00:00.000Z",
        "ctdtime": "20:00:00",
        "rtsp_cctv": "rtsp://satansheir:letyur13@172.16.90.58:554/cam/realmonitor?channel=120&subtype=1",
        "ctdupd": null,
        "instansi": "dishub",
        "jenis_cctv": "ANALYTIC",
        "nama_jalan_s": "Simpang Gaperta Asrama",
        "channel_id": "1000007$1$0$119",
        "cctv_in": "N",
        "cctv_out": "N",
        "masuk_kab": "N",
        "keluar_kab": "N",
        "keterangan": "checkpoint",
        "fungsi_jalan_cctv_id": 1,
        "masuk_prov": "N",
        "keluar_prov": "N",
        "is_active": 1,
        "cctv_category_id": 5,
        "hls_cctv": null,
        "channel_id_event": "1000014$1$0$4",
        "kecamatan": "Medan Helvetia",
        "kota": null,
        "nama_objek_vital": null,
        "channel_id_enforcement": null,
        "cctv_id": "bfbee81e-9025-46e4-9660-10769144dc2e",
        "rtsp_cctv_dcc": null,
        "arah_cctv": "Utara",
        "radius": "-",
        "channel_code": null,
        "polda": "Polda Sumatera Utara",
        "polres": "POLRESTABES MEDAN",
        "fungsi_jalan": "ARTERI",
        "category": "DALAM KOTA",
        "in_out": null,
        "ket_in_out": null,
        "_region": "medan",
        "Satwil": "Polrestabes Medan"
      }
    },
    {
      "type": "Feature",
      "geometry": {
        "type": "Point",
        "coordinates": [
          98.671073,
          3.573573
        ]
      },
      "properties": {
        "rowid": 285,
        "nama_cctv": "CTV115 DSHB VID JUANDA WALIKOTA I1",
        "polda_id": "02",
        "polres_id": "24",
        "status": "hidup",
        "ctdby": "2027ORGANIK",
        "ctddate": "2023-10-26T17:00:00.000Z",
        "ctdtime": "20:00:00",
        "rtsp_cctv": "rtsp://satansheir:letyur13@172.16.90.58:554/cam/realmonitor?channel=115&subtype=0",
        "ctdupd": "2026-02-19T17:00:00.000Z",
        "instansi": "dishub",
        "jenis_cctv": "Analytic Checkpoint",
        "nama_jalan_s": "Juanda Walikota",
        "channel_id": "1000007$1$0$114",
        "cctv_in": "N",
        "cctv_out": "N",
        "masuk_kab": "N",
        "keluar_kab": "N",
        "keterangan": "checkpoint",
        "fungsi_jalan_cctv_id": 7,
        "masuk_prov": "N",
        "keluar_prov": "N",
        "is_active": 1,
        "cctv_category_id": 5,
        "hls_cctv": null,
        "channel_id_event": "1000014$1$0$60",
        "kecamatan": "Medan Polonia",
        "kota": "MEDAN",
        "nama_objek_vital": null,
        "channel_id_enforcement": null,
        "cctv_id": "4a9ae839-c43a-479a-bfe0-91726a7d2738",
        "rtsp_cctv_dcc": null,
        "arah_cctv": "Barat",
        "radius": "-",
        "channel_code": null,
        "polda": "Polda Sumatera Utara",
        "polres": "POLRESTABES MEDAN",
        "fungsi_jalan": null,
        "category": "DALAM KOTA",
        "in_out": null,
        "ket_in_out": null,
        "_region": "medan",
        "Satwil": "Polrestabes Medan"
      }
    },
    {
      "type": "Feature",
      "geometry": {
        "type": "Point",
        "coordinates": [
          98.670025,
          3.622271
        ]
      },
      "properties": {
        "rowid": 284,
        "nama_cctv": "CTV112 DSHB VID YOSUDARSO BUDI PEMBANGUNAN I1",
        "polda_id": "02",
        "polres_id": "24",
        "status": "hidup",
        "ctdby": "2027ORGANIK",
        "ctddate": "2023-10-26T17:00:00.000Z",
        "ctdtime": "20:00:00",
        "rtsp_cctv": "rtsp://satansheir:letyur13@172.16.90.58:554/cam/realmonitor?channel=112&subtype=1",
        "ctdupd": null,
        "instansi": "dishub",
        "jenis_cctv": "ANALYTIC",
        "nama_jalan_s": "Yosudarso Budi Pembangunan",
        "channel_id": "1000007$1$0$111",
        "cctv_in": "N",
        "cctv_out": "N",
        "masuk_kab": "N",
        "keluar_kab": "N",
        "keterangan": "checkpoint",
        "fungsi_jalan_cctv_id": 1,
        "masuk_prov": "N",
        "keluar_prov": "N",
        "is_active": 1,
        "cctv_category_id": 5,
        "hls_cctv": null,
        "channel_id_event": "1000014$1$0$18",
        "kecamatan": "Medan Barat",
        "kota": null,
        "nama_objek_vital": null,
        "channel_id_enforcement": null,
        "cctv_id": "0b3bfded-4961-4445-ac0f-c84cb7e00d66",
        "rtsp_cctv_dcc": null,
        "arah_cctv": "Selatan",
        "radius": "17 Meter",
        "channel_code": null,
        "polda": "Polda Sumatera Utara",
        "polres": "POLRESTABES MEDAN",
        "fungsi_jalan": "ARTERI",
        "category": "DALAM KOTA",
        "in_out": null,
        "ket_in_out": null,
        "_region": "medan",
        "Satwil": "Polrestabes Medan"
      }
    },
    {
      "type": "Feature",
      "geometry": {
        "type": "Point",
        "coordinates": [
          98.682628,
          3.595026
        ]
      },
      "properties": {
        "rowid": 283,
        "nama_cctv": "CTV111 DSHB VID SUTOMO YAMIN II1",
        "polda_id": "02",
        "polres_id": "24",
        "status": "hidup",
        "ctdby": "2027ORGANIK",
        "ctddate": "2023-10-26T17:00:00.000Z",
        "ctdtime": "20:00:00",
        "rtsp_cctv": "rtsp://satansheir:letyur13@172.16.90.58:554/cam/realmonitor?channel=111&subtype=1",
        "ctdupd": null,
        "instansi": "dishub",
        "jenis_cctv": "ANALYTIC",
        "nama_jalan_s": "Sutomo Yamin",
        "channel_id": "1000007$1$0$110",
        "cctv_in": "N",
        "cctv_out": "N",
        "masuk_kab": "N",
        "keluar_kab": "N",
        "keterangan": "checkpoint",
        "fungsi_jalan_cctv_id": 1,
        "masuk_prov": "N",
        "keluar_prov": "N",
        "is_active": 1,
        "cctv_category_id": 5,
        "hls_cctv": null,
        "channel_id_event": "1000014$1$0$5",
        "kecamatan": "Medan Timur",
        "kota": null,
        "nama_objek_vital": null,
        "channel_id_enforcement": null,
        "cctv_id": "363c6379-cd87-4a69-9a5b-94920035128f",
        "rtsp_cctv_dcc": null,
        "arah_cctv": "Selatan",
        "radius": "50 Meter",
        "channel_code": null,
        "polda": "Polda Sumatera Utara",
        "polres": "POLRESTABES MEDAN",
        "fungsi_jalan": "ARTERI",
        "category": "DALAM KOTA",
        "in_out": null,
        "ket_in_out": null,
        "_region": "medan",
        "Satwil": "Polrestabes Medan"
      }
    },
    {
      "type": "Feature",
      "geometry": {
        "type": "Point",
        "coordinates": [
          98.666648,
          3.577126
        ]
      },
      "properties": {
        "rowid": 282,
        "nama_cctv": "CTV108 DSHB VID SUDIRMAN UJUNG I1",
        "polda_id": "02",
        "polres_id": "24",
        "status": "mati",
        "ctdby": "2027ORGANIK",
        "ctddate": "2023-10-26T17:00:00.000Z",
        "ctdtime": "20:00:00",
        "rtsp_cctv": "rtsp://satansheir:letyur13@172.16.90.58:554/cam/realmonitor?channel=108&subtype=1",
        "ctdupd": null,
        "instansi": "dishub",
        "jenis_cctv": "ANALYTIC",
        "nama_jalan_s": "Sudirman Ujung",
        "channel_id": "1000007$1$0$107",
        "cctv_in": "N",
        "cctv_out": "N",
        "masuk_kab": "N",
        "keluar_kab": "N",
        "keterangan": "checkpoint",
        "fungsi_jalan_cctv_id": 1,
        "masuk_prov": "N",
        "keluar_prov": "N",
        "is_active": 1,
        "cctv_category_id": 5,
        "hls_cctv": null,
        "channel_id_event": "1000014$1$0$41",
        "kecamatan": "Medan Baru",
        "kota": null,
        "nama_objek_vital": null,
        "channel_id_enforcement": null,
        "cctv_id": "a64d8e7b-1d86-4d50-895d-ded3ef7862bb",
        "rtsp_cctv_dcc": null,
        "arah_cctv": "Selatan",
        "radius": "-",
        "channel_code": null,
        "polda": "Polda Sumatera Utara",
        "polres": "POLRESTABES MEDAN",
        "fungsi_jalan": "ARTERI",
        "category": "DALAM KOTA",
        "in_out": null,
        "ket_in_out": null,
        "_region": "medan",
        "Satwil": "Polrestabes Medan"
      }
    },
    {
      "type": "Feature",
      "geometry": {
        "type": "Point",
        "coordinates": [
          98.689358,
          3.572301
        ]
      },
      "properties": {
        "rowid": 281,
        "nama_cctv": "CTV107 DSHB VID HALAT I1",
        "polda_id": "02",
        "polres_id": "24",
        "status": "hidup",
        "ctdby": "2027ORGANIK",
        "ctddate": "2023-10-26T17:00:00.000Z",
        "ctdtime": "20:00:00",
        "rtsp_cctv": "rtsp://satansheir:letyur13@172.16.90.58:554/cam/realmonitor?channel=107&subtype=1",
        "ctdupd": null,
        "instansi": "dishub",
        "jenis_cctv": "ANALYTIC",
        "nama_jalan_s": "Halat",
        "channel_id": "1000007$1$0$106",
        "cctv_in": "N",
        "cctv_out": "N",
        "masuk_kab": "N",
        "keluar_kab": "N",
        "keterangan": "checkpoint",
        "fungsi_jalan_cctv_id": 1,
        "masuk_prov": "N",
        "keluar_prov": "N",
        "is_active": 1,
        "cctv_category_id": 5,
        "hls_cctv": null,
        "channel_id_event": "1000014$1$0$51",
        "kecamatan": "Medan Kota",
        "kota": null,
        "nama_objek_vital": null,
        "channel_id_enforcement": null,
        "cctv_id": "19e0970c-baeb-4794-82ec-74161d0979af",
        "rtsp_cctv_dcc": null,
        "arah_cctv": "Selatan",
        "radius": "42 Meter",
        "channel_code": null,
        "polda": "Polda Sumatera Utara",
        "polres": "POLRESTABES MEDAN",
        "fungsi_jalan": "ARTERI",
        "category": "DALAM KOTA",
        "in_out": null,
        "ket_in_out": null,
        "_region": "medan",
        "Satwil": "Polrestabes Medan"
      }
    },
    {
      "type": "Feature",
      "geometry": {
        "type": "Point",
        "coordinates": [
          98.652985,
          3.584924
        ]
      },
      "properties": {
        "rowid": 280,
        "nama_cctv": "CTV101 DSHB VID GAJAH MADADARUSSALAM 2",
        "polda_id": "02",
        "polres_id": "24",
        "status": "hidup",
        "ctdby": "2027ORGANIK",
        "ctddate": "2023-10-26T17:00:00.000Z",
        "ctdtime": "20:00:00",
        "rtsp_cctv": "rtsp://satansheir:letyur13@172.16.90.58:554/cam/realmonitor?channel=101&subtype=1",
        "ctdupd": null,
        "instansi": "dishub",
        "jenis_cctv": "ANALYTIC",
        "nama_jalan_s": "Gajah Mada Darussalam",
        "channel_id": "1000007$1$0$100",
        "cctv_in": "N",
        "cctv_out": "N",
        "masuk_kab": "N",
        "keluar_kab": "N",
        "keterangan": "checkpoint",
        "fungsi_jalan_cctv_id": 1,
        "masuk_prov": "N",
        "keluar_prov": "N",
        "is_active": 1,
        "cctv_category_id": 5,
        "hls_cctv": null,
        "channel_id_event": "1000014$1$0$55",
        "kecamatan": "Medan Sunggal",
        "kota": null,
        "nama_objek_vital": null,
        "channel_id_enforcement": null,
        "cctv_id": "ee2603f0-c3a8-47d6-879e-723d07ea5ab4",
        "rtsp_cctv_dcc": null,
        "arah_cctv": "Barat",
        "radius": "50 Meter",
        "channel_code": null,
        "polda": "Polda Sumatera Utara",
        "polres": "POLRESTABES MEDAN",
        "fungsi_jalan": "ARTERI",
        "category": "DALAM KOTA",
        "in_out": null,
        "ket_in_out": null,
        "_region": "medan",
        "Satwil": "Polrestabes Medan"
      }
    },
    {
      "type": "Feature",
      "geometry": {
        "type": "Point",
        "coordinates": [
          98.658276,
          3.589955
        ]
      },
      "properties": {
        "rowid": 279,
        "nama_cctv": "CTV100 DSHB VID GATSUSEI WAMPU 3",
        "polda_id": "02",
        "polres_id": "24",
        "status": "hidup",
        "ctdby": "2027ORGANIK",
        "ctddate": "2023-10-26T17:00:00.000Z",
        "ctdtime": "20:00:00",
        "rtsp_cctv": "rtsp://satansheir:letyur13@172.16.90.58:554/cam/realmonitor?channel=100&subtype=1",
        "ctdupd": null,
        "instansi": "dishub",
        "jenis_cctv": "ANALYTIC",
        "nama_jalan_s": "Gatsu Sei Wampu",
        "channel_id": "1000007$1$0$99",
        "cctv_in": "N",
        "cctv_out": "N",
        "masuk_kab": "N",
        "keluar_kab": "N",
        "keterangan": "checkpoint",
        "fungsi_jalan_cctv_id": 1,
        "masuk_prov": "N",
        "keluar_prov": "N",
        "is_active": 1,
        "cctv_category_id": 5,
        "hls_cctv": null,
        "channel_id_event": "1000014$1$0$10",
        "kecamatan": "Medan Baru",
        "kota": null,
        "nama_objek_vital": null,
        "channel_id_enforcement": null,
        "cctv_id": "02adbf2a-8cfd-41d1-b854-948ecc118098",
        "rtsp_cctv_dcc": null,
        "arah_cctv": "Selatan",
        "radius": "25 Meter",
        "channel_code": null,
        "polda": "Polda Sumatera Utara",
        "polres": "POLRESTABES MEDAN",
        "fungsi_jalan": "ARTERI",
        "category": "DALAM KOTA",
        "in_out": null,
        "ket_in_out": null,
        "_region": "medan",
        "Satwil": "Polrestabes Medan"
      }
    },
    {
      "type": "Feature",
      "geometry": {
        "type": "Point",
        "coordinates": [
          98.660941,
          3.567203
        ]
      },
      "properties": {
        "rowid": 278,
        "nama_cctv": "CTV098 DSHB VID J.GINTINGDR MANSYUR 2",
        "polda_id": "02",
        "polres_id": "24",
        "status": "hidup",
        "ctdby": "2027ORGANIK",
        "ctddate": "2023-10-26T17:00:00.000Z",
        "ctdtime": "20:00:00",
        "rtsp_cctv": "rtsp://satansheir:letyur13@172.16.90.58:554/cam/realmonitor?channel=98&subtype=1",
        "ctdupd": null,
        "instansi": "dishub",
        "jenis_cctv": "ANALYTIC",
        "nama_jalan_s": "Ginting Dr Mansyur",
        "channel_id": "1000007$1$0$97",
        "cctv_in": "N",
        "cctv_out": "N",
        "masuk_kab": "N",
        "keluar_kab": "N",
        "keterangan": "checkpoint",
        "fungsi_jalan_cctv_id": 1,
        "masuk_prov": "N",
        "keluar_prov": "N",
        "is_active": 1,
        "cctv_category_id": 5,
        "hls_cctv": null,
        "channel_id_event": null,
        "kecamatan": "Medan Baru",
        "kota": null,
        "nama_objek_vital": null,
        "channel_id_enforcement": null,
        "cctv_id": "001acf4c-c0ba-40cb-a033-02e008432b21",
        "rtsp_cctv_dcc": null,
        "arah_cctv": "Selatan",
        "radius": "10 Meter",
        "channel_code": null,
        "polda": "Polda Sumatera Utara",
        "polres": "POLRESTABES MEDAN",
        "fungsi_jalan": "ARTERI",
        "category": "DALAM KOTA",
        "in_out": null,
        "ket_in_out": null,
        "_region": "medan",
        "Satwil": "Polrestabes Medan"
      }
    },
    {
      "type": "Feature",
      "geometry": {
        "type": "Point",
        "coordinates": [
          98.677855,
          3.589887
        ]
      },
      "properties": {
        "rowid": 277,
        "nama_cctv": "CTV092 DSHB VID MERDEKA I2",
        "polda_id": "02",
        "polres_id": "24",
        "status": "mati",
        "ctdby": "2027ORGANIK",
        "ctddate": "2023-10-26T17:00:00.000Z",
        "ctdtime": "20:00:00",
        "rtsp_cctv": "rtsp://satansheir:letyur13@172.16.90.58:554/cam/realmonitor?channel=92&subtype=1",
        "ctdupd": null,
        "instansi": "dishub",
        "jenis_cctv": "ANALYTIC",
        "nama_jalan_s": "Merdeka 12",
        "channel_id": "1000007$1$0$91",
        "cctv_in": "N",
        "cctv_out": "N",
        "masuk_kab": "N",
        "keluar_kab": "N",
        "keterangan": "checkpoint",
        "fungsi_jalan_cctv_id": 1,
        "masuk_prov": "N",
        "keluar_prov": "N",
        "is_active": 1,
        "cctv_category_id": 5,
        "hls_cctv": null,
        "channel_id_event": "1000014$1$0$8",
        "kecamatan": "Medan Barat",
        "kota": null,
        "nama_objek_vital": null,
        "channel_id_enforcement": null,
        "cctv_id": "3afe53b0-98c2-4956-93b8-ec5ee5f4eee0",
        "rtsp_cctv_dcc": null,
        "arah_cctv": "Selatan",
        "radius": "20 Meter",
        "channel_code": null,
        "polda": "Polda Sumatera Utara",
        "polres": "POLRESTABES MEDAN",
        "fungsi_jalan": "ARTERI",
        "category": "DALAM KOTA",
        "in_out": null,
        "ket_in_out": null,
        "_region": "medan",
        "Satwil": "Polrestabes Medan"
      }
    },
    {
      "type": "Feature",
      "geometry": {
        "type": "Point",
        "coordinates": [
          98.681329,
          3.629665
        ]
      },
      "properties": {
        "rowid": 276,
        "nama_cctv": "CTV091 DSHB VID SIMP JL KRAKATU JLN CEMAR IV",
        "polda_id": "02",
        "polres_id": "24",
        "status": "mati",
        "ctdby": "2027ORGANIK",
        "ctddate": "2023-10-26T17:00:00.000Z",
        "ctdtime": "20:00:00",
        "rtsp_cctv": "rtsp://satansheir:letyur13@172.16.90.58:554/cam/realmonitor?channel=91&subtype=1",
        "ctdupd": null,
        "instansi": "dishub",
        "jenis_cctv": "ANALYTIC",
        "nama_jalan_s": "Simpang Krakatau jln Cemara IV",
        "channel_id": "1000007$1$0$90",
        "cctv_in": "N",
        "cctv_out": "N",
        "masuk_kab": "N",
        "keluar_kab": "N",
        "keterangan": "checkpoint",
        "fungsi_jalan_cctv_id": 1,
        "masuk_prov": "N",
        "keluar_prov": "N",
        "is_active": 1,
        "cctv_category_id": 5,
        "hls_cctv": null,
        "channel_id_event": "1000014$1$0$35",
        "kecamatan": "Medan Timur",
        "kota": null,
        "nama_objek_vital": null,
        "channel_id_enforcement": null,
        "cctv_id": "b655ae05-77cc-40c4-a7db-c400fe5a723a",
        "rtsp_cctv_dcc": null,
        "arah_cctv": "Utara",
        "radius": "30 Meter",
        "channel_code": null,
        "polda": "Polda Sumatera Utara",
        "polres": "POLRESTABES MEDAN",
        "fungsi_jalan": "ARTERI",
        "category": "DALAM KOTA",
        "in_out": null,
        "ket_in_out": null,
        "_region": "medan",
        "Satwil": "Polrestabes Medan"
      }
    },
    {
      "type": "Feature",
      "geometry": {
        "type": "Point",
        "coordinates": [
          98.6538906,
          3.5404375
        ]
      },
      "properties": {
        "rowid": 275,
        "nama_cctv": "CTV090 DSHB PTZ FLY OVER  SIMP. POS",
        "polda_id": "02",
        "polres_id": "24",
        "status": "hidup",
        "ctdby": "2027ORGANIK",
        "ctddate": "2023-10-26T17:00:00.000Z",
        "ctdtime": "20:00:00",
        "rtsp_cctv": "rtsp://satansheir:letyur13@172.16.90.58:554/cam/realmonitor?channel=90&subtype=1",
        "ctdupd": "2026-02-19T17:00:00.000Z",
        "instansi": "dishub",
        "jenis_cctv": "ANALYTIC",
        "nama_jalan_s": "GMR3+5HC, Medan City, North Sumatra, Indonesia",
        "channel_id": "1000007$1$0$89",
        "cctv_in": "N",
        "cctv_out": "N",
        "masuk_kab": "N",
        "keluar_kab": "N",
        "keterangan": "checkpoint",
        "fungsi_jalan_cctv_id": 1,
        "masuk_prov": "N",
        "keluar_prov": "N",
        "is_active": 1,
        "cctv_category_id": 5,
        "hls_cctv": null,
        "channel_id_event": null,
        "kecamatan": "MEDAN JOHOR",
        "kota": "MEDAN",
        "nama_objek_vital": null,
        "channel_id_enforcement": null,
        "cctv_id": "9ea23365-ba17-4c4b-932d-ac7a0a6465ea",
        "rtsp_cctv_dcc": null,
        "arah_cctv": "Selatan",
        "radius": "50 Meter",
        "channel_code": null,
        "polda": "Polda Sumatera Utara",
        "polres": "POLRESTABES MEDAN",
        "fungsi_jalan": "ARTERI",
        "category": "DALAM KOTA",
        "in_out": null,
        "ket_in_out": null,
        "_region": "medan",
        "Satwil": "Polrestabes Medan"
      }
    },
    {
      "type": "Feature",
      "geometry": {
        "type": "Point",
        "coordinates": [
          98.706181,
          3.58922
        ]
      },
      "properties": {
        "rowid": 274,
        "nama_cctv": "CTV089 DSHB PTZ AKSARA WAHIDIN",
        "polda_id": "02",
        "polres_id": "24",
        "status": "mati",
        "ctdby": "2027ORGANIK",
        "ctddate": "2023-10-26T17:00:00.000Z",
        "ctdtime": "20:00:00",
        "rtsp_cctv": "rtsp://satansheir:letyur13@172.16.90.58:554/cam/realmonitor?channel=89&subtype=1",
        "ctdupd": null,
        "instansi": "dishub",
        "jenis_cctv": "ANALYTIC",
        "nama_jalan_s": "Aksara Wahidin",
        "channel_id": "1000007$1$0$88",
        "cctv_in": "N",
        "cctv_out": "N",
        "masuk_kab": "N",
        "keluar_kab": "N",
        "keterangan": "checkpoint",
        "fungsi_jalan_cctv_id": 1,
        "masuk_prov": "N",
        "keluar_prov": "N",
        "is_active": 1,
        "cctv_category_id": 5,
        "hls_cctv": null,
        "channel_id_event": null,
        "kecamatan": "Medan Tembung",
        "kota": null,
        "nama_objek_vital": null,
        "channel_id_enforcement": null,
        "cctv_id": "2c4c2452-1738-4d60-bb7b-d81e627dd9f9",
        "rtsp_cctv_dcc": null,
        "arah_cctv": "Timur",
        "radius": "50 Meter",
        "channel_code": null,
        "polda": "Polda Sumatera Utara",
        "polres": "POLRESTABES MEDAN",
        "fungsi_jalan": "ARTERI",
        "category": "DALAM KOTA",
        "in_out": null,
        "ket_in_out": null,
        "_region": "medan",
        "Satwil": "Polrestabes Medan"
      }
    },
    {
      "type": "Feature",
      "geometry": {
        "type": "Point",
        "coordinates": [
          98.706272,
          3.594682
        ]
      },
      "properties": {
        "rowid": 273,
        "nama_cctv": "CTV088 DSHB PTZ AKSARA SEJATI",
        "polda_id": "02",
        "polres_id": "24",
        "status": "mati",
        "ctdby": "2027ORGANIK",
        "ctddate": "2023-10-26T17:00:00.000Z",
        "ctdtime": "20:00:00",
        "rtsp_cctv": "rtsp://satansheir:letyur13@172.16.90.58:554/cam/realmonitor?channel=88&subtype=1",
        "ctdupd": null,
        "instansi": "dishub",
        "jenis_cctv": "ANALYTIC",
        "nama_jalan_s": "Akasara Sejati",
        "channel_id": "1000007$1$0$87",
        "cctv_in": "N",
        "cctv_out": "N",
        "masuk_kab": "N",
        "keluar_kab": "N",
        "keterangan": "checkpoint",
        "fungsi_jalan_cctv_id": 1,
        "masuk_prov": "N",
        "keluar_prov": "N",
        "is_active": 1,
        "cctv_category_id": 5,
        "hls_cctv": null,
        "channel_id_event": null,
        "kecamatan": "Medan Tembung",
        "kota": null,
        "nama_objek_vital": null,
        "channel_id_enforcement": null,
        "cctv_id": "66214b36-cac9-416e-af7b-11b540cc42aa",
        "rtsp_cctv_dcc": null,
        "arah_cctv": "Selatan",
        "radius": "50 Meter",
        "channel_code": null,
        "polda": "Polda Sumatera Utara",
        "polres": "POLRESTABES MEDAN",
        "fungsi_jalan": "ARTERI",
        "category": "DALAM KOTA",
        "in_out": null,
        "ket_in_out": null,
        "_region": "medan",
        "Satwil": "Polrestabes Medan"
      }
    },
    {
      "type": "Feature",
      "geometry": {
        "type": "Point",
        "coordinates": [
          98.633173,
          3.526404
        ]
      },
      "properties": {
        "rowid": 272,
        "nama_cctv": "CTV087 DSHB PTZ GINTING SIMALINGKAR",
        "polda_id": "02",
        "polres_id": "24",
        "status": "hidup",
        "ctdby": "2027ORGANIK",
        "ctddate": "2023-10-26T17:00:00.000Z",
        "ctdtime": "20:00:00",
        "rtsp_cctv": "rtsp://satansheir:letyur13@172.16.90.58:554/cam/realmonitor?channel=87&subtype=1",
        "ctdupd": null,
        "instansi": "dishub",
        "jenis_cctv": "ANALYTIC",
        "nama_jalan_s": "Ginting Simalingkar",
        "channel_id": "1000007$1$0$86",
        "cctv_in": "N",
        "cctv_out": "N",
        "masuk_kab": "N",
        "keluar_kab": "N",
        "keterangan": "checkpoint",
        "fungsi_jalan_cctv_id": 1,
        "masuk_prov": "N",
        "keluar_prov": "N",
        "is_active": 1,
        "cctv_category_id": 5,
        "hls_cctv": null,
        "channel_id_event": null,
        "kecamatan": "Medan Tuntungan",
        "kota": null,
        "nama_objek_vital": null,
        "channel_id_enforcement": null,
        "cctv_id": "5b4ada59-bacd-425f-9c07-584ba150365a",
        "rtsp_cctv_dcc": null,
        "arah_cctv": "Timur",
        "radius": "40 Meter",
        "channel_code": null,
        "polda": "Polda Sumatera Utara",
        "polres": "POLRESTABES MEDAN",
        "fungsi_jalan": "ARTERI",
        "category": "DALAM KOTA",
        "in_out": null,
        "ket_in_out": null,
        "_region": "medan",
        "Satwil": "Polrestabes Medan"
      }
    },
    {
      "type": "Feature",
      "geometry": {
        "type": "Point",
        "coordinates": [
          98.62227,
          3.540908
        ]
      },
      "properties": {
        "rowid": 271,
        "nama_cctv": "CTV086 DSHB PTZ SETIABUDI FLAMBOYAN RAYA",
        "polda_id": "02",
        "polres_id": "24",
        "status": "hidup",
        "ctdby": "2027ORGANIK",
        "ctddate": "2023-10-26T17:00:00.000Z",
        "ctdtime": "20:00:00",
        "rtsp_cctv": "rtsp://satansheir:letyur13@172.16.90.58:554/cam/realmonitor?channel=86&subtype=1",
        "ctdupd": null,
        "instansi": "dishub",
        "jenis_cctv": "ANALYTIC",
        "nama_jalan_s": "Setiabudi Flamboyan Raya",
        "channel_id": "1000007$1$0$85",
        "cctv_in": "N",
        "cctv_out": "N",
        "masuk_kab": "N",
        "keluar_kab": "N",
        "keterangan": "checkpoint",
        "fungsi_jalan_cctv_id": 1,
        "masuk_prov": "N",
        "keluar_prov": "N",
        "is_active": 1,
        "cctv_category_id": 5,
        "hls_cctv": null,
        "channel_id_event": null,
        "kecamatan": "Medan Selayang",
        "kota": null,
        "nama_objek_vital": null,
        "channel_id_enforcement": null,
        "cctv_id": "0aeae269-fa4b-43ae-b478-c9381a801764",
        "rtsp_cctv_dcc": null,
        "arah_cctv": "Selatan",
        "radius": "50 Meter",
        "channel_code": null,
        "polda": "Polda Sumatera Utara",
        "polres": "POLRESTABES MEDAN",
        "fungsi_jalan": "ARTERI",
        "category": "DALAM KOTA",
        "in_out": null,
        "ket_in_out": null,
        "_region": "medan",
        "Satwil": "Polrestabes Medan"
      }
    },
    {
      "type": "Feature",
      "geometry": {
        "type": "Point",
        "coordinates": [
          98.717805,
          3.536489
        ]
      },
      "properties": {
        "rowid": 270,
        "nama_cctv": "CTV085 DSHB PTZ AMPLAS",
        "polda_id": "02",
        "polres_id": "24",
        "status": "hidup",
        "ctdby": "2027ORGANIK",
        "ctddate": "2023-10-26T17:00:00.000Z",
        "ctdtime": "20:00:00",
        "rtsp_cctv": "rtsp://satansheir:letyur13@172.16.90.58:554/cam/realmonitor?channel=85&subtype=1",
        "ctdupd": null,
        "instansi": "dishub",
        "jenis_cctv": "ANALYTIC",
        "nama_jalan_s": "Amplas",
        "channel_id": "1000007$1$0$84",
        "cctv_in": "N",
        "cctv_out": "N",
        "masuk_kab": "N",
        "keluar_kab": "N",
        "keterangan": "checkpoint",
        "fungsi_jalan_cctv_id": 1,
        "masuk_prov": "N",
        "keluar_prov": "N",
        "is_active": 1,
        "cctv_category_id": 5,
        "hls_cctv": null,
        "channel_id_event": null,
        "kecamatan": "Medan Amplas",
        "kota": null,
        "nama_objek_vital": null,
        "channel_id_enforcement": null,
        "cctv_id": "1338c3f9-fdc3-47d8-968a-e29a65990207",
        "rtsp_cctv_dcc": null,
        "arah_cctv": "Barat",
        "radius": "50 Meter",
        "channel_code": null,
        "polda": "Polda Sumatera Utara",
        "polres": "POLRESTABES MEDAN",
        "fungsi_jalan": "ARTERI",
        "category": "DALAM KOTA",
        "in_out": null,
        "ket_in_out": null,
        "_region": "medan",
        "Satwil": "Polrestabes Medan"
      }
    },
    {
      "type": "Feature",
      "geometry": {
        "type": "Point",
        "coordinates": [
          98.693062,
          3.562787
        ]
      },
      "properties": {
        "rowid": 269,
        "nama_cctv": "CTV084 DSHB PTZ SISINGAMARAJA PELANGI",
        "polda_id": "02",
        "polres_id": "24",
        "status": "hidup",
        "ctdby": "2027ORGANIK",
        "ctddate": "2023-10-26T17:00:00.000Z",
        "ctdtime": "20:00:00",
        "rtsp_cctv": "rtsp://satansheir:letyur13@172.16.90.58:554/cam/realmonitor?channel=84&subtype=1",
        "ctdupd": null,
        "instansi": "dishub",
        "jenis_cctv": "ANALYTIC",
        "nama_jalan_s": "Sisingamaharaja Pelangi",
        "channel_id": "1000007$1$0$83",
        "cctv_in": "N",
        "cctv_out": "N",
        "masuk_kab": "N",
        "keluar_kab": "N",
        "keterangan": "checkpoint",
        "fungsi_jalan_cctv_id": 1,
        "masuk_prov": "N",
        "keluar_prov": "N",
        "is_active": 1,
        "cctv_category_id": 5,
        "hls_cctv": null,
        "channel_id_event": null,
        "kecamatan": "Medan Kota",
        "kota": null,
        "nama_objek_vital": null,
        "channel_id_enforcement": null,
        "cctv_id": "6a22e0c7-9571-4851-a482-ee5ab8447682",
        "rtsp_cctv_dcc": null,
        "arah_cctv": "Timur",
        "radius": "80 Meter",
        "channel_code": null,
        "polda": "Polda Sumatera Utara",
        "polres": "POLRESTABES MEDAN",
        "fungsi_jalan": "ARTERI",
        "category": "DALAM KOTA",
        "in_out": null,
        "ket_in_out": null,
        "_region": "medan",
        "Satwil": "Polrestabes Medan"
      }
    },
    {
      "type": "Feature",
      "geometry": {
        "type": "Point",
        "coordinates": [
          98.689143,
          3.572588
        ]
      },
      "properties": {
        "rowid": 268,
        "nama_cctv": "CTV083 DSHB PTZ HALAT",
        "polda_id": "02",
        "polres_id": "24",
        "status": "hidup",
        "ctdby": "2027ORGANIK",
        "ctddate": "2023-10-26T17:00:00.000Z",
        "ctdtime": "20:00:00",
        "rtsp_cctv": "rtsp://satansheir:letyur13@172.16.90.58:554/cam/realmonitor?channel=83&subtype=0",
        "ctdupd": null,
        "instansi": "dishub",
        "jenis_cctv": "Analytic Checkpoint",
        "nama_jalan_s": "Halat",
        "channel_id": "1000007$1$0$82",
        "cctv_in": "N",
        "cctv_out": "N",
        "masuk_kab": "N",
        "keluar_kab": "N",
        "keterangan": "checkpoint",
        "fungsi_jalan_cctv_id": 7,
        "masuk_prov": "N",
        "keluar_prov": "N",
        "is_active": 1,
        "cctv_category_id": 5,
        "hls_cctv": null,
        "channel_id_event": null,
        "kecamatan": "Medan Kota",
        "kota": null,
        "nama_objek_vital": null,
        "channel_id_enforcement": null,
        "cctv_id": "82dfde8d-afa4-4de0-b71e-0a478f19b45c",
        "rtsp_cctv_dcc": null,
        "arah_cctv": "Utara",
        "radius": "55 Meter",
        "channel_code": null,
        "polda": "Polda Sumatera Utara",
        "polres": "POLRESTABES MEDAN",
        "fungsi_jalan": null,
        "category": "DALAM KOTA",
        "in_out": null,
        "ket_in_out": null,
        "_region": "medan",
        "Satwil": "Polrestabes Medan"
      }
    },
    {
      "type": "Feature",
      "geometry": {
        "type": "Point",
        "coordinates": [
          98.672917,
          3.586766
        ]
      },
      "properties": {
        "rowid": 267,
        "nama_cctv": "CTV082 DSHB VID LAPANGAN BENTENG 2",
        "polda_id": "02",
        "polres_id": "24",
        "status": "hidup",
        "ctdby": "2027ORGANIK",
        "ctddate": "2023-10-26T17:00:00.000Z",
        "ctdtime": "20:00:00",
        "rtsp_cctv": "rtsp://satansheir:letyur13@172.16.90.58:554/cam/realmonitor?channel=82&subtype=1",
        "ctdupd": null,
        "instansi": "dishub",
        "jenis_cctv": "ANALYTIC",
        "nama_jalan_s": "Lapangan Benteng",
        "channel_id": "1000007$1$0$81",
        "cctv_in": "N",
        "cctv_out": "N",
        "masuk_kab": "N",
        "keluar_kab": "N",
        "keterangan": "checkpoint",
        "fungsi_jalan_cctv_id": 1,
        "masuk_prov": "N",
        "keluar_prov": "N",
        "is_active": 1,
        "cctv_category_id": 5,
        "hls_cctv": null,
        "channel_id_event": null,
        "kecamatan": "Medan Petisah",
        "kota": null,
        "nama_objek_vital": null,
        "channel_id_enforcement": null,
        "cctv_id": "059272d9-ad90-4d07-b3cf-31b9d1aad77d",
        "rtsp_cctv_dcc": null,
        "arah_cctv": "Selatan",
        "radius": "20 Meter",
        "channel_code": null,
        "polda": "Polda Sumatera Utara",
        "polres": "POLRESTABES MEDAN",
        "fungsi_jalan": "ARTERI",
        "category": "DALAM KOTA",
        "in_out": null,
        "ket_in_out": null,
        "_region": "medan",
        "Satwil": "Polrestabes Medan"
      }
    },
    {
      "type": "Feature",
      "geometry": {
        "type": "Point",
        "coordinates": [
          98.673855,
          3.587073
        ]
      },
      "properties": {
        "rowid": 266,
        "nama_cctv": "CTV081 DSHB VID LAPANGAN BENTENG 1",
        "polda_id": "02",
        "polres_id": "24",
        "status": "hidup",
        "ctdby": "2027ORGANIK",
        "ctddate": "2023-10-26T17:00:00.000Z",
        "ctdtime": "20:00:00",
        "rtsp_cctv": "rtsp://satansheir:letyur13@172.16.90.58:554/cam/realmonitor?channel=81&subtype=1",
        "ctdupd": null,
        "instansi": "dishub",
        "jenis_cctv": "ANALYTIC",
        "nama_jalan_s": "Lapangan Benteng",
        "channel_id": "1000007$1$0$80",
        "cctv_in": "N",
        "cctv_out": "N",
        "masuk_kab": "N",
        "keluar_kab": "N",
        "keterangan": "checkpoint",
        "fungsi_jalan_cctv_id": 1,
        "masuk_prov": "N",
        "keluar_prov": "N",
        "is_active": 1,
        "cctv_category_id": 5,
        "hls_cctv": null,
        "channel_id_event": null,
        "kecamatan": "Medan Petisah",
        "kota": null,
        "nama_objek_vital": null,
        "channel_id_enforcement": null,
        "cctv_id": "611291e5-887e-4c72-8d51-8cf25a774dff",
        "rtsp_cctv_dcc": null,
        "arah_cctv": "Utara",
        "radius": "10 Meter",
        "channel_code": null,
        "polda": "Polda Sumatera Utara",
        "polres": "POLRESTABES MEDAN",
        "fungsi_jalan": "ARTERI",
        "category": "DALAM KOTA",
        "in_out": null,
        "ket_in_out": null,
        "_region": "medan",
        "Satwil": "Polrestabes Medan"
      }
    },
    {
      "type": "Feature",
      "geometry": {
        "type": "Point",
        "coordinates": [
          98.680656,
          3.584587
        ]
      },
      "properties": {
        "rowid": 264,
        "nama_cctv": "CTV079 DSHB VID KESAWAN I1",
        "polda_id": "02",
        "polres_id": "24",
        "status": "hidup",
        "ctdby": "2027ORGANIK",
        "ctddate": "2023-10-26T17:00:00.000Z",
        "ctdtime": "20:00:00",
        "rtsp_cctv": "rtsp://satansheir:letyur13@172.16.90.58:554/cam/realmonitor?channel=79&subtype=1",
        "ctdupd": null,
        "instansi": "dishub",
        "jenis_cctv": "ANALYTIC",
        "nama_jalan_s": "Kesawan",
        "channel_id": "1000007$1$0$78",
        "cctv_in": "N",
        "cctv_out": "N",
        "masuk_kab": "N",
        "keluar_kab": "N",
        "keterangan": "checkpoint",
        "fungsi_jalan_cctv_id": 1,
        "masuk_prov": "N",
        "keluar_prov": "N",
        "is_active": 1,
        "cctv_category_id": 5,
        "hls_cctv": null,
        "channel_id_event": null,
        "kecamatan": "Medan Maimun",
        "kota": null,
        "nama_objek_vital": null,
        "channel_id_enforcement": null,
        "cctv_id": "9792f4b7-3282-4268-9977-ca5c13de96c0",
        "rtsp_cctv_dcc": null,
        "arah_cctv": "Selatan",
        "radius": "17 Meter",
        "channel_code": null,
        "polda": "Polda Sumatera Utara",
        "polres": "POLRESTABES MEDAN",
        "fungsi_jalan": "ARTERI",
        "category": "DALAM KOTA",
        "in_out": null,
        "ket_in_out": null,
        "_region": "medan",
        "Satwil": "Polrestabes Medan"
      }
    },
    {
      "type": "Feature",
      "geometry": {
        "type": "Point",
        "coordinates": [
          98.66478,
          3.591671
        ]
      },
      "properties": {
        "rowid": 263,
        "nama_cctv": "CTV078 DSHB PTZ JL. GATOT SUBROTO SIMP JLN NIBUNG",
        "polda_id": "02",
        "polres_id": "24",
        "status": "hidup",
        "ctdby": "2027ORGANIK",
        "ctddate": "2023-10-26T17:00:00.000Z",
        "ctdtime": "20:00:00",
        "rtsp_cctv": "rtsp://satansheir:letyur13@172.16.90.58:554/cam/realmonitor?channel=78&subtype=0",
        "ctdupd": null,
        "instansi": "dishub",
        "jenis_cctv": "Analytic Checkpoint",
        "nama_jalan_s": "Gatot Subroto",
        "channel_id": "1000007$1$0$77",
        "cctv_in": "N",
        "cctv_out": "N",
        "masuk_kab": "N",
        "keluar_kab": "N",
        "keterangan": "checkpoint",
        "fungsi_jalan_cctv_id": 7,
        "masuk_prov": "N",
        "keluar_prov": "N",
        "is_active": 1,
        "cctv_category_id": 5,
        "hls_cctv": null,
        "channel_id_event": null,
        "kecamatan": "Medan Timur",
        "kota": null,
        "nama_objek_vital": null,
        "channel_id_enforcement": null,
        "cctv_id": "4f993fe8-805d-4e68-8820-3a798a43a72d",
        "rtsp_cctv_dcc": null,
        "arah_cctv": "Timur",
        "radius": "60 Meter",
        "channel_code": null,
        "polda": "Polda Sumatera Utara",
        "polres": "POLRESTABES MEDAN",
        "fungsi_jalan": null,
        "category": "DALAM KOTA",
        "in_out": null,
        "ket_in_out": null,
        "_region": "medan",
        "Satwil": "Polrestabes Medan"
      }
    },
    {
      "type": "Feature",
      "geometry": {
        "type": "Point",
        "coordinates": [
          98.65395,
          3.540423
        ]
      },
      "properties": {
        "rowid": 262,
        "nama_cctv": "CTV077 DSHB VID SIMPANG POS II-I",
        "polda_id": "02",
        "polres_id": "24",
        "status": "hidup",
        "ctdby": "2027ORGANIK",
        "ctddate": "2023-10-26T17:00:00.000Z",
        "ctdtime": "20:00:00",
        "rtsp_cctv": "rtsp://satansheir:letyur13@172.16.90.58:554/cam/realmonitor?channel=77&subtype=0",
        "ctdupd": null,
        "instansi": "dishub",
        "jenis_cctv": "Analytic",
        "nama_jalan_s": "Simpang Pos",
        "channel_id": "1000007$1$0$76",
        "cctv_in": "Y",
        "cctv_out": "N",
        "masuk_kab": "Y",
        "keluar_kab": "N",
        "keterangan": "checkpoint",
        "fungsi_jalan_cctv_id": 7,
        "masuk_prov": "N",
        "keluar_prov": "N",
        "is_active": 1,
        "cctv_category_id": 2,
        "hls_cctv": null,
        "channel_id_event": null,
        "kecamatan": "Medan Johor",
        "kota": null,
        "nama_objek_vital": null,
        "channel_id_enforcement": null,
        "cctv_id": "3c8a5e5a-61b4-410e-850f-a23587b4384c",
        "rtsp_cctv_dcc": null,
        "arah_cctv": "Selatan",
        "radius": "15 Meter",
        "channel_code": null,
        "polda": "Polda Sumatera Utara",
        "polres": "POLRESTABES MEDAN",
        "fungsi_jalan": null,
        "category": "BATAS KOTA",
        "in_out": "CCTV IN",
        "ket_in_out": "KOTA",
        "_region": "medan",
        "Satwil": "Polrestabes Medan"
      }
    },
    {
      "type": "Feature",
      "geometry": {
        "type": "Point",
        "coordinates": [
          98.654293,
          3.540512
        ]
      },
      "properties": {
        "rowid": 261,
        "nama_cctv": "CTV076 DSHB VID SIMPANG POS I-I",
        "polda_id": "02",
        "polres_id": "24",
        "status": "hidup",
        "ctdby": "2027ORGANIK",
        "ctddate": "2023-10-26T17:00:00.000Z",
        "ctdtime": "20:00:00",
        "rtsp_cctv": "rtsp://satansheir:letyur13@172.16.90.58:554/cam/realmonitor?channel=76&subtype=0",
        "ctdupd": null,
        "instansi": "dishub",
        "jenis_cctv": "Analytic Checkpoint",
        "nama_jalan_s": "Simpang Pos",
        "channel_id": "1000007$1$0$75",
        "cctv_in": "N",
        "cctv_out": "Y",
        "masuk_kab": "N",
        "keluar_kab": "Y",
        "keterangan": "checkpoint",
        "fungsi_jalan_cctv_id": 7,
        "masuk_prov": "N",
        "keluar_prov": "N",
        "is_active": 1,
        "cctv_category_id": 2,
        "hls_cctv": null,
        "channel_id_event": null,
        "kecamatan": "Medan Johor",
        "kota": null,
        "nama_objek_vital": null,
        "channel_id_enforcement": null,
        "cctv_id": "c42663eb-0199-4039-9e44-54fa3544fee0",
        "rtsp_cctv_dcc": null,
        "arah_cctv": "Timur",
        "radius": "20 Meter",
        "channel_code": null,
        "polda": "Polda Sumatera Utara",
        "polres": "POLRESTABES MEDAN",
        "fungsi_jalan": null,
        "category": "BATAS KOTA",
        "in_out": "CCTV OUT",
        "ket_in_out": "KOTA",
        "_region": "medan",
        "Satwil": "Polrestabes Medan"
      }
    },
    {
      "type": "Feature",
      "geometry": {
        "type": "Point",
        "coordinates": [
          98.626135,
          3.546363
        ]
      },
      "properties": {
        "rowid": 260,
        "nama_cctv": "CTV075 DSHB VID SETIA BUDI-INDUSTRI II 1",
        "polda_id": "02",
        "polres_id": "24",
        "status": "hidup",
        "ctdby": "2027ORGANIK",
        "ctddate": "2023-10-26T17:00:00.000Z",
        "ctdtime": "20:00:00",
        "rtsp_cctv": "rtsp://satansheir:letyur13@172.16.90.58:554/cam/realmonitor?channel=75&subtype=1",
        "ctdupd": null,
        "instansi": "dishub",
        "jenis_cctv": "ANALYTIC",
        "nama_jalan_s": "Setia Budi Industri",
        "channel_id": "1000007$1$0$74",
        "cctv_in": "N",
        "cctv_out": "N",
        "masuk_kab": "N",
        "keluar_kab": "N",
        "keterangan": "checkpoint",
        "fungsi_jalan_cctv_id": 1,
        "masuk_prov": "N",
        "keluar_prov": "N",
        "is_active": 1,
        "cctv_category_id": 5,
        "hls_cctv": null,
        "channel_id_event": null,
        "kecamatan": "Medan Selayang",
        "kota": null,
        "nama_objek_vital": null,
        "channel_id_enforcement": null,
        "cctv_id": "88a00b41-3d24-4a53-96cf-7783be370cc6",
        "rtsp_cctv_dcc": null,
        "arah_cctv": "Utara",
        "radius": "35 Meter",
        "channel_code": null,
        "polda": "Polda Sumatera Utara",
        "polres": "POLRESTABES MEDAN",
        "fungsi_jalan": "ARTERI",
        "category": "DALAM KOTA",
        "in_out": null,
        "ket_in_out": null,
        "_region": "medan",
        "Satwil": "Polrestabes Medan"
      }
    },
    {
      "type": "Feature",
      "geometry": {
        "type": "Point",
        "coordinates": [
          98.62635,
          3.54635
        ]
      },
      "properties": {
        "rowid": 259,
        "nama_cctv": "CTV074 DSHB VID SETIA BUDI INDUSTRI I 11",
        "polda_id": "02",
        "polres_id": "24",
        "status": "hidup",
        "ctdby": "2027ORGANIK",
        "ctddate": "2023-10-26T17:00:00.000Z",
        "ctdtime": "20:00:00",
        "rtsp_cctv": "rtsp://satansheir:letyur13@172.16.90.58:554/cam/realmonitor?channel=74&subtype=1",
        "ctdupd": null,
        "instansi": "dishub",
        "jenis_cctv": "ANALYTIC",
        "nama_jalan_s": "Setia Budi Industri",
        "channel_id": "1000007$1$0$73",
        "cctv_in": "N",
        "cctv_out": "N",
        "masuk_kab": "N",
        "keluar_kab": "N",
        "keterangan": "checkpoint",
        "fungsi_jalan_cctv_id": 1,
        "masuk_prov": "N",
        "keluar_prov": "N",
        "is_active": 1,
        "cctv_category_id": 5,
        "hls_cctv": null,
        "channel_id_event": "1000012$1$0$39",
        "kecamatan": "Medan Selayang",
        "kota": null,
        "nama_objek_vital": null,
        "channel_id_enforcement": null,
        "cctv_id": "0fc0566f-25d7-45b2-a532-a91171aa2c58",
        "rtsp_cctv_dcc": null,
        "arah_cctv": "Timur",
        "radius": "46 Meter",
        "channel_code": null,
        "polda": "Polda Sumatera Utara",
        "polres": "POLRESTABES MEDAN",
        "fungsi_jalan": "ARTERI",
        "category": "DALAM KOTA",
        "in_out": null,
        "ket_in_out": null,
        "_region": "medan",
        "Satwil": "Polrestabes Medan"
      }
    },
    {
      "type": "Feature",
      "geometry": {
        "type": "Point",
        "coordinates": [
          98.6766406,
          3.5808625
        ]
      },
      "properties": {
        "rowid": 258,
        "nama_cctv": "CTV073 DSHB PTZ CCTV Jl.Imam Bonjol Jl.Cut Mutia",
        "polda_id": "02",
        "polres_id": "24",
        "status": "hidup",
        "ctdby": "2027ORGANIK",
        "ctddate": "2023-10-26T17:00:00.000Z",
        "ctdtime": "20:00:00",
        "rtsp_cctv": "rtsp://satansheir:letyur13@172.16.90.58:554/cam/realmonitor?channel=73&subtype=0",
        "ctdupd": "2026-02-19T17:00:00.000Z",
        "instansi": "dishub",
        "jenis_cctv": "Analytic Checkpoint",
        "nama_jalan_s": "HMJG+8MR, Medan City, North Sumatra, Indonesia",
        "channel_id": "1000007$1$0$72",
        "cctv_in": "N",
        "cctv_out": "N",
        "masuk_kab": "N",
        "keluar_kab": "N",
        "keterangan": "checkpoint",
        "fungsi_jalan_cctv_id": 1,
        "masuk_prov": "N",
        "keluar_prov": "N",
        "is_active": 1,
        "cctv_category_id": 5,
        "hls_cctv": null,
        "channel_id_event": null,
        "kecamatan": "MEDAN MAIMUN",
        "kota": "MEDAN",
        "nama_objek_vital": null,
        "channel_id_enforcement": null,
        "cctv_id": "eb5a13e2-19e6-4355-a078-e62adb958281",
        "rtsp_cctv_dcc": null,
        "arah_cctv": "Utara",
        "radius": "60 Meter",
        "channel_code": null,
        "polda": "Polda Sumatera Utara",
        "polres": "POLRESTABES MEDAN",
        "fungsi_jalan": "ARTERI",
        "category": "DALAM KOTA",
        "in_out": null,
        "ket_in_out": null,
        "_region": "medan",
        "Satwil": "Polrestabes Medan"
      }
    },
    {
      "type": "Feature",
      "geometry": {
        "type": "Point",
        "coordinates": [
          98.678302,
          3.597181
        ]
      },
      "properties": {
        "rowid": 257,
        "nama_cctv": "CTV072 DSHB VID GAHARU PERINTIS 2",
        "polda_id": "02",
        "polres_id": "24",
        "status": "hidup",
        "ctdby": "2027ORGANIK",
        "ctddate": "2023-10-26T17:00:00.000Z",
        "ctdtime": "20:00:00",
        "rtsp_cctv": "rtsp://satansheir:letyur13@172.16.90.58:554/cam/realmonitor?channel=72&subtype=0",
        "ctdupd": null,
        "instansi": "dishub",
        "jenis_cctv": "Analytic Checkpoint",
        "nama_jalan_s": "Gaharu Perintis",
        "channel_id": "1000007$1$0$71",
        "cctv_in": "N",
        "cctv_out": "N",
        "masuk_kab": "N",
        "keluar_kab": "N",
        "keterangan": "checkpoint",
        "fungsi_jalan_cctv_id": 7,
        "masuk_prov": "N",
        "keluar_prov": "N",
        "is_active": 1,
        "cctv_category_id": 5,
        "hls_cctv": null,
        "channel_id_event": null,
        "kecamatan": "Medan Timur",
        "kota": null,
        "nama_objek_vital": null,
        "channel_id_enforcement": null,
        "cctv_id": "f983b5fe-6899-4d3a-8c1b-8a83b359dacd",
        "rtsp_cctv_dcc": null,
        "arah_cctv": "Utara",
        "radius": "16 Meter",
        "channel_code": null,
        "polda": "Polda Sumatera Utara",
        "polres": "POLRESTABES MEDAN",
        "fungsi_jalan": null,
        "category": "DALAM KOTA",
        "in_out": null,
        "ket_in_out": null,
        "_region": "medan",
        "Satwil": "Polrestabes Medan"
      }
    },
    {
      "type": "Feature",
      "geometry": {
        "type": "Point",
        "coordinates": [
          98.661286,
          3.58484
        ]
      },
      "properties": {
        "rowid": 256,
        "nama_cctv": "CTV071 DSHB VID GAJAH MADA ISMUD 2",
        "polda_id": "02",
        "polres_id": "24",
        "status": "hidup",
        "ctdby": "2027ORGANIK",
        "ctddate": "2023-10-26T17:00:00.000Z",
        "ctdtime": "20:00:00",
        "rtsp_cctv": "rtsp://satansheir:letyur13@172.16.90.58:554/cam/realmonitor?channel=71&subtype=1",
        "ctdupd": null,
        "instansi": "dishub",
        "jenis_cctv": "ANALYTIC",
        "nama_jalan_s": "Gajah Mada Ismud",
        "channel_id": "1000007$1$0$70",
        "cctv_in": "N",
        "cctv_out": "N",
        "masuk_kab": "N",
        "keluar_kab": "N",
        "keterangan": "checkpoint",
        "fungsi_jalan_cctv_id": 1,
        "masuk_prov": "N",
        "keluar_prov": "N",
        "is_active": 1,
        "cctv_category_id": 5,
        "hls_cctv": null,
        "channel_id_event": null,
        "kecamatan": "Medan Baru",
        "kota": null,
        "nama_objek_vital": null,
        "channel_id_enforcement": null,
        "cctv_id": "9bab816e-f925-40ff-95dd-b3b6420cbe12",
        "rtsp_cctv_dcc": null,
        "arah_cctv": "Utara",
        "radius": "30 Meter",
        "channel_code": null,
        "polda": "Polda Sumatera Utara",
        "polres": "POLRESTABES MEDAN",
        "fungsi_jalan": "ARTERI",
        "category": "DALAM KOTA",
        "in_out": null,
        "ket_in_out": null,
        "_region": "medan",
        "Satwil": "Polrestabes Medan"
      }
    },
    {
      "type": "Feature",
      "geometry": {
        "type": "Point",
        "coordinates": [
          98.661175,
          3.584349
        ]
      },
      "properties": {
        "rowid": 255,
        "nama_cctv": "CTV070 DSHB VID GAJAH MADA ISMUD 1",
        "polda_id": "02",
        "polres_id": "24",
        "status": "hidup",
        "ctdby": "2027ORGANIK",
        "ctddate": "2023-10-26T17:00:00.000Z",
        "ctdtime": "20:00:00",
        "rtsp_cctv": "rtsp://satansheir:letyur13@172.16.90.58:554/cam/realmonitor?channel=70&subtype=1",
        "ctdupd": null,
        "instansi": "dishub",
        "jenis_cctv": "ANALYTIC",
        "nama_jalan_s": "Gajah Mada Ismud",
        "channel_id": "1000007$1$0$69",
        "cctv_in": "N",
        "cctv_out": "N",
        "masuk_kab": "N",
        "keluar_kab": "N",
        "keterangan": "checkpoint",
        "fungsi_jalan_cctv_id": 1,
        "masuk_prov": "N",
        "keluar_prov": "N",
        "is_active": 1,
        "cctv_category_id": 5,
        "hls_cctv": null,
        "channel_id_event": null,
        "kecamatan": "Medan Baru",
        "kota": null,
        "nama_objek_vital": null,
        "channel_id_enforcement": null,
        "cctv_id": "009b6dbf-183e-435c-a5cf-baf6dea2ecb6",
        "rtsp_cctv_dcc": null,
        "arah_cctv": "Selatan",
        "radius": "30 Meter",
        "channel_code": null,
        "polda": "Polda Sumatera Utara",
        "polres": "POLRESTABES MEDAN",
        "fungsi_jalan": "ARTERI",
        "category": "DALAM KOTA",
        "in_out": null,
        "ket_in_out": null,
        "_region": "medan",
        "Satwil": "Polrestabes Medan"
      }
    },
    {
      "type": "Feature",
      "geometry": {
        "type": "Point",
        "coordinates": [
          98.644069,
          3.590682
        ]
      },
      "properties": {
        "rowid": 254,
        "nama_cctv": "CTV069 DSHB VID GATSU KPT MUSLIM 1",
        "polda_id": "02",
        "polres_id": "24",
        "status": "hidup",
        "ctdby": "2027ORGANIK",
        "ctddate": "2023-10-26T17:00:00.000Z",
        "ctdtime": "20:00:00",
        "rtsp_cctv": "rtsp://satansheir:letyur13@172.16.90.58:554/cam/realmonitor?channel=69&subtype=1",
        "ctdupd": null,
        "instansi": "dishub",
        "jenis_cctv": "ANALYTIC",
        "nama_jalan_s": "Gatsu KPT Muslim",
        "channel_id": "1000007$1$0$68",
        "cctv_in": "N",
        "cctv_out": "N",
        "masuk_kab": "N",
        "keluar_kab": "N",
        "keterangan": "checkpoint",
        "fungsi_jalan_cctv_id": 1,
        "masuk_prov": "N",
        "keluar_prov": "N",
        "is_active": 1,
        "cctv_category_id": 5,
        "hls_cctv": null,
        "channel_id_event": null,
        "kecamatan": "Medan Sunggal",
        "kota": null,
        "nama_objek_vital": null,
        "channel_id_enforcement": null,
        "cctv_id": "b6d5bd1f-e615-49da-9962-0a1b32bc7744",
        "rtsp_cctv_dcc": null,
        "arah_cctv": "Timur",
        "radius": "50 Meter",
        "channel_code": null,
        "polda": "Polda Sumatera Utara",
        "polres": "POLRESTABES MEDAN",
        "fungsi_jalan": "ARTERI",
        "category": "DALAM KOTA",
        "in_out": null,
        "ket_in_out": null,
        "_region": "medan",
        "Satwil": "Polrestabes Medan"
      }
    },
    {
      "type": "Feature",
      "geometry": {
        "type": "Point",
        "coordinates": [
          98.653085,
          3.590323
        ]
      },
      "properties": {
        "rowid": 253,
        "nama_cctv": "CTV068 DSHB VID GATSU AYAHANDA 2",
        "polda_id": "02",
        "polres_id": "24",
        "status": "hidup",
        "ctdby": "2027ORGANIK",
        "ctddate": "2023-10-26T17:00:00.000Z",
        "ctdtime": "20:00:00",
        "rtsp_cctv": "rtsp://satansheir:letyur13@172.16.90.58:554/cam/realmonitor?channel=68&subtype=1",
        "ctdupd": null,
        "instansi": "dishub",
        "jenis_cctv": "ANALYTIC",
        "nama_jalan_s": "Gatsu Ayahanda",
        "channel_id": "1000007$1$0$67",
        "cctv_in": "N",
        "cctv_out": "N",
        "masuk_kab": "N",
        "keluar_kab": "N",
        "keterangan": "checkpoint",
        "fungsi_jalan_cctv_id": 1,
        "masuk_prov": "N",
        "keluar_prov": "N",
        "is_active": 1,
        "cctv_category_id": 5,
        "hls_cctv": null,
        "channel_id_event": "1000012$1$0$25",
        "kecamatan": "Medan Petisah",
        "kota": null,
        "nama_objek_vital": null,
        "channel_id_enforcement": null,
        "cctv_id": "7c1457b0-2f3b-4076-9e2f-c952bea3ef9b",
        "rtsp_cctv_dcc": null,
        "arah_cctv": "Barat",
        "radius": "50 Meter",
        "channel_code": null,
        "polda": "Polda Sumatera Utara",
        "polres": "POLRESTABES MEDAN",
        "fungsi_jalan": "ARTERI",
        "category": "DALAM KOTA",
        "in_out": null,
        "ket_in_out": null,
        "_region": "medan",
        "Satwil": "Polrestabes Medan"
      }
    },
    {
      "type": "Feature",
      "geometry": {
        "type": "Point",
        "coordinates": [
          98.65835,
          3.589966
        ]
      },
      "properties": {
        "rowid": 251,
        "nama_cctv": "CTV066 DSHB VID GATSU SEI WAMPU 2",
        "polda_id": "02",
        "polres_id": "24",
        "status": "hidup",
        "ctdby": "2027ORGANIK",
        "ctddate": "2023-10-26T17:00:00.000Z",
        "ctdtime": "20:00:00",
        "rtsp_cctv": "rtsp://satansheir:letyur13@172.16.90.58:554/cam/realmonitor?channel=66&subtype=1",
        "ctdupd": null,
        "instansi": "dishub",
        "jenis_cctv": "ANALYTIC",
        "nama_jalan_s": "Gatsu Sei Wampu",
        "channel_id": "1000007$1$0$65",
        "cctv_in": "N",
        "cctv_out": "N",
        "masuk_kab": "N",
        "keluar_kab": "N",
        "keterangan": "checkpoint",
        "fungsi_jalan_cctv_id": 1,
        "masuk_prov": "N",
        "keluar_prov": "N",
        "is_active": 1,
        "cctv_category_id": 5,
        "hls_cctv": null,
        "channel_id_event": null,
        "kecamatan": "Medan Petisah",
        "kota": null,
        "nama_objek_vital": null,
        "channel_id_enforcement": null,
        "cctv_id": "e4962d76-21f7-42d6-8841-92056bde439a",
        "rtsp_cctv_dcc": null,
        "arah_cctv": "Timur",
        "radius": "50 Meter",
        "channel_code": null,
        "polda": "Polda Sumatera Utara",
        "polres": "POLRESTABES MEDAN",
        "fungsi_jalan": "ARTERI",
        "category": "DALAM KOTA",
        "in_out": null,
        "ket_in_out": null,
        "_region": "medan",
        "Satwil": "Polrestabes Medan"
      }
    },
    {
      "type": "Feature",
      "geometry": {
        "type": "Point",
        "coordinates": [
          98.658067,
          3.5901
        ]
      },
      "properties": {
        "rowid": 250,
        "nama_cctv": "CTV065 DSHB VID GATSU SEI WAMPU 1",
        "polda_id": "02",
        "polres_id": "24",
        "status": "hidup",
        "ctdby": "2027ORGANIK",
        "ctddate": "2023-10-26T17:00:00.000Z",
        "ctdtime": "20:00:00",
        "rtsp_cctv": "rtsp://satansheir:letyur13@172.16.90.58:554/cam/realmonitor?channel=65&subtype=1",
        "ctdupd": null,
        "instansi": "dishub",
        "jenis_cctv": "ANALYTIC",
        "nama_jalan_s": "Gatsu Sei Wampu",
        "channel_id": "1000007$1$0$64",
        "cctv_in": "N",
        "cctv_out": "N",
        "masuk_kab": "N",
        "keluar_kab": "N",
        "keterangan": "checkpoint",
        "fungsi_jalan_cctv_id": 1,
        "masuk_prov": "N",
        "keluar_prov": "N",
        "is_active": 1,
        "cctv_category_id": 5,
        "hls_cctv": null,
        "channel_id_event": "1000014$1$0$2",
        "kecamatan": "Medan Petisah",
        "kota": null,
        "nama_objek_vital": null,
        "channel_id_enforcement": null,
        "cctv_id": "1377edc0-a6f7-4429-9c58-baefa181e82d",
        "rtsp_cctv_dcc": null,
        "arah_cctv": "Barat",
        "radius": "50 Meter",
        "channel_code": null,
        "polda": "Polda Sumatera Utara",
        "polres": "POLRESTABES MEDAN",
        "fungsi_jalan": "ARTERI",
        "category": "DALAM KOTA",
        "in_out": null,
        "ket_in_out": null,
        "_region": "medan",
        "Satwil": "Polrestabes Medan"
      }
    },
    {
      "type": "Feature",
      "geometry": {
        "type": "Point",
        "coordinates": [
          98.661127,
          3.590723
        ]
      },
      "properties": {
        "rowid": 249,
        "nama_cctv": "CTV064 DSHB VID MEDAN PLAZA 2",
        "polda_id": "02",
        "polres_id": "24",
        "status": "hidup",
        "ctdby": "2027ORGANIK",
        "ctddate": "2023-10-26T17:00:00.000Z",
        "ctdtime": "20:00:00",
        "rtsp_cctv": "rtsp://satansheir:letyur13@172.16.90.58:554/cam/realmonitor?channel=64&subtype=1",
        "ctdupd": null,
        "instansi": "dishub",
        "jenis_cctv": "ANALYTIC",
        "nama_jalan_s": "Medan Plaza",
        "channel_id": "1000007$1$0$63",
        "cctv_in": "N",
        "cctv_out": "N",
        "masuk_kab": "N",
        "keluar_kab": "N",
        "keterangan": "checkpoint",
        "fungsi_jalan_cctv_id": 1,
        "masuk_prov": "N",
        "keluar_prov": "N",
        "is_active": 1,
        "cctv_category_id": 5,
        "hls_cctv": null,
        "channel_id_event": "1000012$1$0$11",
        "kecamatan": "Medan Petisah",
        "kota": null,
        "nama_objek_vital": null,
        "channel_id_enforcement": null,
        "cctv_id": "e36c4679-cbec-4638-ab88-1c859bd0e6f8",
        "rtsp_cctv_dcc": null,
        "arah_cctv": "Barat",
        "radius": "80 Meter",
        "channel_code": null,
        "polda": "Polda Sumatera Utara",
        "polres": "POLRESTABES MEDAN",
        "fungsi_jalan": "ARTERI",
        "category": "DALAM KOTA",
        "in_out": null,
        "ket_in_out": null,
        "_region": "medan",
        "Satwil": "Polrestabes Medan"
      }
    },
    {
      "type": "Feature",
      "geometry": {
        "type": "Point",
        "coordinates": [
          98.661707,
          3.590799
        ]
      },
      "properties": {
        "rowid": 248,
        "nama_cctv": "CTV063 DSHB VID MEDAN PLAZA 1",
        "polda_id": "02",
        "polres_id": "24",
        "status": "hidup",
        "ctdby": "2027ORGANIK",
        "ctddate": "2023-10-26T17:00:00.000Z",
        "ctdtime": "20:00:00",
        "rtsp_cctv": "rtsp://satansheir:letyur13@172.16.90.58:554/cam/realmonitor?channel=63&subtype=1",
        "ctdupd": null,
        "instansi": "dishub",
        "jenis_cctv": "ANALYTIC",
        "nama_jalan_s": "Medan Plaza",
        "channel_id": "1000007$1$0$62",
        "cctv_in": "N",
        "cctv_out": "N",
        "masuk_kab": "N",
        "keluar_kab": "N",
        "keterangan": "checkpoint",
        "fungsi_jalan_cctv_id": 1,
        "masuk_prov": "N",
        "keluar_prov": "N",
        "is_active": 1,
        "cctv_category_id": 5,
        "hls_cctv": null,
        "channel_id_event": "1000012$1$0$61",
        "kecamatan": "Medan Petisah",
        "kota": null,
        "nama_objek_vital": null,
        "channel_id_enforcement": null,
        "cctv_id": "73f31537-e772-4694-b24b-c88fbd472f3c",
        "rtsp_cctv_dcc": null,
        "arah_cctv": "Timur",
        "radius": "53 Meter",
        "channel_code": null,
        "polda": "Polda Sumatera Utara",
        "polres": "POLRESTABES MEDAN",
        "fungsi_jalan": "ARTERI",
        "category": "DALAM KOTA",
        "in_out": null,
        "ket_in_out": null,
        "_region": "medan",
        "Satwil": "Polrestabes Medan"
      }
    },
    {
      "type": "Feature",
      "geometry": {
        "type": "Point",
        "coordinates": [
          98.685762,
          3.587126
        ]
      },
      "properties": {
        "rowid": 247,
        "nama_cctv": "CTV062 DSHB VID MEDAN MALL 2",
        "polda_id": "02",
        "polres_id": "24",
        "status": "hidup",
        "ctdby": "2027ORGANIK",
        "ctddate": "2023-10-26T17:00:00.000Z",
        "ctdtime": "20:00:00",
        "rtsp_cctv": "rtsp://satansheir:letyur13@172.16.90.58:554/cam/realmonitor?channel=62&subtype=1",
        "ctdupd": null,
        "instansi": "dishub",
        "jenis_cctv": "ANALYTIC",
        "nama_jalan_s": "Medan Mall",
        "channel_id": "1000007$1$0$61",
        "cctv_in": "N",
        "cctv_out": "N",
        "masuk_kab": "N",
        "keluar_kab": "N",
        "keterangan": "checkpoint",
        "fungsi_jalan_cctv_id": 1,
        "masuk_prov": "N",
        "keluar_prov": "N",
        "is_active": 1,
        "cctv_category_id": 5,
        "hls_cctv": null,
        "channel_id_event": null,
        "kecamatan": "Medan Kota",
        "kota": null,
        "nama_objek_vital": null,
        "channel_id_enforcement": null,
        "cctv_id": "f5e78407-5166-4388-b3e9-7a490311e3d8",
        "rtsp_cctv_dcc": null,
        "arah_cctv": "Selatan",
        "radius": "30 Meter",
        "channel_code": null,
        "polda": "Polda Sumatera Utara",
        "polres": "POLRESTABES MEDAN",
        "fungsi_jalan": "ARTERI",
        "category": "DALAM KOTA",
        "in_out": null,
        "ket_in_out": null,
        "_region": "medan",
        "Satwil": "Polrestabes Medan"
      }
    },
    {
      "type": "Feature",
      "geometry": {
        "type": "Point",
        "coordinates": [
          98.685684,
          3.587156
        ]
      },
      "properties": {
        "rowid": 246,
        "nama_cctv": "CTV061 DSHB VID MEDAN MALL 1",
        "polda_id": "02",
        "polres_id": "24",
        "status": "hidup",
        "ctdby": "2027ORGANIK",
        "ctddate": "2023-10-26T17:00:00.000Z",
        "ctdtime": "20:00:00",
        "rtsp_cctv": "rtsp://satansheir:letyur13@172.16.90.58:554/cam/realmonitor?channel=61&subtype=1",
        "ctdupd": null,
        "instansi": "dishub",
        "jenis_cctv": "ANALYTIC",
        "nama_jalan_s": "Medan Mall",
        "channel_id": "1000007$1$0$60",
        "cctv_in": "N",
        "cctv_out": "N",
        "masuk_kab": "N",
        "keluar_kab": "N",
        "keterangan": "checkpoint",
        "fungsi_jalan_cctv_id": 1,
        "masuk_prov": "N",
        "keluar_prov": "N",
        "is_active": 1,
        "cctv_category_id": 5,
        "hls_cctv": null,
        "channel_id_event": null,
        "kecamatan": "Medan Kota",
        "kota": null,
        "nama_objek_vital": null,
        "channel_id_enforcement": null,
        "cctv_id": "e600b2b9-01ce-40b5-9d8b-4077c09c3749",
        "rtsp_cctv_dcc": null,
        "arah_cctv": "Barat",
        "radius": "30 Meter",
        "channel_code": null,
        "polda": "Polda Sumatera Utara",
        "polres": "POLRESTABES MEDAN",
        "fungsi_jalan": "ARTERI",
        "category": "DALAM KOTA",
        "in_out": null,
        "ket_in_out": null,
        "_region": "medan",
        "Satwil": "Polrestabes Medan"
      }
    },
    {
      "type": "Feature",
      "geometry": {
        "type": "Point",
        "coordinates": [
          98.68301559999999,
          3.5861375
        ]
      },
      "properties": {
        "rowid": 245,
        "nama_cctv": "CTV060 DSHB PTZ UNILAND",
        "polda_id": "02",
        "polres_id": "24",
        "status": "hidup",
        "ctdby": "2027ORGANIK",
        "ctddate": "2023-10-26T17:00:00.000Z",
        "ctdtime": "20:00:00",
        "rtsp_cctv": "rtsp://satansheir:letyur13@172.16.90.58:554/cam/realmonitor?channel=60&subtype=0",
        "ctdupd": "2026-02-19T17:00:00.000Z",
        "instansi": "dishub",
        "jenis_cctv": "Analytic Checkpoint",
        "nama_jalan_s": "HMPM+F62, Medan City, North Sumatra, Indonesia",
        "channel_id": "1000007$1$0$059",
        "cctv_in": "N",
        "cctv_out": "N",
        "masuk_kab": "N",
        "keluar_kab": "N",
        "keterangan": "checkpoint",
        "fungsi_jalan_cctv_id": 1,
        "masuk_prov": "N",
        "keluar_prov": "N",
        "is_active": 1,
        "cctv_category_id": 5,
        "hls_cctv": null,
        "channel_id_event": null,
        "kecamatan": "Medan Timur",
        "kota": "MEDAN",
        "nama_objek_vital": null,
        "channel_id_enforcement": null,
        "cctv_id": "69a45815-489a-40c5-a0f6-e22bedb10564",
        "rtsp_cctv_dcc": null,
        "arah_cctv": "Utara",
        "radius": "40 Meter",
        "channel_code": null,
        "polda": "Polda Sumatera Utara",
        "polres": "POLRESTABES MEDAN",
        "fungsi_jalan": "ARTERI",
        "category": "DALAM KOTA",
        "in_out": null,
        "ket_in_out": null,
        "_region": "medan",
        "Satwil": "Polrestabes Medan"
      }
    },
    {
      "type": "Feature",
      "geometry": {
        "type": "Point",
        "coordinates": [
          98.67726560000001,
          3.5780624999999997
        ]
      },
      "properties": {
        "rowid": 244,
        "nama_cctv": "CTV059 DSHB VID AIR MANCUR IMMANUEL 3",
        "polda_id": "02",
        "polres_id": "24",
        "status": "hidup",
        "ctdby": "2027ORGANIK",
        "ctddate": "2023-10-26T17:00:00.000Z",
        "ctdtime": "20:00:00",
        "rtsp_cctv": "rtsp://satansheir:letyur13@172.16.90.58:554/cam/realmonitor?channel=59&subtype=1",
        "ctdupd": "2026-02-19T17:00:00.000Z",
        "instansi": "dishub",
        "jenis_cctv": "ANALYTIC",
        "nama_jalan_s": "HMHG+6WC, Medan City, North Sumatra, Indonesia",
        "channel_id": "1000007$1$0$58",
        "cctv_in": "N",
        "cctv_out": "N",
        "masuk_kab": "N",
        "keluar_kab": "N",
        "keterangan": "checkpoint",
        "fungsi_jalan_cctv_id": 1,
        "masuk_prov": "N",
        "keluar_prov": "N",
        "is_active": 1,
        "cctv_category_id": 5,
        "hls_cctv": null,
        "channel_id_event": null,
        "kecamatan": "Medan Maimun",
        "kota": "MEDAN",
        "nama_objek_vital": null,
        "channel_id_enforcement": null,
        "cctv_id": "36e587a7-c880-470a-b6e3-8d13bd43cc3b",
        "rtsp_cctv_dcc": null,
        "arah_cctv": "Utara",
        "radius": "7 Meter",
        "channel_code": null,
        "polda": "Polda Sumatera Utara",
        "polres": "POLRESTABES MEDAN",
        "fungsi_jalan": "ARTERI",
        "category": "DALAM KOTA",
        "in_out": null,
        "ket_in_out": null,
        "_region": "medan",
        "Satwil": "Polrestabes Medan"
      }
    },
    {
      "type": "Feature",
      "geometry": {
        "type": "Point",
        "coordinates": [
          98.676351,
          3.577325
        ]
      },
      "properties": {
        "rowid": 243,
        "nama_cctv": "CTV058 DSHB VID AIR MANCUR IMMANUEL 2",
        "polda_id": "02",
        "polres_id": "24",
        "status": "hidup",
        "ctdby": "2027ORGANIK",
        "ctddate": "2023-10-26T17:00:00.000Z",
        "ctdtime": "20:00:00",
        "rtsp_cctv": "rtsp://satansheir:letyur13@172.16.90.58:554/cam/realmonitor?channel=58&subtype=1",
        "ctdupd": "2026-02-19T17:00:00.000Z",
        "instansi": "dishub",
        "jenis_cctv": "ANALYTIC",
        "nama_jalan_s": "HMHG+6WC, Medan City, North Sumatra, Indonesia",
        "channel_id": "1000007$1$0$57",
        "cctv_in": "N",
        "cctv_out": "N",
        "masuk_kab": "N",
        "keluar_kab": "N",
        "keterangan": "checkpoint",
        "fungsi_jalan_cctv_id": 1,
        "masuk_prov": "N",
        "keluar_prov": "N",
        "is_active": 1,
        "cctv_category_id": 5,
        "hls_cctv": null,
        "channel_id_event": null,
        "kecamatan": "Medan Maimun",
        "kota": "MEDAN",
        "nama_objek_vital": null,
        "channel_id_enforcement": null,
        "cctv_id": "814f3ba1-33e3-49a2-a8bc-75017b2c75f3",
        "rtsp_cctv_dcc": null,
        "arah_cctv": "Utara",
        "radius": "22 Meter",
        "channel_code": null,
        "polda": "Polda Sumatera Utara",
        "polres": "POLRESTABES MEDAN",
        "fungsi_jalan": "ARTERI",
        "category": "DALAM KOTA",
        "in_out": null,
        "ket_in_out": null,
        "_region": "medan",
        "Satwil": "Polrestabes Medan"
      }
    },
    {
      "type": "Feature",
      "geometry": {
        "type": "Point",
        "coordinates": [
          98.677362,
          3.577771
        ]
      },
      "properties": {
        "rowid": 242,
        "nama_cctv": "CTV057 DSHB VID AIR MANCUR IMMANUEL 1",
        "polda_id": "02",
        "polres_id": "24",
        "status": "hidup",
        "ctdby": "2027ORGANIK",
        "ctddate": "2023-10-26T17:00:00.000Z",
        "ctdtime": "20:00:00",
        "rtsp_cctv": "rtsp://satansheir:letyur13@172.16.90.58:554/cam/realmonitor?channel=57&subtype=0",
        "ctdupd": "2026-02-19T17:00:00.000Z",
        "instansi": "dishub",
        "jenis_cctv": "Analytic Checkpoint",
        "nama_jalan_s": "Air Mancur Immanuel",
        "channel_id": "1000007$1$0$56",
        "cctv_in": "N",
        "cctv_out": "N",
        "masuk_kab": "N",
        "keluar_kab": "N",
        "keterangan": "checkpoint",
        "fungsi_jalan_cctv_id": 7,
        "masuk_prov": "N",
        "keluar_prov": "N",
        "is_active": 1,
        "cctv_category_id": 5,
        "hls_cctv": null,
        "channel_id_event": null,
        "kecamatan": "Medan Maimun",
        "kota": null,
        "nama_objek_vital": null,
        "channel_id_enforcement": null,
        "cctv_id": "b1848c36-ad0b-4b90-aa93-4139e697b73c",
        "rtsp_cctv_dcc": null,
        "arah_cctv": "Timur",
        "radius": "30 Meter",
        "channel_code": null,
        "polda": "Polda Sumatera Utara",
        "polres": "POLRESTABES MEDAN",
        "fungsi_jalan": null,
        "category": "DALAM KOTA",
        "in_out": null,
        "ket_in_out": null,
        "_region": "medan",
        "Satwil": "Polrestabes Medan"
      }
    },
    {
      "type": "Feature",
      "geometry": {
        "type": "Point",
        "coordinates": [
          98.6731094,
          3.5894874999999997
        ]
      },
      "properties": {
        "rowid": 241,
        "nama_cctv": "CTV056 DSHB VID WISMA BENTENG 2",
        "polda_id": "02",
        "polres_id": "24",
        "status": "hidup",
        "ctdby": "2027ORGANIK",
        "ctddate": "2023-10-26T17:00:00.000Z",
        "ctdtime": "20:00:00",
        "rtsp_cctv": "rtsp://satansheir:letyur13@172.16.90.58:554/cam/realmonitor?channel=56&subtype=1",
        "ctdupd": "2026-02-19T17:00:00.000Z",
        "instansi": "dishub",
        "jenis_cctv": "ANALYTIC",
        "nama_jalan_s": "HMQF+Q6X, Medan City, North Sumatra, Indonesia",
        "channel_id": "1000007$1$0$55",
        "cctv_in": "N",
        "cctv_out": "N",
        "masuk_kab": "N",
        "keluar_kab": "N",
        "keterangan": "checkpoint",
        "fungsi_jalan_cctv_id": 1,
        "masuk_prov": "N",
        "keluar_prov": "N",
        "is_active": 1,
        "cctv_category_id": 5,
        "hls_cctv": null,
        "channel_id_event": "1000012$1$0$56",
        "kecamatan": "Medan Petisah",
        "kota": "MEDAN",
        "nama_objek_vital": null,
        "channel_id_enforcement": null,
        "cctv_id": "2edd1818-bf67-4106-a18a-60314df15cdd",
        "rtsp_cctv_dcc": null,
        "arah_cctv": "Selatan",
        "radius": "44 Meter",
        "channel_code": null,
        "polda": "Polda Sumatera Utara",
        "polres": "POLRESTABES MEDAN",
        "fungsi_jalan": "ARTERI",
        "category": "DALAM KOTA",
        "in_out": null,
        "ket_in_out": null,
        "_region": "medan",
        "Satwil": "Polrestabes Medan"
      }
    },
    {
      "type": "Feature",
      "geometry": {
        "type": "Point",
        "coordinates": [
          98.6730156,
          3.5895375
        ]
      },
      "properties": {
        "rowid": 240,
        "nama_cctv": "CTV055 DSHB VID WISMA BENTENG 1",
        "polda_id": "02",
        "polres_id": "24",
        "status": "hidup",
        "ctdby": "2027ORGANIK",
        "ctddate": "2023-10-26T17:00:00.000Z",
        "ctdtime": "20:00:00",
        "rtsp_cctv": "rtsp://satansheir:letyur13@172.16.90.58:554/cam/realmonitor?channel=55&subtype=1",
        "ctdupd": "2026-02-19T17:00:00.000Z",
        "instansi": "dishub",
        "jenis_cctv": "ANALYTIC",
        "nama_jalan_s": "HMQF+R66, Medan City, North Sumatra, Indonesia",
        "channel_id": "1000007$1$0$54",
        "cctv_in": "N",
        "cctv_out": "N",
        "masuk_kab": "N",
        "keluar_kab": "N",
        "keterangan": "checkpoint",
        "fungsi_jalan_cctv_id": 1,
        "masuk_prov": "N",
        "keluar_prov": "N",
        "is_active": 1,
        "cctv_category_id": 5,
        "hls_cctv": null,
        "channel_id_event": "1000012$1$0$26",
        "kecamatan": "Medan Petisah",
        "kota": "MEDAN",
        "nama_objek_vital": null,
        "channel_id_enforcement": null,
        "cctv_id": "89e9c838-8e0b-40a6-9ed4-677030dc0cfc",
        "rtsp_cctv_dcc": null,
        "arah_cctv": "Barat",
        "radius": "54 Meter",
        "channel_code": null,
        "polda": "Polda Sumatera Utara",
        "polres": "POLRESTABES MEDAN",
        "fungsi_jalan": "ARTERI",
        "category": "DALAM KOTA",
        "in_out": null,
        "ket_in_out": null,
        "_region": "medan",
        "Satwil": "Polrestabes Medan"
      }
    },
    {
      "type": "Feature",
      "geometry": {
        "type": "Point",
        "coordinates": [
          98.6690156,
          3.5935124999999997
        ]
      },
      "properties": {
        "rowid": 238,
        "nama_cctv": "CTV053 DSHB VID MAYESTIC 2",
        "polda_id": "02",
        "polres_id": "24",
        "status": "hidup",
        "ctdby": "2027ORGANIK",
        "ctddate": "2023-10-26T17:00:00.000Z",
        "ctdtime": "20:00:00",
        "rtsp_cctv": "rtsp://satansheir:letyur13@172.16.90.58:554/cam/realmonitor?channel=53&subtype=1",
        "ctdupd": "2026-02-19T17:00:00.000Z",
        "instansi": "dishub",
        "jenis_cctv": "ANALYTIC",
        "nama_jalan_s": "HMV9+CJ2, Medan City, North Sumatra, Indonesia",
        "channel_id": "1000007$1$0$52",
        "cctv_in": "N",
        "cctv_out": "N",
        "masuk_kab": "N",
        "keluar_kab": "N",
        "keterangan": "checkpoint",
        "fungsi_jalan_cctv_id": 1,
        "masuk_prov": "N",
        "keluar_prov": "N",
        "is_active": 1,
        "cctv_category_id": 5,
        "hls_cctv": null,
        "channel_id_event": null,
        "kecamatan": "Medan Petisah",
        "kota": "MEDAN",
        "nama_objek_vital": null,
        "channel_id_enforcement": null,
        "cctv_id": "1a1586fe-e0b0-4083-a83e-ff3b870b1083",
        "rtsp_cctv_dcc": null,
        "arah_cctv": "Timur",
        "radius": "14 Meter",
        "channel_code": null,
        "polda": "Polda Sumatera Utara",
        "polres": "POLRESTABES MEDAN",
        "fungsi_jalan": "ARTERI",
        "category": "DALAM KOTA",
        "in_out": null,
        "ket_in_out": null,
        "_region": "medan",
        "Satwil": "Polrestabes Medan"
      }
    },
    {
      "type": "Feature",
      "geometry": {
        "type": "Point",
        "coordinates": [
          98.682665,
          3.581329
        ]
      },
      "properties": {
        "rowid": 236,
        "nama_cctv": "CTV051 DSHB VID WASPADA 4",
        "polda_id": "02",
        "polres_id": "24",
        "status": "hidup",
        "ctdby": "2027ORGANIK",
        "ctddate": "2023-10-26T17:00:00.000Z",
        "ctdtime": "20:00:00",
        "rtsp_cctv": "rtsp://satansheir:letyur13@172.16.90.58:554/cam/realmonitor?channel=51&subtype=1",
        "ctdupd": null,
        "instansi": "dishub",
        "jenis_cctv": "ANALYTIC",
        "nama_jalan_s": "Simpang Waspada",
        "channel_id": "1000007$1$0$50",
        "cctv_in": "N",
        "cctv_out": "N",
        "masuk_kab": "N",
        "keluar_kab": "N",
        "keterangan": "checkpoint",
        "fungsi_jalan_cctv_id": 1,
        "masuk_prov": "N",
        "keluar_prov": "N",
        "is_active": 1,
        "cctv_category_id": 5,
        "hls_cctv": null,
        "channel_id_event": "1000012$1$0$54",
        "kecamatan": "Medan Maimun",
        "kota": null,
        "nama_objek_vital": null,
        "channel_id_enforcement": null,
        "cctv_id": "997ddcf9-b0d5-408e-82ff-fb53a24bfdd3",
        "rtsp_cctv_dcc": null,
        "arah_cctv": "Timur",
        "radius": "71 Meter",
        "channel_code": null,
        "polda": "Polda Sumatera Utara",
        "polres": "POLRESTABES MEDAN",
        "fungsi_jalan": "ARTERI",
        "category": "DALAM KOTA",
        "in_out": null,
        "ket_in_out": null,
        "_region": "medan",
        "Satwil": "Polrestabes Medan"
      }
    },
    {
      "type": "Feature",
      "geometry": {
        "type": "Point",
        "coordinates": [
          98.682465,
          3.581279
        ]
      },
      "properties": {
        "rowid": 235,
        "nama_cctv": "CTV050 DSHB VID WASPADA 2",
        "polda_id": "02",
        "polres_id": "24",
        "status": "hidup",
        "ctdby": "2027ORGANIK",
        "ctddate": "2023-10-26T17:00:00.000Z",
        "ctdtime": "20:00:00",
        "rtsp_cctv": "rtsp://satansheir:letyur13@172.16.90.58:554/cam/realmonitor?channel=50&subtype=1",
        "ctdupd": null,
        "instansi": "dishub",
        "jenis_cctv": "ANALYTIC",
        "nama_jalan_s": "Simpang Waspada",
        "channel_id": "1000007$1$0$49",
        "cctv_in": "N",
        "cctv_out": "N",
        "masuk_kab": "N",
        "keluar_kab": "N",
        "keterangan": "checkpoint",
        "fungsi_jalan_cctv_id": 1,
        "masuk_prov": "N",
        "keluar_prov": "N",
        "is_active": 1,
        "cctv_category_id": 5,
        "hls_cctv": null,
        "channel_id_event": null,
        "kecamatan": "Medan Maimun",
        "kota": null,
        "nama_objek_vital": null,
        "channel_id_enforcement": null,
        "cctv_id": "930bb324-77f7-414b-b8b2-326d6b8e7842",
        "rtsp_cctv_dcc": null,
        "arah_cctv": "Barat",
        "radius": "20 Meter",
        "channel_code": null,
        "polda": "Polda Sumatera Utara",
        "polres": "POLRESTABES MEDAN",
        "fungsi_jalan": "ARTERI",
        "category": "DALAM KOTA",
        "in_out": null,
        "ket_in_out": null,
        "_region": "medan",
        "Satwil": "Polrestabes Medan"
      }
    },
    {
      "type": "Feature",
      "geometry": {
        "type": "Point",
        "coordinates": [
          98.682586,
          3.581151
        ]
      },
      "properties": {
        "rowid": 234,
        "nama_cctv": "CTV049 DSHB VID WASPADA 1",
        "polda_id": "02",
        "polres_id": "24",
        "status": "hidup",
        "ctdby": "2027ORGANIK",
        "ctddate": "2023-10-26T17:00:00.000Z",
        "ctdtime": "20:00:00",
        "rtsp_cctv": "rtsp://satansheir:letyur13@172.16.90.58:554/cam/realmonitor?channel=49&subtype=1",
        "ctdupd": null,
        "instansi": "dishub",
        "jenis_cctv": "ANALYTIC",
        "nama_jalan_s": "Simpang Waspada",
        "channel_id": "1000007$1$0$48",
        "cctv_in": "N",
        "cctv_out": "N",
        "masuk_kab": "N",
        "keluar_kab": "N",
        "keterangan": "checkpoint",
        "fungsi_jalan_cctv_id": 1,
        "masuk_prov": "N",
        "keluar_prov": "N",
        "is_active": 1,
        "cctv_category_id": 5,
        "hls_cctv": null,
        "channel_id_event": null,
        "kecamatan": "Medan Maimun",
        "kota": null,
        "nama_objek_vital": null,
        "channel_id_enforcement": null,
        "cctv_id": "7444fc96-aac9-4d59-9bc4-807be74fcbec",
        "rtsp_cctv_dcc": null,
        "arah_cctv": "Selatan",
        "radius": "31 Meter",
        "channel_code": null,
        "polda": "Polda Sumatera Utara",
        "polres": "POLRESTABES MEDAN",
        "fungsi_jalan": "ARTERI",
        "category": "DALAM KOTA",
        "in_out": null,
        "ket_in_out": null,
        "_region": "medan",
        "Satwil": "Polrestabes Medan"
      }
    },
    {
      "type": "Feature",
      "geometry": {
        "type": "Point",
        "coordinates": [
          98.7440083,
          3.531776
        ]
      },
      "properties": {
        "rowid": 233,
        "nama_cctv": "CTV048 KORLAN DEPAN KOMPLEK TAMAN RIVERA",
        "polda_id": "02",
        "polres_id": "24",
        "status": "hidup",
        "ctdby": "2027ORGANIK",
        "ctddate": "2023-10-26T17:00:00.000Z",
        "ctdtime": "20:00:00",
        "rtsp_cctv": "rtsp://satansheir:letyur13@172.16.90.58:554/cam/realmonitor?channel=48&subtype=1",
        "ctdupd": "2026-02-19T17:00:00.000Z",
        "instansi": "KORLANTAS",
        "jenis_cctv": "ANALYTIC",
        "nama_jalan_s": "Depan Komplek Taman Rivera",
        "channel_id": "1000007$1$0$47",
        "cctv_in": "N",
        "cctv_out": "N",
        "masuk_kab": "N",
        "keluar_kab": "N",
        "keterangan": "checkpoint",
        "fungsi_jalan_cctv_id": 1,
        "masuk_prov": "N",
        "keluar_prov": "N",
        "is_active": 1,
        "cctv_category_id": 5,
        "hls_cctv": null,
        "channel_id_event": "1000014$1$0$20",
        "kecamatan": "Medan Amplas",
        "kota": null,
        "nama_objek_vital": null,
        "channel_id_enforcement": null,
        "cctv_id": "a999ac29-03cd-4e7e-84ae-40aec75dcb5b",
        "rtsp_cctv_dcc": null,
        "arah_cctv": "Timur",
        "radius": "50 Meter",
        "channel_code": null,
        "polda": "Polda Sumatera Utara",
        "polres": "POLRESTABES MEDAN",
        "fungsi_jalan": "ARTERI",
        "category": "DALAM KOTA",
        "in_out": null,
        "ket_in_out": null,
        "_region": "medan",
        "Satwil": "Polrestabes Medan"
      }
    },
    {
      "type": "Feature",
      "geometry": {
        "type": "Point",
        "coordinates": [
          98.5560645,
          3.2826623
        ]
      },
      "properties": {
        "rowid": 232,
        "nama_cctv": "CTV047 KORLAN GREENHILL",
        "polda_id": "02",
        "polres_id": "24",
        "status": "mati",
        "ctdby": "2027ORGANIK",
        "ctddate": "2023-10-26T17:00:00.000Z",
        "ctdtime": "20:00:00",
        "rtsp_cctv": "rtsp://satansheir:letyur13@172.16.90.58:554/cam/realmonitor?channel=47&subtype=1",
        "ctdupd": "2026-02-19T17:00:00.000Z",
        "instansi": "KORLANTAS",
        "jenis_cctv": "ANALYTIC",
        "nama_jalan_s": "Greenhill",
        "channel_id": "1000007$1$0$46",
        "cctv_in": "N",
        "cctv_out": "N",
        "masuk_kab": "N",
        "keluar_kab": "N",
        "keterangan": "checkpoint",
        "fungsi_jalan_cctv_id": 1,
        "masuk_prov": "N",
        "keluar_prov": "N",
        "is_active": 1,
        "cctv_category_id": 5,
        "hls_cctv": null,
        "channel_id_event": "1000014$1$0$53",
        "kecamatan": "Sibolangit",
        "kota": null,
        "nama_objek_vital": null,
        "channel_id_enforcement": null,
        "cctv_id": "747c22a1-d36a-4836-8c0f-a5588ec19c91",
        "rtsp_cctv_dcc": null,
        "arah_cctv": "Utara",
        "radius": "-",
        "channel_code": null,
        "polda": "Polda Sumatera Utara",
        "polres": "POLRESTABES MEDAN",
        "fungsi_jalan": "ARTERI",
        "category": "DALAM KOTA",
        "in_out": null,
        "ket_in_out": null,
        "_region": "medan",
        "Satwil": "Polrestabes Medan"
      }
    },
    {
      "type": "Feature",
      "geometry": {
        "type": "Point",
        "coordinates": [
          98.67673,
          3.541619
        ]
      },
      "properties": {
        "rowid": 231,
        "nama_cctv": "CTV046 KORLAN KEJAKSAAN TINGGI SUMUT",
        "polda_id": "02",
        "polres_id": "24",
        "status": "mati",
        "ctdby": "2027ORGANIK",
        "ctddate": "2023-10-26T17:00:00.000Z",
        "ctdtime": "20:00:00",
        "rtsp_cctv": "rtsp://satansheir:letyur13@172.16.90.58:554/cam/realmonitor?channel=46&subtype=1",
        "ctdupd": "2026-02-19T17:00:00.000Z",
        "instansi": "KORLANTAS",
        "jenis_cctv": "ANALYTIC",
        "nama_jalan_s": "Kejaksaan Tinggi Sumut",
        "channel_id": "1000007$1$0$45",
        "cctv_in": "N",
        "cctv_out": "N",
        "masuk_kab": "N",
        "keluar_kab": "N",
        "keterangan": "checkpoint",
        "fungsi_jalan_cctv_id": 1,
        "masuk_prov": "N",
        "keluar_prov": "N",
        "is_active": 1,
        "cctv_category_id": 5,
        "hls_cctv": null,
        "channel_id_event": null,
        "kecamatan": "Medan Johor",
        "kota": null,
        "nama_objek_vital": null,
        "channel_id_enforcement": null,
        "cctv_id": "f02b96a8-b3ee-4ad5-aea4-6312705f2830",
        "rtsp_cctv_dcc": null,
        "arah_cctv": "Barat",
        "radius": "30 Meter",
        "channel_code": null,
        "polda": "Polda Sumatera Utara",
        "polres": "POLRESTABES MEDAN",
        "fungsi_jalan": "ARTERI",
        "category": "DALAM KOTA",
        "in_out": null,
        "ket_in_out": null,
        "_region": "medan",
        "Satwil": "Polrestabes Medan"
      }
    },
    {
      "type": "Feature",
      "geometry": {
        "type": "Point",
        "coordinates": [
          98.693363,
          3.565
        ]
      },
      "properties": {
        "rowid": 230,
        "nama_cctv": "CTV193 DSHB PTZ CTV Jl.Stadiun",
        "polda_id": "02",
        "polres_id": "24",
        "status": "hidup",
        "ctdby": "2027ORGANIK",
        "ctddate": "2023-10-26T17:00:00.000Z",
        "ctdtime": "20:00:00",
        "rtsp_cctv": "rtsp://satansheir:letyur13@172.16.90.58:554/cam/realmonitor?channel=193&subtype=1",
        "ctdupd": null,
        "instansi": "dishub",
        "jenis_cctv": "ANALYTIC",
        "nama_jalan_s": "Jalan Stadiun",
        "channel_id": "1000007$1$0$192",
        "cctv_in": "N",
        "cctv_out": "N",
        "masuk_kab": "N",
        "keluar_kab": "N",
        "keterangan": "checkpoint",
        "fungsi_jalan_cctv_id": 1,
        "masuk_prov": "N",
        "keluar_prov": "N",
        "is_active": 1,
        "cctv_category_id": 5,
        "hls_cctv": null,
        "channel_id_event": null,
        "kecamatan": "Medan Kota",
        "kota": null,
        "nama_objek_vital": null,
        "channel_id_enforcement": null,
        "cctv_id": "af914a95-5e8c-473e-8260-a9a1572044ba",
        "rtsp_cctv_dcc": null,
        "arah_cctv": "Utara",
        "radius": "50 Meter",
        "channel_code": null,
        "polda": "Polda Sumatera Utara",
        "polres": "POLRESTABES MEDAN",
        "fungsi_jalan": "ARTERI",
        "category": "DALAM KOTA",
        "in_out": null,
        "ket_in_out": null,
        "_region": "medan",
        "Satwil": "Polrestabes Medan"
      }
    },
    {
      "type": "Feature",
      "geometry": {
        "type": "Point",
        "coordinates": [
          98.684941,
          3.575514
        ]
      },
      "properties": {
        "rowid": 226,
        "nama_cctv": "CTV121 DSHB PTZ Istana Maimun",
        "polda_id": "02",
        "polres_id": "24",
        "status": "hidup",
        "ctdby": "2027ORGANIK",
        "ctddate": "2023-10-26T17:00:00.000Z",
        "ctdtime": "20:00:00",
        "rtsp_cctv": "rtsp://satansheir:letyur13@172.16.90.58:554/cam/realmonitor?channel=121&subtype=1",
        "ctdupd": null,
        "instansi": "dishub",
        "jenis_cctv": "ANALYTIC",
        "nama_jalan_s": "Istana Maimun",
        "channel_id": "1000007$1$0$120",
        "cctv_in": "N",
        "cctv_out": "N",
        "masuk_kab": "N",
        "keluar_kab": "N",
        "keterangan": "checkpoint",
        "fungsi_jalan_cctv_id": 1,
        "masuk_prov": "N",
        "keluar_prov": "N",
        "is_active": 1,
        "cctv_category_id": 5,
        "hls_cctv": null,
        "channel_id_event": "1000014$1$0$11",
        "kecamatan": "Medan Maimun",
        "kota": null,
        "nama_objek_vital": null,
        "channel_id_enforcement": null,
        "cctv_id": "0534b0e3-19ae-4c8e-bed6-b9025b70484e",
        "rtsp_cctv_dcc": null,
        "arah_cctv": "Selatan",
        "radius": "70 Meter",
        "channel_code": null,
        "polda": "Polda Sumatera Utara",
        "polres": "POLRESTABES MEDAN",
        "fungsi_jalan": "ARTERI",
        "category": "DALAM KOTA",
        "in_out": null,
        "ket_in_out": null,
        "_region": "medan",
        "Satwil": "Polrestabes Medan"
      }
    },
    {
      "type": "Feature",
      "geometry": {
        "type": "Point",
        "coordinates": [
          98.669029,
          3.593329
        ]
      },
      "properties": {
        "rowid": 225,
        "nama_cctv": "CTV094 DSHB PTZ Mayestic",
        "polda_id": "02",
        "polres_id": "24",
        "status": "mati",
        "ctdby": "2027ORGANIK",
        "ctddate": "2023-10-26T17:00:00.000Z",
        "ctdtime": "20:00:00",
        "rtsp_cctv": "rtsp://satansheir:letyur13@172.16.90.58:554/cam/realmonitor?channel=94&subtype=1",
        "ctdupd": "2026-03-05T17:00:00.000Z",
        "instansi": "dishub",
        "jenis_cctv": "ANALYTIC",
        "nama_jalan_s": "Kesawan",
        "channel_id": "1000007$1$0$93",
        "cctv_in": "N",
        "cctv_out": "N",
        "masuk_kab": "N",
        "keluar_kab": "N",
        "keterangan": "checkpoint",
        "fungsi_jalan_cctv_id": 1,
        "masuk_prov": "N",
        "keluar_prov": "N",
        "is_active": 1,
        "cctv_category_id": 5,
        "hls_cctv": null,
        "channel_id_event": null,
        "kecamatan": "Medan Maimun",
        "kota": null,
        "nama_objek_vital": null,
        "channel_id_enforcement": null,
        "cctv_id": "0706c649-f08e-4ff4-8690-1478ae36a522",
        "rtsp_cctv_dcc": null,
        "arah_cctv": "Utara",
        "radius": "70 Meter",
        "channel_code": null,
        "polda": "Polda Sumatera Utara",
        "polres": "POLRESTABES MEDAN",
        "fungsi_jalan": "ARTERI",
        "category": "DALAM KOTA",
        "in_out": null,
        "ket_in_out": null,
        "_region": "medan",
        "Satwil": "Polrestabes Medan"
      }
    },
    {
      "type": "Feature",
      "geometry": {
        "type": "Point",
        "coordinates": [
          98.684905,
          3.575613
        ]
      },
      "properties": {
        "rowid": 224,
        "nama_cctv": "CTV045 DSHB VID ISTANA MAIMUN SIMP WASPADA",
        "polda_id": "02",
        "polres_id": "24",
        "status": "hidup",
        "ctdby": "2027ORGANIK",
        "ctddate": "2023-10-26T17:00:00.000Z",
        "ctdtime": "20:00:00",
        "rtsp_cctv": "rtsp://satansheir:letyur13@172.16.90.58:554/cam/realmonitor?channel=45&subtype=1",
        "ctdupd": null,
        "instansi": "dishub",
        "jenis_cctv": "ANALYTIC",
        "nama_jalan_s": "Istana Maimun Simpang Waspada",
        "channel_id": "1000007$1$0$44",
        "cctv_in": "N",
        "cctv_out": "N",
        "masuk_kab": "N",
        "keluar_kab": "N",
        "keterangan": "checkpoint",
        "fungsi_jalan_cctv_id": 1,
        "masuk_prov": "N",
        "keluar_prov": "N",
        "is_active": 1,
        "cctv_category_id": 5,
        "hls_cctv": null,
        "channel_id_event": null,
        "kecamatan": "Medan Maimun",
        "kota": null,
        "nama_objek_vital": null,
        "channel_id_enforcement": null,
        "cctv_id": "c56be9dd-fe8c-4672-bd27-2acaccb2d4ad",
        "rtsp_cctv_dcc": null,
        "arah_cctv": "Utara",
        "radius": "-",
        "channel_code": null,
        "polda": "Polda Sumatera Utara",
        "polres": "POLRESTABES MEDAN",
        "fungsi_jalan": "ARTERI",
        "category": "DALAM KOTA",
        "in_out": null,
        "ket_in_out": null,
        "_region": "medan",
        "Satwil": "Polrestabes Medan"
      }
    },
    {
      "type": "Feature",
      "geometry": {
        "type": "Point",
        "coordinates": [
          98.68482,
          3.575253
        ]
      },
      "properties": {
        "rowid": 223,
        "nama_cctv": "CTV044 DSHB VID ISTANA MAIMUN DA KATAMSO",
        "polda_id": "02",
        "polres_id": "24",
        "status": "hidup",
        "ctdby": "2027ORGANIK",
        "ctddate": "2023-10-26T17:00:00.000Z",
        "ctdtime": "20:00:00",
        "rtsp_cctv": "rtsp://satansheir:letyur13@172.16.90.58:554/cam/realmonitor?channel=44&subtype=1",
        "ctdupd": null,
        "instansi": "dishub",
        "jenis_cctv": "ANALYTIC",
        "nama_jalan_s": "Istana Maimun Da Katamso",
        "channel_id": "1000007$1$0$43",
        "cctv_in": "N",
        "cctv_out": "N",
        "masuk_kab": "N",
        "keluar_kab": "N",
        "keterangan": "checkpoint",
        "fungsi_jalan_cctv_id": 1,
        "masuk_prov": "N",
        "keluar_prov": "N",
        "is_active": 1,
        "cctv_category_id": 5,
        "hls_cctv": null,
        "channel_id_event": "1000012$1$0$24",
        "kecamatan": "Medan Maimun",
        "kota": null,
        "nama_objek_vital": null,
        "channel_id_enforcement": null,
        "cctv_id": "dc6f4fb4-807b-40c9-a7b6-36635ccae942",
        "rtsp_cctv_dcc": null,
        "arah_cctv": "Selatan",
        "radius": "25 Meter",
        "channel_code": null,
        "polda": "Polda Sumatera Utara",
        "polres": "POLRESTABES MEDAN",
        "fungsi_jalan": "ARTERI",
        "category": "DALAM KOTA",
        "in_out": null,
        "ket_in_out": null,
        "_region": "medan",
        "Satwil": "Polrestabes Medan"
      }
    },
    {
      "type": "Feature",
      "geometry": {
        "type": "Point",
        "coordinates": [
          98.687637,
          3.576187
        ]
      },
      "properties": {
        "rowid": 222,
        "nama_cctv": "CTV043 DSHB VID MASJID RAYA DA TIRTONADI",
        "polda_id": "02",
        "polres_id": "24",
        "status": "hidup",
        "ctdby": "2027ORGANIK",
        "ctddate": "2023-10-26T17:00:00.000Z",
        "ctdtime": "20:00:00",
        "rtsp_cctv": "rtsp://satansheir:letyur13@172.16.90.58:554/cam/realmonitor?channel=43&subtype=1",
        "ctdupd": null,
        "instansi": "dishub",
        "jenis_cctv": "ANALYTIC",
        "nama_jalan_s": "Masjid Raja Da Tirtonadi",
        "channel_id": "1000007$1$0$42",
        "cctv_in": "N",
        "cctv_out": "N",
        "masuk_kab": "N",
        "keluar_kab": "N",
        "keterangan": "checkpoint",
        "fungsi_jalan_cctv_id": 1,
        "masuk_prov": "N",
        "keluar_prov": "N",
        "is_active": 1,
        "cctv_category_id": 5,
        "hls_cctv": null,
        "channel_id_event": null,
        "kecamatan": "Medan Kota",
        "kota": null,
        "nama_objek_vital": null,
        "channel_id_enforcement": null,
        "cctv_id": "d55299ff-3398-492b-bba1-49b71340677b",
        "rtsp_cctv_dcc": null,
        "arah_cctv": "Utara",
        "radius": "21 Meter",
        "channel_code": null,
        "polda": "Polda Sumatera Utara",
        "polres": "POLRESTABES MEDAN",
        "fungsi_jalan": "ARTERI",
        "category": "DALAM KOTA",
        "in_out": null,
        "ket_in_out": null,
        "_region": "medan",
        "Satwil": "Polrestabes Medan"
      }
    },
    {
      "type": "Feature",
      "geometry": {
        "type": "Point",
        "coordinates": [
          98.706616,
          3.597906
        ]
      },
      "properties": {
        "rowid": 220,
        "nama_cctv": "CTV041 DSHB VID AR HAKIEM",
        "polda_id": "02",
        "polres_id": "24",
        "status": "hidup",
        "ctdby": "2027ORGANIK",
        "ctddate": "2023-10-26T17:00:00.000Z",
        "ctdtime": "20:00:00",
        "rtsp_cctv": "rtsp://satansheir:letyur13@172.16.90.58:554/cam/realmonitor?channel=41&subtype=1",
        "ctdupd": "2026-02-19T17:00:00.000Z",
        "instansi": "dishub",
        "jenis_cctv": "ANALYTIC",
        "nama_jalan_s": "Aksara Wahidin IIII",
        "channel_id": "1000007$1$0$40",
        "cctv_in": "N",
        "cctv_out": "N",
        "masuk_kab": "N",
        "keluar_kab": "N",
        "keterangan": "-",
        "fungsi_jalan_cctv_id": 1,
        "masuk_prov": "N",
        "keluar_prov": "N",
        "is_active": 1,
        "cctv_category_id": 5,
        "hls_cctv": null,
        "channel_id_event": "1000012$1$0$47",
        "kecamatan": "Medan Tembung",
        "kota": "MEDAN",
        "nama_objek_vital": "",
        "channel_id_enforcement": null,
        "cctv_id": "e9bbdd9a-2813-4d70-8a2c-41ed06917341",
        "rtsp_cctv_dcc": null,
        "arah_cctv": "Timur",
        "radius": "20 Meter",
        "channel_code": null,
        "polda": "Polda Sumatera Utara",
        "polres": "POLRESTABES MEDAN",
        "fungsi_jalan": "ARTERI",
        "category": "DALAM KOTA",
        "in_out": null,
        "ket_in_out": null,
        "_region": "medan",
        "Satwil": "Polrestabes Medan"
      }
    },
    {
      "type": "Feature",
      "geometry": {
        "type": "Point",
        "coordinates": [
          98.660684,
          3.571571
        ]
      },
      "properties": {
        "rowid": 219,
        "nama_cctv": "CTV040 DSHB VID JAMIN GINTING ISMUD",
        "polda_id": "02",
        "polres_id": "24",
        "status": "hidup",
        "ctdby": "2027ORGANIK",
        "ctddate": "2023-10-26T17:00:00.000Z",
        "ctdtime": "20:00:00",
        "rtsp_cctv": "rtsp://satansheir:letyur13@172.16.90.58:554/cam/realmonitor?channel=40&subtype=1",
        "ctdupd": null,
        "instansi": "dishub",
        "jenis_cctv": "ANALYTIC",
        "nama_jalan_s": "Aksara Wahidin IIII",
        "channel_id": "1000007$1$0$39",
        "cctv_in": "N",
        "cctv_out": "N",
        "masuk_kab": "N",
        "keluar_kab": "N",
        "keterangan": "checkpoint",
        "fungsi_jalan_cctv_id": 1,
        "masuk_prov": "N",
        "keluar_prov": "N",
        "is_active": 1,
        "cctv_category_id": 5,
        "hls_cctv": null,
        "channel_id_event": null,
        "kecamatan": "Medan Baru",
        "kota": null,
        "nama_objek_vital": null,
        "channel_id_enforcement": null,
        "cctv_id": "6a807c81-c8ce-427d-b96e-36380667f889",
        "rtsp_cctv_dcc": null,
        "arah_cctv": "Barat",
        "radius": "32 Meter",
        "channel_code": null,
        "polda": "Polda Sumatera Utara",
        "polres": "POLRESTABES MEDAN",
        "fungsi_jalan": "ARTERI",
        "category": "DALAM KOTA",
        "in_out": null,
        "ket_in_out": null,
        "_region": "medan",
        "Satwil": "Polrestabes Medan"
      }
    },
    {
      "type": "Feature",
      "geometry": {
        "type": "Point",
        "coordinates": [
          98.62655,
          3.578519
        ]
      },
      "properties": {
        "rowid": 218,
        "nama_cctv": "CTV039 DSHB VID SUNGGAL RING ROAD",
        "polda_id": "02",
        "polres_id": "24",
        "status": "hidup",
        "ctdby": "2027ORGANIK",
        "ctddate": "2023-10-26T17:00:00.000Z",
        "ctdtime": "20:00:00",
        "rtsp_cctv": "rtsp://satansheir:letyur13@172.16.90.58:554/cam/realmonitor?channel=39&subtype=1",
        "ctdupd": null,
        "instansi": "dishub",
        "jenis_cctv": "ANALYTIC",
        "nama_jalan_s": "Aksara Wahidin IIII",
        "channel_id": "1000007$1$0$38",
        "cctv_in": "N",
        "cctv_out": "N",
        "masuk_kab": "N",
        "keluar_kab": "N",
        "keterangan": "checkpoint",
        "fungsi_jalan_cctv_id": 1,
        "masuk_prov": "N",
        "keluar_prov": "N",
        "is_active": 1,
        "cctv_category_id": 5,
        "hls_cctv": null,
        "channel_id_event": "1000014$1$0$58",
        "kecamatan": "Medan Sunggal",
        "kota": null,
        "nama_objek_vital": null,
        "channel_id_enforcement": null,
        "cctv_id": "36c2b49a-1c0c-4ec3-9cdf-c4ad33ede80a",
        "rtsp_cctv_dcc": null,
        "arah_cctv": "Utara",
        "radius": "16 Meter",
        "channel_code": null,
        "polda": "Polda Sumatera Utara",
        "polres": "POLRESTABES MEDAN",
        "fungsi_jalan": "ARTERI",
        "category": "DALAM KOTA",
        "in_out": null,
        "ket_in_out": null,
        "_region": "medan",
        "Satwil": "Polrestabes Medan"
      }
    },
    {
      "type": "Feature",
      "geometry": {
        "type": "Point",
        "coordinates": [
          98.678179,
          3.593569
        ]
      },
      "properties": {
        "rowid": 217,
        "nama_cctv": "CTV037 DSHB PTZ CCTV Simp.Merak Jingga  HM.Yamin",
        "polda_id": "02",
        "polres_id": "24",
        "status": "hidup",
        "ctdby": "2027ORGANIK",
        "ctddate": "2023-10-26T17:00:00.000Z",
        "ctdtime": "20:00:00",
        "rtsp_cctv": "rtsp://satansheir:letyur13@172.16.90.58:554/cam/realmonitor?channel=37&subtype=0",
        "ctdupd": null,
        "instansi": "dishub",
        "jenis_cctv": "Analytic Checkpoint",
        "nama_jalan_s": "Putri Merak Jingga",
        "channel_id": "1000007$1$0$36",
        "cctv_in": "N",
        "cctv_out": "N",
        "masuk_kab": "N",
        "keluar_kab": "N",
        "keterangan": "checkpoint",
        "fungsi_jalan_cctv_id": 7,
        "masuk_prov": "N",
        "keluar_prov": "N",
        "is_active": 1,
        "cctv_category_id": 5,
        "hls_cctv": null,
        "channel_id_event": null,
        "kecamatan": "Medan Sunggal",
        "kota": null,
        "nama_objek_vital": null,
        "channel_id_enforcement": null,
        "cctv_id": "82b4be17-01fb-4310-9873-6a20910f8301",
        "rtsp_cctv_dcc": null,
        "arah_cctv": "Utara",
        "radius": "50 Meter",
        "channel_code": null,
        "polda": "Polda Sumatera Utara",
        "polres": "POLRESTABES MEDAN",
        "fungsi_jalan": null,
        "category": "DALAM KOTA",
        "in_out": null,
        "ket_in_out": null,
        "_region": "medan",
        "Satwil": "Polrestabes Medan"
      }
    },
    {
      "type": "Feature",
      "geometry": {
        "type": "Point",
        "coordinates": [
          98.711615,
          3.597802
        ]
      },
      "properties": {
        "rowid": 216,
        "nama_cctv": "CTV036 DSHB VID SIMP MANDALA 1",
        "polda_id": "02",
        "polres_id": "24",
        "status": "hidup",
        "ctdby": "2027ORGANIK",
        "ctddate": "2023-10-26T17:00:00.000Z",
        "ctdtime": "20:00:00",
        "rtsp_cctv": "rtsp://satansheir:letyur13@172.16.90.58:554/cam/realmonitor?channel=36&subtype=1",
        "ctdupd": null,
        "instansi": "dishub",
        "jenis_cctv": "ANALYTIC",
        "nama_jalan_s": "Aksara Wahidin IIII",
        "channel_id": "1000007$1$0$35",
        "cctv_in": "N",
        "cctv_out": "N",
        "masuk_kab": "N",
        "keluar_kab": "N",
        "keterangan": "checkpoint",
        "fungsi_jalan_cctv_id": 1,
        "masuk_prov": "N",
        "keluar_prov": "N",
        "is_active": 1,
        "cctv_category_id": 5,
        "hls_cctv": null,
        "channel_id_event": "1000014$1$0$45",
        "kecamatan": "Medan Tembung",
        "kota": null,
        "nama_objek_vital": null,
        "channel_id_enforcement": null,
        "cctv_id": "5db04145-1c2e-4d81-a94a-3bf1fd63f2e6",
        "rtsp_cctv_dcc": null,
        "arah_cctv": "Barat",
        "radius": "11 Meter",
        "channel_code": null,
        "polda": "Polda Sumatera Utara",
        "polres": "POLRESTABES MEDAN",
        "fungsi_jalan": "ARTERI",
        "category": "DALAM KOTA",
        "in_out": null,
        "ket_in_out": null,
        "_region": "medan",
        "Satwil": "Polrestabes Medan"
      }
    },
    {
      "type": "Feature",
      "geometry": {
        "type": "Point",
        "coordinates": [
          98.706036,
          3.589114
        ]
      },
      "properties": {
        "rowid": 215,
        "nama_cctv": "CTV251 DSHB CTVVID AKSARA WAHIDIN II II1",
        "polda_id": "02",
        "polres_id": "24",
        "status": "hidup",
        "ctdby": "2027ORGANIK",
        "ctddate": "2023-10-26T17:00:00.000Z",
        "ctdtime": "20:00:00",
        "rtsp_cctv": "rtsp://satansheir:letyur13@172.16.90.58:554/cam/realmonitor?channel=251&subtype=1",
        "ctdupd": null,
        "instansi": "dishub",
        "jenis_cctv": "ANALYTIC",
        "nama_jalan_s": "Aksara Wahidin IIII",
        "channel_id": "1000007$1$0$250",
        "cctv_in": "N",
        "cctv_out": "N",
        "masuk_kab": "N",
        "keluar_kab": "N",
        "keterangan": "checkpoint",
        "fungsi_jalan_cctv_id": 1,
        "masuk_prov": "N",
        "keluar_prov": "N",
        "is_active": 1,
        "cctv_category_id": 5,
        "hls_cctv": null,
        "channel_id_event": "1000014$1$0$29",
        "kecamatan": "Medan Tembung",
        "kota": null,
        "nama_objek_vital": null,
        "channel_id_enforcement": null,
        "cctv_id": "f1da264a-c3b5-4b2c-b91f-6e17b45474c5",
        "rtsp_cctv_dcc": null,
        "arah_cctv": "Selatan",
        "radius": "11 Meter",
        "channel_code": null,
        "polda": "Polda Sumatera Utara",
        "polres": "POLRESTABES MEDAN",
        "fungsi_jalan": "ARTERI",
        "category": "DALAM KOTA",
        "in_out": null,
        "ket_in_out": null,
        "_region": "medan",
        "Satwil": "Polrestabes Medan"
      }
    },
    {
      "type": "Feature",
      "geometry": {
        "type": "Point",
        "coordinates": [
          98.685842,
          3.579909
        ]
      },
      "properties": {
        "rowid": 214,
        "nama_cctv": "CTV249 DSHB CTVVID RAHMADSYAH I1",
        "polda_id": "02",
        "polres_id": "24",
        "status": "hidup",
        "ctdby": "2027ORGANIK",
        "ctddate": "2023-10-26T17:00:00.000Z",
        "ctdtime": "20:00:00",
        "rtsp_cctv": "rtsp://satansheir:letyur13@172.16.90.58:554/cam/realmonitor?channel=249&subtype=1",
        "ctdupd": null,
        "instansi": "dishub",
        "jenis_cctv": "ANALYTIC",
        "nama_jalan_s": "Rahmadsyah II",
        "channel_id": "1000007$1$0$248",
        "cctv_in": "N",
        "cctv_out": "N",
        "masuk_kab": "N",
        "keluar_kab": "N",
        "keterangan": "checkpoint",
        "fungsi_jalan_cctv_id": 1,
        "masuk_prov": "N",
        "keluar_prov": "N",
        "is_active": 1,
        "cctv_category_id": 5,
        "hls_cctv": null,
        "channel_id_event": "1000014$1$0$17",
        "kecamatan": "Medan Kota",
        "kota": null,
        "nama_objek_vital": null,
        "channel_id_enforcement": null,
        "cctv_id": "c7b426aa-cd13-4010-8441-3c77053602bf",
        "rtsp_cctv_dcc": null,
        "arah_cctv": "Barat",
        "radius": "-",
        "channel_code": null,
        "polda": "Polda Sumatera Utara",
        "polres": "POLRESTABES MEDAN",
        "fungsi_jalan": "ARTERI",
        "category": "DALAM KOTA",
        "in_out": null,
        "ket_in_out": null,
        "_region": "medan",
        "Satwil": "Polrestabes Medan"
      }
    },
    {
      "type": "Feature",
      "geometry": {
        "type": "Point",
        "coordinates": [
          98.692946,
          3.562617
        ]
      },
      "properties": {
        "rowid": 213,
        "nama_cctv": "CTV247 DSHB VID CTVVID SM RAJA PELANGI II I1",
        "polda_id": "02",
        "polres_id": "24",
        "status": "hidup",
        "ctdby": "2027ORGANIK",
        "ctddate": "2023-10-26T17:00:00.000Z",
        "ctdtime": "20:00:00",
        "rtsp_cctv": "rtsp://satansheir:letyur13@172.16.90.58:554/cam/realmonitor?channel=247&subtype=1",
        "ctdupd": null,
        "instansi": "dishub",
        "jenis_cctv": "ANALYTIC",
        "nama_jalan_s": "Sm Raja Pelangi III",
        "channel_id": "1000007$1$0$246",
        "cctv_in": "N",
        "cctv_out": "N",
        "masuk_kab": "N",
        "keluar_kab": "N",
        "keterangan": "checkpoint",
        "fungsi_jalan_cctv_id": 1,
        "masuk_prov": "N",
        "keluar_prov": "N",
        "is_active": 1,
        "cctv_category_id": 5,
        "hls_cctv": null,
        "channel_id_event": "1000014$1$0$6",
        "kecamatan": "Medan Barat",
        "kota": null,
        "nama_objek_vital": null,
        "channel_id_enforcement": null,
        "cctv_id": "9453274d-02e8-4761-bbaa-eb9ae16f11e0",
        "rtsp_cctv_dcc": null,
        "arah_cctv": "Selatan",
        "radius": "23 Meter",
        "channel_code": null,
        "polda": "Polda Sumatera Utara",
        "polres": "POLRESTABES MEDAN",
        "fungsi_jalan": "ARTERI",
        "category": "DALAM KOTA",
        "in_out": null,
        "ket_in_out": null,
        "_region": "medan",
        "Satwil": "Polrestabes Medan"
      }
    },
    {
      "type": "Feature",
      "geometry": {
        "type": "Point",
        "coordinates": [
          98.677722,
          3.572244
        ]
      },
      "properties": {
        "rowid": 212,
        "nama_cctv": "CTV244 DSHB VID CTVVID POLONIA I1",
        "polda_id": "02",
        "polres_id": "24",
        "status": "mati",
        "ctdby": "2027ORGANIK",
        "ctddate": "2023-10-26T17:00:00.000Z",
        "ctdtime": "20:00:00",
        "rtsp_cctv": "rtsp://satansheir:letyur13@172.16.90.58:554/cam/realmonitor?channel=244&subtype=1",
        "ctdupd": null,
        "instansi": "dishub",
        "jenis_cctv": "ANALYTIC",
        "nama_jalan_s": "Polonia II",
        "channel_id": "1000007$1$0$243",
        "cctv_in": "N",
        "cctv_out": "N",
        "masuk_kab": "N",
        "keluar_kab": "N",
        "keterangan": "checkpoint",
        "fungsi_jalan_cctv_id": 1,
        "masuk_prov": "N",
        "keluar_prov": "N",
        "is_active": 1,
        "cctv_category_id": 5,
        "hls_cctv": null,
        "channel_id_event": "1000014$1$0$27",
        "kecamatan": "Medan Polonia",
        "kota": null,
        "nama_objek_vital": null,
        "channel_id_enforcement": null,
        "cctv_id": "71dd810c-be8d-47b0-b82e-1e874b36a580",
        "rtsp_cctv_dcc": null,
        "arah_cctv": "Timur",
        "radius": "-",
        "channel_code": null,
        "polda": "Polda Sumatera Utara",
        "polres": "POLRESTABES MEDAN",
        "fungsi_jalan": "ARTERI",
        "category": "DALAM KOTA",
        "in_out": null,
        "ket_in_out": null,
        "_region": "medan",
        "Satwil": "Polrestabes Medan"
      }
    },
    {
      "type": "Feature",
      "geometry": {
        "type": "Point",
        "coordinates": [
          98.690301,
          3.588952
        ]
      },
      "properties": {
        "rowid": 210,
        "nama_cctv": "CTV241 DSHB PTZ CTVThamrin",
        "polda_id": "02",
        "polres_id": "24",
        "status": "hidup",
        "ctdby": "2027ORGANIK",
        "ctddate": "2023-10-26T17:00:00.000Z",
        "ctdtime": "20:00:00",
        "rtsp_cctv": "rtsp://satansheir:letyur13@172.16.90.58:554/cam/realmonitor?channel=241&subtype=1",
        "ctdupd": null,
        "instansi": "dishub",
        "jenis_cctv": "ANALYTIC",
        "nama_jalan_s": "Thamrin",
        "channel_id": "1000007$1$0$240",
        "cctv_in": "N",
        "cctv_out": "N",
        "masuk_kab": "N",
        "keluar_kab": "N",
        "keterangan": "checkpoint",
        "fungsi_jalan_cctv_id": 1,
        "masuk_prov": "N",
        "keluar_prov": "N",
        "is_active": 1,
        "cctv_category_id": 5,
        "hls_cctv": null,
        "channel_id_event": null,
        "kecamatan": "Medan Kota",
        "kota": null,
        "nama_objek_vital": null,
        "channel_id_enforcement": null,
        "cctv_id": "4e7ddbad-7372-4ae6-85d2-14214be23950",
        "rtsp_cctv_dcc": null,
        "arah_cctv": "Timur",
        "radius": "50 Meter",
        "channel_code": null,
        "polda": "Polda Sumatera Utara",
        "polres": "POLRESTABES MEDAN",
        "fungsi_jalan": "ARTERI",
        "category": "DALAM KOTA",
        "in_out": null,
        "ket_in_out": null,
        "_region": "medan",
        "Satwil": "Polrestabes Medan"
      }
    },
    {
      "type": "Feature",
      "geometry": {
        "type": "Point",
        "coordinates": [
          98.67397,
          3.606791
        ]
      },
      "properties": {
        "rowid": 209,
        "nama_cctv": "CTV239 DSHB PTZ CTVGlugur",
        "polda_id": "02",
        "polres_id": "24",
        "status": "hidup",
        "ctdby": "2027ORGANIK",
        "ctddate": "2023-10-26T17:00:00.000Z",
        "ctdtime": "20:00:00",
        "rtsp_cctv": "rtsp://satansheir:letyur13@172.16.90.58:554/cam/realmonitor?channel=239&subtype=0",
        "ctdupd": "2026-02-19T17:00:00.000Z",
        "instansi": "dishub",
        "jenis_cctv": "Analytic",
        "nama_jalan_s": "Glugur",
        "channel_id": "1000007$1$0$238",
        "cctv_in": "N",
        "cctv_out": "N",
        "masuk_kab": "N",
        "keluar_kab": "N",
        "keterangan": "-",
        "fungsi_jalan_cctv_id": 1,
        "masuk_prov": "N",
        "keluar_prov": "N",
        "is_active": 1,
        "cctv_category_id": 5,
        "hls_cctv": null,
        "channel_id_event": null,
        "kecamatan": "Medan Barat",
        "kota": "MEDAN",
        "nama_objek_vital": "",
        "channel_id_enforcement": null,
        "cctv_id": "7d2d07bf-388b-4693-91e9-a141eb8a7765",
        "rtsp_cctv_dcc": null,
        "arah_cctv": "Barat",
        "radius": "80 Meter",
        "channel_code": null,
        "polda": "Polda Sumatera Utara",
        "polres": "POLRESTABES MEDAN",
        "fungsi_jalan": "ARTERI",
        "category": "DALAM KOTA",
        "in_out": null,
        "ket_in_out": null,
        "_region": "medan",
        "Satwil": "Polrestabes Medan"
      }
    },
    {
      "type": "Feature",
      "geometry": {
        "type": "Point",
        "coordinates": [
          98.667397,
          3.587476
        ]
      },
      "properties": {
        "rowid": 208,
        "nama_cctv": "CTV237 DSHB PTZ CTVKejaksaan  S. Parman",
        "polda_id": "02",
        "polres_id": "24",
        "status": "hidup",
        "ctdby": "2027ORGANIK",
        "ctddate": "2023-10-26T17:00:00.000Z",
        "ctdtime": "20:00:00",
        "rtsp_cctv": "rtsp://satansheir:letyur13@172.16.90.58:554/cam/realmonitor?channel=237&subtype=1",
        "ctdupd": null,
        "instansi": "dishub",
        "jenis_cctv": "ANALYTIC",
        "nama_jalan_s": "Kejaksaan S Parman",
        "channel_id": "1000007$1$0$236",
        "cctv_in": "N",
        "cctv_out": "N",
        "masuk_kab": "N",
        "keluar_kab": "N",
        "keterangan": "checkpoint",
        "fungsi_jalan_cctv_id": 1,
        "masuk_prov": "N",
        "keluar_prov": "N",
        "is_active": 1,
        "cctv_category_id": 5,
        "hls_cctv": null,
        "channel_id_event": "1000014$1$0$24",
        "kecamatan": "Medan Petisah",
        "kota": null,
        "nama_objek_vital": null,
        "channel_id_enforcement": null,
        "cctv_id": "cd8ca32d-61e8-47ce-999c-3d9a99209e31",
        "rtsp_cctv_dcc": null,
        "arah_cctv": "Utara",
        "radius": "50 Meter",
        "channel_code": null,
        "polda": "Polda Sumatera Utara",
        "polres": "POLRESTABES MEDAN",
        "fungsi_jalan": "ARTERI",
        "category": "DALAM KOTA",
        "in_out": null,
        "ket_in_out": null,
        "_region": "medan",
        "Satwil": "Polrestabes Medan"
      }
    },
    {
      "type": "Feature",
      "geometry": {
        "type": "Point",
        "coordinates": [
          98.689759,
          3.562899
        ]
      },
      "properties": {
        "rowid": 207,
        "nama_cctv": "CTV234 DSHB PTZ CTVKatamsoPelangi",
        "polda_id": "02",
        "polres_id": "24",
        "status": "hidup",
        "ctdby": "2027ORGANIK",
        "ctddate": "2023-10-26T17:00:00.000Z",
        "ctdtime": "20:00:00",
        "rtsp_cctv": "rtsp://satansheir:letyur13@172.16.90.58:554/cam/realmonitor?channel=234&subtype=1",
        "ctdupd": null,
        "instansi": "dishub",
        "jenis_cctv": "ANALYTIC",
        "nama_jalan_s": "Katamsoe Pelangi",
        "channel_id": "1000007$1$0$233",
        "cctv_in": "N",
        "cctv_out": "N",
        "masuk_kab": "N",
        "keluar_kab": "N",
        "keterangan": "checkpoint",
        "fungsi_jalan_cctv_id": 1,
        "masuk_prov": "N",
        "keluar_prov": "N",
        "is_active": 1,
        "cctv_category_id": 5,
        "hls_cctv": null,
        "channel_id_event": null,
        "kecamatan": "Medan Maimun",
        "kota": null,
        "nama_objek_vital": null,
        "channel_id_enforcement": null,
        "cctv_id": "b12a7018-f111-4a3c-8ee3-8fcc0bdbd101",
        "rtsp_cctv_dcc": null,
        "arah_cctv": "Utara",
        "radius": "60 Meter",
        "channel_code": null,
        "polda": "Polda Sumatera Utara",
        "polres": "POLRESTABES MEDAN",
        "fungsi_jalan": "ARTERI",
        "category": "DALAM KOTA",
        "in_out": null,
        "ket_in_out": null,
        "_region": "medan",
        "Satwil": "Polrestabes Medan"
      }
    },
    {
      "type": "Feature",
      "geometry": {
        "type": "Point",
        "coordinates": [
          98.619079,
          3.52011
        ]
      },
      "properties": {
        "rowid": 206,
        "nama_cctv": "CTV233 DSHB PTZ CTVGinting  Jl . Setia Budi",
        "polda_id": "02",
        "polres_id": "24",
        "status": "hidup",
        "ctdby": "2027ORGANIK",
        "ctddate": "2023-10-26T17:00:00.000Z",
        "ctdtime": "20:00:00",
        "rtsp_cctv": "rtsp://satansheir:letyur13@172.16.90.58:554/cam/realmonitor?channel=233&subtype=1",
        "ctdupd": null,
        "instansi": "dishub",
        "jenis_cctv": "ANALYTIC",
        "nama_jalan_s": "Jalan Setia Budi",
        "channel_id": "1000007$1$0$232",
        "cctv_in": "N",
        "cctv_out": "N",
        "masuk_kab": "N",
        "keluar_kab": "N",
        "keterangan": "checkpoint",
        "fungsi_jalan_cctv_id": 1,
        "masuk_prov": "N",
        "keluar_prov": "N",
        "is_active": 1,
        "cctv_category_id": 5,
        "hls_cctv": null,
        "channel_id_event": null,
        "kecamatan": "Medan Tuntungan",
        "kota": null,
        "nama_objek_vital": null,
        "channel_id_enforcement": null,
        "cctv_id": "9703975a-7169-4159-be93-26223bd4a4bf",
        "rtsp_cctv_dcc": null,
        "arah_cctv": "Selatan",
        "radius": "50 Meter",
        "channel_code": null,
        "polda": "Polda Sumatera Utara",
        "polres": "POLRESTABES MEDAN",
        "fungsi_jalan": "ARTERI",
        "category": "DALAM KOTA",
        "in_out": null,
        "ket_in_out": null,
        "_region": "medan",
        "Satwil": "Polrestabes Medan"
      }
    },
    {
      "type": "Feature",
      "geometry": {
        "type": "Point",
        "coordinates": [
          98.696032,
          3.568688
        ]
      },
      "properties": {
        "rowid": 205,
        "nama_cctv": "CTV232 DSHB PTZ CTVHM.JONI  JL GEDUNG ARCA",
        "polda_id": "02",
        "polres_id": "24",
        "status": "hidup",
        "ctdby": "2027ORGANIK",
        "ctddate": "2023-10-26T17:00:00.000Z",
        "ctdtime": "20:00:00",
        "rtsp_cctv": "rtsp://satansheir:letyur13@172.16.90.58:554/cam/realmonitor?channel=232&subtype=1",
        "ctdupd": null,
        "instansi": "dishub",
        "jenis_cctv": "ANALYTIC",
        "nama_jalan_s": "Jalan Gedung Arca",
        "channel_id": "1000007$1$0$231",
        "cctv_in": "N",
        "cctv_out": "N",
        "masuk_kab": "N",
        "keluar_kab": "N",
        "keterangan": "checkpoint",
        "fungsi_jalan_cctv_id": 1,
        "masuk_prov": "N",
        "keluar_prov": "N",
        "is_active": 1,
        "cctv_category_id": 5,
        "hls_cctv": null,
        "channel_id_event": null,
        "kecamatan": "Medan Area",
        "kota": null,
        "nama_objek_vital": null,
        "channel_id_enforcement": null,
        "cctv_id": "01466e26-647b-4c5b-866d-8a0892755454",
        "rtsp_cctv_dcc": null,
        "arah_cctv": "Timur",
        "radius": "45 Meter",
        "channel_code": null,
        "polda": "Polda Sumatera Utara",
        "polres": "POLRESTABES MEDAN",
        "fungsi_jalan": "ARTERI",
        "category": "DALAM KOTA",
        "in_out": null,
        "ket_in_out": null,
        "_region": "medan",
        "Satwil": "Polrestabes Medan"
      }
    },
    {
      "type": "Feature",
      "geometry": {
        "type": "Point",
        "coordinates": [
          98.642354,
          3.58364
        ]
      },
      "properties": {
        "rowid": 204,
        "nama_cctv": "CTV231 DSHB PTZ CTVJl. Setiabudi  Titi Bobrok",
        "polda_id": "02",
        "polres_id": "24",
        "status": "hidup",
        "ctdby": "2027ORGANIK",
        "ctddate": "2023-10-26T17:00:00.000Z",
        "ctdtime": "20:00:00",
        "rtsp_cctv": "rtsp://satansheir:letyur13@172.16.90.58:554/cam/realmonitor?channel=231&subtype=1",
        "ctdupd": null,
        "instansi": "dishub",
        "jenis_cctv": "ANALYTIC",
        "nama_jalan_s": "Setia budi TitiBobrok",
        "channel_id": "1000007$1$0$230",
        "cctv_in": "N",
        "cctv_out": "N",
        "masuk_kab": "N",
        "keluar_kab": "N",
        "keterangan": "checkpoint",
        "fungsi_jalan_cctv_id": 1,
        "masuk_prov": "N",
        "keluar_prov": "N",
        "is_active": 1,
        "cctv_category_id": 5,
        "hls_cctv": null,
        "channel_id_event": null,
        "kecamatan": "Medan Sunggal",
        "kota": null,
        "nama_objek_vital": null,
        "channel_id_enforcement": null,
        "cctv_id": "b3ade3ed-dae2-460e-a8a4-944d5d5619a5",
        "rtsp_cctv_dcc": null,
        "arah_cctv": "Barat",
        "radius": "50 Meter",
        "channel_code": null,
        "polda": "Polda Sumatera Utara",
        "polres": "POLRESTABES MEDAN",
        "fungsi_jalan": "ARTERI",
        "category": "DALAM KOTA",
        "in_out": null,
        "ket_in_out": null,
        "_region": "medan",
        "Satwil": "Polrestabes Medan"
      }
    },
    {
      "type": "Feature",
      "geometry": {
        "type": "Point",
        "coordinates": [
          98.694652,
          3.557272
        ]
      },
      "properties": {
        "rowid": 203,
        "nama_cctv": "CTV228 DSHB PTZ CTVCTVJl. SM. Raja Sp. Jl. Saudara",
        "polda_id": "02",
        "polres_id": "24",
        "status": "hidup",
        "ctdby": "2027ORGANIK",
        "ctddate": "2023-10-26T17:00:00.000Z",
        "ctdtime": "20:00:00",
        "rtsp_cctv": "rtsp://satansheir:letyur13@172.16.90.58:554/cam/realmonitor?channel=228&subtype=1",
        "ctdupd": null,
        "instansi": "dishub",
        "jenis_cctv": "ANALYTIC",
        "nama_jalan_s": "Jalan SM Raja",
        "channel_id": "1000007$1$0$227",
        "cctv_in": "N",
        "cctv_out": "N",
        "masuk_kab": "N",
        "keluar_kab": "N",
        "keterangan": "checkpoint",
        "fungsi_jalan_cctv_id": 1,
        "masuk_prov": "N",
        "keluar_prov": "N",
        "is_active": 1,
        "cctv_category_id": 5,
        "hls_cctv": null,
        "channel_id_event": null,
        "kecamatan": "Medan Kota",
        "kota": null,
        "nama_objek_vital": null,
        "channel_id_enforcement": null,
        "cctv_id": "e52ef4ea-639c-4904-869f-f1240b55047e",
        "rtsp_cctv_dcc": null,
        "arah_cctv": "Selatan",
        "radius": "50 Meter",
        "channel_code": null,
        "polda": "Polda Sumatera Utara",
        "polres": "POLRESTABES MEDAN",
        "fungsi_jalan": "ARTERI",
        "category": "DALAM KOTA",
        "in_out": null,
        "ket_in_out": null,
        "_region": "medan",
        "Satwil": "Polrestabes Medan"
      }
    },
    {
      "type": "Feature",
      "geometry": {
        "type": "Point",
        "coordinates": [
          98.681222,
          3.590091
        ]
      },
      "properties": {
        "rowid": 202,
        "nama_cctv": "CTV227 DSHB PTZ CTVJl. Jawa Sp. Jl. Veteran",
        "polda_id": "02",
        "polres_id": "24",
        "status": "hidup",
        "ctdby": "2027ORGANIK",
        "ctddate": "2023-10-26T17:00:00.000Z",
        "ctdtime": "20:00:00",
        "rtsp_cctv": "rtsp://satansheir:letyur13@172.16.90.58:554/cam/realmonitor?channel=227&subtype=1",
        "ctdupd": null,
        "instansi": "dishub",
        "jenis_cctv": "ANALYTIC",
        "nama_jalan_s": "Jalan Veteran",
        "channel_id": "1000007$1$0$226",
        "cctv_in": "N",
        "cctv_out": "N",
        "masuk_kab": "N",
        "keluar_kab": "N",
        "keterangan": "checkpoint",
        "fungsi_jalan_cctv_id": 1,
        "masuk_prov": "N",
        "keluar_prov": "N",
        "is_active": 1,
        "cctv_category_id": 5,
        "hls_cctv": null,
        "channel_id_event": null,
        "kecamatan": "Medan Timur",
        "kota": null,
        "nama_objek_vital": null,
        "channel_id_enforcement": null,
        "cctv_id": "6c2eea3e-a7a4-488a-b827-152a43740210",
        "rtsp_cctv_dcc": null,
        "arah_cctv": "Selatan",
        "radius": "47 Meter",
        "channel_code": null,
        "polda": "Polda Sumatera Utara",
        "polres": "POLRESTABES MEDAN",
        "fungsi_jalan": "ARTERI",
        "category": "DALAM KOTA",
        "in_out": null,
        "ket_in_out": null,
        "_region": "medan",
        "Satwil": "Polrestabes Medan"
      }
    },
    {
      "type": "Feature",
      "geometry": {
        "type": "Point",
        "coordinates": [
          98.647592,
          3.584878
        ]
      },
      "properties": {
        "rowid": 201,
        "nama_cctv": "CTV226 DSHB PTZ CTV Jl. Sei Batanghari",
        "polda_id": "02",
        "polres_id": "24",
        "status": "hidup",
        "ctdby": "2027ORGANIK",
        "ctddate": "2023-10-26T17:00:00.000Z",
        "ctdtime": "20:00:00",
        "rtsp_cctv": "rtsp://satansheir:letyur13@172.16.90.58:554/cam/realmonitor?channel=226&subtype=1",
        "ctdupd": null,
        "instansi": "dishub",
        "jenis_cctv": "ANALYTIC",
        "nama_jalan_s": "Jalan Sei Batanghari",
        "channel_id": "1000007$1$0$225",
        "cctv_in": "N",
        "cctv_out": "N",
        "masuk_kab": "N",
        "keluar_kab": "N",
        "keterangan": "checkpoint",
        "fungsi_jalan_cctv_id": 1,
        "masuk_prov": "N",
        "keluar_prov": "N",
        "is_active": 1,
        "cctv_category_id": 5,
        "hls_cctv": null,
        "channel_id_event": null,
        "kecamatan": "Medan Sunggal",
        "kota": null,
        "nama_objek_vital": null,
        "channel_id_enforcement": null,
        "cctv_id": "81768af9-6e38-4936-9962-8118c1ee970b",
        "rtsp_cctv_dcc": null,
        "arah_cctv": "Barat",
        "radius": "48 Meter",
        "channel_code": null,
        "polda": "Polda Sumatera Utara",
        "polres": "POLRESTABES MEDAN",
        "fungsi_jalan": "ARTERI",
        "category": "DALAM KOTA",
        "in_out": null,
        "ket_in_out": null,
        "_region": "medan",
        "Satwil": "Polrestabes Medan"
      }
    },
    {
      "type": "Feature",
      "geometry": {
        "type": "Point",
        "coordinates": [
          98.696293,
          3.553084
        ]
      },
      "properties": {
        "rowid": 200,
        "nama_cctv": "CTV224 DSHB PTZ CTVSP. LIMUN",
        "polda_id": "02",
        "polres_id": "24",
        "status": "hidup",
        "ctdby": "2027ORGANIK",
        "ctddate": "2023-10-26T17:00:00.000Z",
        "ctdtime": "20:00:00",
        "rtsp_cctv": "rtsp://satansheir:letyur13@172.16.90.58:554/cam/realmonitor?channel=224&subtype=0",
        "ctdupd": null,
        "instansi": "dishub",
        "jenis_cctv": "Analytic Checkpoint",
        "nama_jalan_s": "Limun",
        "channel_id": "1000007$1$0$223",
        "cctv_in": "N",
        "cctv_out": "N",
        "masuk_kab": "N",
        "keluar_kab": "N",
        "keterangan": "checkpoint",
        "fungsi_jalan_cctv_id": 7,
        "masuk_prov": "N",
        "keluar_prov": "N",
        "is_active": 1,
        "cctv_category_id": 5,
        "hls_cctv": null,
        "channel_id_event": null,
        "kecamatan": "Medan Amplas",
        "kota": null,
        "nama_objek_vital": null,
        "channel_id_enforcement": null,
        "cctv_id": "62405d1b-0419-4cfe-8e41-9d9f8932b3db",
        "rtsp_cctv_dcc": null,
        "arah_cctv": "Selatan",
        "radius": "60 Meter",
        "channel_code": null,
        "polda": "Polda Sumatera Utara",
        "polres": "POLRESTABES MEDAN",
        "fungsi_jalan": null,
        "category": "DALAM KOTA",
        "in_out": null,
        "ket_in_out": null,
        "_region": "medan",
        "Satwil": "Polrestabes Medan"
      }
    },
    {
      "type": "Feature",
      "geometry": {
        "type": "Point",
        "coordinates": [
          98.671312,
          3.583589
        ]
      },
      "properties": {
        "rowid": 199,
        "nama_cctv": "CTV223 DSHB PTZ CTVJL. ZAINUL ARIFIN ( SUN PLAZA )",
        "polda_id": "02",
        "polres_id": "24",
        "status": "hidup",
        "ctdby": "2027ORGANIK",
        "ctddate": "2023-10-26T17:00:00.000Z",
        "ctdtime": "20:00:00",
        "rtsp_cctv": "rtsp://satansheir:letyur13@172.16.90.58:554/cam/realmonitor?channel=223&subtype=1",
        "ctdupd": null,
        "instansi": "dishub",
        "jenis_cctv": "ANALYTIC",
        "nama_jalan_s": "Jalan Zainul Arifin",
        "channel_id": "1000007$1$0$222",
        "cctv_in": "N",
        "cctv_out": "N",
        "masuk_kab": "N",
        "keluar_kab": "N",
        "keterangan": "checkpoint",
        "fungsi_jalan_cctv_id": 1,
        "masuk_prov": "N",
        "keluar_prov": "N",
        "is_active": 1,
        "cctv_category_id": 5,
        "hls_cctv": null,
        "channel_id_event": null,
        "kecamatan": "Medan Polonia",
        "kota": null,
        "nama_objek_vital": null,
        "channel_id_enforcement": null,
        "cctv_id": "bd349ffd-b57e-4087-9944-644397c49042",
        "rtsp_cctv_dcc": null,
        "arah_cctv": "Timur",
        "radius": "70 Meter",
        "channel_code": null,
        "polda": "Polda Sumatera Utara",
        "polres": "POLRESTABES MEDAN",
        "fungsi_jalan": "ARTERI",
        "category": "DALAM KOTA",
        "in_out": null,
        "ket_in_out": null,
        "_region": "medan",
        "Satwil": "Polrestabes Medan"
      }
    },
    {
      "type": "Feature",
      "geometry": {
        "type": "Point",
        "coordinates": [
          98.679676,
          3.597642
        ]
      },
      "properties": {
        "rowid": 198,
        "nama_cctv": "CTV221 DSHB PTZ CTVJl. Perintis  Jl. Timor",
        "polda_id": "02",
        "polres_id": "24",
        "status": "hidup",
        "ctdby": "2027ORGANIK",
        "ctddate": "2023-10-26T17:00:00.000Z",
        "ctdtime": "20:00:00",
        "rtsp_cctv": "rtsp://satansheir:letyur13@172.16.90.58:554/cam/realmonitor?channel=221&subtype=1",
        "ctdupd": null,
        "instansi": "dishub",
        "jenis_cctv": "ANALYTIC",
        "nama_jalan_s": "Jalan Perintis",
        "channel_id": "1000007$1$0$220",
        "cctv_in": "N",
        "cctv_out": "N",
        "masuk_kab": "N",
        "keluar_kab": "N",
        "keterangan": "checkpoint",
        "fungsi_jalan_cctv_id": 1,
        "masuk_prov": "N",
        "keluar_prov": "N",
        "is_active": 1,
        "cctv_category_id": 5,
        "hls_cctv": null,
        "channel_id_event": null,
        "kecamatan": "Medan Timur",
        "kota": null,
        "nama_objek_vital": null,
        "channel_id_enforcement": null,
        "cctv_id": "c65b9f56-d7c0-4f2f-82ad-edf7890060fb",
        "rtsp_cctv_dcc": null,
        "arah_cctv": "Timur",
        "radius": "48 Meter",
        "channel_code": null,
        "polda": "Polda Sumatera Utara",
        "polres": "POLRESTABES MEDAN",
        "fungsi_jalan": "ARTERI",
        "category": "DALAM KOTA",
        "in_out": null,
        "ket_in_out": null,
        "_region": "medan",
        "Satwil": "Polrestabes Medan"
      }
    },
    {
      "type": "Feature",
      "geometry": {
        "type": "Point",
        "coordinates": [
          98.673327,
          3.600699
        ]
      },
      "properties": {
        "rowid": 197,
        "nama_cctv": "CTV220 DSHB PTZ CTV Jl. Putri Hijau",
        "polda_id": "02",
        "polres_id": "24",
        "status": "hidup",
        "ctdby": "2027ORGANIK",
        "ctddate": "2023-10-26T17:00:00.000Z",
        "ctdtime": "20:00:00",
        "rtsp_cctv": "rtsp://satansheir:letyur13@172.16.90.58:554/cam/realmonitor?channel=220&subtype=1",
        "ctdupd": null,
        "instansi": "dishub",
        "jenis_cctv": "ANALYTIC",
        "nama_jalan_s": "Jalan Putri Hijau",
        "channel_id": "1000007$1$0$219",
        "cctv_in": "N",
        "cctv_out": "N",
        "masuk_kab": "N",
        "keluar_kab": "N",
        "keterangan": "checkpoint",
        "fungsi_jalan_cctv_id": 1,
        "masuk_prov": "N",
        "keluar_prov": "N",
        "is_active": 1,
        "cctv_category_id": 5,
        "hls_cctv": null,
        "channel_id_event": null,
        "kecamatan": "Medan Barat",
        "kota": null,
        "nama_objek_vital": null,
        "channel_id_enforcement": null,
        "cctv_id": "1bb89746-81f6-4de6-baf4-a4277371707f",
        "rtsp_cctv_dcc": null,
        "arah_cctv": "Selatan",
        "radius": "50 Meter",
        "channel_code": null,
        "polda": "Polda Sumatera Utara",
        "polres": "POLRESTABES MEDAN",
        "fungsi_jalan": "ARTERI",
        "category": "DALAM KOTA",
        "in_out": null,
        "ket_in_out": null,
        "_region": "medan",
        "Satwil": "Polrestabes Medan"
      }
    },
    {
      "type": "Feature",
      "geometry": {
        "type": "Point",
        "coordinates": [
          98.695633,
          3.568482
        ]
      },
      "properties": {
        "rowid": 196,
        "nama_cctv": "CTV219 DSHB PTZ CTVHM.Joni Jl.Gedung Arca",
        "polda_id": "02",
        "polres_id": "24",
        "status": "hidup",
        "ctdby": "2027ORGANIK",
        "ctddate": "2023-10-26T17:00:00.000Z",
        "ctdtime": "20:00:00",
        "rtsp_cctv": "rtsp://satansheir:letyur13@172.16.90.58:554/cam/realmonitor?channel=219&subtype=1",
        "ctdupd": null,
        "instansi": "dishub",
        "jenis_cctv": "ANALYTIC",
        "nama_jalan_s": "Hm Joni Jalan Gedung Arca",
        "channel_id": "1000007$1$0$218",
        "cctv_in": "N",
        "cctv_out": "N",
        "masuk_kab": "N",
        "keluar_kab": "N",
        "keterangan": "checkpoint",
        "fungsi_jalan_cctv_id": 1,
        "masuk_prov": "N",
        "keluar_prov": "N",
        "is_active": 1,
        "cctv_category_id": 5,
        "hls_cctv": null,
        "channel_id_event": "1000014$1$0$9",
        "kecamatan": "Medan Kota",
        "kota": null,
        "nama_objek_vital": null,
        "channel_id_enforcement": null,
        "cctv_id": "abe08245-4e14-4dbf-afb0-d11977fa6466",
        "rtsp_cctv_dcc": null,
        "arah_cctv": "Selatan",
        "radius": "49 Meter",
        "channel_code": null,
        "polda": "Polda Sumatera Utara",
        "polres": "POLRESTABES MEDAN",
        "fungsi_jalan": "ARTERI",
        "category": "DALAM KOTA",
        "in_out": null,
        "ket_in_out": null,
        "_region": "medan",
        "Satwil": "Polrestabes Medan"
      }
    },
    {
      "type": "Feature",
      "geometry": {
        "type": "Point",
        "coordinates": [
          98.67221,
          3.594431
        ]
      },
      "properties": {
        "rowid": 195,
        "nama_cctv": "CTV218 DSHB PTZ CTVJl.Guru patimpus  Jl.Sei deli",
        "polda_id": "02",
        "polres_id": "24",
        "status": "hidup",
        "ctdby": "2027ORGANIK",
        "ctddate": "2023-10-26T17:00:00.000Z",
        "ctdtime": "20:00:00",
        "rtsp_cctv": "rtsp://satansheir:letyur13@172.16.90.58:554/cam/realmonitor?channel=218&subtype=1",
        "ctdupd": null,
        "instansi": "dishub",
        "jenis_cctv": "ANALYTIC",
        "nama_jalan_s": "Guru Patimpus Jalan Sei Deli",
        "channel_id": "1000007$1$0$217",
        "cctv_in": "N",
        "cctv_out": "N",
        "masuk_kab": "N",
        "keluar_kab": "N",
        "keterangan": "checkpoint",
        "fungsi_jalan_cctv_id": 1,
        "masuk_prov": "N",
        "keluar_prov": "N",
        "is_active": 1,
        "cctv_category_id": 5,
        "hls_cctv": null,
        "channel_id_event": null,
        "kecamatan": "Medan Barat",
        "kota": null,
        "nama_objek_vital": null,
        "channel_id_enforcement": null,
        "cctv_id": "85b29126-cbf2-4234-ae5b-84f641a0d3e8",
        "rtsp_cctv_dcc": null,
        "arah_cctv": "Utara",
        "radius": "66 Meter",
        "channel_code": null,
        "polda": "Polda Sumatera Utara",
        "polres": "POLRESTABES MEDAN",
        "fungsi_jalan": "ARTERI",
        "category": "DALAM KOTA",
        "in_out": null,
        "ket_in_out": null,
        "_region": "medan",
        "Satwil": "Polrestabes Medan"
      }
    },
    {
      "type": "Feature",
      "geometry": {
        "type": "Point",
        "coordinates": [
          98.676348,
          3.577057
        ]
      },
      "properties": {
        "rowid": 194,
        "nama_cctv": "CTV217 DSHB PTZ CTVDPN Tmn A YANI",
        "polda_id": "02",
        "polres_id": "24",
        "status": "hidup",
        "ctdby": "2027ORGANIK",
        "ctddate": "2023-10-26T17:00:00.000Z",
        "ctdtime": "20:00:00",
        "rtsp_cctv": "rtsp://satansheir:letyur13@172.16.90.58:554/cam/realmonitor?channel=217&subtype=1",
        "ctdupd": null,
        "instansi": "dishub",
        "jenis_cctv": "ANALYTIC",
        "nama_jalan_s": "Taman Ahmad Yani",
        "channel_id": "1000007$1$0$216",
        "cctv_in": "N",
        "cctv_out": "N",
        "masuk_kab": "N",
        "keluar_kab": "N",
        "keterangan": "checkpoint",
        "fungsi_jalan_cctv_id": 1,
        "masuk_prov": "N",
        "keluar_prov": "N",
        "is_active": 1,
        "cctv_category_id": 5,
        "hls_cctv": null,
        "channel_id_event": null,
        "kecamatan": "Medan Maimun",
        "kota": null,
        "nama_objek_vital": null,
        "channel_id_enforcement": null,
        "cctv_id": "1bbffaba-ad4b-41d7-a064-06aa58f24c8b",
        "rtsp_cctv_dcc": null,
        "arah_cctv": "Timur",
        "radius": "50 Meter",
        "channel_code": null,
        "polda": "Polda Sumatera Utara",
        "polres": "POLRESTABES MEDAN",
        "fungsi_jalan": "ARTERI",
        "category": "DALAM KOTA",
        "in_out": null,
        "ket_in_out": null,
        "_region": "medan",
        "Satwil": "Polrestabes Medan"
      }
    },
    {
      "type": "Feature",
      "geometry": {
        "type": "Point",
        "coordinates": [
          98.605676,
          3.599031
        ]
      },
      "properties": {
        "rowid": 193,
        "nama_cctv": "CTV214 DSHB PTZ CTVGATSU(TUGU BATAS)PINANG BARIS",
        "polda_id": "02",
        "polres_id": "24",
        "status": "hidup",
        "ctdby": "2027ORGANIK",
        "ctddate": "2023-10-26T17:00:00.000Z",
        "ctdtime": "20:00:00",
        "rtsp_cctv": "rtsp://satansheir:letyur13@172.16.90.58:554/cam/realmonitor?channel=214&subtype=0",
        "ctdupd": "2026-02-19T17:00:00.000Z",
        "instansi": "dishub",
        "jenis_cctv": "Analytic Checkpoint",
        "nama_jalan_s": "Tugu Batas Pinang Baris",
        "channel_id": "1000007$1$0$213",
        "cctv_in": "N",
        "cctv_out": "N",
        "masuk_kab": "N",
        "keluar_kab": "N",
        "keterangan": "-",
        "fungsi_jalan_cctv_id": 7,
        "masuk_prov": "N",
        "keluar_prov": "N",
        "is_active": 1,
        "cctv_category_id": 5,
        "hls_cctv": null,
        "channel_id_event": null,
        "kecamatan": "Medan Sunggal",
        "kota": null,
        "nama_objek_vital": "",
        "channel_id_enforcement": null,
        "cctv_id": "2fe65508-05b7-4bd2-b1e9-f1450492c874",
        "rtsp_cctv_dcc": null,
        "arah_cctv": "Barat",
        "radius": "68 Meter",
        "channel_code": null,
        "polda": "Polda Sumatera Utara",
        "polres": "POLRESTABES MEDAN",
        "fungsi_jalan": null,
        "category": "DALAM KOTA",
        "in_out": null,
        "ket_in_out": null,
        "_region": "medan",
        "Satwil": "Polrestabes Medan"
      }
    },
    {
      "type": "Feature",
      "geometry": {
        "type": "Point",
        "coordinates": [
          98.66631,
          3.594833
        ]
      },
      "properties": {
        "rowid": 192,
        "nama_cctv": "CTV213 DSHB PTZ CTVJl.Skip  Jl.Meranti",
        "polda_id": "02",
        "polres_id": "24",
        "status": "hidup",
        "ctdby": "2027ORGANIK",
        "ctddate": "2023-10-26T17:00:00.000Z",
        "ctdtime": "20:00:00",
        "rtsp_cctv": "rtsp://satansheir:letyur13@172.16.90.58:554/cam/realmonitor?channel=213&subtype=1",
        "ctdupd": null,
        "instansi": "dishub",
        "jenis_cctv": "ANALYTIC",
        "nama_jalan_s": "Skip Jalan Meranti",
        "channel_id": "1000007$1$0$212",
        "cctv_in": "N",
        "cctv_out": "N",
        "masuk_kab": "N",
        "keluar_kab": "N",
        "keterangan": "checkpoint",
        "fungsi_jalan_cctv_id": 1,
        "masuk_prov": "N",
        "keluar_prov": "N",
        "is_active": 1,
        "cctv_category_id": 5,
        "hls_cctv": null,
        "channel_id_event": null,
        "kecamatan": "Medan Petisah",
        "kota": null,
        "nama_objek_vital": null,
        "channel_id_enforcement": null,
        "cctv_id": "53442643-57ba-4903-a6fb-7e5977901311",
        "rtsp_cctv_dcc": null,
        "arah_cctv": "Barat",
        "radius": "50 Meter",
        "channel_code": null,
        "polda": "Polda Sumatera Utara",
        "polres": "POLRESTABES MEDAN",
        "fungsi_jalan": "ARTERI",
        "category": "DALAM KOTA",
        "in_out": null,
        "ket_in_out": null,
        "_region": "medan",
        "Satwil": "Polrestabes Medan"
      }
    },
    {
      "type": "Feature",
      "geometry": {
        "type": "Point",
        "coordinates": [
          98.671348,
          3.586903
        ]
      },
      "properties": {
        "rowid": 191,
        "nama_cctv": "CTV102 DSHB PTZ KEJAKSAAN  T. UMAR",
        "polda_id": "02",
        "polres_id": "24",
        "status": "hidup",
        "ctdby": "2027ORGANIK",
        "ctddate": "2023-10-26T17:00:00.000Z",
        "ctdtime": "20:00:00",
        "rtsp_cctv": "rtsp://satansheir:letyur13@172.16.90.58:554/cam/realmonitor?channel=102&subtype=1",
        "ctdupd": "2026-02-19T17:00:00.000Z",
        "instansi": "dishub",
        "jenis_cctv": "ANALYTIC",
        "nama_jalan_s": "HMPC+QG9, Medan City, North Sumatra, Indonesia",
        "channel_id": "1000007$1$0$101",
        "cctv_in": "N",
        "cctv_out": "N",
        "masuk_kab": "N",
        "keluar_kab": "N",
        "keterangan": "checkpoint",
        "fungsi_jalan_cctv_id": 1,
        "masuk_prov": "N",
        "keluar_prov": "N",
        "is_active": 1,
        "cctv_category_id": 5,
        "hls_cctv": null,
        "channel_id_event": null,
        "kecamatan": "MEDAN PETISAH",
        "kota": "MEDAN",
        "nama_objek_vital": null,
        "channel_id_enforcement": null,
        "cctv_id": "d77ae159-95da-4685-b8bb-4fd400db979a",
        "rtsp_cctv_dcc": null,
        "arah_cctv": "Timur",
        "radius": "50 Meter",
        "channel_code": null,
        "polda": "Polda Sumatera Utara",
        "polres": "POLRESTABES MEDAN",
        "fungsi_jalan": "ARTERI",
        "category": "DALAM KOTA",
        "in_out": null,
        "ket_in_out": null,
        "_region": "medan",
        "Satwil": "Polrestabes Medan"
      }
    },
    {
      "type": "Feature",
      "geometry": {
        "type": "Point",
        "coordinates": [
          98.677039,
          3.596562
        ]
      },
      "properties": {
        "rowid": 190,
        "nama_cctv": "CTV210 DSHB PTZ CTVSimp.Merak Jingga  Printis",
        "polda_id": "02",
        "polres_id": "24",
        "status": "hidup",
        "ctdby": "2027ORGANIK",
        "ctddate": "2023-10-26T17:00:00.000Z",
        "ctdtime": "20:00:00",
        "rtsp_cctv": "rtsp://satansheir:letyur13@172.16.90.58:554/cam/realmonitor?channel=210&subtype=1",
        "ctdupd": null,
        "instansi": "dishub",
        "jenis_cctv": "ANALYTIC",
        "nama_jalan_s": "Simpang Merah Jingga Printis",
        "channel_id": "1000007$1$0$209",
        "cctv_in": "N",
        "cctv_out": "N",
        "masuk_kab": "N",
        "keluar_kab": "N",
        "keterangan": "checkpoint",
        "fungsi_jalan_cctv_id": 1,
        "masuk_prov": "N",
        "keluar_prov": "N",
        "is_active": 1,
        "cctv_category_id": 5,
        "hls_cctv": null,
        "channel_id_event": null,
        "kecamatan": "Medan Barat",
        "kota": null,
        "nama_objek_vital": null,
        "channel_id_enforcement": null,
        "cctv_id": "226ea3e8-8521-4f6f-b635-3482964f9cdb",
        "rtsp_cctv_dcc": null,
        "arah_cctv": "Barat",
        "radius": "70 Meter",
        "channel_code": null,
        "polda": "Polda Sumatera Utara",
        "polres": "POLRESTABES MEDAN",
        "fungsi_jalan": "ARTERI",
        "category": "DALAM KOTA",
        "in_out": null,
        "ket_in_out": null,
        "_region": "medan",
        "Satwil": "Polrestabes Medan"
      }
    },
    {
      "type": "Feature",
      "geometry": {
        "type": "Point",
        "coordinates": [
          98.671373,
          3.591302
        ]
      },
      "properties": {
        "rowid": 189,
        "nama_cctv": "CTV209 DSHB PTZ CTV Tugu Guru Patimpus",
        "polda_id": "02",
        "polres_id": "24",
        "status": "hidup",
        "ctdby": "2027ORGANIK",
        "ctddate": "2023-10-26T17:00:00.000Z",
        "ctdtime": "20:00:00",
        "rtsp_cctv": "rtsp://satansheir:letyur13@172.16.90.58:554/cam/realmonitor?channel=209&subtype=1",
        "ctdupd": null,
        "instansi": "dishub",
        "jenis_cctv": "ANALYTIC",
        "nama_jalan_s": "Tugu Guru Patimpus",
        "channel_id": "1000007$1$0$208",
        "cctv_in": "N",
        "cctv_out": "N",
        "masuk_kab": "N",
        "keluar_kab": "N",
        "keterangan": "checkpoint",
        "fungsi_jalan_cctv_id": 1,
        "masuk_prov": "N",
        "keluar_prov": "N",
        "is_active": 1,
        "cctv_category_id": 5,
        "hls_cctv": null,
        "channel_id_event": null,
        "kecamatan": "Medan Petisah",
        "kota": null,
        "nama_objek_vital": null,
        "channel_id_enforcement": null,
        "cctv_id": "e30cf3c3-7683-4af2-8739-2eb3d4690b4e",
        "rtsp_cctv_dcc": null,
        "arah_cctv": "Selatan",
        "radius": "87 Meter",
        "channel_code": null,
        "polda": "Polda Sumatera Utara",
        "polres": "POLRESTABES MEDAN",
        "fungsi_jalan": "ARTERI",
        "category": "DALAM KOTA",
        "in_out": null,
        "ket_in_out": null,
        "_region": "medan",
        "Satwil": "Polrestabes Medan"
      }
    },
    {
      "type": "Feature",
      "geometry": {
        "type": "Point",
        "coordinates": [
          98.666865,
          3.584257
        ]
      },
      "properties": {
        "rowid": 188,
        "nama_cctv": "CTV208 DSHB PTZ CTVDpn.Cambridge",
        "polda_id": "02",
        "polres_id": "24",
        "status": "hidup",
        "ctdby": "2027ORGANIK",
        "ctddate": "2023-10-26T17:00:00.000Z",
        "ctdtime": "20:00:00",
        "rtsp_cctv": "rtsp://satansheir:letyur13@172.16.90.58:554/cam/realmonitor?channel=208&subtype=1",
        "ctdupd": null,
        "instansi": "dishub",
        "jenis_cctv": "ANALYTIC",
        "nama_jalan_s": "Depan Rumah Dinas Walikota",
        "channel_id": "1000007$1$0$207",
        "cctv_in": "N",
        "cctv_out": "N",
        "masuk_kab": "N",
        "keluar_kab": "N",
        "keterangan": "checkpoint",
        "fungsi_jalan_cctv_id": 1,
        "masuk_prov": "N",
        "keluar_prov": "N",
        "is_active": 1,
        "cctv_category_id": 5,
        "hls_cctv": null,
        "channel_id_event": null,
        "kecamatan": "Medan Petisah",
        "kota": null,
        "nama_objek_vital": null,
        "channel_id_enforcement": null,
        "cctv_id": "3eaaa2bc-9865-4409-9b3d-224396250da9",
        "rtsp_cctv_dcc": null,
        "arah_cctv": "Barat",
        "radius": "50 Meter",
        "channel_code": null,
        "polda": "Polda Sumatera Utara",
        "polres": "POLRESTABES MEDAN",
        "fungsi_jalan": "ARTERI",
        "category": "DALAM KOTA",
        "in_out": null,
        "ket_in_out": null,
        "_region": "medan",
        "Satwil": "Polrestabes Medan"
      }
    },
    {
      "type": "Feature",
      "geometry": {
        "type": "Point",
        "coordinates": [
          98.68883,
          3.588371
        ]
      },
      "properties": {
        "rowid": 186,
        "nama_cctv": "CTV205 DSHB PTZ CTVJL. MT HARYONO",
        "polda_id": "02",
        "polres_id": "24",
        "status": "hidup",
        "ctdby": "2027ORGANIK",
        "ctddate": "2023-10-26T17:00:00.000Z",
        "ctdtime": "20:00:00",
        "rtsp_cctv": "rtsp://satansheir:letyur13@172.16.90.58:554/cam/realmonitor?channel=205&subtype=1",
        "ctdupd": null,
        "instansi": "dishub",
        "jenis_cctv": "ANALYTIC",
        "nama_jalan_s": "MT Haryono",
        "channel_id": "1000007$1$0$204",
        "cctv_in": "N",
        "cctv_out": "N",
        "masuk_kab": "N",
        "keluar_kab": "N",
        "keterangan": "checkpoint",
        "fungsi_jalan_cctv_id": 1,
        "masuk_prov": "N",
        "keluar_prov": "N",
        "is_active": 1,
        "cctv_category_id": 5,
        "hls_cctv": null,
        "channel_id_event": null,
        "kecamatan": "Medan Kota",
        "kota": null,
        "nama_objek_vital": null,
        "channel_id_enforcement": null,
        "cctv_id": "647f54b9-23c6-4ca7-91b8-18ea324d3a5b",
        "rtsp_cctv_dcc": null,
        "arah_cctv": "Barat",
        "radius": "80 Meter",
        "channel_code": null,
        "polda": "Polda Sumatera Utara",
        "polres": "POLRESTABES MEDAN",
        "fungsi_jalan": "ARTERI",
        "category": "DALAM KOTA",
        "in_out": null,
        "ket_in_out": null,
        "_region": "medan",
        "Satwil": "Polrestabes Medan"
      }
    },
    {
      "type": "Feature",
      "geometry": {
        "type": "Point",
        "coordinates": [
          98.627082,
          3.591369
        ]
      },
      "properties": {
        "rowid": 185,
        "nama_cctv": "CTV203 DSHB VID SIMP.GATSUASRAMA 3",
        "polda_id": "02",
        "polres_id": "24",
        "status": "hidup",
        "ctdby": "2027ORGANIK",
        "ctddate": "2023-10-26T17:00:00.000Z",
        "ctdtime": "20:00:00",
        "rtsp_cctv": "rtsp://satansheir:letyur13@172.16.90.58:554/cam/realmonitor?channel=203&subtype=1",
        "ctdupd": null,
        "instansi": "dishub",
        "jenis_cctv": "ANALYTIC",
        "nama_jalan_s": "Simpang Gatsu Asrama III",
        "channel_id": "1000007$1$0$202",
        "cctv_in": "N",
        "cctv_out": "N",
        "masuk_kab": "N",
        "keluar_kab": "N",
        "keterangan": "checkpoint",
        "fungsi_jalan_cctv_id": 1,
        "masuk_prov": "N",
        "keluar_prov": "N",
        "is_active": 1,
        "cctv_category_id": 5,
        "hls_cctv": null,
        "channel_id_event": null,
        "kecamatan": "Medan Sunggal",
        "kota": null,
        "nama_objek_vital": null,
        "channel_id_enforcement": null,
        "cctv_id": "b58a2c87-3867-4676-a883-6025e2529354",
        "rtsp_cctv_dcc": null,
        "arah_cctv": "Selatan",
        "radius": "-",
        "channel_code": null,
        "polda": "Polda Sumatera Utara",
        "polres": "POLRESTABES MEDAN",
        "fungsi_jalan": "ARTERI",
        "category": "DALAM KOTA",
        "in_out": null,
        "ket_in_out": null,
        "_region": "medan",
        "Satwil": "Polrestabes Medan"
      }
    },
    {
      "type": "Feature",
      "geometry": {
        "type": "Point",
        "coordinates": [
          98.69866660789982,
          3.546391426829573
        ]
      },
      "properties": {
        "rowid": 184,
        "nama_cctv": "CTV202 DSHB PTZ SM.Raja  Alfalah",
        "polda_id": "02",
        "polres_id": "24",
        "status": "hidup",
        "ctdby": "2027ORGANIK",
        "ctddate": "2023-10-26T17:00:00.000Z",
        "ctdtime": "20:00:00",
        "rtsp_cctv": "rtsp://satansheir:letyur13@172.16.90.58:554/cam/realmonitor?channel=202&subtype=0",
        "ctdupd": "2026-02-19T17:00:00.000Z",
        "instansi": "dishub",
        "jenis_cctv": "Analytic Checkpoint",
        "nama_jalan_s": "GMWX+GHW, Harjosari I, Medan Amplas, Medan City, North Sumatra 20217, Indonesia",
        "channel_id": "1000007$1$0$201",
        "cctv_in": "N",
        "cctv_out": "N",
        "masuk_kab": "N",
        "keluar_kab": "N",
        "keterangan": "checkpoint",
        "fungsi_jalan_cctv_id": 1,
        "masuk_prov": "N",
        "keluar_prov": "N",
        "is_active": 1,
        "cctv_category_id": 5,
        "hls_cctv": null,
        "channel_id_event": null,
        "kecamatan": "MEDAN AMPLAS",
        "kota": "MEDAN",
        "nama_objek_vital": null,
        "channel_id_enforcement": null,
        "cctv_id": "71bfa6d8-395f-4cb0-81cf-fecd7e19c819",
        "rtsp_cctv_dcc": null,
        "arah_cctv": "Utara",
        "radius": "50 Meter",
        "channel_code": null,
        "polda": "Polda Sumatera Utara",
        "polres": "POLRESTABES MEDAN",
        "fungsi_jalan": "ARTERI",
        "category": "DALAM KOTA",
        "in_out": null,
        "ket_in_out": null,
        "_region": "medan",
        "Satwil": "Polrestabes Medan"
      }
    },
    {
      "type": "Feature",
      "geometry": {
        "type": "Point",
        "coordinates": [
          98.609252,
          3.59774
        ]
      },
      "properties": {
        "rowid": 183,
        "nama_cctv": "CTV201 DHSB VID SIMP P BARIS 1",
        "polda_id": "02",
        "polres_id": "24",
        "status": "hidup",
        "ctdby": "2027ORGANIK",
        "ctddate": "2023-10-26T17:00:00.000Z",
        "ctdtime": "20:00:00",
        "rtsp_cctv": "rtsp://satansheir:letyur13@172.16.90.58:554/cam/realmonitor?channel=201&subtype=0",
        "ctdupd": "2026-02-19T17:00:00.000Z",
        "instansi": "dishub",
        "jenis_cctv": "Analytic Checkpoint",
        "nama_jalan_s": "HJX5+3PR, Medan City, North Sumatra, Indonesia",
        "channel_id": "1000007$1$0$200",
        "cctv_in": "N",
        "cctv_out": "Y",
        "masuk_kab": "N",
        "keluar_kab": "Y",
        "keterangan": "-",
        "fungsi_jalan_cctv_id": 1,
        "masuk_prov": "N",
        "keluar_prov": "N",
        "is_active": 1,
        "cctv_category_id": 2,
        "hls_cctv": null,
        "channel_id_event": null,
        "kecamatan": "MEDAN SUNGGAL",
        "kota": "MEDAN",
        "nama_objek_vital": "",
        "channel_id_enforcement": null,
        "cctv_id": "af9acb37-6783-434a-a9a3-667e386b7a2e",
        "rtsp_cctv_dcc": null,
        "arah_cctv": "Timur",
        "radius": "30 Meter",
        "channel_code": null,
        "polda": "Polda Sumatera Utara",
        "polres": "POLRESTABES MEDAN",
        "fungsi_jalan": "ARTERI",
        "category": "BATAS KOTA",
        "in_out": "CCTV OUT",
        "ket_in_out": "KOTA",
        "_region": "medan",
        "Satwil": "Polrestabes Medan"
      }
    },
    {
      "type": "Feature",
      "geometry": {
        "type": "Point",
        "coordinates": [
          98.67858,
          3.584171
        ]
      },
      "properties": {
        "rowid": 182,
        "nama_cctv": "CTV200 DSHB PTZ CTVJL.PALANG MERAH  JL.MESJID",
        "polda_id": "02",
        "polres_id": "24",
        "status": "hidup",
        "ctdby": "2027ORGANIK",
        "ctddate": "2023-10-26T17:00:00.000Z",
        "ctdtime": "20:00:00",
        "rtsp_cctv": "rtsp://satansheir:letyur13@172.16.90.58:554/cam/realmonitor?channel=200&subtype=0",
        "ctdupd": null,
        "instansi": "dishub",
        "jenis_cctv": "Analytic Checkpoint",
        "nama_jalan_s": "Palam Merah Jalan Mesjid",
        "channel_id": "1000007$1$0$199",
        "cctv_in": "N",
        "cctv_out": "N",
        "masuk_kab": "N",
        "keluar_kab": "N",
        "keterangan": "checkpoint",
        "fungsi_jalan_cctv_id": 7,
        "masuk_prov": "N",
        "keluar_prov": "N",
        "is_active": 1,
        "cctv_category_id": 5,
        "hls_cctv": null,
        "channel_id_event": null,
        "kecamatan": "Medan Maimun",
        "kota": null,
        "nama_objek_vital": null,
        "channel_id_enforcement": null,
        "cctv_id": "0897892b-0aa7-483e-9b3c-3c13553037db",
        "rtsp_cctv_dcc": null,
        "arah_cctv": "Selatan",
        "radius": "50 Meter",
        "channel_code": null,
        "polda": "Polda Sumatera Utara",
        "polres": "POLRESTABES MEDAN",
        "fungsi_jalan": null,
        "category": "DALAM KOTA",
        "in_out": null,
        "ket_in_out": null,
        "_region": "medan",
        "Satwil": "Polrestabes Medan"
      }
    },
    {
      "type": "Feature",
      "geometry": {
        "type": "Point",
        "coordinates": [
          98.687315,
          3.583331
        ]
      },
      "properties": {
        "rowid": 181,
        "nama_cctv": "CTV199 DSHB PTZ CTVJl.Sutomo  Jl.Aani Idrus",
        "polda_id": "02",
        "polres_id": "24",
        "status": "hidup",
        "ctdby": "2027ORGANIK",
        "ctddate": "2023-10-26T17:00:00.000Z",
        "ctdtime": "20:00:00",
        "rtsp_cctv": "rtsp://satansheir:letyur13@172.16.90.58:554/cam/realmonitor?channel=199&subtype=1",
        "ctdupd": null,
        "instansi": "dishub",
        "jenis_cctv": "ANALYTIC",
        "nama_jalan_s": "Sutomo Idrus",
        "channel_id": "1000007$1$0$198",
        "cctv_in": "N",
        "cctv_out": "N",
        "masuk_kab": "N",
        "keluar_kab": "N",
        "keterangan": "checkpoint",
        "fungsi_jalan_cctv_id": 1,
        "masuk_prov": "N",
        "keluar_prov": "N",
        "is_active": 1,
        "cctv_category_id": 5,
        "hls_cctv": null,
        "channel_id_event": "1000014$1$0$56",
        "kecamatan": "Medan Kota",
        "kota": null,
        "nama_objek_vital": null,
        "channel_id_enforcement": null,
        "cctv_id": "9f50c63f-c678-4d19-bb17-1b4966febcf3",
        "rtsp_cctv_dcc": null,
        "arah_cctv": "Utara",
        "radius": "70 Meter",
        "channel_code": null,
        "polda": "Polda Sumatera Utara",
        "polres": "POLRESTABES MEDAN",
        "fungsi_jalan": "ARTERI",
        "category": "DALAM KOTA",
        "in_out": null,
        "ket_in_out": null,
        "_region": "medan",
        "Satwil": "Polrestabes Medan"
      }
    },
    {
      "type": "Feature",
      "geometry": {
        "type": "Point",
        "coordinates": [
          98.679901,
          3.585831
        ]
      },
      "properties": {
        "rowid": 180,
        "nama_cctv": "CTV197 DSHB PTZ CTVJl. Ahmad Yani Dpn Tip  Top",
        "polda_id": "02",
        "polres_id": "24",
        "status": "hidup",
        "ctdby": "2027ORGANIK",
        "ctddate": "2023-10-26T17:00:00.000Z",
        "ctdtime": "20:00:00",
        "rtsp_cctv": "rtsp://satansheir:letyur13@172.16.90.58:554/cam/realmonitor?channel=197&subtype=1",
        "ctdupd": null,
        "instansi": "dishub",
        "jenis_cctv": "ANALYTIC",
        "nama_jalan_s": "Ahmad Yani",
        "channel_id": "1000007$1$0$196",
        "cctv_in": "N",
        "cctv_out": "N",
        "masuk_kab": "N",
        "keluar_kab": "N",
        "keterangan": "checkpoint",
        "fungsi_jalan_cctv_id": 1,
        "masuk_prov": "N",
        "keluar_prov": "N",
        "is_active": 1,
        "cctv_category_id": 5,
        "hls_cctv": null,
        "channel_id_event": null,
        "kecamatan": "Medan Barat",
        "kota": null,
        "nama_objek_vital": null,
        "channel_id_enforcement": null,
        "cctv_id": "a6107ce7-f62d-4acb-9d6a-6fdd521691ae",
        "rtsp_cctv_dcc": null,
        "arah_cctv": "Utara",
        "radius": "10 Meter",
        "channel_code": null,
        "polda": "Polda Sumatera Utara",
        "polres": "POLRESTABES MEDAN",
        "fungsi_jalan": "ARTERI",
        "category": "DALAM KOTA",
        "in_out": null,
        "ket_in_out": null,
        "_region": "medan",
        "Satwil": "Polrestabes Medan"
      }
    },
    {
      "type": "Feature",
      "geometry": {
        "type": "Point",
        "coordinates": [
          98.633324,
          3.591156
        ]
      },
      "properties": {
        "rowid": 179,
        "nama_cctv": "CTV196 DSHB PTZ CTVJl.Gatot Subroto PRSU",
        "polda_id": "02",
        "polres_id": "24",
        "status": "hidup",
        "ctdby": "2027ORGANIK",
        "ctddate": "2023-10-26T17:00:00.000Z",
        "ctdtime": "20:00:00",
        "rtsp_cctv": "rtsp://satansheir:letyur13@172.16.90.58:554/cam/realmonitor?channel=196&subtype=1",
        "ctdupd": null,
        "instansi": "dishub",
        "jenis_cctv": "ANALYTIC",
        "nama_jalan_s": "Gatot Subroto PRSU",
        "channel_id": "1000007$1$0$195",
        "cctv_in": "N",
        "cctv_out": "N",
        "masuk_kab": "N",
        "keluar_kab": "N",
        "keterangan": "checkpoint",
        "fungsi_jalan_cctv_id": 1,
        "masuk_prov": "N",
        "keluar_prov": "N",
        "is_active": 1,
        "cctv_category_id": 5,
        "hls_cctv": null,
        "channel_id_event": null,
        "kecamatan": "Medan Sunggal",
        "kota": null,
        "nama_objek_vital": null,
        "channel_id_enforcement": null,
        "cctv_id": "5eaa3402-c962-44f9-98b6-d8818c4fe8b1",
        "rtsp_cctv_dcc": null,
        "arah_cctv": "Barat",
        "radius": "100 Meter",
        "channel_code": null,
        "polda": "Polda Sumatera Utara",
        "polres": "POLRESTABES MEDAN",
        "fungsi_jalan": "ARTERI",
        "category": "DALAM KOTA",
        "in_out": null,
        "ket_in_out": null,
        "_region": "medan",
        "Satwil": "Polrestabes Medan"
      }
    },
    {
      "type": "Feature",
      "geometry": {
        "type": "Point",
        "coordinates": [
          98.644989,
          3.599264
        ]
      },
      "properties": {
        "rowid": 178,
        "nama_cctv": "CTV191 DSHB PTZ CTVJln. Kptn.Muslim",
        "polda_id": "02",
        "polres_id": "24",
        "status": "hidup",
        "ctdby": "2027ORGANIK",
        "ctddate": "2023-10-26T17:00:00.000Z",
        "ctdtime": "20:00:00",
        "rtsp_cctv": "rtsp://satansheir:letyur13@172.16.90.58:554/cam/realmonitor?channel=191&subtype=1",
        "ctdupd": null,
        "instansi": "dishub",
        "jenis_cctv": "ANALYTIC",
        "nama_jalan_s": "Kapten Muslim",
        "channel_id": "1000007$1$0$190",
        "cctv_in": "N",
        "cctv_out": "N",
        "masuk_kab": "N",
        "keluar_kab": "N",
        "keterangan": "checkpoint",
        "fungsi_jalan_cctv_id": 1,
        "masuk_prov": "N",
        "keluar_prov": "N",
        "is_active": 1,
        "cctv_category_id": 5,
        "hls_cctv": null,
        "channel_id_event": null,
        "kecamatan": "Medan Helvetia",
        "kota": null,
        "nama_objek_vital": null,
        "channel_id_enforcement": null,
        "cctv_id": "81ab3819-e43a-49ee-aea8-95fd36146279",
        "rtsp_cctv_dcc": null,
        "arah_cctv": "Utara",
        "radius": "70 Meter",
        "channel_code": null,
        "polda": "Polda Sumatera Utara",
        "polres": "POLRESTABES MEDAN",
        "fungsi_jalan": "ARTERI",
        "category": "DALAM KOTA",
        "in_out": null,
        "ket_in_out": null,
        "_region": "medan",
        "Satwil": "Polrestabes Medan"
      }
    },
    {
      "type": "Feature",
      "geometry": {
        "type": "Point",
        "coordinates": [
          98.681577,
          3.572415
        ]
      },
      "properties": {
        "rowid": 177,
        "nama_cctv": "CTV190 DSHB PTZ CTVJuanda  Saman Hudi",
        "polda_id": "02",
        "polres_id": "24",
        "status": "hidup",
        "ctdby": "2027ORGANIK",
        "ctddate": "2023-10-26T17:00:00.000Z",
        "ctdtime": "20:00:00",
        "rtsp_cctv": "rtsp://satansheir:letyur13@172.16.90.58:554/cam/realmonitor?channel=190&subtype=0",
        "ctdupd": "2026-02-19T17:00:00.000Z",
        "instansi": "dishub",
        "jenis_cctv": "Analytic Checkpoint",
        "nama_jalan_s": "Juanda Saman Hudi",
        "channel_id": "1000007$1$0$189",
        "cctv_in": "N",
        "cctv_out": "N",
        "masuk_kab": "N",
        "keluar_kab": "N",
        "keterangan": "checkpoint",
        "fungsi_jalan_cctv_id": 7,
        "masuk_prov": "N",
        "keluar_prov": "N",
        "is_active": 1,
        "cctv_category_id": 5,
        "hls_cctv": null,
        "channel_id_event": "1000014$1$0$54",
        "kecamatan": "Medan Maimun",
        "kota": null,
        "nama_objek_vital": null,
        "channel_id_enforcement": null,
        "cctv_id": "9775b8b2-50a6-43c7-94fa-14bd05b9d6df",
        "rtsp_cctv_dcc": null,
        "arah_cctv": "Utara",
        "radius": "50 Meter",
        "channel_code": null,
        "polda": "Polda Sumatera Utara",
        "polres": "POLRESTABES MEDAN",
        "fungsi_jalan": null,
        "category": "DALAM KOTA",
        "in_out": null,
        "ket_in_out": null,
        "_region": "medan",
        "Satwil": "Polrestabes Medan"
      }
    },
    {
      "type": "Feature",
      "geometry": {
        "type": "Point",
        "coordinates": [
          98.669347,
          3.606748
        ]
      },
      "properties": {
        "rowid": 176,
        "nama_cctv": "CTV187 DSHB PTZ CTVTugu Guru Adipura",
        "polda_id": "02",
        "polres_id": "24",
        "status": "hidup",
        "ctdby": "2027ORGANIK",
        "ctddate": "2023-10-26T17:00:00.000Z",
        "ctdtime": "20:00:00",
        "rtsp_cctv": "rtsp://satansheir:letyur13@172.16.90.58:554/cam/realmonitor?channel=187&subtype=1",
        "ctdupd": null,
        "instansi": "dishub",
        "jenis_cctv": "ANALYTIC",
        "nama_jalan_s": "Tugu Guru Adipura",
        "channel_id": "1000007$1$0$186",
        "cctv_in": "N",
        "cctv_out": "N",
        "masuk_kab": "N",
        "keluar_kab": "N",
        "keterangan": "checkpoint",
        "fungsi_jalan_cctv_id": 1,
        "masuk_prov": "N",
        "keluar_prov": "N",
        "is_active": 1,
        "cctv_category_id": 5,
        "hls_cctv": null,
        "channel_id_event": null,
        "kecamatan": "Medan Barat",
        "kota": null,
        "nama_objek_vital": null,
        "channel_id_enforcement": null,
        "cctv_id": "90dc955c-ef7e-4db1-9c27-083f0c483084",
        "rtsp_cctv_dcc": null,
        "arah_cctv": "Utara",
        "radius": "60 Meter",
        "channel_code": null,
        "polda": "Polda Sumatera Utara",
        "polres": "POLRESTABES MEDAN",
        "fungsi_jalan": "ARTERI",
        "category": "DALAM KOTA",
        "in_out": null,
        "ket_in_out": null,
        "_region": "medan",
        "Satwil": "Polrestabes Medan"
      }
    },
    {
      "type": "Feature",
      "geometry": {
        "type": "Point",
        "coordinates": [
          98.665107,
          3.607042
        ]
      },
      "properties": {
        "rowid": 175,
        "nama_cctv": "CTV186 DSHB PTZ CTVSimp.Karya  Amir Hamzah",
        "polda_id": "02",
        "polres_id": "24",
        "status": "hidup",
        "ctdby": "2027ORGANIK",
        "ctddate": "2023-10-26T17:00:00.000Z",
        "ctdtime": "20:00:00",
        "rtsp_cctv": "rtsp://satansheir:letyur13@172.16.90.58:554/cam/realmonitor?channel=186&subtype=1",
        "ctdupd": null,
        "instansi": "dishub",
        "jenis_cctv": "ANALYTIC",
        "nama_jalan_s": "Simpang Karya Amir Hamzah",
        "channel_id": "1000007$1$0$185",
        "cctv_in": "N",
        "cctv_out": "N",
        "masuk_kab": "N",
        "keluar_kab": "N",
        "keterangan": "checkpoint",
        "fungsi_jalan_cctv_id": 1,
        "masuk_prov": "N",
        "keluar_prov": "N",
        "is_active": 1,
        "cctv_category_id": 5,
        "hls_cctv": null,
        "channel_id_event": null,
        "kecamatan": "Medan Barat",
        "kota": null,
        "nama_objek_vital": null,
        "channel_id_enforcement": null,
        "cctv_id": "b8ae2021-ad49-4297-9128-f58d0d405f6d",
        "rtsp_cctv_dcc": null,
        "arah_cctv": "Selatan",
        "radius": "50 Meter",
        "channel_code": null,
        "polda": "Polda Sumatera Utara",
        "polres": "POLRESTABES MEDAN",
        "fungsi_jalan": "ARTERI",
        "category": "DALAM KOTA",
        "in_out": null,
        "ket_in_out": null,
        "_region": "medan",
        "Satwil": "Polrestabes Medan"
      }
    },
    {
      "type": "Feature",
      "geometry": {
        "type": "Point",
        "coordinates": [
          98.6738594,
          3.6068875
        ]
      },
      "properties": {
        "rowid": 174,
        "nama_cctv": "CTV185 DSHB VID GLUGUR",
        "polda_id": "02",
        "polres_id": "24",
        "status": "hidup",
        "ctdby": "2027ORGANIK",
        "ctddate": "2023-10-26T17:00:00.000Z",
        "ctdtime": "20:00:00",
        "rtsp_cctv": "rtsp://satansheir:letyur13@172.16.90.58:554/cam/realmonitor?channel=185&subtype=1",
        "ctdupd": "2026-02-19T17:00:00.000Z",
        "instansi": "dishub",
        "jenis_cctv": "ANALYTIC",
        "nama_jalan_s": "JM4F+QG5, Medan City, North Sumatra, Indonesia",
        "channel_id": "1000007$1$0$184",
        "cctv_in": "N",
        "cctv_out": "Y",
        "masuk_kab": "N",
        "keluar_kab": "Y",
        "keterangan": "perbatasan",
        "fungsi_jalan_cctv_id": 1,
        "masuk_prov": "N",
        "keluar_prov": "N",
        "is_active": 1,
        "cctv_category_id": 2,
        "hls_cctv": null,
        "channel_id_event": null,
        "kecamatan": "Medan Barat",
        "kota": "MEDAN",
        "nama_objek_vital": "",
        "channel_id_enforcement": null,
        "cctv_id": "5904baf0-8a8a-44d7-8717-326b9cb62303",
        "rtsp_cctv_dcc": null,
        "arah_cctv": "Barat",
        "radius": "21 Meter",
        "channel_code": null,
        "polda": "Polda Sumatera Utara",
        "polres": "POLRESTABES MEDAN",
        "fungsi_jalan": "ARTERI",
        "category": "BATAS KOTA",
        "in_out": "CCTV OUT",
        "ket_in_out": "KOTA",
        "_region": "medan",
        "Satwil": "Polrestabes Medan"
      }
    },
    {
      "type": "Feature",
      "geometry": {
        "type": "Point",
        "coordinates": [
          98.642986,
          3.577395
        ]
      },
      "properties": {
        "rowid": 173,
        "nama_cctv": "CTV180 DSHB VID SETIA BUDI SEI SERAYU",
        "polda_id": "02",
        "polres_id": "24",
        "status": "hidup",
        "ctdby": "2027ORGANIK",
        "ctddate": "2023-10-26T17:00:00.000Z",
        "ctdtime": "20:00:00",
        "rtsp_cctv": "rtsp://satansheir:letyur13@172.16.90.58:554/cam/realmonitor?channel=180&subtype=1",
        "ctdupd": null,
        "instansi": "dishub",
        "jenis_cctv": "ANALYTIC",
        "nama_jalan_s": "Setia Budi Sei Serayu",
        "channel_id": "1000007$1$0$179",
        "cctv_in": "N",
        "cctv_out": "N",
        "masuk_kab": "N",
        "keluar_kab": "N",
        "keterangan": "checkpoint",
        "fungsi_jalan_cctv_id": 1,
        "masuk_prov": "N",
        "keluar_prov": "N",
        "is_active": 1,
        "cctv_category_id": 5,
        "hls_cctv": null,
        "channel_id_event": "1000014$1$0$40",
        "kecamatan": "Medan Sunggal",
        "kota": null,
        "nama_objek_vital": null,
        "channel_id_enforcement": null,
        "cctv_id": "70c70652-42bb-4d1e-bb15-7ee9aa4f939e",
        "rtsp_cctv_dcc": null,
        "arah_cctv": "Selatan",
        "radius": "45 Meter",
        "channel_code": null,
        "polda": "Polda Sumatera Utara",
        "polres": "POLRESTABES MEDAN",
        "fungsi_jalan": "ARTERI",
        "category": "DALAM KOTA",
        "in_out": null,
        "ket_in_out": null,
        "_region": "medan",
        "Satwil": "Polrestabes Medan"
      }
    },
    {
      "type": "Feature",
      "geometry": {
        "type": "Point",
        "coordinates": [
          98.674242,
          3.609201
        ]
      },
      "properties": {
        "rowid": 172,
        "nama_cctv": "CTV179 DSHB PTZ CTVJl YOS SUDARSO  ABD WAHAB ROKAN",
        "polda_id": "02",
        "polres_id": "24",
        "status": "mati",
        "ctdby": "2027ORGANIK",
        "ctddate": "2023-10-26T17:00:00.000Z",
        "ctdtime": "20:00:00",
        "rtsp_cctv": "rtsp://satansheir:letyur13@172.16.90.58:554/cam/realmonitor?channel=179&subtype=1",
        "ctdupd": null,
        "instansi": "dishub",
        "jenis_cctv": "ANALYTIC",
        "nama_jalan_s": "Yos Sudarso Abd Wahab",
        "channel_id": "1000007$1$0$178",
        "cctv_in": "N",
        "cctv_out": "N",
        "masuk_kab": "N",
        "keluar_kab": "N",
        "keterangan": "checkpoint",
        "fungsi_jalan_cctv_id": 1,
        "masuk_prov": "N",
        "keluar_prov": "N",
        "is_active": 1,
        "cctv_category_id": 5,
        "hls_cctv": null,
        "channel_id_event": null,
        "kecamatan": "Medan Barat",
        "kota": null,
        "nama_objek_vital": null,
        "channel_id_enforcement": null,
        "cctv_id": "666b611f-f0c2-4578-8854-0b86583731fe",
        "rtsp_cctv_dcc": null,
        "arah_cctv": "Selatan",
        "radius": "50 Meter",
        "channel_code": null,
        "polda": "Polda Sumatera Utara",
        "polres": "POLRESTABES MEDAN",
        "fungsi_jalan": "ARTERI",
        "category": "DALAM KOTA",
        "in_out": null,
        "ket_in_out": null,
        "_region": "medan",
        "Satwil": "Polrestabes Medan"
      }
    },
    {
      "type": "Feature",
      "geometry": {
        "type": "Point",
        "coordinates": [
          98.672964,
          3.61338
        ]
      },
      "properties": {
        "rowid": 171,
        "nama_cctv": "CTV175 DSHB PTZ CTVJl. KL. Yos Sudarso",
        "polda_id": "02",
        "polres_id": "24",
        "status": "hidup",
        "ctdby": "2027ORGANIK",
        "ctddate": "2023-10-26T17:00:00.000Z",
        "ctdtime": "20:00:00",
        "rtsp_cctv": "rtsp://satansheir:letyur13@172.16.90.58:554/cam/realmonitor?channel=175&subtype=1",
        "ctdupd": null,
        "instansi": "dishub",
        "jenis_cctv": "ANALYTIC",
        "nama_jalan_s": "Yos Sudarso",
        "channel_id": "1000007$1$0$174",
        "cctv_in": "N",
        "cctv_out": "N",
        "masuk_kab": "N",
        "keluar_kab": "N",
        "keterangan": "checkpoint",
        "fungsi_jalan_cctv_id": 1,
        "masuk_prov": "N",
        "keluar_prov": "N",
        "is_active": 1,
        "cctv_category_id": 5,
        "hls_cctv": null,
        "channel_id_event": null,
        "kecamatan": "Medan Barat",
        "kota": null,
        "nama_objek_vital": null,
        "channel_id_enforcement": null,
        "cctv_id": "29fbfdf5-a51e-4bc6-8435-425c8399c8cd",
        "rtsp_cctv_dcc": null,
        "arah_cctv": "Utara",
        "radius": "50 Meter",
        "channel_code": null,
        "polda": "Polda Sumatera Utara",
        "polres": "POLRESTABES MEDAN",
        "fungsi_jalan": "ARTERI",
        "category": "DALAM KOTA",
        "in_out": null,
        "ket_in_out": null,
        "_region": "medan",
        "Satwil": "Polrestabes Medan"
      }
    },
    {
      "type": "Feature",
      "geometry": {
        "type": "Point",
        "coordinates": [
          98.639402,
          3.564006
        ]
      },
      "properties": {
        "rowid": 170,
        "nama_cctv": "CTV172 DSHB PTZ SETIA BUDI TASBIH",
        "polda_id": "02",
        "polres_id": "24",
        "status": "hidup",
        "ctdby": "2027ORGANIK",
        "ctddate": "2023-10-26T17:00:00.000Z",
        "ctdtime": "20:00:00",
        "rtsp_cctv": "rtsp://satansheir:letyur13@172.16.90.58:554/cam/realmonitor?channel=172&subtype=1",
        "ctdupd": null,
        "instansi": "dishub",
        "jenis_cctv": "ANALYTIC",
        "nama_jalan_s": "Setia Budi Tasbih",
        "channel_id": "1000007$1$0$171",
        "cctv_in": "N",
        "cctv_out": "N",
        "masuk_kab": "N",
        "keluar_kab": "N",
        "keterangan": "checkpoint",
        "fungsi_jalan_cctv_id": 1,
        "masuk_prov": "N",
        "keluar_prov": "N",
        "is_active": 1,
        "cctv_category_id": 5,
        "hls_cctv": null,
        "channel_id_event": null,
        "kecamatan": "Medan Sunggal",
        "kota": null,
        "nama_objek_vital": null,
        "channel_id_enforcement": null,
        "cctv_id": "92c45ed7-7297-4603-bbe9-6ee6adfa8014",
        "rtsp_cctv_dcc": null,
        "arah_cctv": "Utara",
        "radius": "50 Meter",
        "channel_code": null,
        "polda": "Polda Sumatera Utara",
        "polres": "POLRESTABES MEDAN",
        "fungsi_jalan": "ARTERI",
        "category": "DALAM KOTA",
        "in_out": null,
        "ket_in_out": null,
        "_region": "medan",
        "Satwil": "Polrestabes Medan"
      }
    },
    {
      "type": "Feature",
      "geometry": {
        "type": "Point",
        "coordinates": [
          98.642115,
          3.567509
        ]
      },
      "properties": {
        "rowid": 169,
        "nama_cctv": "CTV171 DSHB PTZ Setia Budi  Dokter Mansyur",
        "polda_id": "02",
        "polres_id": "24",
        "status": "hidup",
        "ctdby": "2027ORGANIK",
        "ctddate": "2023-10-26T17:00:00.000Z",
        "ctdtime": "20:00:00",
        "rtsp_cctv": "rtsp://satansheir:letyur13@172.16.90.58:554/cam/realmonitor?channel=171&subtype=1",
        "ctdupd": null,
        "instansi": "dishub",
        "jenis_cctv": "ANALYTIC",
        "nama_jalan_s": "Setia Budi Dokter Mansyur",
        "channel_id": "1000007$1$0$170",
        "cctv_in": "N",
        "cctv_out": "N",
        "masuk_kab": "N",
        "keluar_kab": "N",
        "keterangan": "checkpoint",
        "fungsi_jalan_cctv_id": 1,
        "masuk_prov": "N",
        "keluar_prov": "N",
        "is_active": 1,
        "cctv_category_id": 5,
        "hls_cctv": null,
        "channel_id_event": null,
        "kecamatan": "Medan Sunggal",
        "kota": null,
        "nama_objek_vital": null,
        "channel_id_enforcement": null,
        "cctv_id": "f8debd4d-d33b-460e-9d72-69603d5d9ca7",
        "rtsp_cctv_dcc": null,
        "arah_cctv": "Timur",
        "radius": "55 Meter",
        "channel_code": null,
        "polda": "Polda Sumatera Utara",
        "polres": "POLRESTABES MEDAN",
        "fungsi_jalan": "ARTERI",
        "category": "DALAM KOTA",
        "in_out": null,
        "ket_in_out": null,
        "_region": "medan",
        "Satwil": "Polrestabes Medan"
      }
    },
    {
      "type": "Feature",
      "geometry": {
        "type": "Point",
        "coordinates": [
          98.688663,
          3.55334
        ]
      },
      "properties": {
        "rowid": 168,
        "nama_cctv": "CTV168 DSHB VID KATAMSO SAKTI LUBIS I I1",
        "polda_id": "02",
        "polres_id": "24",
        "status": "hidup",
        "ctdby": "2027ORGANIK",
        "ctddate": "2023-10-26T17:00:00.000Z",
        "ctdtime": "20:00:00",
        "rtsp_cctv": "rtsp://satansheir:letyur13@172.16.90.58:554/cam/realmonitor?channel=168&subtype=1",
        "ctdupd": null,
        "instansi": "dishub",
        "jenis_cctv": "ANALYTIC",
        "nama_jalan_s": "Katamso Sakti Lubis III",
        "channel_id": "1000007$1$0$167",
        "cctv_in": "N",
        "cctv_out": "N",
        "masuk_kab": "N",
        "keluar_kab": "N",
        "keterangan": "checkpoint",
        "fungsi_jalan_cctv_id": 1,
        "masuk_prov": "N",
        "keluar_prov": "N",
        "is_active": 1,
        "cctv_category_id": 5,
        "hls_cctv": null,
        "channel_id_event": null,
        "kecamatan": "Medan Maimun",
        "kota": null,
        "nama_objek_vital": null,
        "channel_id_enforcement": null,
        "cctv_id": "1ca896e3-fd88-4d1d-851b-a63274512be1",
        "rtsp_cctv_dcc": null,
        "arah_cctv": "Utara",
        "radius": "-",
        "channel_code": null,
        "polda": "Polda Sumatera Utara",
        "polres": "POLRESTABES MEDAN",
        "fungsi_jalan": "ARTERI",
        "category": "DALAM KOTA",
        "in_out": null,
        "ket_in_out": null,
        "_region": "medan",
        "Satwil": "Polrestabes Medan"
      }
    },
    {
      "type": "Feature",
      "geometry": {
        "type": "Point",
        "coordinates": [
          98.690254,
          3.588901
        ]
      },
      "properties": {
        "rowid": 167,
        "nama_cctv": "CTV167 DSHB VID THAMRIN SUMATERA I I1",
        "polda_id": "02",
        "polres_id": "24",
        "status": "hidup",
        "ctdby": "2027ORGANIK",
        "ctddate": "2023-10-26T17:00:00.000Z",
        "ctdtime": "20:00:00",
        "rtsp_cctv": "rtsp://satansheir:letyur13@172.16.90.58:554/cam/realmonitor?channel=167&subtype=1",
        "ctdupd": null,
        "instansi": "dishub",
        "jenis_cctv": "ANALYTIC",
        "nama_jalan_s": "Thamrin Sumatera III",
        "channel_id": "1000007$1$0$166",
        "cctv_in": "N",
        "cctv_out": "N",
        "masuk_kab": "N",
        "keluar_kab": "N",
        "keterangan": "checkpoint",
        "fungsi_jalan_cctv_id": 1,
        "masuk_prov": "N",
        "keluar_prov": "N",
        "is_active": 1,
        "cctv_category_id": 5,
        "hls_cctv": null,
        "channel_id_event": "1000014$1$0$13",
        "kecamatan": "Medan Kota",
        "kota": null,
        "nama_objek_vital": null,
        "channel_id_enforcement": null,
        "cctv_id": "bbcde88c-e085-45ed-b950-520c7a8f5fa9",
        "rtsp_cctv_dcc": null,
        "arah_cctv": "Barat",
        "radius": "47 Meter",
        "channel_code": null,
        "polda": "Polda Sumatera Utara",
        "polres": "POLRESTABES MEDAN",
        "fungsi_jalan": "ARTERI",
        "category": "DALAM KOTA",
        "in_out": null,
        "ket_in_out": null,
        "_region": "medan",
        "Satwil": "Polrestabes Medan"
      }
    },
    {
      "type": "Feature",
      "geometry": {
        "type": "Point",
        "coordinates": [
          98.622495,
          3.54114
        ]
      },
      "properties": {
        "rowid": 165,
        "nama_cctv": "CTV165 DSHB VID SIMP. Pemda 2",
        "polda_id": "02",
        "polres_id": "24",
        "status": "mati",
        "ctdby": "2027ORGANIK",
        "ctddate": "2023-10-26T17:00:00.000Z",
        "ctdtime": "20:00:00",
        "rtsp_cctv": "rtsp://satansheir:letyur13@172.16.90.58:554/cam/realmonitor?channel=165&subtype=1",
        "ctdupd": null,
        "instansi": "dishub",
        "jenis_cctv": "ANALYTIC",
        "nama_jalan_s": "Simpang Pemda III",
        "channel_id": "1000007$1$0$164",
        "cctv_in": "N",
        "cctv_out": "N",
        "masuk_kab": "N",
        "keluar_kab": "N",
        "keterangan": "checkpoint",
        "fungsi_jalan_cctv_id": 1,
        "masuk_prov": "N",
        "keluar_prov": "N",
        "is_active": 1,
        "cctv_category_id": 5,
        "hls_cctv": null,
        "channel_id_event": "1000014$1$0$57",
        "kecamatan": "Medan Selayang",
        "kota": null,
        "nama_objek_vital": null,
        "channel_id_enforcement": null,
        "cctv_id": "184c7a8e-eecb-4336-bbe3-122be33d9849",
        "rtsp_cctv_dcc": null,
        "arah_cctv": "Utara",
        "radius": "-",
        "channel_code": null,
        "polda": "Polda Sumatera Utara",
        "polres": "POLRESTABES MEDAN",
        "fungsi_jalan": "ARTERI",
        "category": "DALAM KOTA",
        "in_out": null,
        "ket_in_out": null,
        "_region": "medan",
        "Satwil": "Polrestabes Medan"
      }
    },
    {
      "type": "Feature",
      "geometry": {
        "type": "Point",
        "coordinates": [
          98.622248,
          3.541052
        ]
      },
      "properties": {
        "rowid": 164,
        "nama_cctv": "CTV164 DSHB VID SIMP. Pemda 3",
        "polda_id": "02",
        "polres_id": "24",
        "status": "hidup",
        "ctdby": "2027ORGANIK",
        "ctddate": "2023-10-26T17:00:00.000Z",
        "ctdtime": "20:00:00",
        "rtsp_cctv": "rtsp://satansheir:letyur13@172.16.90.58:554/cam/realmonitor?channel=164&subtype=1",
        "ctdupd": null,
        "instansi": "dishub",
        "jenis_cctv": "ANALYTIC",
        "nama_jalan_s": "Simpang Pemda III",
        "channel_id": "1000007$1$0$163",
        "cctv_in": "N",
        "cctv_out": "N",
        "masuk_kab": "N",
        "keluar_kab": "N",
        "keterangan": "checkpoint",
        "fungsi_jalan_cctv_id": 1,
        "masuk_prov": "N",
        "keluar_prov": "N",
        "is_active": 1,
        "cctv_category_id": 5,
        "hls_cctv": null,
        "channel_id_event": "1000014$1$0$44",
        "kecamatan": "Medan Selayang",
        "kota": null,
        "nama_objek_vital": null,
        "channel_id_enforcement": null,
        "cctv_id": "81496d38-e193-4167-bf0b-896c42962611",
        "rtsp_cctv_dcc": null,
        "arah_cctv": "Barat",
        "radius": "-",
        "channel_code": null,
        "polda": "Polda Sumatera Utara",
        "polres": "POLRESTABES MEDAN",
        "fungsi_jalan": "ARTERI",
        "category": "DALAM KOTA",
        "in_out": null,
        "ket_in_out": null,
        "_region": "medan",
        "Satwil": "Polrestabes Medan"
      }
    },
    {
      "type": "Feature",
      "geometry": {
        "type": "Point",
        "coordinates": [
          98.706268,
          3.594612
        ]
      },
      "properties": {
        "rowid": 162,
        "nama_cctv": "CTV162 DSHB VID AKSARA SEJATI I1",
        "polda_id": "02",
        "polres_id": "24",
        "status": "mati",
        "ctdby": "2027ORGANIK",
        "ctddate": "2023-10-26T17:00:00.000Z",
        "ctdtime": "20:00:00",
        "rtsp_cctv": "rtsp://satansheir:letyur13@172.16.90.58:554/cam/realmonitor?channel=162&subtype=1",
        "ctdupd": null,
        "instansi": "dishub",
        "jenis_cctv": "ANALYTIC",
        "nama_jalan_s": "Aksara Sejati II",
        "channel_id": "1000007$1$0$161",
        "cctv_in": "N",
        "cctv_out": "N",
        "masuk_kab": "N",
        "keluar_kab": "N",
        "keterangan": "checkpoint",
        "fungsi_jalan_cctv_id": 1,
        "masuk_prov": "N",
        "keluar_prov": "N",
        "is_active": 1,
        "cctv_category_id": 5,
        "hls_cctv": null,
        "channel_id_event": "1000014$1$0$37",
        "kecamatan": "Medan Tembung",
        "kota": null,
        "nama_objek_vital": null,
        "channel_id_enforcement": null,
        "cctv_id": "2abf237c-9257-4478-a998-c1f9a5f99c6d",
        "rtsp_cctv_dcc": null,
        "arah_cctv": "Selatan",
        "radius": "18 Meter",
        "channel_code": null,
        "polda": "Polda Sumatera Utara",
        "polres": "POLRESTABES MEDAN",
        "fungsi_jalan": "ARTERI",
        "category": "DALAM KOTA",
        "in_out": null,
        "ket_in_out": null,
        "_region": "medan",
        "Satwil": "Polrestabes Medan"
      }
    },
    {
      "type": "Feature",
      "geometry": {
        "type": "Point",
        "coordinates": [
          98.641996,
          3.567576
        ]
      },
      "properties": {
        "rowid": 161,
        "nama_cctv": "CTV161 DSHB VID SETIA BUDI DR MANSYUR II1",
        "polda_id": "02",
        "polres_id": "24",
        "status": "mati",
        "ctdby": "2027ORGANIK",
        "ctddate": "2023-10-26T17:00:00.000Z",
        "ctdtime": "20:00:00",
        "rtsp_cctv": "rtsp://satansheir:letyur13@172.16.90.58:554/cam/realmonitor?channel=161&subtype=1",
        "ctdupd": null,
        "instansi": "dishub",
        "jenis_cctv": "ANALYTIC",
        "nama_jalan_s": "Setia Budi Dr Mansyur II",
        "channel_id": "1000007$1$0$160",
        "cctv_in": "N",
        "cctv_out": "N",
        "masuk_kab": "N",
        "keluar_kab": "N",
        "keterangan": "checkpoint",
        "fungsi_jalan_cctv_id": 1,
        "masuk_prov": "N",
        "keluar_prov": "N",
        "is_active": 1,
        "cctv_category_id": 5,
        "hls_cctv": null,
        "channel_id_event": null,
        "kecamatan": "Medan Sunggal",
        "kota": null,
        "nama_objek_vital": null,
        "channel_id_enforcement": null,
        "cctv_id": "a44d3fe1-da5c-40c5-8287-b283cdc38ecf",
        "rtsp_cctv_dcc": null,
        "arah_cctv": "Selatan",
        "radius": "-",
        "channel_code": null,
        "polda": "Polda Sumatera Utara",
        "polres": "POLRESTABES MEDAN",
        "fungsi_jalan": "ARTERI",
        "category": "DALAM KOTA",
        "in_out": null,
        "ket_in_out": null,
        "_region": "medan",
        "Satwil": "Polrestabes Medan"
      }
    },
    {
      "type": "Feature",
      "geometry": {
        "type": "Point",
        "coordinates": [
          98.684141,
          3.59123
        ]
      },
      "properties": {
        "rowid": 160,
        "nama_cctv": "CTV160 DSHB PTZCTVJL. SUTOMO (TUGU  APOLO)",
        "polda_id": "02",
        "polres_id": "24",
        "status": "mati",
        "ctdby": "2027ORGANIK",
        "ctddate": "2023-10-26T17:00:00.000Z",
        "ctdtime": "20:00:00",
        "rtsp_cctv": "rtsp://satansheir:letyur13@172.16.90.58:554/cam/realmonitor?channel=160&subtype=1",
        "ctdupd": null,
        "instansi": "dishub",
        "jenis_cctv": "ANALYTIC",
        "nama_jalan_s": "Sutomo Tugu Apolo",
        "channel_id": "1000007$1$0$159",
        "cctv_in": "N",
        "cctv_out": "N",
        "masuk_kab": "N",
        "keluar_kab": "N",
        "keterangan": "checkpoint",
        "fungsi_jalan_cctv_id": 1,
        "masuk_prov": "N",
        "keluar_prov": "N",
        "is_active": 1,
        "cctv_category_id": 5,
        "hls_cctv": null,
        "channel_id_event": null,
        "kecamatan": "Medan Kota",
        "kota": null,
        "nama_objek_vital": null,
        "channel_id_enforcement": null,
        "cctv_id": "e4ae0dbd-43f8-49cc-a511-eba7eedc9732",
        "rtsp_cctv_dcc": null,
        "arah_cctv": "Selatan",
        "radius": "50 Meter",
        "channel_code": null,
        "polda": "Polda Sumatera Utara",
        "polres": "POLRESTABES MEDAN",
        "fungsi_jalan": "ARTERI",
        "category": "DALAM KOTA",
        "in_out": null,
        "ket_in_out": null,
        "_region": "medan",
        "Satwil": "Polrestabes Medan"
      }
    },
    {
      "type": "Feature",
      "geometry": {
        "type": "Point",
        "coordinates": [
          98.681856,
          3.585458
        ]
      },
      "properties": {
        "rowid": 159,
        "nama_cctv": "CTV157 DSHB PTZCTVJL STASIUN  JL PALANG MERAH",
        "polda_id": "02",
        "polres_id": "24",
        "status": "hidup",
        "ctdby": "2027ORGANIK",
        "ctddate": "2023-10-26T17:00:00.000Z",
        "ctdtime": "20:00:00",
        "rtsp_cctv": "rtsp://satansheir:letyur13@172.16.90.58:554/cam/realmonitor?channel=157&subtype=1",
        "ctdupd": null,
        "instansi": "dishub",
        "jenis_cctv": "ANALYTIC",
        "nama_jalan_s": "Stasiun Jl Palang Merah ",
        "channel_id": "1000007$1$0$156",
        "cctv_in": "N",
        "cctv_out": "N",
        "masuk_kab": "N",
        "keluar_kab": "N",
        "keterangan": "checkpoint",
        "fungsi_jalan_cctv_id": 1,
        "masuk_prov": "N",
        "keluar_prov": "N",
        "is_active": 1,
        "cctv_category_id": 5,
        "hls_cctv": null,
        "channel_id_event": null,
        "kecamatan": "Medan Barat",
        "kota": null,
        "nama_objek_vital": null,
        "channel_id_enforcement": null,
        "cctv_id": "cb7831fd-0cf3-413a-92f3-aae838b07fd2",
        "rtsp_cctv_dcc": null,
        "arah_cctv": "Barat",
        "radius": "50 Meter",
        "channel_code": null,
        "polda": "Polda Sumatera Utara",
        "polres": "POLRESTABES MEDAN",
        "fungsi_jalan": "ARTERI",
        "category": "DALAM KOTA",
        "in_out": null,
        "ket_in_out": null,
        "_region": "medan",
        "Satwil": "Polrestabes Medan"
      }
    },
    {
      "type": "Feature",
      "geometry": {
        "type": "Point",
        "coordinates": [
          98.679836,
          3.604568
        ]
      },
      "properties": {
        "rowid": 158,
        "nama_cctv": "CTV153 DSHB PTZCTVJLN BAMBO 1",
        "polda_id": "02",
        "polres_id": "24",
        "status": "mati",
        "ctdby": "2027ORGANIK",
        "ctddate": "2023-10-26T17:00:00.000Z",
        "ctdtime": "20:00:00",
        "rtsp_cctv": "rtsp://satansheir:letyur13@172.16.90.58:554/cam/realmonitor?channel=153&subtype=1",
        "ctdupd": null,
        "instansi": "dishub",
        "jenis_cctv": "ANALYTIC",
        "nama_jalan_s": "Bambo 1",
        "channel_id": "1000007$1$0$153",
        "cctv_in": "N",
        "cctv_out": "N",
        "masuk_kab": "N",
        "keluar_kab": "N",
        "keterangan": "checkpoint",
        "fungsi_jalan_cctv_id": 1,
        "masuk_prov": "N",
        "keluar_prov": "N",
        "is_active": 1,
        "cctv_category_id": 5,
        "hls_cctv": null,
        "channel_id_event": null,
        "kecamatan": "Medan Timur",
        "kota": null,
        "nama_objek_vital": null,
        "channel_id_enforcement": null,
        "cctv_id": "ef1b9513-443a-4255-877f-2a26ec500c8c",
        "rtsp_cctv_dcc": null,
        "arah_cctv": null,
        "radius": null,
        "channel_code": null,
        "polda": "Polda Sumatera Utara",
        "polres": "POLRESTABES MEDAN",
        "fungsi_jalan": "ARTERI",
        "category": "DALAM KOTA",
        "in_out": null,
        "ket_in_out": null,
        "_region": "medan",
        "Satwil": "Polrestabes Medan"
      }
    },
    {
      "type": "Feature",
      "geometry": {
        "type": "Point",
        "coordinates": [
          98.662828,
          3.541304
        ]
      },
      "properties": {
        "rowid": 157,
        "nama_cctv": "CTV152 DSHB PTZ AH NASUTION  KARYA WISATA",
        "polda_id": "02",
        "polres_id": "24",
        "status": "hidup",
        "ctdby": "2027ORGANIK",
        "ctddate": "2023-10-26T17:00:00.000Z",
        "ctdtime": "20:00:00",
        "rtsp_cctv": "rtsp://satansheir:letyur13@172.16.90.58:554/cam/realmonitor?channel=152&subtype=1",
        "ctdupd": null,
        "instansi": "dishub",
        "jenis_cctv": "ANALYTIC",
        "nama_jalan_s": "AH Nasution Karya Wisata",
        "channel_id": "1000007$1$0$152",
        "cctv_in": "N",
        "cctv_out": "N",
        "masuk_kab": "N",
        "keluar_kab": "N",
        "keterangan": "checkpoint",
        "fungsi_jalan_cctv_id": 1,
        "masuk_prov": "N",
        "keluar_prov": "N",
        "is_active": 1,
        "cctv_category_id": 5,
        "hls_cctv": null,
        "channel_id_event": null,
        "kecamatan": "Medan Johor",
        "kota": null,
        "nama_objek_vital": null,
        "channel_id_enforcement": null,
        "cctv_id": "a5794fcc-d959-47a2-a34b-6ed33bc75b93",
        "rtsp_cctv_dcc": null,
        "arah_cctv": "Selatan",
        "radius": "50 Meter",
        "channel_code": null,
        "polda": "Polda Sumatera Utara",
        "polres": "POLRESTABES MEDAN",
        "fungsi_jalan": "ARTERI",
        "category": "DALAM KOTA",
        "in_out": null,
        "ket_in_out": null,
        "_region": "medan",
        "Satwil": "Polrestabes Medan"
      }
    },
    {
      "type": "Feature",
      "geometry": {
        "type": "Point",
        "coordinates": [
          98.642303,
          3.567862
        ]
      },
      "properties": {
        "rowid": 156,
        "nama_cctv": "CTV151 DSHB VID SETIA BUDI DR MANSYUR I1",
        "polda_id": "02",
        "polres_id": "24",
        "status": "hidup",
        "ctdby": "2027ORGANIK",
        "ctddate": "2023-10-26T17:00:00.000Z",
        "ctdtime": "20:00:00",
        "rtsp_cctv": "rtsp://satansheir:letyur13@172.16.90.58:554/cam/realmonitor?channel=151&subtype=1",
        "ctdupd": null,
        "instansi": "dishub",
        "jenis_cctv": "ANALYTIC",
        "nama_jalan_s": "Setia Budi Dr Mansyur II",
        "channel_id": "1000007$1$0$151",
        "cctv_in": "N",
        "cctv_out": "N",
        "masuk_kab": "N",
        "keluar_kab": "N",
        "keterangan": "checkpoint",
        "fungsi_jalan_cctv_id": 1,
        "masuk_prov": "N",
        "keluar_prov": "N",
        "is_active": 1,
        "cctv_category_id": 5,
        "hls_cctv": null,
        "channel_id_event": "1000014$1$0$28",
        "kecamatan": "Medan Sunggal",
        "kota": null,
        "nama_objek_vital": null,
        "channel_id_enforcement": null,
        "cctv_id": "8cff8d05-d27c-497d-b142-e87cab1ea82f",
        "rtsp_cctv_dcc": null,
        "arah_cctv": "Selatan",
        "radius": "50 Meter",
        "channel_code": null,
        "polda": "Polda Sumatera Utara",
        "polres": "POLRESTABES MEDAN",
        "fungsi_jalan": "ARTERI",
        "category": "DALAM KOTA",
        "in_out": null,
        "ket_in_out": null,
        "_region": "medan",
        "Satwil": "Polrestabes Medan"
      }
    },
    {
      "type": "Feature",
      "geometry": {
        "type": "Point",
        "coordinates": [
          98.679794,
          3.604509
        ]
      },
      "properties": {
        "rowid": 155,
        "nama_cctv": "CTV145 DSHB VID Sutomo  Bambu 2",
        "polda_id": "02",
        "polres_id": "24",
        "status": "hidup",
        "ctdby": "2027ORGANIK",
        "ctddate": "2023-10-26T17:00:00.000Z",
        "ctdtime": "20:00:00",
        "rtsp_cctv": "rtsp://satansheir:letyur13@172.16.90.58:554/cam/realmonitor?channel=145&subtype=0",
        "ctdupd": "2026-02-19T17:00:00.000Z",
        "instansi": "dishub",
        "jenis_cctv": "Analytic Checkpoint",
        "nama_jalan_s": "Sutomo Bambu II",
        "channel_id": "1000007$1$0$144",
        "cctv_in": "N",
        "cctv_out": "N",
        "masuk_kab": "N",
        "keluar_kab": "N",
        "keterangan": "checkpoint",
        "fungsi_jalan_cctv_id": 7,
        "masuk_prov": "N",
        "keluar_prov": "N",
        "is_active": 1,
        "cctv_category_id": 5,
        "hls_cctv": null,
        "channel_id_event": "1000014$1$0$22",
        "kecamatan": "Medan Timur",
        "kota": null,
        "nama_objek_vital": null,
        "channel_id_enforcement": null,
        "cctv_id": "93087cdc-6f5a-4526-ac99-a9f7bb5c665d",
        "rtsp_cctv_dcc": null,
        "arah_cctv": "Utara, Timur",
        "radius": "20 Meter",
        "channel_code": null,
        "polda": "Polda Sumatera Utara",
        "polres": "POLRESTABES MEDAN",
        "fungsi_jalan": null,
        "category": "DALAM KOTA",
        "in_out": null,
        "ket_in_out": null,
        "_region": "medan",
        "Satwil": "Polrestabes Medan"
      }
    },
    {
      "type": "Feature",
      "geometry": {
        "type": "Point",
        "coordinates": [
          98.622567,
          3.541102
        ]
      },
      "properties": {
        "rowid": 154,
        "nama_cctv": "CTV144 DSHB PTZ SETIA BUDI  INDUSTRI",
        "polda_id": "02",
        "polres_id": "24",
        "status": "hidup",
        "ctdby": "2027ORGANIK",
        "ctddate": "2023-10-26T17:00:00.000Z",
        "ctdtime": "20:00:00",
        "rtsp_cctv": "rtsp://satansheir:letyur13@172.16.90.58:554/cam/realmonitor?channel=144&subtype=1",
        "ctdupd": null,
        "instansi": "dishub",
        "jenis_cctv": "ANALYTIC",
        "nama_jalan_s": "Setia Budi Industri",
        "channel_id": "1000007$1$0$143",
        "cctv_in": "N",
        "cctv_out": "N",
        "masuk_kab": "N",
        "keluar_kab": "N",
        "keterangan": "checkpoint",
        "fungsi_jalan_cctv_id": 1,
        "masuk_prov": "N",
        "keluar_prov": "N",
        "is_active": 1,
        "cctv_category_id": 5,
        "hls_cctv": null,
        "channel_id_event": null,
        "kecamatan": "Medan Selayang",
        "kota": null,
        "nama_objek_vital": null,
        "channel_id_enforcement": null,
        "cctv_id": "f14ed626-b890-4c93-b529-d37af2be58a8",
        "rtsp_cctv_dcc": null,
        "arah_cctv": "Utara",
        "radius": "50 Meter",
        "channel_code": null,
        "polda": "Polda Sumatera Utara",
        "polres": "POLRESTABES MEDAN",
        "fungsi_jalan": "ARTERI",
        "category": "DALAM KOTA",
        "in_out": null,
        "ket_in_out": null,
        "_region": "medan",
        "Satwil": "Polrestabes Medan"
      }
    },
    {
      "type": "Feature",
      "geometry": {
        "type": "Point",
        "coordinates": [
          98.626016,
          3.562737
        ]
      },
      "properties": {
        "rowid": 153,
        "nama_cctv": "CTV143 DSHB PTZ GAGAK HITAM  ASOKA",
        "polda_id": "02",
        "polres_id": "24",
        "status": "hidup",
        "ctdby": "2027ORGANIK",
        "ctddate": "2023-10-26T17:00:00.000Z",
        "ctdtime": "20:00:00",
        "rtsp_cctv": "rtsp://satansheir:letyur13@172.16.90.58:554/cam/realmonitor?channel=143&subtype=1",
        "ctdupd": null,
        "instansi": "dishub",
        "jenis_cctv": "ANALYTIC",
        "nama_jalan_s": "Gagak Hitam Asoka",
        "channel_id": "1000007$1$0$142",
        "cctv_in": "N",
        "cctv_out": "N",
        "masuk_kab": "N",
        "keluar_kab": "N",
        "keterangan": "checkpoint",
        "fungsi_jalan_cctv_id": 1,
        "masuk_prov": "N",
        "keluar_prov": "N",
        "is_active": 1,
        "cctv_category_id": 5,
        "hls_cctv": null,
        "channel_id_event": null,
        "kecamatan": "Medan Selayang",
        "kota": null,
        "nama_objek_vital": null,
        "channel_id_enforcement": null,
        "cctv_id": "4da20bca-191d-4195-82dd-71a99cd5a3a7",
        "rtsp_cctv_dcc": null,
        "arah_cctv": "Utara",
        "radius": "31 Meter",
        "channel_code": null,
        "polda": "Polda Sumatera Utara",
        "polres": "POLRESTABES MEDAN",
        "fungsi_jalan": "ARTERI",
        "category": "DALAM KOTA",
        "in_out": null,
        "ket_in_out": null,
        "_region": "medan",
        "Satwil": "Polrestabes Medan"
      }
    },
    {
      "type": "Feature",
      "geometry": {
        "type": "Point",
        "coordinates": [
          98.626639,
          3.578481
        ]
      },
      "properties": {
        "rowid": 152,
        "nama_cctv": "CTV142 DSHB PTZ SUNGGAL  GAGAK HITAM",
        "polda_id": "02",
        "polres_id": "24",
        "status": "hidup",
        "ctdby": "2027ORGANIK",
        "ctddate": "2023-10-26T17:00:00.000Z",
        "ctdtime": "20:00:00",
        "rtsp_cctv": "rtsp://satansheir:letyur13@172.16.90.58:554/cam/realmonitor?channel=142&subtype=1",
        "ctdupd": null,
        "instansi": "dishub",
        "jenis_cctv": "ANALYTIC",
        "nama_jalan_s": "Sunggal Gagak Hitam",
        "channel_id": "1000007$1$0$141",
        "cctv_in": "N",
        "cctv_out": "N",
        "masuk_kab": "N",
        "keluar_kab": "N",
        "keterangan": "checkpoint",
        "fungsi_jalan_cctv_id": 1,
        "masuk_prov": "N",
        "keluar_prov": "N",
        "is_active": 1,
        "cctv_category_id": 5,
        "hls_cctv": null,
        "channel_id_event": null,
        "kecamatan": "Medan Sunggal",
        "kota": null,
        "nama_objek_vital": null,
        "channel_id_enforcement": null,
        "cctv_id": "f054bc0e-4388-48b7-8966-7edf11bbab59",
        "rtsp_cctv_dcc": null,
        "arah_cctv": "Timur",
        "radius": "49 Meter",
        "channel_code": null,
        "polda": "Polda Sumatera Utara",
        "polres": "POLRESTABES MEDAN",
        "fungsi_jalan": "ARTERI",
        "category": "DALAM KOTA",
        "in_out": null,
        "ket_in_out": null,
        "_region": "medan",
        "Satwil": "Polrestabes Medan"
      }
    },
    {
      "type": "Feature",
      "geometry": {
        "type": "Point",
        "coordinates": [
          98.626794,
          3.58489
        ]
      },
      "properties": {
        "rowid": 151,
        "nama_cctv": "CTV141 DSHB PTZ AMAL  GAGAK HITAM",
        "polda_id": "02",
        "polres_id": "24",
        "status": "mati",
        "ctdby": "2027ORGANIK",
        "ctddate": "2023-10-26T17:00:00.000Z",
        "ctdtime": "20:00:00",
        "rtsp_cctv": "rtsp://satansheir:letyur13@172.16.90.58:554/cam/realmonitor?channel=141&subtype=1",
        "ctdupd": null,
        "instansi": "dishub",
        "jenis_cctv": "ANALYTIC",
        "nama_jalan_s": "Gagak Hitam",
        "channel_id": "1000007$1$0$140",
        "cctv_in": "N",
        "cctv_out": "N",
        "masuk_kab": "N",
        "keluar_kab": "N",
        "keterangan": "checkpoint",
        "fungsi_jalan_cctv_id": 1,
        "masuk_prov": "N",
        "keluar_prov": "N",
        "is_active": 1,
        "cctv_category_id": 5,
        "hls_cctv": null,
        "channel_id_event": null,
        "kecamatan": "Medan Sunggal",
        "kota": null,
        "nama_objek_vital": null,
        "channel_id_enforcement": null,
        "cctv_id": "7c9a96b0-c9d6-49e1-926e-ba990015e2f6",
        "rtsp_cctv_dcc": null,
        "arah_cctv": "Barat",
        "radius": "50 Meter",
        "channel_code": null,
        "polda": "Polda Sumatera Utara",
        "polres": "POLRESTABES MEDAN",
        "fungsi_jalan": "ARTERI",
        "category": "DALAM KOTA",
        "in_out": null,
        "ket_in_out": null,
        "_region": "medan",
        "Satwil": "Polrestabes Medan"
      }
    },
    {
      "type": "Feature",
      "geometry": {
        "type": "Point",
        "coordinates": [
          98.691378,
          3.53805
        ]
      },
      "properties": {
        "rowid": 150,
        "nama_cctv": "CTV140 DSHB PTZ STM  AH.NASUTION",
        "polda_id": "02",
        "polres_id": "24",
        "status": "hidup",
        "ctdby": "2027ORGANIK",
        "ctddate": "2023-10-26T17:00:00.000Z",
        "ctdtime": "20:00:00",
        "rtsp_cctv": "rtsp://satansheir:letyur13@172.16.90.58:554/cam/realmonitor?channel=140&subtype=1",
        "ctdupd": null,
        "instansi": "dishub",
        "jenis_cctv": "ANALYTIC",
        "nama_jalan_s": "STM Ah Nasution",
        "channel_id": "1000007$1$0$139",
        "cctv_in": "N",
        "cctv_out": "N",
        "masuk_kab": "N",
        "keluar_kab": "N",
        "keterangan": "checkpoint",
        "fungsi_jalan_cctv_id": 1,
        "masuk_prov": "N",
        "keluar_prov": "N",
        "is_active": 1,
        "cctv_category_id": 5,
        "hls_cctv": null,
        "channel_id_event": null,
        "kecamatan": "Medan Johor",
        "kota": null,
        "nama_objek_vital": null,
        "channel_id_enforcement": null,
        "cctv_id": "1e740b34-f2e6-4eb0-9151-09fc9d0c38ad",
        "rtsp_cctv_dcc": null,
        "arah_cctv": "Barat",
        "radius": "50 Meter",
        "channel_code": null,
        "polda": "Polda Sumatera Utara",
        "polres": "POLRESTABES MEDAN",
        "fungsi_jalan": "ARTERI",
        "category": "DALAM KOTA",
        "in_out": null,
        "ket_in_out": null,
        "_region": "medan",
        "Satwil": "Polrestabes Medan"
      }
    },
    {
      "type": "Feature",
      "geometry": {
        "type": "Point",
        "coordinates": [
          98.641285,
          3.584249
        ]
      },
      "properties": {
        "rowid": 149,
        "nama_cctv": "CTV139 DSHB PTZ SUNGGAL  KASWARI",
        "polda_id": "02",
        "polres_id": "24",
        "status": "hidup",
        "ctdby": "2027ORGANIK",
        "ctddate": "2023-10-26T17:00:00.000Z",
        "ctdtime": "20:00:00",
        "rtsp_cctv": "rtsp://satansheir:letyur13@172.16.90.58:554/cam/realmonitor?channel=139&subtype=1",
        "ctdupd": null,
        "instansi": "dishub",
        "jenis_cctv": "ANALYTIC",
        "nama_jalan_s": "Sunggal Kaswari",
        "channel_id": "1000007$1$0$138",
        "cctv_in": "N",
        "cctv_out": "N",
        "masuk_kab": "N",
        "keluar_kab": "N",
        "keterangan": "checkpoint",
        "fungsi_jalan_cctv_id": 1,
        "masuk_prov": "N",
        "keluar_prov": "N",
        "is_active": 1,
        "cctv_category_id": 5,
        "hls_cctv": null,
        "channel_id_event": null,
        "kecamatan": "Medan Sunggal",
        "kota": null,
        "nama_objek_vital": null,
        "channel_id_enforcement": null,
        "cctv_id": "15ad20f9-4e14-4dfb-9628-b68755968133",
        "rtsp_cctv_dcc": null,
        "arah_cctv": "Selatan",
        "radius": "50 Meter",
        "channel_code": null,
        "polda": "Polda Sumatera Utara",
        "polres": "POLRESTABES MEDAN",
        "fungsi_jalan": "ARTERI",
        "category": "DALAM KOTA",
        "in_out": null,
        "ket_in_out": null,
        "_region": "medan",
        "Satwil": "Polrestabes Medan"
      }
    },
    {
      "type": "Feature",
      "geometry": {
        "type": "Point",
        "coordinates": [
          98.608773,
          3.59806
        ]
      },
      "properties": {
        "rowid": 148,
        "nama_cctv": "CTV135 DSHB VID SIMP P BARIS 2",
        "polda_id": "02",
        "polres_id": "24",
        "status": "hidup",
        "ctdby": "2027ORGANIK",
        "ctddate": "2023-10-26T17:00:00.000Z",
        "ctdtime": "20:00:00",
        "rtsp_cctv": "rtsp://satansheir:letyur13@172.16.90.58:554/cam/realmonitor?channel=135&subtype=0",
        "ctdupd": null,
        "instansi": "dishub",
        "jenis_cctv": "Analytic",
        "nama_jalan_s": "Simpang P Baris 2",
        "channel_id": "1000007$1$0$134",
        "cctv_in": "Y",
        "cctv_out": "N",
        "masuk_kab": "Y",
        "keluar_kab": "N",
        "keterangan": "checkpoint",
        "fungsi_jalan_cctv_id": 7,
        "masuk_prov": "N",
        "keluar_prov": "N",
        "is_active": 1,
        "cctv_category_id": 2,
        "hls_cctv": null,
        "channel_id_event": "1000014$1$0$7",
        "kecamatan": "Medan Helvetia",
        "kota": null,
        "nama_objek_vital": null,
        "channel_id_enforcement": null,
        "cctv_id": "881e468f-190a-471a-967f-3e0ee60e9ffc",
        "rtsp_cctv_dcc": null,
        "arah_cctv": "Barat",
        "radius": "30 Meter",
        "channel_code": null,
        "polda": "Polda Sumatera Utara",
        "polres": "POLRESTABES MEDAN",
        "fungsi_jalan": null,
        "category": "BATAS KOTA",
        "in_out": "CCTV IN",
        "ket_in_out": "KOTA",
        "_region": "medan",
        "Satwil": "Polrestabes Medan"
      }
    },
    {
      "type": "Feature",
      "geometry": {
        "type": "Point",
        "coordinates": [
          98.682566,
          3.595131
        ]
      },
      "properties": {
        "rowid": 147,
        "nama_cctv": "CTV131 DSHB PTZ Sutomo  Yamin",
        "polda_id": "02",
        "polres_id": "24",
        "status": "hidup",
        "ctdby": "2027ORGANIK",
        "ctddate": "2023-10-26T17:00:00.000Z",
        "ctdtime": "20:00:00",
        "rtsp_cctv": "rtsp://satansheir:letyur13@172.16.90.58:554/cam/realmonitor?channel=131&subtype=1",
        "ctdupd": null,
        "instansi": "dishub",
        "jenis_cctv": "ANALYTIC",
        "nama_jalan_s": "Sutomo Yamin",
        "channel_id": "1000007$1$0$130",
        "cctv_in": "N",
        "cctv_out": "N",
        "masuk_kab": "N",
        "keluar_kab": "N",
        "keterangan": "checkpoint",
        "fungsi_jalan_cctv_id": 1,
        "masuk_prov": "N",
        "keluar_prov": "N",
        "is_active": 1,
        "cctv_category_id": 5,
        "hls_cctv": null,
        "channel_id_event": null,
        "kecamatan": "Medan Timur",
        "kota": null,
        "nama_objek_vital": null,
        "channel_id_enforcement": null,
        "cctv_id": "c323097e-1601-4bac-b2f5-ed33459e37fa",
        "rtsp_cctv_dcc": null,
        "arah_cctv": "Barat",
        "radius": "50 Meter",
        "channel_code": null,
        "polda": "Polda Sumatera Utara",
        "polres": "POLRESTABES MEDAN",
        "fungsi_jalan": "ARTERI",
        "category": "DALAM KOTA",
        "in_out": null,
        "ket_in_out": null,
        "_region": "medan",
        "Satwil": "Polrestabes Medan"
      }
    },
    {
      "type": "Feature",
      "geometry": {
        "type": "Point",
        "coordinates": [
          98.684707,
          3.58232
        ]
      },
      "properties": {
        "rowid": 146,
        "nama_cctv": "CTV123 DSHB PTZ Tirtanadi",
        "polda_id": "02",
        "polres_id": "24",
        "status": "hidup",
        "ctdby": "2027ORGANIK",
        "ctddate": "2023-10-26T17:00:00.000Z",
        "ctdtime": "20:00:00",
        "rtsp_cctv": "rtsp://satansheir:letyur13@172.16.90.58:554/cam/realmonitor?channel=123&subtype=0",
        "ctdupd": "2026-02-19T17:00:00.000Z",
        "instansi": "dishub",
        "jenis_cctv": "Analytic Checkpoint",
        "nama_jalan_s": "Tirtanadi",
        "channel_id": "1000007$1$0$122",
        "cctv_in": "N",
        "cctv_out": "N",
        "masuk_kab": "N",
        "keluar_kab": "N",
        "keterangan": "checkpoint",
        "fungsi_jalan_cctv_id": 7,
        "masuk_prov": "N",
        "keluar_prov": "N",
        "is_active": 1,
        "cctv_category_id": 5,
        "hls_cctv": null,
        "channel_id_event": "1000014$1$0$64",
        "kecamatan": "Medan Kota",
        "kota": null,
        "nama_objek_vital": null,
        "channel_id_enforcement": null,
        "cctv_id": "38dc0be6-5f9a-4569-b503-83d08ceece30",
        "rtsp_cctv_dcc": null,
        "arah_cctv": "Timur",
        "radius": "-",
        "channel_code": null,
        "polda": "Polda Sumatera Utara",
        "polres": "POLRESTABES MEDAN",
        "fungsi_jalan": null,
        "category": "DALAM KOTA",
        "in_out": null,
        "ket_in_out": null,
        "_region": "medan",
        "Satwil": "Polrestabes Medan"
      }
    },
    {
      "type": "Feature",
      "geometry": {
        "type": "Point",
        "coordinates": [
          98.682567,
          3.581336
        ]
      },
      "properties": {
        "rowid": 145,
        "nama_cctv": "CTV122 DSHB PTZ Waspada",
        "polda_id": "02",
        "polres_id": "24",
        "status": "hidup",
        "ctdby": "2027ORGANIK",
        "ctddate": "2023-10-26T17:00:00.000Z",
        "ctdtime": "20:00:00",
        "rtsp_cctv": "rtsp://satansheir:letyur13@172.16.90.58:554/cam/realmonitor?channel=122&subtype=0",
        "ctdupd": "2026-02-19T17:00:00.000Z",
        "instansi": "dishub",
        "jenis_cctv": "Analytic Checkpoint",
        "nama_jalan_s": "Waspada",
        "channel_id": "1000007$1$0$121",
        "cctv_in": "N",
        "cctv_out": "N",
        "masuk_kab": "N",
        "keluar_kab": "N",
        "keterangan": "checkpoint",
        "fungsi_jalan_cctv_id": 7,
        "masuk_prov": "N",
        "keluar_prov": "N",
        "is_active": 1,
        "cctv_category_id": 5,
        "hls_cctv": null,
        "channel_id_event": null,
        "kecamatan": "Medan Maimun",
        "kota": null,
        "nama_objek_vital": null,
        "channel_id_enforcement": null,
        "cctv_id": "d981dcd7-3c7f-4b2a-9310-99e7280a59fe",
        "rtsp_cctv_dcc": null,
        "arah_cctv": "Timur",
        "radius": "-",
        "channel_code": null,
        "polda": "Polda Sumatera Utara",
        "polres": "POLRESTABES MEDAN",
        "fungsi_jalan": null,
        "category": "DALAM KOTA",
        "in_out": null,
        "ket_in_out": null,
        "_region": "medan",
        "Satwil": "Polrestabes Medan"
      }
    },
    {
      "type": "Feature",
      "geometry": {
        "type": "Point",
        "coordinates": [
          98.703898,
          3.581996
        ]
      },
      "properties": {
        "rowid": 144,
        "nama_cctv": "CTV119 DSHB VID AR HAKIM SUKARAMAI II II1",
        "polda_id": "02",
        "polres_id": "24",
        "status": "mati",
        "ctdby": "2027ORGANIK",
        "ctddate": "2023-10-26T17:00:00.000Z",
        "ctdtime": "20:00:00",
        "rtsp_cctv": "rtsp://satansheir:letyur13@172.16.90.58:554/cam/realmonitor?channel=119&subtype=1",
        "ctdupd": null,
        "instansi": "dishub",
        "jenis_cctv": "ANALYTIC",
        "nama_jalan_s": "Ar Hakim Sukaramai II",
        "channel_id": "1000007$1$0$118",
        "cctv_in": "N",
        "cctv_out": "N",
        "masuk_kab": "N",
        "keluar_kab": "N",
        "keterangan": "checkpoint",
        "fungsi_jalan_cctv_id": 1,
        "masuk_prov": "N",
        "keluar_prov": "N",
        "is_active": 1,
        "cctv_category_id": 5,
        "hls_cctv": null,
        "channel_id_event": "1000014$1$0$42",
        "kecamatan": "Medan Area",
        "kota": null,
        "nama_objek_vital": null,
        "channel_id_enforcement": null,
        "cctv_id": "c352217c-2a5b-49b4-8a0f-df05f8bb3b17",
        "rtsp_cctv_dcc": null,
        "arah_cctv": "Selatan",
        "radius": "-",
        "channel_code": null,
        "polda": "Polda Sumatera Utara",
        "polres": "POLRESTABES MEDAN",
        "fungsi_jalan": "ARTERI",
        "category": "DALAM KOTA",
        "in_out": null,
        "ket_in_out": null,
        "_region": "medan",
        "Satwil": "Polrestabes Medan"
      }
    },
    {
      "type": "Feature",
      "geometry": {
        "type": "Point",
        "coordinates": [
          98.704055,
          3.582243
        ]
      },
      "properties": {
        "rowid": 143,
        "nama_cctv": "CTV118 DSHB VID AR HAKIM SUKARAMAI I I1",
        "polda_id": "02",
        "polres_id": "24",
        "status": "mati",
        "ctdby": "2027ORGANIK",
        "ctddate": "2023-10-26T17:00:00.000Z",
        "ctdtime": "20:00:00",
        "rtsp_cctv": "rtsp://satansheir:letyur13@172.16.90.58:554/cam/realmonitor?channel=118&subtype=1",
        "ctdupd": null,
        "instansi": "dishub",
        "jenis_cctv": "ANALYTIC",
        "nama_jalan_s": "Ar Hakim Sukaramai I",
        "channel_id": "1000007$1$0$117",
        "cctv_in": "N",
        "cctv_out": "N",
        "masuk_kab": "N",
        "keluar_kab": "N",
        "keterangan": "checkpoint",
        "fungsi_jalan_cctv_id": 1,
        "masuk_prov": "N",
        "keluar_prov": "N",
        "is_active": 1,
        "cctv_category_id": 5,
        "hls_cctv": null,
        "channel_id_event": "1000014$1$0$36",
        "kecamatan": "Medan Area",
        "kota": null,
        "nama_objek_vital": null,
        "channel_id_enforcement": null,
        "cctv_id": "5b5d8cef-15b8-41ca-aa3e-58fde4a7cabf",
        "rtsp_cctv_dcc": null,
        "arah_cctv": "Selatan",
        "radius": "-",
        "channel_code": null,
        "polda": "Polda Sumatera Utara",
        "polres": "POLRESTABES MEDAN",
        "fungsi_jalan": "ARTERI",
        "category": "DALAM KOTA",
        "in_out": null,
        "ket_in_out": null,
        "_region": "medan",
        "Satwil": "Polrestabes Medan"
      }
    },
    {
      "type": "Feature",
      "geometry": {
        "type": "Point",
        "coordinates": [
          98.680983,
          3.62307
        ]
      },
      "properties": {
        "rowid": 142,
        "nama_cctv": "CTV117 DSHB VID KRAKATAU BILAL II1",
        "polda_id": "02",
        "polres_id": "24",
        "status": "hidup",
        "ctdby": "2027ORGANIK",
        "ctddate": "2023-10-26T17:00:00.000Z",
        "ctdtime": "20:00:00",
        "rtsp_cctv": "rtsp://satansheir:letyur13@172.16.90.58:554/cam/realmonitor?channel=117&subtype=1",
        "ctdupd": null,
        "instansi": "dishub",
        "jenis_cctv": "ANALYTIC",
        "nama_jalan_s": "Krakatau Bilal III",
        "channel_id": "1000007$1$0$116",
        "cctv_in": "N",
        "cctv_out": "N",
        "masuk_kab": "N",
        "keluar_kab": "N",
        "keterangan": "checkpoint",
        "fungsi_jalan_cctv_id": 1,
        "masuk_prov": "N",
        "keluar_prov": "N",
        "is_active": 1,
        "cctv_category_id": 5,
        "hls_cctv": null,
        "channel_id_event": "1000014$1$0$14",
        "kecamatan": "Medan Timur",
        "kota": null,
        "nama_objek_vital": null,
        "channel_id_enforcement": null,
        "cctv_id": "e68fa1b7-277d-4242-94d4-8429804aba59",
        "rtsp_cctv_dcc": null,
        "arah_cctv": "Utara",
        "radius": "-",
        "channel_code": null,
        "polda": "Polda Sumatera Utara",
        "polres": "POLRESTABES MEDAN",
        "fungsi_jalan": "ARTERI",
        "category": "DALAM KOTA",
        "in_out": null,
        "ket_in_out": null,
        "_region": "medan",
        "Satwil": "Polrestabes Medan"
      }
    },
    {
      "type": "Feature",
      "geometry": {
        "type": "Point",
        "coordinates": [
          98.679815,
          3.607019
        ]
      },
      "properties": {
        "rowid": 141,
        "nama_cctv": "CTV116 DSHB VID SUTOMO BAMBU II II1",
        "polda_id": "02",
        "polres_id": "24",
        "status": "hidup",
        "ctdby": "2027ORGANIK",
        "ctddate": "2023-10-26T17:00:00.000Z",
        "ctdtime": "20:00:00",
        "rtsp_cctv": "rtsp://satansheir:letyur13@172.16.90.58:554/cam/realmonitor?channel=116&subtype=1",
        "ctdupd": null,
        "instansi": "dishub",
        "jenis_cctv": "ANALYTIC",
        "nama_jalan_s": "Sutomo Bambu II",
        "channel_id": "1000007$1$0$115",
        "cctv_in": "N",
        "cctv_out": "N",
        "masuk_kab": "N",
        "keluar_kab": "N",
        "keterangan": "checkpoint",
        "fungsi_jalan_cctv_id": 1,
        "masuk_prov": "N",
        "keluar_prov": "N",
        "is_active": 1,
        "cctv_category_id": 5,
        "hls_cctv": null,
        "channel_id_event": "1000014$1$0$23",
        "kecamatan": "Medan Timur",
        "kota": null,
        "nama_objek_vital": null,
        "channel_id_enforcement": null,
        "cctv_id": "f201c30b-7e42-4398-910e-675d70f3dec2",
        "rtsp_cctv_dcc": null,
        "arah_cctv": "Selatan",
        "radius": "-",
        "channel_code": null,
        "polda": "Polda Sumatera Utara",
        "polres": "POLRESTABES MEDAN",
        "fungsi_jalan": "ARTERI",
        "category": "DALAM KOTA",
        "in_out": null,
        "ket_in_out": null,
        "_region": "medan",
        "Satwil": "Polrestabes Medan"
      }
    },
    {
      "type": "Feature",
      "geometry": {
        "type": "Point",
        "coordinates": [
          98.687532,
          3.59696
        ]
      },
      "properties": {
        "rowid": 140,
        "nama_cctv": "CTV114 DSHB VID THAMRIN HM.YAMIN I1",
        "polda_id": "02",
        "polres_id": "24",
        "status": "hidup",
        "ctdby": "2027ORGANIK",
        "ctddate": "2023-10-26T17:00:00.000Z",
        "ctdtime": "20:00:00",
        "rtsp_cctv": "rtsp://satansheir:letyur13@172.16.90.58:554/cam/realmonitor?channel=114&subtype=1",
        "ctdupd": null,
        "instansi": "dishub",
        "jenis_cctv": "ANALYTIC",
        "nama_jalan_s": "Thamrin Hm Yamin II",
        "channel_id": "1000007$1$0$113",
        "cctv_in": "N",
        "cctv_out": "N",
        "masuk_kab": "N",
        "keluar_kab": "N",
        "keterangan": "checkpoint",
        "fungsi_jalan_cctv_id": 1,
        "masuk_prov": "N",
        "keluar_prov": "N",
        "is_active": 1,
        "cctv_category_id": 5,
        "hls_cctv": null,
        "channel_id_event": "1000014$1$0$48",
        "kecamatan": "Medan Timur",
        "kota": null,
        "nama_objek_vital": null,
        "channel_id_enforcement": null,
        "cctv_id": "fa088b4e-889b-436b-8a30-a56174e33dac",
        "rtsp_cctv_dcc": null,
        "arah_cctv": "Timur",
        "radius": "-",
        "channel_code": null,
        "polda": "Polda Sumatera Utara",
        "polres": "POLRESTABES MEDAN",
        "fungsi_jalan": "ARTERI",
        "category": "DALAM KOTA",
        "in_out": null,
        "ket_in_out": null,
        "_region": "medan",
        "Satwil": "Polrestabes Medan"
      }
    },
    {
      "type": "Feature",
      "geometry": {
        "type": "Point",
        "coordinates": [
          98.641288,
          3.58449
        ]
      },
      "properties": {
        "rowid": 139,
        "nama_cctv": "CTV113 DSHB VID SUNGGAL KASUARI I1",
        "polda_id": "02",
        "polres_id": "24",
        "status": "hidup",
        "ctdby": "2027ORGANIK",
        "ctddate": "2023-10-26T17:00:00.000Z",
        "ctdtime": "20:00:00",
        "rtsp_cctv": "rtsp://satansheir:letyur13@172.16.90.58:554/cam/realmonitor?channel=113&subtype=1",
        "ctdupd": null,
        "instansi": "dishub",
        "jenis_cctv": "ANALYTIC",
        "nama_jalan_s": "Sunggal Kasuari",
        "channel_id": "1000007$1$0$112",
        "cctv_in": "N",
        "cctv_out": "N",
        "masuk_kab": "N",
        "keluar_kab": "N",
        "keterangan": "checkpoint",
        "fungsi_jalan_cctv_id": 1,
        "masuk_prov": "N",
        "keluar_prov": "N",
        "is_active": 1,
        "cctv_category_id": 5,
        "hls_cctv": null,
        "channel_id_event": "1000014$1$0$50",
        "kecamatan": "Medan Sunggal",
        "kota": null,
        "nama_objek_vital": null,
        "channel_id_enforcement": null,
        "cctv_id": "ea93073b-0c70-48e8-8723-7c96bead6a38",
        "rtsp_cctv_dcc": null,
        "arah_cctv": "Utara",
        "radius": "10 Meter",
        "channel_code": null,
        "polda": "Polda Sumatera Utara",
        "polres": "POLRESTABES MEDAN",
        "fungsi_jalan": "ARTERI",
        "category": "DALAM KOTA",
        "in_out": null,
        "ket_in_out": null,
        "_region": "medan",
        "Satwil": "Polrestabes Medan"
      }
    },
    {
      "type": "Feature",
      "geometry": {
        "type": "Point",
        "coordinates": [
          98.698582,
          3.54629
        ]
      },
      "properties": {
        "rowid": 138,
        "nama_cctv": "CTV110 DSHB VID SM.RAJA ALFALAH II1",
        "polda_id": "02",
        "polres_id": "24",
        "status": "mati",
        "ctdby": "2027ORGANIK",
        "ctddate": "2023-10-26T17:00:00.000Z",
        "ctdtime": "20:00:00",
        "rtsp_cctv": "rtsp://satansheir:letyur13@172.16.90.58:554/cam/realmonitor?channel=110&subtype=1",
        "ctdupd": null,
        "instansi": "dishub",
        "jenis_cctv": "ANALYTIC",
        "nama_jalan_s": "Sm Raja Alfalah  III",
        "channel_id": "1000007$1$0$109",
        "cctv_in": "N",
        "cctv_out": "N",
        "masuk_kab": "N",
        "keluar_kab": "N",
        "keterangan": "checkpoint",
        "fungsi_jalan_cctv_id": 1,
        "masuk_prov": "N",
        "keluar_prov": "N",
        "is_active": 1,
        "cctv_category_id": 5,
        "hls_cctv": null,
        "channel_id_event": "1000014$1$0$34",
        "kecamatan": "Medan Amplas",
        "kota": null,
        "nama_objek_vital": null,
        "channel_id_enforcement": null,
        "cctv_id": "63c0f27f-389a-4e6e-94a9-ea7221348e73",
        "rtsp_cctv_dcc": null,
        "arah_cctv": "Selatan",
        "radius": "-",
        "channel_code": null,
        "polda": "Polda Sumatera Utara",
        "polres": "POLRESTABES MEDAN",
        "fungsi_jalan": "ARTERI",
        "category": "DALAM KOTA",
        "in_out": null,
        "ket_in_out": null,
        "_region": "medan",
        "Satwil": "Polrestabes Medan"
      }
    },
    {
      "type": "Feature",
      "geometry": {
        "type": "Point",
        "coordinates": [
          98.698737,
          3.546551
        ]
      },
      "properties": {
        "rowid": 137,
        "nama_cctv": "CTV109 DSHB VID SM.RAJA ALFALAH I1",
        "polda_id": "02",
        "polres_id": "24",
        "status": "hidup",
        "ctdby": "2027ORGANIK",
        "ctddate": "2023-10-26T17:00:00.000Z",
        "ctdtime": "20:00:00",
        "rtsp_cctv": "rtsp://satansheir:letyur13@172.16.90.58:554/cam/realmonitor?channel=109&subtype=0",
        "ctdupd": null,
        "instansi": "dishub",
        "jenis_cctv": "Analytic Checkpoint",
        "nama_jalan_s": "Sm Raja Alfalah  II",
        "channel_id": "1000007$1$0$108",
        "cctv_in": "N",
        "cctv_out": "N",
        "masuk_kab": "N",
        "keluar_kab": "N",
        "keterangan": "checkpoint",
        "fungsi_jalan_cctv_id": 7,
        "masuk_prov": "N",
        "keluar_prov": "N",
        "is_active": 1,
        "cctv_category_id": 5,
        "hls_cctv": null,
        "channel_id_event": "1000014$1$0$62",
        "kecamatan": "Medan Amplas",
        "kota": null,
        "nama_objek_vital": null,
        "channel_id_enforcement": null,
        "cctv_id": "8b40a4a7-c6fc-4c34-aece-71c5fe5c27a0",
        "rtsp_cctv_dcc": null,
        "arah_cctv": "Utara",
        "radius": "10 Meter",
        "channel_code": null,
        "polda": "Polda Sumatera Utara",
        "polres": "POLRESTABES MEDAN",
        "fungsi_jalan": null,
        "category": "DALAM KOTA",
        "in_out": null,
        "ket_in_out": null,
        "_region": "medan",
        "Satwil": "Polrestabes Medan"
      }
    },
    {
      "type": "Feature",
      "geometry": {
        "type": "Point",
        "coordinates": [
          98.685471,
          3.572508
        ]
      },
      "properties": {
        "rowid": 136,
        "nama_cctv": "CTV106 DSHB VID ISTANA PLAZA II1",
        "polda_id": "02",
        "polres_id": "24",
        "status": "hidup",
        "ctdby": "2027ORGANIK",
        "ctddate": "2023-10-26T17:00:00.000Z",
        "ctdtime": "20:00:00",
        "rtsp_cctv": "rtsp://satansheir:letyur13@172.16.90.58:554/cam/realmonitor?channel=106&subtype=1",
        "ctdupd": null,
        "instansi": "dishub",
        "jenis_cctv": "ANALYTIC",
        "nama_jalan_s": "Istana Plaza III",
        "channel_id": "1000007$1$0$105",
        "cctv_in": "N",
        "cctv_out": "N",
        "masuk_kab": "N",
        "keluar_kab": "N",
        "keterangan": "checkpoint",
        "fungsi_jalan_cctv_id": 1,
        "masuk_prov": "N",
        "keluar_prov": "N",
        "is_active": 1,
        "cctv_category_id": 5,
        "hls_cctv": null,
        "channel_id_event": "1000014$1$0$21",
        "kecamatan": "Medan Maimun",
        "kota": null,
        "nama_objek_vital": null,
        "channel_id_enforcement": null,
        "cctv_id": "e8621584-0f5b-41e2-aef8-af35c1103764",
        "rtsp_cctv_dcc": null,
        "arah_cctv": "Barat",
        "radius": "20 Meter",
        "channel_code": null,
        "polda": "Polda Sumatera Utara",
        "polres": "POLRESTABES MEDAN",
        "fungsi_jalan": "ARTERI",
        "category": "DALAM KOTA",
        "in_out": null,
        "ket_in_out": null,
        "_region": "medan",
        "Satwil": "Polrestabes Medan"
      }
    },
    {
      "type": "Feature",
      "geometry": {
        "type": "Point",
        "coordinates": [
          98.685632,
          3.572303
        ]
      },
      "properties": {
        "rowid": 135,
        "nama_cctv": "CTV105 DSHB VID ISTANA PLAZA I1",
        "polda_id": "02",
        "polres_id": "24",
        "status": "hidup",
        "ctdby": "2027ORGANIK",
        "ctddate": "2023-10-26T17:00:00.000Z",
        "ctdtime": "20:00:00",
        "rtsp_cctv": "rtsp://satansheir:letyur13@172.16.90.58:554/cam/realmonitor?channel=105&subtype=0",
        "ctdupd": null,
        "instansi": "dishub",
        "jenis_cctv": "ANALYTIC",
        "nama_jalan_s": "Istana Plaza II",
        "channel_id": "1000007$1$0$104",
        "cctv_in": "N",
        "cctv_out": "N",
        "masuk_kab": "N",
        "keluar_kab": "N",
        "keterangan": "checkpoint",
        "fungsi_jalan_cctv_id": 1,
        "masuk_prov": "N",
        "keluar_prov": "N",
        "is_active": 1,
        "cctv_category_id": 5,
        "hls_cctv": null,
        "channel_id_event": "1000014$1$0$30",
        "kecamatan": "Medan Maimun",
        "kota": null,
        "nama_objek_vital": null,
        "channel_id_enforcement": null,
        "cctv_id": "1980ee98-eb00-4646-9561-39244b3969ad",
        "rtsp_cctv_dcc": null,
        "arah_cctv": "Selatan",
        "radius": "23 Meter",
        "channel_code": null,
        "polda": "Polda Sumatera Utara",
        "polres": "POLRESTABES MEDAN",
        "fungsi_jalan": "ARTERI",
        "category": "DALAM KOTA",
        "in_out": null,
        "ket_in_out": null,
        "_region": "medan",
        "Satwil": "Polrestabes Medan"
      }
    },
    {
      "type": "Feature",
      "geometry": {
        "type": "Point",
        "coordinates": [
          98.669897,
          3.575365
        ]
      },
      "properties": {
        "rowid": 134,
        "nama_cctv": "CTV104 DSHB VID GUBERNUR II1",
        "polda_id": "02",
        "polres_id": "24",
        "status": "hidup",
        "ctdby": "2027ORGANIK",
        "ctddate": "2023-10-26T17:00:00.000Z",
        "ctdtime": "20:00:00",
        "rtsp_cctv": "rtsp://satansheir:letyur13@172.16.90.58:554/cam/realmonitor?channel=104&subtype=1",
        "ctdupd": null,
        "instansi": "dishub",
        "jenis_cctv": "ANALYTIC",
        "nama_jalan_s": "Gubernur III",
        "channel_id": "1000007$1$0$103",
        "cctv_in": "N",
        "cctv_out": "N",
        "masuk_kab": "N",
        "keluar_kab": "N",
        "keterangan": "checkpoint",
        "fungsi_jalan_cctv_id": 1,
        "masuk_prov": "N",
        "keluar_prov": "N",
        "is_active": 1,
        "cctv_category_id": 5,
        "hls_cctv": null,
        "channel_id_event": null,
        "kecamatan": "Medan Polonia",
        "kota": null,
        "nama_objek_vital": null,
        "channel_id_enforcement": null,
        "cctv_id": "201cdf3c-7a7b-45b4-b5b2-e17f3a58bf8a",
        "rtsp_cctv_dcc": null,
        "arah_cctv": "Barat",
        "radius": "46 Meter",
        "channel_code": null,
        "polda": "Polda Sumatera Utara",
        "polres": "POLRESTABES MEDAN",
        "fungsi_jalan": "ARTERI",
        "category": "DALAM KOTA",
        "in_out": null,
        "ket_in_out": null,
        "_region": "medan",
        "Satwil": "Polrestabes Medan"
      }
    },
    {
      "type": "Feature",
      "geometry": {
        "type": "Point",
        "coordinates": [
          98.670249,
          3.575199
        ]
      },
      "properties": {
        "rowid": 133,
        "nama_cctv": "CTV103 DSHB VID GUBERNUR I1",
        "polda_id": "02",
        "polres_id": "24",
        "status": "hidup",
        "ctdby": "2027ORGANIK",
        "ctddate": "2023-10-26T17:00:00.000Z",
        "ctdtime": "20:00:00",
        "rtsp_cctv": "rtsp://satansheir:letyur13@172.16.90.58:554/cam/realmonitor?channel=103&subtype=1",
        "ctdupd": null,
        "instansi": "dishub",
        "jenis_cctv": "ANALYTIC",
        "nama_jalan_s": "Gubernur II",
        "channel_id": "1000007$1$0$102",
        "cctv_in": "N",
        "cctv_out": "N",
        "masuk_kab": "N",
        "keluar_kab": "N",
        "keterangan": "checkpoint",
        "fungsi_jalan_cctv_id": 1,
        "masuk_prov": "N",
        "keluar_prov": "N",
        "is_active": 1,
        "cctv_category_id": 5,
        "hls_cctv": null,
        "channel_id_event": "1000014$1$0$46",
        "kecamatan": "Medan Polonia",
        "kota": null,
        "nama_objek_vital": null,
        "channel_id_enforcement": null,
        "cctv_id": "48a1a5f8-4bdc-4e6b-8f9e-03bc5c75b57d",
        "rtsp_cctv_dcc": null,
        "arah_cctv": "Timur",
        "radius": "50 Meter",
        "channel_code": null,
        "polda": "Polda Sumatera Utara",
        "polres": "POLRESTABES MEDAN",
        "fungsi_jalan": "ARTERI",
        "category": "DALAM KOTA",
        "in_out": null,
        "ket_in_out": null,
        "_region": "medan",
        "Satwil": "Polrestabes Medan"
      }
    },
    {
      "type": "Feature",
      "geometry": {
        "type": "Point",
        "coordinates": [
          98.672602,
          3.579646
        ]
      },
      "properties": {
        "rowid": 132,
        "nama_cctv": "CTV102 DSHB VID KARTINI I1",
        "polda_id": "02",
        "polres_id": "24",
        "status": "hidup",
        "ctdby": "2027ORGANIK",
        "ctddate": "2023-10-26T17:00:00.000Z",
        "ctdtime": "20:00:00",
        "rtsp_cctv": "rtsp://satansheir:letyur13@172.16.90.58:554/cam/realmonitor?channel=102&subtype=1",
        "ctdupd": null,
        "instansi": "dishub",
        "jenis_cctv": "ANALYTIC",
        "nama_jalan_s": "Kartini II",
        "channel_id": "1000007$1$0$101",
        "cctv_in": "N",
        "cctv_out": "N",
        "masuk_kab": "N",
        "keluar_kab": "N",
        "keterangan": "checkpoint",
        "fungsi_jalan_cctv_id": 1,
        "masuk_prov": "N",
        "keluar_prov": "N",
        "is_active": 1,
        "cctv_category_id": 5,
        "hls_cctv": null,
        "channel_id_event": null,
        "kecamatan": "Medan Petisah",
        "kota": null,
        "nama_objek_vital": null,
        "channel_id_enforcement": null,
        "cctv_id": "def5585b-83f6-457c-85f5-450c231abae5",
        "rtsp_cctv_dcc": null,
        "arah_cctv": "Barat",
        "radius": "66 Meter",
        "channel_code": null,
        "polda": "Polda Sumatera Utara",
        "polres": "POLRESTABES MEDAN",
        "fungsi_jalan": "ARTERI",
        "category": "DALAM KOTA",
        "in_out": null,
        "ket_in_out": null,
        "_region": "medan",
        "Satwil": "Polrestabes Medan"
      }
    },
    {
      "type": "Feature",
      "geometry": {
        "type": "Point",
        "coordinates": [
          98.67518,
          3.583749
        ]
      },
      "properties": {
        "rowid": 131,
        "nama_cctv": "CTV099 DSHB PTZ HDTI",
        "polda_id": "02",
        "polres_id": "24",
        "status": "hidup",
        "ctdby": "2027ORGANIK",
        "ctddate": "2023-10-26T17:00:00.000Z",
        "ctdtime": "20:00:00",
        "rtsp_cctv": "rtsp://satansheir:letyur13@172.16.90.58:554/cam/realmonitor?channel=99&subtype=1",
        "ctdupd": "2026-02-19T17:00:00.000Z",
        "instansi": "dishub",
        "jenis_cctv": "ANALYTIC",
        "nama_jalan_s": "HMMG+F3V, Medan City, North Sumatra, Indonesia",
        "channel_id": "1000007$1$0$98",
        "cctv_in": "N",
        "cctv_out": "N",
        "masuk_kab": "N",
        "keluar_kab": "N",
        "keterangan": "checkpoint",
        "fungsi_jalan_cctv_id": 1,
        "masuk_prov": "N",
        "keluar_prov": "N",
        "is_active": 1,
        "cctv_category_id": 5,
        "hls_cctv": null,
        "channel_id_event": null,
        "kecamatan": "Medan Petisah",
        "kota": "MEDAN",
        "nama_objek_vital": null,
        "channel_id_enforcement": null,
        "cctv_id": "fd59cf66-8efe-4547-af4f-6e5565882ac2",
        "rtsp_cctv_dcc": null,
        "arah_cctv": "Utara",
        "radius": "71 Meter",
        "channel_code": null,
        "polda": "Polda Sumatera Utara",
        "polres": "POLRESTABES MEDAN",
        "fungsi_jalan": "ARTERI",
        "category": "DALAM KOTA",
        "in_out": null,
        "ket_in_out": null,
        "_region": "medan",
        "Satwil": "Polrestabes Medan"
      }
    },
    {
      "type": "Feature",
      "geometry": {
        "type": "Point",
        "coordinates": [
          98.672602,
          3.579646
        ]
      },
      "properties": {
        "rowid": 130,
        "nama_cctv": "CTV097 DSHB VID KARTINI I1",
        "polda_id": "02",
        "polres_id": "24",
        "status": "hidup",
        "ctdby": "2027ORGANIK",
        "ctddate": "2023-10-26T17:00:00.000Z",
        "ctdtime": "20:00:00",
        "rtsp_cctv": "rtsp://satansheir:letyur13@172.16.90.58:554/cam/realmonitor?channel=97&subtype=0",
        "ctdupd": null,
        "instansi": "dishub",
        "jenis_cctv": "Analytic Checkpoint",
        "nama_jalan_s": "Kartini I",
        "channel_id": "1000007$1$0$96",
        "cctv_in": "N",
        "cctv_out": "N",
        "masuk_kab": "N",
        "keluar_kab": "N",
        "keterangan": "checkpoint",
        "fungsi_jalan_cctv_id": 7,
        "masuk_prov": "N",
        "keluar_prov": "N",
        "is_active": 1,
        "cctv_category_id": 5,
        "hls_cctv": null,
        "channel_id_event": null,
        "kecamatan": "Medan Polonia",
        "kota": null,
        "nama_objek_vital": null,
        "channel_id_enforcement": null,
        "cctv_id": "41ba2105-fa05-492b-8953-7878299d3233",
        "rtsp_cctv_dcc": null,
        "arah_cctv": "Selatan",
        "radius": "93 Meter",
        "channel_code": null,
        "polda": "Polda Sumatera Utara",
        "polres": "POLRESTABES MEDAN",
        "fungsi_jalan": null,
        "category": "DALAM KOTA",
        "in_out": null,
        "ket_in_out": null,
        "_region": "medan",
        "Satwil": "Polrestabes Medan"
      }
    },
    {
      "type": "Feature",
      "geometry": {
        "type": "Point",
        "coordinates": [
          98.661177,
          3.571875
        ]
      },
      "properties": {
        "rowid": 128,
        "nama_cctv": "CTV093 DSHB VID J.GINTINGISMUD 1",
        "polda_id": "02",
        "polres_id": "24",
        "status": "hidup",
        "ctdby": "2027ORGANIK",
        "ctddate": "2023-10-26T17:00:00.000Z",
        "ctdtime": "20:00:00",
        "rtsp_cctv": "rtsp://satansheir:letyur13@172.16.90.58:554/cam/realmonitor?channel=93&subtype=1",
        "ctdupd": null,
        "instansi": "dishub",
        "jenis_cctv": "ANALYTIC",
        "nama_jalan_s": "Gunting Ismud",
        "channel_id": "1000007$1$0$92",
        "cctv_in": "N",
        "cctv_out": "N",
        "masuk_kab": "N",
        "keluar_kab": "N",
        "keterangan": "checkpoint",
        "fungsi_jalan_cctv_id": 1,
        "masuk_prov": "N",
        "keluar_prov": "N",
        "is_active": 1,
        "cctv_category_id": 5,
        "hls_cctv": null,
        "channel_id_event": "1000014$1$0$38",
        "kecamatan": "Medan Baru",
        "kota": null,
        "nama_objek_vital": null,
        "channel_id_enforcement": null,
        "cctv_id": "7eb2dd3a-ef00-43f8-b1b8-023ec4f4da5c",
        "rtsp_cctv_dcc": null,
        "arah_cctv": "Timur",
        "radius": "30 Meter",
        "channel_code": null,
        "polda": "Polda Sumatera Utara",
        "polres": "POLRESTABES MEDAN",
        "fungsi_jalan": "ARTERI",
        "category": "DALAM KOTA",
        "in_out": null,
        "ket_in_out": null,
        "_region": "medan",
        "Satwil": "Polrestabes Medan"
      }
    },
    {
      "type": "Feature",
      "geometry": {
        "type": "Point",
        "coordinates": [
          98.64373,
          3.590635
        ]
      },
      "properties": {
        "rowid": 127,
        "nama_cctv": "CTV035 DSHB PTZ SIMPANG SEI KAMBING",
        "polda_id": "02",
        "polres_id": "24",
        "status": "hidup",
        "ctdby": "2027ORGANIK",
        "ctddate": "2023-10-26T17:00:00.000Z",
        "ctdtime": "20:00:00",
        "rtsp_cctv": "rtsp://satansheir:letyur13@172.16.90.58:554/cam/realmonitor?channel=35&subtype=1",
        "ctdupd": null,
        "instansi": "dishub",
        "jenis_cctv": "ANALYTIC",
        "nama_jalan_s": "Simpang Sei Kambing",
        "channel_id": "1000007$1$0$34",
        "cctv_in": "N",
        "cctv_out": "N",
        "masuk_kab": "N",
        "keluar_kab": "N",
        "keterangan": "checkpoint",
        "fungsi_jalan_cctv_id": 1,
        "masuk_prov": "N",
        "keluar_prov": "N",
        "is_active": 1,
        "cctv_category_id": 5,
        "hls_cctv": null,
        "channel_id_event": null,
        "kecamatan": "Medan Sunggal",
        "kota": null,
        "nama_objek_vital": null,
        "channel_id_enforcement": null,
        "cctv_id": "e583132e-859e-43eb-9191-2b74f9dcbf36",
        "rtsp_cctv_dcc": null,
        "arah_cctv": "Selatan",
        "radius": "75 Meter",
        "channel_code": null,
        "polda": "Polda Sumatera Utara",
        "polres": "POLRESTABES MEDAN",
        "fungsi_jalan": "ARTERI",
        "category": "DALAM KOTA",
        "in_out": null,
        "ket_in_out": null,
        "_region": "medan",
        "Satwil": "Polrestabes Medan"
      }
    },
    {
      "type": "Feature",
      "geometry": {
        "type": "Point",
        "coordinates": [
          98.658229,
          3.589893
        ]
      },
      "properties": {
        "rowid": 126,
        "nama_cctv": "CTV034 DSHB PTZ SIMPANG SEIWAMPU",
        "polda_id": "02",
        "polres_id": "24",
        "status": "hidup",
        "ctdby": "2027ORGANIK",
        "ctddate": "2023-10-26T17:00:00.000Z",
        "ctdtime": "20:00:00",
        "rtsp_cctv": "rtsp://satansheir:letyur13@172.16.90.58:554/cam/realmonitor?channel=34&subtype=1",
        "ctdupd": null,
        "instansi": "dishub",
        "jenis_cctv": "ANALYTIC",
        "nama_jalan_s": "Simpang Sei Wampu",
        "channel_id": "1000007$1$0$33",
        "cctv_in": "N",
        "cctv_out": "N",
        "masuk_kab": "N",
        "keluar_kab": "N",
        "keterangan": "checkpoint",
        "fungsi_jalan_cctv_id": 1,
        "masuk_prov": "N",
        "keluar_prov": "N",
        "is_active": 1,
        "cctv_category_id": 5,
        "hls_cctv": null,
        "channel_id_event": null,
        "kecamatan": "Medan Baru",
        "kota": null,
        "nama_objek_vital": null,
        "channel_id_enforcement": null,
        "cctv_id": "7a2720c0-bcd6-465b-898f-296229757045",
        "rtsp_cctv_dcc": null,
        "arah_cctv": "Selatan",
        "radius": "50 Meter",
        "channel_code": null,
        "polda": "Polda Sumatera Utara",
        "polres": "POLRESTABES MEDAN",
        "fungsi_jalan": "ARTERI",
        "category": "DALAM KOTA",
        "in_out": null,
        "ket_in_out": null,
        "_region": "medan",
        "Satwil": "Polrestabes Medan"
      }
    },
    {
      "type": "Feature",
      "geometry": {
        "type": "Point",
        "coordinates": [
          98.660957,
          3.567238
        ]
      },
      "properties": {
        "rowid": 125,
        "nama_cctv": "CTV033 DSHB PTZ SIMPANG DR MANSYUR",
        "polda_id": "02",
        "polres_id": "24",
        "status": "hidup",
        "ctdby": "2027ORGANIK",
        "ctddate": "2023-10-26T17:00:00.000Z",
        "ctdtime": "20:00:00",
        "rtsp_cctv": "rtsp://satansheir:letyur13@172.16.90.58:554/cam/realmonitor?channel=33&subtype=1",
        "ctdupd": null,
        "instansi": "dishub",
        "jenis_cctv": "ANALYTIC",
        "nama_jalan_s": "Simpang Dr Mansyur",
        "channel_id": "1000007$1$0$32",
        "cctv_in": "N",
        "cctv_out": "N",
        "masuk_kab": "N",
        "keluar_kab": "N",
        "keterangan": "checkpoint",
        "fungsi_jalan_cctv_id": 1,
        "masuk_prov": "N",
        "keluar_prov": "N",
        "is_active": 1,
        "cctv_category_id": 5,
        "hls_cctv": null,
        "channel_id_event": null,
        "kecamatan": "Medan Baru",
        "kota": null,
        "nama_objek_vital": null,
        "channel_id_enforcement": null,
        "cctv_id": "824500bb-657d-46c8-90d3-06c21f6d3414",
        "rtsp_cctv_dcc": null,
        "arah_cctv": "Selatan",
        "radius": "53 Meter",
        "channel_code": null,
        "polda": "Polda Sumatera Utara",
        "polres": "POLRESTABES MEDAN",
        "fungsi_jalan": "ARTERI",
        "category": "DALAM KOTA",
        "in_out": null,
        "ket_in_out": null,
        "_region": "medan",
        "Satwil": "Polrestabes Medan"
      }
    },
    {
      "type": "Feature",
      "geometry": {
        "type": "Point",
        "coordinates": [
          98.670161,
          3.575145
        ]
      },
      "properties": {
        "rowid": 124,
        "nama_cctv": "CTV032 DSHB PTZ GUBERNUR",
        "polda_id": "02",
        "polres_id": "24",
        "status": "hidup",
        "ctdby": "2027ORGANIK",
        "ctddate": "2023-10-26T17:00:00.000Z",
        "ctdtime": "20:00:00",
        "rtsp_cctv": "rtsp://satansheir:letyur13@172.16.90.58:554/cam/realmonitor?channel=32&subtype=1",
        "ctdupd": null,
        "instansi": "dishub",
        "jenis_cctv": "ANALYTIC",
        "nama_jalan_s": "Gubernur",
        "channel_id": "1000007$1$0$31",
        "cctv_in": "N",
        "cctv_out": "N",
        "masuk_kab": "N",
        "keluar_kab": "N",
        "keterangan": "checkpoint",
        "fungsi_jalan_cctv_id": 1,
        "masuk_prov": "N",
        "keluar_prov": "N",
        "is_active": 1,
        "cctv_category_id": 5,
        "hls_cctv": null,
        "channel_id_event": null,
        "kecamatan": "Medan Polonia",
        "kota": null,
        "nama_objek_vital": null,
        "channel_id_enforcement": null,
        "cctv_id": "9406a0e3-9bea-4a9b-b0ee-99892764546c",
        "rtsp_cctv_dcc": null,
        "arah_cctv": "Selatan",
        "radius": "95 Meter",
        "channel_code": null,
        "polda": "Polda Sumatera Utara",
        "polres": "POLRESTABES MEDAN",
        "fungsi_jalan": "ARTERI",
        "category": "DALAM KOTA",
        "in_out": null,
        "ket_in_out": null,
        "_region": "medan",
        "Satwil": "Polrestabes Medan"
      }
    },
    {
      "type": "Feature",
      "geometry": {
        "type": "Point",
        "coordinates": [
          98.672535,
          3.57548
        ]
      },
      "properties": {
        "rowid": 123,
        "nama_cctv": "CTV031 DSHB PTZ WALIKOTA",
        "polda_id": "02",
        "polres_id": "24",
        "status": "hidup",
        "ctdby": "2027ORGANIK",
        "ctddate": "2023-10-26T17:00:00.000Z",
        "ctdtime": "20:00:00",
        "rtsp_cctv": "rtsp://satansheir:letyur13@172.16.90.58:554/cam/realmonitor?channel=31&subtype=0",
        "ctdupd": null,
        "instansi": "dishub",
        "jenis_cctv": "Analytic Checkpoint",
        "nama_jalan_s": "Walikota",
        "channel_id": "1000007$1$0$30",
        "cctv_in": "N",
        "cctv_out": "N",
        "masuk_kab": "N",
        "keluar_kab": "N",
        "keterangan": "checkpoint",
        "fungsi_jalan_cctv_id": 7,
        "masuk_prov": "N",
        "keluar_prov": "N",
        "is_active": 1,
        "cctv_category_id": 5,
        "hls_cctv": null,
        "channel_id_event": null,
        "kecamatan": "Medan Polonia",
        "kota": null,
        "nama_objek_vital": null,
        "channel_id_enforcement": null,
        "cctv_id": "bbd80e2a-9c03-45c8-a515-86ce92592d4a",
        "rtsp_cctv_dcc": null,
        "arah_cctv": "Timur",
        "radius": "61 Meter",
        "channel_code": null,
        "polda": "Polda Sumatera Utara",
        "polres": "POLRESTABES MEDAN",
        "fungsi_jalan": null,
        "category": "DALAM KOTA",
        "in_out": null,
        "ket_in_out": null,
        "_region": "medan",
        "Satwil": "Polrestabes Medan"
      }
    },
    {
      "type": "Feature",
      "geometry": {
        "type": "Point",
        "coordinates": [
          98.67104,
          3.57352
        ]
      },
      "properties": {
        "rowid": 122,
        "nama_cctv": "CTV030 DSHB PTZ RUMDIN WALIKOTA",
        "polda_id": "02",
        "polres_id": "24",
        "status": "hidup",
        "ctdby": "2027ORGANIK",
        "ctddate": "2023-10-26T17:00:00.000Z",
        "ctdtime": "20:00:00",
        "rtsp_cctv": "rtsp://satansheir:letyur13@172.16.90.58:554/cam/realmonitor?channel=30&subtype=1",
        "ctdupd": null,
        "instansi": "dishub",
        "jenis_cctv": "ANALYTIC",
        "nama_jalan_s": "Depan Rumah Dinas Walikota",
        "channel_id": "1000007$1$0$29",
        "cctv_in": "N",
        "cctv_out": "N",
        "masuk_kab": "N",
        "keluar_kab": "N",
        "keterangan": "checkpoint",
        "fungsi_jalan_cctv_id": 1,
        "masuk_prov": "N",
        "keluar_prov": "N",
        "is_active": 1,
        "cctv_category_id": 5,
        "hls_cctv": null,
        "channel_id_event": null,
        "kecamatan": "Medan Polonia",
        "kota": null,
        "nama_objek_vital": null,
        "channel_id_enforcement": null,
        "cctv_id": "658c977d-16ce-4e93-aadb-7049d8ab488a",
        "rtsp_cctv_dcc": null,
        "arah_cctv": "Selatan",
        "radius": "21 Meter",
        "channel_code": null,
        "polda": "Polda Sumatera Utara",
        "polres": "POLRESTABES MEDAN",
        "fungsi_jalan": "ARTERI",
        "category": "DALAM KOTA",
        "in_out": null,
        "ket_in_out": null,
        "_region": "medan",
        "Satwil": "Polrestabes Medan"
      }
    },
    {
      "type": "Feature",
      "geometry": {
        "type": "Point",
        "coordinates": [
          98.678198,
          3.588773
        ]
      },
      "properties": {
        "rowid": 121,
        "nama_cctv": "CTV029 DSHB PTZ SIMPANG LONSUM",
        "polda_id": "02",
        "polres_id": "24",
        "status": "hidup",
        "ctdby": "2027ORGANIK",
        "ctddate": "2023-10-26T17:00:00.000Z",
        "ctdtime": "20:00:00",
        "rtsp_cctv": "rtsp://satansheir:letyur13@172.16.90.58:554/cam/realmonitor?channel=29&subtype=0",
        "ctdupd": null,
        "instansi": "dishub",
        "jenis_cctv": "Analytic Checkpoint",
        "nama_jalan_s": "Simpang Lonsum",
        "channel_id": "1000007$1$0$28",
        "cctv_in": "N",
        "cctv_out": "N",
        "masuk_kab": "N",
        "keluar_kab": "N",
        "keterangan": "checkpoint",
        "fungsi_jalan_cctv_id": 7,
        "masuk_prov": "N",
        "keluar_prov": "N",
        "is_active": 1,
        "cctv_category_id": 5,
        "hls_cctv": null,
        "channel_id_event": null,
        "kecamatan": "Medan Barat",
        "kota": null,
        "nama_objek_vital": null,
        "channel_id_enforcement": null,
        "cctv_id": "5b0f99b7-3910-46d0-a378-9505a123ca9b",
        "rtsp_cctv_dcc": null,
        "arah_cctv": "Selatan",
        "radius": "121 Meter",
        "channel_code": null,
        "polda": "Polda Sumatera Utara",
        "polres": "POLRESTABES MEDAN",
        "fungsi_jalan": null,
        "category": "DALAM KOTA",
        "in_out": null,
        "ket_in_out": null,
        "_region": "medan",
        "Satwil": "Polrestabes Medan"
      }
    },
    {
      "type": "Feature",
      "geometry": {
        "type": "Point",
        "coordinates": [
          98.677762,
          3.590112
        ]
      },
      "properties": {
        "rowid": 120,
        "nama_cctv": "CTV028 DSHB PTZ JALAN BALAI KOTA LAP MERDEKA",
        "polda_id": "02",
        "polres_id": "24",
        "status": "hidup",
        "ctdby": "2027ORGANIK",
        "ctddate": "2023-10-26T17:00:00.000Z",
        "ctdtime": "20:00:00",
        "rtsp_cctv": "rtsp://satansheir:letyur13@172.16.90.58:554/cam/realmonitor?channel=28&subtype=1",
        "ctdupd": null,
        "instansi": "dishub",
        "jenis_cctv": "ANALYTIC",
        "nama_jalan_s": "Balai Kota Lapangan Merdeka",
        "channel_id": "1000007$1$0$27",
        "cctv_in": "N",
        "cctv_out": "N",
        "masuk_kab": "N",
        "keluar_kab": "N",
        "keterangan": "checkpoint",
        "fungsi_jalan_cctv_id": 1,
        "masuk_prov": "N",
        "keluar_prov": "N",
        "is_active": 1,
        "cctv_category_id": 5,
        "hls_cctv": null,
        "channel_id_event": null,
        "kecamatan": "Medan Barat",
        "kota": null,
        "nama_objek_vital": null,
        "channel_id_enforcement": null,
        "cctv_id": "5a456ffb-8ef5-4142-ac3e-c3940ece0131",
        "rtsp_cctv_dcc": null,
        "arah_cctv": "Selatan",
        "radius": "40 Meter",
        "channel_code": null,
        "polda": "Polda Sumatera Utara",
        "polres": "POLRESTABES MEDAN",
        "fungsi_jalan": "ARTERI",
        "category": "DALAM KOTA",
        "in_out": null,
        "ket_in_out": null,
        "_region": "medan",
        "Satwil": "Polrestabes Medan"
      }
    },
    {
      "type": "Feature",
      "geometry": {
        "type": "Point",
        "coordinates": [
          98.660881,
          3.571977
        ]
      },
      "properties": {
        "rowid": 119,
        "nama_cctv": "CTV027 DSHB VID SIMP DJAMIN GINTING ISMUD 2",
        "polda_id": "02",
        "polres_id": "24",
        "status": "hidup",
        "ctdby": "2027ORGANIK",
        "ctddate": "2023-10-26T17:00:00.000Z",
        "ctdtime": "20:00:00",
        "rtsp_cctv": "rtsp://satansheir:letyur13@172.16.90.58:554/cam/realmonitor?channel=27&subtype=1",
        "ctdupd": null,
        "instansi": "dishub",
        "jenis_cctv": "ANALYTIC",
        "nama_jalan_s": "Simpang Jamin Ginting Ismud 2",
        "channel_id": "1000007$1$0$26",
        "cctv_in": "N",
        "cctv_out": "N",
        "masuk_kab": "N",
        "keluar_kab": "N",
        "keterangan": "checkpoint",
        "fungsi_jalan_cctv_id": 1,
        "masuk_prov": "N",
        "keluar_prov": "N",
        "is_active": 1,
        "cctv_category_id": 5,
        "hls_cctv": null,
        "channel_id_event": null,
        "kecamatan": "Medan Baru",
        "kota": null,
        "nama_objek_vital": null,
        "channel_id_enforcement": null,
        "cctv_id": "210e8ac4-53ee-412b-b3bd-ef6bbfe25346",
        "rtsp_cctv_dcc": null,
        "arah_cctv": "Utara",
        "radius": "15 Meter",
        "channel_code": null,
        "polda": "Polda Sumatera Utara",
        "polres": "POLRESTABES MEDAN",
        "fungsi_jalan": "ARTERI",
        "category": "DALAM KOTA",
        "in_out": null,
        "ket_in_out": null,
        "_region": "medan",
        "Satwil": "Polrestabes Medan"
      }
    },
    {
      "type": "Feature",
      "geometry": {
        "type": "Point",
        "coordinates": [
          98.627212,
          3.591686
        ]
      },
      "properties": {
        "rowid": 118,
        "nama_cctv": "CTV026 DSHB VID SIMP GATSU ASRAMA 1",
        "polda_id": "02",
        "polres_id": "24",
        "status": "hidup",
        "ctdby": "2027ORGANIK",
        "ctddate": "2023-10-26T17:00:00.000Z",
        "ctdtime": "20:00:00",
        "rtsp_cctv": "rtsp://satansheir:letyur13@172.16.90.58:554/cam/realmonitor?channel=26&subtype=1",
        "ctdupd": null,
        "instansi": "dishub",
        "jenis_cctv": "ANALYTIC",
        "nama_jalan_s": "Simpang Gatsu Asrama 1",
        "channel_id": "1000007$1$0$25",
        "cctv_in": "N",
        "cctv_out": "N",
        "masuk_kab": "N",
        "keluar_kab": "N",
        "keterangan": "checkpoint",
        "fungsi_jalan_cctv_id": 1,
        "masuk_prov": "N",
        "keluar_prov": "N",
        "is_active": 1,
        "cctv_category_id": 5,
        "hls_cctv": null,
        "channel_id_event": null,
        "kecamatan": "Medan Helvetia",
        "kota": null,
        "nama_objek_vital": null,
        "channel_id_enforcement": null,
        "cctv_id": "fc6e26ea-ec04-4ce2-8579-1522c0f397f2",
        "rtsp_cctv_dcc": null,
        "arah_cctv": "Utara",
        "radius": "-",
        "channel_code": null,
        "polda": "Polda Sumatera Utara",
        "polres": "POLRESTABES MEDAN",
        "fungsi_jalan": "ARTERI",
        "category": "DALAM KOTA",
        "in_out": null,
        "ket_in_out": null,
        "_region": "medan",
        "Satwil": "Polrestabes Medan"
      }
    },
    {
      "type": "Feature",
      "geometry": {
        "type": "Point",
        "coordinates": [
          98.627933,
          3.604986
        ]
      },
      "properties": {
        "rowid": 117,
        "nama_cctv": "CTV025 DSHB VID SIMP GAPERTA ASRAMA 2",
        "polda_id": "02",
        "polres_id": "24",
        "status": "hidup",
        "ctdby": "2027ORGANIK",
        "ctddate": "2023-10-26T17:00:00.000Z",
        "ctdtime": "20:00:00",
        "rtsp_cctv": "rtsp://satansheir:letyur13@172.16.90.58:554/cam/realmonitor?channel=25&subtype=1",
        "ctdupd": null,
        "instansi": "dishub",
        "jenis_cctv": "ANALYTIC",
        "nama_jalan_s": "Simpang Gaperta Asrama 2",
        "channel_id": "1000007$1$0$24",
        "cctv_in": "N",
        "cctv_out": "N",
        "masuk_kab": "N",
        "keluar_kab": "N",
        "keterangan": "checkpoint",
        "fungsi_jalan_cctv_id": 1,
        "masuk_prov": "N",
        "keluar_prov": "N",
        "is_active": 1,
        "cctv_category_id": 5,
        "hls_cctv": null,
        "channel_id_event": "1000014$1$0$16",
        "kecamatan": "Medan Helvetia",
        "kota": null,
        "nama_objek_vital": null,
        "channel_id_enforcement": null,
        "cctv_id": "6ae6c585-57c3-42eb-8b44-7a06bc062c3e",
        "rtsp_cctv_dcc": null,
        "arah_cctv": "Selatan",
        "radius": "-",
        "channel_code": null,
        "polda": "Polda Sumatera Utara",
        "polres": "POLRESTABES MEDAN",
        "fungsi_jalan": "ARTERI",
        "category": "DALAM KOTA",
        "in_out": null,
        "ket_in_out": null,
        "_region": "medan",
        "Satwil": "Polrestabes Medan"
      }
    },
    {
      "type": "Feature",
      "geometry": {
        "type": "Point",
        "coordinates": [
          98.711615,
          3.597802
        ]
      },
      "properties": {
        "rowid": 116,
        "nama_cctv": "CTV024 DSHB VID SIMP MANDALA 2",
        "polda_id": "02",
        "polres_id": "24",
        "status": "hidup",
        "ctdby": "2027ORGANIK",
        "ctddate": "2023-10-26T17:00:00.000Z",
        "ctdtime": "20:00:00",
        "rtsp_cctv": "rtsp://satansheir:letyur13@172.16.90.58:554/cam/realmonitor?channel=24&subtype=0",
        "ctdupd": null,
        "instansi": "dishub",
        "jenis_cctv": "Analytic Checkpoint",
        "nama_jalan_s": "Simpang Mandala 2",
        "channel_id": "1000007$1$0$23",
        "cctv_in": "N",
        "cctv_out": "N",
        "masuk_kab": "N",
        "keluar_kab": "N",
        "keterangan": "checkpoint",
        "fungsi_jalan_cctv_id": 7,
        "masuk_prov": "N",
        "keluar_prov": "N",
        "is_active": 1,
        "cctv_category_id": 5,
        "hls_cctv": null,
        "channel_id_event": "1000012$1$0$9",
        "kecamatan": "Medan Tembung",
        "kota": null,
        "nama_objek_vital": null,
        "channel_id_enforcement": null,
        "cctv_id": "0607cd40-c25f-4462-8671-a95802dcd252",
        "rtsp_cctv_dcc": null,
        "arah_cctv": "Barat",
        "radius": "14 Meter",
        "channel_code": null,
        "polda": "Polda Sumatera Utara",
        "polres": "POLRESTABES MEDAN",
        "fungsi_jalan": null,
        "category": "DALAM KOTA",
        "in_out": null,
        "ket_in_out": null,
        "_region": "medan",
        "Satwil": "Polrestabes Medan"
      }
    },
    {
      "type": "Feature",
      "geometry": {
        "type": "Point",
        "coordinates": [
          98.675713,
          3.595665
        ]
      },
      "properties": {
        "rowid": 115,
        "nama_cctv": "CTV023 DSHB VID TVRI 1",
        "polda_id": "02",
        "polres_id": "24",
        "status": "hidup",
        "ctdby": "2027ORGANIK",
        "ctddate": "2023-10-26T17:00:00.000Z",
        "ctdtime": "20:00:00",
        "rtsp_cctv": "rtsp://satansheir:letyur13@172.16.90.58:554/cam/realmonitor?channel=23&subtype=1",
        "ctdupd": null,
        "instansi": "dishub",
        "jenis_cctv": "ANALYTIC",
        "nama_jalan_s": "Tvri 1",
        "channel_id": "1000007$1$0$22",
        "cctv_in": "N",
        "cctv_out": "N",
        "masuk_kab": "N",
        "keluar_kab": "N",
        "keterangan": "checkpoint",
        "fungsi_jalan_cctv_id": 1,
        "masuk_prov": "N",
        "keluar_prov": "N",
        "is_active": 1,
        "cctv_category_id": 5,
        "hls_cctv": null,
        "channel_id_event": null,
        "kecamatan": "Medan Barat",
        "kota": null,
        "nama_objek_vital": null,
        "channel_id_enforcement": null,
        "cctv_id": "1706b57a-c322-4436-939f-eba722bc0c1a",
        "rtsp_cctv_dcc": null,
        "arah_cctv": "Selatan",
        "radius": "43 Meter",
        "channel_code": null,
        "polda": "Polda Sumatera Utara",
        "polres": "POLRESTABES MEDAN",
        "fungsi_jalan": "ARTERI",
        "category": "DALAM KOTA",
        "in_out": null,
        "ket_in_out": null,
        "_region": "medan",
        "Satwil": "Polrestabes Medan"
      }
    },
    {
      "type": "Feature",
      "geometry": {
        "type": "Point",
        "coordinates": [
          98.682736,
          3.595131
        ]
      },
      "properties": {
        "rowid": 113,
        "nama_cctv": "CTV021 DSHB VID SIMP SUTOMO YAMIN 1",
        "polda_id": "02",
        "polres_id": "24",
        "status": "hidup",
        "ctdby": "2027ORGANIK",
        "ctddate": "2023-10-26T17:00:00.000Z",
        "ctdtime": "20:00:00",
        "rtsp_cctv": "rtsp://satansheir:letyur13@172.16.90.58:554/cam/realmonitor?channel=21&subtype=0",
        "ctdupd": null,
        "instansi": "dishub",
        "jenis_cctv": "Analytic Checkpoint",
        "nama_jalan_s": "Simpang SutomoYamin 1",
        "channel_id": "1000007$1$0$20",
        "cctv_in": "N",
        "cctv_out": "N",
        "masuk_kab": "N",
        "keluar_kab": "N",
        "keterangan": "checkpoint",
        "fungsi_jalan_cctv_id": 7,
        "masuk_prov": "N",
        "keluar_prov": "N",
        "is_active": 1,
        "cctv_category_id": 5,
        "hls_cctv": null,
        "channel_id_event": null,
        "kecamatan": "Medan Timur",
        "kota": null,
        "nama_objek_vital": null,
        "channel_id_enforcement": null,
        "cctv_id": "d98c3d73-71e7-480e-9d21-edf2dd7eef3a",
        "rtsp_cctv_dcc": null,
        "arah_cctv": "Timur",
        "radius": "13 Meter",
        "channel_code": null,
        "polda": "Polda Sumatera Utara",
        "polres": "POLRESTABES MEDAN",
        "fungsi_jalan": null,
        "category": "DALAM KOTA",
        "in_out": null,
        "ket_in_out": null,
        "_region": "medan",
        "Satwil": "Polrestabes Medan"
      }
    },
    {
      "type": "Feature",
      "geometry": {
        "type": "Point",
        "coordinates": [
          98.679425,
          3.593962
        ]
      },
      "properties": {
        "rowid": 112,
        "nama_cctv": "CTV020 DSHB VID SIMP GAHARU YAMIN 1",
        "polda_id": "02",
        "polres_id": "24",
        "status": "mati",
        "ctdby": "2027ORGANIK",
        "ctddate": "2023-10-26T17:00:00.000Z",
        "ctdtime": "20:00:00",
        "rtsp_cctv": "rtsp://satansheir:letyur13@172.16.90.58:554/cam/realmonitor?channel=20&subtype=1",
        "ctdupd": null,
        "instansi": "dishub",
        "jenis_cctv": "ANALYTIC",
        "nama_jalan_s": "Simpang Gaharu Yamin 1",
        "channel_id": "1000007$1$0$19",
        "cctv_in": "N",
        "cctv_out": "N",
        "masuk_kab": "N",
        "keluar_kab": "N",
        "keterangan": "checkpoint",
        "fungsi_jalan_cctv_id": 1,
        "masuk_prov": "N",
        "keluar_prov": "N",
        "is_active": 1,
        "cctv_category_id": 5,
        "hls_cctv": null,
        "channel_id_event": null,
        "kecamatan": "Medan Amplas",
        "kota": null,
        "nama_objek_vital": null,
        "channel_id_enforcement": null,
        "cctv_id": "d3c9b139-16c0-47ac-9466-86caa9eb9f0f",
        "rtsp_cctv_dcc": null,
        "arah_cctv": "Timur",
        "radius": "-",
        "channel_code": null,
        "polda": "Polda Sumatera Utara",
        "polres": "POLRESTABES MEDAN",
        "fungsi_jalan": "ARTERI",
        "category": "DALAM KOTA",
        "in_out": null,
        "ket_in_out": null,
        "_region": "medan",
        "Satwil": "Polrestabes Medan"
      }
    },
    {
      "type": "Feature",
      "geometry": {
        "type": "Point",
        "coordinates": [
          98.776471,
          3.524199
        ]
      },
      "properties": {
        "rowid": 111,
        "nama_cctv": "CTV019 KORLAN SIMP TOL TANJUNG MORAWA",
        "polda_id": "02",
        "polres_id": "24",
        "status": "mati",
        "ctdby": "2027ORGANIK",
        "ctddate": "2023-10-26T17:00:00.000Z",
        "ctdtime": "20:00:00",
        "rtsp_cctv": "rtsp://satansheir:letyur13@172.16.90.58:554/cam/realmonitor?channel=19&subtype=1",
        "ctdupd": "2026-02-19T17:00:00.000Z",
        "instansi": "korlantas",
        "jenis_cctv": "ANALYTIC",
        "nama_jalan_s": "Simpang Tanjung Morawa",
        "channel_id": "1000007$1$0$18",
        "cctv_in": "N",
        "cctv_out": "N",
        "masuk_kab": "N",
        "keluar_kab": "N",
        "keterangan": "checkpoint",
        "fungsi_jalan_cctv_id": 1,
        "masuk_prov": "N",
        "keluar_prov": "N",
        "is_active": 1,
        "cctv_category_id": 5,
        "hls_cctv": null,
        "channel_id_event": null,
        "kecamatan": "Tanjung Morawa",
        "kota": null,
        "nama_objek_vital": null,
        "channel_id_enforcement": null,
        "cctv_id": "7a7dd2b0-744b-4cea-9e95-78b61101ea36",
        "rtsp_cctv_dcc": null,
        "arah_cctv": "Timur",
        "radius": "45 Meter",
        "channel_code": null,
        "polda": "Polda Sumatera Utara",
        "polres": "POLRESTABES MEDAN",
        "fungsi_jalan": "ARTERI",
        "category": "DALAM KOTA",
        "in_out": null,
        "ket_in_out": null,
        "_region": "medan",
        "Satwil": "Polrestabes Medan"
      }
    },
    {
      "type": "Feature",
      "geometry": {
        "type": "Point",
        "coordinates": [
          98.600143,
          3.490789
        ]
      },
      "properties": {
        "rowid": 110,
        "nama_cctv": "CTV018 KORLAN SIMP JAMIN GINTING",
        "polda_id": "02",
        "polres_id": "24",
        "status": "mati",
        "ctdby": "2027ORGANIK",
        "ctddate": "2023-10-26T17:00:00.000Z",
        "ctdtime": "20:00:00",
        "rtsp_cctv": "rtsp://satansheir:letyur13@172.16.90.58:554/cam/realmonitor?channel=18&subtype=1",
        "ctdupd": "2026-02-19T17:00:00.000Z",
        "instansi": "korlantas",
        "jenis_cctv": "ANALYTIC",
        "nama_jalan_s": "Simpang Jamin Ginting",
        "channel_id": "1000007$1$0$17",
        "cctv_in": "N",
        "cctv_out": "N",
        "masuk_kab": "N",
        "keluar_kab": "N",
        "keterangan": "checkpoint",
        "fungsi_jalan_cctv_id": 1,
        "masuk_prov": "N",
        "keluar_prov": "N",
        "is_active": 1,
        "cctv_category_id": 5,
        "hls_cctv": null,
        "channel_id_event": null,
        "kecamatan": "Pancur Batu",
        "kota": null,
        "nama_objek_vital": null,
        "channel_id_enforcement": null,
        "cctv_id": "3064e368-042d-45dc-aeff-0ceeb94036d5",
        "rtsp_cctv_dcc": null,
        "arah_cctv": "Selatan",
        "radius": "-",
        "channel_code": null,
        "polda": "Polda Sumatera Utara",
        "polres": "POLRESTABES MEDAN",
        "fungsi_jalan": "ARTERI",
        "category": "DALAM KOTA",
        "in_out": null,
        "ket_in_out": null,
        "_region": "medan",
        "Satwil": "Polrestabes Medan"
      }
    },
    {
      "type": "Feature",
      "geometry": {
        "type": "Point",
        "coordinates": [
          98.619167,
          3.520278
        ]
      },
      "properties": {
        "rowid": 109,
        "nama_cctv": "CTV017 KORLAN SIMP SELAYANG JAMIN",
        "polda_id": "02",
        "polres_id": "24",
        "status": "mati",
        "ctdby": "2027ORGANIK",
        "ctddate": "2023-10-26T17:00:00.000Z",
        "ctdtime": "20:00:00",
        "rtsp_cctv": "rtsp://satansheir:letyur13@172.16.90.58:554/cam/realmonitor?channel=17&subtype=1",
        "ctdupd": null,
        "instansi": "korlantas",
        "jenis_cctv": "ANALYTIC",
        "nama_jalan_s": "Simpang Selayang Jamin",
        "channel_id": "1000007$1$0$16",
        "cctv_in": "N",
        "cctv_out": "N",
        "masuk_kab": "N",
        "keluar_kab": "N",
        "keterangan": "checkpoint",
        "fungsi_jalan_cctv_id": 1,
        "masuk_prov": "N",
        "keluar_prov": "N",
        "is_active": 1,
        "cctv_category_id": 5,
        "hls_cctv": null,
        "channel_id_event": "1000014$1$0$49",
        "kecamatan": "Medan Tuntungan",
        "kota": null,
        "nama_objek_vital": null,
        "channel_id_enforcement": null,
        "cctv_id": "6c7dd189-bc13-4f11-b4e8-48a47e92ac29",
        "rtsp_cctv_dcc": null,
        "arah_cctv": "Selatan",
        "radius": "-",
        "channel_code": null,
        "polda": "Polda Sumatera Utara",
        "polres": "POLRESTABES MEDAN",
        "fungsi_jalan": "ARTERI",
        "category": "DALAM KOTA",
        "in_out": null,
        "ket_in_out": null,
        "_region": "medan",
        "Satwil": "Polrestabes Medan"
      }
    },
    {
      "type": "Feature",
      "geometry": {
        "type": "Point",
        "coordinates": [
          98.628093,
          3.605232
        ]
      },
      "properties": {
        "rowid": 108,
        "nama_cctv": "CTV016 KORLAN SIMP SUMARSONO GAPERTA",
        "polda_id": "02",
        "polres_id": "24",
        "status": "mati",
        "ctdby": "2027ORGANIK",
        "ctddate": "2023-10-26T17:00:00.000Z",
        "ctdtime": "20:00:00",
        "rtsp_cctv": "rtsp://satansheir:letyur13@172.16.90.58:554/cam/realmonitor?channel=16&subtype=0",
        "ctdupd": null,
        "instansi": "korlantas",
        "jenis_cctv": "ANALYTIC",
        "nama_jalan_s": "Simpang Sumarsono Gaperta",
        "channel_id": "1000007$1$0$15",
        "cctv_in": "N",
        "cctv_out": "N",
        "masuk_kab": "N",
        "keluar_kab": "N",
        "keterangan": "checkpoint",
        "fungsi_jalan_cctv_id": 1,
        "masuk_prov": "N",
        "keluar_prov": "N",
        "is_active": 1,
        "cctv_category_id": 5,
        "hls_cctv": null,
        "channel_id_event": null,
        "kecamatan": "Medan Helvetia",
        "kota": null,
        "nama_objek_vital": null,
        "channel_id_enforcement": null,
        "cctv_id": "2aeb4494-c671-45a2-867f-8e2f7dd3fdc7",
        "rtsp_cctv_dcc": null,
        "arah_cctv": "Utara",
        "radius": "-",
        "channel_code": null,
        "polda": "Polda Sumatera Utara",
        "polres": "POLRESTABES MEDAN",
        "fungsi_jalan": "ARTERI",
        "category": "DALAM KOTA",
        "in_out": null,
        "ket_in_out": null,
        "_region": "medan",
        "Satwil": "Polrestabes Medan"
      }
    },
    {
      "type": "Feature",
      "geometry": {
        "type": "Point",
        "coordinates": [
          98.669992,
          3.622516
        ]
      },
      "properties": {
        "rowid": 106,
        "nama_cctv": "CTV013 DSHB VID YOS SUDARSO BUDI PEMBANGUNAN",
        "polda_id": "02",
        "polres_id": "24",
        "status": "hidup",
        "ctdby": "2027ORGANIK",
        "ctddate": "2023-10-26T17:00:00.000Z",
        "ctdtime": "20:00:00",
        "rtsp_cctv": "rtsp://satansheir:letyur13@172.16.90.58:554/cam/realmonitor?channel=13&subtype=0",
        "ctdupd": null,
        "instansi": "dishub",
        "jenis_cctv": "ANALYTIC",
        "nama_jalan_s": "Yos Sudarso",
        "channel_id": "1000007$1$0$12",
        "cctv_in": "N",
        "cctv_out": "N",
        "masuk_kab": "N",
        "keluar_kab": "N",
        "keterangan": "checkpoint",
        "fungsi_jalan_cctv_id": 1,
        "masuk_prov": "N",
        "keluar_prov": "N",
        "is_active": 1,
        "cctv_category_id": 5,
        "hls_cctv": null,
        "channel_id_event": null,
        "kecamatan": "Medan Barat",
        "kota": null,
        "nama_objek_vital": null,
        "channel_id_enforcement": null,
        "cctv_id": "da46682e-6891-4e4f-ae64-69f2ffead372",
        "rtsp_cctv_dcc": null,
        "arah_cctv": "Utara",
        "radius": "15 Meter",
        "channel_code": null,
        "polda": "Polda Sumatera Utara",
        "polres": "POLRESTABES MEDAN",
        "fungsi_jalan": "ARTERI",
        "category": "DALAM KOTA",
        "in_out": null,
        "ket_in_out": null,
        "_region": "medan",
        "Satwil": "Polrestabes Medan"
      }
    },
    {
      "type": "Feature",
      "geometry": {
        "type": "Point",
        "coordinates": [
          98.62738,
          3.591485
        ]
      },
      "properties": {
        "rowid": 105,
        "nama_cctv": "CTV011 DSHB VID SIMP GATSU ASRAMA 2",
        "polda_id": "02",
        "polres_id": "24",
        "status": "hidup",
        "ctdby": "2027ORGANIK",
        "ctddate": "2023-10-26T17:00:00.000Z",
        "ctdtime": "20:00:00",
        "rtsp_cctv": "rtsp://satansheir:letyur13@172.16.90.58:554/cam/realmonitor?channel=11&subtype=0",
        "ctdupd": null,
        "instansi": "dishub",
        "jenis_cctv": "ANALYTIC",
        "nama_jalan_s": "Gatsu Asrama",
        "channel_id": "1000007$1$0$10",
        "cctv_in": "N",
        "cctv_out": "N",
        "masuk_kab": "N",
        "keluar_kab": "N",
        "keterangan": "checkpoint",
        "fungsi_jalan_cctv_id": 1,
        "masuk_prov": "N",
        "keluar_prov": "N",
        "is_active": 1,
        "cctv_category_id": 5,
        "hls_cctv": null,
        "channel_id_event": null,
        "kecamatan": "Medan Sunggal",
        "kota": null,
        "nama_objek_vital": null,
        "channel_id_enforcement": null,
        "cctv_id": "edd64234-6007-45e3-819b-825c6881114f",
        "rtsp_cctv_dcc": null,
        "arah_cctv": "Timur",
        "radius": "-",
        "channel_code": null,
        "polda": "Polda Sumatera Utara",
        "polres": "POLRESTABES MEDAN",
        "fungsi_jalan": "ARTERI",
        "category": "DALAM KOTA",
        "in_out": null,
        "ket_in_out": null,
        "_region": "medan",
        "Satwil": "Polrestabes Medan"
      }
    },
    {
      "type": "Feature",
      "geometry": {
        "type": "Point",
        "coordinates": [
          98.61883,
          3.519832
        ]
      },
      "properties": {
        "rowid": 104,
        "nama_cctv": "CTV009 DSHB VID SIMP SELAYANG ARAH BERASTAGI",
        "polda_id": "02",
        "polres_id": "24",
        "status": "hidup",
        "ctdby": "2027ORGANIK",
        "ctddate": "2023-10-26T17:00:00.000Z",
        "ctdtime": "20:00:00",
        "rtsp_cctv": "rtsp://satansheir:letyur13@172.16.90.58:554/cam/realmonitor?channel=9&subtype=0",
        "ctdupd": null,
        "instansi": "dishub",
        "jenis_cctv": "ANALYTIC",
        "nama_jalan_s": "Simpang Selayang",
        "channel_id": "1000007$1$0$8",
        "cctv_in": "N",
        "cctv_out": "N",
        "masuk_kab": "N",
        "keluar_kab": "N",
        "keterangan": "checkpoint",
        "fungsi_jalan_cctv_id": 1,
        "masuk_prov": "N",
        "keluar_prov": "N",
        "is_active": 1,
        "cctv_category_id": 5,
        "hls_cctv": null,
        "channel_id_event": "1000014$1$0$59",
        "kecamatan": "Medan Tuntungan",
        "kota": null,
        "nama_objek_vital": null,
        "channel_id_enforcement": null,
        "cctv_id": "ef492895-9bb7-46a0-ae02-8725d704fb0e",
        "rtsp_cctv_dcc": null,
        "arah_cctv": "Selatan",
        "radius": "29 Meter",
        "channel_code": null,
        "polda": "Polda Sumatera Utara",
        "polres": "POLRESTABES MEDAN",
        "fungsi_jalan": "ARTERI",
        "category": "DALAM KOTA",
        "in_out": null,
        "ket_in_out": null,
        "_region": "medan",
        "Satwil": "Polrestabes Medan"
      }
    },
    {
      "type": "Feature",
      "geometry": {
        "type": "Point",
        "coordinates": [
          98.711885,
          3.597705
        ]
      },
      "properties": {
        "rowid": 103,
        "nama_cctv": "CTV014 DSHB VID SIMP MANDALA 3",
        "polda_id": "02",
        "polres_id": "24",
        "status": "hidup",
        "ctdby": "2027ORGANIK",
        "ctddate": "2023-10-26T17:00:00.000Z",
        "ctdtime": "20:00:00",
        "rtsp_cctv": "rtsp://satansheir:letyur13@172.16.90.58:554/cam/realmonitor?channel=14&subtype=0",
        "ctdupd": null,
        "instansi": "dishub",
        "jenis_cctv": "Analytic",
        "nama_jalan_s": "Simpang Mandala 3",
        "channel_id": "1000007$1$0$13",
        "cctv_in": "Y",
        "cctv_out": "N",
        "masuk_kab": "Y",
        "keluar_kab": "N",
        "keterangan": "perbatasan",
        "fungsi_jalan_cctv_id": 7,
        "masuk_prov": "N",
        "keluar_prov": "N",
        "is_active": 1,
        "cctv_category_id": 2,
        "hls_cctv": null,
        "channel_id_event": null,
        "kecamatan": "Medan Tembung",
        "kota": null,
        "nama_objek_vital": null,
        "channel_id_enforcement": null,
        "cctv_id": "0bdc1306-92d2-4e29-8644-33573b5429d4",
        "rtsp_cctv_dcc": null,
        "arah_cctv": "Timur",
        "radius": "12 Meter",
        "channel_code": null,
        "polda": "Polda Sumatera Utara",
        "polres": "POLRESTABES MEDAN",
        "fungsi_jalan": null,
        "category": "BATAS KOTA",
        "in_out": "CCTV IN",
        "ket_in_out": "KOTA",
        "_region": "medan",
        "Satwil": "Polrestabes Medan"
      }
    },
    {
      "type": "Feature",
      "geometry": {
        "type": "Point",
        "coordinates": [
          98.681187,
          3.629941
        ]
      },
      "properties": {
        "rowid": 102,
        "nama_cctv": "CTV012 DSHB VID SIMP JL KRAKATAU - JL CEMARA",
        "polda_id": "02",
        "polres_id": "24",
        "status": "mati",
        "ctdby": "2027ORGANIK",
        "ctddate": "2023-10-26T17:00:00.000Z",
        "ctdtime": "20:00:00",
        "rtsp_cctv": "rtsp://satansheir:letyur13@172.16.90.58:554/cam/realmonitor?channel=12&subtype=0",
        "ctdupd": null,
        "instansi": "dishub",
        "jenis_cctv": "ANALYTIC",
        "nama_jalan_s": "Simpang Krakatau 1",
        "channel_id": "1000007$1$0$11",
        "cctv_in": "N",
        "cctv_out": "N",
        "masuk_kab": "N",
        "keluar_kab": "N",
        "keterangan": "checkpoint",
        "fungsi_jalan_cctv_id": 1,
        "masuk_prov": "N",
        "keluar_prov": "N",
        "is_active": 1,
        "cctv_category_id": 5,
        "hls_cctv": null,
        "channel_id_event": "1000014$1$0$15",
        "kecamatan": "Medan Timur",
        "kota": null,
        "nama_objek_vital": null,
        "channel_id_enforcement": null,
        "cctv_id": "d59f2402-9c39-4a21-ae0f-320c1de2fd92",
        "rtsp_cctv_dcc": null,
        "arah_cctv": "Utara",
        "radius": "-",
        "channel_code": null,
        "polda": "Polda Sumatera Utara",
        "polres": "POLRESTABES MEDAN",
        "fungsi_jalan": "ARTERI",
        "category": "DALAM KOTA",
        "in_out": null,
        "ket_in_out": null,
        "_region": "medan",
        "Satwil": "Polrestabes Medan"
      }
    },
    {
      "type": "Feature",
      "geometry": {
        "type": "Point",
        "coordinates": [
          98.609252,
          3.59774
        ]
      },
      "properties": {
        "rowid": 101,
        "nama_cctv": "CTV010 DSHB VID SIMP BARIS 1",
        "polda_id": "02",
        "polres_id": "24",
        "status": "hidup",
        "ctdby": "2027ORGANIK",
        "ctddate": "2023-10-26T17:00:00.000Z",
        "ctdtime": "20:00:00",
        "rtsp_cctv": "rtsp://satansheir:letyur13@172.16.90.58:554/cam/realmonitor?channel=10&subtype=0",
        "ctdupd": null,
        "instansi": "dishub",
        "jenis_cctv": "ANALYTIC",
        "nama_jalan_s": "Simpang Baris 1",
        "channel_id": "1000007$1$0$9",
        "cctv_in": "N",
        "cctv_out": "N",
        "masuk_kab": "N",
        "keluar_kab": "N",
        "keterangan": "checkpoint",
        "fungsi_jalan_cctv_id": 1,
        "masuk_prov": "N",
        "keluar_prov": "N",
        "is_active": 1,
        "cctv_category_id": 5,
        "hls_cctv": null,
        "channel_id_event": "1000014$1$0$12",
        "kecamatan": "Medan Helvetia",
        "kota": null,
        "nama_objek_vital": null,
        "channel_id_enforcement": null,
        "cctv_id": "c9ce59ea-34dd-4845-9edc-43bb12d39391",
        "rtsp_cctv_dcc": null,
        "arah_cctv": "Timur",
        "radius": "20 Meter",
        "channel_code": null,
        "polda": "Polda Sumatera Utara",
        "polres": "POLRESTABES MEDAN",
        "fungsi_jalan": "ARTERI",
        "category": "DALAM KOTA",
        "in_out": null,
        "ket_in_out": null,
        "_region": "medan",
        "Satwil": "Polrestabes Medan"
      }
    },
    {
      "type": "Feature",
      "geometry": {
        "type": "Point",
        "coordinates": [
          98.615231,
          3.513917
        ]
      },
      "properties": {
        "rowid": 100,
        "nama_cctv": "CTV008 DSHB VID SIMP ADAM MALIK 2",
        "polda_id": "02",
        "polres_id": "24",
        "status": "hidup",
        "ctdby": "2027ORGANIK",
        "ctddate": "2023-10-26T17:00:00.000Z",
        "ctdtime": "20:00:00",
        "rtsp_cctv": "rtsp://satansheir:letyur13@172.16.90.58:554/cam/realmonitor?channel=8&subtype=0",
        "ctdupd": null,
        "instansi": "dishub",
        "jenis_cctv": "ANALYTIC",
        "nama_jalan_s": "Simpang Adam Malik",
        "channel_id": "1000007$1$0$7",
        "cctv_in": "N",
        "cctv_out": "N",
        "masuk_kab": "N",
        "keluar_kab": "N",
        "keterangan": "checkpoint",
        "fungsi_jalan_cctv_id": 1,
        "masuk_prov": "N",
        "keluar_prov": "N",
        "is_active": 1,
        "cctv_category_id": 5,
        "hls_cctv": null,
        "channel_id_event": "1000014$1$0$31",
        "kecamatan": "Medan Tuntungan",
        "kota": null,
        "nama_objek_vital": null,
        "channel_id_enforcement": null,
        "cctv_id": "105ef679-64d2-4799-b981-9b7d1e90464d",
        "rtsp_cctv_dcc": null,
        "arah_cctv": "Selatan",
        "radius": "25 Meter",
        "channel_code": null,
        "polda": "Polda Sumatera Utara",
        "polres": "POLRESTABES MEDAN",
        "fungsi_jalan": "ARTERI",
        "category": "DALAM KOTA",
        "in_out": null,
        "ket_in_out": null,
        "_region": "medan",
        "Satwil": "Polrestabes Medan"
      }
    },
    {
      "type": "Feature",
      "geometry": {
        "type": "Point",
        "coordinates": [
          98.676521,
          3.577265
        ]
      },
      "properties": {
        "rowid": 99,
        "nama_cctv": "CTV007 SMCT ANALYTIC TUGU MANDIRI",
        "polda_id": "02",
        "polres_id": "24",
        "status": "hidup",
        "ctdby": "2027ORGANIK",
        "ctddate": "2023-10-26T17:00:00.000Z",
        "ctdtime": "20:00:00",
        "rtsp_cctv": "rtsp://satansheir:letyur13@172.16.90.58:554/cam/realmonitor?channel=7&subtype=0",
        "ctdupd": null,
        "instansi": "korlantas",
        "jenis_cctv": "Analytic Checkpoint",
        "nama_jalan_s": "Tugu Mandiri",
        "channel_id": "1000007$1$0$6",
        "cctv_in": "N",
        "cctv_out": "N",
        "masuk_kab": "N",
        "keluar_kab": "N",
        "keterangan": "checkpoint",
        "fungsi_jalan_cctv_id": 7,
        "masuk_prov": "N",
        "keluar_prov": "N",
        "is_active": 1,
        "cctv_category_id": 5,
        "hls_cctv": null,
        "channel_id_event": "1000014$1$0$25",
        "kecamatan": "Medan Maimun",
        "kota": null,
        "nama_objek_vital": null,
        "channel_id_enforcement": "1000024$1$0$0",
        "cctv_id": "4dc922f8-fa04-4021-a11c-38b5e912559e",
        "rtsp_cctv_dcc": null,
        "arah_cctv": "Timur",
        "radius": "20 Meter",
        "channel_code": null,
        "polda": "Polda Sumatera Utara",
        "polres": "POLRESTABES MEDAN",
        "fungsi_jalan": null,
        "category": "DALAM KOTA",
        "in_out": null,
        "ket_in_out": null,
        "_region": "medan",
        "Satwil": "Polrestabes Medan"
      }
    },
    {
      "type": "Feature",
      "geometry": {
        "type": "Point",
        "coordinates": [
          98.663597,
          3.541427
        ]
      },
      "properties": {
        "rowid": 98,
        "nama_cctv": "CTV006 SMCT ANALYTIC KARYA WISATA",
        "polda_id": "02",
        "polres_id": "24",
        "status": "hidup",
        "ctdby": "2027ORGANIK",
        "ctddate": "2023-10-26T17:00:00.000Z",
        "ctdtime": "20:00:00",
        "rtsp_cctv": "rtsp://satansheir:letyur13@172.16.90.58:554/cam/realmonitor?channel=6&subtype=0",
        "ctdupd": null,
        "instansi": "korlantas",
        "jenis_cctv": "Analytic Checkpoint",
        "nama_jalan_s": "Karya Wisata",
        "channel_id": "1000007$1$0$4",
        "cctv_in": "N",
        "cctv_out": "N",
        "masuk_kab": "N",
        "keluar_kab": "N",
        "keterangan": "checkpoint",
        "fungsi_jalan_cctv_id": 7,
        "masuk_prov": "N",
        "keluar_prov": "N",
        "is_active": 1,
        "cctv_category_id": 5,
        "hls_cctv": null,
        "channel_id_event": "1000014$1$0$39",
        "kecamatan": "Medan Johor",
        "kota": null,
        "nama_objek_vital": null,
        "channel_id_enforcement": "1000026$1$0$0",
        "cctv_id": "c9b51f32-c455-4962-a7aa-da42e7a77a46",
        "rtsp_cctv_dcc": null,
        "arah_cctv": "Timur",
        "radius": "20 Meter",
        "channel_code": null,
        "polda": "Polda Sumatera Utara",
        "polres": "POLRESTABES MEDAN",
        "fungsi_jalan": null,
        "category": "DALAM KOTA",
        "in_out": null,
        "ket_in_out": null,
        "_region": "medan",
        "Satwil": "Polrestabes Medan"
      }
    },
    {
      "type": "Feature",
      "geometry": {
        "type": "Point",
        "coordinates": [
          98.615231,
          3.538597
        ]
      },
      "properties": {
        "rowid": 97,
        "nama_cctv": "CTV005 SMCT ANALYTIC INDO GROSIR",
        "polda_id": "02",
        "polres_id": "24",
        "status": "hidup",
        "ctdby": "2027ORGANIK",
        "ctddate": "2023-10-26T17:00:00.000Z",
        "ctdtime": "20:00:00",
        "rtsp_cctv": "rtsp://satansheir:letyur13@172.16.90.58:554/cam/realmonitor?channel=5&subtype=0",
        "ctdupd": null,
        "instansi": "korlantas",
        "jenis_cctv": "Analytic Checkpoint",
        "nama_jalan_s": "Indo Grosir",
        "channel_id": "1000007$1$0$4",
        "cctv_in": "N",
        "cctv_out": "N",
        "masuk_kab": "N",
        "keluar_kab": "N",
        "keterangan": "checkpoint",
        "fungsi_jalan_cctv_id": 7,
        "masuk_prov": "N",
        "keluar_prov": "N",
        "is_active": 1,
        "cctv_category_id": 5,
        "hls_cctv": null,
        "channel_id_event": "1000014$1$0$33",
        "kecamatan": "Medan Amplas",
        "kota": null,
        "nama_objek_vital": null,
        "channel_id_enforcement": "1000025$1$0$0",
        "cctv_id": "74da9b51-c335-40be-9d7f-657795a5e462",
        "rtsp_cctv_dcc": null,
        "arah_cctv": "Timur",
        "radius": "20 Meter",
        "channel_code": null,
        "polda": "Polda Sumatera Utara",
        "polres": "POLRESTABES MEDAN",
        "fungsi_jalan": null,
        "category": "DALAM KOTA",
        "in_out": null,
        "ket_in_out": null,
        "_region": "medan",
        "Satwil": "Polrestabes Medan"
      }
    }
  ]
}