{
"type": "FeatureCollection",
"name": "blackspot",
"crs": { "type": "name", "properties": { "name": "urn:ogc:def:crs:OGC:1.3:CRS84" } },
"features": [
{ "type": "Feature", "properties": { "Nm_Ruas": "Jl. Semebaung - Bedahulu", "Status": "Jalan Provinsi", "Propinsi": "Bali", "Kab_Kot": "Gianyar", "SkorBS": 51, "Ket": "Black Spot", "Coverage": "Black Link Blindspot", "tanggal": "2025-11-06T12:00:00+07:00", "Wilayah": "Bali", "Satwil": "Polda Bali" }, "geometry": { "type": "Point", "coordinates": [ 115.297074393219901, -8.529074119210307 ] } },
{ "type": "Feature", "properties": { "Nm_Ruas": "Jl. Bts. Buleleng - Kubutambahan", "Status": "Jalan Provinsi", "Propinsi": "Bali", "Kab_Kot": "Buleleng", "SkorBS": 32, "Ket": "Black Spot", "Coverage": "Black Link Blindspot", "tanggal": "2025-11-06T12:00:00+07:00", "Wilayah": "Bali", "Satwil": "Polda Bali" }, "geometry": { "type": "Point", "coordinates": [ 115.179090237305431, -8.106891834849383 ] } },
{ "type": "Feature", "properties": { "Nm_Ruas": "Jl. Raya Marga Apuan", "Status": "Jalan Kabupaten", "Propinsi": "Bali", "Kab_Kot": "Tabanan", "SkorBS": 33, "Ket": "Black Spot", "Coverage": "Black Link Blindspot", "tanggal": "2025-11-06T12:00:00+07:00", "Wilayah": "Bali", "Satwil": "Polda Bali" }, "geometry": { "type": "Point", "coordinates": [ 115.171998827571528, -8.461398275970142 ] } },
{ "type": "Feature", "properties": { "Nm_Ruas": "Jl. Dakdakan - Munggu", "Status": "Jalan Kabupaten", "Propinsi": "Bali", "Kab_Kot": "Tabanan", "SkorBS": 38, "Ket": "Black Spot", "Coverage": "Black Link Blindspot", "tanggal": "2025-11-06T12:00:00+07:00", "Wilayah": "Bali", "Satwil": "Polda Bali" }, "geometry": { "type": "Point", "coordinates": [ 115.13764129980872, -8.597983188067841 ] } },
{ "type": "Feature", "properties": { "Nm_Ruas": "Jl. Br.seminyak - Bts Kab/kantor Dkp", "Status": "Jalan Kabupaten", "Propinsi": "Bali", "Kab_Kot": "Badung", "SkorBS": 34, "Ket": "Black Spot", "Coverage": "Black Link Tercover CCTV", "tanggal": "2025-11-06T12:00:00+07:00", "Wilayah": "Bali", "Satwil": "Polda Bali" }, "geometry": { "type": "Point", "coordinates": [ 115.170424546618889, -8.688763212213205 ] } },
{ "type": "Feature", "properties": { "Nm_Ruas": "Jl. Gunung Salak", "Status": "Jalan Kota", "Propinsi": "Bali", "Kab_Kot": "Kota Denpasar", "SkorBS": 34, "Ket": "Black Spot", "Coverage": "Black Link Blindspot", "tanggal": "2025-11-06T12:00:00+07:00", "Wilayah": "Bali", "Satwil": "Polda Bali" }, "geometry": { "type": "Point", "coordinates": [ 115.178508729521809, -8.669478930013986 ] } },
{ "type": "Feature", "properties": { "Nm_Ruas": "Jl. Kebo Iwa Utara", "Status": "Jalan Kota", "Propinsi": "Bali", "Kab_Kot": "Kota Denpasar", "SkorBS": 43, "Ket": "Black Spot", "Coverage": "Black Link Blindspot", "tanggal": "2025-11-06T12:00:00+07:00", "Wilayah": "Bali", "Satwil": "Polda Bali" }, "geometry": { "type": "Point", "coordinates": [ 115.183414370383559, -8.631792206035604 ] } },
{ "type": "Feature", "properties": { "Nm_Ruas": "Jl. Bts. Kota Singaraja - Pegayaman", "Status": "Jalan Nasional", "Propinsi": "Bali", "Kab_Kot": "Buleleng", "SkorBS": 32, "Ket": "Black Spot", "Coverage": "Black Link Blindspot", "tanggal": "2025-11-06T12:00:00+07:00", "Wilayah": "Bali", "Satwil": "Polda Bali" }, "geometry": { "type": "Point", "coordinates": [ 115.129547380083594, -8.177086197507005 ] } },
{ "type": "Feature", "properties": { "Nm_Ruas": "Jl. Br. Taman Tanda - Mengwitani", "Status": "Jalan Nasional", "Propinsi": "Bali", "Kab_Kot": "Badung, Tabanan", "SkorBS": 57, "Ket": "Black Spot", "Coverage": "Black Link Blindspot", "tanggal": "2025-11-06T12:00:00+07:00", "Wilayah": "Bali", "Satwil": "Polda Bali" }, "geometry": { "type": "Point", "coordinates": [ 115.19567925911447, -8.395953173465008 ] } },
{ "type": "Feature", "properties": { "Nm_Ruas": "Jl. Br. Taman Tanda - Mengwitani", "Status": "Jalan Nasional", "Propinsi": "Bali", "Kab_Kot": "Badung, Tabanan", "SkorBS": 60, "Ket": "Black Spot", "Coverage": "Black Link Blindspot", "tanggal": "2025-11-06T12:00:00+07:00", "Wilayah": "Bali", "Satwil": "Polda Bali" }, "geometry": { "type": "Point", "coordinates": [ 115.180701306832418, -8.504770843739161 ] } },
{ "type": "Feature", "properties": { "Nm_Ruas": "Jl. Br. Taman Tanda - Mengwitani", "Status": "Jalan Nasional", "Propinsi": "Bali", "Kab_Kot": "Badung, Tabanan", "SkorBS": 32, "Ket": "Black Spot", "Coverage": "Black Link Blindspot", "tanggal": "2025-11-06T12:00:00+07:00", "Wilayah": "Bali", "Satwil": "Polda Bali" }, "geometry": { "type": "Point", "coordinates": [ 115.173109328023727, -8.525421350327013 ] } },
{ "type": "Feature", "properties": { "Nm_Ruas": "Jl. Br. Taman Tanda - Mengwitani", "Status": "Jalan Nasional", "Propinsi": "Bali", "Kab_Kot": "Badung, Tabanan", "SkorBS": 38, "Ket": "Black Spot", "Coverage": "Black Link Blindspot", "tanggal": "2025-11-06T12:00:00+07:00", "Wilayah": "Bali", "Satwil": "Polda Bali" }, "geometry": { "type": "Point", "coordinates": [ 115.171476449320977, -8.557767645958821 ] } },
{ "type": "Feature", "properties": { "Nm_Ruas": "Jl. Klungkung - Besakih", "Status": "Jalan Nasional", "Propinsi": "Bali", "Kab_Kot": "Bangli", "SkorBS": 30, "Ket": "Black Spot", "Coverage": "Black Link Blindspot", "tanggal": "2025-11-06T12:00:00+07:00", "Wilayah": "Bali", "Satwil": "Polda Bali" }, "geometry": { "type": "Point", "coordinates": [ 115.401905591896565, -8.5221630798288 ] } },
{ "type": "Feature", "properties": { "Nm_Ruas": "Jl. Jimbaran - Uluwatu", "Status": "Jalan Nasional", "Propinsi": "Bali", "Kab_Kot": "Badung", "SkorBS": 39, "Ket": "Black Spot", "Coverage": "Black Link Blindspot", "tanggal": "2025-11-06T12:00:00+07:00", "Wilayah": "Bali", "Satwil": "Polda Bali" }, "geometry": { "type": "Point", "coordinates": [ 115.171933956586855, -8.783976860530188 ] } },
{ "type": "Feature", "properties": { "Nm_Ruas": "Jl. Jimbaran - Uluwatu", "Status": "Jalan Nasional", "Propinsi": "Bali", "Kab_Kot": "Badung", "SkorBS": 37, "Ket": "Black Spot", "Coverage": "Black Link Blindspot", "tanggal": "2025-11-06T12:00:00+07:00", "Wilayah": "Bali", "Satwil": "Polda Bali" }, "geometry": { "type": "Point", "coordinates": [ 115.164771625225399, -8.788143198602693 ] } },
{ "type": "Feature", "properties": { "Nm_Ruas": "Jl. Bts. Kota Negara - Pekutatan", "Status": "Jalan Nasional", "Propinsi": "Bali", "Kab_Kot": "Jembrana", "SkorBS": 31, "Ket": "Black Spot", "Coverage": "Black Link Blindspot", "tanggal": "2025-11-06T12:00:00+07:00", "Wilayah": "Bali", "Satwil": "Polda Bali" }, "geometry": { "type": "Point", "coordinates": [ 114.802239918983929, -8.411075574401497 ] } },
{ "type": "Feature", "properties": { "Nm_Ruas": "Jl. Pekutatan - Antosari", "Status": "Jalan Nasional", "Propinsi": "Bali", "Kab_Kot": "Tabanan", "SkorBS": 31, "Ket": "Black Spot", "Coverage": "Black Link Blindspot", "tanggal": "2025-11-06T12:00:00+07:00", "Wilayah": "Bali", "Satwil": "Polda Bali" }, "geometry": { "type": "Point", "coordinates": [ 114.844524789000843, -8.428589829264547 ] } },
{ "type": "Feature", "properties": { "Nm_Ruas": "Jl. Pekutatan - Antosari", "Status": "Jalan Nasional", "Propinsi": "Bali", "Kab_Kot": "Tabanan", "SkorBS": 30, "Ket": "Black Spot", "Coverage": "Black Link Blindspot", "tanggal": "2025-11-06T12:00:00+07:00", "Wilayah": "Bali", "Satwil": "Polda Bali" }, "geometry": { "type": "Point", "coordinates": [ 114.953094720572949, -8.48993302255629 ] } },
{ "type": "Feature", "properties": { "Nm_Ruas": "Jl. Pekutatan - Antosari", "Status": "Jalan Nasional", "Propinsi": "Bali", "Kab_Kot": "Tabanan", "SkorBS": 35, "Ket": "Black Spot", "Coverage": "Black Link Blindspot", "tanggal": "2025-11-06T12:00:00+07:00", "Wilayah": "Bali", "Satwil": "Polda Bali" }, "geometry": { "type": "Point", "coordinates": [ 115.018100373794354, -8.503835093141509 ] } },
{ "type": "Feature", "properties": { "Nm_Ruas": "Jl. Pekutatan - Antosari", "Status": "Jalan Nasional", "Propinsi": "Bali", "Kab_Kot": "Tabanan", "SkorBS": 63, "Ket": "Black Spot", "Coverage": "Black Link Blindspot", "tanggal": "2025-11-06T12:00:00+07:00", "Wilayah": "Bali", "Satwil": "Polda Bali" }, "geometry": { "type": "Point", "coordinates": [ 115.005453128608252, -8.526681598665419 ] } },
{ "type": "Feature", "properties": { "Nm_Ruas": "Jl. Simp. Kediri - Pesiapan (Tabanan)", "Status": "Jalan Nasional", "Propinsi": "Bali", "Kab_Kot": "Tabanan", "SkorBS": 38, "Ket": "Black Spot", "Coverage": "Black Link Blindspot", "tanggal": "2025-11-06T12:00:00+07:00", "Wilayah": "Bali", "Satwil": "Polda Bali" }, "geometry": { "type": "Point", "coordinates": [ 115.135079984102617, -8.552976904409288 ] } },
{ "type": "Feature", "properties": { "Nm_Ruas": "Jl. Bts. Kota Tabanan - Mengwitani", "Status": "Jalan Nasional", "Propinsi": "Bali", "Kab_Kot": "Badung", "SkorBS": 46, "Ket": "Black Spot", "Coverage": "Black Link Blindspot", "tanggal": "2025-11-06T12:00:00+07:00", "Wilayah": "Bali", "Satwil": "Polda Bali" }, "geometry": { "type": "Point", "coordinates": [ 115.163196185726662, -8.562498394857787 ] } },
{ "type": "Feature", "properties": { "Nm_Ruas": "Jl. A. Yani (Tabanan)", "Status": "Jalan Nasional", "Propinsi": "Bali", "Kab_Kot": "Tabanan", "SkorBS": 67, "Ket": "Black Spot", "Coverage": "Black Link Blindspot", "tanggal": "2025-11-06T12:00:00+07:00", "Wilayah": "Bali", "Satwil": "Polda Bali" }, "geometry": { "type": "Point", "coordinates": [ 115.154030568185917, -8.560571734095856 ] } },
{ "type": "Feature", "properties": { "Nm_Ruas": "Jl. Mengwitani - Bts. Kota Denpasar", "Status": "Jalan Nasional", "Propinsi": "Bali", "Kab_Kot": "Badung", "SkorBS": 39, "Ket": "Black Spot", "Coverage": "Black Link Blindspot", "tanggal": "2025-11-06T12:00:00+07:00", "Wilayah": "Bali", "Satwil": "Polda Bali" }, "geometry": { "type": "Point", "coordinates": [ 115.179362840970214, -8.573723587734607 ] } },
{ "type": "Feature", "properties": { "Nm_Ruas": "Jl. Mengwitani - Bts. Kota Denpasar", "Status": "Jalan Nasional", "Propinsi": "Bali", "Kab_Kot": "Badung", "SkorBS": 34, "Ket": "Black Spot", "Coverage": "Black Link Blindspot", "tanggal": "2025-11-06T12:00:00+07:00", "Wilayah": "Bali", "Satwil": "Polda Bali" }, "geometry": { "type": "Point", "coordinates": [ 115.186501763985916, -8.593888107156735 ] } },
{ "type": "Feature", "properties": { "Nm_Ruas": "Jl. Mengwitani - Bts. Kota Denpasar", "Status": "Jalan Nasional", "Propinsi": "Bali", "Kab_Kot": "Badung", "SkorBS": 73, "Ket": "Black Spot", "Coverage": "Black Link Blindspot", "tanggal": "2025-11-06T12:00:00+07:00", "Wilayah": "Bali", "Satwil": "Polda Bali" }, "geometry": { "type": "Point", "coordinates": [ 115.18603468567423, -8.602296655753078 ] } },
{ "type": "Feature", "properties": { "Nm_Ruas": "Jl. Simp. Kuta - Tugu Ngurah Rai", "Status": "Jalan Nasional", "Propinsi": "Bali", "Kab_Kot": "Badung", "SkorBS": 39, "Ket": "Black Spot", "Coverage": "Black Link Blindspot", "tanggal": "2025-11-06T12:00:00+07:00", "Wilayah": "Bali", "Satwil": "Polda Bali" }, "geometry": { "type": "Point", "coordinates": [ 115.181546004311372, -8.723591209536924 ] } },
{ "type": "Feature", "properties": { "Nm_Ruas": "Jl. Tugu Ngurah Rai - Nusa Dua", "Status": "Jalan Nasional", "Propinsi": "Bali", "Kab_Kot": "Badung", "SkorBS": 85, "Ket": "Black Spot", "Coverage": "Black Link Tercover CCTV", "tanggal": "2025-11-06T12:00:00+07:00", "Wilayah": "Bali", "Satwil": "Polda Bali" }, "geometry": { "type": "Point", "coordinates": [ 115.186281429894038, -8.783511912542089 ] } },
{ "type": "Feature", "properties": { "Nm_Ruas": "Jl. Tugu Ngurah Rai - Nusa Dua", "Status": "Jalan Nasional", "Propinsi": "Bali", "Kab_Kot": "Badung", "SkorBS": 34, "Ket": "Black Spot", "Coverage": "Black Link Blindspot", "tanggal": "2025-11-06T12:00:00+07:00", "Wilayah": "Bali", "Satwil": "Polda Bali" }, "geometry": { "type": "Point", "coordinates": [ 115.207183606299949, -8.787595832574569 ] } },
{ "type": "Feature", "properties": { "Nm_Ruas": "Jl. Simpang Kuta - Simp. Pesanggaran", "Status": "Jalan Nasional", "Propinsi": "Bali", "Kab_Kot": "Kota Denpasar", "SkorBS": 32, "Ket": "Black Spot", "Coverage": "Black Link Blindspot", "tanggal": "2025-11-06T12:00:00+07:00", "Wilayah": "Bali", "Satwil": "Polda Bali" }, "geometry": { "type": "Point", "coordinates": [ 115.196869630296618, -8.720129972675698 ] } },
{ "type": "Feature", "properties": { "Nm_Ruas": "Jl. Simpang Pesanggaran - Simpang Sanur", "Status": "Jalan Nasional", "Propinsi": "Bali", "Kab_Kot": "Kota Denpasar", "SkorBS": 30, "Ket": "Black Spot", "Coverage": "Black Link Blindspot", "tanggal": "2025-11-06T12:00:00+07:00", "Wilayah": "Bali", "Satwil": "Polda Bali" }, "geometry": { "type": "Point", "coordinates": [ 115.242551607221031, -8.707746570731892 ] } },
{ "type": "Feature", "properties": { "Nm_Ruas": "Jl. Sp. Pantai Siut - Kosamba", "Status": "Jalan Nasional", "Propinsi": "Bali", "Kab_Kot": "Klungkung", "SkorBS": 33, "Ket": "Black Spot", "Coverage": "Black Link Blindspot", "tanggal": "2025-11-06T12:00:00+07:00", "Wilayah": "Bali", "Satwil": "Polda Bali" }, "geometry": { "type": "Point", "coordinates": [ 115.457011243741007, -8.555188635361585 ] } },
{ "type": "Feature", "properties": { "Nm_Ruas": "Jl. Sp. Tohpati - Sp. Pantai Siut", "Status": "Jalan Nasional", "Propinsi": "Bali", "Kab_Kot": "Gianyar", "SkorBS": 32, "Ket": "Black Spot", "Coverage": "Black Link Blindspot", "tanggal": "2025-11-06T12:00:00+07:00", "Wilayah": "Bali", "Satwil": "Polda Bali" }, "geometry": { "type": "Point", "coordinates": [ 115.352985450447051, -8.581310235771921 ] } },
{ "type": "Feature", "properties": { "Nm_Ruas": "Jl. Sp. Tohpati - Sp. Pantai Siut", "Status": "Jalan Nasional", "Propinsi": "Bali", "Kab_Kot": "Gianyar", "SkorBS": 34, "Ket": "Black Spot", "Coverage": "Black Link Blindspot", "tanggal": "2025-11-06T12:00:00+07:00", "Wilayah": "Bali", "Satwil": "Polda Bali" }, "geometry": { "type": "Point", "coordinates": [ 115.331217305644842, -8.597047142428945 ] } },
{ "type": "Feature", "properties": { "Nm_Ruas": "Jl. Sp. Tohpati - Sp. Pantai Siut", "Status": "Jalan Nasional", "Propinsi": "Bali", "Kab_Kot": "Gianyar", "SkorBS": 35, "Ket": "Black Spot", "Coverage": "Black Link Blindspot", "tanggal": "2025-11-06T12:00:00+07:00", "Wilayah": "Bali", "Satwil": "Polda Bali" }, "geometry": { "type": "Point", "coordinates": [ 115.285846250453275, -8.636337859303154 ] } },
{ "type": "Feature", "properties": { "Nm_Ruas": "Jl. Sp. Tohpati - Sakah", "Status": "Jalan Nasional", "Propinsi": "Bali", "Kab_Kot": "Gianyar", "SkorBS": 32, "Ket": "Black Spot", "Coverage": "Black Link Blindspot", "tanggal": "2025-11-06T12:00:00+07:00", "Wilayah": "Bali", "Satwil": "Polda Bali" }, "geometry": { "type": "Point", "coordinates": [ 115.255980471824842, -8.621924015885577 ] } },
{ "type": "Feature", "properties": { "Nm_Ruas": "Jl. Sakah - Blahbatu", "Status": "Jalan Nasional", "Propinsi": "Bali", "Kab_Kot": "Gianyar", "SkorBS": 31, "Ket": "Black Spot", "Coverage": "Black Link Blindspot", "tanggal": "2025-11-06T12:00:00+07:00", "Wilayah": "Bali", "Satwil": "Polda Bali" }, "geometry": { "type": "Point", "coordinates": [ 115.28928112553352, -8.5656358095126 ] } },
{ "type": "Feature", "properties": { "Nm_Ruas": "Jl. Cekik - Seririt", "Status": "Jalan Nasional", "Propinsi": "Bali", "Kab_Kot": "Buleleng", "SkorBS": 35, "Ket": "Black Spot", "Coverage": "Black Link Blindspot", "tanggal": "2025-11-06T12:00:00+07:00", "Wilayah": "Bali", "Satwil": "Polda Bali" }, "geometry": { "type": "Point", "coordinates": [ 114.788619630377667, -8.184880590967015 ] } },
{ "type": "Feature", "properties": { "Nm_Ruas": "Jl. Sp. Buagan - Sp. Br. Abian Base", "Status": "Jalan Nasional", "Propinsi": "Bali", "Kab_Kot": "Kota Denpasar", "SkorBS": 40, "Ket": "Black Spot", "Coverage": "Black Link Blindspot", "tanggal": "2025-11-06T12:00:00+07:00", "Wilayah": "Bali", "Satwil": "Polda Bali" }, "geometry": { "type": "Point", "coordinates": [ 115.182952330490352, -8.705784400733879 ] } },
{ "type": "Feature", "properties": { "Nm_Ruas": "Jl. Simp. Kediri - Pesiapan (Tabanan)", "Status": "Jalan Nasional", "Propinsi": "Bali", "Kab_Kot": "Tabanan", "SkorBS": 31, "Ket": "Black Spot", "Coverage": "Black Link Blindspot", "tanggal": "2025-11-06T12:00:00+07:00", "Wilayah": "Bali", "Satwil": "Polda Bali" }, "geometry": { "type": "Point", "coordinates": [ 115.115282965416952, -8.545545152375526 ] } },
{ "type": "Feature", "properties": { "Nm_Ruas": "Jl. Br. Taman Tanda - Mengwitani", "Status": "Jalan Nasional", "Propinsi": "Bali", "Kab_Kot": "Badung, Tabanan", "SkorBS": 41, "Ket": "Black Spot", "Coverage": "Black Link Blindspot", "tanggal": "2025-11-06T12:00:00+07:00", "Wilayah": "Bali", "Satwil": "Polda Bali" }, "geometry": { "type": "Point", "coordinates": [ 115.172358148349943, -8.527684024034274 ] } },
{ "type": "Feature", "properties": { "Nm_Ruas": "Jl. Sp. Tohpati - Sp. Pantai Siut", "Status": "Jalan Nasional", "Propinsi": "Bali", "Kab_Kot": "Gianyar", "SkorBS": 47, "Ket": "Black Spot", "Coverage": "Black Link Blindspot", "tanggal": "2025-11-06T12:00:00+07:00", "Wilayah": "Bali", "Satwil": "Polda Bali" }, "geometry": { "type": "Point", "coordinates": [ 115.298795162072821, -8.622454449805712 ] } },
{ "type": "Feature", "properties": { "Nm_Ruas": "Jl. Sekar Sari", "Status": "Jalan Kota", "Propinsi": "Bali", "Kab_Kot": "Kota Denpasar", "SkorBS": 33, "Ket": "Black Spot", "Coverage": "Black Link Blindspot", "tanggal": "2025-11-06T12:00:00+07:00", "Wilayah": "Bali", "Satwil": "Polda Bali" }, "geometry": { "type": "Point", "coordinates": [ 115.26297028976812, -8.649631331718302 ] } },
{ "type": "Feature", "properties": { "Nm_Ruas": "Jl. Semebaung - Bedahulu", "Status": "Jalan Provinsi", "Propinsi": "Bali", "Kab_Kot": "Gianyar", "SkorBS": 51, "Ket": "Black Spot", "Coverage": "Black Link Blindspot", "tanggal": "2025-11-07T12:00:00+07:00", "Wilayah": "Bali", "Satwil": "Polda Bali" }, "geometry": { "type": "Point", "coordinates": [ 115.297074393219901, -8.529074119210307 ] } },
{ "type": "Feature", "properties": { "Nm_Ruas": "Jl. Bts. Buleleng - Kubutambahan", "Status": "Jalan Provinsi", "Propinsi": "Bali", "Kab_Kot": "Buleleng", "SkorBS": 32, "Ket": "Black Spot", "Coverage": "Black Link Blindspot", "tanggal": "2025-11-07T12:00:00+07:00", "Wilayah": "Bali", "Satwil": "Polda Bali" }, "geometry": { "type": "Point", "coordinates": [ 115.179090237305431, -8.106891834849383 ] } },
{ "type": "Feature", "properties": { "Nm_Ruas": "Jl. Antosari - Pupuan", "Status": "Jalan Provinsi", "Propinsi": "Bali", "Kab_Kot": "Tabanan", "SkorBS": 33, "Ket": "Black Spot", "Coverage": "Black Link Blindspot", "tanggal": "2025-11-07T12:00:00+07:00", "Wilayah": "Bali", "Satwil": "Polda Bali" }, "geometry": { "type": "Point", "coordinates": [ 115.023827024123221, -8.462622751846846 ] } },
{ "type": "Feature", "properties": { "Nm_Ruas": "Jl. Raya Marga Apuan", "Status": "Jalan Kabupaten", "Propinsi": "Bali", "Kab_Kot": "Tabanan", "SkorBS": 33, "Ket": "Black Spot", "Coverage": "Black Link Blindspot", "tanggal": "2025-11-07T12:00:00+07:00", "Wilayah": "Bali", "Satwil": "Polda Bali" }, "geometry": { "type": "Point", "coordinates": [ 115.171998827571528, -8.461398275970142 ] } },
{ "type": "Feature", "properties": { "Nm_Ruas": "Jl. Dakdakan - Munggu", "Status": "Jalan Kabupaten", "Propinsi": "Bali", "Kab_Kot": "Tabanan", "SkorBS": 38, "Ket": "Black Spot", "Coverage": "Black Link Blindspot", "tanggal": "2025-11-07T12:00:00+07:00", "Wilayah": "Bali", "Satwil": "Polda Bali" }, "geometry": { "type": "Point", "coordinates": [ 115.13764129980872, -8.597983188067841 ] } },
{ "type": "Feature", "properties": { "Nm_Ruas": "Jl. Br.seminyak - Bts Kab/kantor Dkp", "Status": "Jalan Kabupaten", "Propinsi": "Bali", "Kab_Kot": "Badung", "SkorBS": 34, "Ket": "Black Spot", "Coverage": "Black Link Tercover CCTV", "tanggal": "2025-11-07T12:00:00+07:00", "Wilayah": "Bali", "Satwil": "Polda Bali" }, "geometry": { "type": "Point", "coordinates": [ 115.170424546618889, -8.688763212213205 ] } },
{ "type": "Feature", "properties": { "Nm_Ruas": "Jl. Gunung Salak", "Status": "Jalan Kota", "Propinsi": "Bali", "Kab_Kot": "Kota Denpasar", "SkorBS": 33, "Ket": "Black Spot", "Coverage": "Black Link Blindspot", "tanggal": "2025-11-07T12:00:00+07:00", "Wilayah": "Bali", "Satwil": "Polda Bali" }, "geometry": { "type": "Point", "coordinates": [ 115.178508729521809, -8.669478930013986 ] } },
{ "type": "Feature", "properties": { "Nm_Ruas": "Jl. Kebo Iwa Utara", "Status": "Jalan Kota", "Propinsi": "Bali", "Kab_Kot": "Kota Denpasar", "SkorBS": 43, "Ket": "Black Spot", "Coverage": "Black Link Blindspot", "tanggal": "2025-11-07T12:00:00+07:00", "Wilayah": "Bali", "Satwil": "Polda Bali" }, "geometry": { "type": "Point", "coordinates": [ 115.183414370383559, -8.631792206035604 ] } },
{ "type": "Feature", "properties": { "Nm_Ruas": "Jl. Bts. Kota Singaraja - Pegayaman", "Status": "Jalan Nasional", "Propinsi": "Bali", "Kab_Kot": "Buleleng", "SkorBS": 32, "Ket": "Black Spot", "Coverage": "Black Link Blindspot", "tanggal": "2025-11-07T12:00:00+07:00", "Wilayah": "Bali", "Satwil": "Polda Bali" }, "geometry": { "type": "Point", "coordinates": [ 115.129547380083594, -8.177086197507005 ] } },
{ "type": "Feature", "properties": { "Nm_Ruas": "Jl. Br. Taman Tanda - Mengwitani", "Status": "Jalan Nasional", "Propinsi": "Bali", "Kab_Kot": "Badung, Tabanan", "SkorBS": 57, "Ket": "Black Spot", "Coverage": "Black Link Blindspot", "tanggal": "2025-11-07T12:00:00+07:00", "Wilayah": "Bali", "Satwil": "Polda Bali" }, "geometry": { "type": "Point", "coordinates": [ 115.19567925911447, -8.395953173465008 ] } },
{ "type": "Feature", "properties": { "Nm_Ruas": "Jl. Br. Taman Tanda - Mengwitani", "Status": "Jalan Nasional", "Propinsi": "Bali", "Kab_Kot": "Badung, Tabanan", "SkorBS": 60, "Ket": "Black Spot", "Coverage": "Black Link Blindspot", "tanggal": "2025-11-07T12:00:00+07:00", "Wilayah": "Bali", "Satwil": "Polda Bali" }, "geometry": { "type": "Point", "coordinates": [ 115.180701306832418, -8.504770843739161 ] } },
{ "type": "Feature", "properties": { "Nm_Ruas": "Jl. Br. Taman Tanda - Mengwitani", "Status": "Jalan Nasional", "Propinsi": "Bali", "Kab_Kot": "Badung, Tabanan", "SkorBS": 32, "Ket": "Black Spot", "Coverage": "Black Link Blindspot", "tanggal": "2025-11-07T12:00:00+07:00", "Wilayah": "Bali", "Satwil": "Polda Bali" }, "geometry": { "type": "Point", "coordinates": [ 115.173109328023727, -8.525421350327013 ] } },
{ "type": "Feature", "properties": { "Nm_Ruas": "Jl. Br. Taman Tanda - Mengwitani", "Status": "Jalan Nasional", "Propinsi": "Bali", "Kab_Kot": "Badung, Tabanan", "SkorBS": 38, "Ket": "Black Spot", "Coverage": "Black Link Blindspot", "tanggal": "2025-11-07T12:00:00+07:00", "Wilayah": "Bali", "Satwil": "Polda Bali" }, "geometry": { "type": "Point", "coordinates": [ 115.171476449320977, -8.557767645958821 ] } },
{ "type": "Feature", "properties": { "Nm_Ruas": "Jl. Klungkung - Besakih", "Status": "Jalan Nasional", "Propinsi": "Bali", "Kab_Kot": "Bangli", "SkorBS": 30, "Ket": "Black Spot", "Coverage": "Black Link Blindspot", "tanggal": "2025-11-07T12:00:00+07:00", "Wilayah": "Bali", "Satwil": "Polda Bali" }, "geometry": { "type": "Point", "coordinates": [ 115.401905591896565, -8.5221630798288 ] } },
{ "type": "Feature", "properties": { "Nm_Ruas": "Jl. Jimbaran - Uluwatu", "Status": "Jalan Nasional", "Propinsi": "Bali", "Kab_Kot": "Badung", "SkorBS": 39, "Ket": "Black Spot", "Coverage": "Black Link Blindspot", "tanggal": "2025-11-07T12:00:00+07:00", "Wilayah": "Bali", "Satwil": "Polda Bali" }, "geometry": { "type": "Point", "coordinates": [ 115.171933956586855, -8.783976860530188 ] } },
{ "type": "Feature", "properties": { "Nm_Ruas": "Jl. Jimbaran - Uluwatu", "Status": "Jalan Nasional", "Propinsi": "Bali", "Kab_Kot": "Badung", "SkorBS": 37, "Ket": "Black Spot", "Coverage": "Black Link Blindspot", "tanggal": "2025-11-07T12:00:00+07:00", "Wilayah": "Bali", "Satwil": "Polda Bali" }, "geometry": { "type": "Point", "coordinates": [ 115.164771625225399, -8.788143198602693 ] } },
{ "type": "Feature", "properties": { "Nm_Ruas": "Jl. Bts. Kota Negara - Pekutatan", "Status": "Jalan Nasional", "Propinsi": "Bali", "Kab_Kot": "Jembrana", "SkorBS": 31, "Ket": "Black Spot", "Coverage": "Black Link Blindspot", "tanggal": "2025-11-07T12:00:00+07:00", "Wilayah": "Bali", "Satwil": "Polda Bali" }, "geometry": { "type": "Point", "coordinates": [ 114.802239918983929, -8.411075574401497 ] } },
{ "type": "Feature", "properties": { "Nm_Ruas": "Jl. Pekutatan - Antosari", "Status": "Jalan Nasional", "Propinsi": "Bali", "Kab_Kot": "Tabanan", "SkorBS": 31, "Ket": "Black Spot", "Coverage": "Black Link Blindspot", "tanggal": "2025-11-07T12:00:00+07:00", "Wilayah": "Bali", "Satwil": "Polda Bali" }, "geometry": { "type": "Point", "coordinates": [ 114.844524789000843, -8.428589829264547 ] } },
{ "type": "Feature", "properties": { "Nm_Ruas": "Jl. Pekutatan - Antosari", "Status": "Jalan Nasional", "Propinsi": "Bali", "Kab_Kot": "Tabanan", "SkorBS": 30, "Ket": "Black Spot", "Coverage": "Black Link Blindspot", "tanggal": "2025-11-07T12:00:00+07:00", "Wilayah": "Bali", "Satwil": "Polda Bali" }, "geometry": { "type": "Point", "coordinates": [ 114.953094720572949, -8.48993302255629 ] } },
{ "type": "Feature", "properties": { "Nm_Ruas": "Jl. Pekutatan - Antosari", "Status": "Jalan Nasional", "Propinsi": "Bali", "Kab_Kot": "Tabanan", "SkorBS": 35, "Ket": "Black Spot", "Coverage": "Black Link Blindspot", "tanggal": "2025-11-07T12:00:00+07:00", "Wilayah": "Bali", "Satwil": "Polda Bali" }, "geometry": { "type": "Point", "coordinates": [ 115.018100373794354, -8.503835093141509 ] } },
{ "type": "Feature", "properties": { "Nm_Ruas": "Jl. Pekutatan - Antosari", "Status": "Jalan Nasional", "Propinsi": "Bali", "Kab_Kot": "Tabanan", "SkorBS": 63, "Ket": "Black Spot", "Coverage": "Black Link Blindspot", "tanggal": "2025-11-07T12:00:00+07:00", "Wilayah": "Bali", "Satwil": "Polda Bali" }, "geometry": { "type": "Point", "coordinates": [ 115.005453128608252, -8.526681598665419 ] } },
{ "type": "Feature", "properties": { "Nm_Ruas": "Jl. Simp. Kediri - Pesiapan (Tabanan)", "Status": "Jalan Nasional", "Propinsi": "Bali", "Kab_Kot": "Tabanan", "SkorBS": 38, "Ket": "Black Spot", "Coverage": "Black Link Blindspot", "tanggal": "2025-11-07T12:00:00+07:00", "Wilayah": "Bali", "Satwil": "Polda Bali" }, "geometry": { "type": "Point", "coordinates": [ 115.135079984102617, -8.552976904409288 ] } },
{ "type": "Feature", "properties": { "Nm_Ruas": "Jl. Bts. Kota Tabanan - Mengwitani", "Status": "Jalan Nasional", "Propinsi": "Bali", "Kab_Kot": "Badung", "SkorBS": 46, "Ket": "Black Spot", "Coverage": "Black Link Blindspot", "tanggal": "2025-11-07T12:00:00+07:00", "Wilayah": "Bali", "Satwil": "Polda Bali" }, "geometry": { "type": "Point", "coordinates": [ 115.163196185726662, -8.562498394857787 ] } },
{ "type": "Feature", "properties": { "Nm_Ruas": "Jl. A. Yani (Tabanan)", "Status": "Jalan Nasional", "Propinsi": "Bali", "Kab_Kot": "Tabanan", "SkorBS": 67, "Ket": "Black Spot", "Coverage": "Black Link Blindspot", "tanggal": "2025-11-07T12:00:00+07:00", "Wilayah": "Bali", "Satwil": "Polda Bali" }, "geometry": { "type": "Point", "coordinates": [ 115.154030568185917, -8.560571734095856 ] } },
{ "type": "Feature", "properties": { "Nm_Ruas": "Jl. Mengwitani - Bts. Kota Denpasar", "Status": "Jalan Nasional", "Propinsi": "Bali", "Kab_Kot": "Badung", "SkorBS": 39, "Ket": "Black Spot", "Coverage": "Black Link Blindspot", "tanggal": "2025-11-07T12:00:00+07:00", "Wilayah": "Bali", "Satwil": "Polda Bali" }, "geometry": { "type": "Point", "coordinates": [ 115.179362840970214, -8.573723587734607 ] } },
{ "type": "Feature", "properties": { "Nm_Ruas": "Jl. Mengwitani - Bts. Kota Denpasar", "Status": "Jalan Nasional", "Propinsi": "Bali", "Kab_Kot": "Badung", "SkorBS": 34, "Ket": "Black Spot", "Coverage": "Black Link Blindspot", "tanggal": "2025-11-07T12:00:00+07:00", "Wilayah": "Bali", "Satwil": "Polda Bali" }, "geometry": { "type": "Point", "coordinates": [ 115.186501763985916, -8.593888107156735 ] } },
{ "type": "Feature", "properties": { "Nm_Ruas": "Jl. Mengwitani - Bts. Kota Denpasar", "Status": "Jalan Nasional", "Propinsi": "Bali", "Kab_Kot": "Badung", "SkorBS": 73, "Ket": "Black Spot", "Coverage": "Black Link Blindspot", "tanggal": "2025-11-07T12:00:00+07:00", "Wilayah": "Bali", "Satwil": "Polda Bali" }, "geometry": { "type": "Point", "coordinates": [ 115.18603468567423, -8.602296655753078 ] } },
{ "type": "Feature", "properties": { "Nm_Ruas": "Jl. Simp. Kuta - Tugu Ngurah Rai", "Status": "Jalan Nasional", "Propinsi": "Bali", "Kab_Kot": "Badung", "SkorBS": 39, "Ket": "Black Spot", "Coverage": "Black Link Blindspot", "tanggal": "2025-11-07T12:00:00+07:00", "Wilayah": "Bali", "Satwil": "Polda Bali" }, "geometry": { "type": "Point", "coordinates": [ 115.181546004311372, -8.723591209536924 ] } },
{ "type": "Feature", "properties": { "Nm_Ruas": "Jl. Tugu Ngurah Rai - Nusa Dua", "Status": "Jalan Nasional", "Propinsi": "Bali", "Kab_Kot": "Badung", "SkorBS": 86, "Ket": "Black Spot", "Coverage": "Black Link Tercover CCTV", "tanggal": "2025-11-07T12:00:00+07:00", "Wilayah": "Bali", "Satwil": "Polda Bali" }, "geometry": { "type": "Point", "coordinates": [ 115.186281429894038, -8.783511912542089 ] } },
{ "type": "Feature", "properties": { "Nm_Ruas": "Jl. Tugu Ngurah Rai - Nusa Dua", "Status": "Jalan Nasional", "Propinsi": "Bali", "Kab_Kot": "Badung", "SkorBS": 34, "Ket": "Black Spot", "Coverage": "Black Link Blindspot", "tanggal": "2025-11-07T12:00:00+07:00", "Wilayah": "Bali", "Satwil": "Polda Bali" }, "geometry": { "type": "Point", "coordinates": [ 115.207183606299949, -8.787595832574569 ] } },
{ "type": "Feature", "properties": { "Nm_Ruas": "Jl. Simpang Kuta - Simp. Pesanggaran", "Status": "Jalan Nasional", "Propinsi": "Bali", "Kab_Kot": "Kota Denpasar", "SkorBS": 32, "Ket": "Black Spot", "Coverage": "Black Link Blindspot", "tanggal": "2025-11-07T12:00:00+07:00", "Wilayah": "Bali", "Satwil": "Polda Bali" }, "geometry": { "type": "Point", "coordinates": [ 115.196869630296618, -8.720129972675698 ] } },
{ "type": "Feature", "properties": { "Nm_Ruas": "Jl. Simpang Pesanggaran - Simpang Sanur", "Status": "Jalan Nasional", "Propinsi": "Bali", "Kab_Kot": "Kota Denpasar", "SkorBS": 30, "Ket": "Black Spot", "Coverage": "Black Link Blindspot", "tanggal": "2025-11-07T12:00:00+07:00", "Wilayah": "Bali", "Satwil": "Polda Bali" }, "geometry": { "type": "Point", "coordinates": [ 115.242551607221031, -8.707746570731892 ] } },
{ "type": "Feature", "properties": { "Nm_Ruas": "Jl. Sp. Pantai Siut - Kosamba", "Status": "Jalan Nasional", "Propinsi": "Bali", "Kab_Kot": "Klungkung", "SkorBS": 33, "Ket": "Black Spot", "Coverage": "Black Link Blindspot", "tanggal": "2025-11-07T12:00:00+07:00", "Wilayah": "Bali", "Satwil": "Polda Bali" }, "geometry": { "type": "Point", "coordinates": [ 115.457011243741007, -8.555188635361585 ] } },
{ "type": "Feature", "properties": { "Nm_Ruas": "Jl. Sp. Tohpati - Sp. Pantai Siut", "Status": "Jalan Nasional", "Propinsi": "Bali", "Kab_Kot": "Gianyar", "SkorBS": 32, "Ket": "Black Spot", "Coverage": "Black Link Blindspot", "tanggal": "2025-11-07T12:00:00+07:00", "Wilayah": "Bali", "Satwil": "Polda Bali" }, "geometry": { "type": "Point", "coordinates": [ 115.352985450447051, -8.581310235771921 ] } },
{ "type": "Feature", "properties": { "Nm_Ruas": "Jl. Sp. Tohpati - Sp. Pantai Siut", "Status": "Jalan Nasional", "Propinsi": "Bali", "Kab_Kot": "Gianyar", "SkorBS": 34, "Ket": "Black Spot", "Coverage": "Black Link Blindspot", "tanggal": "2025-11-07T12:00:00+07:00", "Wilayah": "Bali", "Satwil": "Polda Bali" }, "geometry": { "type": "Point", "coordinates": [ 115.331217305644842, -8.597047142428945 ] } },
{ "type": "Feature", "properties": { "Nm_Ruas": "Jl. Sp. Tohpati - Sp. Pantai Siut", "Status": "Jalan Nasional", "Propinsi": "Bali", "Kab_Kot": "Gianyar", "SkorBS": 35, "Ket": "Black Spot", "Coverage": "Black Link Blindspot", "tanggal": "2025-11-07T12:00:00+07:00", "Wilayah": "Bali", "Satwil": "Polda Bali" }, "geometry": { "type": "Point", "coordinates": [ 115.285846250453275, -8.636337859303154 ] } },
{ "type": "Feature", "properties": { "Nm_Ruas": "Jl. Sp. Tohpati - Sakah", "Status": "Jalan Nasional", "Propinsi": "Bali", "Kab_Kot": "Gianyar", "SkorBS": 32, "Ket": "Black Spot", "Coverage": "Black Link Blindspot", "tanggal": "2025-11-07T12:00:00+07:00", "Wilayah": "Bali", "Satwil": "Polda Bali" }, "geometry": { "type": "Point", "coordinates": [ 115.255980471824842, -8.621924015885577 ] } },
{ "type": "Feature", "properties": { "Nm_Ruas": "Jl. Sakah - Blahbatu", "Status": "Jalan Nasional", "Propinsi": "Bali", "Kab_Kot": "Gianyar", "SkorBS": 31, "Ket": "Black Spot", "Coverage": "Black Link Blindspot", "tanggal": "2025-11-07T12:00:00+07:00", "Wilayah": "Bali", "Satwil": "Polda Bali" }, "geometry": { "type": "Point", "coordinates": [ 115.28928112553352, -8.5656358095126 ] } },
{ "type": "Feature", "properties": { "Nm_Ruas": "Jl. Cekik - Seririt", "Status": "Jalan Nasional", "Propinsi": "Bali", "Kab_Kot": "Buleleng", "SkorBS": 35, "Ket": "Black Spot", "Coverage": "Black Link Blindspot", "tanggal": "2025-11-07T12:00:00+07:00", "Wilayah": "Bali", "Satwil": "Polda Bali" }, "geometry": { "type": "Point", "coordinates": [ 114.788619630377667, -8.184880590967015 ] } },
{ "type": "Feature", "properties": { "Nm_Ruas": "Jl. Sp. Buagan - Sp. Br. Abian Base", "Status": "Jalan Nasional", "Propinsi": "Bali", "Kab_Kot": "Kota Denpasar", "SkorBS": 40, "Ket": "Black Spot", "Coverage": "Black Link Blindspot", "tanggal": "2025-11-07T12:00:00+07:00", "Wilayah": "Bali", "Satwil": "Polda Bali" }, "geometry": { "type": "Point", "coordinates": [ 115.182952330490352, -8.705784400733879 ] } },
{ "type": "Feature", "properties": { "Nm_Ruas": "Jl. Simp. Kediri - Pesiapan (Tabanan)", "Status": "Jalan Nasional", "Propinsi": "Bali", "Kab_Kot": "Tabanan", "SkorBS": 31, "Ket": "Black Spot", "Coverage": "Black Link Blindspot", "tanggal": "2025-11-07T12:00:00+07:00", "Wilayah": "Bali", "Satwil": "Polda Bali" }, "geometry": { "type": "Point", "coordinates": [ 115.115282965416952, -8.545545152375526 ] } },
{ "type": "Feature", "properties": { "Nm_Ruas": "Jl. Br. Taman Tanda - Mengwitani", "Status": "Jalan Nasional", "Propinsi": "Bali", "Kab_Kot": "Badung, Tabanan", "SkorBS": 41, "Ket": "Black Spot", "Coverage": "Black Link Blindspot", "tanggal": "2025-11-07T12:00:00+07:00", "Wilayah": "Bali", "Satwil": "Polda Bali" }, "geometry": { "type": "Point", "coordinates": [ 115.172358148349943, -8.527684024034274 ] } },
{ "type": "Feature", "properties": { "Nm_Ruas": "Jl. Sp. Tohpati - Sp. Pantai Siut", "Status": "Jalan Nasional", "Propinsi": "Bali", "Kab_Kot": "Gianyar", "SkorBS": 47, "Ket": "Black Spot", "Coverage": "Black Link Blindspot", "tanggal": "2025-11-07T12:00:00+07:00", "Wilayah": "Bali", "Satwil": "Polda Bali" }, "geometry": { "type": "Point", "coordinates": [ 115.298795162072821, -8.622454449805712 ] } },
{ "type": "Feature", "properties": { "Nm_Ruas": "Jl. Sekar Sari", "Status": "Jalan Kota", "Propinsi": "Bali", "Kab_Kot": "Kota Denpasar", "SkorBS": 33, "Ket": "Black Spot", "Coverage": "Black Link Blindspot", "tanggal": "2025-11-07T12:00:00+07:00", "Wilayah": "Bali", "Satwil": "Polda Bali" }, "geometry": { "type": "Point", "coordinates": [ 115.26297028976812, -8.649631331718302 ] } },
{ "type": "Feature", "properties": { "Nm_Ruas": "Jl. Semebaung - Bedahulu", "Status": "Jalan Provinsi", "Propinsi": "Bali", "Kab_Kot": "Gianyar", "SkorBS": 51, "Ket": "Black Spot", "Coverage": "Black Link Blindspot", "tanggal": "2025-11-08T12:00:00+07:00", "Wilayah": "Bali", "Satwil": "Polda Bali" }, "geometry": { "type": "Point", "coordinates": [ 115.297074393219901, -8.529074119210307 ] } },
{ "type": "Feature", "properties": { "Nm_Ruas": "Jl. Bts. Buleleng - Kubutambahan", "Status": "Jalan Provinsi", "Propinsi": "Bali", "Kab_Kot": "Buleleng", "SkorBS": 32, "Ket": "Black Spot", "Coverage": "Black Link Blindspot", "tanggal": "2025-11-08T12:00:00+07:00", "Wilayah": "Bali", "Satwil": "Polda Bali" }, "geometry": { "type": "Point", "coordinates": [ 115.179090237305431, -8.106891834849383 ] } },
{ "type": "Feature", "properties": { "Nm_Ruas": "Jl. Antosari - Pupuan", "Status": "Jalan Provinsi", "Propinsi": "Bali", "Kab_Kot": "Tabanan", "SkorBS": 33, "Ket": "Black Spot", "Coverage": "Black Link Blindspot", "tanggal": "2025-11-08T12:00:00+07:00", "Wilayah": "Bali", "Satwil": "Polda Bali" }, "geometry": { "type": "Point", "coordinates": [ 115.023827024123221, -8.462622751846846 ] } },
{ "type": "Feature", "properties": { "Nm_Ruas": "Jl. Raya Marga Apuan", "Status": "Jalan Kabupaten", "Propinsi": "Bali", "Kab_Kot": "Tabanan", "SkorBS": 33, "Ket": "Black Spot", "Coverage": "Black Link Blindspot", "tanggal": "2025-11-08T12:00:00+07:00", "Wilayah": "Bali", "Satwil": "Polda Bali" }, "geometry": { "type": "Point", "coordinates": [ 115.171998827571528, -8.461398275970142 ] } },
{ "type": "Feature", "properties": { "Nm_Ruas": "Jl. Dakdakan - Munggu", "Status": "Jalan Kabupaten", "Propinsi": "Bali", "Kab_Kot": "Tabanan", "SkorBS": 38, "Ket": "Black Spot", "Coverage": "Black Link Blindspot", "tanggal": "2025-11-08T12:00:00+07:00", "Wilayah": "Bali", "Satwil": "Polda Bali" }, "geometry": { "type": "Point", "coordinates": [ 115.13764129980872, -8.597983188067841 ] } },
{ "type": "Feature", "properties": { "Nm_Ruas": "Jl. Br.seminyak - Bts Kab/kantor Dkp", "Status": "Jalan Kabupaten", "Propinsi": "Bali", "Kab_Kot": "Badung", "SkorBS": 34, "Ket": "Black Spot", "Coverage": "Black Link Tercover CCTV", "tanggal": "2025-11-08T12:00:00+07:00", "Wilayah": "Bali", "Satwil": "Polda Bali" }, "geometry": { "type": "Point", "coordinates": [ 115.170424546618889, -8.688763212213205 ] } },
{ "type": "Feature", "properties": { "Nm_Ruas": "Jl. Gunung Salak", "Status": "Jalan Kota", "Propinsi": "Bali", "Kab_Kot": "Kota Denpasar", "SkorBS": 33, "Ket": "Black Spot", "Coverage": "Black Link Blindspot", "tanggal": "2025-11-08T12:00:00+07:00", "Wilayah": "Bali", "Satwil": "Polda Bali" }, "geometry": { "type": "Point", "coordinates": [ 115.178508729521809, -8.669478930013986 ] } },
{ "type": "Feature", "properties": { "Nm_Ruas": "Jl. Kebo Iwa Utara", "Status": "Jalan Kota", "Propinsi": "Bali", "Kab_Kot": "Kota Denpasar", "SkorBS": 43, "Ket": "Black Spot", "Coverage": "Black Link Blindspot", "tanggal": "2025-11-08T12:00:00+07:00", "Wilayah": "Bali", "Satwil": "Polda Bali" }, "geometry": { "type": "Point", "coordinates": [ 115.183414370383559, -8.631792206035604 ] } },
{ "type": "Feature", "properties": { "Nm_Ruas": "Jl. Bts. Kota Singaraja - Pegayaman", "Status": "Jalan Nasional", "Propinsi": "Bali", "Kab_Kot": "Buleleng", "SkorBS": 32, "Ket": "Black Spot", "Coverage": "Black Link Blindspot", "tanggal": "2025-11-08T12:00:00+07:00", "Wilayah": "Bali", "Satwil": "Polda Bali" }, "geometry": { "type": "Point", "coordinates": [ 115.129547380083594, -8.177086197507005 ] } },
{ "type": "Feature", "properties": { "Nm_Ruas": "Jl. Br. Taman Tanda - Mengwitani", "Status": "Jalan Nasional", "Propinsi": "Bali", "Kab_Kot": "Badung, Tabanan", "SkorBS": 57, "Ket": "Black Spot", "Coverage": "Black Link Blindspot", "tanggal": "2025-11-08T12:00:00+07:00", "Wilayah": "Bali", "Satwil": "Polda Bali" }, "geometry": { "type": "Point", "coordinates": [ 115.19567925911447, -8.395953173465008 ] } },
{ "type": "Feature", "properties": { "Nm_Ruas": "Jl. Br. Taman Tanda - Mengwitani", "Status": "Jalan Nasional", "Propinsi": "Bali", "Kab_Kot": "Badung, Tabanan", "SkorBS": 60, "Ket": "Black Spot", "Coverage": "Black Link Blindspot", "tanggal": "2025-11-08T12:00:00+07:00", "Wilayah": "Bali", "Satwil": "Polda Bali" }, "geometry": { "type": "Point", "coordinates": [ 115.180701306832418, -8.504770843739161 ] } },
{ "type": "Feature", "properties": { "Nm_Ruas": "Jl. Br. Taman Tanda - Mengwitani", "Status": "Jalan Nasional", "Propinsi": "Bali", "Kab_Kot": "Badung, Tabanan", "SkorBS": 32, "Ket": "Black Spot", "Coverage": "Black Link Blindspot", "tanggal": "2025-11-08T12:00:00+07:00", "Wilayah": "Bali", "Satwil": "Polda Bali" }, "geometry": { "type": "Point", "coordinates": [ 115.173109328023727, -8.525421350327013 ] } },
{ "type": "Feature", "properties": { "Nm_Ruas": "Jl. Br. Taman Tanda - Mengwitani", "Status": "Jalan Nasional", "Propinsi": "Bali", "Kab_Kot": "Badung, Tabanan", "SkorBS": 38, "Ket": "Black Spot", "Coverage": "Black Link Blindspot", "tanggal": "2025-11-08T12:00:00+07:00", "Wilayah": "Bali", "Satwil": "Polda Bali" }, "geometry": { "type": "Point", "coordinates": [ 115.171476449320977, -8.557767645958821 ] } },
{ "type": "Feature", "properties": { "Nm_Ruas": "Jl. Klungkung - Besakih", "Status": "Jalan Nasional", "Propinsi": "Bali", "Kab_Kot": "Bangli", "SkorBS": 30, "Ket": "Black Spot", "Coverage": "Black Link Blindspot", "tanggal": "2025-11-08T12:00:00+07:00", "Wilayah": "Bali", "Satwil": "Polda Bali" }, "geometry": { "type": "Point", "coordinates": [ 115.401905591896565, -8.5221630798288 ] } },
{ "type": "Feature", "properties": { "Nm_Ruas": "Jl. Jimbaran - Uluwatu", "Status": "Jalan Nasional", "Propinsi": "Bali", "Kab_Kot": "Badung", "SkorBS": 39, "Ket": "Black Spot", "Coverage": "Black Link Blindspot", "tanggal": "2025-11-08T12:00:00+07:00", "Wilayah": "Bali", "Satwil": "Polda Bali" }, "geometry": { "type": "Point", "coordinates": [ 115.171933956586855, -8.783976860530188 ] } },
{ "type": "Feature", "properties": { "Nm_Ruas": "Jl. Jimbaran - Uluwatu", "Status": "Jalan Nasional", "Propinsi": "Bali", "Kab_Kot": "Badung", "SkorBS": 37, "Ket": "Black Spot", "Coverage": "Black Link Blindspot", "tanggal": "2025-11-08T12:00:00+07:00", "Wilayah": "Bali", "Satwil": "Polda Bali" }, "geometry": { "type": "Point", "coordinates": [ 115.164771625225399, -8.788143198602693 ] } },
{ "type": "Feature", "properties": { "Nm_Ruas": "Jl. Bts. Kota Negara - Pekutatan", "Status": "Jalan Nasional", "Propinsi": "Bali", "Kab_Kot": "Jembrana", "SkorBS": 31, "Ket": "Black Spot", "Coverage": "Black Link Blindspot", "tanggal": "2025-11-08T12:00:00+07:00", "Wilayah": "Bali", "Satwil": "Polda Bali" }, "geometry": { "type": "Point", "coordinates": [ 114.802239918983929, -8.411075574401497 ] } },
{ "type": "Feature", "properties": { "Nm_Ruas": "Jl. Pekutatan - Antosari", "Status": "Jalan Nasional", "Propinsi": "Bali", "Kab_Kot": "Tabanan", "SkorBS": 31, "Ket": "Black Spot", "Coverage": "Black Link Blindspot", "tanggal": "2025-11-08T12:00:00+07:00", "Wilayah": "Bali", "Satwil": "Polda Bali" }, "geometry": { "type": "Point", "coordinates": [ 114.844524789000843, -8.428589829264547 ] } },
{ "type": "Feature", "properties": { "Nm_Ruas": "Jl. Pekutatan - Antosari", "Status": "Jalan Nasional", "Propinsi": "Bali", "Kab_Kot": "Tabanan", "SkorBS": 30, "Ket": "Black Spot", "Coverage": "Black Link Blindspot", "tanggal": "2025-11-08T12:00:00+07:00", "Wilayah": "Bali", "Satwil": "Polda Bali" }, "geometry": { "type": "Point", "coordinates": [ 114.953094720572949, -8.48993302255629 ] } },
{ "type": "Feature", "properties": { "Nm_Ruas": "Jl. Pekutatan - Antosari", "Status": "Jalan Nasional", "Propinsi": "Bali", "Kab_Kot": "Tabanan", "SkorBS": 35, "Ket": "Black Spot", "Coverage": "Black Link Blindspot", "tanggal": "2025-11-08T12:00:00+07:00", "Wilayah": "Bali", "Satwil": "Polda Bali" }, "geometry": { "type": "Point", "coordinates": [ 115.018100373794354, -8.503835093141509 ] } },
{ "type": "Feature", "properties": { "Nm_Ruas": "Jl. Pekutatan - Antosari", "Status": "Jalan Nasional", "Propinsi": "Bali", "Kab_Kot": "Tabanan", "SkorBS": 63, "Ket": "Black Spot", "Coverage": "Black Link Blindspot", "tanggal": "2025-11-08T12:00:00+07:00", "Wilayah": "Bali", "Satwil": "Polda Bali" }, "geometry": { "type": "Point", "coordinates": [ 115.005453128608252, -8.526681598665419 ] } },
{ "type": "Feature", "properties": { "Nm_Ruas": "Jl. Simp. Kediri - Pesiapan (Tabanan)", "Status": "Jalan Nasional", "Propinsi": "Bali", "Kab_Kot": "Tabanan", "SkorBS": 38, "Ket": "Black Spot", "Coverage": "Black Link Blindspot", "tanggal": "2025-11-08T12:00:00+07:00", "Wilayah": "Bali", "Satwil": "Polda Bali" }, "geometry": { "type": "Point", "coordinates": [ 115.135079984102617, -8.552976904409288 ] } },
{ "type": "Feature", "properties": { "Nm_Ruas": "Jl. Bts. Kota Tabanan - Mengwitani", "Status": "Jalan Nasional", "Propinsi": "Bali", "Kab_Kot": "Badung", "SkorBS": 46, "Ket": "Black Spot", "Coverage": "Black Link Blindspot", "tanggal": "2025-11-08T12:00:00+07:00", "Wilayah": "Bali", "Satwil": "Polda Bali" }, "geometry": { "type": "Point", "coordinates": [ 115.163196185726662, -8.562498394857787 ] } },
{ "type": "Feature", "properties": { "Nm_Ruas": "Jl. A. Yani (Tabanan)", "Status": "Jalan Nasional", "Propinsi": "Bali", "Kab_Kot": "Tabanan", "SkorBS": 67, "Ket": "Black Spot", "Coverage": "Black Link Blindspot", "tanggal": "2025-11-08T12:00:00+07:00", "Wilayah": "Bali", "Satwil": "Polda Bali" }, "geometry": { "type": "Point", "coordinates": [ 115.154030568185917, -8.560571734095856 ] } },
{ "type": "Feature", "properties": { "Nm_Ruas": "Jl. Mengwitani - Bts. Kota Denpasar", "Status": "Jalan Nasional", "Propinsi": "Bali", "Kab_Kot": "Badung", "SkorBS": 39, "Ket": "Black Spot", "Coverage": "Black Link Blindspot", "tanggal": "2025-11-08T12:00:00+07:00", "Wilayah": "Bali", "Satwil": "Polda Bali" }, "geometry": { "type": "Point", "coordinates": [ 115.179362840970214, -8.573723587734607 ] } },
{ "type": "Feature", "properties": { "Nm_Ruas": "Jl. Mengwitani - Bts. Kota Denpasar", "Status": "Jalan Nasional", "Propinsi": "Bali", "Kab_Kot": "Badung", "SkorBS": 34, "Ket": "Black Spot", "Coverage": "Black Link Blindspot", "tanggal": "2025-11-08T12:00:00+07:00", "Wilayah": "Bali", "Satwil": "Polda Bali" }, "geometry": { "type": "Point", "coordinates": [ 115.186501763985916, -8.593888107156735 ] } },
{ "type": "Feature", "properties": { "Nm_Ruas": "Jl. Mengwitani - Bts. Kota Denpasar", "Status": "Jalan Nasional", "Propinsi": "Bali", "Kab_Kot": "Badung", "SkorBS": 73, "Ket": "Black Spot", "Coverage": "Black Link Blindspot", "tanggal": "2025-11-08T12:00:00+07:00", "Wilayah": "Bali", "Satwil": "Polda Bali" }, "geometry": { "type": "Point", "coordinates": [ 115.18603468567423, -8.602296655753078 ] } },
{ "type": "Feature", "properties": { "Nm_Ruas": "Jl. Simp. Kuta - Tugu Ngurah Rai", "Status": "Jalan Nasional", "Propinsi": "Bali", "Kab_Kot": "Badung", "SkorBS": 39, "Ket": "Black Spot", "Coverage": "Black Link Blindspot", "tanggal": "2025-11-08T12:00:00+07:00", "Wilayah": "Bali", "Satwil": "Polda Bali" }, "geometry": { "type": "Point", "coordinates": [ 115.181546004311372, -8.723591209536924 ] } },
{ "type": "Feature", "properties": { "Nm_Ruas": "Jl. Tugu Ngurah Rai - Nusa Dua", "Status": "Jalan Nasional", "Propinsi": "Bali", "Kab_Kot": "Badung", "SkorBS": 86, "Ket": "Black Spot", "Coverage": "Black Link Tercover CCTV", "tanggal": "2025-11-08T12:00:00+07:00", "Wilayah": "Bali", "Satwil": "Polda Bali" }, "geometry": { "type": "Point", "coordinates": [ 115.186281429894038, -8.783511912542089 ] } },
{ "type": "Feature", "properties": { "Nm_Ruas": "Jl. Tugu Ngurah Rai - Nusa Dua", "Status": "Jalan Nasional", "Propinsi": "Bali", "Kab_Kot": "Badung", "SkorBS": 34, "Ket": "Black Spot", "Coverage": "Black Link Blindspot", "tanggal": "2025-11-08T12:00:00+07:00", "Wilayah": "Bali", "Satwil": "Polda Bali" }, "geometry": { "type": "Point", "coordinates": [ 115.207183606299949, -8.787595832574569 ] } },
{ "type": "Feature", "properties": { "Nm_Ruas": "Jl. Simpang Kuta - Simp. Pesanggaran", "Status": "Jalan Nasional", "Propinsi": "Bali", "Kab_Kot": "Kota Denpasar", "SkorBS": 32, "Ket": "Black Spot", "Coverage": "Black Link Blindspot", "tanggal": "2025-11-08T12:00:00+07:00", "Wilayah": "Bali", "Satwil": "Polda Bali" }, "geometry": { "type": "Point", "coordinates": [ 115.196869630296618, -8.720129972675698 ] } },
{ "type": "Feature", "properties": { "Nm_Ruas": "Jl. Simpang Pesanggaran - Simpang Sanur", "Status": "Jalan Nasional", "Propinsi": "Bali", "Kab_Kot": "Kota Denpasar", "SkorBS": 30, "Ket": "Black Spot", "Coverage": "Black Link Blindspot", "tanggal": "2025-11-08T12:00:00+07:00", "Wilayah": "Bali", "Satwil": "Polda Bali" }, "geometry": { "type": "Point", "coordinates": [ 115.242551607221031, -8.707746570731892 ] } },
{ "type": "Feature", "properties": { "Nm_Ruas": "Jl. Sp. Pantai Siut - Kosamba", "Status": "Jalan Nasional", "Propinsi": "Bali", "Kab_Kot": "Klungkung", "SkorBS": 33, "Ket": "Black Spot", "Coverage": "Black Link Blindspot", "tanggal": "2025-11-08T12:00:00+07:00", "Wilayah": "Bali", "Satwil": "Polda Bali" }, "geometry": { "type": "Point", "coordinates": [ 115.457011243741007, -8.555188635361585 ] } },
{ "type": "Feature", "properties": { "Nm_Ruas": "Jl. Sp. Tohpati - Sp. Pantai Siut", "Status": "Jalan Nasional", "Propinsi": "Bali", "Kab_Kot": "Gianyar", "SkorBS": 32, "Ket": "Black Spot", "Coverage": "Black Link Blindspot", "tanggal": "2025-11-08T12:00:00+07:00", "Wilayah": "Bali", "Satwil": "Polda Bali" }, "geometry": { "type": "Point", "coordinates": [ 115.352985450447051, -8.581310235771921 ] } },
{ "type": "Feature", "properties": { "Nm_Ruas": "Jl. Sp. Tohpati - Sp. Pantai Siut", "Status": "Jalan Nasional", "Propinsi": "Bali", "Kab_Kot": "Gianyar", "SkorBS": 34, "Ket": "Black Spot", "Coverage": "Black Link Blindspot", "tanggal": "2025-11-08T12:00:00+07:00", "Wilayah": "Bali", "Satwil": "Polda Bali" }, "geometry": { "type": "Point", "coordinates": [ 115.331217305644842, -8.597047142428945 ] } },
{ "type": "Feature", "properties": { "Nm_Ruas": "Jl. Sp. Tohpati - Sp. Pantai Siut", "Status": "Jalan Nasional", "Propinsi": "Bali", "Kab_Kot": "Gianyar", "SkorBS": 35, "Ket": "Black Spot", "Coverage": "Black Link Blindspot", "tanggal": "2025-11-08T12:00:00+07:00", "Wilayah": "Bali", "Satwil": "Polda Bali" }, "geometry": { "type": "Point", "coordinates": [ 115.285846250453275, -8.636337859303154 ] } },
{ "type": "Feature", "properties": { "Nm_Ruas": "Jl. Sp. Tohpati - Sakah", "Status": "Jalan Nasional", "Propinsi": "Bali", "Kab_Kot": "Gianyar", "SkorBS": 32, "Ket": "Black Spot", "Coverage": "Black Link Blindspot", "tanggal": "2025-11-08T12:00:00+07:00", "Wilayah": "Bali", "Satwil": "Polda Bali" }, "geometry": { "type": "Point", "coordinates": [ 115.255980471824842, -8.621924015885577 ] } },
{ "type": "Feature", "properties": { "Nm_Ruas": "Jl. Sakah - Blahbatu", "Status": "Jalan Nasional", "Propinsi": "Bali", "Kab_Kot": "Gianyar", "SkorBS": 31, "Ket": "Black Spot", "Coverage": "Black Link Blindspot", "tanggal": "2025-11-08T12:00:00+07:00", "Wilayah": "Bali", "Satwil": "Polda Bali" }, "geometry": { "type": "Point", "coordinates": [ 115.28928112553352, -8.5656358095126 ] } },
{ "type": "Feature", "properties": { "Nm_Ruas": "Jl. Cekik - Seririt", "Status": "Jalan Nasional", "Propinsi": "Bali", "Kab_Kot": "Buleleng", "SkorBS": 35, "Ket": "Black Spot", "Coverage": "Black Link Blindspot", "tanggal": "2025-11-08T12:00:00+07:00", "Wilayah": "Bali", "Satwil": "Polda Bali" }, "geometry": { "type": "Point", "coordinates": [ 114.788619630377667, -8.184880590967015 ] } },
{ "type": "Feature", "properties": { "Nm_Ruas": "Jl. Sp. Buagan - Sp. Br. Abian Base", "Status": "Jalan Nasional", "Propinsi": "Bali", "Kab_Kot": "Kota Denpasar", "SkorBS": 40, "Ket": "Black Spot", "Coverage": "Black Link Blindspot", "tanggal": "2025-11-08T12:00:00+07:00", "Wilayah": "Bali", "Satwil": "Polda Bali" }, "geometry": { "type": "Point", "coordinates": [ 115.182952330490352, -8.705784400733879 ] } },
{ "type": "Feature", "properties": { "Nm_Ruas": "Jl. Simp. Kediri - Pesiapan (Tabanan)", "Status": "Jalan Nasional", "Propinsi": "Bali", "Kab_Kot": "Tabanan", "SkorBS": 31, "Ket": "Black Spot", "Coverage": "Black Link Blindspot", "tanggal": "2025-11-08T12:00:00+07:00", "Wilayah": "Bali", "Satwil": "Polda Bali" }, "geometry": { "type": "Point", "coordinates": [ 115.115282965416952, -8.545545152375526 ] } },
{ "type": "Feature", "properties": { "Nm_Ruas": "Jl. Br. Taman Tanda - Mengwitani", "Status": "Jalan Nasional", "Propinsi": "Bali", "Kab_Kot": "Badung, Tabanan", "SkorBS": 41, "Ket": "Black Spot", "Coverage": "Black Link Blindspot", "tanggal": "2025-11-08T12:00:00+07:00", "Wilayah": "Bali", "Satwil": "Polda Bali" }, "geometry": { "type": "Point", "coordinates": [ 115.172358148349943, -8.527684024034274 ] } },
{ "type": "Feature", "properties": { "Nm_Ruas": "Jl. Sp. Tohpati - Sp. Pantai Siut", "Status": "Jalan Nasional", "Propinsi": "Bali", "Kab_Kot": "Gianyar", "SkorBS": 47, "Ket": "Black Spot", "Coverage": "Black Link Blindspot", "tanggal": "2025-11-08T12:00:00+07:00", "Wilayah": "Bali", "Satwil": "Polda Bali" }, "geometry": { "type": "Point", "coordinates": [ 115.298795162072821, -8.622454449805712 ] } },
{ "type": "Feature", "properties": { "Nm_Ruas": "Jl. Sekar Sari", "Status": "Jalan Kota", "Propinsi": "Bali", "Kab_Kot": "Kota Denpasar", "SkorBS": 33, "Ket": "Black Spot", "Coverage": "Black Link Blindspot", "tanggal": "2025-11-08T12:00:00+07:00", "Wilayah": "Bali", "Satwil": "Polda Bali" }, "geometry": { "type": "Point", "coordinates": [ 115.26297028976812, -8.649631331718302 ] } },
{ "type": "Feature", "properties": { "Nm_Ruas": "Jl. Semebaung - Bedahulu", "Status": "Jalan Provinsi", "Propinsi": "Bali", "Kab_Kot": "Gianyar", "SkorBS": 51, "Ket": "Black Spot", "Coverage": "Black Link Blindspot", "tanggal": "2025-11-09T12:00:00+07:00", "Wilayah": "Bali", "Satwil": "Polda Bali" }, "geometry": { "type": "Point", "coordinates": [ 115.297074393219901, -8.529074119210307 ] } },
{ "type": "Feature", "properties": { "Nm_Ruas": "Jl. Bts. Buleleng - Kubutambahan", "Status": "Jalan Provinsi", "Propinsi": "Bali", "Kab_Kot": "Buleleng", "SkorBS": 32, "Ket": "Black Spot", "Coverage": "Black Link Blindspot", "tanggal": "2025-11-09T12:00:00+07:00", "Wilayah": "Bali", "Satwil": "Polda Bali" }, "geometry": { "type": "Point", "coordinates": [ 115.179090237305431, -8.106891834849383 ] } },
{ "type": "Feature", "properties": { "Nm_Ruas": "Jl. Antosari - Pupuan", "Status": "Jalan Provinsi", "Propinsi": "Bali", "Kab_Kot": "Tabanan", "SkorBS": 33, "Ket": "Black Spot", "Coverage": "Black Link Blindspot", "tanggal": "2025-11-09T12:00:00+07:00", "Wilayah": "Bali", "Satwil": "Polda Bali" }, "geometry": { "type": "Point", "coordinates": [ 115.023827024123221, -8.462622751846846 ] } },
{ "type": "Feature", "properties": { "Nm_Ruas": "Jl. Raya Marga Apuan", "Status": "Jalan Kabupaten", "Propinsi": "Bali", "Kab_Kot": "Tabanan", "SkorBS": 33, "Ket": "Black Spot", "Coverage": "Black Link Blindspot", "tanggal": "2025-11-09T12:00:00+07:00", "Wilayah": "Bali", "Satwil": "Polda Bali" }, "geometry": { "type": "Point", "coordinates": [ 115.171998827571528, -8.461398275970142 ] } },
{ "type": "Feature", "properties": { "Nm_Ruas": "Jl. Dakdakan - Munggu", "Status": "Jalan Kabupaten", "Propinsi": "Bali", "Kab_Kot": "Tabanan", "SkorBS": 38, "Ket": "Black Spot", "Coverage": "Black Link Blindspot", "tanggal": "2025-11-09T12:00:00+07:00", "Wilayah": "Bali", "Satwil": "Polda Bali" }, "geometry": { "type": "Point", "coordinates": [ 115.13764129980872, -8.597983188067841 ] } },
{ "type": "Feature", "properties": { "Nm_Ruas": "Jl. Br.seminyak - Bts Kab/kantor Dkp", "Status": "Jalan Kabupaten", "Propinsi": "Bali", "Kab_Kot": "Badung", "SkorBS": 34, "Ket": "Black Spot", "Coverage": "Black Link Tercover CCTV", "tanggal": "2025-11-09T12:00:00+07:00", "Wilayah": "Bali", "Satwil": "Polda Bali" }, "geometry": { "type": "Point", "coordinates": [ 115.170424546618889, -8.688763212213205 ] } },
{ "type": "Feature", "properties": { "Nm_Ruas": "Jl. Gunung Salak", "Status": "Jalan Kota", "Propinsi": "Bali", "Kab_Kot": "Kota Denpasar", "SkorBS": 33, "Ket": "Black Spot", "Coverage": "Black Link Blindspot", "tanggal": "2025-11-09T12:00:00+07:00", "Wilayah": "Bali", "Satwil": "Polda Bali" }, "geometry": { "type": "Point", "coordinates": [ 115.178508729521809, -8.669478930013986 ] } },
{ "type": "Feature", "properties": { "Nm_Ruas": "Jl. Kebo Iwa Utara", "Status": "Jalan Kota", "Propinsi": "Bali", "Kab_Kot": "Kota Denpasar", "SkorBS": 43, "Ket": "Black Spot", "Coverage": "Black Link Blindspot", "tanggal": "2025-11-09T12:00:00+07:00", "Wilayah": "Bali", "Satwil": "Polda Bali" }, "geometry": { "type": "Point", "coordinates": [ 115.183414370383559, -8.631792206035604 ] } },
{ "type": "Feature", "properties": { "Nm_Ruas": "Jl. Bts. Kota Singaraja - Pegayaman", "Status": "Jalan Nasional", "Propinsi": "Bali", "Kab_Kot": "Buleleng", "SkorBS": 32, "Ket": "Black Spot", "Coverage": "Black Link Blindspot", "tanggal": "2025-11-09T12:00:00+07:00", "Wilayah": "Bali", "Satwil": "Polda Bali" }, "geometry": { "type": "Point", "coordinates": [ 115.129547380083594, -8.177086197507005 ] } },
{ "type": "Feature", "properties": { "Nm_Ruas": "Jl. Br. Taman Tanda - Mengwitani", "Status": "Jalan Nasional", "Propinsi": "Bali", "Kab_Kot": "Badung, Tabanan", "SkorBS": 57, "Ket": "Black Spot", "Coverage": "Black Link Blindspot", "tanggal": "2025-11-09T12:00:00+07:00", "Wilayah": "Bali", "Satwil": "Polda Bali" }, "geometry": { "type": "Point", "coordinates": [ 115.19567925911447, -8.395953173465008 ] } },
{ "type": "Feature", "properties": { "Nm_Ruas": "Jl. Br. Taman Tanda - Mengwitani", "Status": "Jalan Nasional", "Propinsi": "Bali", "Kab_Kot": "Badung, Tabanan", "SkorBS": 60, "Ket": "Black Spot", "Coverage": "Black Link Blindspot", "tanggal": "2025-11-09T12:00:00+07:00", "Wilayah": "Bali", "Satwil": "Polda Bali" }, "geometry": { "type": "Point", "coordinates": [ 115.180701306832418, -8.504770843739161 ] } },
{ "type": "Feature", "properties": { "Nm_Ruas": "Jl. Br. Taman Tanda - Mengwitani", "Status": "Jalan Nasional", "Propinsi": "Bali", "Kab_Kot": "Badung, Tabanan", "SkorBS": 32, "Ket": "Black Spot", "Coverage": "Black Link Blindspot", "tanggal": "2025-11-09T12:00:00+07:00", "Wilayah": "Bali", "Satwil": "Polda Bali" }, "geometry": { "type": "Point", "coordinates": [ 115.173109328023727, -8.525421350327013 ] } },
{ "type": "Feature", "properties": { "Nm_Ruas": "Jl. Br. Taman Tanda - Mengwitani", "Status": "Jalan Nasional", "Propinsi": "Bali", "Kab_Kot": "Badung, Tabanan", "SkorBS": 38, "Ket": "Black Spot", "Coverage": "Black Link Blindspot", "tanggal": "2025-11-09T12:00:00+07:00", "Wilayah": "Bali", "Satwil": "Polda Bali" }, "geometry": { "type": "Point", "coordinates": [ 115.171476449320977, -8.557767645958821 ] } },
{ "type": "Feature", "properties": { "Nm_Ruas": "Jl. Klungkung - Besakih", "Status": "Jalan Nasional", "Propinsi": "Bali", "Kab_Kot": "Bangli", "SkorBS": 30, "Ket": "Black Spot", "Coverage": "Black Link Blindspot", "tanggal": "2025-11-09T12:00:00+07:00", "Wilayah": "Bali", "Satwil": "Polda Bali" }, "geometry": { "type": "Point", "coordinates": [ 115.401905591896565, -8.5221630798288 ] } },
{ "type": "Feature", "properties": { "Nm_Ruas": "Jl. Jimbaran - Uluwatu", "Status": "Jalan Nasional", "Propinsi": "Bali", "Kab_Kot": "Badung", "SkorBS": 39, "Ket": "Black Spot", "Coverage": "Black Link Blindspot", "tanggal": "2025-11-09T12:00:00+07:00", "Wilayah": "Bali", "Satwil": "Polda Bali" }, "geometry": { "type": "Point", "coordinates": [ 115.171933956586855, -8.783976860530188 ] } },
{ "type": "Feature", "properties": { "Nm_Ruas": "Jl. Jimbaran - Uluwatu", "Status": "Jalan Nasional", "Propinsi": "Bali", "Kab_Kot": "Badung", "SkorBS": 37, "Ket": "Black Spot", "Coverage": "Black Link Blindspot", "tanggal": "2025-11-09T12:00:00+07:00", "Wilayah": "Bali", "Satwil": "Polda Bali" }, "geometry": { "type": "Point", "coordinates": [ 115.164771625225399, -8.788143198602693 ] } },
{ "type": "Feature", "properties": { "Nm_Ruas": "Jl. Bts. Kota Negara - Pekutatan", "Status": "Jalan Nasional", "Propinsi": "Bali", "Kab_Kot": "Jembrana", "SkorBS": 31, "Ket": "Black Spot", "Coverage": "Black Link Blindspot", "tanggal": "2025-11-09T12:00:00+07:00", "Wilayah": "Bali", "Satwil": "Polda Bali" }, "geometry": { "type": "Point", "coordinates": [ 114.802239918983929, -8.411075574401497 ] } },
{ "type": "Feature", "properties": { "Nm_Ruas": "Jl. Pekutatan - Antosari", "Status": "Jalan Nasional", "Propinsi": "Bali", "Kab_Kot": "Tabanan", "SkorBS": 31, "Ket": "Black Spot", "Coverage": "Black Link Blindspot", "tanggal": "2025-11-09T12:00:00+07:00", "Wilayah": "Bali", "Satwil": "Polda Bali" }, "geometry": { "type": "Point", "coordinates": [ 114.844524789000843, -8.428589829264547 ] } },
{ "type": "Feature", "properties": { "Nm_Ruas": "Jl. Pekutatan - Antosari", "Status": "Jalan Nasional", "Propinsi": "Bali", "Kab_Kot": "Tabanan", "SkorBS": 30, "Ket": "Black Spot", "Coverage": "Black Link Blindspot", "tanggal": "2025-11-09T12:00:00+07:00", "Wilayah": "Bali", "Satwil": "Polda Bali" }, "geometry": { "type": "Point", "coordinates": [ 114.953094720572949, -8.48993302255629 ] } },
{ "type": "Feature", "properties": { "Nm_Ruas": "Jl. Pekutatan - Antosari", "Status": "Jalan Nasional", "Propinsi": "Bali", "Kab_Kot": "Tabanan", "SkorBS": 35, "Ket": "Black Spot", "Coverage": "Black Link Blindspot", "tanggal": "2025-11-09T12:00:00+07:00", "Wilayah": "Bali", "Satwil": "Polda Bali" }, "geometry": { "type": "Point", "coordinates": [ 115.018100373794354, -8.503835093141509 ] } },
{ "type": "Feature", "properties": { "Nm_Ruas": "Jl. Pekutatan - Antosari", "Status": "Jalan Nasional", "Propinsi": "Bali", "Kab_Kot": "Tabanan", "SkorBS": 64, "Ket": "Black Spot", "Coverage": "Black Link Blindspot", "tanggal": "2025-11-09T12:00:00+07:00", "Wilayah": "Bali", "Satwil": "Polda Bali" }, "geometry": { "type": "Point", "coordinates": [ 115.005453128608252, -8.526681598665419 ] } },
{ "type": "Feature", "properties": { "Nm_Ruas": "Jl. Simp. Kediri - Pesiapan (Tabanan)", "Status": "Jalan Nasional", "Propinsi": "Bali", "Kab_Kot": "Tabanan", "SkorBS": 38, "Ket": "Black Spot", "Coverage": "Black Link Blindspot", "tanggal": "2025-11-09T12:00:00+07:00", "Wilayah": "Bali", "Satwil": "Polda Bali" }, "geometry": { "type": "Point", "coordinates": [ 115.135079984102617, -8.552976904409288 ] } },
{ "type": "Feature", "properties": { "Nm_Ruas": "Jl. Bts. Kota Tabanan - Mengwitani", "Status": "Jalan Nasional", "Propinsi": "Bali", "Kab_Kot": "Badung", "SkorBS": 46, "Ket": "Black Spot", "Coverage": "Black Link Blindspot", "tanggal": "2025-11-09T12:00:00+07:00", "Wilayah": "Bali", "Satwil": "Polda Bali" }, "geometry": { "type": "Point", "coordinates": [ 115.163196185726662, -8.562498394857787 ] } },
{ "type": "Feature", "properties": { "Nm_Ruas": "Jl. A. Yani (Tabanan)", "Status": "Jalan Nasional", "Propinsi": "Bali", "Kab_Kot": "Tabanan", "SkorBS": 67, "Ket": "Black Spot", "Coverage": "Black Link Blindspot", "tanggal": "2025-11-09T12:00:00+07:00", "Wilayah": "Bali", "Satwil": "Polda Bali" }, "geometry": { "type": "Point", "coordinates": [ 115.154030568185917, -8.560571734095856 ] } },
{ "type": "Feature", "properties": { "Nm_Ruas": "Jl. Mengwitani - Bts. Kota Denpasar", "Status": "Jalan Nasional", "Propinsi": "Bali", "Kab_Kot": "Badung", "SkorBS": 39, "Ket": "Black Spot", "Coverage": "Black Link Blindspot", "tanggal": "2025-11-09T12:00:00+07:00", "Wilayah": "Bali", "Satwil": "Polda Bali" }, "geometry": { "type": "Point", "coordinates": [ 115.179362840970214, -8.573723587734607 ] } },
{ "type": "Feature", "properties": { "Nm_Ruas": "Jl. Mengwitani - Bts. Kota Denpasar", "Status": "Jalan Nasional", "Propinsi": "Bali", "Kab_Kot": "Badung", "SkorBS": 34, "Ket": "Black Spot", "Coverage": "Black Link Blindspot", "tanggal": "2025-11-09T12:00:00+07:00", "Wilayah": "Bali", "Satwil": "Polda Bali" }, "geometry": { "type": "Point", "coordinates": [ 115.186501763985916, -8.593888107156735 ] } },
{ "type": "Feature", "properties": { "Nm_Ruas": "Jl. Mengwitani - Bts. Kota Denpasar", "Status": "Jalan Nasional", "Propinsi": "Bali", "Kab_Kot": "Badung", "SkorBS": 73, "Ket": "Black Spot", "Coverage": "Black Link Blindspot", "tanggal": "2025-11-09T12:00:00+07:00", "Wilayah": "Bali", "Satwil": "Polda Bali" }, "geometry": { "type": "Point", "coordinates": [ 115.18603468567423, -8.602296655753078 ] } },
{ "type": "Feature", "properties": { "Nm_Ruas": "Jl. Simp. Kuta - Tugu Ngurah Rai", "Status": "Jalan Nasional", "Propinsi": "Bali", "Kab_Kot": "Badung", "SkorBS": 39, "Ket": "Black Spot", "Coverage": "Black Link Blindspot", "tanggal": "2025-11-09T12:00:00+07:00", "Wilayah": "Bali", "Satwil": "Polda Bali" }, "geometry": { "type": "Point", "coordinates": [ 115.181546004311372, -8.723591209536924 ] } },
{ "type": "Feature", "properties": { "Nm_Ruas": "Jl. Tugu Ngurah Rai - Nusa Dua", "Status": "Jalan Nasional", "Propinsi": "Bali", "Kab_Kot": "Badung", "SkorBS": 86, "Ket": "Black Spot", "Coverage": "Black Link Tercover CCTV", "tanggal": "2025-11-09T12:00:00+07:00", "Wilayah": "Bali", "Satwil": "Polda Bali" }, "geometry": { "type": "Point", "coordinates": [ 115.186281429894038, -8.783511912542089 ] } },
{ "type": "Feature", "properties": { "Nm_Ruas": "Jl. Tugu Ngurah Rai - Nusa Dua", "Status": "Jalan Nasional", "Propinsi": "Bali", "Kab_Kot": "Badung", "SkorBS": 34, "Ket": "Black Spot", "Coverage": "Black Link Blindspot", "tanggal": "2025-11-09T12:00:00+07:00", "Wilayah": "Bali", "Satwil": "Polda Bali" }, "geometry": { "type": "Point", "coordinates": [ 115.207183606299949, -8.787595832574569 ] } },
{ "type": "Feature", "properties": { "Nm_Ruas": "Jl. Simpang Kuta - Simp. Pesanggaran", "Status": "Jalan Nasional", "Propinsi": "Bali", "Kab_Kot": "Kota Denpasar", "SkorBS": 32, "Ket": "Black Spot", "Coverage": "Black Link Blindspot", "tanggal": "2025-11-09T12:00:00+07:00", "Wilayah": "Bali", "Satwil": "Polda Bali" }, "geometry": { "type": "Point", "coordinates": [ 115.196869630296618, -8.720129972675698 ] } },
{ "type": "Feature", "properties": { "Nm_Ruas": "Jl. Simpang Pesanggaran - Simpang Sanur", "Status": "Jalan Nasional", "Propinsi": "Bali", "Kab_Kot": "Kota Denpasar", "SkorBS": 30, "Ket": "Black Spot", "Coverage": "Black Link Blindspot", "tanggal": "2025-11-09T12:00:00+07:00", "Wilayah": "Bali", "Satwil": "Polda Bali" }, "geometry": { "type": "Point", "coordinates": [ 115.242551607221031, -8.707746570731892 ] } },
{ "type": "Feature", "properties": { "Nm_Ruas": "Jl. Sp. Pantai Siut - Kosamba", "Status": "Jalan Nasional", "Propinsi": "Bali", "Kab_Kot": "Klungkung", "SkorBS": 33, "Ket": "Black Spot", "Coverage": "Black Link Blindspot", "tanggal": "2025-11-09T12:00:00+07:00", "Wilayah": "Bali", "Satwil": "Polda Bali" }, "geometry": { "type": "Point", "coordinates": [ 115.457011243741007, -8.555188635361585 ] } },
{ "type": "Feature", "properties": { "Nm_Ruas": "Jl. Sp. Tohpati - Sp. Pantai Siut", "Status": "Jalan Nasional", "Propinsi": "Bali", "Kab_Kot": "Gianyar", "SkorBS": 32, "Ket": "Black Spot", "Coverage": "Black Link Blindspot", "tanggal": "2025-11-09T12:00:00+07:00", "Wilayah": "Bali", "Satwil": "Polda Bali" }, "geometry": { "type": "Point", "coordinates": [ 115.352985450447051, -8.581310235771921 ] } },
{ "type": "Feature", "properties": { "Nm_Ruas": "Jl. Sp. Tohpati - Sp. Pantai Siut", "Status": "Jalan Nasional", "Propinsi": "Bali", "Kab_Kot": "Gianyar", "SkorBS": 34, "Ket": "Black Spot", "Coverage": "Black Link Blindspot", "tanggal": "2025-11-09T12:00:00+07:00", "Wilayah": "Bali", "Satwil": "Polda Bali" }, "geometry": { "type": "Point", "coordinates": [ 115.331217305644842, -8.597047142428945 ] } },
{ "type": "Feature", "properties": { "Nm_Ruas": "Jl. Sp. Tohpati - Sp. Pantai Siut", "Status": "Jalan Nasional", "Propinsi": "Bali", "Kab_Kot": "Gianyar", "SkorBS": 35, "Ket": "Black Spot", "Coverage": "Black Link Blindspot", "tanggal": "2025-11-09T12:00:00+07:00", "Wilayah": "Bali", "Satwil": "Polda Bali" }, "geometry": { "type": "Point", "coordinates": [ 115.285846250453275, -8.636337859303154 ] } },
{ "type": "Feature", "properties": { "Nm_Ruas": "Jl. Sp. Tohpati - Sakah", "Status": "Jalan Nasional", "Propinsi": "Bali", "Kab_Kot": "Gianyar", "SkorBS": 32, "Ket": "Black Spot", "Coverage": "Black Link Blindspot", "tanggal": "2025-11-09T12:00:00+07:00", "Wilayah": "Bali", "Satwil": "Polda Bali" }, "geometry": { "type": "Point", "coordinates": [ 115.255980471824842, -8.621924015885577 ] } },
{ "type": "Feature", "properties": { "Nm_Ruas": "Jl. Sakah - Blahbatu", "Status": "Jalan Nasional", "Propinsi": "Bali", "Kab_Kot": "Gianyar", "SkorBS": 31, "Ket": "Black Spot", "Coverage": "Black Link Blindspot", "tanggal": "2025-11-09T12:00:00+07:00", "Wilayah": "Bali", "Satwil": "Polda Bali" }, "geometry": { "type": "Point", "coordinates": [ 115.28928112553352, -8.5656358095126 ] } },
{ "type": "Feature", "properties": { "Nm_Ruas": "Jl. Cekik - Seririt", "Status": "Jalan Nasional", "Propinsi": "Bali", "Kab_Kot": "Buleleng", "SkorBS": 35, "Ket": "Black Spot", "Coverage": "Black Link Blindspot", "tanggal": "2025-11-09T12:00:00+07:00", "Wilayah": "Bali", "Satwil": "Polda Bali" }, "geometry": { "type": "Point", "coordinates": [ 114.788619630377667, -8.184880590967015 ] } },
{ "type": "Feature", "properties": { "Nm_Ruas": "Jl. Sp. Buagan - Sp. Br. Abian Base", "Status": "Jalan Nasional", "Propinsi": "Bali", "Kab_Kot": "Kota Denpasar", "SkorBS": 40, "Ket": "Black Spot", "Coverage": "Black Link Blindspot", "tanggal": "2025-11-09T12:00:00+07:00", "Wilayah": "Bali", "Satwil": "Polda Bali" }, "geometry": { "type": "Point", "coordinates": [ 115.182952330490352, -8.705784400733879 ] } },
{ "type": "Feature", "properties": { "Nm_Ruas": "Jl. Simp. Kediri - Pesiapan (Tabanan)", "Status": "Jalan Nasional", "Propinsi": "Bali", "Kab_Kot": "Tabanan", "SkorBS": 31, "Ket": "Black Spot", "Coverage": "Black Link Blindspot", "tanggal": "2025-11-09T12:00:00+07:00", "Wilayah": "Bali", "Satwil": "Polda Bali" }, "geometry": { "type": "Point", "coordinates": [ 115.115282965416952, -8.545545152375526 ] } },
{ "type": "Feature", "properties": { "Nm_Ruas": "Jl. Br. Taman Tanda - Mengwitani", "Status": "Jalan Nasional", "Propinsi": "Bali", "Kab_Kot": "Badung, Tabanan", "SkorBS": 41, "Ket": "Black Spot", "Coverage": "Black Link Blindspot", "tanggal": "2025-11-09T12:00:00+07:00", "Wilayah": "Bali", "Satwil": "Polda Bali" }, "geometry": { "type": "Point", "coordinates": [ 115.172358148349943, -8.527684024034274 ] } },
{ "type": "Feature", "properties": { "Nm_Ruas": "Jl. Sp. Tohpati - Sp. Pantai Siut", "Status": "Jalan Nasional", "Propinsi": "Bali", "Kab_Kot": "Gianyar", "SkorBS": 47, "Ket": "Black Spot", "Coverage": "Black Link Blindspot", "tanggal": "2025-11-09T12:00:00+07:00", "Wilayah": "Bali", "Satwil": "Polda Bali" }, "geometry": { "type": "Point", "coordinates": [ 115.298795162072821, -8.622454449805712 ] } },
{ "type": "Feature", "properties": { "Nm_Ruas": "Jl. Sekar Sari", "Status": "Jalan Kota", "Propinsi": "Bali", "Kab_Kot": "Kota Denpasar", "SkorBS": 33, "Ket": "Black Spot", "Coverage": "Black Link Blindspot", "tanggal": "2025-11-09T12:00:00+07:00", "Wilayah": "Bali", "Satwil": "Polda Bali" }, "geometry": { "type": "Point", "coordinates": [ 115.26297028976812, -8.649631331718302 ] } },
{ "type": "Feature", "properties": { "Nm_Ruas": "Jl. A. Yani (Tabanan)", "Status": "Jalan Nasional", "Propinsi": "Bali", "Kab_Kot": "Tabanan", "SkorBS": 32, "Ket": "Black Spot", "Coverage": "Black Link Blindspot", "tanggal": "2025-11-09T12:00:00+07:00", "Wilayah": "Bali", "Satwil": "Polda Bali" }, "geometry": { "type": "Point", "coordinates": [ 115.143702717373131, -8.55598719650675 ] } },
{ "type": "Feature", "properties": { "Nm_Ruas": "Jl. Semebaung - Bedahulu", "Status": "Jalan Provinsi", "Propinsi": "Bali", "Kab_Kot": "Gianyar", "SkorBS": 51, "Ket": "Black Spot", "Coverage": "Black Link Blindspot", "tanggal": "2025-11-10T12:00:00+07:00", "Wilayah": "Bali", "Satwil": "Polda Bali" }, "geometry": { "type": "Point", "coordinates": [ 115.297074393219901, -8.529074119210307 ] } },
{ "type": "Feature", "properties": { "Nm_Ruas": "Jl. Bts. Buleleng - Kubutambahan", "Status": "Jalan Provinsi", "Propinsi": "Bali", "Kab_Kot": "Buleleng", "SkorBS": 32, "Ket": "Black Spot", "Coverage": "Black Link Blindspot", "tanggal": "2025-11-10T12:00:00+07:00", "Wilayah": "Bali", "Satwil": "Polda Bali" }, "geometry": { "type": "Point", "coordinates": [ 115.179090237305431, -8.106891834849383 ] } },
{ "type": "Feature", "properties": { "Nm_Ruas": "Jl. Antosari - Pupuan", "Status": "Jalan Provinsi", "Propinsi": "Bali", "Kab_Kot": "Tabanan", "SkorBS": 33, "Ket": "Black Spot", "Coverage": "Black Link Blindspot", "tanggal": "2025-11-10T12:00:00+07:00", "Wilayah": "Bali", "Satwil": "Polda Bali" }, "geometry": { "type": "Point", "coordinates": [ 115.023827024123221, -8.462622751846846 ] } },
{ "type": "Feature", "properties": { "Nm_Ruas": "Jl. Raya Marga Apuan", "Status": "Jalan Kabupaten", "Propinsi": "Bali", "Kab_Kot": "Tabanan", "SkorBS": 33, "Ket": "Black Spot", "Coverage": "Black Link Blindspot", "tanggal": "2025-11-10T12:00:00+07:00", "Wilayah": "Bali", "Satwil": "Polda Bali" }, "geometry": { "type": "Point", "coordinates": [ 115.171998827571528, -8.461398275970142 ] } },
{ "type": "Feature", "properties": { "Nm_Ruas": "Jl. Dakdakan - Munggu", "Status": "Jalan Kabupaten", "Propinsi": "Bali", "Kab_Kot": "Tabanan", "SkorBS": 38, "Ket": "Black Spot", "Coverage": "Black Link Blindspot", "tanggal": "2025-11-10T12:00:00+07:00", "Wilayah": "Bali", "Satwil": "Polda Bali" }, "geometry": { "type": "Point", "coordinates": [ 115.13764129980872, -8.597983188067841 ] } },
{ "type": "Feature", "properties": { "Nm_Ruas": "Jl. Br.seminyak - Bts Kab/kantor Dkp", "Status": "Jalan Kabupaten", "Propinsi": "Bali", "Kab_Kot": "Badung", "SkorBS": 34, "Ket": "Black Spot", "Coverage": "Black Link Tercover CCTV", "tanggal": "2025-11-10T12:00:00+07:00", "Wilayah": "Bali", "Satwil": "Polda Bali" }, "geometry": { "type": "Point", "coordinates": [ 115.170424546618889, -8.688763212213205 ] } },
{ "type": "Feature", "properties": { "Nm_Ruas": "Jl. Gunung Salak", "Status": "Jalan Kota", "Propinsi": "Bali", "Kab_Kot": "Kota Denpasar", "SkorBS": 33, "Ket": "Black Spot", "Coverage": "Black Link Blindspot", "tanggal": "2025-11-10T12:00:00+07:00", "Wilayah": "Bali", "Satwil": "Polda Bali" }, "geometry": { "type": "Point", "coordinates": [ 115.178508729521809, -8.669478930013986 ] } },
{ "type": "Feature", "properties": { "Nm_Ruas": "Jl. Kebo Iwa Utara", "Status": "Jalan Kota", "Propinsi": "Bali", "Kab_Kot": "Kota Denpasar", "SkorBS": 43, "Ket": "Black Spot", "Coverage": "Black Link Blindspot", "tanggal": "2025-11-10T12:00:00+07:00", "Wilayah": "Bali", "Satwil": "Polda Bali" }, "geometry": { "type": "Point", "coordinates": [ 115.183414370383559, -8.631792206035604 ] } },
{ "type": "Feature", "properties": { "Nm_Ruas": "Jl. Bts. Kota Singaraja - Pegayaman", "Status": "Jalan Nasional", "Propinsi": "Bali", "Kab_Kot": "Buleleng", "SkorBS": 32, "Ket": "Black Spot", "Coverage": "Black Link Blindspot", "tanggal": "2025-11-10T12:00:00+07:00", "Wilayah": "Bali", "Satwil": "Polda Bali" }, "geometry": { "type": "Point", "coordinates": [ 115.129547380083594, -8.177086197507005 ] } },
{ "type": "Feature", "properties": { "Nm_Ruas": "Jl. Br. Taman Tanda - Mengwitani", "Status": "Jalan Nasional", "Propinsi": "Bali", "Kab_Kot": "Badung, Tabanan", "SkorBS": 57, "Ket": "Black Spot", "Coverage": "Black Link Blindspot", "tanggal": "2025-11-10T12:00:00+07:00", "Wilayah": "Bali", "Satwil": "Polda Bali" }, "geometry": { "type": "Point", "coordinates": [ 115.19567925911447, -8.395953173465008 ] } },
{ "type": "Feature", "properties": { "Nm_Ruas": "Jl. Br. Taman Tanda - Mengwitani", "Status": "Jalan Nasional", "Propinsi": "Bali", "Kab_Kot": "Badung, Tabanan", "SkorBS": 60, "Ket": "Black Spot", "Coverage": "Black Link Blindspot", "tanggal": "2025-11-10T12:00:00+07:00", "Wilayah": "Bali", "Satwil": "Polda Bali" }, "geometry": { "type": "Point", "coordinates": [ 115.180701306832418, -8.504770843739161 ] } },
{ "type": "Feature", "properties": { "Nm_Ruas": "Jl. Br. Taman Tanda - Mengwitani", "Status": "Jalan Nasional", "Propinsi": "Bali", "Kab_Kot": "Badung, Tabanan", "SkorBS": 32, "Ket": "Black Spot", "Coverage": "Black Link Blindspot", "tanggal": "2025-11-10T12:00:00+07:00", "Wilayah": "Bali", "Satwil": "Polda Bali" }, "geometry": { "type": "Point", "coordinates": [ 115.173109328023727, -8.525421350327013 ] } },
{ "type": "Feature", "properties": { "Nm_Ruas": "Jl. Br. Taman Tanda - Mengwitani", "Status": "Jalan Nasional", "Propinsi": "Bali", "Kab_Kot": "Badung, Tabanan", "SkorBS": 38, "Ket": "Black Spot", "Coverage": "Black Link Blindspot", "tanggal": "2025-11-10T12:00:00+07:00", "Wilayah": "Bali", "Satwil": "Polda Bali" }, "geometry": { "type": "Point", "coordinates": [ 115.171476449320977, -8.557767645958821 ] } },
{ "type": "Feature", "properties": { "Nm_Ruas": "Jl. Klungkung - Besakih", "Status": "Jalan Nasional", "Propinsi": "Bali", "Kab_Kot": "Bangli", "SkorBS": 30, "Ket": "Black Spot", "Coverage": "Black Link Blindspot", "tanggal": "2025-11-10T12:00:00+07:00", "Wilayah": "Bali", "Satwil": "Polda Bali" }, "geometry": { "type": "Point", "coordinates": [ 115.401905591896565, -8.5221630798288 ] } },
{ "type": "Feature", "properties": { "Nm_Ruas": "Jl. Jimbaran - Uluwatu", "Status": "Jalan Nasional", "Propinsi": "Bali", "Kab_Kot": "Badung", "SkorBS": 39, "Ket": "Black Spot", "Coverage": "Black Link Blindspot", "tanggal": "2025-11-10T12:00:00+07:00", "Wilayah": "Bali", "Satwil": "Polda Bali" }, "geometry": { "type": "Point", "coordinates": [ 115.171933956586855, -8.783976860530188 ] } },
{ "type": "Feature", "properties": { "Nm_Ruas": "Jl. Jimbaran - Uluwatu", "Status": "Jalan Nasional", "Propinsi": "Bali", "Kab_Kot": "Badung", "SkorBS": 37, "Ket": "Black Spot", "Coverage": "Black Link Blindspot", "tanggal": "2025-11-10T12:00:00+07:00", "Wilayah": "Bali", "Satwil": "Polda Bali" }, "geometry": { "type": "Point", "coordinates": [ 115.164771625225399, -8.788143198602693 ] } },
{ "type": "Feature", "properties": { "Nm_Ruas": "Jl. Bts. Kota Negara - Pekutatan", "Status": "Jalan Nasional", "Propinsi": "Bali", "Kab_Kot": "Jembrana", "SkorBS": 31, "Ket": "Black Spot", "Coverage": "Black Link Blindspot", "tanggal": "2025-11-10T12:00:00+07:00", "Wilayah": "Bali", "Satwil": "Polda Bali" }, "geometry": { "type": "Point", "coordinates": [ 114.802239918983929, -8.411075574401497 ] } },
{ "type": "Feature", "properties": { "Nm_Ruas": "Jl. Pekutatan - Antosari", "Status": "Jalan Nasional", "Propinsi": "Bali", "Kab_Kot": "Tabanan", "SkorBS": 31, "Ket": "Black Spot", "Coverage": "Black Link Blindspot", "tanggal": "2025-11-10T12:00:00+07:00", "Wilayah": "Bali", "Satwil": "Polda Bali" }, "geometry": { "type": "Point", "coordinates": [ 114.844524789000843, -8.428589829264547 ] } },
{ "type": "Feature", "properties": { "Nm_Ruas": "Jl. Pekutatan - Antosari", "Status": "Jalan Nasional", "Propinsi": "Bali", "Kab_Kot": "Tabanan", "SkorBS": 30, "Ket": "Black Spot", "Coverage": "Black Link Blindspot", "tanggal": "2025-11-10T12:00:00+07:00", "Wilayah": "Bali", "Satwil": "Polda Bali" }, "geometry": { "type": "Point", "coordinates": [ 114.953094720572949, -8.48993302255629 ] } },
{ "type": "Feature", "properties": { "Nm_Ruas": "Jl. Pekutatan - Antosari", "Status": "Jalan Nasional", "Propinsi": "Bali", "Kab_Kot": "Tabanan", "SkorBS": 35, "Ket": "Black Spot", "Coverage": "Black Link Blindspot", "tanggal": "2025-11-10T12:00:00+07:00", "Wilayah": "Bali", "Satwil": "Polda Bali" }, "geometry": { "type": "Point", "coordinates": [ 115.018100373794354, -8.503835093141509 ] } },
{ "type": "Feature", "properties": { "Nm_Ruas": "Jl. Pekutatan - Antosari", "Status": "Jalan Nasional", "Propinsi": "Bali", "Kab_Kot": "Tabanan", "SkorBS": 64, "Ket": "Black Spot", "Coverage": "Black Link Blindspot", "tanggal": "2025-11-10T12:00:00+07:00", "Wilayah": "Bali", "Satwil": "Polda Bali" }, "geometry": { "type": "Point", "coordinates": [ 115.005453128608252, -8.526681598665419 ] } },
{ "type": "Feature", "properties": { "Nm_Ruas": "Jl. Simp. Kediri - Pesiapan (Tabanan)", "Status": "Jalan Nasional", "Propinsi": "Bali", "Kab_Kot": "Tabanan", "SkorBS": 38, "Ket": "Black Spot", "Coverage": "Black Link Blindspot", "tanggal": "2025-11-10T12:00:00+07:00", "Wilayah": "Bali", "Satwil": "Polda Bali" }, "geometry": { "type": "Point", "coordinates": [ 115.135079984102617, -8.552976904409288 ] } },
{ "type": "Feature", "properties": { "Nm_Ruas": "Jl. Bts. Kota Tabanan - Mengwitani", "Status": "Jalan Nasional", "Propinsi": "Bali", "Kab_Kot": "Badung", "SkorBS": 46, "Ket": "Black Spot", "Coverage": "Black Link Blindspot", "tanggal": "2025-11-10T12:00:00+07:00", "Wilayah": "Bali", "Satwil": "Polda Bali" }, "geometry": { "type": "Point", "coordinates": [ 115.163196185726662, -8.562498394857787 ] } },
{ "type": "Feature", "properties": { "Nm_Ruas": "Jl. A. Yani (Tabanan)", "Status": "Jalan Nasional", "Propinsi": "Bali", "Kab_Kot": "Tabanan", "SkorBS": 67, "Ket": "Black Spot", "Coverage": "Black Link Blindspot", "tanggal": "2025-11-10T12:00:00+07:00", "Wilayah": "Bali", "Satwil": "Polda Bali" }, "geometry": { "type": "Point", "coordinates": [ 115.154030568185917, -8.560571734095856 ] } },
{ "type": "Feature", "properties": { "Nm_Ruas": "Jl. Mengwitani - Bts. Kota Denpasar", "Status": "Jalan Nasional", "Propinsi": "Bali", "Kab_Kot": "Badung", "SkorBS": 39, "Ket": "Black Spot", "Coverage": "Black Link Blindspot", "tanggal": "2025-11-10T12:00:00+07:00", "Wilayah": "Bali", "Satwil": "Polda Bali" }, "geometry": { "type": "Point", "coordinates": [ 115.179362840970214, -8.573723587734607 ] } },
{ "type": "Feature", "properties": { "Nm_Ruas": "Jl. Mengwitani - Bts. Kota Denpasar", "Status": "Jalan Nasional", "Propinsi": "Bali", "Kab_Kot": "Badung", "SkorBS": 34, "Ket": "Black Spot", "Coverage": "Black Link Blindspot", "tanggal": "2025-11-10T12:00:00+07:00", "Wilayah": "Bali", "Satwil": "Polda Bali" }, "geometry": { "type": "Point", "coordinates": [ 115.186501763985916, -8.593888107156735 ] } },
{ "type": "Feature", "properties": { "Nm_Ruas": "Jl. Mengwitani - Bts. Kota Denpasar", "Status": "Jalan Nasional", "Propinsi": "Bali", "Kab_Kot": "Badung", "SkorBS": 73, "Ket": "Black Spot", "Coverage": "Black Link Blindspot", "tanggal": "2025-11-10T12:00:00+07:00", "Wilayah": "Bali", "Satwil": "Polda Bali" }, "geometry": { "type": "Point", "coordinates": [ 115.18603468567423, -8.602296655753078 ] } },
{ "type": "Feature", "properties": { "Nm_Ruas": "Jl. Simp. Kuta - Tugu Ngurah Rai", "Status": "Jalan Nasional", "Propinsi": "Bali", "Kab_Kot": "Badung", "SkorBS": 39, "Ket": "Black Spot", "Coverage": "Black Link Blindspot", "tanggal": "2025-11-10T12:00:00+07:00", "Wilayah": "Bali", "Satwil": "Polda Bali" }, "geometry": { "type": "Point", "coordinates": [ 115.181546004311372, -8.723591209536924 ] } },
{ "type": "Feature", "properties": { "Nm_Ruas": "Jl. Tugu Ngurah Rai - Nusa Dua", "Status": "Jalan Nasional", "Propinsi": "Bali", "Kab_Kot": "Badung", "SkorBS": 86, "Ket": "Black Spot", "Coverage": "Black Link Tercover CCTV", "tanggal": "2025-11-10T12:00:00+07:00", "Wilayah": "Bali", "Satwil": "Polda Bali" }, "geometry": { "type": "Point", "coordinates": [ 115.186281429894038, -8.783511912542089 ] } },
{ "type": "Feature", "properties": { "Nm_Ruas": "Jl. Tugu Ngurah Rai - Nusa Dua", "Status": "Jalan Nasional", "Propinsi": "Bali", "Kab_Kot": "Badung", "SkorBS": 34, "Ket": "Black Spot", "Coverage": "Black Link Blindspot", "tanggal": "2025-11-10T12:00:00+07:00", "Wilayah": "Bali", "Satwil": "Polda Bali" }, "geometry": { "type": "Point", "coordinates": [ 115.207183606299949, -8.787595832574569 ] } },
{ "type": "Feature", "properties": { "Nm_Ruas": "Jl. Simpang Kuta - Simp. Pesanggaran", "Status": "Jalan Nasional", "Propinsi": "Bali", "Kab_Kot": "Kota Denpasar", "SkorBS": 32, "Ket": "Black Spot", "Coverage": "Black Link Blindspot", "tanggal": "2025-11-10T12:00:00+07:00", "Wilayah": "Bali", "Satwil": "Polda Bali" }, "geometry": { "type": "Point", "coordinates": [ 115.196869630296618, -8.720129972675698 ] } },
{ "type": "Feature", "properties": { "Nm_Ruas": "Jl. Simpang Pesanggaran - Simpang Sanur", "Status": "Jalan Nasional", "Propinsi": "Bali", "Kab_Kot": "Kota Denpasar", "SkorBS": 30, "Ket": "Black Spot", "Coverage": "Black Link Blindspot", "tanggal": "2025-11-10T12:00:00+07:00", "Wilayah": "Bali", "Satwil": "Polda Bali" }, "geometry": { "type": "Point", "coordinates": [ 115.242551607221031, -8.707746570731892 ] } },
{ "type": "Feature", "properties": { "Nm_Ruas": "Jl. Sp. Pantai Siut - Kosamba", "Status": "Jalan Nasional", "Propinsi": "Bali", "Kab_Kot": "Klungkung", "SkorBS": 33, "Ket": "Black Spot", "Coverage": "Black Link Blindspot", "tanggal": "2025-11-10T12:00:00+07:00", "Wilayah": "Bali", "Satwil": "Polda Bali" }, "geometry": { "type": "Point", "coordinates": [ 115.457011243741007, -8.555188635361585 ] } },
{ "type": "Feature", "properties": { "Nm_Ruas": "Jl. Sp. Tohpati - Sp. Pantai Siut", "Status": "Jalan Nasional", "Propinsi": "Bali", "Kab_Kot": "Gianyar", "SkorBS": 32, "Ket": "Black Spot", "Coverage": "Black Link Blindspot", "tanggal": "2025-11-10T12:00:00+07:00", "Wilayah": "Bali", "Satwil": "Polda Bali" }, "geometry": { "type": "Point", "coordinates": [ 115.352985450447051, -8.581310235771921 ] } },
{ "type": "Feature", "properties": { "Nm_Ruas": "Jl. Sp. Tohpati - Sp. Pantai Siut", "Status": "Jalan Nasional", "Propinsi": "Bali", "Kab_Kot": "Gianyar", "SkorBS": 34, "Ket": "Black Spot", "Coverage": "Black Link Blindspot", "tanggal": "2025-11-10T12:00:00+07:00", "Wilayah": "Bali", "Satwil": "Polda Bali" }, "geometry": { "type": "Point", "coordinates": [ 115.331217305644842, -8.597047142428945 ] } },
{ "type": "Feature", "properties": { "Nm_Ruas": "Jl. Sp. Tohpati - Sp. Pantai Siut", "Status": "Jalan Nasional", "Propinsi": "Bali", "Kab_Kot": "Gianyar", "SkorBS": 35, "Ket": "Black Spot", "Coverage": "Black Link Blindspot", "tanggal": "2025-11-10T12:00:00+07:00", "Wilayah": "Bali", "Satwil": "Polda Bali" }, "geometry": { "type": "Point", "coordinates": [ 115.285846250453275, -8.636337859303154 ] } },
{ "type": "Feature", "properties": { "Nm_Ruas": "Jl. Sp. Tohpati - Sakah", "Status": "Jalan Nasional", "Propinsi": "Bali", "Kab_Kot": "Gianyar", "SkorBS": 32, "Ket": "Black Spot", "Coverage": "Black Link Blindspot", "tanggal": "2025-11-10T12:00:00+07:00", "Wilayah": "Bali", "Satwil": "Polda Bali" }, "geometry": { "type": "Point", "coordinates": [ 115.255980471824842, -8.621924015885577 ] } },
{ "type": "Feature", "properties": { "Nm_Ruas": "Jl. Sakah - Blahbatu", "Status": "Jalan Nasional", "Propinsi": "Bali", "Kab_Kot": "Gianyar", "SkorBS": 31, "Ket": "Black Spot", "Coverage": "Black Link Blindspot", "tanggal": "2025-11-10T12:00:00+07:00", "Wilayah": "Bali", "Satwil": "Polda Bali" }, "geometry": { "type": "Point", "coordinates": [ 115.28928112553352, -8.5656358095126 ] } },
{ "type": "Feature", "properties": { "Nm_Ruas": "Jl. Cekik - Seririt", "Status": "Jalan Nasional", "Propinsi": "Bali", "Kab_Kot": "Buleleng", "SkorBS": 35, "Ket": "Black Spot", "Coverage": "Black Link Blindspot", "tanggal": "2025-11-10T12:00:00+07:00", "Wilayah": "Bali", "Satwil": "Polda Bali" }, "geometry": { "type": "Point", "coordinates": [ 114.788619630377667, -8.184880590967015 ] } },
{ "type": "Feature", "properties": { "Nm_Ruas": "Jl. Sp. Buagan - Sp. Br. Abian Base", "Status": "Jalan Nasional", "Propinsi": "Bali", "Kab_Kot": "Kota Denpasar", "SkorBS": 40, "Ket": "Black Spot", "Coverage": "Black Link Blindspot", "tanggal": "2025-11-10T12:00:00+07:00", "Wilayah": "Bali", "Satwil": "Polda Bali" }, "geometry": { "type": "Point", "coordinates": [ 115.182952330490352, -8.705784400733879 ] } },
{ "type": "Feature", "properties": { "Nm_Ruas": "Jl. Simp. Kediri - Pesiapan (Tabanan)", "Status": "Jalan Nasional", "Propinsi": "Bali", "Kab_Kot": "Tabanan", "SkorBS": 31, "Ket": "Black Spot", "Coverage": "Black Link Blindspot", "tanggal": "2025-11-10T12:00:00+07:00", "Wilayah": "Bali", "Satwil": "Polda Bali" }, "geometry": { "type": "Point", "coordinates": [ 115.115282965416952, -8.545545152375526 ] } },
{ "type": "Feature", "properties": { "Nm_Ruas": "Jl. Br. Taman Tanda - Mengwitani", "Status": "Jalan Nasional", "Propinsi": "Bali", "Kab_Kot": "Badung, Tabanan", "SkorBS": 41, "Ket": "Black Spot", "Coverage": "Black Link Blindspot", "tanggal": "2025-11-10T12:00:00+07:00", "Wilayah": "Bali", "Satwil": "Polda Bali" }, "geometry": { "type": "Point", "coordinates": [ 115.172358148349943, -8.527684024034274 ] } },
{ "type": "Feature", "properties": { "Nm_Ruas": "Jl. Sp. Tohpati - Sp. Pantai Siut", "Status": "Jalan Nasional", "Propinsi": "Bali", "Kab_Kot": "Gianyar", "SkorBS": 47, "Ket": "Black Spot", "Coverage": "Black Link Blindspot", "tanggal": "2025-11-10T12:00:00+07:00", "Wilayah": "Bali", "Satwil": "Polda Bali" }, "geometry": { "type": "Point", "coordinates": [ 115.298795162072821, -8.622454449805712 ] } },
{ "type": "Feature", "properties": { "Nm_Ruas": "Jl. Sekar Sari", "Status": "Jalan Kota", "Propinsi": "Bali", "Kab_Kot": "Kota Denpasar", "SkorBS": 33, "Ket": "Black Spot", "Coverage": "Black Link Blindspot", "tanggal": "2025-11-10T12:00:00+07:00", "Wilayah": "Bali", "Satwil": "Polda Bali" }, "geometry": { "type": "Point", "coordinates": [ 115.26297028976812, -8.649631331718302 ] } },
{ "type": "Feature", "properties": { "Nm_Ruas": "Jl. A. Yani (Tabanan)", "Status": "Jalan Nasional", "Propinsi": "Bali", "Kab_Kot": "Tabanan", "SkorBS": 32, "Ket": "Black Spot", "Coverage": "Black Link Blindspot", "tanggal": "2025-11-10T12:00:00+07:00", "Wilayah": "Bali", "Satwil": "Polda Bali" }, "geometry": { "type": "Point", "coordinates": [ 115.143702717373131, -8.55598719650675 ] } },
{ "type": "Feature", "properties": { "Nm_Ruas": "Jl. Semebaung - Bedahulu", "Status": "Jalan Provinsi", "Propinsi": "Bali", "Kab_Kot": "Gianyar", "SkorBS": 51, "Ket": "Black Spot", "Coverage": "Black Link Blindspot", "tanggal": "2025-11-11T12:00:00+07:00", "Wilayah": "Bali", "Satwil": "Polda Bali" }, "geometry": { "type": "Point", "coordinates": [ 115.297074393219901, -8.529074119210307 ] } },
{ "type": "Feature", "properties": { "Nm_Ruas": "Jl. Bts. Buleleng - Kubutambahan", "Status": "Jalan Provinsi", "Propinsi": "Bali", "Kab_Kot": "Buleleng", "SkorBS": 32, "Ket": "Black Spot", "Coverage": "Black Link Blindspot", "tanggal": "2025-11-11T12:00:00+07:00", "Wilayah": "Bali", "Satwil": "Polda Bali" }, "geometry": { "type": "Point", "coordinates": [ 115.179090237305431, -8.106891834849383 ] } },
{ "type": "Feature", "properties": { "Nm_Ruas": "Jl. Antosari - Pupuan", "Status": "Jalan Provinsi", "Propinsi": "Bali", "Kab_Kot": "Tabanan", "SkorBS": 33, "Ket": "Black Spot", "Coverage": "Black Link Blindspot", "tanggal": "2025-11-11T12:00:00+07:00", "Wilayah": "Bali", "Satwil": "Polda Bali" }, "geometry": { "type": "Point", "coordinates": [ 115.023827024123221, -8.462622751846846 ] } },
{ "type": "Feature", "properties": { "Nm_Ruas": "Jl. Raya Marga Apuan", "Status": "Jalan Kabupaten", "Propinsi": "Bali", "Kab_Kot": "Tabanan", "SkorBS": 33, "Ket": "Black Spot", "Coverage": "Black Link Blindspot", "tanggal": "2025-11-11T12:00:00+07:00", "Wilayah": "Bali", "Satwil": "Polda Bali" }, "geometry": { "type": "Point", "coordinates": [ 115.171998827571528, -8.461398275970142 ] } },
{ "type": "Feature", "properties": { "Nm_Ruas": "Jl. Dakdakan - Munggu", "Status": "Jalan Kabupaten", "Propinsi": "Bali", "Kab_Kot": "Tabanan", "SkorBS": 38, "Ket": "Black Spot", "Coverage": "Black Link Blindspot", "tanggal": "2025-11-11T12:00:00+07:00", "Wilayah": "Bali", "Satwil": "Polda Bali" }, "geometry": { "type": "Point", "coordinates": [ 115.13764129980872, -8.597983188067841 ] } },
{ "type": "Feature", "properties": { "Nm_Ruas": "Jl. Br.seminyak - Bts Kab/kantor Dkp", "Status": "Jalan Kabupaten", "Propinsi": "Bali", "Kab_Kot": "Badung", "SkorBS": 34, "Ket": "Black Spot", "Coverage": "Black Link Tercover CCTV", "tanggal": "2025-11-11T12:00:00+07:00", "Wilayah": "Bali", "Satwil": "Polda Bali" }, "geometry": { "type": "Point", "coordinates": [ 115.170424546618889, -8.688763212213205 ] } },
{ "type": "Feature", "properties": { "Nm_Ruas": "Jl. Gunung Salak", "Status": "Jalan Kota", "Propinsi": "Bali", "Kab_Kot": "Kota Denpasar", "SkorBS": 33, "Ket": "Black Spot", "Coverage": "Black Link Blindspot", "tanggal": "2025-11-11T12:00:00+07:00", "Wilayah": "Bali", "Satwil": "Polda Bali" }, "geometry": { "type": "Point", "coordinates": [ 115.178508729521809, -8.669478930013986 ] } },
{ "type": "Feature", "properties": { "Nm_Ruas": "Jl. Kebo Iwa Utara", "Status": "Jalan Kota", "Propinsi": "Bali", "Kab_Kot": "Kota Denpasar", "SkorBS": 43, "Ket": "Black Spot", "Coverage": "Black Link Blindspot", "tanggal": "2025-11-11T12:00:00+07:00", "Wilayah": "Bali", "Satwil": "Polda Bali" }, "geometry": { "type": "Point", "coordinates": [ 115.183414370383559, -8.631792206035604 ] } },
{ "type": "Feature", "properties": { "Nm_Ruas": "Jl. Bts. Kota Singaraja - Pegayaman", "Status": "Jalan Nasional", "Propinsi": "Bali", "Kab_Kot": "Buleleng", "SkorBS": 32, "Ket": "Black Spot", "Coverage": "Black Link Blindspot", "tanggal": "2025-11-11T12:00:00+07:00", "Wilayah": "Bali", "Satwil": "Polda Bali" }, "geometry": { "type": "Point", "coordinates": [ 115.129547380083594, -8.177086197507005 ] } },
{ "type": "Feature", "properties": { "Nm_Ruas": "Jl. Br. Taman Tanda - Mengwitani", "Status": "Jalan Nasional", "Propinsi": "Bali", "Kab_Kot": "Badung, Tabanan", "SkorBS": 57, "Ket": "Black Spot", "Coverage": "Black Link Blindspot", "tanggal": "2025-11-11T12:00:00+07:00", "Wilayah": "Bali", "Satwil": "Polda Bali" }, "geometry": { "type": "Point", "coordinates": [ 115.19567925911447, -8.395953173465008 ] } },
{ "type": "Feature", "properties": { "Nm_Ruas": "Jl. Br. Taman Tanda - Mengwitani", "Status": "Jalan Nasional", "Propinsi": "Bali", "Kab_Kot": "Badung, Tabanan", "SkorBS": 60, "Ket": "Black Spot", "Coverage": "Black Link Blindspot", "tanggal": "2025-11-11T12:00:00+07:00", "Wilayah": "Bali", "Satwil": "Polda Bali" }, "geometry": { "type": "Point", "coordinates": [ 115.180701306832418, -8.504770843739161 ] } },
{ "type": "Feature", "properties": { "Nm_Ruas": "Jl. Br. Taman Tanda - Mengwitani", "Status": "Jalan Nasional", "Propinsi": "Bali", "Kab_Kot": "Badung, Tabanan", "SkorBS": 32, "Ket": "Black Spot", "Coverage": "Black Link Blindspot", "tanggal": "2025-11-11T12:00:00+07:00", "Wilayah": "Bali", "Satwil": "Polda Bali" }, "geometry": { "type": "Point", "coordinates": [ 115.173109328023727, -8.525421350327013 ] } },
{ "type": "Feature", "properties": { "Nm_Ruas": "Jl. Br. Taman Tanda - Mengwitani", "Status": "Jalan Nasional", "Propinsi": "Bali", "Kab_Kot": "Badung, Tabanan", "SkorBS": 38, "Ket": "Black Spot", "Coverage": "Black Link Blindspot", "tanggal": "2025-11-11T12:00:00+07:00", "Wilayah": "Bali", "Satwil": "Polda Bali" }, "geometry": { "type": "Point", "coordinates": [ 115.171476449320977, -8.557767645958821 ] } },
{ "type": "Feature", "properties": { "Nm_Ruas": "Jl. Klungkung - Besakih", "Status": "Jalan Nasional", "Propinsi": "Bali", "Kab_Kot": "Bangli", "SkorBS": 30, "Ket": "Black Spot", "Coverage": "Black Link Blindspot", "tanggal": "2025-11-11T12:00:00+07:00", "Wilayah": "Bali", "Satwil": "Polda Bali" }, "geometry": { "type": "Point", "coordinates": [ 115.401905591896565, -8.5221630798288 ] } },
{ "type": "Feature", "properties": { "Nm_Ruas": "Jl. Jimbaran - Uluwatu", "Status": "Jalan Nasional", "Propinsi": "Bali", "Kab_Kot": "Badung", "SkorBS": 39, "Ket": "Black Spot", "Coverage": "Black Link Blindspot", "tanggal": "2025-11-11T12:00:00+07:00", "Wilayah": "Bali", "Satwil": "Polda Bali" }, "geometry": { "type": "Point", "coordinates": [ 115.171933956586855, -8.783976860530188 ] } },
{ "type": "Feature", "properties": { "Nm_Ruas": "Jl. Jimbaran - Uluwatu", "Status": "Jalan Nasional", "Propinsi": "Bali", "Kab_Kot": "Badung", "SkorBS": 36, "Ket": "Black Spot", "Coverage": "Black Link Blindspot", "tanggal": "2025-11-11T12:00:00+07:00", "Wilayah": "Bali", "Satwil": "Polda Bali" }, "geometry": { "type": "Point", "coordinates": [ 115.164771625225399, -8.788143198602693 ] } },
{ "type": "Feature", "properties": { "Nm_Ruas": "Jl. Bts. Kota Negara - Pekutatan", "Status": "Jalan Nasional", "Propinsi": "Bali", "Kab_Kot": "Jembrana", "SkorBS": 31, "Ket": "Black Spot", "Coverage": "Black Link Blindspot", "tanggal": "2025-11-11T12:00:00+07:00", "Wilayah": "Bali", "Satwil": "Polda Bali" }, "geometry": { "type": "Point", "coordinates": [ 114.802239918983929, -8.411075574401497 ] } },
{ "type": "Feature", "properties": { "Nm_Ruas": "Jl. Pekutatan - Antosari", "Status": "Jalan Nasional", "Propinsi": "Bali", "Kab_Kot": "Tabanan", "SkorBS": 31, "Ket": "Black Spot", "Coverage": "Black Link Blindspot", "tanggal": "2025-11-11T12:00:00+07:00", "Wilayah": "Bali", "Satwil": "Polda Bali" }, "geometry": { "type": "Point", "coordinates": [ 114.844524789000843, -8.428589829264547 ] } },
{ "type": "Feature", "properties": { "Nm_Ruas": "Jl. Pekutatan - Antosari", "Status": "Jalan Nasional", "Propinsi": "Bali", "Kab_Kot": "Tabanan", "SkorBS": 30, "Ket": "Black Spot", "Coverage": "Black Link Blindspot", "tanggal": "2025-11-11T12:00:00+07:00", "Wilayah": "Bali", "Satwil": "Polda Bali" }, "geometry": { "type": "Point", "coordinates": [ 114.953094720572949, -8.48993302255629 ] } },
{ "type": "Feature", "properties": { "Nm_Ruas": "Jl. Pekutatan - Antosari", "Status": "Jalan Nasional", "Propinsi": "Bali", "Kab_Kot": "Tabanan", "SkorBS": 35, "Ket": "Black Spot", "Coverage": "Black Link Blindspot", "tanggal": "2025-11-11T12:00:00+07:00", "Wilayah": "Bali", "Satwil": "Polda Bali" }, "geometry": { "type": "Point", "coordinates": [ 115.018100373794354, -8.503835093141509 ] } },
{ "type": "Feature", "properties": { "Nm_Ruas": "Jl. Pekutatan - Antosari", "Status": "Jalan Nasional", "Propinsi": "Bali", "Kab_Kot": "Tabanan", "SkorBS": 64, "Ket": "Black Spot", "Coverage": "Black Link Blindspot", "tanggal": "2025-11-11T12:00:00+07:00", "Wilayah": "Bali", "Satwil": "Polda Bali" }, "geometry": { "type": "Point", "coordinates": [ 115.005453128608252, -8.526681598665419 ] } },
{ "type": "Feature", "properties": { "Nm_Ruas": "Jl. Simp. Kediri - Pesiapan (Tabanan)", "Status": "Jalan Nasional", "Propinsi": "Bali", "Kab_Kot": "Tabanan", "SkorBS": 38, "Ket": "Black Spot", "Coverage": "Black Link Blindspot", "tanggal": "2025-11-11T12:00:00+07:00", "Wilayah": "Bali", "Satwil": "Polda Bali" }, "geometry": { "type": "Point", "coordinates": [ 115.135079984102617, -8.552976904409288 ] } },
{ "type": "Feature", "properties": { "Nm_Ruas": "Jl. Bts. Kota Tabanan - Mengwitani", "Status": "Jalan Nasional", "Propinsi": "Bali", "Kab_Kot": "Badung", "SkorBS": 46, "Ket": "Black Spot", "Coverage": "Black Link Blindspot", "tanggal": "2025-11-11T12:00:00+07:00", "Wilayah": "Bali", "Satwil": "Polda Bali" }, "geometry": { "type": "Point", "coordinates": [ 115.163196185726662, -8.562498394857787 ] } },
{ "type": "Feature", "properties": { "Nm_Ruas": "Jl. A. Yani (Tabanan)", "Status": "Jalan Nasional", "Propinsi": "Bali", "Kab_Kot": "Tabanan", "SkorBS": 68, "Ket": "Black Spot", "Coverage": "Black Link Blindspot", "tanggal": "2025-11-11T12:00:00+07:00", "Wilayah": "Bali", "Satwil": "Polda Bali" }, "geometry": { "type": "Point", "coordinates": [ 115.154030568185917, -8.560571734095856 ] } },
{ "type": "Feature", "properties": { "Nm_Ruas": "Jl. Mengwitani - Bts. Kota Denpasar", "Status": "Jalan Nasional", "Propinsi": "Bali", "Kab_Kot": "Badung", "SkorBS": 39, "Ket": "Black Spot", "Coverage": "Black Link Blindspot", "tanggal": "2025-11-11T12:00:00+07:00", "Wilayah": "Bali", "Satwil": "Polda Bali" }, "geometry": { "type": "Point", "coordinates": [ 115.179362840970214, -8.573723587734607 ] } },
{ "type": "Feature", "properties": { "Nm_Ruas": "Jl. Mengwitani - Bts. Kota Denpasar", "Status": "Jalan Nasional", "Propinsi": "Bali", "Kab_Kot": "Badung", "SkorBS": 34, "Ket": "Black Spot", "Coverage": "Black Link Blindspot", "tanggal": "2025-11-11T12:00:00+07:00", "Wilayah": "Bali", "Satwil": "Polda Bali" }, "geometry": { "type": "Point", "coordinates": [ 115.186501763985916, -8.593888107156735 ] } },
{ "type": "Feature", "properties": { "Nm_Ruas": "Jl. Mengwitani - Bts. Kota Denpasar", "Status": "Jalan Nasional", "Propinsi": "Bali", "Kab_Kot": "Badung", "SkorBS": 73, "Ket": "Black Spot", "Coverage": "Black Link Blindspot", "tanggal": "2025-11-11T12:00:00+07:00", "Wilayah": "Bali", "Satwil": "Polda Bali" }, "geometry": { "type": "Point", "coordinates": [ 115.18603468567423, -8.602296655753078 ] } },
{ "type": "Feature", "properties": { "Nm_Ruas": "Jl. Simp. Kuta - Tugu Ngurah Rai", "Status": "Jalan Nasional", "Propinsi": "Bali", "Kab_Kot": "Badung", "SkorBS": 39, "Ket": "Black Spot", "Coverage": "Black Link Blindspot", "tanggal": "2025-11-11T12:00:00+07:00", "Wilayah": "Bali", "Satwil": "Polda Bali" }, "geometry": { "type": "Point", "coordinates": [ 115.181546004311372, -8.723591209536924 ] } },
{ "type": "Feature", "properties": { "Nm_Ruas": "Jl. Tugu Ngurah Rai - Nusa Dua", "Status": "Jalan Nasional", "Propinsi": "Bali", "Kab_Kot": "Badung", "SkorBS": 86, "Ket": "Black Spot", "Coverage": "Black Link Tercover CCTV", "tanggal": "2025-11-11T12:00:00+07:00", "Wilayah": "Bali", "Satwil": "Polda Bali" }, "geometry": { "type": "Point", "coordinates": [ 115.186281429894038, -8.783511912542089 ] } },
{ "type": "Feature", "properties": { "Nm_Ruas": "Jl. Tugu Ngurah Rai - Nusa Dua", "Status": "Jalan Nasional", "Propinsi": "Bali", "Kab_Kot": "Badung", "SkorBS": 34, "Ket": "Black Spot", "Coverage": "Black Link Blindspot", "tanggal": "2025-11-11T12:00:00+07:00", "Wilayah": "Bali", "Satwil": "Polda Bali" }, "geometry": { "type": "Point", "coordinates": [ 115.207183606299949, -8.787595832574569 ] } },
{ "type": "Feature", "properties": { "Nm_Ruas": "Jl. Simpang Kuta - Simp. Pesanggaran", "Status": "Jalan Nasional", "Propinsi": "Bali", "Kab_Kot": "Kota Denpasar", "SkorBS": 32, "Ket": "Black Spot", "Coverage": "Black Link Blindspot", "tanggal": "2025-11-11T12:00:00+07:00", "Wilayah": "Bali", "Satwil": "Polda Bali" }, "geometry": { "type": "Point", "coordinates": [ 115.196869630296618, -8.720129972675698 ] } },
{ "type": "Feature", "properties": { "Nm_Ruas": "Jl. Simpang Pesanggaran - Simpang Sanur", "Status": "Jalan Nasional", "Propinsi": "Bali", "Kab_Kot": "Kota Denpasar", "SkorBS": 30, "Ket": "Black Spot", "Coverage": "Black Link Blindspot", "tanggal": "2025-11-11T12:00:00+07:00", "Wilayah": "Bali", "Satwil": "Polda Bali" }, "geometry": { "type": "Point", "coordinates": [ 115.242551607221031, -8.707746570731892 ] } },
{ "type": "Feature", "properties": { "Nm_Ruas": "Jl. Sp. Pantai Siut - Kosamba", "Status": "Jalan Nasional", "Propinsi": "Bali", "Kab_Kot": "Klungkung", "SkorBS": 33, "Ket": "Black Spot", "Coverage": "Black Link Blindspot", "tanggal": "2025-11-11T12:00:00+07:00", "Wilayah": "Bali", "Satwil": "Polda Bali" }, "geometry": { "type": "Point", "coordinates": [ 115.457011243741007, -8.555188635361585 ] } },
{ "type": "Feature", "properties": { "Nm_Ruas": "Jl. Sp. Tohpati - Sp. Pantai Siut", "Status": "Jalan Nasional", "Propinsi": "Bali", "Kab_Kot": "Gianyar", "SkorBS": 32, "Ket": "Black Spot", "Coverage": "Black Link Blindspot", "tanggal": "2025-11-11T12:00:00+07:00", "Wilayah": "Bali", "Satwil": "Polda Bali" }, "geometry": { "type": "Point", "coordinates": [ 115.352985450447051, -8.581310235771921 ] } },
{ "type": "Feature", "properties": { "Nm_Ruas": "Jl. Sp. Tohpati - Sp. Pantai Siut", "Status": "Jalan Nasional", "Propinsi": "Bali", "Kab_Kot": "Gianyar", "SkorBS": 34, "Ket": "Black Spot", "Coverage": "Black Link Blindspot", "tanggal": "2025-11-11T12:00:00+07:00", "Wilayah": "Bali", "Satwil": "Polda Bali" }, "geometry": { "type": "Point", "coordinates": [ 115.331217305644842, -8.597047142428945 ] } },
{ "type": "Feature", "properties": { "Nm_Ruas": "Jl. Sp. Tohpati - Sp. Pantai Siut", "Status": "Jalan Nasional", "Propinsi": "Bali", "Kab_Kot": "Gianyar", "SkorBS": 35, "Ket": "Black Spot", "Coverage": "Black Link Blindspot", "tanggal": "2025-11-11T12:00:00+07:00", "Wilayah": "Bali", "Satwil": "Polda Bali" }, "geometry": { "type": "Point", "coordinates": [ 115.285846250453275, -8.636337859303154 ] } },
{ "type": "Feature", "properties": { "Nm_Ruas": "Jl. Sp. Tohpati - Sakah", "Status": "Jalan Nasional", "Propinsi": "Bali", "Kab_Kot": "Gianyar", "SkorBS": 32, "Ket": "Black Spot", "Coverage": "Black Link Blindspot", "tanggal": "2025-11-11T12:00:00+07:00", "Wilayah": "Bali", "Satwil": "Polda Bali" }, "geometry": { "type": "Point", "coordinates": [ 115.255980471824842, -8.621924015885577 ] } },
{ "type": "Feature", "properties": { "Nm_Ruas": "Jl. Sakah - Blahbatu", "Status": "Jalan Nasional", "Propinsi": "Bali", "Kab_Kot": "Gianyar", "SkorBS": 30, "Ket": "Black Spot", "Coverage": "Black Link Blindspot", "tanggal": "2025-11-11T12:00:00+07:00", "Wilayah": "Bali", "Satwil": "Polda Bali" }, "geometry": { "type": "Point", "coordinates": [ 115.28928112553352, -8.5656358095126 ] } },
{ "type": "Feature", "properties": { "Nm_Ruas": "Jl. Cekik - Seririt", "Status": "Jalan Nasional", "Propinsi": "Bali", "Kab_Kot": "Buleleng", "SkorBS": 35, "Ket": "Black Spot", "Coverage": "Black Link Blindspot", "tanggal": "2025-11-11T12:00:00+07:00", "Wilayah": "Bali", "Satwil": "Polda Bali" }, "geometry": { "type": "Point", "coordinates": [ 114.788619630377667, -8.184880590967015 ] } },
{ "type": "Feature", "properties": { "Nm_Ruas": "Jl. Sp. Buagan - Sp. Br. Abian Base", "Status": "Jalan Nasional", "Propinsi": "Bali", "Kab_Kot": "Kota Denpasar", "SkorBS": 40, "Ket": "Black Spot", "Coverage": "Black Link Blindspot", "tanggal": "2025-11-11T12:00:00+07:00", "Wilayah": "Bali", "Satwil": "Polda Bali" }, "geometry": { "type": "Point", "coordinates": [ 115.182952330490352, -8.705784400733879 ] } },
{ "type": "Feature", "properties": { "Nm_Ruas": "Jl. Simp. Kediri - Pesiapan (Tabanan)", "Status": "Jalan Nasional", "Propinsi": "Bali", "Kab_Kot": "Tabanan", "SkorBS": 31, "Ket": "Black Spot", "Coverage": "Black Link Blindspot", "tanggal": "2025-11-11T12:00:00+07:00", "Wilayah": "Bali", "Satwil": "Polda Bali" }, "geometry": { "type": "Point", "coordinates": [ 115.115282965416952, -8.545545152375526 ] } },
{ "type": "Feature", "properties": { "Nm_Ruas": "Jl. Br. Taman Tanda - Mengwitani", "Status": "Jalan Nasional", "Propinsi": "Bali", "Kab_Kot": "Badung, Tabanan", "SkorBS": 41, "Ket": "Black Spot", "Coverage": "Black Link Blindspot", "tanggal": "2025-11-11T12:00:00+07:00", "Wilayah": "Bali", "Satwil": "Polda Bali" }, "geometry": { "type": "Point", "coordinates": [ 115.172358148349943, -8.527684024034274 ] } },
{ "type": "Feature", "properties": { "Nm_Ruas": "Jl. Sp. Tohpati - Sp. Pantai Siut", "Status": "Jalan Nasional", "Propinsi": "Bali", "Kab_Kot": "Gianyar", "SkorBS": 47, "Ket": "Black Spot", "Coverage": "Black Link Blindspot", "tanggal": "2025-11-11T12:00:00+07:00", "Wilayah": "Bali", "Satwil": "Polda Bali" }, "geometry": { "type": "Point", "coordinates": [ 115.298795162072821, -8.622454449805712 ] } },
{ "type": "Feature", "properties": { "Nm_Ruas": "Jl. Sekar Sari", "Status": "Jalan Kota", "Propinsi": "Bali", "Kab_Kot": "Kota Denpasar", "SkorBS": 33, "Ket": "Black Spot", "Coverage": "Black Link Blindspot", "tanggal": "2025-11-11T12:00:00+07:00", "Wilayah": "Bali", "Satwil": "Polda Bali" }, "geometry": { "type": "Point", "coordinates": [ 115.26297028976812, -8.649631331718302 ] } },
{ "type": "Feature", "properties": { "Nm_Ruas": "Jl. A. Yani (Tabanan)", "Status": "Jalan Nasional", "Propinsi": "Bali", "Kab_Kot": "Tabanan", "SkorBS": 32, "Ket": "Black Spot", "Coverage": "Black Link Blindspot", "tanggal": "2025-11-11T12:00:00+07:00", "Wilayah": "Bali", "Satwil": "Polda Bali" }, "geometry": { "type": "Point", "coordinates": [ 115.143702717373131, -8.55598719650675 ] } },
{ "type": "Feature", "properties": { "Nm_Ruas": "Jl. Semebaung - Bedahulu", "Status": "Jalan Provinsi", "Propinsi": "Bali", "Kab_Kot": "Gianyar", "SkorBS": 50, "Ket": "Black Spot", "Coverage": "Black Link Blindspot", "tanggal": "2025-11-12T12:00:00+07:00", "Wilayah": "Bali", "Satwil": "Polda Bali" }, "geometry": { "type": "Point", "coordinates": [ 115.297074393219901, -8.529074119210307 ] } },
{ "type": "Feature", "properties": { "Nm_Ruas": "Jl. Bts. Buleleng - Kubutambahan", "Status": "Jalan Provinsi", "Propinsi": "Bali", "Kab_Kot": "Buleleng", "SkorBS": 32, "Ket": "Black Spot", "Coverage": "Black Link Blindspot", "tanggal": "2025-11-12T12:00:00+07:00", "Wilayah": "Bali", "Satwil": "Polda Bali" }, "geometry": { "type": "Point", "coordinates": [ 115.179090237305431, -8.106891834849383 ] } },
{ "type": "Feature", "properties": { "Nm_Ruas": "Jl. Antosari - Pupuan", "Status": "Jalan Provinsi", "Propinsi": "Bali", "Kab_Kot": "Tabanan", "SkorBS": 33, "Ket": "Black Spot", "Coverage": "Black Link Blindspot", "tanggal": "2025-11-12T12:00:00+07:00", "Wilayah": "Bali", "Satwil": "Polda Bali" }, "geometry": { "type": "Point", "coordinates": [ 115.023827024123221, -8.462622751846846 ] } },
{ "type": "Feature", "properties": { "Nm_Ruas": "Jl. Raya Marga Apuan", "Status": "Jalan Kabupaten", "Propinsi": "Bali", "Kab_Kot": "Tabanan", "SkorBS": 33, "Ket": "Black Spot", "Coverage": "Black Link Blindspot", "tanggal": "2025-11-12T12:00:00+07:00", "Wilayah": "Bali", "Satwil": "Polda Bali" }, "geometry": { "type": "Point", "coordinates": [ 115.171998827571528, -8.461398275970142 ] } },
{ "type": "Feature", "properties": { "Nm_Ruas": "Jl. Dakdakan - Munggu", "Status": "Jalan Kabupaten", "Propinsi": "Bali", "Kab_Kot": "Tabanan", "SkorBS": 38, "Ket": "Black Spot", "Coverage": "Black Link Blindspot", "tanggal": "2025-11-12T12:00:00+07:00", "Wilayah": "Bali", "Satwil": "Polda Bali" }, "geometry": { "type": "Point", "coordinates": [ 115.13764129980872, -8.597983188067841 ] } },
{ "type": "Feature", "properties": { "Nm_Ruas": "Jl. Br.seminyak - Bts Kab/kantor Dkp", "Status": "Jalan Kabupaten", "Propinsi": "Bali", "Kab_Kot": "Badung", "SkorBS": 34, "Ket": "Black Spot", "Coverage": "Black Link Tercover CCTV", "tanggal": "2025-11-12T12:00:00+07:00", "Wilayah": "Bali", "Satwil": "Polda Bali" }, "geometry": { "type": "Point", "coordinates": [ 115.170424546618889, -8.688763212213205 ] } },
{ "type": "Feature", "properties": { "Nm_Ruas": "Jl. Gunung Salak", "Status": "Jalan Kota", "Propinsi": "Bali", "Kab_Kot": "Kota Denpasar", "SkorBS": 33, "Ket": "Black Spot", "Coverage": "Black Link Blindspot", "tanggal": "2025-11-12T12:00:00+07:00", "Wilayah": "Bali", "Satwil": "Polda Bali" }, "geometry": { "type": "Point", "coordinates": [ 115.178508729521809, -8.669478930013986 ] } },
{ "type": "Feature", "properties": { "Nm_Ruas": "Jl. Kebo Iwa Utara", "Status": "Jalan Kota", "Propinsi": "Bali", "Kab_Kot": "Kota Denpasar", "SkorBS": 43, "Ket": "Black Spot", "Coverage": "Black Link Blindspot", "tanggal": "2025-11-12T12:00:00+07:00", "Wilayah": "Bali", "Satwil": "Polda Bali" }, "geometry": { "type": "Point", "coordinates": [ 115.183414370383559, -8.631792206035604 ] } },
{ "type": "Feature", "properties": { "Nm_Ruas": "Jl. Bts. Kota Singaraja - Pegayaman", "Status": "Jalan Nasional", "Propinsi": "Bali", "Kab_Kot": "Buleleng", "SkorBS": 32, "Ket": "Black Spot", "Coverage": "Black Link Blindspot", "tanggal": "2025-11-12T12:00:00+07:00", "Wilayah": "Bali", "Satwil": "Polda Bali" }, "geometry": { "type": "Point", "coordinates": [ 115.129547380083594, -8.177086197507005 ] } },
{ "type": "Feature", "properties": { "Nm_Ruas": "Jl. Br. Taman Tanda - Mengwitani", "Status": "Jalan Nasional", "Propinsi": "Bali", "Kab_Kot": "Badung, Tabanan", "SkorBS": 57, "Ket": "Black Spot", "Coverage": "Black Link Blindspot", "tanggal": "2025-11-12T12:00:00+07:00", "Wilayah": "Bali", "Satwil": "Polda Bali" }, "geometry": { "type": "Point", "coordinates": [ 115.19567925911447, -8.395953173465008 ] } },
{ "type": "Feature", "properties": { "Nm_Ruas": "Jl. Br. Taman Tanda - Mengwitani", "Status": "Jalan Nasional", "Propinsi": "Bali", "Kab_Kot": "Badung, Tabanan", "SkorBS": 60, "Ket": "Black Spot", "Coverage": "Black Link Blindspot", "tanggal": "2025-11-12T12:00:00+07:00", "Wilayah": "Bali", "Satwil": "Polda Bali" }, "geometry": { "type": "Point", "coordinates": [ 115.180701306832418, -8.504770843739161 ] } },
{ "type": "Feature", "properties": { "Nm_Ruas": "Jl. Br. Taman Tanda - Mengwitani", "Status": "Jalan Nasional", "Propinsi": "Bali", "Kab_Kot": "Badung, Tabanan", "SkorBS": 32, "Ket": "Black Spot", "Coverage": "Black Link Blindspot", "tanggal": "2025-11-12T12:00:00+07:00", "Wilayah": "Bali", "Satwil": "Polda Bali" }, "geometry": { "type": "Point", "coordinates": [ 115.173109328023727, -8.525421350327013 ] } },
{ "type": "Feature", "properties": { "Nm_Ruas": "Jl. Br. Taman Tanda - Mengwitani", "Status": "Jalan Nasional", "Propinsi": "Bali", "Kab_Kot": "Badung, Tabanan", "SkorBS": 38, "Ket": "Black Spot", "Coverage": "Black Link Blindspot", "tanggal": "2025-11-12T12:00:00+07:00", "Wilayah": "Bali", "Satwil": "Polda Bali" }, "geometry": { "type": "Point", "coordinates": [ 115.171476449320977, -8.557767645958821 ] } },
{ "type": "Feature", "properties": { "Nm_Ruas": "Jl. Klungkung - Besakih", "Status": "Jalan Nasional", "Propinsi": "Bali", "Kab_Kot": "Bangli", "SkorBS": 30, "Ket": "Black Spot", "Coverage": "Black Link Blindspot", "tanggal": "2025-11-12T12:00:00+07:00", "Wilayah": "Bali", "Satwil": "Polda Bali" }, "geometry": { "type": "Point", "coordinates": [ 115.401905591896565, -8.5221630798288 ] } },
{ "type": "Feature", "properties": { "Nm_Ruas": "Jl. Jimbaran - Uluwatu", "Status": "Jalan Nasional", "Propinsi": "Bali", "Kab_Kot": "Badung", "SkorBS": 38, "Ket": "Black Spot", "Coverage": "Black Link Blindspot", "tanggal": "2025-11-12T12:00:00+07:00", "Wilayah": "Bali", "Satwil": "Polda Bali" }, "geometry": { "type": "Point", "coordinates": [ 115.171933956586855, -8.783976860530188 ] } },
{ "type": "Feature", "properties": { "Nm_Ruas": "Jl. Jimbaran - Uluwatu", "Status": "Jalan Nasional", "Propinsi": "Bali", "Kab_Kot": "Badung", "SkorBS": 36, "Ket": "Black Spot", "Coverage": "Black Link Blindspot", "tanggal": "2025-11-12T12:00:00+07:00", "Wilayah": "Bali", "Satwil": "Polda Bali" }, "geometry": { "type": "Point", "coordinates": [ 115.164771625225399, -8.788143198602693 ] } },
{ "type": "Feature", "properties": { "Nm_Ruas": "Jl. Bts. Kota Negara - Pekutatan", "Status": "Jalan Nasional", "Propinsi": "Bali", "Kab_Kot": "Jembrana", "SkorBS": 31, "Ket": "Black Spot", "Coverage": "Black Link Blindspot", "tanggal": "2025-11-12T12:00:00+07:00", "Wilayah": "Bali", "Satwil": "Polda Bali" }, "geometry": { "type": "Point", "coordinates": [ 114.802239918983929, -8.411075574401497 ] } },
{ "type": "Feature", "properties": { "Nm_Ruas": "Jl. Pekutatan - Antosari", "Status": "Jalan Nasional", "Propinsi": "Bali", "Kab_Kot": "Tabanan", "SkorBS": 31, "Ket": "Black Spot", "Coverage": "Black Link Blindspot", "tanggal": "2025-11-12T12:00:00+07:00", "Wilayah": "Bali", "Satwil": "Polda Bali" }, "geometry": { "type": "Point", "coordinates": [ 114.844524789000843, -8.428589829264547 ] } },
{ "type": "Feature", "properties": { "Nm_Ruas": "Jl. Pekutatan - Antosari", "Status": "Jalan Nasional", "Propinsi": "Bali", "Kab_Kot": "Tabanan", "SkorBS": 30, "Ket": "Black Spot", "Coverage": "Black Link Blindspot", "tanggal": "2025-11-12T12:00:00+07:00", "Wilayah": "Bali", "Satwil": "Polda Bali" }, "geometry": { "type": "Point", "coordinates": [ 114.953094720572949, -8.48993302255629 ] } },
{ "type": "Feature", "properties": { "Nm_Ruas": "Jl. Pekutatan - Antosari", "Status": "Jalan Nasional", "Propinsi": "Bali", "Kab_Kot": "Tabanan", "SkorBS": 35, "Ket": "Black Spot", "Coverage": "Black Link Blindspot", "tanggal": "2025-11-12T12:00:00+07:00", "Wilayah": "Bali", "Satwil": "Polda Bali" }, "geometry": { "type": "Point", "coordinates": [ 115.018100373794354, -8.503835093141509 ] } },
{ "type": "Feature", "properties": { "Nm_Ruas": "Jl. Pekutatan - Antosari", "Status": "Jalan Nasional", "Propinsi": "Bali", "Kab_Kot": "Tabanan", "SkorBS": 64, "Ket": "Black Spot", "Coverage": "Black Link Blindspot", "tanggal": "2025-11-12T12:00:00+07:00", "Wilayah": "Bali", "Satwil": "Polda Bali" }, "geometry": { "type": "Point", "coordinates": [ 115.005453128608252, -8.526681598665419 ] } },
{ "type": "Feature", "properties": { "Nm_Ruas": "Jl. Simp. Kediri - Pesiapan (Tabanan)", "Status": "Jalan Nasional", "Propinsi": "Bali", "Kab_Kot": "Tabanan", "SkorBS": 38, "Ket": "Black Spot", "Coverage": "Black Link Blindspot", "tanggal": "2025-11-12T12:00:00+07:00", "Wilayah": "Bali", "Satwil": "Polda Bali" }, "geometry": { "type": "Point", "coordinates": [ 115.135079984102617, -8.552976904409288 ] } },
{ "type": "Feature", "properties": { "Nm_Ruas": "Jl. Bts. Kota Tabanan - Mengwitani", "Status": "Jalan Nasional", "Propinsi": "Bali", "Kab_Kot": "Badung", "SkorBS": 46, "Ket": "Black Spot", "Coverage": "Black Link Blindspot", "tanggal": "2025-11-12T12:00:00+07:00", "Wilayah": "Bali", "Satwil": "Polda Bali" }, "geometry": { "type": "Point", "coordinates": [ 115.163196185726662, -8.562498394857787 ] } },
{ "type": "Feature", "properties": { "Nm_Ruas": "Jl. A. Yani (Tabanan)", "Status": "Jalan Nasional", "Propinsi": "Bali", "Kab_Kot": "Tabanan", "SkorBS": 67, "Ket": "Black Spot", "Coverage": "Black Link Blindspot", "tanggal": "2025-11-12T12:00:00+07:00", "Wilayah": "Bali", "Satwil": "Polda Bali" }, "geometry": { "type": "Point", "coordinates": [ 115.154030568185917, -8.560571734095856 ] } },
{ "type": "Feature", "properties": { "Nm_Ruas": "Jl. Mengwitani - Bts. Kota Denpasar", "Status": "Jalan Nasional", "Propinsi": "Bali", "Kab_Kot": "Badung", "SkorBS": 39, "Ket": "Black Spot", "Coverage": "Black Link Blindspot", "tanggal": "2025-11-12T12:00:00+07:00", "Wilayah": "Bali", "Satwil": "Polda Bali" }, "geometry": { "type": "Point", "coordinates": [ 115.179362840970214, -8.573723587734607 ] } },
{ "type": "Feature", "properties": { "Nm_Ruas": "Jl. Mengwitani - Bts. Kota Denpasar", "Status": "Jalan Nasional", "Propinsi": "Bali", "Kab_Kot": "Badung", "SkorBS": 34, "Ket": "Black Spot", "Coverage": "Black Link Blindspot", "tanggal": "2025-11-12T12:00:00+07:00", "Wilayah": "Bali", "Satwil": "Polda Bali" }, "geometry": { "type": "Point", "coordinates": [ 115.186501763985916, -8.593888107156735 ] } },
{ "type": "Feature", "properties": { "Nm_Ruas": "Jl. Mengwitani - Bts. Kota Denpasar", "Status": "Jalan Nasional", "Propinsi": "Bali", "Kab_Kot": "Badung", "SkorBS": 73, "Ket": "Black Spot", "Coverage": "Black Link Blindspot", "tanggal": "2025-11-12T12:00:00+07:00", "Wilayah": "Bali", "Satwil": "Polda Bali" }, "geometry": { "type": "Point", "coordinates": [ 115.18603468567423, -8.602296655753078 ] } },
{ "type": "Feature", "properties": { "Nm_Ruas": "Jl. Simp. Kuta - Tugu Ngurah Rai", "Status": "Jalan Nasional", "Propinsi": "Bali", "Kab_Kot": "Badung", "SkorBS": 39, "Ket": "Black Spot", "Coverage": "Black Link Blindspot", "tanggal": "2025-11-12T12:00:00+07:00", "Wilayah": "Bali", "Satwil": "Polda Bali" }, "geometry": { "type": "Point", "coordinates": [ 115.181546004311372, -8.723591209536924 ] } },
{ "type": "Feature", "properties": { "Nm_Ruas": "Jl. Tugu Ngurah Rai - Nusa Dua", "Status": "Jalan Nasional", "Propinsi": "Bali", "Kab_Kot": "Badung", "SkorBS": 86, "Ket": "Black Spot", "Coverage": "Black Link Tercover CCTV", "tanggal": "2025-11-12T12:00:00+07:00", "Wilayah": "Bali", "Satwil": "Polda Bali" }, "geometry": { "type": "Point", "coordinates": [ 115.186281429894038, -8.783511912542089 ] } },
{ "type": "Feature", "properties": { "Nm_Ruas": "Jl. Tugu Ngurah Rai - Nusa Dua", "Status": "Jalan Nasional", "Propinsi": "Bali", "Kab_Kot": "Badung", "SkorBS": 34, "Ket": "Black Spot", "Coverage": "Black Link Blindspot", "tanggal": "2025-11-12T12:00:00+07:00", "Wilayah": "Bali", "Satwil": "Polda Bali" }, "geometry": { "type": "Point", "coordinates": [ 115.207183606299949, -8.787595832574569 ] } },
{ "type": "Feature", "properties": { "Nm_Ruas": "Jl. Simpang Kuta - Simp. Pesanggaran", "Status": "Jalan Nasional", "Propinsi": "Bali", "Kab_Kot": "Kota Denpasar", "SkorBS": 32, "Ket": "Black Spot", "Coverage": "Black Link Blindspot", "tanggal": "2025-11-12T12:00:00+07:00", "Wilayah": "Bali", "Satwil": "Polda Bali" }, "geometry": { "type": "Point", "coordinates": [ 115.196869630296618, -8.720129972675698 ] } },
{ "type": "Feature", "properties": { "Nm_Ruas": "Jl. Simpang Pesanggaran - Simpang Sanur", "Status": "Jalan Nasional", "Propinsi": "Bali", "Kab_Kot": "Kota Denpasar", "SkorBS": 30, "Ket": "Black Spot", "Coverage": "Black Link Blindspot", "tanggal": "2025-11-12T12:00:00+07:00", "Wilayah": "Bali", "Satwil": "Polda Bali" }, "geometry": { "type": "Point", "coordinates": [ 115.242551607221031, -8.707746570731892 ] } },
{ "type": "Feature", "properties": { "Nm_Ruas": "Jl. Sp. Pantai Siut - Kosamba", "Status": "Jalan Nasional", "Propinsi": "Bali", "Kab_Kot": "Klungkung", "SkorBS": 33, "Ket": "Black Spot", "Coverage": "Black Link Blindspot", "tanggal": "2025-11-12T12:00:00+07:00", "Wilayah": "Bali", "Satwil": "Polda Bali" }, "geometry": { "type": "Point", "coordinates": [ 115.457011243741007, -8.555188635361585 ] } },
{ "type": "Feature", "properties": { "Nm_Ruas": "Jl. Sp. Tohpati - Sp. Pantai Siut", "Status": "Jalan Nasional", "Propinsi": "Bali", "Kab_Kot": "Gianyar", "SkorBS": 32, "Ket": "Black Spot", "Coverage": "Black Link Blindspot", "tanggal": "2025-11-12T12:00:00+07:00", "Wilayah": "Bali", "Satwil": "Polda Bali" }, "geometry": { "type": "Point", "coordinates": [ 115.352985450447051, -8.581310235771921 ] } },
{ "type": "Feature", "properties": { "Nm_Ruas": "Jl. Sp. Tohpati - Sp. Pantai Siut", "Status": "Jalan Nasional", "Propinsi": "Bali", "Kab_Kot": "Gianyar", "SkorBS": 34, "Ket": "Black Spot", "Coverage": "Black Link Blindspot", "tanggal": "2025-11-12T12:00:00+07:00", "Wilayah": "Bali", "Satwil": "Polda Bali" }, "geometry": { "type": "Point", "coordinates": [ 115.331217305644842, -8.597047142428945 ] } },
{ "type": "Feature", "properties": { "Nm_Ruas": "Jl. Sp. Tohpati - Sp. Pantai Siut", "Status": "Jalan Nasional", "Propinsi": "Bali", "Kab_Kot": "Gianyar", "SkorBS": 35, "Ket": "Black Spot", "Coverage": "Black Link Blindspot", "tanggal": "2025-11-12T12:00:00+07:00", "Wilayah": "Bali", "Satwil": "Polda Bali" }, "geometry": { "type": "Point", "coordinates": [ 115.285846250453275, -8.636337859303154 ] } },
{ "type": "Feature", "properties": { "Nm_Ruas": "Jl. Sp. Tohpati - Sakah", "Status": "Jalan Nasional", "Propinsi": "Bali", "Kab_Kot": "Gianyar", "SkorBS": 32, "Ket": "Black Spot", "Coverage": "Black Link Blindspot", "tanggal": "2025-11-12T12:00:00+07:00", "Wilayah": "Bali", "Satwil": "Polda Bali" }, "geometry": { "type": "Point", "coordinates": [ 115.255980471824842, -8.621924015885577 ] } },
{ "type": "Feature", "properties": { "Nm_Ruas": "Jl. Sakah - Blahbatu", "Status": "Jalan Nasional", "Propinsi": "Bali", "Kab_Kot": "Gianyar", "SkorBS": 30, "Ket": "Black Spot", "Coverage": "Black Link Blindspot", "tanggal": "2025-11-12T12:00:00+07:00", "Wilayah": "Bali", "Satwil": "Polda Bali" }, "geometry": { "type": "Point", "coordinates": [ 115.28928112553352, -8.5656358095126 ] } },
{ "type": "Feature", "properties": { "Nm_Ruas": "Jl. Cekik - Seririt", "Status": "Jalan Nasional", "Propinsi": "Bali", "Kab_Kot": "Buleleng", "SkorBS": 35, "Ket": "Black Spot", "Coverage": "Black Link Blindspot", "tanggal": "2025-11-12T12:00:00+07:00", "Wilayah": "Bali", "Satwil": "Polda Bali" }, "geometry": { "type": "Point", "coordinates": [ 114.788619630377667, -8.184880590967015 ] } },
{ "type": "Feature", "properties": { "Nm_Ruas": "Jl. Sp. Buagan - Sp. Br. Abian Base", "Status": "Jalan Nasional", "Propinsi": "Bali", "Kab_Kot": "Kota Denpasar", "SkorBS": 30, "Ket": "Black Spot", "Coverage": "Black Link Blindspot", "tanggal": "2025-11-12T12:00:00+07:00", "Wilayah": "Bali", "Satwil": "Polda Bali" }, "geometry": { "type": "Point", "coordinates": [ 115.182952330490352, -8.705784400733879 ] } },
{ "type": "Feature", "properties": { "Nm_Ruas": "Jl. Simp. Kediri - Pesiapan (Tabanan)", "Status": "Jalan Nasional", "Propinsi": "Bali", "Kab_Kot": "Tabanan", "SkorBS": 31, "Ket": "Black Spot", "Coverage": "Black Link Blindspot", "tanggal": "2025-11-12T12:00:00+07:00", "Wilayah": "Bali", "Satwil": "Polda Bali" }, "geometry": { "type": "Point", "coordinates": [ 115.115282965416952, -8.545545152375526 ] } },
{ "type": "Feature", "properties": { "Nm_Ruas": "Jl. Br. Taman Tanda - Mengwitani", "Status": "Jalan Nasional", "Propinsi": "Bali", "Kab_Kot": "Badung, Tabanan", "SkorBS": 41, "Ket": "Black Spot", "Coverage": "Black Link Blindspot", "tanggal": "2025-11-12T12:00:00+07:00", "Wilayah": "Bali", "Satwil": "Polda Bali" }, "geometry": { "type": "Point", "coordinates": [ 115.172358148349943, -8.527684024034274 ] } },
{ "type": "Feature", "properties": { "Nm_Ruas": "Jl. Sp. Tohpati - Sp. Pantai Siut", "Status": "Jalan Nasional", "Propinsi": "Bali", "Kab_Kot": "Gianyar", "SkorBS": 47, "Ket": "Black Spot", "Coverage": "Black Link Blindspot", "tanggal": "2025-11-12T12:00:00+07:00", "Wilayah": "Bali", "Satwil": "Polda Bali" }, "geometry": { "type": "Point", "coordinates": [ 115.298795162072821, -8.622454449805712 ] } },
{ "type": "Feature", "properties": { "Nm_Ruas": "Jl. Sekar Sari", "Status": "Jalan Kota", "Propinsi": "Bali", "Kab_Kot": "Kota Denpasar", "SkorBS": 33, "Ket": "Black Spot", "Coverage": "Black Link Blindspot", "tanggal": "2025-11-12T12:00:00+07:00", "Wilayah": "Bali", "Satwil": "Polda Bali" }, "geometry": { "type": "Point", "coordinates": [ 115.26297028976812, -8.649631331718302 ] } },
{ "type": "Feature", "properties": { "Nm_Ruas": "Jl. A. Yani (Tabanan)", "Status": "Jalan Nasional", "Propinsi": "Bali", "Kab_Kot": "Tabanan", "SkorBS": 32, "Ket": "Black Spot", "Coverage": "Black Link Blindspot", "tanggal": "2025-11-12T12:00:00+07:00", "Wilayah": "Bali", "Satwil": "Polda Bali" }, "geometry": { "type": "Point", "coordinates": [ 115.143702717373131, -8.55598719650675 ] } },
{ "type": "Feature", "properties": { "Nm_Ruas": "Jl. A.H. Nasution", "Status": "Jalan Nasional", "Propinsi": "Jawa Barat", "Kab_Kot": "Kota Bandung", "SkorBS": 40, "Ket": "Black Spot", "Coverage": "Black Link Blindspot", "tanggal": "2025-11-06T12:00:00+07:00", "Wilayah": "Bandung", "Satwil": "Polrestabes Bandung" }, "geometry": { "type": "Point", "coordinates": [ 107.670019792766666, -6.904268573045504 ] } },
{ "type": "Feature", "properties": { "Nm_Ruas": "Jl. Ahmad Yani", "Status": "Jalan Kota", "Propinsi": "Jawa Barat", "Kab_Kot": "Kota Bandung", "SkorBS": 33, "Ket": "Black Spot", "Coverage": "Black Link Tercover CCTV", "tanggal": "2025-11-06T12:00:00+07:00", "Wilayah": "Bandung", "Satwil": "Polrestabes Bandung" }, "geometry": { "type": "Point", "coordinates": [ 107.646368837628813, -6.907056925933701 ] } },
{ "type": "Feature", "properties": { "Nm_Ruas": "Jl. Ahmad Yani", "Status": "Jalan Kota", "Propinsi": "Jawa Barat", "Kab_Kot": "Kota Bandung", "SkorBS": 30, "Ket": "Black Spot", "Coverage": "Black Link Blindspot", "tanggal": "2025-11-06T12:00:00+07:00", "Wilayah": "Bandung", "Satwil": "Polrestabes Bandung" }, "geometry": { "type": "Point", "coordinates": [ 107.639998804253082, -6.910439992562329 ] } },
{ "type": "Feature", "properties": { "Nm_Ruas": "Jl. Kopo", "Status": "Jalan Provinsi", "Propinsi": "Jawa Barat", "Kab_Kot": "Kota Bandung", "SkorBS": 32, "Ket": "Black Spot", "Coverage": "Black Link Blindspot", "tanggal": "2025-11-06T12:00:00+07:00", "Wilayah": "Bandung", "Satwil": "Polrestabes Bandung" }, "geometry": { "type": "Point", "coordinates": [ 107.591448160314201, -6.94286253934891 ] } },
{ "type": "Feature", "properties": { "Nm_Ruas": "Jl. Kopo", "Status": "Jalan Provinsi", "Propinsi": "Jawa Barat", "Kab_Kot": "Kota Bandung", "SkorBS": 40, "Ket": "Black Spot", "Coverage": "Black Link Blindspot", "tanggal": "2025-11-06T12:00:00+07:00", "Wilayah": "Bandung", "Satwil": "Polrestabes Bandung" }, "geometry": { "type": "Point", "coordinates": [ 107.593613264216643, -6.939403399163695 ] } },
{ "type": "Feature", "properties": { "Nm_Ruas": "Jl. Mochamad Toha", "Status": "Jalan Provinsi", "Propinsi": "Jawa Barat", "Kab_Kot": "Kota Bandung", "SkorBS": 37, "Ket": "Black Spot", "Coverage": "Black Link Blindspot", "tanggal": "2025-11-06T12:00:00+07:00", "Wilayah": "Bandung", "Satwil": "Polrestabes Bandung" }, "geometry": { "type": "Point", "coordinates": [ 107.607216389151858, -6.941865819601889 ] } },
{ "type": "Feature", "properties": { "Nm_Ruas": "Jl. Mochamad Toha", "Status": "Jalan Provinsi", "Propinsi": "Jawa Barat", "Kab_Kot": "Kota Bandung", "SkorBS": 35, "Ket": "Black Spot", "Coverage": "Black Link Blindspot", "tanggal": "2025-11-06T12:00:00+07:00", "Wilayah": "Bandung", "Satwil": "Polrestabes Bandung" }, "geometry": { "type": "Point", "coordinates": [ 107.610592513637869, -6.95183249615848 ] } },
{ "type": "Feature", "properties": { "Nm_Ruas": "Jl. Rancasawo", "Status": "Jalan Kota", "Propinsi": "Jawa Barat", "Kab_Kot": "Kota Bandung", "SkorBS": 32, "Ket": "Black Spot", "Coverage": "Black Link Blindspot", "tanggal": "2025-11-06T12:00:00+07:00", "Wilayah": "Bandung", "Satwil": "Polrestabes Bandung" }, "geometry": { "type": "Point", "coordinates": [ 107.666609124664262, -6.961166410711329 ] } },
{ "type": "Feature", "properties": { "Nm_Ruas": "Jl. Soekarno Hatta", "Status": "Jalan Nasional", "Propinsi": "Jawa Barat", "Kab_Kot": "Kota Bandung", "SkorBS": 31, "Ket": "Black Spot", "Coverage": "Black Link Blindspot", "tanggal": "2025-11-06T12:00:00+07:00", "Wilayah": "Bandung", "Satwil": "Polrestabes Bandung" }, "geometry": { "type": "Point", "coordinates": [ 107.577295116099435, -6.933659934805726 ] } },
{ "type": "Feature", "properties": { "Nm_Ruas": "Jl. Soekarno Hatta", "Status": "Jalan Nasional", "Propinsi": "Jawa Barat", "Kab_Kot": "Kota Bandung", "SkorBS": 32, "Ket": "Black Spot", "Coverage": "Black Link Blindspot", "tanggal": "2025-11-06T12:00:00+07:00", "Wilayah": "Bandung", "Satwil": "Polrestabes Bandung" }, "geometry": { "type": "Point", "coordinates": [ 107.680512614310203, -6.93785458593675 ] } },
{ "type": "Feature", "properties": { "Nm_Ruas": "Jl. A.H. Nasution", "Status": "Jalan Nasional", "Propinsi": "Jawa Barat", "Kab_Kot": "Kota Bandung", "SkorBS": 50, "Ket": "Black Spot", "Coverage": "Black Link Blindspot", "tanggal": "2025-11-07T12:00:00+07:00", "Wilayah": "Bandung", "Satwil": "Polrestabes Bandung" }, "geometry": { "type": "Point", "coordinates": [ 107.670019792766666, -6.904268573045504 ] } },
{ "type": "Feature", "properties": { "Nm_Ruas": "Jl. Ahmad Yani", "Status": "Jalan Kota", "Propinsi": "Jawa Barat", "Kab_Kot": "Kota Bandung", "SkorBS": 33, "Ket": "Black Spot", "Coverage": "Black Link Tercover CCTV", "tanggal": "2025-11-07T12:00:00+07:00", "Wilayah": "Bandung", "Satwil": "Polrestabes Bandung" }, "geometry": { "type": "Point", "coordinates": [ 107.646368837628813, -6.907056925933701 ] } },
{ "type": "Feature", "properties": { "Nm_Ruas": "Jl. Ahmad Yani", "Status": "Jalan Kota", "Propinsi": "Jawa Barat", "Kab_Kot": "Kota Bandung", "SkorBS": 30, "Ket": "Black Spot", "Coverage": "Black Link Blindspot", "tanggal": "2025-11-07T12:00:00+07:00", "Wilayah": "Bandung", "Satwil": "Polrestabes Bandung" }, "geometry": { "type": "Point", "coordinates": [ 107.639998804253082, -6.910439992562329 ] } },
{ "type": "Feature", "properties": { "Nm_Ruas": "Jl. Kopo", "Status": "Jalan Provinsi", "Propinsi": "Jawa Barat", "Kab_Kot": "Kota Bandung", "SkorBS": 32, "Ket": "Black Spot", "Coverage": "Black Link Blindspot", "tanggal": "2025-11-07T12:00:00+07:00", "Wilayah": "Bandung", "Satwil": "Polrestabes Bandung" }, "geometry": { "type": "Point", "coordinates": [ 107.591448160314201, -6.94286253934891 ] } },
{ "type": "Feature", "properties": { "Nm_Ruas": "Jl. Kopo", "Status": "Jalan Provinsi", "Propinsi": "Jawa Barat", "Kab_Kot": "Kota Bandung", "SkorBS": 40, "Ket": "Black Spot", "Coverage": "Black Link Blindspot", "tanggal": "2025-11-07T12:00:00+07:00", "Wilayah": "Bandung", "Satwil": "Polrestabes Bandung" }, "geometry": { "type": "Point", "coordinates": [ 107.593613264216643, -6.939403399163695 ] } },
{ "type": "Feature", "properties": { "Nm_Ruas": "Jl. Mochamad Toha", "Status": "Jalan Provinsi", "Propinsi": "Jawa Barat", "Kab_Kot": "Kota Bandung", "SkorBS": 37, "Ket": "Black Spot", "Coverage": "Black Link Blindspot", "tanggal": "2025-11-07T12:00:00+07:00", "Wilayah": "Bandung", "Satwil": "Polrestabes Bandung" }, "geometry": { "type": "Point", "coordinates": [ 107.607216389151858, -6.941865819601889 ] } },
{ "type": "Feature", "properties": { "Nm_Ruas": "Jl. Mochamad Toha", "Status": "Jalan Provinsi", "Propinsi": "Jawa Barat", "Kab_Kot": "Kota Bandung", "SkorBS": 35, "Ket": "Black Spot", "Coverage": "Black Link Blindspot", "tanggal": "2025-11-07T12:00:00+07:00", "Wilayah": "Bandung", "Satwil": "Polrestabes Bandung" }, "geometry": { "type": "Point", "coordinates": [ 107.610592513637869, -6.95183249615848 ] } },
{ "type": "Feature", "properties": { "Nm_Ruas": "Jl. Rancasawo", "Status": "Jalan Kota", "Propinsi": "Jawa Barat", "Kab_Kot": "Kota Bandung", "SkorBS": 32, "Ket": "Black Spot", "Coverage": "Black Link Blindspot", "tanggal": "2025-11-07T12:00:00+07:00", "Wilayah": "Bandung", "Satwil": "Polrestabes Bandung" }, "geometry": { "type": "Point", "coordinates": [ 107.666609124664262, -6.961166410711329 ] } },
{ "type": "Feature", "properties": { "Nm_Ruas": "Jl. Soekarno Hatta", "Status": "Jalan Nasional", "Propinsi": "Jawa Barat", "Kab_Kot": "Kota Bandung", "SkorBS": 31, "Ket": "Black Spot", "Coverage": "Black Link Blindspot", "tanggal": "2025-11-07T12:00:00+07:00", "Wilayah": "Bandung", "Satwil": "Polrestabes Bandung" }, "geometry": { "type": "Point", "coordinates": [ 107.577295116099435, -6.933659934805726 ] } },
{ "type": "Feature", "properties": { "Nm_Ruas": "Jl. Soekarno Hatta", "Status": "Jalan Nasional", "Propinsi": "Jawa Barat", "Kab_Kot": "Kota Bandung", "SkorBS": 32, "Ket": "Black Spot", "Coverage": "Black Link Blindspot", "tanggal": "2025-11-07T12:00:00+07:00", "Wilayah": "Bandung", "Satwil": "Polrestabes Bandung" }, "geometry": { "type": "Point", "coordinates": [ 107.680512614310203, -6.93785458593675 ] } },
{ "type": "Feature", "properties": { "Nm_Ruas": "Jl. A.H. Nasution", "Status": "Jalan Nasional", "Propinsi": "Jawa Barat", "Kab_Kot": "Kota Bandung", "SkorBS": 50, "Ket": "Black Spot", "Coverage": "Black Link Blindspot", "tanggal": "2025-11-08T12:00:00+07:00", "Wilayah": "Bandung", "Satwil": "Polrestabes Bandung" }, "geometry": { "type": "Point", "coordinates": [ 107.670019792766666, -6.904268573045504 ] } },
{ "type": "Feature", "properties": { "Nm_Ruas": "Jl. Ahmad Yani", "Status": "Jalan Kota", "Propinsi": "Jawa Barat", "Kab_Kot": "Kota Bandung", "SkorBS": 33, "Ket": "Black Spot", "Coverage": "Black Link Tercover CCTV", "tanggal": "2025-11-08T12:00:00+07:00", "Wilayah": "Bandung", "Satwil": "Polrestabes Bandung" }, "geometry": { "type": "Point", "coordinates": [ 107.646368837628813, -6.907056925933701 ] } },
{ "type": "Feature", "properties": { "Nm_Ruas": "Jl. Ahmad Yani", "Status": "Jalan Kota", "Propinsi": "Jawa Barat", "Kab_Kot": "Kota Bandung", "SkorBS": 30, "Ket": "Black Spot", "Coverage": "Black Link Blindspot", "tanggal": "2025-11-08T12:00:00+07:00", "Wilayah": "Bandung", "Satwil": "Polrestabes Bandung" }, "geometry": { "type": "Point", "coordinates": [ 107.639998804253082, -6.910439992562329 ] } },
{ "type": "Feature", "properties": { "Nm_Ruas": "Jl. Kopo", "Status": "Jalan Provinsi", "Propinsi": "Jawa Barat", "Kab_Kot": "Kota Bandung", "SkorBS": 32, "Ket": "Black Spot", "Coverage": "Black Link Blindspot", "tanggal": "2025-11-08T12:00:00+07:00", "Wilayah": "Bandung", "Satwil": "Polrestabes Bandung" }, "geometry": { "type": "Point", "coordinates": [ 107.591448160314201, -6.94286253934891 ] } },
{ "type": "Feature", "properties": { "Nm_Ruas": "Jl. Kopo", "Status": "Jalan Provinsi", "Propinsi": "Jawa Barat", "Kab_Kot": "Kota Bandung", "SkorBS": 40, "Ket": "Black Spot", "Coverage": "Black Link Blindspot", "tanggal": "2025-11-08T12:00:00+07:00", "Wilayah": "Bandung", "Satwil": "Polrestabes Bandung" }, "geometry": { "type": "Point", "coordinates": [ 107.593613264216643, -6.939403399163695 ] } },
{ "type": "Feature", "properties": { "Nm_Ruas": "Jl. Mochamad Toha", "Status": "Jalan Provinsi", "Propinsi": "Jawa Barat", "Kab_Kot": "Kota Bandung", "SkorBS": 37, "Ket": "Black Spot", "Coverage": "Black Link Blindspot", "tanggal": "2025-11-08T12:00:00+07:00", "Wilayah": "Bandung", "Satwil": "Polrestabes Bandung" }, "geometry": { "type": "Point", "coordinates": [ 107.607216389151858, -6.941865819601889 ] } },
{ "type": "Feature", "properties": { "Nm_Ruas": "Jl. Mochamad Toha", "Status": "Jalan Provinsi", "Propinsi": "Jawa Barat", "Kab_Kot": "Kota Bandung", "SkorBS": 35, "Ket": "Black Spot", "Coverage": "Black Link Blindspot", "tanggal": "2025-11-08T12:00:00+07:00", "Wilayah": "Bandung", "Satwil": "Polrestabes Bandung" }, "geometry": { "type": "Point", "coordinates": [ 107.610592513637869, -6.95183249615848 ] } },
{ "type": "Feature", "properties": { "Nm_Ruas": "Jl. Rancasawo", "Status": "Jalan Kota", "Propinsi": "Jawa Barat", "Kab_Kot": "Kota Bandung", "SkorBS": 32, "Ket": "Black Spot", "Coverage": "Black Link Blindspot", "tanggal": "2025-11-08T12:00:00+07:00", "Wilayah": "Bandung", "Satwil": "Polrestabes Bandung" }, "geometry": { "type": "Point", "coordinates": [ 107.666609124664262, -6.961166410711329 ] } },
{ "type": "Feature", "properties": { "Nm_Ruas": "Jl. Soekarno Hatta", "Status": "Jalan Nasional", "Propinsi": "Jawa Barat", "Kab_Kot": "Kota Bandung", "SkorBS": 31, "Ket": "Black Spot", "Coverage": "Black Link Blindspot", "tanggal": "2025-11-08T12:00:00+07:00", "Wilayah": "Bandung", "Satwil": "Polrestabes Bandung" }, "geometry": { "type": "Point", "coordinates": [ 107.577295116099435, -6.933659934805726 ] } },
{ "type": "Feature", "properties": { "Nm_Ruas": "Jl. Soekarno Hatta", "Status": "Jalan Nasional", "Propinsi": "Jawa Barat", "Kab_Kot": "Kota Bandung", "SkorBS": 32, "Ket": "Black Spot", "Coverage": "Black Link Blindspot", "tanggal": "2025-11-08T12:00:00+07:00", "Wilayah": "Bandung", "Satwil": "Polrestabes Bandung" }, "geometry": { "type": "Point", "coordinates": [ 107.680512614310203, -6.93785458593675 ] } },
{ "type": "Feature", "properties": { "Nm_Ruas": "Jl. A.H. Nasution", "Status": "Jalan Nasional", "Propinsi": "Jawa Barat", "Kab_Kot": "Kota Bandung", "SkorBS": 50, "Ket": "Black Spot", "Coverage": "Black Link Blindspot", "tanggal": "2025-11-09T12:00:00+07:00", "Wilayah": "Bandung", "Satwil": "Polrestabes Bandung" }, "geometry": { "type": "Point", "coordinates": [ 107.670019792766666, -6.904268573045504 ] } },
{ "type": "Feature", "properties": { "Nm_Ruas": "Jl. Ahmad Yani", "Status": "Jalan Kota", "Propinsi": "Jawa Barat", "Kab_Kot": "Kota Bandung", "SkorBS": 33, "Ket": "Black Spot", "Coverage": "Black Link Tercover CCTV", "tanggal": "2025-11-09T12:00:00+07:00", "Wilayah": "Bandung", "Satwil": "Polrestabes Bandung" }, "geometry": { "type": "Point", "coordinates": [ 107.646368837628813, -6.907056925933701 ] } },
{ "type": "Feature", "properties": { "Nm_Ruas": "Jl. Ahmad Yani", "Status": "Jalan Kota", "Propinsi": "Jawa Barat", "Kab_Kot": "Kota Bandung", "SkorBS": 30, "Ket": "Black Spot", "Coverage": "Black Link Blindspot", "tanggal": "2025-11-09T12:00:00+07:00", "Wilayah": "Bandung", "Satwil": "Polrestabes Bandung" }, "geometry": { "type": "Point", "coordinates": [ 107.639998804253082, -6.910439992562329 ] } },
{ "type": "Feature", "properties": { "Nm_Ruas": "Jl. Kopo", "Status": "Jalan Provinsi", "Propinsi": "Jawa Barat", "Kab_Kot": "Kota Bandung", "SkorBS": 32, "Ket": "Black Spot", "Coverage": "Black Link Blindspot", "tanggal": "2025-11-09T12:00:00+07:00", "Wilayah": "Bandung", "Satwil": "Polrestabes Bandung" }, "geometry": { "type": "Point", "coordinates": [ 107.591448160314201, -6.94286253934891 ] } },
{ "type": "Feature", "properties": { "Nm_Ruas": "Jl. Kopo", "Status": "Jalan Provinsi", "Propinsi": "Jawa Barat", "Kab_Kot": "Kota Bandung", "SkorBS": 40, "Ket": "Black Spot", "Coverage": "Black Link Blindspot", "tanggal": "2025-11-09T12:00:00+07:00", "Wilayah": "Bandung", "Satwil": "Polrestabes Bandung" }, "geometry": { "type": "Point", "coordinates": [ 107.593613264216643, -6.939403399163695 ] } },
{ "type": "Feature", "properties": { "Nm_Ruas": "Jl. Mochamad Toha", "Status": "Jalan Provinsi", "Propinsi": "Jawa Barat", "Kab_Kot": "Kota Bandung", "SkorBS": 37, "Ket": "Black Spot", "Coverage": "Black Link Blindspot", "tanggal": "2025-11-09T12:00:00+07:00", "Wilayah": "Bandung", "Satwil": "Polrestabes Bandung" }, "geometry": { "type": "Point", "coordinates": [ 107.607216389151858, -6.941865819601889 ] } },
{ "type": "Feature", "properties": { "Nm_Ruas": "Jl. Mochamad Toha", "Status": "Jalan Provinsi", "Propinsi": "Jawa Barat", "Kab_Kot": "Kota Bandung", "SkorBS": 35, "Ket": "Black Spot", "Coverage": "Black Link Blindspot", "tanggal": "2025-11-09T12:00:00+07:00", "Wilayah": "Bandung", "Satwil": "Polrestabes Bandung" }, "geometry": { "type": "Point", "coordinates": [ 107.610592513637869, -6.95183249615848 ] } },
{ "type": "Feature", "properties": { "Nm_Ruas": "Jl. Rancasawo", "Status": "Jalan Kota", "Propinsi": "Jawa Barat", "Kab_Kot": "Kota Bandung", "SkorBS": 32, "Ket": "Black Spot", "Coverage": "Black Link Blindspot", "tanggal": "2025-11-09T12:00:00+07:00", "Wilayah": "Bandung", "Satwil": "Polrestabes Bandung" }, "geometry": { "type": "Point", "coordinates": [ 107.666609124664262, -6.961166410711329 ] } },
{ "type": "Feature", "properties": { "Nm_Ruas": "Jl. Soekarno Hatta", "Status": "Jalan Nasional", "Propinsi": "Jawa Barat", "Kab_Kot": "Kota Bandung", "SkorBS": 31, "Ket": "Black Spot", "Coverage": "Black Link Blindspot", "tanggal": "2025-11-09T12:00:00+07:00", "Wilayah": "Bandung", "Satwil": "Polrestabes Bandung" }, "geometry": { "type": "Point", "coordinates": [ 107.577295116099435, -6.933659934805726 ] } },
{ "type": "Feature", "properties": { "Nm_Ruas": "Jl. Soekarno Hatta", "Status": "Jalan Nasional", "Propinsi": "Jawa Barat", "Kab_Kot": "Kota Bandung", "SkorBS": 32, "Ket": "Black Spot", "Coverage": "Black Link Blindspot", "tanggal": "2025-11-09T12:00:00+07:00", "Wilayah": "Bandung", "Satwil": "Polrestabes Bandung" }, "geometry": { "type": "Point", "coordinates": [ 107.680512614310203, -6.93785458593675 ] } },
{ "type": "Feature", "properties": { "Nm_Ruas": "Jl. A.H. Nasution", "Status": "Jalan Nasional", "Propinsi": "Jawa Barat", "Kab_Kot": "Kota Bandung", "SkorBS": 50, "Ket": "Black Spot", "Coverage": "Black Link Blindspot", "tanggal": "2025-11-10T12:00:00+07:00", "Wilayah": "Bandung", "Satwil": "Polrestabes Bandung" }, "geometry": { "type": "Point", "coordinates": [ 107.670019792766666, -6.904268573045504 ] } },
{ "type": "Feature", "properties": { "Nm_Ruas": "Jl. Ahmad Yani", "Status": "Jalan Kota", "Propinsi": "Jawa Barat", "Kab_Kot": "Kota Bandung", "SkorBS": 33, "Ket": "Black Spot", "Coverage": "Black Link Tercover CCTV", "tanggal": "2025-11-10T12:00:00+07:00", "Wilayah": "Bandung", "Satwil": "Polrestabes Bandung" }, "geometry": { "type": "Point", "coordinates": [ 107.646368837628813, -6.907056925933701 ] } },
{ "type": "Feature", "properties": { "Nm_Ruas": "Jl. Ahmad Yani", "Status": "Jalan Kota", "Propinsi": "Jawa Barat", "Kab_Kot": "Kota Bandung", "SkorBS": 30, "Ket": "Black Spot", "Coverage": "Black Link Blindspot", "tanggal": "2025-11-10T12:00:00+07:00", "Wilayah": "Bandung", "Satwil": "Polrestabes Bandung" }, "geometry": { "type": "Point", "coordinates": [ 107.639998804253082, -6.910439992562329 ] } },
{ "type": "Feature", "properties": { "Nm_Ruas": "Jl. Kopo", "Status": "Jalan Provinsi", "Propinsi": "Jawa Barat", "Kab_Kot": "Kota Bandung", "SkorBS": 32, "Ket": "Black Spot", "Coverage": "Black Link Blindspot", "tanggal": "2025-11-10T12:00:00+07:00", "Wilayah": "Bandung", "Satwil": "Polrestabes Bandung" }, "geometry": { "type": "Point", "coordinates": [ 107.591448160314201, -6.94286253934891 ] } },
{ "type": "Feature", "properties": { "Nm_Ruas": "Jl. Kopo", "Status": "Jalan Provinsi", "Propinsi": "Jawa Barat", "Kab_Kot": "Kota Bandung", "SkorBS": 40, "Ket": "Black Spot", "Coverage": "Black Link Blindspot", "tanggal": "2025-11-10T12:00:00+07:00", "Wilayah": "Bandung", "Satwil": "Polrestabes Bandung" }, "geometry": { "type": "Point", "coordinates": [ 107.593613264216643, -6.939403399163695 ] } },
{ "type": "Feature", "properties": { "Nm_Ruas": "Jl. Mochamad Toha", "Status": "Jalan Provinsi", "Propinsi": "Jawa Barat", "Kab_Kot": "Kota Bandung", "SkorBS": 37, "Ket": "Black Spot", "Coverage": "Black Link Blindspot", "tanggal": "2025-11-10T12:00:00+07:00", "Wilayah": "Bandung", "Satwil": "Polrestabes Bandung" }, "geometry": { "type": "Point", "coordinates": [ 107.607216389151858, -6.941865819601889 ] } },
{ "type": "Feature", "properties": { "Nm_Ruas": "Jl. Mochamad Toha", "Status": "Jalan Provinsi", "Propinsi": "Jawa Barat", "Kab_Kot": "Kota Bandung", "SkorBS": 35, "Ket": "Black Spot", "Coverage": "Black Link Blindspot", "tanggal": "2025-11-10T12:00:00+07:00", "Wilayah": "Bandung", "Satwil": "Polrestabes Bandung" }, "geometry": { "type": "Point", "coordinates": [ 107.610592513637869, -6.95183249615848 ] } },
{ "type": "Feature", "properties": { "Nm_Ruas": "Jl. Rancasawo", "Status": "Jalan Kota", "Propinsi": "Jawa Barat", "Kab_Kot": "Kota Bandung", "SkorBS": 32, "Ket": "Black Spot", "Coverage": "Black Link Blindspot", "tanggal": "2025-11-10T12:00:00+07:00", "Wilayah": "Bandung", "Satwil": "Polrestabes Bandung" }, "geometry": { "type": "Point", "coordinates": [ 107.666609124664262, -6.961166410711329 ] } },
{ "type": "Feature", "properties": { "Nm_Ruas": "Jl. Soekarno Hatta", "Status": "Jalan Nasional", "Propinsi": "Jawa Barat", "Kab_Kot": "Kota Bandung", "SkorBS": 31, "Ket": "Black Spot", "Coverage": "Black Link Blindspot", "tanggal": "2025-11-10T12:00:00+07:00", "Wilayah": "Bandung", "Satwil": "Polrestabes Bandung" }, "geometry": { "type": "Point", "coordinates": [ 107.577295116099435, -6.933659934805726 ] } },
{ "type": "Feature", "properties": { "Nm_Ruas": "Jl. Soekarno Hatta", "Status": "Jalan Nasional", "Propinsi": "Jawa Barat", "Kab_Kot": "Kota Bandung", "SkorBS": 32, "Ket": "Black Spot", "Coverage": "Black Link Blindspot", "tanggal": "2025-11-10T12:00:00+07:00", "Wilayah": "Bandung", "Satwil": "Polrestabes Bandung" }, "geometry": { "type": "Point", "coordinates": [ 107.680512614310203, -6.93785458593675 ] } },
{ "type": "Feature", "properties": { "Nm_Ruas": "Jl. A.H. Nasution", "Status": "Jalan Nasional", "Propinsi": "Jawa Barat", "Kab_Kot": "Kota Bandung", "SkorBS": 50, "Ket": "Black Spot", "Coverage": "Black Link Blindspot", "tanggal": "2025-11-11T12:00:00+07:00", "Wilayah": "Bandung", "Satwil": "Polrestabes Bandung" }, "geometry": { "type": "Point", "coordinates": [ 107.670019792766666, -6.904268573045504 ] } },
{ "type": "Feature", "properties": { "Nm_Ruas": "Jl. Ahmad Yani", "Status": "Jalan Kota", "Propinsi": "Jawa Barat", "Kab_Kot": "Kota Bandung", "SkorBS": 33, "Ket": "Black Spot", "Coverage": "Black Link Tercover CCTV", "tanggal": "2025-11-11T12:00:00+07:00", "Wilayah": "Bandung", "Satwil": "Polrestabes Bandung" }, "geometry": { "type": "Point", "coordinates": [ 107.646368837628813, -6.907056925933701 ] } },
{ "type": "Feature", "properties": { "Nm_Ruas": "Jl. Ahmad Yani", "Status": "Jalan Kota", "Propinsi": "Jawa Barat", "Kab_Kot": "Kota Bandung", "SkorBS": 30, "Ket": "Black Spot", "Coverage": "Black Link Blindspot", "tanggal": "2025-11-11T12:00:00+07:00", "Wilayah": "Bandung", "Satwil": "Polrestabes Bandung" }, "geometry": { "type": "Point", "coordinates": [ 107.639998804253082, -6.910439992562329 ] } },
{ "type": "Feature", "properties": { "Nm_Ruas": "Jl. Kopo", "Status": "Jalan Provinsi", "Propinsi": "Jawa Barat", "Kab_Kot": "Kota Bandung", "SkorBS": 32, "Ket": "Black Spot", "Coverage": "Black Link Blindspot", "tanggal": "2025-11-11T12:00:00+07:00", "Wilayah": "Bandung", "Satwil": "Polrestabes Bandung" }, "geometry": { "type": "Point", "coordinates": [ 107.591448160314201, -6.94286253934891 ] } },
{ "type": "Feature", "properties": { "Nm_Ruas": "Jl. Kopo", "Status": "Jalan Provinsi", "Propinsi": "Jawa Barat", "Kab_Kot": "Kota Bandung", "SkorBS": 40, "Ket": "Black Spot", "Coverage": "Black Link Blindspot", "tanggal": "2025-11-11T12:00:00+07:00", "Wilayah": "Bandung", "Satwil": "Polrestabes Bandung" }, "geometry": { "type": "Point", "coordinates": [ 107.593613264216643, -6.939403399163695 ] } },
{ "type": "Feature", "properties": { "Nm_Ruas": "Jl. Mochamad Toha", "Status": "Jalan Provinsi", "Propinsi": "Jawa Barat", "Kab_Kot": "Kota Bandung", "SkorBS": 37, "Ket": "Black Spot", "Coverage": "Black Link Blindspot", "tanggal": "2025-11-11T12:00:00+07:00", "Wilayah": "Bandung", "Satwil": "Polrestabes Bandung" }, "geometry": { "type": "Point", "coordinates": [ 107.607216389151858, -6.941865819601889 ] } },
{ "type": "Feature", "properties": { "Nm_Ruas": "Jl. Mochamad Toha", "Status": "Jalan Provinsi", "Propinsi": "Jawa Barat", "Kab_Kot": "Kota Bandung", "SkorBS": 35, "Ket": "Black Spot", "Coverage": "Black Link Blindspot", "tanggal": "2025-11-11T12:00:00+07:00", "Wilayah": "Bandung", "Satwil": "Polrestabes Bandung" }, "geometry": { "type": "Point", "coordinates": [ 107.610592513637869, -6.95183249615848 ] } },
{ "type": "Feature", "properties": { "Nm_Ruas": "Jl. Rancasawo", "Status": "Jalan Kota", "Propinsi": "Jawa Barat", "Kab_Kot": "Kota Bandung", "SkorBS": 32, "Ket": "Black Spot", "Coverage": "Black Link Blindspot", "tanggal": "2025-11-11T12:00:00+07:00", "Wilayah": "Bandung", "Satwil": "Polrestabes Bandung" }, "geometry": { "type": "Point", "coordinates": [ 107.666609124664262, -6.961166410711329 ] } },
{ "type": "Feature", "properties": { "Nm_Ruas": "Jl. Soekarno Hatta", "Status": "Jalan Nasional", "Propinsi": "Jawa Barat", "Kab_Kot": "Kota Bandung", "SkorBS": 31, "Ket": "Black Spot", "Coverage": "Black Link Blindspot", "tanggal": "2025-11-11T12:00:00+07:00", "Wilayah": "Bandung", "Satwil": "Polrestabes Bandung" }, "geometry": { "type": "Point", "coordinates": [ 107.577295116099435, -6.933659934805726 ] } },
{ "type": "Feature", "properties": { "Nm_Ruas": "Jl. Soekarno Hatta", "Status": "Jalan Nasional", "Propinsi": "Jawa Barat", "Kab_Kot": "Kota Bandung", "SkorBS": 32, "Ket": "Black Spot", "Coverage": "Black Link Blindspot", "tanggal": "2025-11-11T12:00:00+07:00", "Wilayah": "Bandung", "Satwil": "Polrestabes Bandung" }, "geometry": { "type": "Point", "coordinates": [ 107.680512614310203, -6.93785458593675 ] } },
{ "type": "Feature", "properties": { "Nm_Ruas": "Jl. A.H. Nasution", "Status": "Jalan Nasional", "Propinsi": "Jawa Barat", "Kab_Kot": "Kota Bandung", "SkorBS": 40, "Ket": "Black Spot", "Coverage": "Black Link Blindspot", "tanggal": "2025-11-12T12:00:00+07:00", "Wilayah": "Bandung", "Satwil": "Polrestabes Bandung" }, "geometry": { "type": "Point", "coordinates": [ 107.670019792766666, -6.904268573045504 ] } },
{ "type": "Feature", "properties": { "Nm_Ruas": "Jl. Ahmad Yani", "Status": "Jalan Kota", "Propinsi": "Jawa Barat", "Kab_Kot": "Kota Bandung", "SkorBS": 33, "Ket": "Black Spot", "Coverage": "Black Link Blindspot", "tanggal": "2025-11-12T12:00:00+07:00", "Wilayah": "Bandung", "Satwil": "Polrestabes Bandung" }, "geometry": { "type": "Point", "coordinates": [ 107.646368837628813, -6.907056925933701 ] } },
{ "type": "Feature", "properties": { "Nm_Ruas": "Jl. Ahmad Yani", "Status": "Jalan Kota", "Propinsi": "Jawa Barat", "Kab_Kot": "Kota Bandung", "SkorBS": 30, "Ket": "Black Spot", "Coverage": "Black Link Blindspot", "tanggal": "2025-11-12T12:00:00+07:00", "Wilayah": "Bandung", "Satwil": "Polrestabes Bandung" }, "geometry": { "type": "Point", "coordinates": [ 107.639998804253082, -6.910439992562329 ] } },
{ "type": "Feature", "properties": { "Nm_Ruas": "Jl. Kopo", "Status": "Jalan Provinsi", "Propinsi": "Jawa Barat", "Kab_Kot": "Kota Bandung", "SkorBS": 32, "Ket": "Black Spot", "Coverage": "Black Link Blindspot", "tanggal": "2025-11-12T12:00:00+07:00", "Wilayah": "Bandung", "Satwil": "Polrestabes Bandung" }, "geometry": { "type": "Point", "coordinates": [ 107.591448160314201, -6.94286253934891 ] } },
{ "type": "Feature", "properties": { "Nm_Ruas": "Jl. Kopo", "Status": "Jalan Provinsi", "Propinsi": "Jawa Barat", "Kab_Kot": "Kota Bandung", "SkorBS": 40, "Ket": "Black Spot", "Coverage": "Black Link Blindspot", "tanggal": "2025-11-12T12:00:00+07:00", "Wilayah": "Bandung", "Satwil": "Polrestabes Bandung" }, "geometry": { "type": "Point", "coordinates": [ 107.593613264216643, -6.939403399163695 ] } },
{ "type": "Feature", "properties": { "Nm_Ruas": "Jl. Mochamad Toha", "Status": "Jalan Provinsi", "Propinsi": "Jawa Barat", "Kab_Kot": "Kota Bandung", "SkorBS": 37, "Ket": "Black Spot", "Coverage": "Black Link Blindspot", "tanggal": "2025-11-12T12:00:00+07:00", "Wilayah": "Bandung", "Satwil": "Polrestabes Bandung" }, "geometry": { "type": "Point", "coordinates": [ 107.607216389151858, -6.941865819601889 ] } },
{ "type": "Feature", "properties": { "Nm_Ruas": "Jl. Mochamad Toha", "Status": "Jalan Provinsi", "Propinsi": "Jawa Barat", "Kab_Kot": "Kota Bandung", "SkorBS": 35, "Ket": "Black Spot", "Coverage": "Black Link Blindspot", "tanggal": "2025-11-12T12:00:00+07:00", "Wilayah": "Bandung", "Satwil": "Polrestabes Bandung" }, "geometry": { "type": "Point", "coordinates": [ 107.610592513637869, -6.95183249615848 ] } },
{ "type": "Feature", "properties": { "Nm_Ruas": "Jl. Rancasawo", "Status": "Jalan Kota", "Propinsi": "Jawa Barat", "Kab_Kot": "Kota Bandung", "SkorBS": 32, "Ket": "Black Spot", "Coverage": "Black Link Blindspot", "tanggal": "2025-11-12T12:00:00+07:00", "Wilayah": "Bandung", "Satwil": "Polrestabes Bandung" }, "geometry": { "type": "Point", "coordinates": [ 107.666609124664262, -6.961166410711329 ] } },
{ "type": "Feature", "properties": { "Nm_Ruas": "Jl. Soekarno Hatta", "Status": "Jalan Nasional", "Propinsi": "Jawa Barat", "Kab_Kot": "Kota Bandung", "SkorBS": 31, "Ket": "Black Spot", "Coverage": "Black Link Blindspot", "tanggal": "2025-11-12T12:00:00+07:00", "Wilayah": "Bandung", "Satwil": "Polrestabes Bandung" }, "geometry": { "type": "Point", "coordinates": [ 107.577295116099435, -6.933659934805726 ] } },
{ "type": "Feature", "properties": { "Nm_Ruas": "Jl. Soekarno Hatta", "Status": "Jalan Nasional", "Propinsi": "Jawa Barat", "Kab_Kot": "Kota Bandung", "SkorBS": 32, "Ket": "Black Spot", "Coverage": "Black Link Blindspot", "tanggal": "2025-11-12T12:00:00+07:00", "Wilayah": "Bandung", "Satwil": "Polrestabes Bandung" }, "geometry": { "type": "Point", "coordinates": [ 107.680512614310203, -6.93785458593675 ] } },
{ "type": "Feature", "properties": { "Nm_Ruas": "Jl. Dr. Rajiman", "Status": "Jalan Kota", "Propinsi": "Jawa Tengah", "Kab_Kot": "Kota Surakarta", "SkorBS": 32, "Ket": "Black Spot", "Coverage": "Black Link Blindspot", "tanggal": "2025-11-06T12:00:00+07:00", "Wilayah": "Surakarta", "Satwil": "Polresta Surakarta" }, "geometry": { "type": "Point", "coordinates": [ 110.789078774576339, -7.568459335463992 ] } },
{ "type": "Feature", "properties": { "Nm_Ruas": "Jl. Sutami", "Status": "Jalan Nasional", "Propinsi": "Jawa Tengah", "Kab_Kot": "Kota Surakarta", "SkorBS": 51, "Ket": "Black Spot", "Coverage": "Black Link Tercover CCTV", "tanggal": "2025-11-06T12:00:00+07:00", "Wilayah": "Surakarta", "Satwil": "Polresta Surakarta" }, "geometry": { "type": "Point", "coordinates": [ 110.854114459000854, -7.564021626761141 ] } },
{ "type": "Feature", "properties": { "Nm_Ruas": "Jl. Lingkar Utara Surakarta", "Status": "Jalan Nasional", "Propinsi": "Jawa Tengah", "Kab_Kot": "Kota Surakarta", "SkorBS": 31, "Ket": "Black Spot", "Coverage": "Black Link Blindspot", "tanggal": "2025-11-06T12:00:00+07:00", "Wilayah": "Surakarta", "Satwil": "Polresta Surakarta" }, "geometry": { "type": "Point", "coordinates": [ 110.854028920961497, -7.541740625531091 ] } },
{ "type": "Feature", "properties": { "Nm_Ruas": "Jl. Dr. Rajiman", "Status": "Jalan Kota", "Propinsi": "Jawa Tengah", "Kab_Kot": "Kota Surakarta", "SkorBS": 32, "Ket": "Black Spot", "Coverage": "Black Link Blindspot", "tanggal": "2025-11-07T12:00:00+07:00", "Wilayah": "Surakarta", "Satwil": "Polresta Surakarta" }, "geometry": { "type": "Point", "coordinates": [ 110.789078774576339, -7.568459335463992 ] } },
{ "type": "Feature", "properties": { "Nm_Ruas": "Jl. Sutami", "Status": "Jalan Nasional", "Propinsi": "Jawa Tengah", "Kab_Kot": "Kota Surakarta", "SkorBS": 51, "Ket": "Black Spot", "Coverage": "Black Link Tercover CCTV", "tanggal": "2025-11-07T12:00:00+07:00", "Wilayah": "Surakarta", "Satwil": "Polresta Surakarta" }, "geometry": { "type": "Point", "coordinates": [ 110.854114459000854, -7.564021626761141 ] } },
{ "type": "Feature", "properties": { "Nm_Ruas": "Jl. Lingkar Utara Surakarta", "Status": "Jalan Nasional", "Propinsi": "Jawa Tengah", "Kab_Kot": "Kota Surakarta", "SkorBS": 31, "Ket": "Black Spot", "Coverage": "Black Link Blindspot", "tanggal": "2025-11-07T12:00:00+07:00", "Wilayah": "Surakarta", "Satwil": "Polresta Surakarta" }, "geometry": { "type": "Point", "coordinates": [ 110.854028920961497, -7.541740625531091 ] } },
{ "type": "Feature", "properties": { "Nm_Ruas": "Jl. Dr. Rajiman", "Status": "Jalan Kota", "Propinsi": "Jawa Tengah", "Kab_Kot": "Kota Surakarta", "SkorBS": 32, "Ket": "Black Spot", "Coverage": "Black Link Blindspot", "tanggal": "2025-11-08T12:00:00+07:00", "Wilayah": "Surakarta", "Satwil": "Polresta Surakarta" }, "geometry": { "type": "Point", "coordinates": [ 110.789078774576339, -7.568459335463992 ] } },
{ "type": "Feature", "properties": { "Nm_Ruas": "Jl. Sutami", "Status": "Jalan Nasional", "Propinsi": "Jawa Tengah", "Kab_Kot": "Kota Surakarta", "SkorBS": 52, "Ket": "Black Spot", "Coverage": "Black Link Tercover CCTV", "tanggal": "2025-11-08T12:00:00+07:00", "Wilayah": "Surakarta", "Satwil": "Polresta Surakarta" }, "geometry": { "type": "Point", "coordinates": [ 110.854114459000854, -7.564021626761141 ] } },
{ "type": "Feature", "properties": { "Nm_Ruas": "Jl. Lingkar Utara Surakarta", "Status": "Jalan Nasional", "Propinsi": "Jawa Tengah", "Kab_Kot": "Kota Surakarta", "SkorBS": 31, "Ket": "Black Spot", "Coverage": "Black Link Blindspot", "tanggal": "2025-11-08T12:00:00+07:00", "Wilayah": "Surakarta", "Satwil": "Polresta Surakarta" }, "geometry": { "type": "Point", "coordinates": [ 110.854028920961497, -7.541740625531091 ] } },
{ "type": "Feature", "properties": { "Nm_Ruas": "Jl. Dr. Rajiman", "Status": "Jalan Kota", "Propinsi": "Jawa Tengah", "Kab_Kot": "Kota Surakarta", "SkorBS": 32, "Ket": "Black Spot", "Coverage": "Black Link Blindspot", "tanggal": "2025-11-09T12:00:00+07:00", "Wilayah": "Surakarta", "Satwil": "Polresta Surakarta" }, "geometry": { "type": "Point", "coordinates": [ 110.789078774576339, -7.568459335463992 ] } },
{ "type": "Feature", "properties": { "Nm_Ruas": "Jl. Sutami", "Status": "Jalan Nasional", "Propinsi": "Jawa Tengah", "Kab_Kot": "Kota Surakarta", "SkorBS": 52, "Ket": "Black Spot", "Coverage": "Black Link Tercover CCTV", "tanggal": "2025-11-09T12:00:00+07:00", "Wilayah": "Surakarta", "Satwil": "Polresta Surakarta" }, "geometry": { "type": "Point", "coordinates": [ 110.854114459000854, -7.564021626761141 ] } },
{ "type": "Feature", "properties": { "Nm_Ruas": "Jl. Lingkar Utara Surakarta", "Status": "Jalan Nasional", "Propinsi": "Jawa Tengah", "Kab_Kot": "Kota Surakarta", "SkorBS": 31, "Ket": "Black Spot", "Coverage": "Black Link Blindspot", "tanggal": "2025-11-09T12:00:00+07:00", "Wilayah": "Surakarta", "Satwil": "Polresta Surakarta" }, "geometry": { "type": "Point", "coordinates": [ 110.854028920961497, -7.541740625531091 ] } },
{ "type": "Feature", "properties": { "Nm_Ruas": "Jl. Dr. Rajiman", "Status": "Jalan Kota", "Propinsi": "Jawa Tengah", "Kab_Kot": "Kota Surakarta", "SkorBS": 32, "Ket": "Black Spot", "Coverage": "Black Link Blindspot", "tanggal": "2025-11-10T12:00:00+07:00", "Wilayah": "Surakarta", "Satwil": "Polresta Surakarta" }, "geometry": { "type": "Point", "coordinates": [ 110.789078774576339, -7.568459335463992 ] } },
{ "type": "Feature", "properties": { "Nm_Ruas": "Jl. Sutami", "Status": "Jalan Nasional", "Propinsi": "Jawa Tengah", "Kab_Kot": "Kota Surakarta", "SkorBS": 52, "Ket": "Black Spot", "Coverage": "Black Link Tercover CCTV", "tanggal": "2025-11-10T12:00:00+07:00", "Wilayah": "Surakarta", "Satwil": "Polresta Surakarta" }, "geometry": { "type": "Point", "coordinates": [ 110.854114459000854, -7.564021626761141 ] } },
{ "type": "Feature", "properties": { "Nm_Ruas": "Jl. Lingkar Utara Surakarta", "Status": "Jalan Nasional", "Propinsi": "Jawa Tengah", "Kab_Kot": "Kota Surakarta", "SkorBS": 31, "Ket": "Black Spot", "Coverage": "Black Link Blindspot", "tanggal": "2025-11-10T12:00:00+07:00", "Wilayah": "Surakarta", "Satwil": "Polresta Surakarta" }, "geometry": { "type": "Point", "coordinates": [ 110.854028920961497, -7.541740625531091 ] } },
{ "type": "Feature", "properties": { "Nm_Ruas": "Jl. Dr. Rajiman", "Status": "Jalan Kota", "Propinsi": "Jawa Tengah", "Kab_Kot": "Kota Surakarta", "SkorBS": 32, "Ket": "Black Spot", "Coverage": "Black Link Blindspot", "tanggal": "2025-11-11T12:00:00+07:00", "Wilayah": "Surakarta", "Satwil": "Polresta Surakarta" }, "geometry": { "type": "Point", "coordinates": [ 110.789078774576339, -7.568459335463992 ] } },
{ "type": "Feature", "properties": { "Nm_Ruas": "Jl. Sutami", "Status": "Jalan Nasional", "Propinsi": "Jawa Tengah", "Kab_Kot": "Kota Surakarta", "SkorBS": 52, "Ket": "Black Spot", "Coverage": "Black Link Tercover CCTV", "tanggal": "2025-11-11T12:00:00+07:00", "Wilayah": "Surakarta", "Satwil": "Polresta Surakarta" }, "geometry": { "type": "Point", "coordinates": [ 110.854114459000854, -7.564021626761141 ] } },
{ "type": "Feature", "properties": { "Nm_Ruas": "Jl. Lingkar Utara Surakarta", "Status": "Jalan Nasional", "Propinsi": "Jawa Tengah", "Kab_Kot": "Kota Surakarta", "SkorBS": 31, "Ket": "Black Spot", "Coverage": "Black Link Blindspot", "tanggal": "2025-11-11T12:00:00+07:00", "Wilayah": "Surakarta", "Satwil": "Polresta Surakarta" }, "geometry": { "type": "Point", "coordinates": [ 110.854028920961497, -7.541740625531091 ] } },
{ "type": "Feature", "properties": { "Nm_Ruas": "Jl. Dr. Rajiman", "Status": "Jalan Kota", "Propinsi": "Jawa Tengah", "Kab_Kot": "Kota Surakarta", "SkorBS": 32, "Ket": "Black Spot", "Coverage": "Black Link Blindspot", "tanggal": "2025-11-12T12:00:00+07:00", "Wilayah": "Surakarta", "Satwil": "Polresta Surakarta" }, "geometry": { "type": "Point", "coordinates": [ 110.789078774576339, -7.568459335463992 ] } },
{ "type": "Feature", "properties": { "Nm_Ruas": "Jl. Sutami", "Status": "Jalan Nasional", "Propinsi": "Jawa Tengah", "Kab_Kot": "Kota Surakarta", "SkorBS": 52, "Ket": "Black Spot", "Coverage": "Black Link Blindspot", "tanggal": "2025-11-12T12:00:00+07:00", "Wilayah": "Surakarta", "Satwil": "Polresta Surakarta" }, "geometry": { "type": "Point", "coordinates": [ 110.854114459000854, -7.564021626761141 ] } },
{ "type": "Feature", "properties": { "Nm_Ruas": "Jl. Lingkar Utara Surakarta", "Status": "Jalan Nasional", "Propinsi": "Jawa Tengah", "Kab_Kot": "Kota Surakarta", "SkorBS": 31, "Ket": "Black Spot", "Coverage": "Black Link Blindspot", "tanggal": "2025-11-12T12:00:00+07:00", "Wilayah": "Surakarta", "Satwil": "Polresta Surakarta" }, "geometry": { "type": "Point", "coordinates": [ 110.854028920961497, -7.541740625531091 ] } },
{ "type": "Feature", "properties": { "Nm_Ruas": "Jl. Bantul - Srandakan", "Status": "Jalan Provinsi", "Propinsi": "Daerah Istimewa Yogyakarta", "Kab_Kot": "Bantul", "SkorBS": 53, "Ket": "Black Spot", "Coverage": "Black Link Blindspot", "tanggal": "2025-11-06T12:00:00+07:00", "Wilayah": "Yogyakarta", "Satwil": "Polda DI Yogyakarta" }, "geometry": { "type": "Point", "coordinates": [ 110.284013735490404, -7.917962308998745 ] } },
{ "type": "Feature", "properties": { "Nm_Ruas": "Jl. Bantul - Srandakan", "Status": "Jalan Provinsi", "Propinsi": "Daerah Istimewa Yogyakarta", "Kab_Kot": "Bantul", "SkorBS": 40, "Ket": "Black Spot", "Coverage": "Black Link Blindspot", "tanggal": "2025-11-06T12:00:00+07:00", "Wilayah": "Yogyakarta", "Satwil": "Polda DI Yogyakarta" }, "geometry": { "type": "Point", "coordinates": [ 110.263061255819295, -7.933515818540059 ] } },
{ "type": "Feature", "properties": { "Nm_Ruas": "Jl. Semin - Bulu", "Status": "Jalan Provinsi", "Propinsi": "Daerah Istimewa Yogyakarta", "Kab_Kot": "Gunungkidul", "SkorBS": 31, "Ket": "Black Spot", "Coverage": "Black Link Blindspot", "tanggal": "2025-11-06T12:00:00+07:00", "Wilayah": "Yogyakarta", "Satwil": "Polda DI Yogyakarta" }, "geometry": { "type": "Point", "coordinates": [ 110.725954080192992, -7.829720913398167 ] } },
{ "type": "Feature", "properties": { "Nm_Ruas": "Jl. Palbapang - Samas", "Status": "Jalan Provinsi", "Propinsi": "Daerah Istimewa Yogyakarta", "Kab_Kot": "Bantul", "SkorBS": 37, "Ket": "Black Spot", "Coverage": "Black Link Blindspot", "tanggal": "2025-11-06T12:00:00+07:00", "Wilayah": "Yogyakarta", "Satwil": "Polda DI Yogyakarta" }, "geometry": { "type": "Point", "coordinates": [ 110.296873211464984, -7.947839341330147 ] } },
{ "type": "Feature", "properties": { "Nm_Ruas": "Jl. Yogyakarta - Bakulan (Parangtritis)", "Status": "Jalan Provinsi", "Propinsi": "Daerah Istimewa Yogyakarta", "Kab_Kot": "Bantul", "SkorBS": 34, "Ket": "Black Spot", "Coverage": "Black Link Blindspot", "tanggal": "2025-11-06T12:00:00+07:00", "Wilayah": "Yogyakarta", "Satwil": "Polda DI Yogyakarta" }, "geometry": { "type": "Point", "coordinates": [ 110.363987016494306, -7.83912072613994 ] } },
{ "type": "Feature", "properties": { "Nm_Ruas": "Jl. Ngipik - Salakan", "Status": "Jalan Kabupaten", "Propinsi": "Daerah Istimewa Yogyakarta", "Kab_Kot": "Bantul", "SkorBS": 44, "Ket": "Black Spot", "Coverage": "Black Link Blindspot", "tanggal": "2025-11-06T12:00:00+07:00", "Wilayah": "Yogyakarta", "Satwil": "Polda DI Yogyakarta" }, "geometry": { "type": "Point", "coordinates": [ 110.416128024246262, -7.829592780455351 ] } },
{ "type": "Feature", "properties": { "Nm_Ruas": "Jl. Gose - Palbapang", "Status": "Jalan Kabupaten", "Propinsi": "Daerah Istimewa Yogyakarta", "Kab_Kot": "Bantul", "SkorBS": 31, "Ket": "Black Spot", "Coverage": "Black Link Blindspot", "tanggal": "2025-11-06T12:00:00+07:00", "Wilayah": "Yogyakarta", "Satwil": "Polda DI Yogyakarta" }, "geometry": { "type": "Point", "coordinates": [ 110.322340296239688, -7.899258889468851 ] } },
{ "type": "Feature", "properties": { "Nm_Ruas": "Jl. Sp. Kalimenur - Cemetuk", "Status": "Jalan Kabupaten", "Propinsi": "Daerah Istimewa Yogyakarta", "Kab_Kot": "Kulon Progo", "SkorBS": 31, "Ket": "Black Spot", "Coverage": "Black Link Blindspot", "tanggal": "2025-11-06T12:00:00+07:00", "Wilayah": "Yogyakarta", "Satwil": "Polda DI Yogyakarta" }, "geometry": { "type": "Point", "coordinates": [ 110.209958712982541, -7.86619045368768 ] } },
{ "type": "Feature", "properties": { "Nm_Ruas": "Jl. Karangkajen - Wojo", "Status": "Jalan Kabupaten", "Propinsi": "Daerah Istimewa Yogyakarta", "Kab_Kot": "Bantul", "SkorBS": 39, "Ket": "Black Spot", "Coverage": "Black Link Blindspot", "tanggal": "2025-11-06T12:00:00+07:00", "Wilayah": "Yogyakarta", "Satwil": "Polda DI Yogyakarta" }, "geometry": { "type": "Point", "coordinates": [ 110.374254914896866, -7.835882215622121 ] } },
{ "type": "Feature", "properties": { "Nm_Ruas": "Jl. Krt Pringgodiningrat", "Status": "Jalan Kabupaten", "Propinsi": "Daerah Istimewa Yogyakarta", "Kab_Kot": "Sleman", "SkorBS": 33, "Ket": "Black Spot", "Coverage": "Black Link Blindspot", "tanggal": "2025-11-06T12:00:00+07:00", "Wilayah": "Yogyakarta", "Satwil": "Polda DI Yogyakarta" }, "geometry": { "type": "Point", "coordinates": [ 110.358840698019293, -7.721207411474373 ] } },
{ "type": "Feature", "properties": { "Nm_Ruas": "Jl. Bantul", "Status": "Jalan Kota", "Propinsi": "Daerah Istimewa Yogyakarta", "Kab_Kot": "Kota Yogyakarta", "SkorBS": 33, "Ket": "Black Spot", "Coverage": "Black Link Blindspot", "tanggal": "2025-11-06T12:00:00+07:00", "Wilayah": "Yogyakarta", "Satwil": "Polda DI Yogyakarta" }, "geometry": { "type": "Point", "coordinates": [ 110.35423079851742, -7.827289323662815 ] } },
{ "type": "Feature", "properties": { "Nm_Ruas": "Jl. Yogyakarta - Kaliurang", "Status": "Jalan Provinsi", "Propinsi": "Daerah Istimewa Yogyakarta", "Kab_Kot": "Sleman", "SkorBS": 32, "Ket": "Black Spot", "Coverage": "Black Link Blindspot", "tanggal": "2025-11-06T12:00:00+07:00", "Wilayah": "Yogyakarta", "Satwil": "Polda DI Yogyakarta" }, "geometry": { "type": "Point", "coordinates": [ 110.415046396991983, -7.700837647503923 ] } },
{ "type": "Feature", "properties": { "Nm_Ruas": "Jl. Bantul - Srandakan", "Status": "Jalan Provinsi", "Propinsi": "Daerah Istimewa Yogyakarta", "Kab_Kot": "Bantul", "SkorBS": 32, "Ket": "Black Spot", "Coverage": "Black Link Blindspot", "tanggal": "2025-11-06T12:00:00+07:00", "Wilayah": "Yogyakarta", "Satwil": "Polda DI Yogyakarta" }, "geometry": { "type": "Point", "coordinates": [ 110.266185683772662, -7.93175406312762 ] } },
{ "type": "Feature", "properties": { "Nm_Ruas": "Jl. Palbapang - Samas", "Status": "Jalan Provinsi", "Propinsi": "Daerah Istimewa Yogyakarta", "Kab_Kot": "Bantul", "SkorBS": 36, "Ket": "Black Spot", "Coverage": "Black Link Blindspot", "tanggal": "2025-11-06T12:00:00+07:00", "Wilayah": "Yogyakarta", "Satwil": "Polda DI Yogyakarta" }, "geometry": { "type": "Point", "coordinates": [ 110.290611560914627, -7.95963707610752 ] } },
{ "type": "Feature", "properties": { "Nm_Ruas": "Jl. Imogiri", "Status": "Jalan Kota", "Propinsi": "Daerah Istimewa Yogyakarta", "Kab_Kot": "Kota Yogyakarta", "SkorBS": 44, "Ket": "Black Spot", "Coverage": "Black Link Blindspot", "tanggal": "2025-11-06T12:00:00+07:00", "Wilayah": "Yogyakarta", "Satwil": "Polda DI Yogyakarta" }, "geometry": { "type": "Point", "coordinates": [ 110.391638468143455, -7.836133437824726 ] } },
{ "type": "Feature", "properties": { "Nm_Ruas": "Jl. Bantul - Srandakan", "Status": "Jalan Provinsi", "Propinsi": "Daerah Istimewa Yogyakarta", "Kab_Kot": "Bantul", "SkorBS": 53, "Ket": "Black Spot", "Coverage": "Black Link Blindspot", "tanggal": "2025-11-07T12:00:00+07:00", "Wilayah": "Yogyakarta", "Satwil": "Polda DI Yogyakarta" }, "geometry": { "type": "Point", "coordinates": [ 110.284013735490404, -7.917962308998745 ] } },
{ "type": "Feature", "properties": { "Nm_Ruas": "Jl. Bantul - Srandakan", "Status": "Jalan Provinsi", "Propinsi": "Daerah Istimewa Yogyakarta", "Kab_Kot": "Bantul", "SkorBS": 40, "Ket": "Black Spot", "Coverage": "Black Link Blindspot", "tanggal": "2025-11-07T12:00:00+07:00", "Wilayah": "Yogyakarta", "Satwil": "Polda DI Yogyakarta" }, "geometry": { "type": "Point", "coordinates": [ 110.263061255819295, -7.933515818540059 ] } },
{ "type": "Feature", "properties": { "Nm_Ruas": "Jl. Semin - Bulu", "Status": "Jalan Provinsi", "Propinsi": "Daerah Istimewa Yogyakarta", "Kab_Kot": "Gunungkidul", "SkorBS": 31, "Ket": "Black Spot", "Coverage": "Black Link Blindspot", "tanggal": "2025-11-07T12:00:00+07:00", "Wilayah": "Yogyakarta", "Satwil": "Polda DI Yogyakarta" }, "geometry": { "type": "Point", "coordinates": [ 110.725954080192992, -7.829720913398167 ] } },
{ "type": "Feature", "properties": { "Nm_Ruas": "Jl. Palbapang - Samas", "Status": "Jalan Provinsi", "Propinsi": "Daerah Istimewa Yogyakarta", "Kab_Kot": "Bantul", "SkorBS": 37, "Ket": "Black Spot", "Coverage": "Black Link Blindspot", "tanggal": "2025-11-07T12:00:00+07:00", "Wilayah": "Yogyakarta", "Satwil": "Polda DI Yogyakarta" }, "geometry": { "type": "Point", "coordinates": [ 110.296873211464984, -7.947839341330147 ] } },
{ "type": "Feature", "properties": { "Nm_Ruas": "Jl. Yogyakarta - Bakulan (Parangtritis)", "Status": "Jalan Provinsi", "Propinsi": "Daerah Istimewa Yogyakarta", "Kab_Kot": "Bantul", "SkorBS": 34, "Ket": "Black Spot", "Coverage": "Black Link Blindspot", "tanggal": "2025-11-07T12:00:00+07:00", "Wilayah": "Yogyakarta", "Satwil": "Polda DI Yogyakarta" }, "geometry": { "type": "Point", "coordinates": [ 110.363987016494306, -7.83912072613994 ] } },
{ "type": "Feature", "properties": { "Nm_Ruas": "Jl. Ngipik - Salakan", "Status": "Jalan Kabupaten", "Propinsi": "Daerah Istimewa Yogyakarta", "Kab_Kot": "Bantul", "SkorBS": 44, "Ket": "Black Spot", "Coverage": "Black Link Blindspot", "tanggal": "2025-11-07T12:00:00+07:00", "Wilayah": "Yogyakarta", "Satwil": "Polda DI Yogyakarta" }, "geometry": { "type": "Point", "coordinates": [ 110.416128024246262, -7.829592780455351 ] } },
{ "type": "Feature", "properties": { "Nm_Ruas": "Jl. Gose - Palbapang", "Status": "Jalan Kabupaten", "Propinsi": "Daerah Istimewa Yogyakarta", "Kab_Kot": "Bantul", "SkorBS": 31, "Ket": "Black Spot", "Coverage": "Black Link Blindspot", "tanggal": "2025-11-07T12:00:00+07:00", "Wilayah": "Yogyakarta", "Satwil": "Polda DI Yogyakarta" }, "geometry": { "type": "Point", "coordinates": [ 110.322340296239688, -7.899258889468851 ] } },
{ "type": "Feature", "properties": { "Nm_Ruas": "Jl. Sp. Kalimenur - Cemetuk", "Status": "Jalan Kabupaten", "Propinsi": "Daerah Istimewa Yogyakarta", "Kab_Kot": "Kulon Progo", "SkorBS": 31, "Ket": "Black Spot", "Coverage": "Black Link Blindspot", "tanggal": "2025-11-07T12:00:00+07:00", "Wilayah": "Yogyakarta", "Satwil": "Polda DI Yogyakarta" }, "geometry": { "type": "Point", "coordinates": [ 110.209958712982541, -7.86619045368768 ] } },
{ "type": "Feature", "properties": { "Nm_Ruas": "Jl. Karangkajen - Wojo", "Status": "Jalan Kabupaten", "Propinsi": "Daerah Istimewa Yogyakarta", "Kab_Kot": "Bantul", "SkorBS": 39, "Ket": "Black Spot", "Coverage": "Black Link Blindspot", "tanggal": "2025-11-07T12:00:00+07:00", "Wilayah": "Yogyakarta", "Satwil": "Polda DI Yogyakarta" }, "geometry": { "type": "Point", "coordinates": [ 110.374254914896866, -7.835882215622121 ] } },
{ "type": "Feature", "properties": { "Nm_Ruas": "Jl. Krt Pringgodiningrat", "Status": "Jalan Kabupaten", "Propinsi": "Daerah Istimewa Yogyakarta", "Kab_Kot": "Sleman", "SkorBS": 33, "Ket": "Black Spot", "Coverage": "Black Link Blindspot", "tanggal": "2025-11-07T12:00:00+07:00", "Wilayah": "Yogyakarta", "Satwil": "Polda DI Yogyakarta" }, "geometry": { "type": "Point", "coordinates": [ 110.358840698019293, -7.721207411474373 ] } },
{ "type": "Feature", "properties": { "Nm_Ruas": "Jl. Bantul", "Status": "Jalan Kota", "Propinsi": "Daerah Istimewa Yogyakarta", "Kab_Kot": "Kota Yogyakarta", "SkorBS": 33, "Ket": "Black Spot", "Coverage": "Black Link Blindspot", "tanggal": "2025-11-07T12:00:00+07:00", "Wilayah": "Yogyakarta", "Satwil": "Polda DI Yogyakarta" }, "geometry": { "type": "Point", "coordinates": [ 110.35423079851742, -7.827289323662815 ] } },
{ "type": "Feature", "properties": { "Nm_Ruas": "Jl. Yogyakarta - Kaliurang", "Status": "Jalan Provinsi", "Propinsi": "Daerah Istimewa Yogyakarta", "Kab_Kot": "Sleman", "SkorBS": 32, "Ket": "Black Spot", "Coverage": "Black Link Blindspot", "tanggal": "2025-11-07T12:00:00+07:00", "Wilayah": "Yogyakarta", "Satwil": "Polda DI Yogyakarta" }, "geometry": { "type": "Point", "coordinates": [ 110.415046396991983, -7.700837647503923 ] } },
{ "type": "Feature", "properties": { "Nm_Ruas": "Jl. Bantul - Srandakan", "Status": "Jalan Provinsi", "Propinsi": "Daerah Istimewa Yogyakarta", "Kab_Kot": "Bantul", "SkorBS": 32, "Ket": "Black Spot", "Coverage": "Black Link Blindspot", "tanggal": "2025-11-07T12:00:00+07:00", "Wilayah": "Yogyakarta", "Satwil": "Polda DI Yogyakarta" }, "geometry": { "type": "Point", "coordinates": [ 110.266185683772662, -7.93175406312762 ] } },
{ "type": "Feature", "properties": { "Nm_Ruas": "Jl. Palbapang - Samas", "Status": "Jalan Provinsi", "Propinsi": "Daerah Istimewa Yogyakarta", "Kab_Kot": "Bantul", "SkorBS": 36, "Ket": "Black Spot", "Coverage": "Black Link Blindspot", "tanggal": "2025-11-07T12:00:00+07:00", "Wilayah": "Yogyakarta", "Satwil": "Polda DI Yogyakarta" }, "geometry": { "type": "Point", "coordinates": [ 110.290611560914627, -7.95963707610752 ] } },
{ "type": "Feature", "properties": { "Nm_Ruas": "Jl. Imogiri", "Status": "Jalan Kota", "Propinsi": "Daerah Istimewa Yogyakarta", "Kab_Kot": "Kota Yogyakarta", "SkorBS": 44, "Ket": "Black Spot", "Coverage": "Black Link Blindspot", "tanggal": "2025-11-07T12:00:00+07:00", "Wilayah": "Yogyakarta", "Satwil": "Polda DI Yogyakarta" }, "geometry": { "type": "Point", "coordinates": [ 110.391638468143455, -7.836133437824726 ] } },
{ "type": "Feature", "properties": { "Nm_Ruas": "Jl. Bantul - Srandakan", "Status": "Jalan Provinsi", "Propinsi": "Daerah Istimewa Yogyakarta", "Kab_Kot": "Bantul", "SkorBS": 53, "Ket": "Black Spot", "Coverage": "Black Link Blindspot", "tanggal": "2025-11-08T12:00:00+07:00", "Wilayah": "Yogyakarta", "Satwil": "Polda DI Yogyakarta" }, "geometry": { "type": "Point", "coordinates": [ 110.284013735490404, -7.917962308998745 ] } },
{ "type": "Feature", "properties": { "Nm_Ruas": "Jl. Bantul - Srandakan", "Status": "Jalan Provinsi", "Propinsi": "Daerah Istimewa Yogyakarta", "Kab_Kot": "Bantul", "SkorBS": 40, "Ket": "Black Spot", "Coverage": "Black Link Blindspot", "tanggal": "2025-11-08T12:00:00+07:00", "Wilayah": "Yogyakarta", "Satwil": "Polda DI Yogyakarta" }, "geometry": { "type": "Point", "coordinates": [ 110.263061255819295, -7.933515818540059 ] } },
{ "type": "Feature", "properties": { "Nm_Ruas": "Jl. Semin - Bulu", "Status": "Jalan Provinsi", "Propinsi": "Daerah Istimewa Yogyakarta", "Kab_Kot": "Gunungkidul", "SkorBS": 31, "Ket": "Black Spot", "Coverage": "Black Link Blindspot", "tanggal": "2025-11-08T12:00:00+07:00", "Wilayah": "Yogyakarta", "Satwil": "Polda DI Yogyakarta" }, "geometry": { "type": "Point", "coordinates": [ 110.725954080192992, -7.829720913398167 ] } },
{ "type": "Feature", "properties": { "Nm_Ruas": "Jl. Palbapang - Samas", "Status": "Jalan Provinsi", "Propinsi": "Daerah Istimewa Yogyakarta", "Kab_Kot": "Bantul", "SkorBS": 37, "Ket": "Black Spot", "Coverage": "Black Link Blindspot", "tanggal": "2025-11-08T12:00:00+07:00", "Wilayah": "Yogyakarta", "Satwil": "Polda DI Yogyakarta" }, "geometry": { "type": "Point", "coordinates": [ 110.296873211464984, -7.947839341330147 ] } },
{ "type": "Feature", "properties": { "Nm_Ruas": "Jl. Yogyakarta - Bakulan (Parangtritis)", "Status": "Jalan Provinsi", "Propinsi": "Daerah Istimewa Yogyakarta", "Kab_Kot": "Bantul", "SkorBS": 34, "Ket": "Black Spot", "Coverage": "Black Link Blindspot", "tanggal": "2025-11-08T12:00:00+07:00", "Wilayah": "Yogyakarta", "Satwil": "Polda DI Yogyakarta" }, "geometry": { "type": "Point", "coordinates": [ 110.363987016494306, -7.83912072613994 ] } },
{ "type": "Feature", "properties": { "Nm_Ruas": "Jl. Ngipik - Salakan", "Status": "Jalan Kabupaten", "Propinsi": "Daerah Istimewa Yogyakarta", "Kab_Kot": "Bantul", "SkorBS": 44, "Ket": "Black Spot", "Coverage": "Black Link Blindspot", "tanggal": "2025-11-08T12:00:00+07:00", "Wilayah": "Yogyakarta", "Satwil": "Polda DI Yogyakarta" }, "geometry": { "type": "Point", "coordinates": [ 110.416128024246262, -7.829592780455351 ] } },
{ "type": "Feature", "properties": { "Nm_Ruas": "Jl. Gose - Palbapang", "Status": "Jalan Kabupaten", "Propinsi": "Daerah Istimewa Yogyakarta", "Kab_Kot": "Bantul", "SkorBS": 31, "Ket": "Black Spot", "Coverage": "Black Link Blindspot", "tanggal": "2025-11-08T12:00:00+07:00", "Wilayah": "Yogyakarta", "Satwil": "Polda DI Yogyakarta" }, "geometry": { "type": "Point", "coordinates": [ 110.322340296239688, -7.899258889468851 ] } },
{ "type": "Feature", "properties": { "Nm_Ruas": "Jl. Sp. Kalimenur - Cemetuk", "Status": "Jalan Kabupaten", "Propinsi": "Daerah Istimewa Yogyakarta", "Kab_Kot": "Kulon Progo", "SkorBS": 31, "Ket": "Black Spot", "Coverage": "Black Link Blindspot", "tanggal": "2025-11-08T12:00:00+07:00", "Wilayah": "Yogyakarta", "Satwil": "Polda DI Yogyakarta" }, "geometry": { "type": "Point", "coordinates": [ 110.209958712982541, -7.86619045368768 ] } },
{ "type": "Feature", "properties": { "Nm_Ruas": "Jl. Karangkajen - Wojo", "Status": "Jalan Kabupaten", "Propinsi": "Daerah Istimewa Yogyakarta", "Kab_Kot": "Bantul", "SkorBS": 39, "Ket": "Black Spot", "Coverage": "Black Link Blindspot", "tanggal": "2025-11-08T12:00:00+07:00", "Wilayah": "Yogyakarta", "Satwil": "Polda DI Yogyakarta" }, "geometry": { "type": "Point", "coordinates": [ 110.374254914896866, -7.835882215622121 ] } },
{ "type": "Feature", "properties": { "Nm_Ruas": "Jl. Krt Pringgodiningrat", "Status": "Jalan Kabupaten", "Propinsi": "Daerah Istimewa Yogyakarta", "Kab_Kot": "Sleman", "SkorBS": 33, "Ket": "Black Spot", "Coverage": "Black Link Blindspot", "tanggal": "2025-11-08T12:00:00+07:00", "Wilayah": "Yogyakarta", "Satwil": "Polda DI Yogyakarta" }, "geometry": { "type": "Point", "coordinates": [ 110.358840698019293, -7.721207411474373 ] } },
{ "type": "Feature", "properties": { "Nm_Ruas": "Jl. Bantul", "Status": "Jalan Kota", "Propinsi": "Daerah Istimewa Yogyakarta", "Kab_Kot": "Kota Yogyakarta", "SkorBS": 33, "Ket": "Black Spot", "Coverage": "Black Link Blindspot", "tanggal": "2025-11-08T12:00:00+07:00", "Wilayah": "Yogyakarta", "Satwil": "Polda DI Yogyakarta" }, "geometry": { "type": "Point", "coordinates": [ 110.35423079851742, -7.827289323662815 ] } },
{ "type": "Feature", "properties": { "Nm_Ruas": "Jl. Yogyakarta - Kaliurang", "Status": "Jalan Provinsi", "Propinsi": "Daerah Istimewa Yogyakarta", "Kab_Kot": "Sleman", "SkorBS": 32, "Ket": "Black Spot", "Coverage": "Black Link Blindspot", "tanggal": "2025-11-08T12:00:00+07:00", "Wilayah": "Yogyakarta", "Satwil": "Polda DI Yogyakarta" }, "geometry": { "type": "Point", "coordinates": [ 110.415046396991983, -7.700837647503923 ] } },
{ "type": "Feature", "properties": { "Nm_Ruas": "Jl. Bantul - Srandakan", "Status": "Jalan Provinsi", "Propinsi": "Daerah Istimewa Yogyakarta", "Kab_Kot": "Bantul", "SkorBS": 32, "Ket": "Black Spot", "Coverage": "Black Link Blindspot", "tanggal": "2025-11-08T12:00:00+07:00", "Wilayah": "Yogyakarta", "Satwil": "Polda DI Yogyakarta" }, "geometry": { "type": "Point", "coordinates": [ 110.266185683772662, -7.93175406312762 ] } },
{ "type": "Feature", "properties": { "Nm_Ruas": "Jl. Palbapang - Samas", "Status": "Jalan Provinsi", "Propinsi": "Daerah Istimewa Yogyakarta", "Kab_Kot": "Bantul", "SkorBS": 36, "Ket": "Black Spot", "Coverage": "Black Link Blindspot", "tanggal": "2025-11-08T12:00:00+07:00", "Wilayah": "Yogyakarta", "Satwil": "Polda DI Yogyakarta" }, "geometry": { "type": "Point", "coordinates": [ 110.290611560914627, -7.95963707610752 ] } },
{ "type": "Feature", "properties": { "Nm_Ruas": "Jl. Imogiri", "Status": "Jalan Kota", "Propinsi": "Daerah Istimewa Yogyakarta", "Kab_Kot": "Kota Yogyakarta", "SkorBS": 44, "Ket": "Black Spot", "Coverage": "Black Link Blindspot", "tanggal": "2025-11-08T12:00:00+07:00", "Wilayah": "Yogyakarta", "Satwil": "Polda DI Yogyakarta" }, "geometry": { "type": "Point", "coordinates": [ 110.391638468143455, -7.836133437824726 ] } },
{ "type": "Feature", "properties": { "Nm_Ruas": "Jl. Bantul - Srandakan", "Status": "Jalan Provinsi", "Propinsi": "Daerah Istimewa Yogyakarta", "Kab_Kot": "Bantul", "SkorBS": 53, "Ket": "Black Spot", "Coverage": "Black Link Blindspot", "tanggal": "2025-11-09T12:00:00+07:00", "Wilayah": "Yogyakarta", "Satwil": "Polda DI Yogyakarta" }, "geometry": { "type": "Point", "coordinates": [ 110.284013735490404, -7.917962308998745 ] } },
{ "type": "Feature", "properties": { "Nm_Ruas": "Jl. Bantul - Srandakan", "Status": "Jalan Provinsi", "Propinsi": "Daerah Istimewa Yogyakarta", "Kab_Kot": "Bantul", "SkorBS": 40, "Ket": "Black Spot", "Coverage": "Black Link Blindspot", "tanggal": "2025-11-09T12:00:00+07:00", "Wilayah": "Yogyakarta", "Satwil": "Polda DI Yogyakarta" }, "geometry": { "type": "Point", "coordinates": [ 110.263061255819295, -7.933515818540059 ] } },
{ "type": "Feature", "properties": { "Nm_Ruas": "Jl. Semin - Bulu", "Status": "Jalan Provinsi", "Propinsi": "Daerah Istimewa Yogyakarta", "Kab_Kot": "Gunungkidul", "SkorBS": 31, "Ket": "Black Spot", "Coverage": "Black Link Blindspot", "tanggal": "2025-11-09T12:00:00+07:00", "Wilayah": "Yogyakarta", "Satwil": "Polda DI Yogyakarta" }, "geometry": { "type": "Point", "coordinates": [ 110.725954080192992, -7.829720913398167 ] } },
{ "type": "Feature", "properties": { "Nm_Ruas": "Jl. Palbapang - Samas", "Status": "Jalan Provinsi", "Propinsi": "Daerah Istimewa Yogyakarta", "Kab_Kot": "Bantul", "SkorBS": 37, "Ket": "Black Spot", "Coverage": "Black Link Blindspot", "tanggal": "2025-11-09T12:00:00+07:00", "Wilayah": "Yogyakarta", "Satwil": "Polda DI Yogyakarta" }, "geometry": { "type": "Point", "coordinates": [ 110.296873211464984, -7.947839341330147 ] } },
{ "type": "Feature", "properties": { "Nm_Ruas": "Jl. Yogyakarta - Bakulan (Parangtritis)", "Status": "Jalan Provinsi", "Propinsi": "Daerah Istimewa Yogyakarta", "Kab_Kot": "Bantul", "SkorBS": 34, "Ket": "Black Spot", "Coverage": "Black Link Blindspot", "tanggal": "2025-11-09T12:00:00+07:00", "Wilayah": "Yogyakarta", "Satwil": "Polda DI Yogyakarta" }, "geometry": { "type": "Point", "coordinates": [ 110.363987016494306, -7.83912072613994 ] } },
{ "type": "Feature", "properties": { "Nm_Ruas": "Jl. Ngipik - Salakan", "Status": "Jalan Kabupaten", "Propinsi": "Daerah Istimewa Yogyakarta", "Kab_Kot": "Bantul", "SkorBS": 44, "Ket": "Black Spot", "Coverage": "Black Link Blindspot", "tanggal": "2025-11-09T12:00:00+07:00", "Wilayah": "Yogyakarta", "Satwil": "Polda DI Yogyakarta" }, "geometry": { "type": "Point", "coordinates": [ 110.416128024246262, -7.829592780455351 ] } },
{ "type": "Feature", "properties": { "Nm_Ruas": "Jl. Gose - Palbapang", "Status": "Jalan Kabupaten", "Propinsi": "Daerah Istimewa Yogyakarta", "Kab_Kot": "Bantul", "SkorBS": 31, "Ket": "Black Spot", "Coverage": "Black Link Blindspot", "tanggal": "2025-11-09T12:00:00+07:00", "Wilayah": "Yogyakarta", "Satwil": "Polda DI Yogyakarta" }, "geometry": { "type": "Point", "coordinates": [ 110.322340296239688, -7.899258889468851 ] } },
{ "type": "Feature", "properties": { "Nm_Ruas": "Jl. Sp. Kalimenur - Cemetuk", "Status": "Jalan Kabupaten", "Propinsi": "Daerah Istimewa Yogyakarta", "Kab_Kot": "Kulon Progo", "SkorBS": 31, "Ket": "Black Spot", "Coverage": "Black Link Blindspot", "tanggal": "2025-11-09T12:00:00+07:00", "Wilayah": "Yogyakarta", "Satwil": "Polda DI Yogyakarta" }, "geometry": { "type": "Point", "coordinates": [ 110.209958712982541, -7.86619045368768 ] } },
{ "type": "Feature", "properties": { "Nm_Ruas": "Jl. Karangkajen - Wojo", "Status": "Jalan Kabupaten", "Propinsi": "Daerah Istimewa Yogyakarta", "Kab_Kot": "Bantul", "SkorBS": 39, "Ket": "Black Spot", "Coverage": "Black Link Blindspot", "tanggal": "2025-11-09T12:00:00+07:00", "Wilayah": "Yogyakarta", "Satwil": "Polda DI Yogyakarta" }, "geometry": { "type": "Point", "coordinates": [ 110.374254914896866, -7.835882215622121 ] } },
{ "type": "Feature", "properties": { "Nm_Ruas": "Jl. Krt Pringgodiningrat", "Status": "Jalan Kabupaten", "Propinsi": "Daerah Istimewa Yogyakarta", "Kab_Kot": "Sleman", "SkorBS": 33, "Ket": "Black Spot", "Coverage": "Black Link Blindspot", "tanggal": "2025-11-09T12:00:00+07:00", "Wilayah": "Yogyakarta", "Satwil": "Polda DI Yogyakarta" }, "geometry": { "type": "Point", "coordinates": [ 110.358840698019293, -7.721207411474373 ] } },
{ "type": "Feature", "properties": { "Nm_Ruas": "Jl. Bantul", "Status": "Jalan Kota", "Propinsi": "Daerah Istimewa Yogyakarta", "Kab_Kot": "Kota Yogyakarta", "SkorBS": 33, "Ket": "Black Spot", "Coverage": "Black Link Blindspot", "tanggal": "2025-11-09T12:00:00+07:00", "Wilayah": "Yogyakarta", "Satwil": "Polda DI Yogyakarta" }, "geometry": { "type": "Point", "coordinates": [ 110.35423079851742, -7.827289323662815 ] } },
{ "type": "Feature", "properties": { "Nm_Ruas": "Jl. Yogyakarta - Kaliurang", "Status": "Jalan Provinsi", "Propinsi": "Daerah Istimewa Yogyakarta", "Kab_Kot": "Sleman", "SkorBS": 32, "Ket": "Black Spot", "Coverage": "Black Link Blindspot", "tanggal": "2025-11-09T12:00:00+07:00", "Wilayah": "Yogyakarta", "Satwil": "Polda DI Yogyakarta" }, "geometry": { "type": "Point", "coordinates": [ 110.415046396991983, -7.700837647503923 ] } },
{ "type": "Feature", "properties": { "Nm_Ruas": "Jl. Bantul - Srandakan", "Status": "Jalan Provinsi", "Propinsi": "Daerah Istimewa Yogyakarta", "Kab_Kot": "Bantul", "SkorBS": 32, "Ket": "Black Spot", "Coverage": "Black Link Blindspot", "tanggal": "2025-11-09T12:00:00+07:00", "Wilayah": "Yogyakarta", "Satwil": "Polda DI Yogyakarta" }, "geometry": { "type": "Point", "coordinates": [ 110.266185683772662, -7.93175406312762 ] } },
{ "type": "Feature", "properties": { "Nm_Ruas": "Jl. Palbapang - Samas", "Status": "Jalan Provinsi", "Propinsi": "Daerah Istimewa Yogyakarta", "Kab_Kot": "Bantul", "SkorBS": 36, "Ket": "Black Spot", "Coverage": "Black Link Blindspot", "tanggal": "2025-11-09T12:00:00+07:00", "Wilayah": "Yogyakarta", "Satwil": "Polda DI Yogyakarta" }, "geometry": { "type": "Point", "coordinates": [ 110.290611560914627, -7.95963707610752 ] } },
{ "type": "Feature", "properties": { "Nm_Ruas": "Jl. Imogiri", "Status": "Jalan Kota", "Propinsi": "Daerah Istimewa Yogyakarta", "Kab_Kot": "Kota Yogyakarta", "SkorBS": 44, "Ket": "Black Spot", "Coverage": "Black Link Blindspot", "tanggal": "2025-11-09T12:00:00+07:00", "Wilayah": "Yogyakarta", "Satwil": "Polda DI Yogyakarta" }, "geometry": { "type": "Point", "coordinates": [ 110.391638468143455, -7.836133437824726 ] } },
{ "type": "Feature", "properties": { "Nm_Ruas": "Jl. Bantul - Srandakan", "Status": "Jalan Provinsi", "Propinsi": "Daerah Istimewa Yogyakarta", "Kab_Kot": "Bantul", "SkorBS": 53, "Ket": "Black Spot", "Coverage": "Black Link Blindspot", "tanggal": "2025-11-10T12:00:00+07:00", "Wilayah": "Yogyakarta", "Satwil": "Polda DI Yogyakarta" }, "geometry": { "type": "Point", "coordinates": [ 110.284013735490404, -7.917962308998745 ] } },
{ "type": "Feature", "properties": { "Nm_Ruas": "Jl. Bantul - Srandakan", "Status": "Jalan Provinsi", "Propinsi": "Daerah Istimewa Yogyakarta", "Kab_Kot": "Bantul", "SkorBS": 40, "Ket": "Black Spot", "Coverage": "Black Link Blindspot", "tanggal": "2025-11-10T12:00:00+07:00", "Wilayah": "Yogyakarta", "Satwil": "Polda DI Yogyakarta" }, "geometry": { "type": "Point", "coordinates": [ 110.263061255819295, -7.933515818540059 ] } },
{ "type": "Feature", "properties": { "Nm_Ruas": "Jl. Semin - Bulu", "Status": "Jalan Provinsi", "Propinsi": "Daerah Istimewa Yogyakarta", "Kab_Kot": "Gunungkidul", "SkorBS": 31, "Ket": "Black Spot", "Coverage": "Black Link Blindspot", "tanggal": "2025-11-10T12:00:00+07:00", "Wilayah": "Yogyakarta", "Satwil": "Polda DI Yogyakarta" }, "geometry": { "type": "Point", "coordinates": [ 110.725954080192992, -7.829720913398167 ] } },
{ "type": "Feature", "properties": { "Nm_Ruas": "Jl. Palbapang - Samas", "Status": "Jalan Provinsi", "Propinsi": "Daerah Istimewa Yogyakarta", "Kab_Kot": "Bantul", "SkorBS": 37, "Ket": "Black Spot", "Coverage": "Black Link Blindspot", "tanggal": "2025-11-10T12:00:00+07:00", "Wilayah": "Yogyakarta", "Satwil": "Polda DI Yogyakarta" }, "geometry": { "type": "Point", "coordinates": [ 110.296873211464984, -7.947839341330147 ] } },
{ "type": "Feature", "properties": { "Nm_Ruas": "Jl. Yogyakarta - Bakulan (Parangtritis)", "Status": "Jalan Provinsi", "Propinsi": "Daerah Istimewa Yogyakarta", "Kab_Kot": "Bantul", "SkorBS": 34, "Ket": "Black Spot", "Coverage": "Black Link Blindspot", "tanggal": "2025-11-10T12:00:00+07:00", "Wilayah": "Yogyakarta", "Satwil": "Polda DI Yogyakarta" }, "geometry": { "type": "Point", "coordinates": [ 110.363987016494306, -7.83912072613994 ] } },
{ "type": "Feature", "properties": { "Nm_Ruas": "Jl. Ngipik - Salakan", "Status": "Jalan Kabupaten", "Propinsi": "Daerah Istimewa Yogyakarta", "Kab_Kot": "Bantul", "SkorBS": 44, "Ket": "Black Spot", "Coverage": "Black Link Blindspot", "tanggal": "2025-11-10T12:00:00+07:00", "Wilayah": "Yogyakarta", "Satwil": "Polda DI Yogyakarta" }, "geometry": { "type": "Point", "coordinates": [ 110.416128024246262, -7.829592780455351 ] } },
{ "type": "Feature", "properties": { "Nm_Ruas": "Jl. Gose - Palbapang", "Status": "Jalan Kabupaten", "Propinsi": "Daerah Istimewa Yogyakarta", "Kab_Kot": "Bantul", "SkorBS": 31, "Ket": "Black Spot", "Coverage": "Black Link Blindspot", "tanggal": "2025-11-10T12:00:00+07:00", "Wilayah": "Yogyakarta", "Satwil": "Polda DI Yogyakarta" }, "geometry": { "type": "Point", "coordinates": [ 110.322340296239688, -7.899258889468851 ] } },
{ "type": "Feature", "properties": { "Nm_Ruas": "Jl. Sp. Kalimenur - Cemetuk", "Status": "Jalan Kabupaten", "Propinsi": "Daerah Istimewa Yogyakarta", "Kab_Kot": "Kulon Progo", "SkorBS": 31, "Ket": "Black Spot", "Coverage": "Black Link Blindspot", "tanggal": "2025-11-10T12:00:00+07:00", "Wilayah": "Yogyakarta", "Satwil": "Polda DI Yogyakarta" }, "geometry": { "type": "Point", "coordinates": [ 110.209958712982541, -7.86619045368768 ] } },
{ "type": "Feature", "properties": { "Nm_Ruas": "Jl. Karangkajen - Wojo", "Status": "Jalan Kabupaten", "Propinsi": "Daerah Istimewa Yogyakarta", "Kab_Kot": "Bantul", "SkorBS": 39, "Ket": "Black Spot", "Coverage": "Black Link Blindspot", "tanggal": "2025-11-10T12:00:00+07:00", "Wilayah": "Yogyakarta", "Satwil": "Polda DI Yogyakarta" }, "geometry": { "type": "Point", "coordinates": [ 110.374254914896866, -7.835882215622121 ] } },
{ "type": "Feature", "properties": { "Nm_Ruas": "Jl. Krt Pringgodiningrat", "Status": "Jalan Kabupaten", "Propinsi": "Daerah Istimewa Yogyakarta", "Kab_Kot": "Sleman", "SkorBS": 33, "Ket": "Black Spot", "Coverage": "Black Link Blindspot", "tanggal": "2025-11-10T12:00:00+07:00", "Wilayah": "Yogyakarta", "Satwil": "Polda DI Yogyakarta" }, "geometry": { "type": "Point", "coordinates": [ 110.358840698019293, -7.721207411474373 ] } },
{ "type": "Feature", "properties": { "Nm_Ruas": "Jl. Bantul", "Status": "Jalan Kota", "Propinsi": "Daerah Istimewa Yogyakarta", "Kab_Kot": "Kota Yogyakarta", "SkorBS": 33, "Ket": "Black Spot", "Coverage": "Black Link Blindspot", "tanggal": "2025-11-10T12:00:00+07:00", "Wilayah": "Yogyakarta", "Satwil": "Polda DI Yogyakarta" }, "geometry": { "type": "Point", "coordinates": [ 110.35423079851742, -7.827289323662815 ] } },
{ "type": "Feature", "properties": { "Nm_Ruas": "Jl. Yogyakarta - Kaliurang", "Status": "Jalan Provinsi", "Propinsi": "Daerah Istimewa Yogyakarta", "Kab_Kot": "Sleman", "SkorBS": 32, "Ket": "Black Spot", "Coverage": "Black Link Blindspot", "tanggal": "2025-11-10T12:00:00+07:00", "Wilayah": "Yogyakarta", "Satwil": "Polda DI Yogyakarta" }, "geometry": { "type": "Point", "coordinates": [ 110.415046396991983, -7.700837647503923 ] } },
{ "type": "Feature", "properties": { "Nm_Ruas": "Jl. Bantul - Srandakan", "Status": "Jalan Provinsi", "Propinsi": "Daerah Istimewa Yogyakarta", "Kab_Kot": "Bantul", "SkorBS": 32, "Ket": "Black Spot", "Coverage": "Black Link Blindspot", "tanggal": "2025-11-10T12:00:00+07:00", "Wilayah": "Yogyakarta", "Satwil": "Polda DI Yogyakarta" }, "geometry": { "type": "Point", "coordinates": [ 110.266185683772662, -7.93175406312762 ] } },
{ "type": "Feature", "properties": { "Nm_Ruas": "Jl. Palbapang - Samas", "Status": "Jalan Provinsi", "Propinsi": "Daerah Istimewa Yogyakarta", "Kab_Kot": "Bantul", "SkorBS": 36, "Ket": "Black Spot", "Coverage": "Black Link Blindspot", "tanggal": "2025-11-10T12:00:00+07:00", "Wilayah": "Yogyakarta", "Satwil": "Polda DI Yogyakarta" }, "geometry": { "type": "Point", "coordinates": [ 110.290611560914627, -7.95963707610752 ] } },
{ "type": "Feature", "properties": { "Nm_Ruas": "Jl. Imogiri", "Status": "Jalan Kota", "Propinsi": "Daerah Istimewa Yogyakarta", "Kab_Kot": "Kota Yogyakarta", "SkorBS": 44, "Ket": "Black Spot", "Coverage": "Black Link Blindspot", "tanggal": "2025-11-10T12:00:00+07:00", "Wilayah": "Yogyakarta", "Satwil": "Polda DI Yogyakarta" }, "geometry": { "type": "Point", "coordinates": [ 110.391638468143455, -7.836133437824726 ] } },
{ "type": "Feature", "properties": { "Nm_Ruas": "Jl. Bantul - Srandakan", "Status": "Jalan Provinsi", "Propinsi": "Daerah Istimewa Yogyakarta", "Kab_Kot": "Bantul", "SkorBS": 53, "Ket": "Black Spot", "Coverage": "Black Link Blindspot", "tanggal": "2025-11-11T12:00:00+07:00", "Wilayah": "Yogyakarta", "Satwil": "Polda DI Yogyakarta" }, "geometry": { "type": "Point", "coordinates": [ 110.284013735490404, -7.917962308998745 ] } },
{ "type": "Feature", "properties": { "Nm_Ruas": "Jl. Bantul - Srandakan", "Status": "Jalan Provinsi", "Propinsi": "Daerah Istimewa Yogyakarta", "Kab_Kot": "Bantul", "SkorBS": 40, "Ket": "Black Spot", "Coverage": "Black Link Blindspot", "tanggal": "2025-11-11T12:00:00+07:00", "Wilayah": "Yogyakarta", "Satwil": "Polda DI Yogyakarta" }, "geometry": { "type": "Point", "coordinates": [ 110.263061255819295, -7.933515818540059 ] } },
{ "type": "Feature", "properties": { "Nm_Ruas": "Jl. Semin - Bulu", "Status": "Jalan Provinsi", "Propinsi": "Daerah Istimewa Yogyakarta", "Kab_Kot": "Gunungkidul", "SkorBS": 31, "Ket": "Black Spot", "Coverage": "Black Link Blindspot", "tanggal": "2025-11-11T12:00:00+07:00", "Wilayah": "Yogyakarta", "Satwil": "Polda DI Yogyakarta" }, "geometry": { "type": "Point", "coordinates": [ 110.725954080192992, -7.829720913398167 ] } },
{ "type": "Feature", "properties": { "Nm_Ruas": "Jl. Palbapang - Samas", "Status": "Jalan Provinsi", "Propinsi": "Daerah Istimewa Yogyakarta", "Kab_Kot": "Bantul", "SkorBS": 37, "Ket": "Black Spot", "Coverage": "Black Link Blindspot", "tanggal": "2025-11-11T12:00:00+07:00", "Wilayah": "Yogyakarta", "Satwil": "Polda DI Yogyakarta" }, "geometry": { "type": "Point", "coordinates": [ 110.296873211464984, -7.947839341330147 ] } },
{ "type": "Feature", "properties": { "Nm_Ruas": "Jl. Yogyakarta - Bakulan (Parangtritis)", "Status": "Jalan Provinsi", "Propinsi": "Daerah Istimewa Yogyakarta", "Kab_Kot": "Bantul", "SkorBS": 34, "Ket": "Black Spot", "Coverage": "Black Link Blindspot", "tanggal": "2025-11-11T12:00:00+07:00", "Wilayah": "Yogyakarta", "Satwil": "Polda DI Yogyakarta" }, "geometry": { "type": "Point", "coordinates": [ 110.363987016494306, -7.83912072613994 ] } },
{ "type": "Feature", "properties": { "Nm_Ruas": "Jl. Ngipik - Salakan", "Status": "Jalan Kabupaten", "Propinsi": "Daerah Istimewa Yogyakarta", "Kab_Kot": "Bantul", "SkorBS": 44, "Ket": "Black Spot", "Coverage": "Black Link Blindspot", "tanggal": "2025-11-11T12:00:00+07:00", "Wilayah": "Yogyakarta", "Satwil": "Polda DI Yogyakarta" }, "geometry": { "type": "Point", "coordinates": [ 110.416128024246262, -7.829592780455351 ] } },
{ "type": "Feature", "properties": { "Nm_Ruas": "Jl. Gose - Palbapang", "Status": "Jalan Kabupaten", "Propinsi": "Daerah Istimewa Yogyakarta", "Kab_Kot": "Bantul", "SkorBS": 31, "Ket": "Black Spot", "Coverage": "Black Link Blindspot", "tanggal": "2025-11-11T12:00:00+07:00", "Wilayah": "Yogyakarta", "Satwil": "Polda DI Yogyakarta" }, "geometry": { "type": "Point", "coordinates": [ 110.322340296239688, -7.899258889468851 ] } },
{ "type": "Feature", "properties": { "Nm_Ruas": "Jl. Sp. Kalimenur - Cemetuk", "Status": "Jalan Kabupaten", "Propinsi": "Daerah Istimewa Yogyakarta", "Kab_Kot": "Kulon Progo", "SkorBS": 31, "Ket": "Black Spot", "Coverage": "Black Link Blindspot", "tanggal": "2025-11-11T12:00:00+07:00", "Wilayah": "Yogyakarta", "Satwil": "Polda DI Yogyakarta" }, "geometry": { "type": "Point", "coordinates": [ 110.209958712982541, -7.86619045368768 ] } },
{ "type": "Feature", "properties": { "Nm_Ruas": "Jl. Karangkajen - Wojo", "Status": "Jalan Kabupaten", "Propinsi": "Daerah Istimewa Yogyakarta", "Kab_Kot": "Bantul", "SkorBS": 39, "Ket": "Black Spot", "Coverage": "Black Link Blindspot", "tanggal": "2025-11-11T12:00:00+07:00", "Wilayah": "Yogyakarta", "Satwil": "Polda DI Yogyakarta" }, "geometry": { "type": "Point", "coordinates": [ 110.374254914896866, -7.835882215622121 ] } },
{ "type": "Feature", "properties": { "Nm_Ruas": "Jl. Krt Pringgodiningrat", "Status": "Jalan Kabupaten", "Propinsi": "Daerah Istimewa Yogyakarta", "Kab_Kot": "Sleman", "SkorBS": 33, "Ket": "Black Spot", "Coverage": "Black Link Blindspot", "tanggal": "2025-11-11T12:00:00+07:00", "Wilayah": "Yogyakarta", "Satwil": "Polda DI Yogyakarta" }, "geometry": { "type": "Point", "coordinates": [ 110.358840698019293, -7.721207411474373 ] } },
{ "type": "Feature", "properties": { "Nm_Ruas": "Jl. Bantul", "Status": "Jalan Kota", "Propinsi": "Daerah Istimewa Yogyakarta", "Kab_Kot": "Kota Yogyakarta", "SkorBS": 33, "Ket": "Black Spot", "Coverage": "Black Link Blindspot", "tanggal": "2025-11-11T12:00:00+07:00", "Wilayah": "Yogyakarta", "Satwil": "Polda DI Yogyakarta" }, "geometry": { "type": "Point", "coordinates": [ 110.35423079851742, -7.827289323662815 ] } },
{ "type": "Feature", "properties": { "Nm_Ruas": "Jl. Yogyakarta - Kaliurang", "Status": "Jalan Provinsi", "Propinsi": "Daerah Istimewa Yogyakarta", "Kab_Kot": "Sleman", "SkorBS": 32, "Ket": "Black Spot", "Coverage": "Black Link Blindspot", "tanggal": "2025-11-11T12:00:00+07:00", "Wilayah": "Yogyakarta", "Satwil": "Polda DI Yogyakarta" }, "geometry": { "type": "Point", "coordinates": [ 110.415046396991983, -7.700837647503923 ] } },
{ "type": "Feature", "properties": { "Nm_Ruas": "Jl. Bantul - Srandakan", "Status": "Jalan Provinsi", "Propinsi": "Daerah Istimewa Yogyakarta", "Kab_Kot": "Bantul", "SkorBS": 32, "Ket": "Black Spot", "Coverage": "Black Link Blindspot", "tanggal": "2025-11-11T12:00:00+07:00", "Wilayah": "Yogyakarta", "Satwil": "Polda DI Yogyakarta" }, "geometry": { "type": "Point", "coordinates": [ 110.266185683772662, -7.93175406312762 ] } },
{ "type": "Feature", "properties": { "Nm_Ruas": "Jl. Palbapang - Samas", "Status": "Jalan Provinsi", "Propinsi": "Daerah Istimewa Yogyakarta", "Kab_Kot": "Bantul", "SkorBS": 36, "Ket": "Black Spot", "Coverage": "Black Link Blindspot", "tanggal": "2025-11-11T12:00:00+07:00", "Wilayah": "Yogyakarta", "Satwil": "Polda DI Yogyakarta" }, "geometry": { "type": "Point", "coordinates": [ 110.290611560914627, -7.95963707610752 ] } },
{ "type": "Feature", "properties": { "Nm_Ruas": "Jl. Imogiri", "Status": "Jalan Kota", "Propinsi": "Daerah Istimewa Yogyakarta", "Kab_Kot": "Kota Yogyakarta", "SkorBS": 44, "Ket": "Black Spot", "Coverage": "Black Link Blindspot", "tanggal": "2025-11-11T12:00:00+07:00", "Wilayah": "Yogyakarta", "Satwil": "Polda DI Yogyakarta" }, "geometry": { "type": "Point", "coordinates": [ 110.391638468143455, -7.836133437824726 ] } },
{ "type": "Feature", "properties": { "Nm_Ruas": "Jl. Bantul - Srandakan", "Status": "Jalan Provinsi", "Propinsi": "Daerah Istimewa Yogyakarta", "Kab_Kot": "Bantul", "SkorBS": 53, "Ket": "Black Spot", "Coverage": "Black Link Blindspot", "tanggal": "2025-11-12T12:00:00+07:00", "Wilayah": "Yogyakarta", "Satwil": "Polda DI Yogyakarta" }, "geometry": { "type": "Point", "coordinates": [ 110.284013735490404, -7.917962308998745 ] } },
{ "type": "Feature", "properties": { "Nm_Ruas": "Jl. Bantul - Srandakan", "Status": "Jalan Provinsi", "Propinsi": "Daerah Istimewa Yogyakarta", "Kab_Kot": "Bantul", "SkorBS": 40, "Ket": "Black Spot", "Coverage": "Black Link Blindspot", "tanggal": "2025-11-12T12:00:00+07:00", "Wilayah": "Yogyakarta", "Satwil": "Polda DI Yogyakarta" }, "geometry": { "type": "Point", "coordinates": [ 110.263061255819295, -7.933515818540059 ] } },
{ "type": "Feature", "properties": { "Nm_Ruas": "Jl. Semin - Bulu", "Status": "Jalan Provinsi", "Propinsi": "Daerah Istimewa Yogyakarta", "Kab_Kot": "Gunungkidul", "SkorBS": 31, "Ket": "Black Spot", "Coverage": "Black Link Blindspot", "tanggal": "2025-11-12T12:00:00+07:00", "Wilayah": "Yogyakarta", "Satwil": "Polda DI Yogyakarta" }, "geometry": { "type": "Point", "coordinates": [ 110.725954080192992, -7.829720913398167 ] } },
{ "type": "Feature", "properties": { "Nm_Ruas": "Jl. Palbapang - Samas", "Status": "Jalan Provinsi", "Propinsi": "Daerah Istimewa Yogyakarta", "Kab_Kot": "Bantul", "SkorBS": 37, "Ket": "Black Spot", "Coverage": "Black Link Blindspot", "tanggal": "2025-11-12T12:00:00+07:00", "Wilayah": "Yogyakarta", "Satwil": "Polda DI Yogyakarta" }, "geometry": { "type": "Point", "coordinates": [ 110.296873211464984, -7.947839341330147 ] } },
{ "type": "Feature", "properties": { "Nm_Ruas": "Jl. Yogyakarta - Bakulan (Parangtritis)", "Status": "Jalan Provinsi", "Propinsi": "Daerah Istimewa Yogyakarta", "Kab_Kot": "Bantul", "SkorBS": 34, "Ket": "Black Spot", "Coverage": "Black Link Blindspot", "tanggal": "2025-11-12T12:00:00+07:00", "Wilayah": "Yogyakarta", "Satwil": "Polda DI Yogyakarta" }, "geometry": { "type": "Point", "coordinates": [ 110.363987016494306, -7.83912072613994 ] } },
{ "type": "Feature", "properties": { "Nm_Ruas": "Jl. Ngipik - Salakan", "Status": "Jalan Kabupaten", "Propinsi": "Daerah Istimewa Yogyakarta", "Kab_Kot": "Bantul", "SkorBS": 44, "Ket": "Black Spot", "Coverage": "Black Link Blindspot", "tanggal": "2025-11-12T12:00:00+07:00", "Wilayah": "Yogyakarta", "Satwil": "Polda DI Yogyakarta" }, "geometry": { "type": "Point", "coordinates": [ 110.416128024246262, -7.829592780455351 ] } },
{ "type": "Feature", "properties": { "Nm_Ruas": "Jl. Gose - Palbapang", "Status": "Jalan Kabupaten", "Propinsi": "Daerah Istimewa Yogyakarta", "Kab_Kot": "Bantul", "SkorBS": 31, "Ket": "Black Spot", "Coverage": "Black Link Blindspot", "tanggal": "2025-11-12T12:00:00+07:00", "Wilayah": "Yogyakarta", "Satwil": "Polda DI Yogyakarta" }, "geometry": { "type": "Point", "coordinates": [ 110.322340296239688, -7.899258889468851 ] } },
{ "type": "Feature", "properties": { "Nm_Ruas": "Jl. Sp. Kalimenur - Cemetuk", "Status": "Jalan Kabupaten", "Propinsi": "Daerah Istimewa Yogyakarta", "Kab_Kot": "Kulon Progo", "SkorBS": 31, "Ket": "Black Spot", "Coverage": "Black Link Blindspot", "tanggal": "2025-11-12T12:00:00+07:00", "Wilayah": "Yogyakarta", "Satwil": "Polda DI Yogyakarta" }, "geometry": { "type": "Point", "coordinates": [ 110.209958712982541, -7.86619045368768 ] } },
{ "type": "Feature", "properties": { "Nm_Ruas": "Jl. Karangkajen - Wojo", "Status": "Jalan Kabupaten", "Propinsi": "Daerah Istimewa Yogyakarta", "Kab_Kot": "Bantul", "SkorBS": 39, "Ket": "Black Spot", "Coverage": "Black Link Blindspot", "tanggal": "2025-11-12T12:00:00+07:00", "Wilayah": "Yogyakarta", "Satwil": "Polda DI Yogyakarta" }, "geometry": { "type": "Point", "coordinates": [ 110.374254914896866, -7.835882215622121 ] } },
{ "type": "Feature", "properties": { "Nm_Ruas": "Jl. Krt Pringgodiningrat", "Status": "Jalan Kabupaten", "Propinsi": "Daerah Istimewa Yogyakarta", "Kab_Kot": "Sleman", "SkorBS": 33, "Ket": "Black Spot", "Coverage": "Black Link Tercover CCTV", "tanggal": "2025-11-12T12:00:00+07:00", "Wilayah": "Yogyakarta", "Satwil": "Polda DI Yogyakarta" }, "geometry": { "type": "Point", "coordinates": [ 110.358840698019293, -7.721207411474373 ] } },
{ "type": "Feature", "properties": { "Nm_Ruas": "Jl. Bantul", "Status": "Jalan Kota", "Propinsi": "Daerah Istimewa Yogyakarta", "Kab_Kot": "Kota Yogyakarta", "SkorBS": 33, "Ket": "Black Spot", "Coverage": "Black Link Blindspot", "tanggal": "2025-11-12T12:00:00+07:00", "Wilayah": "Yogyakarta", "Satwil": "Polda DI Yogyakarta" }, "geometry": { "type": "Point", "coordinates": [ 110.35423079851742, -7.827289323662815 ] } },
{ "type": "Feature", "properties": { "Nm_Ruas": "Jl. Yogyakarta - Kaliurang", "Status": "Jalan Provinsi", "Propinsi": "Daerah Istimewa Yogyakarta", "Kab_Kot": "Sleman", "SkorBS": 32, "Ket": "Black Spot", "Coverage": "Black Link Blindspot", "tanggal": "2025-11-12T12:00:00+07:00", "Wilayah": "Yogyakarta", "Satwil": "Polda DI Yogyakarta" }, "geometry": { "type": "Point", "coordinates": [ 110.415046396991983, -7.700837647503923 ] } },
{ "type": "Feature", "properties": { "Nm_Ruas": "Jl. Bantul - Srandakan", "Status": "Jalan Provinsi", "Propinsi": "Daerah Istimewa Yogyakarta", "Kab_Kot": "Bantul", "SkorBS": 32, "Ket": "Black Spot", "Coverage": "Black Link Blindspot", "tanggal": "2025-11-12T12:00:00+07:00", "Wilayah": "Yogyakarta", "Satwil": "Polda DI Yogyakarta" }, "geometry": { "type": "Point", "coordinates": [ 110.266185683772662, -7.93175406312762 ] } },
{ "type": "Feature", "properties": { "Nm_Ruas": "Jl. Palbapang - Samas", "Status": "Jalan Provinsi", "Propinsi": "Daerah Istimewa Yogyakarta", "Kab_Kot": "Bantul", "SkorBS": 36, "Ket": "Black Spot", "Coverage": "Black Link Blindspot", "tanggal": "2025-11-12T12:00:00+07:00", "Wilayah": "Yogyakarta", "Satwil": "Polda DI Yogyakarta" }, "geometry": { "type": "Point", "coordinates": [ 110.290611560914627, -7.95963707610752 ] } },
{ "type": "Feature", "properties": { "Nm_Ruas": "Jl. Imogiri", "Status": "Jalan Kota", "Propinsi": "Daerah Istimewa Yogyakarta", "Kab_Kot": "Kota Yogyakarta", "SkorBS": 44, "Ket": "Black Spot", "Coverage": "Black Link Blindspot", "tanggal": "2025-11-12T12:00:00+07:00", "Wilayah": "Yogyakarta", "Satwil": "Polda DI Yogyakarta" }, "geometry": { "type": "Point", "coordinates": [ 110.391638468143455, -7.836133437824726 ] } }
]
}
