{
"type": "FeatureCollection",
"crs": { "type": "name", "properties": { "name": "urn:ogc:def:crs:OGC:1.3:CRS84" } },
"features": [
{ "type": "Feature", "properties": { "Kab_Kot": "Gianyar", "tanggal": "2025-12-28T12:00:00+07:00", "Ket": "Black Spot", "Propinsi": "Bali", "Wilayah": "Bali", "Segmen": "SEG_000003322", "coverage": "Black Link Blindspot", "Nm_Ruas": "Jl. Semebaung - Bedahulu", "last_update": "2025-12-31T15:07:50+07:00", "Satwil": "Polda Bali", "Status": "Jalan Provinsi", "SkorBS": 52 }, "geometry": { "type": "LineString", "coordinates": [ [ 115.296337591806491, -8.527329011124891, 0.0 ], [ 115.296621656164575, -8.529649802496351, 0.0 ], [ 115.296722085256079, -8.529711102984948, 0.0 ], [ 115.296953577945374, -8.529733140871713, 0.0 ], [ 115.297544704124903, -8.529711720819193, 0.0 ], [ 115.29816798916147, -8.52967269294038, 0.0 ], [ 115.298809632958296, -8.529665067588724, 0.0 ] ] } },
{ "type": "Feature", "properties": { "Kab_Kot": "Buleleng", "tanggal": "2025-12-28T12:00:00+07:00", "Ket": "Black Spot", "Propinsi": "Bali", "Wilayah": "Bali", "Segmen": "SEG_000003474", "coverage": "Black Link Blindspot", "Nm_Ruas": "Jl. Bts. Buleleng - Kubutambahan", "last_update": "2025-12-31T15:07:50+07:00", "Satwil": "Polda Bali", "Status": "Jalan Provinsi", "SkorBS": 32 }, "geometry": { "type": "LineString", "coordinates": [ [ 115.180247670193921, -8.108844455407223, 0.0 ], [ 115.180206976770592, -8.108801747502582, 0.0 ], [ 115.179949159126409, -8.108413547946839, 0.0 ], [ 115.179711345102533, -8.107975311911048, 0.0 ], [ 115.179649790105827, -8.107854077003992, 0.0 ], [ 115.1792424871511, -8.10715375424229, 0.0 ], [ 115.178550766404783, -8.105964387346546, 0.0 ], [ 115.178388325460901, -8.105687845817386, 0.0 ], [ 115.178196304915559, -8.105394254940848, 0.0 ], [ 115.178020317483742, -8.104895524209041, 0.0 ] ] } },
{ "type": "Feature", "properties": { "Kab_Kot": "Tabanan", "tanggal": "2025-12-28T12:00:00+07:00", "Ket": "Black Spot", "Propinsi": "Bali", "Wilayah": "Bali", "Segmen": "SEG_000003673", "coverage": "Black Link Blindspot", "Nm_Ruas": "Jl. Antosari - Pupuan", "last_update": "2025-12-31T15:07:50+07:00", "Satwil": "Polda Bali", "Status": "Jalan Provinsi", "SkorBS": 33 }, "geometry": { "type": "LineString", "coordinates": [ [ 115.023275160120647, -8.46481503488593, 0.0 ], [ 115.023275497366399, -8.464809972602097, 0.0 ], [ 115.023283697384841, -8.464687185465209, 0.0 ], [ 115.02340007415421, -8.464311585411281, 0.0 ], [ 115.023542831636405, -8.463975950329825, 0.0 ], [ 115.023691208082823, -8.463594564937182, 0.0 ], [ 115.023711559740718, -8.463542252273101, 0.0 ], [ 115.023986475295715, -8.461929945910242, 0.0 ], [ 115.024075133160977, -8.461379106660388, 0.0 ], [ 115.024245770525908, -8.460392690670119, 0.0 ] ] } },
{ "type": "Feature", "properties": { "Kab_Kot": "Tabanan", "tanggal": "2025-12-28T12:00:00+07:00", "Ket": "Black Spot", "Propinsi": "Bali", "Wilayah": "Bali", "Segmen": "SEG_000006135", "coverage": "Black Link Blindspot", "Nm_Ruas": "Jl. Raya Marga Apuan", "last_update": "2025-12-31T15:07:50+07:00", "Satwil": "Polda Bali", "Status": "Jalan Kabupaten", "SkorBS": 33 }, "geometry": { "type": "LineString", "coordinates": [ [ 115.172923090528229, -8.459321673656291, 0.0 ], [ 115.172333420351151, -8.460641420665013, 0.0 ], [ 115.171765127958338, -8.46190776233334, 0.0 ], [ 115.17152220218793, -8.462473548315529, 0.0 ], [ 115.171087510380403, -8.463480512915282, 0.0 ] ] } },
{ "type": "Feature", "properties": { "Kab_Kot": "Tabanan", "tanggal": "2025-12-28T12:00:00+07:00", "Ket": "Black Spot", "Propinsi": "Bali", "Wilayah": "Bali", "Segmen": "SEG_000007435", "coverage": "Black Link Blindspot", "Nm_Ruas": "Jl. Dakdakan - Munggu", "last_update": "2025-12-31T15:07:50+07:00", "Satwil": "Polda Bali", "Status": "Jalan Kabupaten", "SkorBS": 38 }, "geometry": { "type": "LineString", "coordinates": [ [ 115.138497248549243, -8.596064506271887, 0.0 ], [ 115.138453045971346, -8.596242893994315, 0.0 ], [ 115.138393295014566, -8.596484102958925, 0.0 ], [ 115.138410568293125, -8.596733494854846, 0.0 ], [ 115.138420098408915, -8.596871106416359, 0.0 ], [ 115.138429100622602, -8.597001086331034, 0.0 ], [ 115.138357790679606, -8.597138125923721, 0.0 ], [ 115.138317519937686, -8.597214522432239, 0.0 ], [ 115.138134881119981, -8.597346193971646, 0.0 ], [ 115.137933393411458, -8.59749145066985, 0.0 ], [ 115.137825294002141, -8.597569384119709, 0.0 ], [ 115.137757399684347, -8.597620481799765, 0.0 ], [ 115.137670598019781, -8.597690331243768, 0.0 ], [ 115.13759258093296, -8.597753113815088, 0.0 ], [ 115.137559427425685, -8.597819416332925, 0.0 ], [ 115.137537808623051, -8.597862647643012, 0.0 ], [ 115.137540216108164, -8.59794008286849, 0.0 ], [ 115.137543546297707, -8.598047255076722, 0.0 ], [ 115.13754666874388, -8.598147741724858, 0.0 ], [ 115.137548560018104, -8.598274949928964, 0.0 ], [ 115.137547408885894, -8.598327718549342, 0.0 ], [ 115.137546298223128, -8.598378658847992, 0.0 ], [ 115.13750543033143, -8.59844306289699, 0.0 ], [ 115.137395689659456, -8.598616000727816, 0.0 ], [ 115.13731750889599, -8.598739204250819, 0.0 ], [ 115.137254556352786, -8.598838412063003, 0.0 ], [ 115.137187269077231, -8.598944448427517, 0.0 ], [ 115.137139221897655, -8.599020166847197, 0.0 ], [ 115.137070430955646, -8.599128573824601, 0.0 ], [ 115.136997977074998, -8.599242753550186, 0.0 ], [ 115.136893203358682, -8.599351340391991, 0.0 ], [ 115.136805369272452, -8.599388128059616, 0.0 ], [ 115.136679053195849, -8.599441030678975, 0.0 ], [ 115.1365450047482, -8.599497171757037, 0.0 ], [ 115.136460270625093, -8.599544115468518, 0.0 ], [ 115.136352401442196, -8.599603878116454, 0.0 ], [ 115.136322149147873, -8.599631125775772, 0.0 ] ] } },
{ "type": "Feature", "properties": { "Kab_Kot": "Badung", "tanggal": "2025-12-28T12:00:00+07:00", "Ket": "Black Spot", "Propinsi": "Bali", "Wilayah": "Bali", "Segmen": "SEG_000007832", "coverage": "Black Link Tercover CCTV", "Nm_Ruas": "Jl. Br.seminyak - Bts Kab/kantor Dkp", "last_update": "2025-12-31T15:07:50+07:00", "Satwil": "Polda Bali", "Status": "Jalan Kabupaten", "SkorBS": 34 }, "geometry": { "type": "LineString", "coordinates": [ [ 115.172437730017236, -8.689035551549409, 0.0 ], [ 115.172373629039839, -8.689030446997492, 0.0 ], [ 115.172313746782038, -8.689035183726673, 0.0 ], [ 115.172142990706561, -8.689099666916036, 0.0 ], [ 115.172081961813092, -8.689137117384007, 0.0 ], [ 115.172010802956265, -8.6891807848653, 0.0 ], [ 115.171818110617323, -8.689169869793602, 0.0 ], [ 115.17175380099718, -8.689162446789453, 0.0 ], [ 115.171643827400771, -8.689168334650901, 0.0 ], [ 115.171547886825579, -8.689191176531551, 0.0 ], [ 115.171477075106964, -8.689209450755527, 0.0 ], [ 115.171440495182765, -8.68920872230467, 0.0 ], [ 115.171271219391315, -8.689083922484997, 0.0 ], [ 115.171150579835398, -8.68898264982937, 0.0 ], [ 115.171034631143357, -8.688887242552141, 0.0 ], [ 115.170915901747549, -8.688818077492215, 0.0 ], [ 115.170802448674181, -8.688776960488269, 0.0 ], [ 115.170503208256491, -8.688676451357082, 0.0 ], [ 115.170279197027412, -8.688624066747252, 0.0 ], [ 115.17013757089228, -8.688614167909464, 0.0 ], [ 115.170059906339702, -8.688605029898156, 0.0 ], [ 115.169917517579393, -8.688557060060248, 0.0 ], [ 115.169826148258153, -8.688522795890265, 0.0 ], [ 115.169724877401222, -8.688495384554301, 0.0 ], [ 115.169527667767738, -8.688474064326556, 0.0 ], [ 115.169307615354228, -8.688452744998131, 0.0 ], [ 115.1691772577243, -8.688439801055949, 0.0 ], [ 115.168992232105893, -8.688439801055949, 0.0 ], [ 115.168798067576859, -8.688448176442137, 0.0 ], [ 115.168734107792943, -8.688458074380605, 0.0 ], [ 115.168500348812131, -8.688519749886495, 0.0 ], [ 115.16834647660869, -8.688566740362717, 0.0 ] ] } },
{ "type": "Feature", "properties": { "Kab_Kot": "Kota Denpasar", "tanggal": "2025-12-28T12:00:00+07:00", "Ket": "Black Spot", "Propinsi": "Bali", "Wilayah": "Bali", "Segmen": "SEG_000014091", "coverage": "Black Link Blindspot", "Nm_Ruas": "Jl. Gunung Salak", "last_update": "2025-12-31T15:07:50+07:00", "Satwil": "Polda Bali", "Status": "Jalan Kota", "SkorBS": 32 }, "geometry": { "type": "LineString", "coordinates": [ [ 115.177471470232263, -8.667477085299197, 0.0 ], [ 115.177503000463162, -8.66756499942511, 0.0 ], [ 115.177614000186054, -8.667939999631244, 0.0 ], [ 115.177856999700793, -8.668434999975204, 0.0 ], [ 115.178070999676947, -8.66882999930499, 0.0 ], [ 115.178396000275256, -8.669476999463882, 0.0 ], [ 115.1786880002511, -8.669985999554171, 0.0 ], [ 115.178840000065975, -8.6701789994612, 0.0 ], [ 115.179294000317896, -8.670667999528519, 0.0 ], [ 115.179674999901408, -8.671117999595936, 0.0 ], [ 115.179840589371793, -8.671301891169321, 0.0 ] ] } },
{ "type": "Feature", "properties": { "Kab_Kot": "Kota Denpasar", "tanggal": "2025-12-28T12:00:00+07:00", "Ket": "Black Spot", "Propinsi": "Bali", "Wilayah": "Bali", "Segmen": "SEG_000014633", "coverage": "Black Link Blindspot", "Nm_Ruas": "Jl. Kebo Iwa Utara", "last_update": "2025-12-31T15:07:50+07:00", "Satwil": "Polda Bali", "Status": "Jalan Kota", "SkorBS": 42 }, "geometry": { "type": "LineString", "coordinates": [ [ 115.184323897729769, -8.633836330782003, 0.0 ], [ 115.184321000114096, -8.633825999370345, 0.0 ], [ 115.184211000437358, -8.633497999533006, 0.0 ], [ 115.184153000460697, -8.6333269997412, 0.0 ], [ 115.184110000276405, -8.633156999995492, 0.0 ], [ 115.184012000253688, -8.632735999466775, 0.0 ], [ 115.183959999654348, -8.632556999306018, 0.0 ], [ 115.183911000092621, -8.632407999629436, 0.0 ], [ 115.183847999885302, -8.632259999998951, 0.0 ], [ 115.183797000231493, -8.632145000091612, 0.0 ], [ 115.183703000393166, -8.632010999308136, 0.0 ], [ 115.183617000024583, -8.631921999700467, 0.0 ], [ 115.183470000440252, -8.631774000069981, 0.0 ], [ 115.183342999979573, -8.631615999978351, 0.0 ], [ 115.18321700046431, -8.631435999771497, 0.0 ], [ 115.183099000418565, -8.631255999564701, 0.0 ], [ 115.182929999819748, -8.631000999496507, 0.0 ], [ 115.182806000396681, -8.630809999681674, 0.0 ], [ 115.182652999636275, -8.630595999705577, 0.0 ], [ 115.182580999913284, -8.630450999314121, 0.0 ], [ 115.182523999982664, -8.630307999914237, 0.0 ], [ 115.182468000098197, -8.630096000030335, 0.0 ], [ 115.182404815529821, -8.629796863034755, 0.0 ] ] } },
{ "type": "Feature", "properties": { "Kab_Kot": "Buleleng", "tanggal": "2025-12-28T12:00:00+07:00", "Ket": "Black Spot", "Propinsi": "Bali", "Wilayah": "Bali", "Segmen": "SEG_000016859", "coverage": "Black Link Blindspot", "Nm_Ruas": "Jl. Bts. Kota Singaraja - Pegayaman", "last_update": "2025-12-31T15:07:50+07:00", "Satwil": "Polda Bali", "Status": "Jalan Nasional", "SkorBS": 42 }, "geometry": { "type": "LineString", "coordinates": [ [ 115.130944980326603, -8.17866565799369, 0.0 ], [ 115.130864803068221, -8.178596332854454, 0.0 ], [ 115.1308437778182, -8.178580670261681, 0.0 ], [ 115.130770000135499, -8.178469998791343, 0.0 ], [ 115.130710000066529, -8.178330001328447, 0.0 ], [ 115.130692061289665, -8.178240303846906, 0.0 ], [ 115.130676854653188, -8.178164276959762, 0.0 ], [ 115.130640001335109, -8.177979997778607, 0.0 ], [ 115.130600000389791, -8.177909999946507, 0.0 ], [ 115.130567792069996, -8.177875380544322, 0.0 ], [ 115.130529999859618, -8.177839999416392, 0.0 ], [ 115.130465067908631, -8.177790052868602, 0.0 ], [ 115.130400000159966, -8.17773999930148, 0.0 ], [ 115.130340000090996, -8.177649999647713, 0.0 ], [ 115.130256934210252, -8.177483869684806, 0.0 ], [ 115.13022780696781, -8.177425616099242, 0.0 ], [ 115.130031307798731, -8.177032579090223, 0.0 ], [ 115.129977152423749, -8.17695134422911, 0.0 ], [ 115.129890841789006, -8.176893804705287, 0.0 ], [ 115.129789999908667, -8.17686000008888, 0.0 ], [ 115.129705469931537, -8.176849433954146, 0.0 ], [ 115.129652579003391, -8.176842821239177, 0.0 ], [ 115.129415283888306, -8.176817647416442, 0.0 ], [ 115.129310001155659, -8.176800000019966, 0.0 ], [ 115.129237585046553, -8.176778722959625, 0.0 ], [ 115.129185481924537, -8.176761207763491, 0.0 ], [ 115.128882188262423, -8.176587484824495, 0.0 ], [ 115.128594483448751, -8.176413169232319, 0.0 ], [ 115.128404936938296, -8.176309936054679, 0.0 ], [ 115.128118927346691, -8.17618808331332, 0.0 ], [ 115.127981843687166, -8.176128850366126, 0.0 ], [ 115.127912454696116, -8.176083157611572, 0.0 ], [ 115.127880301234995, -8.176035771433646, 0.0 ], [ 115.127859999939119, -8.175989999538785, 0.0 ], [ 115.127813008563521, -8.175842310174403, 0.0 ] ] } },
{ "type": "Feature", "properties": { "Kab_Kot": "Badung, Tabanan", "tanggal": "2025-12-28T12:00:00+07:00", "Ket": "Black Spot", "Propinsi": "Bali", "Wilayah": "Bali", "Segmen": "SEG_000016938", "coverage": "Black Link Blindspot", "Nm_Ruas": "Jl. Br. Taman Tanda - Mengwitani", "last_update": "2025-12-31T15:07:50+07:00", "Satwil": "Polda Bali", "Status": "Jalan Nasional", "SkorBS": 55 }, "geometry": { "type": "LineString", "coordinates": [ [ 115.196014860397554, -8.398200259834084, 0.0 ], [ 115.19588990499517, -8.3973145867987, 0.0 ], [ 115.195802651870963, -8.396848244251032, 0.0 ], [ 115.195674979616683, -8.396104148787401, 0.0 ], [ 115.195661371974779, -8.396018777944221, 0.0 ], [ 115.195657868216131, -8.395996776030358, 0.0 ], [ 115.195557447218448, -8.39532284927003, 0.0 ], [ 115.19545966573105, -8.39436609471943, 0.0 ], [ 115.195450639235673, -8.394233713614938, 0.0 ], [ 115.19544311820539, -8.394150975087371, 0.0 ], [ 115.195453087190231, -8.393696515281931, 0.0 ] ] } },
{ "type": "Feature", "properties": { "Kab_Kot": "Badung, Tabanan", "tanggal": "2025-12-28T12:00:00+07:00", "Ket": "Black Spot", "Propinsi": "Bali", "Wilayah": "Bali", "Segmen": "SEG_000016965", "coverage": "Black Link Blindspot", "Nm_Ruas": "Jl. Br. Taman Tanda - Mengwitani", "last_update": "2025-12-31T15:07:50+07:00", "Satwil": "Polda Bali", "Status": "Jalan Nasional", "SkorBS": 30 }, "geometry": { "type": "LineString", "coordinates": [ [ 115.184747767995191, -8.493361864758185, 0.0 ], [ 115.184746562004307, -8.493336129758518, 0.0 ], [ 115.184731518145099, -8.493134548520572, 0.0 ], [ 115.184596127909003, -8.491010432585369, 0.0 ], [ 115.184581814299349, -8.490457903509366, 0.0 ] ] } },
{ "type": "Feature", "properties": { "Kab_Kot": "Badung, Tabanan", "tanggal": "2025-12-28T12:00:00+07:00", "Ket": "Black Spot", "Propinsi": "Bali", "Wilayah": "Bali", "Segmen": "SEG_000016968", "coverage": "Black Link Blindspot", "Nm_Ruas": "Jl. Br. Taman Tanda - Mengwitani", "last_update": "2025-12-31T15:07:50+07:00", "Satwil": "Polda Bali", "Status": "Jalan Nasional", "SkorBS": 50 }, "geometry": { "type": "LineString", "coordinates": [ [ 115.179943694845747, -8.506283759188079, 0.0 ], [ 115.179943729019897, -8.506283672853158, 0.0 ], [ 115.179950389398982, -8.506264430059332, 0.0 ], [ 115.179951481175976, -8.506261277036288, 0.0 ], [ 115.180084634798163, -8.505915359106496, 0.0 ], [ 115.180400545049224, -8.505148148368278, 0.0 ], [ 115.180569999805698, -8.504749999612727, 0.0 ], [ 115.180633704182128, -8.504622598054425, 0.0 ], [ 115.180636119761175, -8.504617757003814, 0.0 ], [ 115.180640000335757, -8.504609999451873, 0.0 ], [ 115.180649789456311, -8.504596805498124, 0.0 ], [ 115.180875914092212, -8.50430421826502, 0.0 ], [ 115.181473134077919, -8.503705493713539, 0.0 ], [ 115.18173542494992, -8.503436097297993, 0.0 ] ] } },
{ "type": "Feature", "properties": { "Kab_Kot": "Badung, Tabanan", "tanggal": "2025-12-28T12:00:00+07:00", "Ket": "Black Spot", "Propinsi": "Bali", "Wilayah": "Bali", "Segmen": "SEG_000016972", "coverage": "Black Link Blindspot", "Nm_Ruas": "Jl. Br. Taman Tanda - Mengwitani", "last_update": "2025-12-31T15:07:50+07:00", "Satwil": "Polda Bali", "Status": "Jalan Nasional", "SkorBS": 33 }, "geometry": { "type": "LineString", "coordinates": [ [ 115.172499831801815, -8.527257568981554, 0.0 ], [ 115.172509744129457, -8.527227725878788, 0.0 ], [ 115.17268568569591, -8.526697987422153, 0.0 ], [ 115.172689025778027, -8.526687932102334, 0.0 ], [ 115.172790566431559, -8.526382204874835, 0.0 ], [ 115.172970625993685, -8.525840069263722, 0.0 ], [ 115.172974118960497, -8.525829548994466, 0.0 ], [ 115.173071388733661, -8.525536685669465, 0.0 ], [ 115.173257855965289, -8.524983416451448, 0.0 ], [ 115.173261360623314, -8.524972382669262, 0.0 ], [ 115.173474597974405, -8.524344934670978, 0.0 ], [ 115.173669999970571, -8.523679999332444, 0.0 ], [ 115.173680000431773, -8.523659999309473, 0.0 ], [ 115.173680000431773, -8.523649999747647, 0.0 ], [ 115.173702695722909, -8.52358090663347, 0.0 ] ] } },
{ "type": "Feature", "properties": { "Kab_Kot": "Badung", "tanggal": "2025-12-28T12:00:00+07:00", "Ket": "Black Spot", "Propinsi": "Bali", "Wilayah": "Bali", "Segmen": "SEG_000017075", "coverage": "Black Link Blindspot", "Nm_Ruas": "Jl. Jimbaran - Uluwatu", "last_update": "2025-12-31T15:07:50+07:00", "Satwil": "Polda Bali", "Status": "Jalan Nasional", "SkorBS": 36 }, "geometry": { "type": "LineString", "coordinates": [ [ 115.173684493444625, -8.782604589330276, 0.0 ], [ 115.173509999786688, -8.782749999812609, 0.0 ], [ 115.173449999717718, -8.782789999858551, 0.0 ], [ 115.1731900003183, -8.783010000111346, 0.0 ], [ 115.173179999857211, -8.783029999235055, 0.0 ], [ 115.17315822277385, -8.783049960587164, 0.0 ], [ 115.173137436743332, -8.783069016321974, 0.0 ], [ 115.173059999719271, -8.783139999811112, 0.0 ], [ 115.172900000434765, -8.783269999510821, 0.0 ], [ 115.172709999766766, -8.783409999671676, 0.0 ], [ 115.172660000158885, -8.783440001055169, 0.0 ], [ 115.172569997807159, -8.783499999325443, 0.0 ], [ 115.172420589838453, -8.783562908701242, 0.0 ], [ 115.172391574111884, -8.783575125991206, 0.0 ], [ 115.172379999837176, -8.783580000316704, 0.0 ], [ 115.172199999630379, -8.783659999509325, 0.0 ], [ 115.172109999976556, -8.783689999993442, 0.0 ], [ 115.172029999884671, -8.783719999578295, 0.0 ], [ 115.171840000115935, -8.783790000108354, 0.0 ], [ 115.171760000024051, -8.783839999716179, 0.0 ], [ 115.171719999978109, -8.783869999300975, 0.0 ], [ 115.171630000324285, -8.783910002044934, 0.0 ], [ 115.171599599641922, -8.783931713477727, 0.0 ], [ 115.171570764679132, -8.783952308851951, 0.0 ], [ 115.17155999889485, -8.783959999854062, 0.0 ], [ 115.171510000186458, -8.783999999900004, 0.0 ], [ 115.171479999702342, -8.784019999923032, 0.0 ], [ 115.171410000071546, -8.784089997755132, 0.0 ], [ 115.171329999979548, -8.784189999668683, 0.0 ], [ 115.17128000217042, -8.784259999299479, 0.0 ], [ 115.171209999841722, -8.784379999437363, 0.0 ], [ 115.17116000023384, -8.784469999990449, 0.0 ], [ 115.171068139882777, -8.784647980320017, 0.0 ], [ 115.171051113917883, -8.78468096745263, 0.0 ], [ 115.171000000050071, -8.784779999897012, 0.0 ], [ 115.171000000050071, -8.784790001257534, 0.0 ], [ 115.170759999774191, -8.785209999941515, 0.0 ], [ 115.170690001042772, -8.785330000079398, 0.0 ], [ 115.170628139377186, -8.785436046336429, 0.0 ], [ 115.170619999613336, -8.785450002015921, 0.0 ], [ 115.170610084587793, -8.785469830268426, 0.0 ], [ 115.170579998668018, -8.785529999409903, 0.0 ], [ 115.170560001343006, -8.7855599989947, 0.0 ], [ 115.170515606310232, -8.785645829391456, 0.0 ] ] } },
{ "type": "Feature", "properties": { "Kab_Kot": "Badung", "tanggal": "2025-12-28T12:00:00+07:00", "Ket": "Black Spot", "Propinsi": "Bali", "Wilayah": "Bali", "Segmen": "SEG_000017076", "coverage": "Black Link Blindspot", "Nm_Ruas": "Jl. Jimbaran - Uluwatu", "last_update": "2025-12-31T15:07:50+07:00", "Satwil": "Polda Bali", "Status": "Jalan Nasional", "SkorBS": 36 }, "geometry": { "type": "LineString", "coordinates": [ [ 115.165572890076874, -8.786351435670156, 0.0 ], [ 115.165480000002049, -8.786329999429881, 0.0 ], [ 115.165450002215835, -8.786319999868056, 0.0 ], [ 115.165419999933079, -8.786319999868056, 0.0 ], [ 115.165370001224687, -8.786330001228521, 0.0 ], [ 115.165319999818166, -8.786339999891027, 0.0 ], [ 115.165290000233426, -8.786349999452852, 0.0 ], [ 115.165259997950557, -8.786369999475824, 0.0 ], [ 115.165230000164456, -8.786399999959997, 0.0 ], [ 115.165210000141428, -8.786429999544794, 0.0 ], [ 115.165190000118514, -8.786489997815124, 0.0 ], [ 115.165212701704831, -8.786611078938108, 0.0 ], [ 115.165219997904615, -8.786649999797589, 0.0 ], [ 115.165224365911854, -8.786676197048791, 0.0 ], [ 115.165239999726282, -8.78676999993553, 0.0 ], [ 115.165270000210398, -8.78685999958924, 0.0 ], [ 115.165339999841194, -8.787049999357919, 0.0 ], [ 115.165350002100922, -8.787109999426889, 0.0 ], [ 115.165350000302283, -8.787139999911005, 0.0 ], [ 115.165339999841194, -8.787169999495859, 0.0 ], [ 115.165339999841194, -8.787199999979975, 0.0 ], [ 115.165330000279369, -8.787240000025918, 0.0 ], [ 115.165319999818166, -8.787280000071917, 0.0 ], [ 115.165310000256341, -8.787320000117859, 0.0 ], [ 115.165270000210398, -8.787409999771626, 0.0 ], [ 115.165236451900796, -8.787472302105016, 0.0 ], [ 115.165204820046483, -8.787531045821083, 0.0 ], [ 115.165199998780963, -8.787539999471335, 0.0 ], [ 115.165020002171445, -8.787830000254246, 0.0 ], [ 115.164940000280808, -8.787939999031664, 0.0 ], [ 115.164820000142981, -8.788119999238518, 0.0 ], [ 115.164753316312613, -8.788235586403118, 0.0 ], [ 115.164719259885942, -8.788294614304959, 0.0 ], [ 115.164670000420301, -8.788380001335952, 0.0 ], [ 115.164539999821159, -8.788599999790108, 0.0 ], [ 115.164459999729274, -8.788749999512845, 0.0 ], [ 115.164410000121507, -8.788860000088903, 0.0 ], [ 115.164350000052536, -8.788979999327466, 0.0 ], [ 115.164328928037662, -8.789032684310882, 0.0 ], [ 115.164303218219061, -8.7890969543609, 0.0 ], [ 115.164289999983566, -8.789129999949466, 0.0 ], [ 115.164200001229119, -8.789359997965505, 0.0 ], [ 115.1641600002838, -8.789479999002708, 0.0 ], [ 115.164129998900421, -8.789589999578766, 0.0 ], [ 115.16410999977677, -8.789700001054143, 0.0 ], [ 115.164100000214944, -8.789739999301503, 0.0 ], [ 115.164076464057644, -8.78989690671682, 0.0 ], [ 115.164069999730714, -8.789939999531327, 0.0 ], [ 115.164064342995061, -8.7899654539425, 0.0 ], [ 115.164006023759043, -8.790227892303335, 0.0 ] ] } },
{ "type": "Feature", "properties": { "Kab_Kot": "Jembrana", "tanggal": "2025-12-28T12:00:00+07:00", "Ket": "Black Spot", "Propinsi": "Bali", "Wilayah": "Bali", "Segmen": "SEG_000017239", "coverage": "Black Link Blindspot", "Nm_Ruas": "Jl. Bts. Kota Negara - Pekutatan", "last_update": "2025-12-31T15:07:50+07:00", "Satwil": "Polda Bali", "Status": "Jalan Nasional", "SkorBS": 31 }, "geometry": { "type": "LineString", "coordinates": [ [ 114.803969524773834, -8.411803493236562, 0.0 ], [ 114.803949999592874, -8.411809999831576, 0.0 ], [ 114.803859999939164, -8.411840002114332, 0.0 ], [ 114.803810000331282, -8.4118599994394, 0.0 ], [ 114.803737209204883, -8.411909990953291, 0.0 ], [ 114.803679999732253, -8.411949999992487, 0.0 ], [ 114.803503074307514, -8.412117617434035, 0.0 ], [ 114.803412515275454, -8.412161793931602, 0.0 ], [ 114.803308699337094, -8.412168419237105, 0.0 ], [ 114.803231390916039, -8.412148539723262, 0.0 ], [ 114.803158499964866, -8.412099946655189, 0.0 ], [ 114.803105490326175, -8.412035893341738, 0.0 ], [ 114.803052477989581, -8.411976254800265, 0.0 ], [ 114.802999999850158, -8.411909999946488, 0.0 ], [ 114.802859998789927, -8.411719999278489, 0.0 ], [ 114.802850868872611, -8.411708259528496, 0.0 ], [ 114.802790000058508, -8.411629999624722, 0.0 ], [ 114.80277000003548, -8.411600000039925, 0.0 ], [ 114.802709999966623, -8.411539999970955, 0.0 ], [ 114.802569999805655, -8.411409999371926, 0.0 ], [ 114.802480000151945, -8.411339999741131, 0.0 ], [ 114.802250001236644, -8.411139999511306, 0.0 ], [ 114.802194065204048, -8.411091421731669, 0.0 ], [ 114.801869999900646, -8.410809999581772, 0.0 ], [ 114.801789999808761, -8.410739999950977, 0.0 ], [ 114.8015176113488, -8.410491823039138, 0.0 ], [ 114.801339999741231, -8.410329999929502, 0.0 ], [ 114.801089999903638, -8.41010000011488, 0.0 ], [ 114.801080000341813, -8.410089999653735, 0.0 ], [ 114.800862616216818, -8.40986916483007, 0.0 ], [ 114.800587387697874, -8.409589568303886, 0.0 ] ] } },
{ "type": "Feature", "properties": { "Kab_Kot": "Tabanan", "tanggal": "2025-12-28T12:00:00+07:00", "Ket": "Black Spot", "Propinsi": "Bali", "Wilayah": "Bali", "Segmen": "SEG_000017292", "coverage": "Black Link Blindspot", "Nm_Ruas": "Jl. Pekutatan - Antosari", "last_update": "2025-12-31T15:07:50+07:00", "Satwil": "Polda Bali", "Status": "Jalan Nasional", "SkorBS": 41 }, "geometry": { "type": "LineString", "coordinates": [ [ 114.955152088897876, -8.490882159583975, 0.0 ], [ 114.954850000327269, -8.490739999251502, 0.0 ], [ 114.954795633611639, -8.490718857988838, 0.0 ], [ 114.954489999913676, -8.490599999989968, 0.0 ], [ 114.953942558302515, -8.49042066528142, 0.0 ], [ 114.953910000146493, -8.490409999321969, 0.0 ], [ 114.953520000147932, -8.490230000014435, 0.0 ], [ 114.953143793051709, -8.490001418430666, 0.0 ], [ 114.952729999689836, -8.489750001261484, 0.0 ], [ 114.952430000244362, -8.489589999279019, 0.0 ], [ 114.952357674067457, -8.48955624592395, 0.0 ], [ 114.951488746408586, -8.489092758723814, 0.0 ], [ 114.951237945275011, -8.488980331776816, 0.0 ], [ 114.951079009888417, -8.488891327672604, 0.0 ] ] } },
{ "type": "Feature", "properties": { "Kab_Kot": "Tabanan", "tanggal": "2025-12-28T12:00:00+07:00", "Ket": "Black Spot", "Propinsi": "Bali", "Wilayah": "Bali", "Segmen": "SEG_000017298", "coverage": "Black Link Blindspot", "Nm_Ruas": "Jl. Pekutatan - Antosari", "last_update": "2025-12-31T15:07:50+07:00", "Satwil": "Polda Bali", "Status": "Jalan Nasional", "SkorBS": 35 }, "geometry": { "type": "LineString", "coordinates": [ [ 115.018064438722945, -8.501671260520197, 0.0 ], [ 115.018081533935742, -8.501765287338117, 0.0 ], [ 115.018120452996527, -8.501864740665212, 0.0 ], [ 115.018174504050194, -8.501983658019356, 0.0 ], [ 115.018259999899101, -8.502109999277025, 0.0 ], [ 115.01833233596858, -8.502230136111848, 0.0 ], [ 115.018375578070504, -8.502338240017707, 0.0 ], [ 115.018414497131403, -8.502446343024246, 0.0 ], [ 115.018425305183769, -8.502545799948678, 0.0 ], [ 115.018418820172428, -8.502647417044614, 0.0 ], [ 115.018397198671892, -8.502766332600117, 0.0 ], [ 115.01835395746923, -8.502906866958313, 0.0 ], [ 115.018289094765919, -8.503077673395865, 0.0 ], [ 115.018179999807217, -8.503469999940478, 0.0 ], [ 115.018118290127063, -8.503713325909189, 0.0 ], [ 115.018079371965541, -8.503894940399107, 0.0 ], [ 115.017990000038481, -8.504419999683194, 0.0 ], [ 115.017956133368898, -8.504627887866661, 0.0 ], [ 115.017923702017242, -8.504904635340608, 0.0 ], [ 115.017902081415968, -8.505159760414585, 0.0 ], [ 115.017883324256104, -8.505526801620533, 0.0 ], [ 115.017849999877626, -8.505959998754918, 0.0 ], [ 115.017833305762565, -8.506071299750658, 0.0 ] ] } },
{ "type": "Feature", "properties": { "Kab_Kot": "Tabanan", "tanggal": "2025-12-28T12:00:00+07:00", "Ket": "Black Spot", "Propinsi": "Bali", "Wilayah": "Bali", "Segmen": "SEG_000017302", "coverage": "Black Link Blindspot", "Nm_Ruas": "Jl. Pekutatan - Antosari", "last_update": "2025-12-31T15:07:50+07:00", "Satwil": "Polda Bali", "Status": "Jalan Nasional", "SkorBS": 43 }, "geometry": { "type": "LineString", "coordinates": [ [ 115.007286924651908, -8.525454949885955, 0.0 ], [ 115.007191107283802, -8.525495261097376, 0.0 ], [ 115.007079327848714, -8.525539362951179, 0.0 ], [ 115.006459998929813, -8.525719999878049, 0.0 ], [ 115.006379999737305, -8.525750000362166, 0.0 ], [ 115.006281950251832, -8.525790387116615, 0.0 ], [ 115.006224655343658, -8.525829304378874, 0.0 ], [ 115.006100002113499, -8.525920000107874, 0.0 ], [ 115.005814941306539, -8.526169831772279, 0.0 ], [ 115.005692781896414, -8.526297397007227, 0.0 ], [ 115.005611702618012, -8.526388202453518, 0.0 ], [ 115.005486302051281, -8.526556846021606, 0.0 ], [ 115.005368468380198, -8.526723325820797, 0.0 ], [ 115.005205229737612, -8.52695142536794, 0.0 ], [ 115.005104696324793, -8.527076827733367, 0.0 ], [ 115.005041993793043, -8.527135203626699, 0.0 ], [ 115.004890000273349, -8.527259999849093, 0.0 ], [ 115.004308468061367, -8.527718672978324, 0.0 ], [ 115.004079999792225, -8.527909999247015, 0.0 ], [ 115.003959999654285, -8.527999998900782, 0.0 ], [ 115.003832304916955, -8.52808219693577, 0.0 ], [ 115.003739336601143, -8.528118954026468, 0.0 ], [ 115.003733059333285, -8.528119618625453, 0.0 ] ] } },
{ "type": "Feature", "properties": { "Kab_Kot": "Tabanan", "tanggal": "2025-12-28T12:00:00+07:00", "Ket": "Black Spot", "Propinsi": "Bali", "Wilayah": "Bali", "Segmen": "SEG_000017334", "coverage": "Black Link Blindspot", "Nm_Ruas": "Jl. Simp. Kediri - Pesiapan (Tabanan)", "last_update": "2025-12-31T15:07:50+07:00", "Satwil": "Polda Bali", "Status": "Jalan Nasional", "SkorBS": 37 }, "geometry": { "type": "LineString", "coordinates": [ [ 115.137270896134964, -8.553580270213274, 0.0 ], [ 115.137270001309616, -8.553579999517297, 0.0 ], [ 115.136900000434707, -8.553469998941239, 0.0 ], [ 115.13686998106482, -8.553461244940479, 0.0 ], [ 115.136179999607407, -8.553260000048908, 0.0 ], [ 115.136001189203625, -8.553211508604193, 0.0 ], [ 115.135632934812179, -8.55310332465865, 0.0 ], [ 115.135350000002518, -8.553030000234287, 0.0 ], [ 115.135280001271099, -8.553009999311996, 0.0 ], [ 115.13512906085748, -8.552974065100955, 0.0 ], [ 115.134859999889159, -8.552910000096404, 0.0 ], [ 115.134400000259916, -8.552799999520289, 0.0 ], [ 115.134159999984035, -8.552739999451376, 0.0 ], [ 115.133780000446677, -8.552639999336463, 0.0 ], [ 115.133700000354793, -8.552619999313492, 0.0 ], [ 115.133375060011076, -8.552536443302188, 0.0 ], [ 115.133350000402288, -8.552529999659725, 0.0 ], [ 115.133199999780231, -8.552489998714407, 0.0 ], [ 115.133130001048812, -8.552469997792116, 0.0 ], [ 115.132879047929805, -8.552410175788907, 0.0 ] ] } },
{ "type": "Feature", "properties": { "Kab_Kot": "Badung", "tanggal": "2025-12-28T12:00:00+07:00", "Ket": "Black Spot", "Propinsi": "Bali", "Wilayah": "Bali", "Segmen": "SEG_000017357", "coverage": "Black Link Blindspot", "Nm_Ruas": "Jl. Bts. Kota Tabanan - Mengwitani", "last_update": "2025-12-31T15:07:50+07:00", "Satwil": "Polda Bali", "Status": "Jalan Nasional", "SkorBS": 46 }, "geometry": { "type": "LineString", "coordinates": [ [ 115.165021718077924, -8.562980654233741, 0.0 ], [ 115.164616280317091, -8.562867668807826, 0.0 ], [ 115.164452558738617, -8.562831137447006, 0.0 ], [ 115.164115652915143, -8.56273912960711, 0.0 ], [ 115.163753038172217, -8.562637652805392, 0.0 ], [ 115.163550081870881, -8.562586236765355, 0.0 ], [ 115.163048104586437, -8.562457697564639, 0.0 ], [ 115.162750000012579, -8.562389999299, 0.0 ], [ 115.162704443055645, -8.562377685781541, 0.0 ], [ 115.162668508844718, -8.562367975801408, 0.0 ], [ 115.162380000037047, -8.562290000083408, 0.0 ], [ 115.162310000406251, -8.56227000006038, 0.0 ], [ 115.161827661617394, -8.562138380681688, 0.0 ], [ 115.161534051855028, -8.562058549662311, 0.0 ], [ 115.161369676469462, -8.562019645889904, 0.0 ] ] } },
{ "type": "Feature", "properties": { "Kab_Kot": "Tabanan", "tanggal": "2025-12-28T12:00:00+07:00", "Ket": "Black Spot", "Propinsi": "Bali", "Wilayah": "Bali", "Segmen": "SEG_000017363", "coverage": "Black Link Blindspot", "Nm_Ruas": "Jl. A. Yani (Tabanan)", "last_update": "2025-12-31T15:07:50+07:00", "Satwil": "Polda Bali", "Status": "Jalan Nasional", "SkorBS": 67 }, "geometry": { "type": "LineString", "coordinates": [ [ 115.156138535964715, -8.561084577591146, 0.0 ], [ 115.156120000038072, -8.561080000041898, 0.0 ], [ 115.155598780859123, -8.56094144778956, 0.0 ], [ 115.15559102780378, -8.560939386543396, 0.0 ], [ 115.155329997781223, -8.560869999350928, 0.0 ], [ 115.15471876725735, -8.56073577823355, 0.0 ], [ 115.154706989735814, -8.560733124334149, 0.0 ], [ 115.154560000044057, -8.560699999605276, 0.0 ], [ 115.154089999953612, -8.560589999928482, 0.0 ], [ 115.153836844394959, -8.56053745883662, 0.0 ], [ 115.15382104420587, -8.560534179009096, 0.0 ], [ 115.153559999794197, -8.560479999352424, 0.0 ], [ 115.153120000187869, -8.560379999237512, 0.0 ], [ 115.152956506137912, -8.560333287551146, 0.0 ], [ 115.152937099667497, -8.560327742331424, 0.0 ], [ 115.152560002242353, -8.560219999953006, 0.0 ], [ 115.15206034970538, -8.560049807752364, 0.0 ], [ 115.151937588648821, -8.560007742862979, 0.0 ] ] } },
{ "type": "Feature", "properties": { "Kab_Kot": "Badung", "tanggal": "2025-12-28T12:00:00+07:00", "Ket": "Black Spot", "Propinsi": "Bali", "Wilayah": "Bali", "Segmen": "SEG_000017369", "coverage": "Black Link Blindspot", "Nm_Ruas": "Jl. Mengwitani - Bts. Kota Denpasar", "last_update": "2025-12-31T15:07:50+07:00", "Satwil": "Polda Bali", "Status": "Jalan Nasional", "SkorBS": 50 }, "geometry": { "type": "LineString", "coordinates": [ [ 115.178515028246011, -8.575634631632909, 0.0 ], [ 115.178530844622856, -8.57560148172297, 0.0 ], [ 115.17862080560576, -8.575382497704084, 0.0 ], [ 115.178782973155762, -8.575007263674252, 0.0 ], [ 115.178956884952299, -8.574625505962274, 0.0 ], [ 115.179179998658128, -8.574139999761144, 0.0 ], [ 115.17925000008745, -8.573979999577261, 0.0 ], [ 115.179340947626656, -8.573764595759428, 0.0 ], [ 115.179369439947777, -8.573697116029052, 0.0 ], [ 115.179439999856186, -8.573530001308484, 0.0 ], [ 115.179507691826529, -8.57339181238217, 0.0 ], [ 115.179700187213939, -8.572936300369918, 0.0 ], [ 115.179733931575697, -8.572870418734794, 0.0 ], [ 115.180238520491343, -8.571825204169784, 0.0 ] ] } },
{ "type": "Feature", "properties": { "Kab_Kot": "Badung", "tanggal": "2025-12-28T12:00:00+07:00", "Ket": "Black Spot", "Propinsi": "Bali", "Wilayah": "Bali", "Segmen": "SEG_000017373", "coverage": "Black Link Blindspot", "Nm_Ruas": "Jl. Mengwitani - Bts. Kota Denpasar", "last_update": "2025-12-31T15:07:50+07:00", "Satwil": "Polda Bali", "Status": "Jalan Nasional", "SkorBS": 33 }, "geometry": { "type": "LineString", "coordinates": [ [ 115.186359692146084, -8.59615629737516, 0.0 ], [ 115.186359999714227, -8.596149999422892, 0.0 ], [ 115.186390000198458, -8.595599999240505, 0.0 ], [ 115.186393005732725, -8.595543564983473, 0.0 ], [ 115.186394468030358, -8.595516114077384, 0.0 ], [ 115.18644107899263, -8.594640842600768, 0.0 ], [ 115.186442545786917, -8.594613297265823, 0.0 ], [ 115.186479999852168, -8.593909999546781, 0.0 ], [ 115.186494909712337, -8.593738525812284, 0.0 ], [ 115.186497308204252, -8.593710948101716, 0.0 ], [ 115.186539999921138, -8.59322000010286, 0.0 ], [ 115.186569414047312, -8.59283761286548, 0.0 ], [ 115.186571546339906, -8.592809899357349, 0.0 ], [ 115.186590000428282, -8.592569999805619, 0.0 ], [ 115.186609997753294, -8.592429999644708, 0.0 ], [ 115.186636813738005, -8.592194568824254, 0.0 ], [ 115.186665224220746, -8.591974401297534, 0.0 ], [ 115.186674693182567, -8.591785010369904, 0.0 ], [ 115.186687380818057, -8.591623525405339, 0.0 ] ] } },
{ "type": "Feature", "properties": { "Kab_Kot": "Badung", "tanggal": "2025-12-28T12:00:00+07:00", "Ket": "Black Spot", "Propinsi": "Bali", "Wilayah": "Bali", "Segmen": "SEG_000017376", "coverage": "Black Link Blindspot", "Nm_Ruas": "Jl. Mengwitani - Bts. Kota Denpasar", "last_update": "2025-12-31T15:07:50+07:00", "Satwil": "Polda Bali", "Status": "Jalan Nasional", "SkorBS": 73 }, "geometry": { "type": "LineString", "coordinates": [ [ 115.185809270181721, -8.604557788211309, 0.0 ], [ 115.185829531008153, -8.604329848743475, 0.0 ], [ 115.186047333317788, -8.602469074987766, 0.0 ], [ 115.186075740203364, -8.602182619332382, 0.0 ], [ 115.186099413956867, -8.601827511230624, 0.0 ], [ 115.186142027432652, -8.601084146915809, 0.0 ], [ 115.186160002182419, -8.600610000051404, 0.0 ], [ 115.186189999968633, -8.600170001344452, 0.0 ], [ 115.186191785122901, -8.6000580528368, 0.0 ], [ 115.186192934456471, -8.600031050692394, 0.0 ], [ 115.186192971328637, -8.600030186443917, 0.0 ] ] } },
{ "type": "Feature", "properties": { "Kab_Kot": "Badung", "tanggal": "2025-12-28T12:00:00+07:00", "Ket": "Black Spot", "Propinsi": "Bali", "Wilayah": "Bali", "Segmen": "SEG_000017419", "coverage": "Black Link Blindspot", "Nm_Ruas": "Jl. Simp. Kuta - Tugu Ngurah Rai", "last_update": "2025-12-31T15:07:50+07:00", "Satwil": "Polda Bali", "Status": "Jalan Nasional", "SkorBS": 38 }, "geometry": { "type": "LineString", "coordinates": [ [ 115.182134473027531, -8.722160678872172, 0.0 ], [ 115.182073073613537, -8.722250638056437, 0.0 ], [ 115.181996620447762, -8.722384310587415, 0.0 ], [ 115.181916619456501, -8.722530918966697, 0.0 ], [ 115.181844293279596, -8.722627985493091, 0.0 ], [ 115.181790164884319, -8.722754592950082, 0.0 ], [ 115.181718087819604, -8.722914889010895, 0.0 ], [ 115.181717062592384, -8.722917166993625, 0.0 ], [ 115.18171545730263, -8.72292074179876, 0.0 ], [ 115.181659583323153, -8.723100105285596, 0.0 ], [ 115.181613128842855, -8.723275618774721, 0.0 ], [ 115.181573018180302, -8.723425686845928, 0.0 ], [ 115.181540000470704, -8.723569999256028, 0.0 ], [ 115.181509999986588, -8.723659999809115, 0.0 ], [ 115.181465995259487, -8.723782234762268, 0.0 ], [ 115.181465004206643, -8.723784995680944, 0.0 ], [ 115.181420000332764, -8.723909998747388, 0.0 ], [ 115.181300001993577, -8.724239997777602, 0.0 ], [ 115.181249999687793, -8.72449000211185, 0.0 ], [ 115.181229999664765, -8.724620000012919, 0.0 ], [ 115.181229998765502, -8.724650585955715, 0.0 ], [ 115.181229999664765, -8.724653944024226, 0.0 ], [ 115.181229999664765, -8.72470000010486, 0.0 ], [ 115.181209997843212, -8.724799999320453, 0.0 ], [ 115.181180000056997, -8.724909999896511, 0.0 ], [ 115.181119999988027, -8.725030000034451, 0.0 ], [ 115.181091125455168, -8.725070424560386, 0.0 ] ] } },
{ "type": "Feature", "properties": { "Kab_Kot": "Badung", "tanggal": "2025-12-28T12:00:00+07:00", "Ket": "Black Spot", "Propinsi": "Bali", "Wilayah": "Bali", "Segmen": "SEG_000017436", "coverage": "Black Link Tercover CCTV", "Nm_Ruas": "Jl. Tugu Ngurah Rai - Nusa Dua", "last_update": "2025-12-31T15:07:50+07:00", "Satwil": "Polda Bali", "Status": "Jalan Nasional", "SkorBS": 92 }, "geometry": { "type": "LineString", "coordinates": [ [ 115.184102133906435, -8.782980167800474, 0.0 ], [ 115.184422788081292, -8.783005482816748, 0.0 ], [ 115.184480000251824, -8.783010000111346, 0.0 ], [ 115.184649999997532, -8.783019999673172, 0.0 ], [ 115.184890000273299, -8.7830399996962, 0.0 ], [ 115.185089998704484, -8.783069999280997, 0.0 ], [ 115.185189999718773, -8.783089999303968, 0.0 ], [ 115.185318350961211, -8.783117503270091, 0.0 ], [ 115.185329999879627, -8.783119999788141, 0.0 ], [ 115.185459999579393, -8.783159999834083, 0.0 ], [ 115.185599999740248, -8.783199999880026, 0.0 ], [ 115.185730000339277, -8.783259999948996, 0.0 ], [ 115.185840000016015, -8.783320000017966, 0.0 ], [ 115.186148380243594, -8.783467853958257, 0.0 ], [ 115.186570000405254, -8.783669999970471, 0.0 ], [ 115.186910164472579, -8.783830296930603, 0.0 ], [ 115.186986862254003, -8.783858185806594, 0.0 ], [ 115.187020165048693, -8.783870296976602, 0.0 ], [ 115.18714016518652, -8.783900298360038, 0.0 ], [ 115.18732016539343, -8.783930297045515, 0.0 ], [ 115.187700164031412, -8.783970297990834, 0.0 ], [ 115.187939789289885, -8.783979971998065, 0.0 ], [ 115.188413001758704, -8.783972129010522, 0.0 ], [ 115.188466971873368, -8.783965871527698, 0.0 ] ] } },
{ "type": "Feature", "properties": { "Kab_Kot": "Badung", "tanggal": "2025-12-28T12:00:00+07:00", "Ket": "Black Spot", "Propinsi": "Bali", "Wilayah": "Bali", "Segmen": "SEG_000017440", "coverage": "Black Link Blindspot", "Nm_Ruas": "Jl. Tugu Ngurah Rai - Nusa Dua", "last_update": "2025-12-31T15:07:50+07:00", "Satwil": "Polda Bali", "Status": "Jalan Nasional", "SkorBS": 35 }, "geometry": { "type": "LineString", "coordinates": [ [ 115.188466971873368, -8.783965871527698, 0.0 ], [ 115.188773796273722, -8.783930297045515, 0.0 ], [ 115.188922820232051, -8.783930297944835, 0.0 ], [ 115.18914243287702, -8.783927682716353, 0.0 ], [ 115.189398790921473, -8.78394029840598, 0.0 ], [ 115.189647019994027, -8.783982585427907, 0.0 ], [ 115.189930165244959, -8.784050296284079, 0.0 ], [ 115.190380164413114, -8.784170297321339, 0.0 ], [ 115.190553450281527, -8.78421361766425, 0.0 ], [ 115.190860164065384, -8.784290297459222, 0.0 ], [ 115.191420163809539, -8.784440296282582, 0.0 ], [ 115.191428010394475, -8.784442335045696, 0.0 ], [ 115.192180000106987, -8.784609999252041, 0.0 ], [ 115.192292674367536, -8.784639827066314, 0.0 ], [ 115.192519997799764, -8.784699999805127, 0.0 ], [ 115.192870000450171, -8.784790001257534, 0.0 ], [ 115.192906080351349, -8.784798148215941, 0.0 ] ] } },
{ "type": "Feature", "properties": { "Kab_Kot": "Badung", "tanggal": "2025-12-28T12:00:00+07:00", "Ket": "Black Spot", "Propinsi": "Bali", "Wilayah": "Bali", "Segmen": "SEG_000017441", "coverage": "Black Link Blindspot", "Nm_Ruas": "Jl. Tugu Ngurah Rai - Nusa Dua", "last_update": "2025-12-31T15:07:50+07:00", "Satwil": "Polda Bali", "Status": "Jalan Nasional", "SkorBS": 34 }, "geometry": { "type": "LineString", "coordinates": [ [ 115.205076471601956, -8.786758101005489, 0.0 ], [ 115.205190000218408, -8.786809999981472, 0.0 ], [ 115.205270000310293, -8.786850000027414, 0.0 ], [ 115.205504705377962, -8.786948424530124, 0.0 ], [ 115.205890000123418, -8.787110001225528, 0.0 ], [ 115.206300000145006, -8.787280000971236, 0.0 ], [ 115.206340063143443, -8.787293734518187, 0.0 ], [ 115.206650000097511, -8.78739999931048, 0.0 ], [ 115.206659999659337, -8.78739999931048, 0.0 ], [ 115.206670000120425, -8.787409999771626, 0.0 ], [ 115.206910002194945, -8.787479999402422, 0.0 ], [ 115.207149997974057, -8.787559999494363, 0.0 ], [ 115.207196699767906, -8.78757556585964, 0.0 ], [ 115.207570001154636, -8.787699997856578, 0.0 ], [ 115.207679999932111, -8.787739999701159, 0.0 ], [ 115.207820000992342, -8.787789999308984, 0.0 ], [ 115.20805084347171, -8.78787147608773, 0.0 ], [ 115.208159999584382, -8.787910001245507, 0.0 ], [ 115.208430002142904, -8.788020000022925, 0.0 ], [ 115.208660000158943, -8.788169999745662, 0.0 ], [ 115.208841957290588, -8.788297369827717, 0.0 ], [ 115.209219820038697, -8.788561873031995, 0.0 ] ] } },
{ "type": "Feature", "properties": { "Kab_Kot": "Kota Denpasar", "tanggal": "2025-12-28T12:00:00+07:00", "Ket": "Black Spot", "Propinsi": "Bali", "Wilayah": "Bali", "Segmen": "SEG_000017449", "coverage": "Black Link Blindspot", "Nm_Ruas": "Jl. Simpang Kuta - Simp. Pesanggaran", "last_update": "2025-12-31T15:07:50+07:00", "Satwil": "Polda Bali", "Status": "Jalan Nasional", "SkorBS": 44 }, "geometry": { "type": "LineString", "coordinates": [ [ 115.198993473470068, -8.719320155800517, 0.0 ], [ 115.19839562036168, -8.719543234432649, 0.0 ], [ 115.194760000373776, -8.720939999381415, 0.0 ], [ 115.194747592427461, -8.720944511280152, 0.0 ] ] } },
{ "type": "Feature", "properties": { "Kab_Kot": "Kota Denpasar", "tanggal": "2025-12-28T12:00:00+07:00", "Ket": "Black Spot", "Propinsi": "Bali", "Wilayah": "Bali", "Segmen": "SEG_000017470", "coverage": "Black Link Blindspot", "Nm_Ruas": "Jl. Simpang Pesanggaran - Simpang Sanur", "last_update": "2025-12-31T15:07:50+07:00", "Satwil": "Polda Bali", "Status": "Jalan Nasional", "SkorBS": 31 }, "geometry": { "type": "LineString", "coordinates": [ [ 115.24434175436852, -8.706379703860193, 0.0 ], [ 115.243497075129994, -8.707173422115716, 0.0 ], [ 115.243145933038477, -8.707476809307252, 0.0 ], [ 115.242991427712241, -8.707611648258933, 0.0 ], [ 115.242676806189706, -8.707827952298089, 0.0 ], [ 115.24244270906388, -8.707965818367768, 0.0 ], [ 115.242167413995048, -8.708109084866351, 0.0 ], [ 115.241748849729674, -8.70830853381176, 0.0 ], [ 115.241445465236097, -8.708440565979288, 0.0 ], [ 115.240541838135414, -8.708763109629786, 0.0 ] ] } },
{ "type": "Feature", "properties": { "Kab_Kot": "Kota Denpasar", "tanggal": "2025-12-28T12:00:00+07:00", "Ket": "Black Spot", "Propinsi": "Bali", "Wilayah": "Bali", "Segmen": "SEG_000017476", "coverage": "Black Link Blindspot", "Nm_Ruas": "Jl. Simpang Pesanggaran - Simpang Sanur", "last_update": "2025-12-31T15:07:50+07:00", "Satwil": "Polda Bali", "Status": "Jalan Nasional", "SkorBS": 30 }, "geometry": { "type": "LineString", "coordinates": [ [ 115.221906012052841, -8.714762741507286, 0.0 ], [ 115.221860000038987, -8.714789999958498, 0.0 ], [ 115.221665420023214, -8.714907077299756, 0.0 ], [ 115.221359672111248, -8.715091044416113, 0.0 ], [ 115.22088787067878, -8.715374924413197, 0.0 ], [ 115.22067999958233, -8.715500002123349, 0.0 ], [ 115.220585006892634, -8.715556995758675, 0.0 ], [ 115.220580000366795, -8.715560001292999, 0.0 ], [ 115.22052999985965, -8.715579999517331, 0.0 ], [ 115.22011000027635, -8.715839999816069, 0.0 ], [ 115.220109636050893, -8.715840212955413, 0.0 ], [ 115.219807586151205, -8.716016882972724, 0.0 ], [ 115.219580000116935, -8.716149999722688, 0.0 ], [ 115.219325500971195, -8.7162970433738, 0.0 ], [ 115.219130000049518, -8.716410000021426, 0.0 ], [ 115.219024378272479, -8.716468273392081, 0.0 ], [ 115.218840001065246, -8.716570002003948, 0.0 ], [ 115.218740000051071, -8.716629999374902, 0.0 ], [ 115.218543911872075, -8.716757455791878, 0.0 ], [ 115.218539999821246, -8.716759999973988, 0.0 ], [ 115.218241423103223, -8.716918981225945, 0.0 ], [ 115.217983133314988, -8.717056513647151, 0.0 ] ] } },
{ "type": "Feature", "properties": { "Kab_Kot": "Klungkung", "tanggal": "2025-12-28T12:00:00+07:00", "Ket": "Black Spot", "Propinsi": "Bali", "Wilayah": "Bali", "Segmen": "SEG_000017502", "coverage": "Black Link Blindspot", "Nm_Ruas": "Jl. Sp. Pantai Siut - Kosamba", "last_update": "2025-12-31T15:07:50+07:00", "Satwil": "Polda Bali", "Status": "Jalan Nasional", "SkorBS": 33 }, "geometry": { "type": "LineString", "coordinates": [ [ 115.454741613035026, -8.555312042516675, 0.0 ], [ 115.455141744795696, -8.555290718691651, 0.0 ], [ 115.45553816505435, -8.55526959271748, 0.0 ], [ 115.456044463581179, -8.555242611257484, 0.0 ], [ 115.456445261739532, -8.555221252358876, 0.0 ], [ 115.456947184165301, -8.555194504722579, 0.0 ], [ 115.457075161289708, -8.555187684264183, 0.0 ], [ 115.45735219115079, -8.555170097122243, 0.0 ], [ 115.457705159765396, -8.555147683318864, 0.0 ], [ 115.457849601677822, -8.555141537352029, 0.0 ], [ 115.458175159855841, -8.555127683295893, 0.0 ], [ 115.45825927074884, -8.55512237189987, 0.0 ], [ 115.458752157686035, -8.555091241867274, 0.0 ], [ 115.45912515869918, -8.55506768322698, 0.0 ], [ 115.459165889893939, -8.555065987105593, 0.0 ], [ 115.459280599320209, -8.555061207208894, 0.0 ] ] } },
{ "type": "Feature", "properties": { "Kab_Kot": "Gianyar", "tanggal": "2025-12-28T12:00:00+07:00", "Ket": "Black Spot", "Propinsi": "Bali", "Wilayah": "Bali", "Segmen": "SEG_000017519", "coverage": "Black Link Blindspot", "Nm_Ruas": "Jl. Sp. Tohpati - Sp. Pantai Siut", "last_update": "2025-12-31T15:07:50+07:00", "Satwil": "Polda Bali", "Status": "Jalan Nasional", "SkorBS": 31 }, "geometry": { "type": "LineString", "coordinates": [ [ 115.351769638058386, -8.582135084266667, 0.0 ], [ 115.351987128303335, -8.581987101723314, 0.0 ], [ 115.352077046118893, -8.581929881458791, 0.0 ], [ 115.352207126757548, -8.58184710156246, 0.0 ], [ 115.352375960981931, -8.581727924304232, 0.0 ], [ 115.352717127793312, -8.581487102048072, 0.0 ], [ 115.352822628161789, -8.581419035959698, 0.0 ], [ 115.353027126800498, -8.581287101818248, 0.0 ], [ 115.35312743718157, -8.581220230029544, 0.0 ], [ 115.353297128459758, -8.581107101611394, 0.0 ], [ 115.353477126868029, -8.580977101911685, 0.0 ], [ 115.353567128320378, -8.580917101842715, 0.0 ], [ 115.353571943290603, -8.580913634956232, 0.0 ], [ 115.353817128157971, -8.580737099837222, 0.0 ], [ 115.353870693577733, -8.580700630529634, 0.0 ], [ 115.354196700517377, -8.580478668855449, 0.0 ] ] } },
{ "type": "Feature", "properties": { "Kab_Kot": "Gianyar", "tanggal": "2025-12-28T12:00:00+07:00", "Ket": "Black Spot", "Propinsi": "Bali", "Wilayah": "Bali", "Segmen": "SEG_000017525", "coverage": "Black Link Blindspot", "Nm_Ruas": "Jl. Sp. Tohpati - Sp. Pantai Siut", "last_update": "2025-12-31T15:07:50+07:00", "Satwil": "Polda Bali", "Status": "Jalan Nasional", "SkorBS": 32 }, "geometry": { "type": "LineString", "coordinates": [ [ 115.330507440865745, -8.597590088311904, 0.0 ], [ 115.330547127048362, -8.597557102977873, 0.0 ], [ 115.330632641783041, -8.597490073807819, 0.0 ], [ 115.330917127023895, -8.597267101295643, 0.0 ], [ 115.331128894882681, -8.597101123318112, 0.0 ], [ 115.331287126100051, -8.596977102311371, 0.0 ], [ 115.331347127068284, -8.596937104064068, 0.0 ], [ 115.331349735102208, -8.596935323406399, 0.0 ], [ 115.331567128220399, -8.596787100744052, 0.0 ], [ 115.331868194261801, -8.596581495939233, 0.0 ], [ 115.331945405556098, -8.596528766889037, 0.0 ] ] } },
{ "type": "Feature", "properties": { "Kab_Kot": "Gianyar", "tanggal": "2025-12-28T12:00:00+07:00", "Ket": "Black Spot", "Propinsi": "Bali", "Wilayah": "Bali", "Segmen": "SEG_000017536", "coverage": "Black Link Blindspot", "Nm_Ruas": "Jl. Sp. Tohpati - Sp. Pantai Siut", "last_update": "2025-12-31T15:07:50+07:00", "Satwil": "Polda Bali", "Status": "Jalan Nasional", "SkorBS": 34 }, "geometry": { "type": "LineString", "coordinates": [ [ 115.283616139173546, -8.636740448512853, 0.0 ], [ 115.283867127366079, -8.636717102112527, 0.0 ], [ 115.284297129209222, -8.636647101582412, 0.0 ], [ 115.284419368658973, -8.636627201384215, 0.0 ], [ 115.284513694051839, -8.636611846359585, 0.0 ], [ 115.284727125656332, -8.636577101052353, 0.0 ], [ 115.285197129344056, -8.636507101421557, 0.0 ], [ 115.285313032170734, -8.636491053918974, 0.0 ], [ 115.285412063715853, -8.636477341056377, 0.0 ], [ 115.285847126943395, -8.636417099969151, 0.0 ], [ 115.28591712837283, -8.636407103105284, 0.0 ], [ 115.286205512174661, -8.636349425085825, 0.0 ], [ 115.286307856822191, -8.636328955616762, 0.0 ], [ 115.286417128048129, -8.636307102091052, 0.0 ], [ 115.286927128184516, -8.63614710100785, 0.0 ], [ 115.287070048444093, -8.636090598402347, 0.0 ], [ 115.287170911008843, -8.636050722462812, 0.0 ], [ 115.287357128228905, -8.635977101262142, 0.0 ], [ 115.287717126843972, -8.635797101954665, 0.0 ], [ 115.287882914165266, -8.635698665760742, 0.0 ], [ 115.287979271126574, -8.635641452690834, 0.0 ], [ 115.287984749796465, -8.635638199843015, 0.0 ] ] } },
{ "type": "Feature", "properties": { "Kab_Kot": "Gianyar", "tanggal": "2025-12-28T12:00:00+07:00", "Ket": "Black Spot", "Propinsi": "Bali", "Wilayah": "Bali", "Segmen": "SEG_000017571", "coverage": "Black Link Blindspot", "Nm_Ruas": "Jl. Sp. Tohpati - Sakah", "last_update": "2025-12-31T15:07:50+07:00", "Satwil": "Polda Bali", "Status": "Jalan Nasional", "SkorBS": 32 }, "geometry": { "type": "LineString", "coordinates": [ [ 115.256677691022674, -8.623538971945948, 0.0 ], [ 115.256673612597183, -8.623525376894577, 0.0 ], [ 115.256660000458737, -8.6234799998021, 0.0 ], [ 115.256440000205885, -8.622799999920005, 0.0 ], [ 115.256392996239811, -8.622666814821628, 0.0 ], [ 115.256380000136915, -8.622629999274977, 0.0 ], [ 115.256329999629884, -8.622510000036414, 0.0 ], [ 115.256289999583828, -8.622429999944472, 0.0 ], [ 115.256190000368292, -8.622269998861327, 0.0 ], [ 115.256079997993538, -8.622129999599736, 0.0 ], [ 115.255919997809656, -8.62190999934694, 0.0 ], [ 115.255916716183606, -8.621904088103122, 0.0 ], [ 115.255870000000527, -8.621819999693173, 0.0 ], [ 115.255809999931557, -8.62169999955529, 0.0 ], [ 115.255680000231905, -8.621369999625756, 0.0 ], [ 115.255609999701733, -8.621199999880048, 0.0 ], [ 115.255569999655791, -8.621109999326961, 0.0 ], [ 115.255557812043435, -8.621075461763098, 0.0 ], [ 115.25550999958682, -8.620939997782614, 0.0 ], [ 115.255379999887168, -8.620569998706401, 0.0 ], [ 115.25535999986414, -8.620540000020924, 0.0 ], [ 115.255267010863918, -8.620312175666299, 0.0 ] ] } },
{ "type": "Feature", "properties": { "Kab_Kot": "Buleleng", "tanggal": "2025-12-28T12:00:00+07:00", "Ket": "Black Spot", "Propinsi": "Bali", "Wilayah": "Bali", "Segmen": "SEG_000017739", "coverage": "Black Link Blindspot", "Nm_Ruas": "Jl. Cekik - Seririt", "last_update": "2025-12-31T15:07:50+07:00", "Satwil": "Polda Bali", "Status": "Jalan Nasional", "SkorBS": 35 }, "geometry": { "type": "LineString", "coordinates": [ [ 114.790791341547219, -8.185547408785851, 0.0 ], [ 114.790558382963013, -8.185457357870746, 0.0 ], [ 114.790410001120676, -8.185400000009963, 0.0 ], [ 114.789157287778721, -8.185038968973174, 0.0 ], [ 114.787982256975624, -8.184690079683378, 0.0 ], [ 114.786437554449662, -8.18424427585262, 0.0 ] ] } },
{ "type": "Feature", "properties": { "Kab_Kot": "Kota Denpasar", "tanggal": "2025-12-28T12:00:00+07:00", "Ket": "Black Spot", "Propinsi": "Bali", "Wilayah": "Bali", "Segmen": "SEG_000021411", "coverage": "Black Link Blindspot", "Nm_Ruas": "Jl. Sp. Buagan - Sp. Br. Abian Base", "last_update": "2025-12-31T15:07:50+07:00", "Satwil": "Polda Bali", "Status": "Jalan Nasional", "SkorBS": 30 }, "geometry": { "type": "LineString", "coordinates": [ [ 115.18330149716644, -8.705495431069266, 0.0 ], [ 115.183279999772253, -8.705519999648232, 0.0 ], [ 115.182949999842663, -8.705789999508852, 0.0 ], [ 115.182690001342507, -8.705989999738676, 0.0 ], [ 115.182599999890158, -8.706069999830561, 0.0 ] ] } },
{ "type": "Feature", "properties": { "Kab_Kot": "Tabanan", "tanggal": "2025-12-28T12:00:00+07:00", "Ket": "Black Spot", "Propinsi": "Bali", "Wilayah": "Bali", "Segmen": "SEG_000028373", "coverage": "Black Link Blindspot", "Nm_Ruas": "Jl. Simp. Kediri - Pesiapan (Tabanan)", "last_update": "2025-12-31T15:07:50+07:00", "Satwil": "Polda Bali", "Status": "Jalan Nasional", "SkorBS": 41 }, "geometry": { "type": "LineString", "coordinates": [ [ 115.115675571170755, -8.545773197974654, 0.0 ], [ 115.115669999870647, -8.545769999985453, 0.0 ], [ 115.115359999964085, -8.545599999340425, 0.0 ], [ 115.115119999688318, -8.54546000007889, 0.0 ], [ 115.115095290815134, -8.545439342651491, 0.0 ], [ 115.115017973400768, -8.545374703879418, 0.0 ], [ 115.11491085605121, -8.545287064046704, 0.0 ] ] } },
{ "type": "Feature", "properties": { "Kab_Kot": "Badung, Tabanan", "tanggal": "2025-12-28T12:00:00+07:00", "Ket": "Black Spot", "Propinsi": "Bali", "Wilayah": "Bali", "Segmen": "SEG_000029974", "coverage": "Black Link Blindspot", "Nm_Ruas": "Jl. Br. Taman Tanda - Mengwitani", "last_update": "2025-12-31T15:07:50+07:00", "Satwil": "Polda Bali", "Status": "Jalan Nasional", "SkorBS": 44 }, "geometry": { "type": "LineString", "coordinates": [ [ 115.17221642035156, -8.528110464426334, 0.0 ], [ 115.172400746297512, -8.527555906479847, 0.0 ], [ 115.172403930796804, -8.527546310713603, 0.0 ], [ 115.172499831801815, -8.527257568981554, 0.0 ] ] } },
{ "type": "Feature", "properties": { "Kab_Kot": "Gianyar", "tanggal": "2025-12-28T12:00:00+07:00", "Ket": "Black Spot", "Propinsi": "Bali", "Wilayah": "Bali", "Segmen": "SEG_000034266", "coverage": "Black Link Blindspot", "Nm_Ruas": "Jl. Sp. Tohpati - Sp. Pantai Siut", "last_update": "2025-12-31T15:07:50+07:00", "Satwil": "Polda Bali", "Status": "Jalan Nasional", "SkorBS": 37 }, "geometry": { "type": "LineString", "coordinates": [ [ 115.298515007861397, -8.622807565916389, 0.0 ], [ 115.298607128116487, -8.622687101728332, 0.0 ], [ 115.298667127286194, -8.622617102097536, 0.0 ], [ 115.298769763313999, -8.62248745673071, 0.0 ], [ 115.298861528336943, -8.622371544011514, 0.0 ], [ 115.299075430286962, -8.62210135079664, 0.0 ] ] } },
{ "type": "Feature", "properties": { "Kab_Kot": "Kota Denpasar", "tanggal": "2025-12-28T12:00:00+07:00", "Ket": "Black Spot", "Propinsi": "Bali", "Wilayah": "Bali", "Segmen": "SEG_000035514", "coverage": "Black Link Blindspot", "Nm_Ruas": "Jl. Sekar Sari", "last_update": "2025-12-31T15:07:50+07:00", "Satwil": "Polda Bali", "Status": "Jalan Kota", "SkorBS": 33 }, "geometry": { "type": "LineString", "coordinates": [ [ 115.263071348264134, -8.650071958054355, 0.0 ], [ 115.263040999742429, -8.649921999700496, 0.0 ], [ 115.262974000249983, -8.649685999609176, 0.0 ], [ 115.262938000388431, -8.64952999960974, 0.0 ], [ 115.262887308302652, -8.649187101603388, 0.0 ] ] } },
{ "type": "Feature", "properties": { "Kab_Kot": "Tabanan", "tanggal": "2025-12-28T12:00:00+07:00", "Ket": "Black Spot", "Propinsi": "Bali", "Wilayah": "Bali", "Segmen": "SEG_000037500", "coverage": "Black Link Blindspot", "Nm_Ruas": "Jl. A. Yani (Tabanan)", "last_update": "2025-12-31T15:07:50+07:00", "Satwil": "Polda Bali", "Status": "Jalan Nasional", "SkorBS": 32 }, "geometry": { "type": "LineString", "coordinates": [ [ 115.144119030269053, -8.55616411238384, 0.0 ], [ 115.144034550654055, -8.556127275253516, 0.0 ], [ 115.144019997824671, -8.556119999738144, 0.0 ], [ 115.143981347661111, -8.556103895578246, 0.0 ], [ 115.143900002183386, -8.556069999231056, 0.0 ], [ 115.143285713065211, -8.555811820958752, 0.0 ] ] } },
{ "type": "Feature", "properties": { "Kab_Kot": "Jembrana", "tanggal": "2025-12-28T12:00:00+07:00", "Ket": "Black Spot", "Propinsi": "Bali", "Wilayah": "Bali", "Segmen": "SEG_000040261", "coverage": "Black Link Blindspot", "Nm_Ruas": "Jl. Bts. Kota Negara - Pekutatan", "last_update": "2025-12-31T15:07:50+07:00", "Satwil": "Polda Bali", "Status": "Jalan Nasional", "SkorBS": 32 }, "geometry": { "type": "LineString", "coordinates": [ [ 114.706406577101916, -8.385275751075028, 0.0 ], [ 114.705846094421759, -8.384564494355857, 0.0 ], [ 114.705843829928881, -8.38456162102193, 0.0 ] ] } },
{ "type": "Feature", "properties": { "Kab_Kot": "Kota Bandung", "tanggal": "2025-12-28T12:00:00+07:00", "Ket": "Black Spot", "Propinsi": "Jawa Barat", "Wilayah": "Bandung", "Segmen": "SEG_000044052", "coverage": "Black Link Blindspot", "Nm_Ruas": "Jl. A.H. Nasution", "last_update": "2025-12-31T15:07:50+07:00", "Satwil": "Polrestabes Bandung", "Status": "Jalan Nasional", "SkorBS": 40 }, "geometry": { "type": "LineString", "coordinates": [ [ 107.672213132130423, -6.904631985677554, 0.0 ], [ 107.672179100884875, -6.904613299564062, 0.0 ], [ 107.672000200548894, -6.904519299725848, 0.0 ], [ 107.67185330078928, -6.904451300187304, 0.0 ], [ 107.671805200549613, -6.90442909952327, 0.0 ], [ 107.671782000738801, -6.904418599938367, 0.0 ], [ 107.671728500070287, -6.904394300256683, 0.0 ], [ 107.67145890040797, -6.904296300234023, 0.0 ], [ 107.671354700459119, -6.904271899828245, 0.0 ], [ 107.671260500072094, -6.904251599431745, 0.0 ], [ 107.671153000510628, -6.904241699694637, 0.0 ], [ 107.671057100404937, -6.904241299496334, 0.0 ], [ 107.670956700091722, -6.904240400174274, 0.0 ], [ 107.670782900710378, -6.904244099985192, 0.0 ], [ 107.670403500121495, -6.904241599869863, 0.0 ], [ 107.67039580012613, -6.904241500045146, 0.0 ], [ 107.670369700001686, -6.904240900197351, 0.0 ], [ 107.669868600455629, -6.904229999514826, 0.0 ], [ 107.669790800105375, -6.904228299796159, 0.0 ], [ 107.669696200419367, -6.904226299703907, 0.0 ], [ 107.669494700120367, -6.904221900220477, 0.0 ], [ 107.669430100019156, -6.904220400151303, 0.0 ], [ 107.669320300891229, -6.904217999860748, 0.0 ], [ 107.669297000356323, -6.904217999860748, 0.0 ], [ 107.668261700816913, -6.90420989966708, 0.0 ], [ 107.667917500592239, -6.904204099939193, 0.0 ], [ 107.667762034790144, -6.904201477516153, 0.0 ] ] } },
{ "type": "Feature", "properties": { "Kab_Kot": "Kota Bandung", "tanggal": "2025-12-28T12:00:00+07:00", "Ket": "Black Spot", "Propinsi": "Jawa Barat", "Wilayah": "Bandung", "Segmen": "SEG_000044085", "coverage": "Black Link Blindspot", "Nm_Ruas": "Jl. Ahmad Yani", "last_update": "2025-12-31T15:07:50+07:00", "Satwil": "Polrestabes Bandung", "Status": "Jalan Kota", "SkorBS": 33 }, "geometry": { "type": "LineString", "coordinates": [ [ 107.644596613143221, -6.9079917386278, 0.0 ], [ 107.644752500727407, -6.907909400298536, 0.0 ], [ 107.644936600044105, -6.907812099948387, 0.0 ], [ 107.645420000033027, -6.907556799506665, 0.0 ], [ 107.645657700742333, -6.907430999640894, 0.0 ], [ 107.64571500014722, -6.907400699682512, 0.0 ], [ 107.645778900575863, -6.907367199936289, 0.0 ], [ 107.645857500423347, -6.907324699775018, 0.0 ], [ 107.64593950060754, -6.907281599765952, 0.0 ], [ 107.646281900389454, -6.907101599559098, 0.0 ], [ 107.646565300148552, -6.90695179948591, 0.0 ], [ 107.646916800170231, -6.90676620009998, 0.0 ], [ 107.646953200230087, -6.906746999574352, 0.0 ], [ 107.647059800469492, -6.90669070021562, 0.0 ], [ 107.647341600334641, -6.906544000105498, 0.0 ], [ 107.647354100011739, -6.906537599630497, 0.0 ], [ 107.647393700758755, -6.90651869947834, 0.0 ], [ 107.647437900638636, -6.906495599492303, 0.0 ], [ 107.647499200227969, -6.90646349999048, 0.0 ], [ 107.647581500785691, -6.906420399981414, 0.0 ], [ 107.647873100563174, -6.906267499945102, 0.0 ], [ 107.648142883687171, -6.90612562289914, 0.0 ] ] } },
{ "type": "Feature", "properties": { "Kab_Kot": "Kota Bandung", "tanggal": "2025-12-28T12:00:00+07:00", "Ket": "Black Spot", "Propinsi": "Jawa Barat", "Wilayah": "Bandung", "Segmen": "SEG_000044671", "coverage": "Black Link Blindspot", "Nm_Ruas": "Jl. Kopo", "last_update": "2025-12-31T15:07:50+07:00", "Satwil": "Polrestabes Bandung", "Status": "Jalan Provinsi", "SkorBS": 40 }, "geometry": { "type": "LineString", "coordinates": [ [ 107.592659336858958, -6.940949244911678, 0.0 ], [ 107.593089600404824, -6.940297900127916, 0.0 ], [ 107.593140000210894, -6.94021680016516, 0.0 ], [ 107.593214800422743, -6.940096200179426, 0.0 ], [ 107.593235600842377, -6.940062800257977, 0.0 ], [ 107.593309400108808, -6.939943999815682, 0.0 ], [ 107.593440400753934, -6.939733099802652, 0.0 ], [ 107.593600500762534, -6.939475200320203, 0.0 ], [ 107.593768800789576, -6.939164199468166, 0.0 ], [ 107.59390920024947, -6.938912099713605, 0.0 ], [ 107.59399870077948, -6.938751999704948, 0.0 ], [ 107.594081400636185, -6.938604199724011, 0.0 ], [ 107.59410150048393, -6.938569600106916, 0.0 ], [ 107.594148000829648, -6.93848719972442, 0.0 ], [ 107.594204000714114, -6.938388099830888, 0.0 ], [ 107.594516241731242, -6.93782684643179, 0.0 ] ] } },
{ "type": "Feature", "properties": { "Kab_Kot": "Kota Bandung", "tanggal": "2025-12-28T12:00:00+07:00", "Ket": "Black Spot", "Propinsi": "Jawa Barat", "Wilayah": "Bandung", "Segmen": "SEG_000044783", "coverage": "Black Link Blindspot", "Nm_Ruas": "Jl. Mochamad Toha", "last_update": "2025-12-31T15:07:50+07:00", "Satwil": "Polrestabes Bandung", "Status": "Jalan Provinsi", "SkorBS": 37 }, "geometry": { "type": "LineString", "coordinates": [ [ 107.607578275716889, -6.942950498166908, 0.0 ], [ 107.607568900284605, -6.942922799947212, 0.0 ], [ 107.607498900653809, -6.942715900118628, 0.0 ], [ 107.607415100026913, -6.942468000198005, 0.0 ], [ 107.607404400792518, -6.942436499644714, 0.0 ], [ 107.607326700267038, -6.942206699479527, 0.0 ], [ 107.607287100419398, -6.942085700194866, 0.0 ], [ 107.607210300115298, -6.94185149964693, 0.0 ], [ 107.607173600581234, -6.941739300228448, 0.0 ], [ 107.60700940056347, -6.941238099958298, 0.0 ], [ 107.606932000411575, -6.941001900217486, 0.0 ], [ 107.606898200291766, -6.940898599590639, 0.0 ], [ 107.606859212882455, -6.940779575217164, 0.0 ] ] } },
{ "type": "Feature", "properties": { "Kab_Kot": "Kota Bandung", "tanggal": "2025-12-28T12:00:00+07:00", "Ket": "Black Spot", "Propinsi": "Jawa Barat", "Wilayah": "Bandung", "Segmen": "SEG_000044939", "coverage": "Black Link Blindspot", "Nm_Ruas": "Jl. Rancasawo", "last_update": "2025-12-31T15:07:50+07:00", "Satwil": "Polrestabes Bandung", "Status": "Jalan Kota", "SkorBS": 32 }, "geometry": { "type": "LineString", "coordinates": [ [ 107.66441098188136, -6.960627942825226, 0.0 ], [ 107.664611500120714, -6.960680400280182, 0.0 ], [ 107.664730200738234, -6.96071099971283, 0.0 ], [ 107.665086900640006, -6.960803499481869, 0.0 ], [ 107.665558300075531, -6.96092930024696, 0.0 ], [ 107.665826600217486, -6.961003999734771, 0.0 ], [ 107.665970700387561, -6.961039799946775, 0.0 ], [ 107.666041600239737, -6.961058399725346, 0.0 ], [ 107.666302200386326, -6.961127000011004, 0.0 ], [ 107.666321100538426, -6.961132699914117, 0.0 ], [ 107.666423800418102, -6.961156299923232, 0.0 ], [ 107.667003400886301, -6.961289100111856, 0.0 ], [ 107.667172000387552, -6.961328000286926, 0.0 ], [ 107.667608300182962, -6.961429700120505, 0.0 ], [ 107.668092100370188, -6.961477699636077, 0.0 ], [ 107.668139100738983, -6.961482500217187, 0.0 ], [ 107.668413500083034, -6.961523000286206, 0.0 ], [ 107.668621300132941, -6.961566100295272, 0.0 ], [ 107.668826672013381, -6.961608898132113, 0.0 ] ] } },
{ "type": "Feature", "properties": { "Kab_Kot": "Kota Bandung", "tanggal": "2025-12-28T12:00:00+07:00", "Ket": "Black Spot", "Propinsi": "Jawa Barat", "Wilayah": "Bandung", "Segmen": "SEG_000045026", "coverage": "Black Link Blindspot", "Nm_Ruas": "Jl. Soekarno Hatta", "last_update": "2025-12-31T15:07:50+07:00", "Satwil": "Polrestabes Bandung", "Status": "Jalan Nasional", "SkorBS": 31 }, "geometry": { "type": "LineString", "coordinates": [ [ 107.576391048907851, -6.931591379038878, 0.0 ], [ 107.576503300486991, -6.931955799620425, 0.0 ], [ 107.576586700016264, -6.932175799873221, 0.0 ], [ 107.576626900611018, -6.932281800264832, 0.0 ], [ 107.576671000666181, -6.932390100222904, 0.0 ], [ 107.576732900103309, -6.932542500236138, 0.0 ], [ 107.576819000296666, -6.932755500166138, 0.0 ], [ 107.576953000180879, -6.933087399463886, 0.0 ], [ 107.577058900747716, -6.933305999472225, 0.0 ], [ 107.577127100835071, -6.933446899854516, 0.0 ], [ 107.577359100741944, -6.933926199834218, 0.0 ], [ 107.577467799999056, -6.934135099754997, 0.0 ], [ 107.577519000201733, -6.934239600077433, 0.0 ], [ 107.577829600855466, -6.934749899688086, 0.0 ], [ 107.578352400143217, -6.935524399431415, 0.0 ], [ 107.57841835012681, -6.935618469416795, 0.0 ] ] } },
{ "type": "Feature", "properties": { "Kab_Kot": "Kota Bandung", "tanggal": "2025-12-28T12:00:00+07:00", "Ket": "Black Spot", "Propinsi": "Jawa Barat", "Wilayah": "Bandung", "Segmen": "SEG_000045065", "coverage": "Black Link Blindspot", "Nm_Ruas": "Jl. Soekarno Hatta", "last_update": "2025-12-31T15:07:50+07:00", "Satwil": "Polrestabes Bandung", "Status": "Jalan Nasional", "SkorBS": 32 }, "geometry": { "type": "LineString", "coordinates": [ [ 107.67825338728403, -6.938012917062451, 0.0 ], [ 107.678442900519485, -6.938000000099862, 0.0 ], [ 107.68058690046513, -6.937851999570057, 0.0 ], [ 107.681288400439371, -6.937803299482653, 0.0 ], [ 107.682152100339238, -6.937732199980985, 0.0 ], [ 107.682771560559161, -6.937692976949279, 0.0 ] ] } },
{ "type": "Feature", "properties": { "Kab_Kot": "Kota Surakarta", "tanggal": "2025-12-28T12:00:00+07:00", "Ket": "Black Spot", "Propinsi": "Jawa Tengah", "Wilayah": "Surakarta", "Segmen": "SEG_000050018", "coverage": "Black Link Blindspot", "Nm_Ruas": "Jl. Dr. Rajiman", "last_update": "2025-12-31T15:07:50+07:00", "Satwil": "Polresta Surakarta", "Status": "Jalan Kota", "SkorBS": 33 }, "geometry": { "type": "LineString", "coordinates": [ [ 110.788632112332635, -7.568380500899148, 0.0 ], [ 110.788692403831419, -7.568389288734636, 0.0 ], [ 110.788989789846994, -7.568444480128619, 0.0 ], [ 110.789379422022762, -7.568512884362065, 0.0 ], [ 110.789399895988481, -7.56851647805297, 0.0 ], [ 110.789525713791818, -7.568536717599503, 0.0 ] ] } },
{ "type": "Feature", "properties": { "Kab_Kot": "Kota Surakarta", "tanggal": "2025-12-28T12:00:00+07:00", "Ket": "Black Spot", "Propinsi": "Jawa Tengah", "Wilayah": "Surakarta", "Segmen": "SEG_000051232", "coverage": "Black Link Blindspot", "Nm_Ruas": "Jl. Sutami", "last_update": "2025-12-31T15:07:50+07:00", "Satwil": "Polresta Surakarta", "Status": "Jalan Nasional", "SkorBS": 51 }, "geometry": { "type": "LineString", "coordinates": [ [ 110.851924709058153, -7.563624287530786, 0.0 ], [ 110.85194857616591, -7.563635835725165, 0.0 ], [ 110.852052649310394, -7.563684242633656, 0.0 ], [ 110.852180925909067, -7.563718128189009, 0.0 ], [ 110.852322623989949, -7.563748063921992, 0.0 ], [ 110.85235276926494, -7.563754432920689, 0.0 ], [ 110.852497988191658, -7.563766534198123, 0.0 ], [ 110.852660151245061, -7.563759273071923, 0.0 ], [ 110.852824731676094, -7.563747171794489, 0.0 ], [ 110.853040140889846, -7.563725389315209, 0.0 ], [ 110.853223840008297, -7.563703519601688, 0.0 ], [ 110.853243447926843, -7.563701185860964, 0.0 ], [ 110.853412871207126, -7.56370360593661, 0.0 ], [ 110.853635539748439, -7.563742330743935, 0.0 ], [ 110.854078458554056, -7.563860927040082, 0.0 ], [ 110.854109085865673, -7.563868713370368, 0.0 ], [ 110.854364058054898, -7.563933537402761, 0.0 ], [ 110.854521379158371, -7.563981943411932, 0.0 ], [ 110.854688380564369, -7.564047291749091, 0.0 ], [ 110.854823919188561, -7.564102958884405, 0.0 ], [ 110.854962049658923, -7.564165549900167, 0.0 ], [ 110.854978820216445, -7.564173149171438, 0.0 ], [ 110.855218431985122, -7.564301425770111, 0.0 ], [ 110.855622625983472, -7.564511993933309, 0.0 ], [ 110.855768124599308, -7.564576239701637, 0.0 ], [ 110.855808990692424, -7.564594284598513, 0.0 ], [ 110.855934847215508, -7.564649952633147, 0.0 ], [ 110.856094589293946, -7.564703199692872, 0.0 ], [ 110.856236882812453, -7.564734326632384, 0.0 ] ] } },
{ "type": "Feature", "properties": { "Kab_Kot": "Kota Surakarta", "tanggal": "2025-12-28T12:00:00+07:00", "Ket": "Black Spot", "Propinsi": "Jawa Tengah", "Wilayah": "Surakarta", "Segmen": "SEG_000051257", "coverage": "Black Link Blindspot", "Nm_Ruas": "Jl. Lingkar Utara Surakarta", "last_update": "2025-12-31T15:07:50+07:00", "Satwil": "Polresta Surakarta", "Status": "Jalan Nasional", "SkorBS": 32 }, "geometry": { "type": "LineString", "coordinates": [ [ 110.852627964508997, -7.541718737829456, 0.0 ], [ 110.852778021788311, -7.541721987979315, 0.0 ], [ 110.85385444822424, -7.541736058772074, 0.0 ], [ 110.854776095040791, -7.541757164961155, 0.0 ], [ 110.855429904866298, -7.541754706214647, 0.0 ] ] } },
{ "type": "Feature", "properties": { "Kab_Kot": "Bantul", "tanggal": "2025-12-28T12:00:00+07:00", "Ket": "Black Spot", "Propinsi": "Daerah Istimewa Yogyakarta", "Wilayah": "Yogyakarta", "Segmen": "SEG_000051435", "coverage": "Black Link Blindspot", "Nm_Ruas": "Jl. Bantul - Srandakan", "last_update": "2025-12-31T15:07:50+07:00", "Satwil": "Polda DI Yogyakarta", "Status": "Jalan Provinsi", "SkorBS": 52 }, "geometry": { "type": "LineString", "coordinates": [ [ 110.285320949901973, -7.916108315046642, -0.000023499999088 ], [ 110.285081061142137, -7.916470779602776, -0.000023499999088 ], [ 110.284708368596398, -7.916953220914365, -0.000023499999088 ], [ 110.284623683036614, -7.917086370039897, -0.000023499999088 ], [ 110.284522795290854, -7.917245084193212, -0.000023499999088 ], [ 110.284100220049197, -7.917849340474618, -0.000023499999088 ], [ 110.283861357415788, -7.918156485033705, -0.000023499999088 ], [ 110.283745654238601, -7.918317072474849, -0.000023499999088 ], [ 110.283669863873172, -7.91842219602745, -0.000023499999088 ], [ 110.28352699487499, -7.918620362539627, -0.000023499999088 ], [ 110.283421621310822, -7.918784583241859, -0.000023499999088 ], [ 110.283210233865248, -7.91911402109514, -0.000023499999088 ], [ 110.28271957724678, -7.919825963097651, -0.000023499999088 ] ] } },
{ "type": "Feature", "properties": { "Kab_Kot": "Bantul", "tanggal": "2025-12-28T12:00:00+07:00", "Ket": "Black Spot", "Propinsi": "Daerah Istimewa Yogyakarta", "Wilayah": "Yogyakarta", "Segmen": "SEG_000051441", "coverage": "Black Link Blindspot", "Nm_Ruas": "Jl. Bantul - Srandakan", "last_update": "2025-12-31T15:07:50+07:00", "Satwil": "Polda DI Yogyakarta", "Status": "Jalan Provinsi", "SkorBS": 40 }, "geometry": { "type": "LineString", "coordinates": [ [ 110.264926956413944, -7.932226225559816, -0.000023499999088 ], [ 110.264558981711673, -7.932450395968942, -0.000023499999088 ], [ 110.264347629339682, -7.932587566862651, -0.000023499999088 ], [ 110.263983876954399, -7.932841047076636, -0.000023499999088 ], [ 110.263914773947704, -7.9328892012756, -0.000023499999088 ], [ 110.262885347880569, -7.933636865249071, -0.000023499999088 ], [ 110.262467225182377, -7.933940513244067, -0.000023499999088 ], [ 110.262195153283756, -7.934104613437114, -0.000023499999088 ], [ 110.262020560700364, -7.934265812417266, -0.000023499999088 ], [ 110.261691935834222, -7.934511741923302, -0.000023499999088 ], [ 110.261288701412525, -7.934813516630413, -0.000023499999088 ], [ 110.261229907334439, -7.934852734266201, -0.000023499999088 ] ] } },
{ "type": "Feature", "properties": { "Kab_Kot": "Gunungkidul", "tanggal": "2025-12-28T12:00:00+07:00", "Ket": "Black Spot", "Propinsi": "Daerah Istimewa Yogyakarta", "Wilayah": "Yogyakarta", "Segmen": "SEG_000052149", "coverage": "Black Link Blindspot", "Nm_Ruas": "Jl. Semin - Bulu", "last_update": "2025-12-31T15:07:50+07:00", "Satwil": "Polda DI Yogyakarta", "Status": "Jalan Provinsi", "SkorBS": 31 }, "geometry": { "type": "LineString", "coordinates": [ [ 110.726762753098626, -7.831839704338847, -0.000023499999088 ], [ 110.726664471588151, -7.831588976050341, -0.000023499999088 ], [ 110.726125013258809, -7.830151313532269, -0.000023499999088 ], [ 110.725944918623156, -7.829788000915471, -0.000023499999088 ], [ 110.725918196167868, -7.829705686867896, -0.000023499999088 ], [ 110.725907090439932, -7.829647076251547, -0.000023499999088 ], [ 110.725841446225843, -7.829492567328089, -0.000023499999088 ], [ 110.72574291830108, -7.829184747378122, -0.000023499999088 ], [ 110.725612913205453, -7.828858275488983, -0.000023499999088 ], [ 110.725181186462635, -7.827589109949429, -0.000023499999088 ] ] } },
{ "type": "Feature", "properties": { "Kab_Kot": "Bantul", "tanggal": "2025-12-28T12:00:00+07:00", "Ket": "Black Spot", "Propinsi": "Daerah Istimewa Yogyakarta", "Wilayah": "Yogyakarta", "Segmen": "SEG_000052688", "coverage": "Black Link Blindspot", "Nm_Ruas": "Jl. Palbapang - Samas", "last_update": "2025-12-31T15:07:50+07:00", "Satwil": "Polda DI Yogyakarta", "Status": "Jalan Provinsi", "SkorBS": 37 }, "geometry": { "type": "LineString", "coordinates": [ [ 110.295632545006015, -7.949738689588798, -0.000023499999088 ], [ 110.29568322809854, -7.949668778091564, -0.000023499999088 ], [ 110.295859383703657, -7.949377257454444, -0.000023499999088 ], [ 110.296120617872305, -7.948943813006508, -0.000023499999088 ], [ 110.296515593819663, -7.948347277404878, -0.000023499999088 ], [ 110.297429542439488, -7.947044269477431, -0.000023499999088 ], [ 110.297742253802028, -7.946516591367526, -0.000023499999088 ], [ 110.297907545596786, -7.946277137879576, -0.000023499999088 ], [ 110.298127551245557, -7.945948834970693, -0.000023499999088 ] ] } },
{ "type": "Feature", "properties": { "Kab_Kot": "Bantul", "tanggal": "2025-12-28T12:00:00+07:00", "Ket": "Black Spot", "Propinsi": "Daerah Istimewa Yogyakarta", "Wilayah": "Yogyakarta", "Segmen": "SEG_000052772", "coverage": "Black Link Blindspot", "Nm_Ruas": "Jl. Yogyakarta - Barongan", "last_update": "2025-12-31T15:07:50+07:00", "Satwil": "Polda DI Yogyakarta", "Status": "Jalan Provinsi", "SkorBS": 35 }, "geometry": { "type": "LineString", "coordinates": [ [ 110.389502620949258, -7.864146798435968, -0.000023499999088 ], [ 110.389560736039186, -7.864374219894273, -0.000023499999088 ], [ 110.389780230873043, -7.865291476220591, -0.000023499999088 ], [ 110.389882351589335, -7.865692343626733, -0.000023499999088 ], [ 110.390000395701747, -7.866195064650469, -0.000023499999088 ], [ 110.3901244778624, -7.866687894930351, -0.000023499999088 ], [ 110.390206201954697, -7.86697889486004, -0.000023499999088 ], [ 110.390313863394169, -7.867410323027912, -0.000023499999088 ], [ 110.390416002096856, -7.86778290135976, -0.000023499999088 ], [ 110.390605098046876, -7.868550154366062, -0.000023499999088 ] ] } },
{ "type": "Feature", "properties": { "Kab_Kot": "Bantul", "tanggal": "2025-12-28T12:00:00+07:00", "Ket": "Black Spot", "Propinsi": "Daerah Istimewa Yogyakarta", "Wilayah": "Yogyakarta", "Segmen": "SEG_000052787", "coverage": "Black Link Blindspot", "Nm_Ruas": "Jl. Yogyakarta - Bakulan (Parangtritis)", "last_update": "2025-12-31T15:07:50+07:00", "Satwil": "Polda DI Yogyakarta", "Status": "Jalan Provinsi", "SkorBS": 33 }, "geometry": { "type": "LineString", "coordinates": [ [ 110.363018609221513, -7.841173571802869, -0.000023499999088 ], [ 110.363426344750053, -7.840307065118907, -0.000023499999088 ], [ 110.36391746991535, -7.839265804872923, -0.000023499999088 ], [ 110.36427536411685, -7.838506022534887, -0.000023499999088 ], [ 110.364604742614858, -7.837821248152011, -0.000023499999088 ], [ 110.364954893653476, -7.83706765674691, -0.000023499999088 ] ] } },
{ "type": "Feature", "properties": { "Kab_Kot": "Bantul", "tanggal": "2025-12-28T12:00:00+07:00", "Ket": "Black Spot", "Propinsi": "Daerah Istimewa Yogyakarta", "Wilayah": "Yogyakarta", "Segmen": "SEG_000054559", "coverage": "Black Link Blindspot", "Nm_Ruas": "Jl. Ngipik - Salakan", "last_update": "2025-12-31T15:07:50+07:00", "Satwil": "Polda DI Yogyakarta", "Status": "Jalan Kabupaten", "SkorBS": 44 }, "geometry": { "type": "LineString", "coordinates": [ [ 110.413869220288348, -7.829387280998162, -0.000023499999088 ], [ 110.414140999907261, -7.829411000617142, -0.000023499999088 ], [ 110.414998999903958, -7.829458000086561, -0.000023499999088 ], [ 110.415736999762771, -7.829517000109433, -0.000023499999088 ], [ 110.416291000129604, -7.829568999809453, -0.000023499999088 ], [ 110.416445000036788, -7.829587999786327, -0.000023499999088 ], [ 110.416675999897564, -7.829627999832269, -0.000023499999088 ], [ 110.416817401202138, -7.829650514359685, -0.000023499999088 ], [ 110.417705999732163, -7.829792000200598, -0.000023499999088 ], [ 110.417838000423444, -7.829813000269723, -0.000023499999088 ], [ 110.417994000422823, -7.82984599999287, -0.000023499999088 ], [ 110.418142000053308, -7.829872000292539, -0.000023499999088 ], [ 110.418256999960647, -7.829873000338637, -0.000023499999088 ], [ 110.418297000006589, -7.82986900015419, -0.000023499999088 ], [ 110.418376284238207, -7.829862393734459, -0.000023499999088 ] ] } },
{ "type": "Feature", "properties": { "Kab_Kot": "Bantul", "tanggal": "2025-12-28T12:00:00+07:00", "Ket": "Black Spot", "Propinsi": "Daerah Istimewa Yogyakarta", "Wilayah": "Yogyakarta", "Segmen": "SEG_000054872", "coverage": "Black Link Blindspot", "Nm_Ruas": "Jl. Gose - Palbapang", "last_update": "2025-12-31T15:07:50+07:00", "Satwil": "Polda DI Yogyakarta", "Status": "Jalan Kabupaten", "SkorBS": 32 }, "geometry": { "type": "LineString", "coordinates": [ [ 110.32318489017058, -7.89716064454808, -0.000023499999088 ], [ 110.322802000212221, -7.898090000353193, -0.000023499999088 ], [ 110.322489320325928, -7.898781713005576, -0.000023499999088 ], [ 110.322457999637038, -7.898851000373327, -0.000023499999088 ], [ 110.322143999546029, -7.899536000485966, -0.000023499999088 ], [ 110.321961000100146, -7.899997000161363, -0.000023499999088 ], [ 110.321879999962107, -7.900200000529537, -0.000023499999088 ], [ 110.321867000261932, -7.900311000252429, -0.000023499999088 ], [ 110.321833999639409, -7.900632000666235, -0.000023499999088 ], [ 110.321791000354438, -7.901295000663708, -0.000023499999088 ], [ 110.321784041400463, -7.901427208199038, -0.000023499999088 ] ] } },
{ "type": "Feature", "properties": { "Kab_Kot": "Kulon Progo", "tanggal": "2025-12-28T12:00:00+07:00", "Ket": "Black Spot", "Propinsi": "Daerah Istimewa Yogyakarta", "Wilayah": "Yogyakarta", "Segmen": "SEG_000061613", "coverage": "Black Link Blindspot", "Nm_Ruas": "Jl. Sp. Kalimenur - Cemetuk", "last_update": "2025-12-31T15:07:50+07:00", "Satwil": "Polda DI Yogyakarta", "Status": "Jalan Kabupaten", "SkorBS": 31 }, "geometry": { "type": "LineString", "coordinates": [ [ 110.210386826291085, -7.86633867918664, -0.000023499999088 ], [ 110.210360000413743, -7.866329999829588, -0.000023499999088 ], [ 110.210020000023064, -7.86622000015285, -0.000023499999088 ], [ 110.209879999862153, -7.86616000008388, -0.000023499999088 ], [ 110.209532945189324, -7.86603541700083, -0.000023499999088 ] ] } },
{ "type": "Feature", "properties": { "Kab_Kot": "Bantul", "tanggal": "2025-12-28T12:00:00+07:00", "Ket": "Black Spot", "Propinsi": "Daerah Istimewa Yogyakarta", "Wilayah": "Yogyakarta", "Segmen": "SEG_000061777", "coverage": "Black Link Blindspot", "Nm_Ruas": "Jl. Karangkajen - Wojo", "last_update": "2025-12-31T15:07:50+07:00", "Satwil": "Polda DI Yogyakarta", "Status": "Jalan Kabupaten", "SkorBS": 31 }, "geometry": { "type": "LineString", "coordinates": [ [ 110.374261928045598, -7.835430485028837, -0.000023499999088 ], [ 110.374270000360298, -7.835673999855146, -0.000023499999088 ], [ 110.374267000221948, -7.83582800066165, -0.000023499999088 ], [ 110.374247000198977, -7.836088000061125, -0.000023499999088 ], [ 110.374219568178603, -7.836332815307117, -0.000023499999088 ] ] } },
{ "type": "Feature", "properties": { "Kab_Kot": "Sleman", "tanggal": "2025-12-28T12:00:00+07:00", "Ket": "Black Spot", "Propinsi": "Daerah Istimewa Yogyakarta", "Wilayah": "Yogyakarta", "Segmen": "SEG_000062005", "coverage": "Black Link Tercover CCTV", "Nm_Ruas": "Jl. Krt Pringgodiningrat", "last_update": "2025-12-31T15:07:50+07:00", "Satwil": "Polda DI Yogyakarta", "Status": "Jalan Kabupaten", "SkorBS": 31 }, "geometry": { "type": "LineString", "coordinates": [ [ 110.358423383832132, -7.721030936328589, 197.084276500000897 ], [ 110.358755107762079, -7.72117024221285, 196.879976500000907 ], [ 110.358919876151447, -7.721256201212668, 195.859976500000812 ], [ 110.359047596969106, -7.721287309661591, 197.069976500000848 ], [ 110.359259923306865, -7.721377878586168, 196.336176500000875 ] ] } },
{ "type": "Feature", "properties": { "Kab_Kot": "Kota Yogyakarta", "tanggal": "2025-12-28T12:00:00+07:00", "Ket": "Black Spot", "Propinsi": "Daerah Istimewa Yogyakarta", "Wilayah": "Yogyakarta", "Segmen": "SEG_000064739", "coverage": "Black Link Blindspot", "Nm_Ruas": "Jl. Bantul", "last_update": "2025-12-31T15:07:50+07:00", "Satwil": "Polda DI Yogyakarta", "Status": "Jalan Kota", "SkorBS": 41 }, "geometry": { "type": "LineString", "coordinates": [ [ 110.354311985609684, -7.826844592703765, -0.000023499999088 ], [ 110.354149611215632, -7.827734054582891, -0.000023499999088 ] ] } },
{ "type": "Feature", "properties": { "Kab_Kot": "Sleman", "tanggal": "2025-12-28T12:00:00+07:00", "Ket": "Black Spot", "Propinsi": "Daerah Istimewa Yogyakarta", "Wilayah": "Yogyakarta", "Segmen": "SEG_000064930", "coverage": "Black Link Blindspot", "Nm_Ruas": "Jl. Yogyakarta - Kaliurang", "last_update": "2025-12-31T15:07:50+07:00", "Satwil": "Polda DI Yogyakarta", "Status": "Jalan Provinsi", "SkorBS": 32 }, "geometry": { "type": "LineString", "coordinates": [ [ 110.414812325828223, -7.701226558159078, -0.000023499999088 ], [ 110.414949679284348, -7.700991629160285, -0.000023499999088 ], [ 110.41525907484646, -7.700492624135222, -0.000023499999088 ], [ 110.415282691043444, -7.700454535148651, -0.000023499999088 ], [ 110.415284671350548, -7.700451255321127, -0.000023499999088 ] ] } },
{ "type": "Feature", "properties": { "Kab_Kot": "Bantul", "tanggal": "2025-12-28T12:00:00+07:00", "Ket": "Black Spot", "Propinsi": "Daerah Istimewa Yogyakarta", "Wilayah": "Yogyakarta", "Segmen": "SEG_000067601", "coverage": "Black Link Blindspot", "Nm_Ruas": "Jl. Palbapang - Samas", "last_update": "2025-12-31T15:07:50+07:00", "Satwil": "Polda DI Yogyakarta", "Status": "Jalan Provinsi", "SkorBS": 35 }, "geometry": { "type": "LineString", "coordinates": [ [ 110.29042313212193, -7.960045889706009, -0.000023499999088 ], [ 110.290456946630854, -7.959973137250415, -0.000023499999088 ], [ 110.290634551943072, -7.959583594107528, -0.000023499999088 ], [ 110.290802549797888, -7.959229448280382, -0.000023499999088 ] ] } },
{ "type": "Feature", "properties": { "Kab_Kot": "Kota Yogyakarta", "tanggal": "2025-12-28T12:00:00+07:00", "Ket": "Black Spot", "Propinsi": "Daerah Istimewa Yogyakarta", "Wilayah": "Yogyakarta", "Segmen": "SEG_000069885", "coverage": "Black Link Blindspot", "Nm_Ruas": "Jl. Imogiri", "last_update": "2025-12-31T15:07:50+07:00", "Satwil": "Polda DI Yogyakarta", "Status": "Jalan Kota", "SkorBS": 45 }, "geometry": { "type": "LineString", "coordinates": [ [ 110.391443071040953, -7.835725656014176, -0.000023499999088 ], [ 110.391471972553575, -7.835792838968302, -0.000023499999088 ], [ 110.391836803225942, -7.836539878812289, -0.000023499999088 ] ] } },
{ "type": "Feature", "properties": { "Kab_Kot": "Kota Medan", "tanggal": "2025-12-28T12:00:00+07:00", "Ket": "Black Spot", "Propinsi": "Sumatera Utara", "Wilayah": "Medan", "Segmen": "SEG_000083142", "coverage": "Black Link Blindspot", "Nm_Ruas": "Jl. Sekip", "last_update": "2025-12-31T15:07:50+07:00", "Satwil": "Polrestabes Medan", "Status": "Jalan Kota", "SkorBS": 33 }, "geometry": { "type": "LineString", "coordinates": [ [ 98.663163004000069, 3.599156495000045, 0.0 ], [ 98.662941, 3.599466600000028, 0.0 ], [ 98.662880700000073, 3.599546900000064, 0.0 ], [ 98.662662700000055, 3.599842700000067, 0.0 ], [ 98.662391200000059, 3.600208700000053, 0.0 ], [ 98.662004200000069, 3.600698, 0.0 ], [ 98.661693400000047, 3.601073800000052, 0.0 ], [ 98.66149450000006, 3.601303500000029, 0.0 ], [ 98.661456, 3.601379, 0.0 ], [ 98.661425600000086, 3.601461500000028, 0.0 ], [ 98.661411200000032, 3.601516200000049, 0.0 ], [ 98.661371200000076, 3.60162280000003, 0.0 ], [ 98.661354881000079, 3.601710450000041, 0.0 ] ] } },
{ "type": "Feature", "properties": { "Kab_Kot": "Kota Medan", "tanggal": "2025-12-28T12:00:00+07:00", "Ket": "Black Spot", "Propinsi": "Sumatera Utara", "Wilayah": "Medan", "Segmen": "SEG_000083478", "coverage": "Black Link Blindspot", "Nm_Ruas": "Jl. Panglima Denai", "last_update": "2025-12-31T15:07:50+07:00", "Satwil": "Polrestabes Medan", "Status": "Jalan Kota", "SkorBS": 33 }, "geometry": { "type": "LineString", "coordinates": [ [ 98.72050801000006, 3.561578101000066, 0.0 ], [ 98.720511800000054, 3.561584800000048, 0.0 ], [ 98.720533400000079, 3.561623, 0.0 ], [ 98.720750500000065, 3.562008400000025, 0.0 ], [ 98.720784900000069, 3.562088500000073, 0.0 ], [ 98.720993700000065, 3.562474900000041, 0.0 ], [ 98.721204200000045, 3.562859600000024, 0.0 ], [ 98.72124830000007, 3.562949200000048, 0.0 ], [ 98.721403800000076, 3.56323720000006, 0.0 ], [ 98.721531300000038, 3.563479500000028, 0.0 ], [ 98.721649, 3.563704100000052, 0.0 ], [ 98.721665600000051, 3.563734400000044, 0.0 ], [ 98.721801400000061, 3.563960200000054, 0.0 ], [ 98.721955600000058, 3.564238300000056, 0.0 ], [ 98.722189700000058, 3.564681700000051, 0.0 ], [ 98.722330082000042, 3.564947633000031, 0.0 ] ] } },
{ "type": "Feature", "properties": { "Kab_Kot": "Kota Medan", "tanggal": "2025-12-28T12:00:00+07:00", "Ket": "Black Spot", "Propinsi": "Sumatera Utara", "Wilayah": "Medan", "Segmen": "SEG_000084309", "coverage": "Black Link Blindspot", "Nm_Ruas": "Jl. Jamin Ginting", "last_update": "2025-12-31T15:07:50+07:00", "Satwil": "Polrestabes Medan", "Status": "Jalan Kota", "SkorBS": 43 }, "geometry": { "type": "LineString", "coordinates": [ [ 98.661658510000052, 3.555793752000056, 0.0 ], [ 98.661726800000054, 3.555934800000045, 0.0 ], [ 98.66177, 3.556042600000069, 0.0 ], [ 98.661806, 3.556194100000027, 0.0 ], [ 98.661804400000051, 3.556348300000025, 0.0 ], [ 98.661742600000082, 3.557043200000066, 0.0 ], [ 98.661665500000083, 3.557618900000023, 0.0 ], [ 98.661611700000037, 3.557992300000024, 0.0 ], [ 98.661495200000047, 3.558676100000071, 0.0 ], [ 98.661467, 3.559028100000035, 0.0 ], [ 98.661468500000069, 3.559168, 0.0 ], [ 98.661494600000083, 3.559265700000026, 0.0 ], [ 98.661563700000045, 3.559518100000048, 0.0 ], [ 98.661712600000044, 3.559938300000056, 0.0 ], [ 98.661792200000036, 3.560091800000066, 0.0 ], [ 98.661843006000083, 3.560176665000029, 0.0 ] ] } },
{ "type": "Feature", "properties": { "Kab_Kot": "Kota Medan", "tanggal": "2025-12-28T12:00:00+07:00", "Ket": "Black Spot", "Propinsi": "Sumatera Utara", "Wilayah": "Medan", "Segmen": "SEG_000087125", "coverage": "Black Link Blindspot", "Nm_Ruas": "Jl. Kapten Sumarsono", "last_update": "2025-12-31T15:07:50+07:00", "Satwil": "Polrestabes Medan", "Status": "Jalan Nasional", "SkorBS": 40 }, "geometry": { "type": "LineString", "coordinates": [ [ 98.650671104000082, 3.615278193000051, 0.0 ], [ 98.650623402000065, 3.615279782000073, 0.0 ], [ 98.650469227000087, 3.615286382000022, 0.0 ], [ 98.650314, 3.61528756000007, 0.0 ], [ 98.650207717000058, 3.615291950000028, 0.0 ], [ 98.650101435000067, 3.615296340000043, 0.0 ], [ 98.649974671000052, 3.615300471000069, 0.0 ], [ 98.64991440600005, 3.615300527000045, 0.0 ], [ 98.649871129000076, 3.61530056700002, 0.0 ], [ 98.649762944000088, 3.61530534700006, 0.0 ], [ 98.649654760000033, 3.615310127000043, 0.0 ], [ 98.649522344000047, 3.615312594000045, 0.0 ], [ 98.649389931000087, 3.615315063000025, 0.0 ], [ 98.649286386000085, 3.615319167000052, 0.0 ], [ 98.649177536000082, 3.615320943000029, 0.0 ], [ 98.649068686000078, 3.615322719000062, 0.0 ], [ 98.649014351000062, 3.615324137000073, 0.0 ], [ 98.648962496000081, 3.615325491000021, 0.0 ], [ 98.648851155000045, 3.61532971400004, 0.0 ], [ 98.648726294000085, 3.615334119000067, 0.0 ], [ 98.648601436000035, 3.615338523000048, 0.0 ], [ 98.648454312000069, 3.615344453000034, 0.0 ], [ 98.648307190000082, 3.615350382000031, 0.0 ], [ 98.648160068000038, 3.615356309000049, 0.0 ], [ 98.648114521000082, 3.615356877000067, 0.0 ], [ 98.648043917000052, 3.615357757000027, 0.0 ], [ 98.647927763000041, 3.615359205000061, 0.0 ], [ 98.647776768000085, 3.615364361000047, 0.0 ], [ 98.647625770000047, 3.615369517000033, 0.0 ], [ 98.647517250000078, 3.615370290000044, 0.0 ], [ 98.647408729000063, 3.615371061000076, 0.0 ], [ 98.647345014000052, 3.615371796000034, 0.0 ], [ 98.647226924000051, 3.615375583000059, 0.0 ], [ 98.64721434900008, 3.61537598600006, 0.0 ], [ 98.647108834000051, 3.615379369000038, 0.0 ], [ 98.646975604000033, 3.615384256000027, 0.0 ], [ 98.646842373000084, 3.615389144000062, 0.0 ], [ 98.646709142000077, 3.61539403200004, 0.0 ], [ 98.646626877000074, 3.615396521000037, 0.0 ], [ 98.646455316000072, 3.615400986000054, 0.0 ], [ 98.646345624000048, 3.615401284000029, 0.0 ], [ 98.646314326000038, 3.61540136800005, 0.0 ], [ 98.646235932000081, 3.615401580000025, 0.0 ], [ 98.646209843000065, 3.615402828000072, 0.0 ] ] } },
{ "type": "Feature", "properties": { "Kab_Kot": "Gianyar", "tanggal": "2025-12-22T12:00:00+07:00", "Ket": "Black Spot", "Propinsi": "Bali", "Wilayah": "Bali", "Segmen": "SEG_000003322", "coverage": "Black Link Blindspot", "Nm_Ruas": "Jl. Semebaung - Bedahulu", "last_update": "2025-12-31T15:07:50+07:00", "Satwil": "Polda Bali", "Status": "Jalan Provinsi", "SkorBS": 52 }, "geometry": { "type": "LineString", "coordinates": [ [ 115.296337591806491, -8.527329011124891, 0.0 ], [ 115.296621656164575, -8.529649802496351, 0.0 ], [ 115.296722085256079, -8.529711102984948, 0.0 ], [ 115.296953577945374, -8.529733140871713, 0.0 ], [ 115.297544704124903, -8.529711720819193, 0.0 ], [ 115.29816798916147, -8.52967269294038, 0.0 ], [ 115.298809632958296, -8.529665067588724, 0.0 ] ] } },
{ "type": "Feature", "properties": { "Kab_Kot": "Buleleng", "tanggal": "2025-12-22T12:00:00+07:00", "Ket": "Black Spot", "Propinsi": "Bali", "Wilayah": "Bali", "Segmen": "SEG_000003474", "coverage": "Black Link Blindspot", "Nm_Ruas": "Jl. Bts. Buleleng - Kubutambahan", "last_update": "2025-12-31T15:07:50+07:00", "Satwil": "Polda Bali", "Status": "Jalan Provinsi", "SkorBS": 32 }, "geometry": { "type": "LineString", "coordinates": [ [ 115.180247670193921, -8.108844455407223, 0.0 ], [ 115.180206976770592, -8.108801747502582, 0.0 ], [ 115.179949159126409, -8.108413547946839, 0.0 ], [ 115.179711345102533, -8.107975311911048, 0.0 ], [ 115.179649790105827, -8.107854077003992, 0.0 ], [ 115.1792424871511, -8.10715375424229, 0.0 ], [ 115.178550766404783, -8.105964387346546, 0.0 ], [ 115.178388325460901, -8.105687845817386, 0.0 ], [ 115.178196304915559, -8.105394254940848, 0.0 ], [ 115.178020317483742, -8.104895524209041, 0.0 ] ] } },
{ "type": "Feature", "properties": { "Kab_Kot": "Tabanan", "tanggal": "2025-12-22T12:00:00+07:00", "Ket": "Black Spot", "Propinsi": "Bali", "Wilayah": "Bali", "Segmen": "SEG_000003673", "coverage": "Black Link Blindspot", "Nm_Ruas": "Jl. Antosari - Pupuan", "last_update": "2025-12-31T15:07:50+07:00", "Satwil": "Polda Bali", "Status": "Jalan Provinsi", "SkorBS": 33 }, "geometry": { "type": "LineString", "coordinates": [ [ 115.023275160120647, -8.46481503488593, 0.0 ], [ 115.023275497366399, -8.464809972602097, 0.0 ], [ 115.023283697384841, -8.464687185465209, 0.0 ], [ 115.02340007415421, -8.464311585411281, 0.0 ], [ 115.023542831636405, -8.463975950329825, 0.0 ], [ 115.023691208082823, -8.463594564937182, 0.0 ], [ 115.023711559740718, -8.463542252273101, 0.0 ], [ 115.023986475295715, -8.461929945910242, 0.0 ], [ 115.024075133160977, -8.461379106660388, 0.0 ], [ 115.024245770525908, -8.460392690670119, 0.0 ] ] } },
{ "type": "Feature", "properties": { "Kab_Kot": "Tabanan", "tanggal": "2025-12-22T12:00:00+07:00", "Ket": "Black Spot", "Propinsi": "Bali", "Wilayah": "Bali", "Segmen": "SEG_000006135", "coverage": "Black Link Blindspot", "Nm_Ruas": "Jl. Raya Marga Apuan", "last_update": "2025-12-31T15:07:50+07:00", "Satwil": "Polda Bali", "Status": "Jalan Kabupaten", "SkorBS": 33 }, "geometry": { "type": "LineString", "coordinates": [ [ 115.172923090528229, -8.459321673656291, 0.0 ], [ 115.172333420351151, -8.460641420665013, 0.0 ], [ 115.171765127958338, -8.46190776233334, 0.0 ], [ 115.17152220218793, -8.462473548315529, 0.0 ], [ 115.171087510380403, -8.463480512915282, 0.0 ] ] } },
{ "type": "Feature", "properties": { "Kab_Kot": "Tabanan", "tanggal": "2025-12-22T12:00:00+07:00", "Ket": "Black Spot", "Propinsi": "Bali", "Wilayah": "Bali", "Segmen": "SEG_000007435", "coverage": "Black Link Blindspot", "Nm_Ruas": "Jl. Dakdakan - Munggu", "last_update": "2025-12-31T15:07:50+07:00", "Satwil": "Polda Bali", "Status": "Jalan Kabupaten", "SkorBS": 38 }, "geometry": { "type": "LineString", "coordinates": [ [ 115.138497248549243, -8.596064506271887, 0.0 ], [ 115.138453045971346, -8.596242893994315, 0.0 ], [ 115.138393295014566, -8.596484102958925, 0.0 ], [ 115.138410568293125, -8.596733494854846, 0.0 ], [ 115.138420098408915, -8.596871106416359, 0.0 ], [ 115.138429100622602, -8.597001086331034, 0.0 ], [ 115.138357790679606, -8.597138125923721, 0.0 ], [ 115.138317519937686, -8.597214522432239, 0.0 ], [ 115.138134881119981, -8.597346193971646, 0.0 ], [ 115.137933393411458, -8.59749145066985, 0.0 ], [ 115.137825294002141, -8.597569384119709, 0.0 ], [ 115.137757399684347, -8.597620481799765, 0.0 ], [ 115.137670598019781, -8.597690331243768, 0.0 ], [ 115.13759258093296, -8.597753113815088, 0.0 ], [ 115.137559427425685, -8.597819416332925, 0.0 ], [ 115.137537808623051, -8.597862647643012, 0.0 ], [ 115.137540216108164, -8.59794008286849, 0.0 ], [ 115.137543546297707, -8.598047255076722, 0.0 ], [ 115.13754666874388, -8.598147741724858, 0.0 ], [ 115.137548560018104, -8.598274949928964, 0.0 ], [ 115.137547408885894, -8.598327718549342, 0.0 ], [ 115.137546298223128, -8.598378658847992, 0.0 ], [ 115.13750543033143, -8.59844306289699, 0.0 ], [ 115.137395689659456, -8.598616000727816, 0.0 ], [ 115.13731750889599, -8.598739204250819, 0.0 ], [ 115.137254556352786, -8.598838412063003, 0.0 ], [ 115.137187269077231, -8.598944448427517, 0.0 ], [ 115.137139221897655, -8.599020166847197, 0.0 ], [ 115.137070430955646, -8.599128573824601, 0.0 ], [ 115.136997977074998, -8.599242753550186, 0.0 ], [ 115.136893203358682, -8.599351340391991, 0.0 ], [ 115.136805369272452, -8.599388128059616, 0.0 ], [ 115.136679053195849, -8.599441030678975, 0.0 ], [ 115.1365450047482, -8.599497171757037, 0.0 ], [ 115.136460270625093, -8.599544115468518, 0.0 ], [ 115.136352401442196, -8.599603878116454, 0.0 ], [ 115.136322149147873, -8.599631125775772, 0.0 ] ] } },
{ "type": "Feature", "properties": { "Kab_Kot": "Badung", "tanggal": "2025-12-22T12:00:00+07:00", "Ket": "Black Spot", "Propinsi": "Bali", "Wilayah": "Bali", "Segmen": "SEG_000007832", "coverage": "Black Link Tercover CCTV", "Nm_Ruas": "Jl. Br.seminyak - Bts Kab/kantor Dkp", "last_update": "2025-12-31T15:07:50+07:00", "Satwil": "Polda Bali", "Status": "Jalan Kabupaten", "SkorBS": 34 }, "geometry": { "type": "LineString", "coordinates": [ [ 115.172437730017236, -8.689035551549409, 0.0 ], [ 115.172373629039839, -8.689030446997492, 0.0 ], [ 115.172313746782038, -8.689035183726673, 0.0 ], [ 115.172142990706561, -8.689099666916036, 0.0 ], [ 115.172081961813092, -8.689137117384007, 0.0 ], [ 115.172010802956265, -8.6891807848653, 0.0 ], [ 115.171818110617323, -8.689169869793602, 0.0 ], [ 115.17175380099718, -8.689162446789453, 0.0 ], [ 115.171643827400771, -8.689168334650901, 0.0 ], [ 115.171547886825579, -8.689191176531551, 0.0 ], [ 115.171477075106964, -8.689209450755527, 0.0 ], [ 115.171440495182765, -8.68920872230467, 0.0 ], [ 115.171271219391315, -8.689083922484997, 0.0 ], [ 115.171150579835398, -8.68898264982937, 0.0 ], [ 115.171034631143357, -8.688887242552141, 0.0 ], [ 115.170915901747549, -8.688818077492215, 0.0 ], [ 115.170802448674181, -8.688776960488269, 0.0 ], [ 115.170503208256491, -8.688676451357082, 0.0 ], [ 115.170279197027412, -8.688624066747252, 0.0 ], [ 115.17013757089228, -8.688614167909464, 0.0 ], [ 115.170059906339702, -8.688605029898156, 0.0 ], [ 115.169917517579393, -8.688557060060248, 0.0 ], [ 115.169826148258153, -8.688522795890265, 0.0 ], [ 115.169724877401222, -8.688495384554301, 0.0 ], [ 115.169527667767738, -8.688474064326556, 0.0 ], [ 115.169307615354228, -8.688452744998131, 0.0 ], [ 115.1691772577243, -8.688439801055949, 0.0 ], [ 115.168992232105893, -8.688439801055949, 0.0 ], [ 115.168798067576859, -8.688448176442137, 0.0 ], [ 115.168734107792943, -8.688458074380605, 0.0 ], [ 115.168500348812131, -8.688519749886495, 0.0 ], [ 115.16834647660869, -8.688566740362717, 0.0 ] ] } },
{ "type": "Feature", "properties": { "Kab_Kot": "Kota Denpasar", "tanggal": "2025-12-22T12:00:00+07:00", "Ket": "Black Spot", "Propinsi": "Bali", "Wilayah": "Bali", "Segmen": "SEG_000014091", "coverage": "Black Link Blindspot", "Nm_Ruas": "Jl. Gunung Salak", "last_update": "2025-12-31T15:07:50+07:00", "Satwil": "Polda Bali", "Status": "Jalan Kota", "SkorBS": 32 }, "geometry": { "type": "LineString", "coordinates": [ [ 115.177471470232263, -8.667477085299197, 0.0 ], [ 115.177503000463162, -8.66756499942511, 0.0 ], [ 115.177614000186054, -8.667939999631244, 0.0 ], [ 115.177856999700793, -8.668434999975204, 0.0 ], [ 115.178070999676947, -8.66882999930499, 0.0 ], [ 115.178396000275256, -8.669476999463882, 0.0 ], [ 115.1786880002511, -8.669985999554171, 0.0 ], [ 115.178840000065975, -8.6701789994612, 0.0 ], [ 115.179294000317896, -8.670667999528519, 0.0 ], [ 115.179674999901408, -8.671117999595936, 0.0 ], [ 115.179840589371793, -8.671301891169321, 0.0 ] ] } },
{ "type": "Feature", "properties": { "Kab_Kot": "Kota Denpasar", "tanggal": "2025-12-22T12:00:00+07:00", "Ket": "Black Spot", "Propinsi": "Bali", "Wilayah": "Bali", "Segmen": "SEG_000014633", "coverage": "Black Link Blindspot", "Nm_Ruas": "Jl. Kebo Iwa Utara", "last_update": "2025-12-31T15:07:50+07:00", "Satwil": "Polda Bali", "Status": "Jalan Kota", "SkorBS": 43 }, "geometry": { "type": "LineString", "coordinates": [ [ 115.184323897729769, -8.633836330782003, 0.0 ], [ 115.184321000114096, -8.633825999370345, 0.0 ], [ 115.184211000437358, -8.633497999533006, 0.0 ], [ 115.184153000460697, -8.6333269997412, 0.0 ], [ 115.184110000276405, -8.633156999995492, 0.0 ], [ 115.184012000253688, -8.632735999466775, 0.0 ], [ 115.183959999654348, -8.632556999306018, 0.0 ], [ 115.183911000092621, -8.632407999629436, 0.0 ], [ 115.183847999885302, -8.632259999998951, 0.0 ], [ 115.183797000231493, -8.632145000091612, 0.0 ], [ 115.183703000393166, -8.632010999308136, 0.0 ], [ 115.183617000024583, -8.631921999700467, 0.0 ], [ 115.183470000440252, -8.631774000069981, 0.0 ], [ 115.183342999979573, -8.631615999978351, 0.0 ], [ 115.18321700046431, -8.631435999771497, 0.0 ], [ 115.183099000418565, -8.631255999564701, 0.0 ], [ 115.182929999819748, -8.631000999496507, 0.0 ], [ 115.182806000396681, -8.630809999681674, 0.0 ], [ 115.182652999636275, -8.630595999705577, 0.0 ], [ 115.182580999913284, -8.630450999314121, 0.0 ], [ 115.182523999982664, -8.630307999914237, 0.0 ], [ 115.182468000098197, -8.630096000030335, 0.0 ], [ 115.182404815529821, -8.629796863034755, 0.0 ] ] } },
{ "type": "Feature", "properties": { "Kab_Kot": "Buleleng", "tanggal": "2025-12-22T12:00:00+07:00", "Ket": "Black Spot", "Propinsi": "Bali", "Wilayah": "Bali", "Segmen": "SEG_000016859", "coverage": "Black Link Blindspot", "Nm_Ruas": "Jl. Bts. Kota Singaraja - Pegayaman", "last_update": "2025-12-31T15:07:50+07:00", "Satwil": "Polda Bali", "Status": "Jalan Nasional", "SkorBS": 42 }, "geometry": { "type": "LineString", "coordinates": [ [ 115.130944980326603, -8.17866565799369, 0.0 ], [ 115.130864803068221, -8.178596332854454, 0.0 ], [ 115.1308437778182, -8.178580670261681, 0.0 ], [ 115.130770000135499, -8.178469998791343, 0.0 ], [ 115.130710000066529, -8.178330001328447, 0.0 ], [ 115.130692061289665, -8.178240303846906, 0.0 ], [ 115.130676854653188, -8.178164276959762, 0.0 ], [ 115.130640001335109, -8.177979997778607, 0.0 ], [ 115.130600000389791, -8.177909999946507, 0.0 ], [ 115.130567792069996, -8.177875380544322, 0.0 ], [ 115.130529999859618, -8.177839999416392, 0.0 ], [ 115.130465067908631, -8.177790052868602, 0.0 ], [ 115.130400000159966, -8.17773999930148, 0.0 ], [ 115.130340000090996, -8.177649999647713, 0.0 ], [ 115.130256934210252, -8.177483869684806, 0.0 ], [ 115.13022780696781, -8.177425616099242, 0.0 ], [ 115.130031307798731, -8.177032579090223, 0.0 ], [ 115.129977152423749, -8.17695134422911, 0.0 ], [ 115.129890841789006, -8.176893804705287, 0.0 ], [ 115.129789999908667, -8.17686000008888, 0.0 ], [ 115.129705469931537, -8.176849433954146, 0.0 ], [ 115.129652579003391, -8.176842821239177, 0.0 ], [ 115.129415283888306, -8.176817647416442, 0.0 ], [ 115.129310001155659, -8.176800000019966, 0.0 ], [ 115.129237585046553, -8.176778722959625, 0.0 ], [ 115.129185481924537, -8.176761207763491, 0.0 ], [ 115.128882188262423, -8.176587484824495, 0.0 ], [ 115.128594483448751, -8.176413169232319, 0.0 ], [ 115.128404936938296, -8.176309936054679, 0.0 ], [ 115.128118927346691, -8.17618808331332, 0.0 ], [ 115.127981843687166, -8.176128850366126, 0.0 ], [ 115.127912454696116, -8.176083157611572, 0.0 ], [ 115.127880301234995, -8.176035771433646, 0.0 ], [ 115.127859999939119, -8.175989999538785, 0.0 ], [ 115.127813008563521, -8.175842310174403, 0.0 ] ] } },
{ "type": "Feature", "properties": { "Kab_Kot": "Badung, Tabanan", "tanggal": "2025-12-22T12:00:00+07:00", "Ket": "Black Spot", "Propinsi": "Bali", "Wilayah": "Bali", "Segmen": "SEG_000016938", "coverage": "Black Link Blindspot", "Nm_Ruas": "Jl. Br. Taman Tanda - Mengwitani", "last_update": "2025-12-31T15:07:50+07:00", "Satwil": "Polda Bali", "Status": "Jalan Nasional", "SkorBS": 55 }, "geometry": { "type": "LineString", "coordinates": [ [ 115.196014860397554, -8.398200259834084, 0.0 ], [ 115.19588990499517, -8.3973145867987, 0.0 ], [ 115.195802651870963, -8.396848244251032, 0.0 ], [ 115.195674979616683, -8.396104148787401, 0.0 ], [ 115.195661371974779, -8.396018777944221, 0.0 ], [ 115.195657868216131, -8.395996776030358, 0.0 ], [ 115.195557447218448, -8.39532284927003, 0.0 ], [ 115.19545966573105, -8.39436609471943, 0.0 ], [ 115.195450639235673, -8.394233713614938, 0.0 ], [ 115.19544311820539, -8.394150975087371, 0.0 ], [ 115.195453087190231, -8.393696515281931, 0.0 ] ] } },
{ "type": "Feature", "properties": { "Kab_Kot": "Badung, Tabanan", "tanggal": "2025-12-22T12:00:00+07:00", "Ket": "Black Spot", "Propinsi": "Bali", "Wilayah": "Bali", "Segmen": "SEG_000016965", "coverage": "Black Link Blindspot", "Nm_Ruas": "Jl. Br. Taman Tanda - Mengwitani", "last_update": "2025-12-31T15:07:50+07:00", "Satwil": "Polda Bali", "Status": "Jalan Nasional", "SkorBS": 30 }, "geometry": { "type": "LineString", "coordinates": [ [ 115.184747767995191, -8.493361864758185, 0.0 ], [ 115.184746562004307, -8.493336129758518, 0.0 ], [ 115.184731518145099, -8.493134548520572, 0.0 ], [ 115.184596127909003, -8.491010432585369, 0.0 ], [ 115.184581814299349, -8.490457903509366, 0.0 ] ] } },
{ "type": "Feature", "properties": { "Kab_Kot": "Badung, Tabanan", "tanggal": "2025-12-22T12:00:00+07:00", "Ket": "Black Spot", "Propinsi": "Bali", "Wilayah": "Bali", "Segmen": "SEG_000016968", "coverage": "Black Link Blindspot", "Nm_Ruas": "Jl. Br. Taman Tanda - Mengwitani", "last_update": "2025-12-31T15:07:50+07:00", "Satwil": "Polda Bali", "Status": "Jalan Nasional", "SkorBS": 51 }, "geometry": { "type": "LineString", "coordinates": [ [ 115.179943694845747, -8.506283759188079, 0.0 ], [ 115.179943729019897, -8.506283672853158, 0.0 ], [ 115.179950389398982, -8.506264430059332, 0.0 ], [ 115.179951481175976, -8.506261277036288, 0.0 ], [ 115.180084634798163, -8.505915359106496, 0.0 ], [ 115.180400545049224, -8.505148148368278, 0.0 ], [ 115.180569999805698, -8.504749999612727, 0.0 ], [ 115.180633704182128, -8.504622598054425, 0.0 ], [ 115.180636119761175, -8.504617757003814, 0.0 ], [ 115.180640000335757, -8.504609999451873, 0.0 ], [ 115.180649789456311, -8.504596805498124, 0.0 ], [ 115.180875914092212, -8.50430421826502, 0.0 ], [ 115.181473134077919, -8.503705493713539, 0.0 ], [ 115.18173542494992, -8.503436097297993, 0.0 ] ] } },
{ "type": "Feature", "properties": { "Kab_Kot": "Badung, Tabanan", "tanggal": "2025-12-22T12:00:00+07:00", "Ket": "Black Spot", "Propinsi": "Bali", "Wilayah": "Bali", "Segmen": "SEG_000016972", "coverage": "Black Link Blindspot", "Nm_Ruas": "Jl. Br. Taman Tanda - Mengwitani", "last_update": "2025-12-31T15:07:50+07:00", "Satwil": "Polda Bali", "Status": "Jalan Nasional", "SkorBS": 33 }, "geometry": { "type": "LineString", "coordinates": [ [ 115.172499831801815, -8.527257568981554, 0.0 ], [ 115.172509744129457, -8.527227725878788, 0.0 ], [ 115.17268568569591, -8.526697987422153, 0.0 ], [ 115.172689025778027, -8.526687932102334, 0.0 ], [ 115.172790566431559, -8.526382204874835, 0.0 ], [ 115.172970625993685, -8.525840069263722, 0.0 ], [ 115.172974118960497, -8.525829548994466, 0.0 ], [ 115.173071388733661, -8.525536685669465, 0.0 ], [ 115.173257855965289, -8.524983416451448, 0.0 ], [ 115.173261360623314, -8.524972382669262, 0.0 ], [ 115.173474597974405, -8.524344934670978, 0.0 ], [ 115.173669999970571, -8.523679999332444, 0.0 ], [ 115.173680000431773, -8.523659999309473, 0.0 ], [ 115.173680000431773, -8.523649999747647, 0.0 ], [ 115.173702695722909, -8.52358090663347, 0.0 ] ] } },
{ "type": "Feature", "properties": { "Kab_Kot": "Badung", "tanggal": "2025-12-22T12:00:00+07:00", "Ket": "Black Spot", "Propinsi": "Bali", "Wilayah": "Bali", "Segmen": "SEG_000017075", "coverage": "Black Link Blindspot", "Nm_Ruas": "Jl. Jimbaran - Uluwatu", "last_update": "2025-12-31T15:07:50+07:00", "Satwil": "Polda Bali", "Status": "Jalan Nasional", "SkorBS": 36 }, "geometry": { "type": "LineString", "coordinates": [ [ 115.173684493444625, -8.782604589330276, 0.0 ], [ 115.173509999786688, -8.782749999812609, 0.0 ], [ 115.173449999717718, -8.782789999858551, 0.0 ], [ 115.1731900003183, -8.783010000111346, 0.0 ], [ 115.173179999857211, -8.783029999235055, 0.0 ], [ 115.17315822277385, -8.783049960587164, 0.0 ], [ 115.173137436743332, -8.783069016321974, 0.0 ], [ 115.173059999719271, -8.783139999811112, 0.0 ], [ 115.172900000434765, -8.783269999510821, 0.0 ], [ 115.172709999766766, -8.783409999671676, 0.0 ], [ 115.172660000158885, -8.783440001055169, 0.0 ], [ 115.172569997807159, -8.783499999325443, 0.0 ], [ 115.172420589838453, -8.783562908701242, 0.0 ], [ 115.172391574111884, -8.783575125991206, 0.0 ], [ 115.172379999837176, -8.783580000316704, 0.0 ], [ 115.172199999630379, -8.783659999509325, 0.0 ], [ 115.172109999976556, -8.783689999993442, 0.0 ], [ 115.172029999884671, -8.783719999578295, 0.0 ], [ 115.171840000115935, -8.783790000108354, 0.0 ], [ 115.171760000024051, -8.783839999716179, 0.0 ], [ 115.171719999978109, -8.783869999300975, 0.0 ], [ 115.171630000324285, -8.783910002044934, 0.0 ], [ 115.171599599641922, -8.783931713477727, 0.0 ], [ 115.171570764679132, -8.783952308851951, 0.0 ], [ 115.17155999889485, -8.783959999854062, 0.0 ], [ 115.171510000186458, -8.783999999900004, 0.0 ], [ 115.171479999702342, -8.784019999923032, 0.0 ], [ 115.171410000071546, -8.784089997755132, 0.0 ], [ 115.171329999979548, -8.784189999668683, 0.0 ], [ 115.17128000217042, -8.784259999299479, 0.0 ], [ 115.171209999841722, -8.784379999437363, 0.0 ], [ 115.17116000023384, -8.784469999990449, 0.0 ], [ 115.171068139882777, -8.784647980320017, 0.0 ], [ 115.171051113917883, -8.78468096745263, 0.0 ], [ 115.171000000050071, -8.784779999897012, 0.0 ], [ 115.171000000050071, -8.784790001257534, 0.0 ], [ 115.170759999774191, -8.785209999941515, 0.0 ], [ 115.170690001042772, -8.785330000079398, 0.0 ], [ 115.170628139377186, -8.785436046336429, 0.0 ], [ 115.170619999613336, -8.785450002015921, 0.0 ], [ 115.170610084587793, -8.785469830268426, 0.0 ], [ 115.170579998668018, -8.785529999409903, 0.0 ], [ 115.170560001343006, -8.7855599989947, 0.0 ], [ 115.170515606310232, -8.785645829391456, 0.0 ] ] } },
{ "type": "Feature", "properties": { "Kab_Kot": "Badung", "tanggal": "2025-12-22T12:00:00+07:00", "Ket": "Black Spot", "Propinsi": "Bali", "Wilayah": "Bali", "Segmen": "SEG_000017076", "coverage": "Black Link Blindspot", "Nm_Ruas": "Jl. Jimbaran - Uluwatu", "last_update": "2025-12-31T15:07:50+07:00", "Satwil": "Polda Bali", "Status": "Jalan Nasional", "SkorBS": 36 }, "geometry": { "type": "LineString", "coordinates": [ [ 115.165572890076874, -8.786351435670156, 0.0 ], [ 115.165480000002049, -8.786329999429881, 0.0 ], [ 115.165450002215835, -8.786319999868056, 0.0 ], [ 115.165419999933079, -8.786319999868056, 0.0 ], [ 115.165370001224687, -8.786330001228521, 0.0 ], [ 115.165319999818166, -8.786339999891027, 0.0 ], [ 115.165290000233426, -8.786349999452852, 0.0 ], [ 115.165259997950557, -8.786369999475824, 0.0 ], [ 115.165230000164456, -8.786399999959997, 0.0 ], [ 115.165210000141428, -8.786429999544794, 0.0 ], [ 115.165190000118514, -8.786489997815124, 0.0 ], [ 115.165212701704831, -8.786611078938108, 0.0 ], [ 115.165219997904615, -8.786649999797589, 0.0 ], [ 115.165224365911854, -8.786676197048791, 0.0 ], [ 115.165239999726282, -8.78676999993553, 0.0 ], [ 115.165270000210398, -8.78685999958924, 0.0 ], [ 115.165339999841194, -8.787049999357919, 0.0 ], [ 115.165350002100922, -8.787109999426889, 0.0 ], [ 115.165350000302283, -8.787139999911005, 0.0 ], [ 115.165339999841194, -8.787169999495859, 0.0 ], [ 115.165339999841194, -8.787199999979975, 0.0 ], [ 115.165330000279369, -8.787240000025918, 0.0 ], [ 115.165319999818166, -8.787280000071917, 0.0 ], [ 115.165310000256341, -8.787320000117859, 0.0 ], [ 115.165270000210398, -8.787409999771626, 0.0 ], [ 115.165236451900796, -8.787472302105016, 0.0 ], [ 115.165204820046483, -8.787531045821083, 0.0 ], [ 115.165199998780963, -8.787539999471335, 0.0 ], [ 115.165020002171445, -8.787830000254246, 0.0 ], [ 115.164940000280808, -8.787939999031664, 0.0 ], [ 115.164820000142981, -8.788119999238518, 0.0 ], [ 115.164753316312613, -8.788235586403118, 0.0 ], [ 115.164719259885942, -8.788294614304959, 0.0 ], [ 115.164670000420301, -8.788380001335952, 0.0 ], [ 115.164539999821159, -8.788599999790108, 0.0 ], [ 115.164459999729274, -8.788749999512845, 0.0 ], [ 115.164410000121507, -8.788860000088903, 0.0 ], [ 115.164350000052536, -8.788979999327466, 0.0 ], [ 115.164328928037662, -8.789032684310882, 0.0 ], [ 115.164303218219061, -8.7890969543609, 0.0 ], [ 115.164289999983566, -8.789129999949466, 0.0 ], [ 115.164200001229119, -8.789359997965505, 0.0 ], [ 115.1641600002838, -8.789479999002708, 0.0 ], [ 115.164129998900421, -8.789589999578766, 0.0 ], [ 115.16410999977677, -8.789700001054143, 0.0 ], [ 115.164100000214944, -8.789739999301503, 0.0 ], [ 115.164076464057644, -8.78989690671682, 0.0 ], [ 115.164069999730714, -8.789939999531327, 0.0 ], [ 115.164064342995061, -8.7899654539425, 0.0 ], [ 115.164006023759043, -8.790227892303335, 0.0 ] ] } },
{ "type": "Feature", "properties": { "Kab_Kot": "Jembrana", "tanggal": "2025-12-22T12:00:00+07:00", "Ket": "Black Spot", "Propinsi": "Bali", "Wilayah": "Bali", "Segmen": "SEG_000017239", "coverage": "Black Link Blindspot", "Nm_Ruas": "Jl. Bts. Kota Negara - Pekutatan", "last_update": "2025-12-31T15:07:50+07:00", "Satwil": "Polda Bali", "Status": "Jalan Nasional", "SkorBS": 31 }, "geometry": { "type": "LineString", "coordinates": [ [ 114.803969524773834, -8.411803493236562, 0.0 ], [ 114.803949999592874, -8.411809999831576, 0.0 ], [ 114.803859999939164, -8.411840002114332, 0.0 ], [ 114.803810000331282, -8.4118599994394, 0.0 ], [ 114.803737209204883, -8.411909990953291, 0.0 ], [ 114.803679999732253, -8.411949999992487, 0.0 ], [ 114.803503074307514, -8.412117617434035, 0.0 ], [ 114.803412515275454, -8.412161793931602, 0.0 ], [ 114.803308699337094, -8.412168419237105, 0.0 ], [ 114.803231390916039, -8.412148539723262, 0.0 ], [ 114.803158499964866, -8.412099946655189, 0.0 ], [ 114.803105490326175, -8.412035893341738, 0.0 ], [ 114.803052477989581, -8.411976254800265, 0.0 ], [ 114.802999999850158, -8.411909999946488, 0.0 ], [ 114.802859998789927, -8.411719999278489, 0.0 ], [ 114.802850868872611, -8.411708259528496, 0.0 ], [ 114.802790000058508, -8.411629999624722, 0.0 ], [ 114.80277000003548, -8.411600000039925, 0.0 ], [ 114.802709999966623, -8.411539999970955, 0.0 ], [ 114.802569999805655, -8.411409999371926, 0.0 ], [ 114.802480000151945, -8.411339999741131, 0.0 ], [ 114.802250001236644, -8.411139999511306, 0.0 ], [ 114.802194065204048, -8.411091421731669, 0.0 ], [ 114.801869999900646, -8.410809999581772, 0.0 ], [ 114.801789999808761, -8.410739999950977, 0.0 ], [ 114.8015176113488, -8.410491823039138, 0.0 ], [ 114.801339999741231, -8.410329999929502, 0.0 ], [ 114.801089999903638, -8.41010000011488, 0.0 ], [ 114.801080000341813, -8.410089999653735, 0.0 ], [ 114.800862616216818, -8.40986916483007, 0.0 ], [ 114.800587387697874, -8.409589568303886, 0.0 ] ] } },
{ "type": "Feature", "properties": { "Kab_Kot": "Tabanan", "tanggal": "2025-12-22T12:00:00+07:00", "Ket": "Black Spot", "Propinsi": "Bali", "Wilayah": "Bali", "Segmen": "SEG_000017292", "coverage": "Black Link Blindspot", "Nm_Ruas": "Jl. Pekutatan - Antosari", "last_update": "2025-12-31T15:07:50+07:00", "Satwil": "Polda Bali", "Status": "Jalan Nasional", "SkorBS": 31 }, "geometry": { "type": "LineString", "coordinates": [ [ 114.955152088897876, -8.490882159583975, 0.0 ], [ 114.954850000327269, -8.490739999251502, 0.0 ], [ 114.954795633611639, -8.490718857988838, 0.0 ], [ 114.954489999913676, -8.490599999989968, 0.0 ], [ 114.953942558302515, -8.49042066528142, 0.0 ], [ 114.953910000146493, -8.490409999321969, 0.0 ], [ 114.953520000147932, -8.490230000014435, 0.0 ], [ 114.953143793051709, -8.490001418430666, 0.0 ], [ 114.952729999689836, -8.489750001261484, 0.0 ], [ 114.952430000244362, -8.489589999279019, 0.0 ], [ 114.952357674067457, -8.48955624592395, 0.0 ], [ 114.951488746408586, -8.489092758723814, 0.0 ], [ 114.951237945275011, -8.488980331776816, 0.0 ], [ 114.951079009888417, -8.488891327672604, 0.0 ] ] } },
{ "type": "Feature", "properties": { "Kab_Kot": "Tabanan", "tanggal": "2025-12-22T12:00:00+07:00", "Ket": "Black Spot", "Propinsi": "Bali", "Wilayah": "Bali", "Segmen": "SEG_000017298", "coverage": "Black Link Blindspot", "Nm_Ruas": "Jl. Pekutatan - Antosari", "last_update": "2025-12-31T15:07:50+07:00", "Satwil": "Polda Bali", "Status": "Jalan Nasional", "SkorBS": 35 }, "geometry": { "type": "LineString", "coordinates": [ [ 115.018064438722945, -8.501671260520197, 0.0 ], [ 115.018081533935742, -8.501765287338117, 0.0 ], [ 115.018120452996527, -8.501864740665212, 0.0 ], [ 115.018174504050194, -8.501983658019356, 0.0 ], [ 115.018259999899101, -8.502109999277025, 0.0 ], [ 115.01833233596858, -8.502230136111848, 0.0 ], [ 115.018375578070504, -8.502338240017707, 0.0 ], [ 115.018414497131403, -8.502446343024246, 0.0 ], [ 115.018425305183769, -8.502545799948678, 0.0 ], [ 115.018418820172428, -8.502647417044614, 0.0 ], [ 115.018397198671892, -8.502766332600117, 0.0 ], [ 115.01835395746923, -8.502906866958313, 0.0 ], [ 115.018289094765919, -8.503077673395865, 0.0 ], [ 115.018179999807217, -8.503469999940478, 0.0 ], [ 115.018118290127063, -8.503713325909189, 0.0 ], [ 115.018079371965541, -8.503894940399107, 0.0 ], [ 115.017990000038481, -8.504419999683194, 0.0 ], [ 115.017956133368898, -8.504627887866661, 0.0 ], [ 115.017923702017242, -8.504904635340608, 0.0 ], [ 115.017902081415968, -8.505159760414585, 0.0 ], [ 115.017883324256104, -8.505526801620533, 0.0 ], [ 115.017849999877626, -8.505959998754918, 0.0 ], [ 115.017833305762565, -8.506071299750658, 0.0 ] ] } },
{ "type": "Feature", "properties": { "Kab_Kot": "Tabanan", "tanggal": "2025-12-22T12:00:00+07:00", "Ket": "Black Spot", "Propinsi": "Bali", "Wilayah": "Bali", "Segmen": "SEG_000017302", "coverage": "Black Link Blindspot", "Nm_Ruas": "Jl. Pekutatan - Antosari", "last_update": "2025-12-31T15:07:50+07:00", "Satwil": "Polda Bali", "Status": "Jalan Nasional", "SkorBS": 54 }, "geometry": { "type": "LineString", "coordinates": [ [ 115.007286924651908, -8.525454949885955, 0.0 ], [ 115.007191107283802, -8.525495261097376, 0.0 ], [ 115.007079327848714, -8.525539362951179, 0.0 ], [ 115.006459998929813, -8.525719999878049, 0.0 ], [ 115.006379999737305, -8.525750000362166, 0.0 ], [ 115.006281950251832, -8.525790387116615, 0.0 ], [ 115.006224655343658, -8.525829304378874, 0.0 ], [ 115.006100002113499, -8.525920000107874, 0.0 ], [ 115.005814941306539, -8.526169831772279, 0.0 ], [ 115.005692781896414, -8.526297397007227, 0.0 ], [ 115.005611702618012, -8.526388202453518, 0.0 ], [ 115.005486302051281, -8.526556846021606, 0.0 ], [ 115.005368468380198, -8.526723325820797, 0.0 ], [ 115.005205229737612, -8.52695142536794, 0.0 ], [ 115.005104696324793, -8.527076827733367, 0.0 ], [ 115.005041993793043, -8.527135203626699, 0.0 ], [ 115.004890000273349, -8.527259999849093, 0.0 ], [ 115.004308468061367, -8.527718672978324, 0.0 ], [ 115.004079999792225, -8.527909999247015, 0.0 ], [ 115.003959999654285, -8.527999998900782, 0.0 ], [ 115.003832304916955, -8.52808219693577, 0.0 ], [ 115.003739336601143, -8.528118954026468, 0.0 ], [ 115.003733059333285, -8.528119618625453, 0.0 ] ] } },
{ "type": "Feature", "properties": { "Kab_Kot": "Tabanan", "tanggal": "2025-12-22T12:00:00+07:00", "Ket": "Black Spot", "Propinsi": "Bali", "Wilayah": "Bali", "Segmen": "SEG_000017334", "coverage": "Black Link Blindspot", "Nm_Ruas": "Jl. Simp. Kediri - Pesiapan (Tabanan)", "last_update": "2025-12-31T15:07:50+07:00", "Satwil": "Polda Bali", "Status": "Jalan Nasional", "SkorBS": 37 }, "geometry": { "type": "LineString", "coordinates": [ [ 115.137270896134964, -8.553580270213274, 0.0 ], [ 115.137270001309616, -8.553579999517297, 0.0 ], [ 115.136900000434707, -8.553469998941239, 0.0 ], [ 115.13686998106482, -8.553461244940479, 0.0 ], [ 115.136179999607407, -8.553260000048908, 0.0 ], [ 115.136001189203625, -8.553211508604193, 0.0 ], [ 115.135632934812179, -8.55310332465865, 0.0 ], [ 115.135350000002518, -8.553030000234287, 0.0 ], [ 115.135280001271099, -8.553009999311996, 0.0 ], [ 115.13512906085748, -8.552974065100955, 0.0 ], [ 115.134859999889159, -8.552910000096404, 0.0 ], [ 115.134400000259916, -8.552799999520289, 0.0 ], [ 115.134159999984035, -8.552739999451376, 0.0 ], [ 115.133780000446677, -8.552639999336463, 0.0 ], [ 115.133700000354793, -8.552619999313492, 0.0 ], [ 115.133375060011076, -8.552536443302188, 0.0 ], [ 115.133350000402288, -8.552529999659725, 0.0 ], [ 115.133199999780231, -8.552489998714407, 0.0 ], [ 115.133130001048812, -8.552469997792116, 0.0 ], [ 115.132879047929805, -8.552410175788907, 0.0 ] ] } },
{ "type": "Feature", "properties": { "Kab_Kot": "Badung", "tanggal": "2025-12-22T12:00:00+07:00", "Ket": "Black Spot", "Propinsi": "Bali", "Wilayah": "Bali", "Segmen": "SEG_000017357", "coverage": "Black Link Blindspot", "Nm_Ruas": "Jl. Bts. Kota Tabanan - Mengwitani", "last_update": "2025-12-31T15:07:50+07:00", "Satwil": "Polda Bali", "Status": "Jalan Nasional", "SkorBS": 46 }, "geometry": { "type": "LineString", "coordinates": [ [ 115.165021718077924, -8.562980654233741, 0.0 ], [ 115.164616280317091, -8.562867668807826, 0.0 ], [ 115.164452558738617, -8.562831137447006, 0.0 ], [ 115.164115652915143, -8.56273912960711, 0.0 ], [ 115.163753038172217, -8.562637652805392, 0.0 ], [ 115.163550081870881, -8.562586236765355, 0.0 ], [ 115.163048104586437, -8.562457697564639, 0.0 ], [ 115.162750000012579, -8.562389999299, 0.0 ], [ 115.162704443055645, -8.562377685781541, 0.0 ], [ 115.162668508844718, -8.562367975801408, 0.0 ], [ 115.162380000037047, -8.562290000083408, 0.0 ], [ 115.162310000406251, -8.56227000006038, 0.0 ], [ 115.161827661617394, -8.562138380681688, 0.0 ], [ 115.161534051855028, -8.562058549662311, 0.0 ], [ 115.161369676469462, -8.562019645889904, 0.0 ] ] } },
{ "type": "Feature", "properties": { "Kab_Kot": "Tabanan", "tanggal": "2025-12-22T12:00:00+07:00", "Ket": "Black Spot", "Propinsi": "Bali", "Wilayah": "Bali", "Segmen": "SEG_000017363", "coverage": "Black Link Blindspot", "Nm_Ruas": "Jl. A. Yani (Tabanan)", "last_update": "2025-12-31T15:07:50+07:00", "Satwil": "Polda Bali", "Status": "Jalan Nasional", "SkorBS": 67 }, "geometry": { "type": "LineString", "coordinates": [ [ 115.156138535964715, -8.561084577591146, 0.0 ], [ 115.156120000038072, -8.561080000041898, 0.0 ], [ 115.155598780859123, -8.56094144778956, 0.0 ], [ 115.15559102780378, -8.560939386543396, 0.0 ], [ 115.155329997781223, -8.560869999350928, 0.0 ], [ 115.15471876725735, -8.56073577823355, 0.0 ], [ 115.154706989735814, -8.560733124334149, 0.0 ], [ 115.154560000044057, -8.560699999605276, 0.0 ], [ 115.154089999953612, -8.560589999928482, 0.0 ], [ 115.153836844394959, -8.56053745883662, 0.0 ], [ 115.15382104420587, -8.560534179009096, 0.0 ], [ 115.153559999794197, -8.560479999352424, 0.0 ], [ 115.153120000187869, -8.560379999237512, 0.0 ], [ 115.152956506137912, -8.560333287551146, 0.0 ], [ 115.152937099667497, -8.560327742331424, 0.0 ], [ 115.152560002242353, -8.560219999953006, 0.0 ], [ 115.15206034970538, -8.560049807752364, 0.0 ], [ 115.151937588648821, -8.560007742862979, 0.0 ] ] } },
{ "type": "Feature", "properties": { "Kab_Kot": "Badung", "tanggal": "2025-12-22T12:00:00+07:00", "Ket": "Black Spot", "Propinsi": "Bali", "Wilayah": "Bali", "Segmen": "SEG_000017369", "coverage": "Black Link Blindspot", "Nm_Ruas": "Jl. Mengwitani - Bts. Kota Denpasar", "last_update": "2025-12-31T15:07:50+07:00", "Satwil": "Polda Bali", "Status": "Jalan Nasional", "SkorBS": 51 }, "geometry": { "type": "LineString", "coordinates": [ [ 115.178515028246011, -8.575634631632909, 0.0 ], [ 115.178530844622856, -8.57560148172297, 0.0 ], [ 115.17862080560576, -8.575382497704084, 0.0 ], [ 115.178782973155762, -8.575007263674252, 0.0 ], [ 115.178956884952299, -8.574625505962274, 0.0 ], [ 115.179179998658128, -8.574139999761144, 0.0 ], [ 115.17925000008745, -8.573979999577261, 0.0 ], [ 115.179340947626656, -8.573764595759428, 0.0 ], [ 115.179369439947777, -8.573697116029052, 0.0 ], [ 115.179439999856186, -8.573530001308484, 0.0 ], [ 115.179507691826529, -8.57339181238217, 0.0 ], [ 115.179700187213939, -8.572936300369918, 0.0 ], [ 115.179733931575697, -8.572870418734794, 0.0 ], [ 115.180238520491343, -8.571825204169784, 0.0 ] ] } },
{ "type": "Feature", "properties": { "Kab_Kot": "Badung", "tanggal": "2025-12-22T12:00:00+07:00", "Ket": "Black Spot", "Propinsi": "Bali", "Wilayah": "Bali", "Segmen": "SEG_000017373", "coverage": "Black Link Blindspot", "Nm_Ruas": "Jl. Mengwitani - Bts. Kota Denpasar", "last_update": "2025-12-31T15:07:50+07:00", "Satwil": "Polda Bali", "Status": "Jalan Nasional", "SkorBS": 33 }, "geometry": { "type": "LineString", "coordinates": [ [ 115.186359692146084, -8.59615629737516, 0.0 ], [ 115.186359999714227, -8.596149999422892, 0.0 ], [ 115.186390000198458, -8.595599999240505, 0.0 ], [ 115.186393005732725, -8.595543564983473, 0.0 ], [ 115.186394468030358, -8.595516114077384, 0.0 ], [ 115.18644107899263, -8.594640842600768, 0.0 ], [ 115.186442545786917, -8.594613297265823, 0.0 ], [ 115.186479999852168, -8.593909999546781, 0.0 ], [ 115.186494909712337, -8.593738525812284, 0.0 ], [ 115.186497308204252, -8.593710948101716, 0.0 ], [ 115.186539999921138, -8.59322000010286, 0.0 ], [ 115.186569414047312, -8.59283761286548, 0.0 ], [ 115.186571546339906, -8.592809899357349, 0.0 ], [ 115.186590000428282, -8.592569999805619, 0.0 ], [ 115.186609997753294, -8.592429999644708, 0.0 ], [ 115.186636813738005, -8.592194568824254, 0.0 ], [ 115.186665224220746, -8.591974401297534, 0.0 ], [ 115.186674693182567, -8.591785010369904, 0.0 ], [ 115.186687380818057, -8.591623525405339, 0.0 ] ] } },
{ "type": "Feature", "properties": { "Kab_Kot": "Badung", "tanggal": "2025-12-22T12:00:00+07:00", "Ket": "Black Spot", "Propinsi": "Bali", "Wilayah": "Bali", "Segmen": "SEG_000017376", "coverage": "Black Link Blindspot", "Nm_Ruas": "Jl. Mengwitani - Bts. Kota Denpasar", "last_update": "2025-12-31T15:07:50+07:00", "Satwil": "Polda Bali", "Status": "Jalan Nasional", "SkorBS": 73 }, "geometry": { "type": "LineString", "coordinates": [ [ 115.185809270181721, -8.604557788211309, 0.0 ], [ 115.185829531008153, -8.604329848743475, 0.0 ], [ 115.186047333317788, -8.602469074987766, 0.0 ], [ 115.186075740203364, -8.602182619332382, 0.0 ], [ 115.186099413956867, -8.601827511230624, 0.0 ], [ 115.186142027432652, -8.601084146915809, 0.0 ], [ 115.186160002182419, -8.600610000051404, 0.0 ], [ 115.186189999968633, -8.600170001344452, 0.0 ], [ 115.186191785122901, -8.6000580528368, 0.0 ], [ 115.186192934456471, -8.600031050692394, 0.0 ], [ 115.186192971328637, -8.600030186443917, 0.0 ] ] } },
{ "type": "Feature", "properties": { "Kab_Kot": "Badung", "tanggal": "2025-12-22T12:00:00+07:00", "Ket": "Black Spot", "Propinsi": "Bali", "Wilayah": "Bali", "Segmen": "SEG_000017419", "coverage": "Black Link Blindspot", "Nm_Ruas": "Jl. Simp. Kuta - Tugu Ngurah Rai", "last_update": "2025-12-31T15:07:50+07:00", "Satwil": "Polda Bali", "Status": "Jalan Nasional", "SkorBS": 38 }, "geometry": { "type": "LineString", "coordinates": [ [ 115.182134473027531, -8.722160678872172, 0.0 ], [ 115.182073073613537, -8.722250638056437, 0.0 ], [ 115.181996620447762, -8.722384310587415, 0.0 ], [ 115.181916619456501, -8.722530918966697, 0.0 ], [ 115.181844293279596, -8.722627985493091, 0.0 ], [ 115.181790164884319, -8.722754592950082, 0.0 ], [ 115.181718087819604, -8.722914889010895, 0.0 ], [ 115.181717062592384, -8.722917166993625, 0.0 ], [ 115.18171545730263, -8.72292074179876, 0.0 ], [ 115.181659583323153, -8.723100105285596, 0.0 ], [ 115.181613128842855, -8.723275618774721, 0.0 ], [ 115.181573018180302, -8.723425686845928, 0.0 ], [ 115.181540000470704, -8.723569999256028, 0.0 ], [ 115.181509999986588, -8.723659999809115, 0.0 ], [ 115.181465995259487, -8.723782234762268, 0.0 ], [ 115.181465004206643, -8.723784995680944, 0.0 ], [ 115.181420000332764, -8.723909998747388, 0.0 ], [ 115.181300001993577, -8.724239997777602, 0.0 ], [ 115.181249999687793, -8.72449000211185, 0.0 ], [ 115.181229999664765, -8.724620000012919, 0.0 ], [ 115.181229998765502, -8.724650585955715, 0.0 ], [ 115.181229999664765, -8.724653944024226, 0.0 ], [ 115.181229999664765, -8.72470000010486, 0.0 ], [ 115.181209997843212, -8.724799999320453, 0.0 ], [ 115.181180000056997, -8.724909999896511, 0.0 ], [ 115.181119999988027, -8.725030000034451, 0.0 ], [ 115.181091125455168, -8.725070424560386, 0.0 ] ] } },
{ "type": "Feature", "properties": { "Kab_Kot": "Badung", "tanggal": "2025-12-22T12:00:00+07:00", "Ket": "Black Spot", "Propinsi": "Bali", "Wilayah": "Bali", "Segmen": "SEG_000017436", "coverage": "Black Link Tercover CCTV", "Nm_Ruas": "Jl. Tugu Ngurah Rai - Nusa Dua", "last_update": "2025-12-31T15:07:50+07:00", "Satwil": "Polda Bali", "Status": "Jalan Nasional", "SkorBS": 92 }, "geometry": { "type": "LineString", "coordinates": [ [ 115.184102133906435, -8.782980167800474, 0.0 ], [ 115.184422788081292, -8.783005482816748, 0.0 ], [ 115.184480000251824, -8.783010000111346, 0.0 ], [ 115.184649999997532, -8.783019999673172, 0.0 ], [ 115.184890000273299, -8.7830399996962, 0.0 ], [ 115.185089998704484, -8.783069999280997, 0.0 ], [ 115.185189999718773, -8.783089999303968, 0.0 ], [ 115.185318350961211, -8.783117503270091, 0.0 ], [ 115.185329999879627, -8.783119999788141, 0.0 ], [ 115.185459999579393, -8.783159999834083, 0.0 ], [ 115.185599999740248, -8.783199999880026, 0.0 ], [ 115.185730000339277, -8.783259999948996, 0.0 ], [ 115.185840000016015, -8.783320000017966, 0.0 ], [ 115.186148380243594, -8.783467853958257, 0.0 ], [ 115.186570000405254, -8.783669999970471, 0.0 ], [ 115.186910164472579, -8.783830296930603, 0.0 ], [ 115.186986862254003, -8.783858185806594, 0.0 ], [ 115.187020165048693, -8.783870296976602, 0.0 ], [ 115.18714016518652, -8.783900298360038, 0.0 ], [ 115.18732016539343, -8.783930297045515, 0.0 ], [ 115.187700164031412, -8.783970297990834, 0.0 ], [ 115.187939789289885, -8.783979971998065, 0.0 ], [ 115.188413001758704, -8.783972129010522, 0.0 ], [ 115.188466971873368, -8.783965871527698, 0.0 ] ] } },
{ "type": "Feature", "properties": { "Kab_Kot": "Badung", "tanggal": "2025-12-22T12:00:00+07:00", "Ket": "Black Spot", "Propinsi": "Bali", "Wilayah": "Bali", "Segmen": "SEG_000017440", "coverage": "Black Link Blindspot", "Nm_Ruas": "Jl. Tugu Ngurah Rai - Nusa Dua", "last_update": "2025-12-31T15:07:50+07:00", "Satwil": "Polda Bali", "Status": "Jalan Nasional", "SkorBS": 35 }, "geometry": { "type": "LineString", "coordinates": [ [ 115.188466971873368, -8.783965871527698, 0.0 ], [ 115.188773796273722, -8.783930297045515, 0.0 ], [ 115.188922820232051, -8.783930297944835, 0.0 ], [ 115.18914243287702, -8.783927682716353, 0.0 ], [ 115.189398790921473, -8.78394029840598, 0.0 ], [ 115.189647019994027, -8.783982585427907, 0.0 ], [ 115.189930165244959, -8.784050296284079, 0.0 ], [ 115.190380164413114, -8.784170297321339, 0.0 ], [ 115.190553450281527, -8.78421361766425, 0.0 ], [ 115.190860164065384, -8.784290297459222, 0.0 ], [ 115.191420163809539, -8.784440296282582, 0.0 ], [ 115.191428010394475, -8.784442335045696, 0.0 ], [ 115.192180000106987, -8.784609999252041, 0.0 ], [ 115.192292674367536, -8.784639827066314, 0.0 ], [ 115.192519997799764, -8.784699999805127, 0.0 ], [ 115.192870000450171, -8.784790001257534, 0.0 ], [ 115.192906080351349, -8.784798148215941, 0.0 ] ] } },
{ "type": "Feature", "properties": { "Kab_Kot": "Badung", "tanggal": "2025-12-22T12:00:00+07:00", "Ket": "Black Spot", "Propinsi": "Bali", "Wilayah": "Bali", "Segmen": "SEG_000017441", "coverage": "Black Link Blindspot", "Nm_Ruas": "Jl. Tugu Ngurah Rai - Nusa Dua", "last_update": "2025-12-31T15:07:50+07:00", "Satwil": "Polda Bali", "Status": "Jalan Nasional", "SkorBS": 34 }, "geometry": { "type": "LineString", "coordinates": [ [ 115.205076471601956, -8.786758101005489, 0.0 ], [ 115.205190000218408, -8.786809999981472, 0.0 ], [ 115.205270000310293, -8.786850000027414, 0.0 ], [ 115.205504705377962, -8.786948424530124, 0.0 ], [ 115.205890000123418, -8.787110001225528, 0.0 ], [ 115.206300000145006, -8.787280000971236, 0.0 ], [ 115.206340063143443, -8.787293734518187, 0.0 ], [ 115.206650000097511, -8.78739999931048, 0.0 ], [ 115.206659999659337, -8.78739999931048, 0.0 ], [ 115.206670000120425, -8.787409999771626, 0.0 ], [ 115.206910002194945, -8.787479999402422, 0.0 ], [ 115.207149997974057, -8.787559999494363, 0.0 ], [ 115.207196699767906, -8.78757556585964, 0.0 ], [ 115.207570001154636, -8.787699997856578, 0.0 ], [ 115.207679999932111, -8.787739999701159, 0.0 ], [ 115.207820000992342, -8.787789999308984, 0.0 ], [ 115.20805084347171, -8.78787147608773, 0.0 ], [ 115.208159999584382, -8.787910001245507, 0.0 ], [ 115.208430002142904, -8.788020000022925, 0.0 ], [ 115.208660000158943, -8.788169999745662, 0.0 ], [ 115.208841957290588, -8.788297369827717, 0.0 ], [ 115.209219820038697, -8.788561873031995, 0.0 ] ] } },
{ "type": "Feature", "properties": { "Kab_Kot": "Kota Denpasar", "tanggal": "2025-12-22T12:00:00+07:00", "Ket": "Black Spot", "Propinsi": "Bali", "Wilayah": "Bali", "Segmen": "SEG_000017449", "coverage": "Black Link Blindspot", "Nm_Ruas": "Jl. Simpang Kuta - Simp. Pesanggaran", "last_update": "2025-12-31T15:07:50+07:00", "Satwil": "Polda Bali", "Status": "Jalan Nasional", "SkorBS": 44 }, "geometry": { "type": "LineString", "coordinates": [ [ 115.198993473470068, -8.719320155800517, 0.0 ], [ 115.19839562036168, -8.719543234432649, 0.0 ], [ 115.194760000373776, -8.720939999381415, 0.0 ], [ 115.194747592427461, -8.720944511280152, 0.0 ] ] } },
{ "type": "Feature", "properties": { "Kab_Kot": "Kota Denpasar", "tanggal": "2025-12-22T12:00:00+07:00", "Ket": "Black Spot", "Propinsi": "Bali", "Wilayah": "Bali", "Segmen": "SEG_000017470", "coverage": "Black Link Blindspot", "Nm_Ruas": "Jl. Simpang Pesanggaran - Simpang Sanur", "last_update": "2025-12-31T15:07:50+07:00", "Satwil": "Polda Bali", "Status": "Jalan Nasional", "SkorBS": 31 }, "geometry": { "type": "LineString", "coordinates": [ [ 115.24434175436852, -8.706379703860193, 0.0 ], [ 115.243497075129994, -8.707173422115716, 0.0 ], [ 115.243145933038477, -8.707476809307252, 0.0 ], [ 115.242991427712241, -8.707611648258933, 0.0 ], [ 115.242676806189706, -8.707827952298089, 0.0 ], [ 115.24244270906388, -8.707965818367768, 0.0 ], [ 115.242167413995048, -8.708109084866351, 0.0 ], [ 115.241748849729674, -8.70830853381176, 0.0 ], [ 115.241445465236097, -8.708440565979288, 0.0 ], [ 115.240541838135414, -8.708763109629786, 0.0 ] ] } },
{ "type": "Feature", "properties": { "Kab_Kot": "Kota Denpasar", "tanggal": "2025-12-22T12:00:00+07:00", "Ket": "Black Spot", "Propinsi": "Bali", "Wilayah": "Bali", "Segmen": "SEG_000017476", "coverage": "Black Link Blindspot", "Nm_Ruas": "Jl. Simpang Pesanggaran - Simpang Sanur", "last_update": "2025-12-31T15:07:50+07:00", "Satwil": "Polda Bali", "Status": "Jalan Nasional", "SkorBS": 30 }, "geometry": { "type": "LineString", "coordinates": [ [ 115.221906012052841, -8.714762741507286, 0.0 ], [ 115.221860000038987, -8.714789999958498, 0.0 ], [ 115.221665420023214, -8.714907077299756, 0.0 ], [ 115.221359672111248, -8.715091044416113, 0.0 ], [ 115.22088787067878, -8.715374924413197, 0.0 ], [ 115.22067999958233, -8.715500002123349, 0.0 ], [ 115.220585006892634, -8.715556995758675, 0.0 ], [ 115.220580000366795, -8.715560001292999, 0.0 ], [ 115.22052999985965, -8.715579999517331, 0.0 ], [ 115.22011000027635, -8.715839999816069, 0.0 ], [ 115.220109636050893, -8.715840212955413, 0.0 ], [ 115.219807586151205, -8.716016882972724, 0.0 ], [ 115.219580000116935, -8.716149999722688, 0.0 ], [ 115.219325500971195, -8.7162970433738, 0.0 ], [ 115.219130000049518, -8.716410000021426, 0.0 ], [ 115.219024378272479, -8.716468273392081, 0.0 ], [ 115.218840001065246, -8.716570002003948, 0.0 ], [ 115.218740000051071, -8.716629999374902, 0.0 ], [ 115.218543911872075, -8.716757455791878, 0.0 ], [ 115.218539999821246, -8.716759999973988, 0.0 ], [ 115.218241423103223, -8.716918981225945, 0.0 ], [ 115.217983133314988, -8.717056513647151, 0.0 ] ] } },
{ "type": "Feature", "properties": { "Kab_Kot": "Klungkung", "tanggal": "2025-12-22T12:00:00+07:00", "Ket": "Black Spot", "Propinsi": "Bali", "Wilayah": "Bali", "Segmen": "SEG_000017502", "coverage": "Black Link Blindspot", "Nm_Ruas": "Jl. Sp. Pantai Siut - Kosamba", "last_update": "2025-12-31T15:07:50+07:00", "Satwil": "Polda Bali", "Status": "Jalan Nasional", "SkorBS": 33 }, "geometry": { "type": "LineString", "coordinates": [ [ 115.454741613035026, -8.555312042516675, 0.0 ], [ 115.455141744795696, -8.555290718691651, 0.0 ], [ 115.45553816505435, -8.55526959271748, 0.0 ], [ 115.456044463581179, -8.555242611257484, 0.0 ], [ 115.456445261739532, -8.555221252358876, 0.0 ], [ 115.456947184165301, -8.555194504722579, 0.0 ], [ 115.457075161289708, -8.555187684264183, 0.0 ], [ 115.45735219115079, -8.555170097122243, 0.0 ], [ 115.457705159765396, -8.555147683318864, 0.0 ], [ 115.457849601677822, -8.555141537352029, 0.0 ], [ 115.458175159855841, -8.555127683295893, 0.0 ], [ 115.45825927074884, -8.55512237189987, 0.0 ], [ 115.458752157686035, -8.555091241867274, 0.0 ], [ 115.45912515869918, -8.55506768322698, 0.0 ], [ 115.459165889893939, -8.555065987105593, 0.0 ], [ 115.459280599320209, -8.555061207208894, 0.0 ] ] } },
{ "type": "Feature", "properties": { "Kab_Kot": "Gianyar", "tanggal": "2025-12-22T12:00:00+07:00", "Ket": "Black Spot", "Propinsi": "Bali", "Wilayah": "Bali", "Segmen": "SEG_000017519", "coverage": "Black Link Blindspot", "Nm_Ruas": "Jl. Sp. Tohpati - Sp. Pantai Siut", "last_update": "2025-12-31T15:07:50+07:00", "Satwil": "Polda Bali", "Status": "Jalan Nasional", "SkorBS": 31 }, "geometry": { "type": "LineString", "coordinates": [ [ 115.351769638058386, -8.582135084266667, 0.0 ], [ 115.351987128303335, -8.581987101723314, 0.0 ], [ 115.352077046118893, -8.581929881458791, 0.0 ], [ 115.352207126757548, -8.58184710156246, 0.0 ], [ 115.352375960981931, -8.581727924304232, 0.0 ], [ 115.352717127793312, -8.581487102048072, 0.0 ], [ 115.352822628161789, -8.581419035959698, 0.0 ], [ 115.353027126800498, -8.581287101818248, 0.0 ], [ 115.35312743718157, -8.581220230029544, 0.0 ], [ 115.353297128459758, -8.581107101611394, 0.0 ], [ 115.353477126868029, -8.580977101911685, 0.0 ], [ 115.353567128320378, -8.580917101842715, 0.0 ], [ 115.353571943290603, -8.580913634956232, 0.0 ], [ 115.353817128157971, -8.580737099837222, 0.0 ], [ 115.353870693577733, -8.580700630529634, 0.0 ], [ 115.354196700517377, -8.580478668855449, 0.0 ] ] } },
{ "type": "Feature", "properties": { "Kab_Kot": "Gianyar", "tanggal": "2025-12-22T12:00:00+07:00", "Ket": "Black Spot", "Propinsi": "Bali", "Wilayah": "Bali", "Segmen": "SEG_000017525", "coverage": "Black Link Blindspot", "Nm_Ruas": "Jl. Sp. Tohpati - Sp. Pantai Siut", "last_update": "2025-12-31T15:07:50+07:00", "Satwil": "Polda Bali", "Status": "Jalan Nasional", "SkorBS": 31 }, "geometry": { "type": "LineString", "coordinates": [ [ 115.330507440865745, -8.597590088311904, 0.0 ], [ 115.330547127048362, -8.597557102977873, 0.0 ], [ 115.330632641783041, -8.597490073807819, 0.0 ], [ 115.330917127023895, -8.597267101295643, 0.0 ], [ 115.331128894882681, -8.597101123318112, 0.0 ], [ 115.331287126100051, -8.596977102311371, 0.0 ], [ 115.331347127068284, -8.596937104064068, 0.0 ], [ 115.331349735102208, -8.596935323406399, 0.0 ], [ 115.331567128220399, -8.596787100744052, 0.0 ], [ 115.331868194261801, -8.596581495939233, 0.0 ], [ 115.331945405556098, -8.596528766889037, 0.0 ] ] } },
{ "type": "Feature", "properties": { "Kab_Kot": "Gianyar", "tanggal": "2025-12-22T12:00:00+07:00", "Ket": "Black Spot", "Propinsi": "Bali", "Wilayah": "Bali", "Segmen": "SEG_000017536", "coverage": "Black Link Blindspot", "Nm_Ruas": "Jl. Sp. Tohpati - Sp. Pantai Siut", "last_update": "2025-12-31T15:07:50+07:00", "Satwil": "Polda Bali", "Status": "Jalan Nasional", "SkorBS": 34 }, "geometry": { "type": "LineString", "coordinates": [ [ 115.283616139173546, -8.636740448512853, 0.0 ], [ 115.283867127366079, -8.636717102112527, 0.0 ], [ 115.284297129209222, -8.636647101582412, 0.0 ], [ 115.284419368658973, -8.636627201384215, 0.0 ], [ 115.284513694051839, -8.636611846359585, 0.0 ], [ 115.284727125656332, -8.636577101052353, 0.0 ], [ 115.285197129344056, -8.636507101421557, 0.0 ], [ 115.285313032170734, -8.636491053918974, 0.0 ], [ 115.285412063715853, -8.636477341056377, 0.0 ], [ 115.285847126943395, -8.636417099969151, 0.0 ], [ 115.28591712837283, -8.636407103105284, 0.0 ], [ 115.286205512174661, -8.636349425085825, 0.0 ], [ 115.286307856822191, -8.636328955616762, 0.0 ], [ 115.286417128048129, -8.636307102091052, 0.0 ], [ 115.286927128184516, -8.63614710100785, 0.0 ], [ 115.287070048444093, -8.636090598402347, 0.0 ], [ 115.287170911008843, -8.636050722462812, 0.0 ], [ 115.287357128228905, -8.635977101262142, 0.0 ], [ 115.287717126843972, -8.635797101954665, 0.0 ], [ 115.287882914165266, -8.635698665760742, 0.0 ], [ 115.287979271126574, -8.635641452690834, 0.0 ], [ 115.287984749796465, -8.635638199843015, 0.0 ] ] } },
{ "type": "Feature", "properties": { "Kab_Kot": "Gianyar", "tanggal": "2025-12-22T12:00:00+07:00", "Ket": "Black Spot", "Propinsi": "Bali", "Wilayah": "Bali", "Segmen": "SEG_000017571", "coverage": "Black Link Blindspot", "Nm_Ruas": "Jl. Sp. Tohpati - Sakah", "last_update": "2025-12-31T15:07:50+07:00", "Satwil": "Polda Bali", "Status": "Jalan Nasional", "SkorBS": 32 }, "geometry": { "type": "LineString", "coordinates": [ [ 115.256677691022674, -8.623538971945948, 0.0 ], [ 115.256673612597183, -8.623525376894577, 0.0 ], [ 115.256660000458737, -8.6234799998021, 0.0 ], [ 115.256440000205885, -8.622799999920005, 0.0 ], [ 115.256392996239811, -8.622666814821628, 0.0 ], [ 115.256380000136915, -8.622629999274977, 0.0 ], [ 115.256329999629884, -8.622510000036414, 0.0 ], [ 115.256289999583828, -8.622429999944472, 0.0 ], [ 115.256190000368292, -8.622269998861327, 0.0 ], [ 115.256079997993538, -8.622129999599736, 0.0 ], [ 115.255919997809656, -8.62190999934694, 0.0 ], [ 115.255916716183606, -8.621904088103122, 0.0 ], [ 115.255870000000527, -8.621819999693173, 0.0 ], [ 115.255809999931557, -8.62169999955529, 0.0 ], [ 115.255680000231905, -8.621369999625756, 0.0 ], [ 115.255609999701733, -8.621199999880048, 0.0 ], [ 115.255569999655791, -8.621109999326961, 0.0 ], [ 115.255557812043435, -8.621075461763098, 0.0 ], [ 115.25550999958682, -8.620939997782614, 0.0 ], [ 115.255379999887168, -8.620569998706401, 0.0 ], [ 115.25535999986414, -8.620540000020924, 0.0 ], [ 115.255267010863918, -8.620312175666299, 0.0 ] ] } },
{ "type": "Feature", "properties": { "Kab_Kot": "Buleleng", "tanggal": "2025-12-22T12:00:00+07:00", "Ket": "Black Spot", "Propinsi": "Bali", "Wilayah": "Bali", "Segmen": "SEG_000017739", "coverage": "Black Link Blindspot", "Nm_Ruas": "Jl. Cekik - Seririt", "last_update": "2025-12-31T15:07:50+07:00", "Satwil": "Polda Bali", "Status": "Jalan Nasional", "SkorBS": 35 }, "geometry": { "type": "LineString", "coordinates": [ [ 114.790791341547219, -8.185547408785851, 0.0 ], [ 114.790558382963013, -8.185457357870746, 0.0 ], [ 114.790410001120676, -8.185400000009963, 0.0 ], [ 114.789157287778721, -8.185038968973174, 0.0 ], [ 114.787982256975624, -8.184690079683378, 0.0 ], [ 114.786437554449662, -8.18424427585262, 0.0 ] ] } },
{ "type": "Feature", "properties": { "Kab_Kot": "Kota Denpasar", "tanggal": "2025-12-22T12:00:00+07:00", "Ket": "Black Spot", "Propinsi": "Bali", "Wilayah": "Bali", "Segmen": "SEG_000021411", "coverage": "Black Link Blindspot", "Nm_Ruas": "Jl. Sp. Buagan - Sp. Br. Abian Base", "last_update": "2025-12-31T15:07:50+07:00", "Satwil": "Polda Bali", "Status": "Jalan Nasional", "SkorBS": 30 }, "geometry": { "type": "LineString", "coordinates": [ [ 115.18330149716644, -8.705495431069266, 0.0 ], [ 115.183279999772253, -8.705519999648232, 0.0 ], [ 115.182949999842663, -8.705789999508852, 0.0 ], [ 115.182690001342507, -8.705989999738676, 0.0 ], [ 115.182599999890158, -8.706069999830561, 0.0 ] ] } },
{ "type": "Feature", "properties": { "Kab_Kot": "Tabanan", "tanggal": "2025-12-22T12:00:00+07:00", "Ket": "Black Spot", "Propinsi": "Bali", "Wilayah": "Bali", "Segmen": "SEG_000028373", "coverage": "Black Link Blindspot", "Nm_Ruas": "Jl. Simp. Kediri - Pesiapan (Tabanan)", "last_update": "2025-12-31T15:07:50+07:00", "Satwil": "Polda Bali", "Status": "Jalan Nasional", "SkorBS": 41 }, "geometry": { "type": "LineString", "coordinates": [ [ 115.115675571170755, -8.545773197974654, 0.0 ], [ 115.115669999870647, -8.545769999985453, 0.0 ], [ 115.115359999964085, -8.545599999340425, 0.0 ], [ 115.115119999688318, -8.54546000007889, 0.0 ], [ 115.115095290815134, -8.545439342651491, 0.0 ], [ 115.115017973400768, -8.545374703879418, 0.0 ], [ 115.11491085605121, -8.545287064046704, 0.0 ] ] } },
{ "type": "Feature", "properties": { "Kab_Kot": "Badung, Tabanan", "tanggal": "2025-12-22T12:00:00+07:00", "Ket": "Black Spot", "Propinsi": "Bali", "Wilayah": "Bali", "Segmen": "SEG_000029974", "coverage": "Black Link Blindspot", "Nm_Ruas": "Jl. Br. Taman Tanda - Mengwitani", "last_update": "2025-12-31T15:07:50+07:00", "Satwil": "Polda Bali", "Status": "Jalan Nasional", "SkorBS": 43 }, "geometry": { "type": "LineString", "coordinates": [ [ 115.17221642035156, -8.528110464426334, 0.0 ], [ 115.172400746297512, -8.527555906479847, 0.0 ], [ 115.172403930796804, -8.527546310713603, 0.0 ], [ 115.172499831801815, -8.527257568981554, 0.0 ] ] } },
{ "type": "Feature", "properties": { "Kab_Kot": "Gianyar", "tanggal": "2025-12-22T12:00:00+07:00", "Ket": "Black Spot", "Propinsi": "Bali", "Wilayah": "Bali", "Segmen": "SEG_000034266", "coverage": "Black Link Blindspot", "Nm_Ruas": "Jl. Sp. Tohpati - Sp. Pantai Siut", "last_update": "2025-12-31T15:07:50+07:00", "Satwil": "Polda Bali", "Status": "Jalan Nasional", "SkorBS": 37 }, "geometry": { "type": "LineString", "coordinates": [ [ 115.298515007861397, -8.622807565916389, 0.0 ], [ 115.298607128116487, -8.622687101728332, 0.0 ], [ 115.298667127286194, -8.622617102097536, 0.0 ], [ 115.298769763313999, -8.62248745673071, 0.0 ], [ 115.298861528336943, -8.622371544011514, 0.0 ], [ 115.299075430286962, -8.62210135079664, 0.0 ] ] } },
{ "type": "Feature", "properties": { "Kab_Kot": "Kota Denpasar", "tanggal": "2025-12-22T12:00:00+07:00", "Ket": "Black Spot", "Propinsi": "Bali", "Wilayah": "Bali", "Segmen": "SEG_000035514", "coverage": "Black Link Blindspot", "Nm_Ruas": "Jl. Sekar Sari", "last_update": "2025-12-31T15:07:50+07:00", "Satwil": "Polda Bali", "Status": "Jalan Kota", "SkorBS": 33 }, "geometry": { "type": "LineString", "coordinates": [ [ 115.263071348264134, -8.650071958054355, 0.0 ], [ 115.263040999742429, -8.649921999700496, 0.0 ], [ 115.262974000249983, -8.649685999609176, 0.0 ], [ 115.262938000388431, -8.64952999960974, 0.0 ], [ 115.262887308302652, -8.649187101603388, 0.0 ] ] } },
{ "type": "Feature", "properties": { "Kab_Kot": "Tabanan", "tanggal": "2025-12-22T12:00:00+07:00", "Ket": "Black Spot", "Propinsi": "Bali", "Wilayah": "Bali", "Segmen": "SEG_000037500", "coverage": "Black Link Blindspot", "Nm_Ruas": "Jl. A. Yani (Tabanan)", "last_update": "2025-12-31T15:07:50+07:00", "Satwil": "Polda Bali", "Status": "Jalan Nasional", "SkorBS": 32 }, "geometry": { "type": "LineString", "coordinates": [ [ 115.144119030269053, -8.55616411238384, 0.0 ], [ 115.144034550654055, -8.556127275253516, 0.0 ], [ 115.144019997824671, -8.556119999738144, 0.0 ], [ 115.143981347661111, -8.556103895578246, 0.0 ], [ 115.143900002183386, -8.556069999231056, 0.0 ], [ 115.143285713065211, -8.555811820958752, 0.0 ] ] } },
{ "type": "Feature", "properties": { "Kab_Kot": "Jembrana", "tanggal": "2025-12-22T12:00:00+07:00", "Ket": "Black Spot", "Propinsi": "Bali", "Wilayah": "Bali", "Segmen": "SEG_000040261", "coverage": "Black Link Blindspot", "Nm_Ruas": "Jl. Bts. Kota Negara - Pekutatan", "last_update": "2025-12-31T15:07:50+07:00", "Satwil": "Polda Bali", "Status": "Jalan Nasional", "SkorBS": 32 }, "geometry": { "type": "LineString", "coordinates": [ [ 114.706406577101916, -8.385275751075028, 0.0 ], [ 114.705846094421759, -8.384564494355857, 0.0 ], [ 114.705843829928881, -8.38456162102193, 0.0 ] ] } },
{ "type": "Feature", "properties": { "Kab_Kot": "Kota Bandung", "tanggal": "2025-12-22T12:00:00+07:00", "Ket": "Black Spot", "Propinsi": "Jawa Barat", "Wilayah": "Bandung", "Segmen": "SEG_000044052", "coverage": "Black Link Blindspot", "Nm_Ruas": "Jl. A.H. Nasution", "last_update": "2025-12-31T15:07:50+07:00", "Satwil": "Polrestabes Bandung", "Status": "Jalan Nasional", "SkorBS": 40 }, "geometry": { "type": "LineString", "coordinates": [ [ 107.672213132130423, -6.904631985677554, 0.0 ], [ 107.672179100884875, -6.904613299564062, 0.0 ], [ 107.672000200548894, -6.904519299725848, 0.0 ], [ 107.67185330078928, -6.904451300187304, 0.0 ], [ 107.671805200549613, -6.90442909952327, 0.0 ], [ 107.671782000738801, -6.904418599938367, 0.0 ], [ 107.671728500070287, -6.904394300256683, 0.0 ], [ 107.67145890040797, -6.904296300234023, 0.0 ], [ 107.671354700459119, -6.904271899828245, 0.0 ], [ 107.671260500072094, -6.904251599431745, 0.0 ], [ 107.671153000510628, -6.904241699694637, 0.0 ], [ 107.671057100404937, -6.904241299496334, 0.0 ], [ 107.670956700091722, -6.904240400174274, 0.0 ], [ 107.670782900710378, -6.904244099985192, 0.0 ], [ 107.670403500121495, -6.904241599869863, 0.0 ], [ 107.67039580012613, -6.904241500045146, 0.0 ], [ 107.670369700001686, -6.904240900197351, 0.0 ], [ 107.669868600455629, -6.904229999514826, 0.0 ], [ 107.669790800105375, -6.904228299796159, 0.0 ], [ 107.669696200419367, -6.904226299703907, 0.0 ], [ 107.669494700120367, -6.904221900220477, 0.0 ], [ 107.669430100019156, -6.904220400151303, 0.0 ], [ 107.669320300891229, -6.904217999860748, 0.0 ], [ 107.669297000356323, -6.904217999860748, 0.0 ], [ 107.668261700816913, -6.90420989966708, 0.0 ], [ 107.667917500592239, -6.904204099939193, 0.0 ], [ 107.667762034790144, -6.904201477516153, 0.0 ] ] } },
{ "type": "Feature", "properties": { "Kab_Kot": "Kota Bandung", "tanggal": "2025-12-22T12:00:00+07:00", "Ket": "Black Spot", "Propinsi": "Jawa Barat", "Wilayah": "Bandung", "Segmen": "SEG_000044085", "coverage": "Black Link Blindspot", "Nm_Ruas": "Jl. Ahmad Yani", "last_update": "2025-12-31T15:07:50+07:00", "Satwil": "Polrestabes Bandung", "Status": "Jalan Kota", "SkorBS": 33 }, "geometry": { "type": "LineString", "coordinates": [ [ 107.644596613143221, -6.9079917386278, 0.0 ], [ 107.644752500727407, -6.907909400298536, 0.0 ], [ 107.644936600044105, -6.907812099948387, 0.0 ], [ 107.645420000033027, -6.907556799506665, 0.0 ], [ 107.645657700742333, -6.907430999640894, 0.0 ], [ 107.64571500014722, -6.907400699682512, 0.0 ], [ 107.645778900575863, -6.907367199936289, 0.0 ], [ 107.645857500423347, -6.907324699775018, 0.0 ], [ 107.64593950060754, -6.907281599765952, 0.0 ], [ 107.646281900389454, -6.907101599559098, 0.0 ], [ 107.646565300148552, -6.90695179948591, 0.0 ], [ 107.646916800170231, -6.90676620009998, 0.0 ], [ 107.646953200230087, -6.906746999574352, 0.0 ], [ 107.647059800469492, -6.90669070021562, 0.0 ], [ 107.647341600334641, -6.906544000105498, 0.0 ], [ 107.647354100011739, -6.906537599630497, 0.0 ], [ 107.647393700758755, -6.90651869947834, 0.0 ], [ 107.647437900638636, -6.906495599492303, 0.0 ], [ 107.647499200227969, -6.90646349999048, 0.0 ], [ 107.647581500785691, -6.906420399981414, 0.0 ], [ 107.647873100563174, -6.906267499945102, 0.0 ], [ 107.648142883687171, -6.90612562289914, 0.0 ] ] } },
{ "type": "Feature", "properties": { "Kab_Kot": "Kota Bandung", "tanggal": "2025-12-22T12:00:00+07:00", "Ket": "Black Spot", "Propinsi": "Jawa Barat", "Wilayah": "Bandung", "Segmen": "SEG_000044671", "coverage": "Black Link Blindspot", "Nm_Ruas": "Jl. Kopo", "last_update": "2025-12-31T15:07:50+07:00", "Satwil": "Polrestabes Bandung", "Status": "Jalan Provinsi", "SkorBS": 40 }, "geometry": { "type": "LineString", "coordinates": [ [ 107.592659336858958, -6.940949244911678, 0.0 ], [ 107.593089600404824, -6.940297900127916, 0.0 ], [ 107.593140000210894, -6.94021680016516, 0.0 ], [ 107.593214800422743, -6.940096200179426, 0.0 ], [ 107.593235600842377, -6.940062800257977, 0.0 ], [ 107.593309400108808, -6.939943999815682, 0.0 ], [ 107.593440400753934, -6.939733099802652, 0.0 ], [ 107.593600500762534, -6.939475200320203, 0.0 ], [ 107.593768800789576, -6.939164199468166, 0.0 ], [ 107.59390920024947, -6.938912099713605, 0.0 ], [ 107.59399870077948, -6.938751999704948, 0.0 ], [ 107.594081400636185, -6.938604199724011, 0.0 ], [ 107.59410150048393, -6.938569600106916, 0.0 ], [ 107.594148000829648, -6.93848719972442, 0.0 ], [ 107.594204000714114, -6.938388099830888, 0.0 ], [ 107.594516241731242, -6.93782684643179, 0.0 ] ] } },
{ "type": "Feature", "properties": { "Kab_Kot": "Kota Bandung", "tanggal": "2025-12-22T12:00:00+07:00", "Ket": "Black Spot", "Propinsi": "Jawa Barat", "Wilayah": "Bandung", "Segmen": "SEG_000044783", "coverage": "Black Link Blindspot", "Nm_Ruas": "Jl. Mochamad Toha", "last_update": "2025-12-31T15:07:50+07:00", "Satwil": "Polrestabes Bandung", "Status": "Jalan Provinsi", "SkorBS": 37 }, "geometry": { "type": "LineString", "coordinates": [ [ 107.607578275716889, -6.942950498166908, 0.0 ], [ 107.607568900284605, -6.942922799947212, 0.0 ], [ 107.607498900653809, -6.942715900118628, 0.0 ], [ 107.607415100026913, -6.942468000198005, 0.0 ], [ 107.607404400792518, -6.942436499644714, 0.0 ], [ 107.607326700267038, -6.942206699479527, 0.0 ], [ 107.607287100419398, -6.942085700194866, 0.0 ], [ 107.607210300115298, -6.94185149964693, 0.0 ], [ 107.607173600581234, -6.941739300228448, 0.0 ], [ 107.60700940056347, -6.941238099958298, 0.0 ], [ 107.606932000411575, -6.941001900217486, 0.0 ], [ 107.606898200291766, -6.940898599590639, 0.0 ], [ 107.606859212882455, -6.940779575217164, 0.0 ] ] } },
{ "type": "Feature", "properties": { "Kab_Kot": "Kota Bandung", "tanggal": "2025-12-22T12:00:00+07:00", "Ket": "Black Spot", "Propinsi": "Jawa Barat", "Wilayah": "Bandung", "Segmen": "SEG_000044939", "coverage": "Black Link Blindspot", "Nm_Ruas": "Jl. Rancasawo", "last_update": "2025-12-31T15:07:50+07:00", "Satwil": "Polrestabes Bandung", "Status": "Jalan Kota", "SkorBS": 32 }, "geometry": { "type": "LineString", "coordinates": [ [ 107.66441098188136, -6.960627942825226, 0.0 ], [ 107.664611500120714, -6.960680400280182, 0.0 ], [ 107.664730200738234, -6.96071099971283, 0.0 ], [ 107.665086900640006, -6.960803499481869, 0.0 ], [ 107.665558300075531, -6.96092930024696, 0.0 ], [ 107.665826600217486, -6.961003999734771, 0.0 ], [ 107.665970700387561, -6.961039799946775, 0.0 ], [ 107.666041600239737, -6.961058399725346, 0.0 ], [ 107.666302200386326, -6.961127000011004, 0.0 ], [ 107.666321100538426, -6.961132699914117, 0.0 ], [ 107.666423800418102, -6.961156299923232, 0.0 ], [ 107.667003400886301, -6.961289100111856, 0.0 ], [ 107.667172000387552, -6.961328000286926, 0.0 ], [ 107.667608300182962, -6.961429700120505, 0.0 ], [ 107.668092100370188, -6.961477699636077, 0.0 ], [ 107.668139100738983, -6.961482500217187, 0.0 ], [ 107.668413500083034, -6.961523000286206, 0.0 ], [ 107.668621300132941, -6.961566100295272, 0.0 ], [ 107.668826672013381, -6.961608898132113, 0.0 ] ] } },
{ "type": "Feature", "properties": { "Kab_Kot": "Kota Bandung", "tanggal": "2025-12-22T12:00:00+07:00", "Ket": "Black Spot", "Propinsi": "Jawa Barat", "Wilayah": "Bandung", "Segmen": "SEG_000045026", "coverage": "Black Link Blindspot", "Nm_Ruas": "Jl. Soekarno Hatta", "last_update": "2025-12-31T15:07:50+07:00", "Satwil": "Polrestabes Bandung", "Status": "Jalan Nasional", "SkorBS": 31 }, "geometry": { "type": "LineString", "coordinates": [ [ 107.576391048907851, -6.931591379038878, 0.0 ], [ 107.576503300486991, -6.931955799620425, 0.0 ], [ 107.576586700016264, -6.932175799873221, 0.0 ], [ 107.576626900611018, -6.932281800264832, 0.0 ], [ 107.576671000666181, -6.932390100222904, 0.0 ], [ 107.576732900103309, -6.932542500236138, 0.0 ], [ 107.576819000296666, -6.932755500166138, 0.0 ], [ 107.576953000180879, -6.933087399463886, 0.0 ], [ 107.577058900747716, -6.933305999472225, 0.0 ], [ 107.577127100835071, -6.933446899854516, 0.0 ], [ 107.577359100741944, -6.933926199834218, 0.0 ], [ 107.577467799999056, -6.934135099754997, 0.0 ], [ 107.577519000201733, -6.934239600077433, 0.0 ], [ 107.577829600855466, -6.934749899688086, 0.0 ], [ 107.578352400143217, -6.935524399431415, 0.0 ], [ 107.57841835012681, -6.935618469416795, 0.0 ] ] } },
{ "type": "Feature", "properties": { "Kab_Kot": "Kota Bandung", "tanggal": "2025-12-22T12:00:00+07:00", "Ket": "Black Spot", "Propinsi": "Jawa Barat", "Wilayah": "Bandung", "Segmen": "SEG_000045065", "coverage": "Black Link Blindspot", "Nm_Ruas": "Jl. Soekarno Hatta", "last_update": "2025-12-31T15:07:50+07:00", "Satwil": "Polrestabes Bandung", "Status": "Jalan Nasional", "SkorBS": 32 }, "geometry": { "type": "LineString", "coordinates": [ [ 107.67825338728403, -6.938012917062451, 0.0 ], [ 107.678442900519485, -6.938000000099862, 0.0 ], [ 107.68058690046513, -6.937851999570057, 0.0 ], [ 107.681288400439371, -6.937803299482653, 0.0 ], [ 107.682152100339238, -6.937732199980985, 0.0 ], [ 107.682771560559161, -6.937692976949279, 0.0 ] ] } },
{ "type": "Feature", "properties": { "Kab_Kot": "Kota Surakarta", "tanggal": "2025-12-22T12:00:00+07:00", "Ket": "Black Spot", "Propinsi": "Jawa Tengah", "Wilayah": "Surakarta", "Segmen": "SEG_000050018", "coverage": "Black Link Blindspot", "Nm_Ruas": "Jl. Dr. Rajiman", "last_update": "2025-12-31T15:07:50+07:00", "Satwil": "Polresta Surakarta", "Status": "Jalan Kota", "SkorBS": 33 }, "geometry": { "type": "LineString", "coordinates": [ [ 110.788632112332635, -7.568380500899148, 0.0 ], [ 110.788692403831419, -7.568389288734636, 0.0 ], [ 110.788989789846994, -7.568444480128619, 0.0 ], [ 110.789379422022762, -7.568512884362065, 0.0 ], [ 110.789399895988481, -7.56851647805297, 0.0 ], [ 110.789525713791818, -7.568536717599503, 0.0 ] ] } },
{ "type": "Feature", "properties": { "Kab_Kot": "Kota Surakarta", "tanggal": "2025-12-22T12:00:00+07:00", "Ket": "Black Spot", "Propinsi": "Jawa Tengah", "Wilayah": "Surakarta", "Segmen": "SEG_000051232", "coverage": "Black Link Blindspot", "Nm_Ruas": "Jl. Sutami", "last_update": "2025-12-31T15:07:50+07:00", "Satwil": "Polresta Surakarta", "Status": "Jalan Nasional", "SkorBS": 51 }, "geometry": { "type": "LineString", "coordinates": [ [ 110.851924709058153, -7.563624287530786, 0.0 ], [ 110.85194857616591, -7.563635835725165, 0.0 ], [ 110.852052649310394, -7.563684242633656, 0.0 ], [ 110.852180925909067, -7.563718128189009, 0.0 ], [ 110.852322623989949, -7.563748063921992, 0.0 ], [ 110.85235276926494, -7.563754432920689, 0.0 ], [ 110.852497988191658, -7.563766534198123, 0.0 ], [ 110.852660151245061, -7.563759273071923, 0.0 ], [ 110.852824731676094, -7.563747171794489, 0.0 ], [ 110.853040140889846, -7.563725389315209, 0.0 ], [ 110.853223840008297, -7.563703519601688, 0.0 ], [ 110.853243447926843, -7.563701185860964, 0.0 ], [ 110.853412871207126, -7.56370360593661, 0.0 ], [ 110.853635539748439, -7.563742330743935, 0.0 ], [ 110.854078458554056, -7.563860927040082, 0.0 ], [ 110.854109085865673, -7.563868713370368, 0.0 ], [ 110.854364058054898, -7.563933537402761, 0.0 ], [ 110.854521379158371, -7.563981943411932, 0.0 ], [ 110.854688380564369, -7.564047291749091, 0.0 ], [ 110.854823919188561, -7.564102958884405, 0.0 ], [ 110.854962049658923, -7.564165549900167, 0.0 ], [ 110.854978820216445, -7.564173149171438, 0.0 ], [ 110.855218431985122, -7.564301425770111, 0.0 ], [ 110.855622625983472, -7.564511993933309, 0.0 ], [ 110.855768124599308, -7.564576239701637, 0.0 ], [ 110.855808990692424, -7.564594284598513, 0.0 ], [ 110.855934847215508, -7.564649952633147, 0.0 ], [ 110.856094589293946, -7.564703199692872, 0.0 ], [ 110.856236882812453, -7.564734326632384, 0.0 ] ] } },
{ "type": "Feature", "properties": { "Kab_Kot": "Kota Surakarta", "tanggal": "2025-12-22T12:00:00+07:00", "Ket": "Black Spot", "Propinsi": "Jawa Tengah", "Wilayah": "Surakarta", "Segmen": "SEG_000051257", "coverage": "Black Link Blindspot", "Nm_Ruas": "Jl. Lingkar Utara Surakarta", "last_update": "2025-12-31T15:07:50+07:00", "Satwil": "Polresta Surakarta", "Status": "Jalan Nasional", "SkorBS": 32 }, "geometry": { "type": "LineString", "coordinates": [ [ 110.852627964508997, -7.541718737829456, 0.0 ], [ 110.852778021788311, -7.541721987979315, 0.0 ], [ 110.85385444822424, -7.541736058772074, 0.0 ], [ 110.854776095040791, -7.541757164961155, 0.0 ], [ 110.855429904866298, -7.541754706214647, 0.0 ] ] } },
{ "type": "Feature", "properties": { "Kab_Kot": "Bantul", "tanggal": "2025-12-22T12:00:00+07:00", "Ket": "Black Spot", "Propinsi": "Daerah Istimewa Yogyakarta", "Wilayah": "Yogyakarta", "Segmen": "SEG_000051435", "coverage": "Black Link Blindspot", "Nm_Ruas": "Jl. Bantul - Srandakan", "last_update": "2025-12-31T15:07:50+07:00", "Satwil": "Polda DI Yogyakarta", "Status": "Jalan Provinsi", "SkorBS": 53 }, "geometry": { "type": "LineString", "coordinates": [ [ 110.285320949901973, -7.916108315046642, -0.000023499999088 ], [ 110.285081061142137, -7.916470779602776, -0.000023499999088 ], [ 110.284708368596398, -7.916953220914365, -0.000023499999088 ], [ 110.284623683036614, -7.917086370039897, -0.000023499999088 ], [ 110.284522795290854, -7.917245084193212, -0.000023499999088 ], [ 110.284100220049197, -7.917849340474618, -0.000023499999088 ], [ 110.283861357415788, -7.918156485033705, -0.000023499999088 ], [ 110.283745654238601, -7.918317072474849, -0.000023499999088 ], [ 110.283669863873172, -7.91842219602745, -0.000023499999088 ], [ 110.28352699487499, -7.918620362539627, -0.000023499999088 ], [ 110.283421621310822, -7.918784583241859, -0.000023499999088 ], [ 110.283210233865248, -7.91911402109514, -0.000023499999088 ], [ 110.28271957724678, -7.919825963097651, -0.000023499999088 ] ] } },
{ "type": "Feature", "properties": { "Kab_Kot": "Bantul", "tanggal": "2025-12-22T12:00:00+07:00", "Ket": "Black Spot", "Propinsi": "Daerah Istimewa Yogyakarta", "Wilayah": "Yogyakarta", "Segmen": "SEG_000051441", "coverage": "Black Link Blindspot", "Nm_Ruas": "Jl. Bantul - Srandakan", "last_update": "2025-12-31T15:07:50+07:00", "Satwil": "Polda DI Yogyakarta", "Status": "Jalan Provinsi", "SkorBS": 40 }, "geometry": { "type": "LineString", "coordinates": [ [ 110.264926956413944, -7.932226225559816, -0.000023499999088 ], [ 110.264558981711673, -7.932450395968942, -0.000023499999088 ], [ 110.264347629339682, -7.932587566862651, -0.000023499999088 ], [ 110.263983876954399, -7.932841047076636, -0.000023499999088 ], [ 110.263914773947704, -7.9328892012756, -0.000023499999088 ], [ 110.262885347880569, -7.933636865249071, -0.000023499999088 ], [ 110.262467225182377, -7.933940513244067, -0.000023499999088 ], [ 110.262195153283756, -7.934104613437114, -0.000023499999088 ], [ 110.262020560700364, -7.934265812417266, -0.000023499999088 ], [ 110.261691935834222, -7.934511741923302, -0.000023499999088 ], [ 110.261288701412525, -7.934813516630413, -0.000023499999088 ], [ 110.261229907334439, -7.934852734266201, -0.000023499999088 ] ] } },
{ "type": "Feature", "properties": { "Kab_Kot": "Gunungkidul", "tanggal": "2025-12-22T12:00:00+07:00", "Ket": "Black Spot", "Propinsi": "Daerah Istimewa Yogyakarta", "Wilayah": "Yogyakarta", "Segmen": "SEG_000052149", "coverage": "Black Link Blindspot", "Nm_Ruas": "Jl. Semin - Bulu", "last_update": "2025-12-31T15:07:50+07:00", "Satwil": "Polda DI Yogyakarta", "Status": "Jalan Provinsi", "SkorBS": 31 }, "geometry": { "type": "LineString", "coordinates": [ [ 110.726762753098626, -7.831839704338847, -0.000023499999088 ], [ 110.726664471588151, -7.831588976050341, -0.000023499999088 ], [ 110.726125013258809, -7.830151313532269, -0.000023499999088 ], [ 110.725944918623156, -7.829788000915471, -0.000023499999088 ], [ 110.725918196167868, -7.829705686867896, -0.000023499999088 ], [ 110.725907090439932, -7.829647076251547, -0.000023499999088 ], [ 110.725841446225843, -7.829492567328089, -0.000023499999088 ], [ 110.72574291830108, -7.829184747378122, -0.000023499999088 ], [ 110.725612913205453, -7.828858275488983, -0.000023499999088 ], [ 110.725181186462635, -7.827589109949429, -0.000023499999088 ] ] } },
{ "type": "Feature", "properties": { "Kab_Kot": "Bantul", "tanggal": "2025-12-22T12:00:00+07:00", "Ket": "Black Spot", "Propinsi": "Daerah Istimewa Yogyakarta", "Wilayah": "Yogyakarta", "Segmen": "SEG_000052688", "coverage": "Black Link Blindspot", "Nm_Ruas": "Jl. Palbapang - Samas", "last_update": "2025-12-31T15:07:50+07:00", "Satwil": "Polda DI Yogyakarta", "Status": "Jalan Provinsi", "SkorBS": 37 }, "geometry": { "type": "LineString", "coordinates": [ [ 110.295632545006015, -7.949738689588798, -0.000023499999088 ], [ 110.29568322809854, -7.949668778091564, -0.000023499999088 ], [ 110.295859383703657, -7.949377257454444, -0.000023499999088 ], [ 110.296120617872305, -7.948943813006508, -0.000023499999088 ], [ 110.296515593819663, -7.948347277404878, -0.000023499999088 ], [ 110.297429542439488, -7.947044269477431, -0.000023499999088 ], [ 110.297742253802028, -7.946516591367526, -0.000023499999088 ], [ 110.297907545596786, -7.946277137879576, -0.000023499999088 ], [ 110.298127551245557, -7.945948834970693, -0.000023499999088 ] ] } },
{ "type": "Feature", "properties": { "Kab_Kot": "Bantul", "tanggal": "2025-12-22T12:00:00+07:00", "Ket": "Black Spot", "Propinsi": "Daerah Istimewa Yogyakarta", "Wilayah": "Yogyakarta", "Segmen": "SEG_000052772", "coverage": "Black Link Blindspot", "Nm_Ruas": "Jl. Yogyakarta - Barongan", "last_update": "2025-12-31T15:07:50+07:00", "Satwil": "Polda DI Yogyakarta", "Status": "Jalan Provinsi", "SkorBS": 35 }, "geometry": { "type": "LineString", "coordinates": [ [ 110.389502620949258, -7.864146798435968, -0.000023499999088 ], [ 110.389560736039186, -7.864374219894273, -0.000023499999088 ], [ 110.389780230873043, -7.865291476220591, -0.000023499999088 ], [ 110.389882351589335, -7.865692343626733, -0.000023499999088 ], [ 110.390000395701747, -7.866195064650469, -0.000023499999088 ], [ 110.3901244778624, -7.866687894930351, -0.000023499999088 ], [ 110.390206201954697, -7.86697889486004, -0.000023499999088 ], [ 110.390313863394169, -7.867410323027912, -0.000023499999088 ], [ 110.390416002096856, -7.86778290135976, -0.000023499999088 ], [ 110.390605098046876, -7.868550154366062, -0.000023499999088 ] ] } },
{ "type": "Feature", "properties": { "Kab_Kot": "Bantul", "tanggal": "2025-12-22T12:00:00+07:00", "Ket": "Black Spot", "Propinsi": "Daerah Istimewa Yogyakarta", "Wilayah": "Yogyakarta", "Segmen": "SEG_000052787", "coverage": "Black Link Blindspot", "Nm_Ruas": "Jl. Yogyakarta - Bakulan (Parangtritis)", "last_update": "2025-12-31T15:07:50+07:00", "Satwil": "Polda DI Yogyakarta", "Status": "Jalan Provinsi", "SkorBS": 33 }, "geometry": { "type": "LineString", "coordinates": [ [ 110.363018609221513, -7.841173571802869, -0.000023499999088 ], [ 110.363426344750053, -7.840307065118907, -0.000023499999088 ], [ 110.36391746991535, -7.839265804872923, -0.000023499999088 ], [ 110.36427536411685, -7.838506022534887, -0.000023499999088 ], [ 110.364604742614858, -7.837821248152011, -0.000023499999088 ], [ 110.364954893653476, -7.83706765674691, -0.000023499999088 ] ] } },
{ "type": "Feature", "properties": { "Kab_Kot": "Bantul", "tanggal": "2025-12-22T12:00:00+07:00", "Ket": "Black Spot", "Propinsi": "Daerah Istimewa Yogyakarta", "Wilayah": "Yogyakarta", "Segmen": "SEG_000054559", "coverage": "Black Link Blindspot", "Nm_Ruas": "Jl. Ngipik - Salakan", "last_update": "2025-12-31T15:07:50+07:00", "Satwil": "Polda DI Yogyakarta", "Status": "Jalan Kabupaten", "SkorBS": 44 }, "geometry": { "type": "LineString", "coordinates": [ [ 110.413869220288348, -7.829387280998162, -0.000023499999088 ], [ 110.414140999907261, -7.829411000617142, -0.000023499999088 ], [ 110.414998999903958, -7.829458000086561, -0.000023499999088 ], [ 110.415736999762771, -7.829517000109433, -0.000023499999088 ], [ 110.416291000129604, -7.829568999809453, -0.000023499999088 ], [ 110.416445000036788, -7.829587999786327, -0.000023499999088 ], [ 110.416675999897564, -7.829627999832269, -0.000023499999088 ], [ 110.416817401202138, -7.829650514359685, -0.000023499999088 ], [ 110.417705999732163, -7.829792000200598, -0.000023499999088 ], [ 110.417838000423444, -7.829813000269723, -0.000023499999088 ], [ 110.417994000422823, -7.82984599999287, -0.000023499999088 ], [ 110.418142000053308, -7.829872000292539, -0.000023499999088 ], [ 110.418256999960647, -7.829873000338637, -0.000023499999088 ], [ 110.418297000006589, -7.82986900015419, -0.000023499999088 ], [ 110.418376284238207, -7.829862393734459, -0.000023499999088 ] ] } },
{ "type": "Feature", "properties": { "Kab_Kot": "Bantul", "tanggal": "2025-12-22T12:00:00+07:00", "Ket": "Black Spot", "Propinsi": "Daerah Istimewa Yogyakarta", "Wilayah": "Yogyakarta", "Segmen": "SEG_000054872", "coverage": "Black Link Blindspot", "Nm_Ruas": "Jl. Gose - Palbapang", "last_update": "2025-12-31T15:07:50+07:00", "Satwil": "Polda DI Yogyakarta", "Status": "Jalan Kabupaten", "SkorBS": 32 }, "geometry": { "type": "LineString", "coordinates": [ [ 110.32318489017058, -7.89716064454808, -0.000023499999088 ], [ 110.322802000212221, -7.898090000353193, -0.000023499999088 ], [ 110.322489320325928, -7.898781713005576, -0.000023499999088 ], [ 110.322457999637038, -7.898851000373327, -0.000023499999088 ], [ 110.322143999546029, -7.899536000485966, -0.000023499999088 ], [ 110.321961000100146, -7.899997000161363, -0.000023499999088 ], [ 110.321879999962107, -7.900200000529537, -0.000023499999088 ], [ 110.321867000261932, -7.900311000252429, -0.000023499999088 ], [ 110.321833999639409, -7.900632000666235, -0.000023499999088 ], [ 110.321791000354438, -7.901295000663708, -0.000023499999088 ], [ 110.321784041400463, -7.901427208199038, -0.000023499999088 ] ] } },
{ "type": "Feature", "properties": { "Kab_Kot": "Kulon Progo", "tanggal": "2025-12-22T12:00:00+07:00", "Ket": "Black Spot", "Propinsi": "Daerah Istimewa Yogyakarta", "Wilayah": "Yogyakarta", "Segmen": "SEG_000061613", "coverage": "Black Link Blindspot", "Nm_Ruas": "Jl. Sp. Kalimenur - Cemetuk", "last_update": "2025-12-31T15:07:50+07:00", "Satwil": "Polda DI Yogyakarta", "Status": "Jalan Kabupaten", "SkorBS": 31 }, "geometry": { "type": "LineString", "coordinates": [ [ 110.210386826291085, -7.86633867918664, -0.000023499999088 ], [ 110.210360000413743, -7.866329999829588, -0.000023499999088 ], [ 110.210020000023064, -7.86622000015285, -0.000023499999088 ], [ 110.209879999862153, -7.86616000008388, -0.000023499999088 ], [ 110.209532945189324, -7.86603541700083, -0.000023499999088 ] ] } },
{ "type": "Feature", "properties": { "Kab_Kot": "Bantul", "tanggal": "2025-12-22T12:00:00+07:00", "Ket": "Black Spot", "Propinsi": "Daerah Istimewa Yogyakarta", "Wilayah": "Yogyakarta", "Segmen": "SEG_000061777", "coverage": "Black Link Blindspot", "Nm_Ruas": "Jl. Karangkajen - Wojo", "last_update": "2025-12-31T15:07:50+07:00", "Satwil": "Polda DI Yogyakarta", "Status": "Jalan Kabupaten", "SkorBS": 31 }, "geometry": { "type": "LineString", "coordinates": [ [ 110.374261928045598, -7.835430485028837, -0.000023499999088 ], [ 110.374270000360298, -7.835673999855146, -0.000023499999088 ], [ 110.374267000221948, -7.83582800066165, -0.000023499999088 ], [ 110.374247000198977, -7.836088000061125, -0.000023499999088 ], [ 110.374219568178603, -7.836332815307117, -0.000023499999088 ] ] } },
{ "type": "Feature", "properties": { "Kab_Kot": "Sleman", "tanggal": "2025-12-22T12:00:00+07:00", "Ket": "Black Spot", "Propinsi": "Daerah Istimewa Yogyakarta", "Wilayah": "Yogyakarta", "Segmen": "SEG_000062005", "coverage": "Black Link Tercover CCTV", "Nm_Ruas": "Jl. Krt Pringgodiningrat", "last_update": "2025-12-31T15:07:50+07:00", "Satwil": "Polda DI Yogyakarta", "Status": "Jalan Kabupaten", "SkorBS": 33 }, "geometry": { "type": "LineString", "coordinates": [ [ 110.358423383832132, -7.721030936328589, 197.084276500000897 ], [ 110.358755107762079, -7.72117024221285, 196.879976500000907 ], [ 110.358919876151447, -7.721256201212668, 195.859976500000812 ], [ 110.359047596969106, -7.721287309661591, 197.069976500000848 ], [ 110.359259923306865, -7.721377878586168, 196.336176500000875 ] ] } },
{ "type": "Feature", "properties": { "Kab_Kot": "Kota Yogyakarta", "tanggal": "2025-12-22T12:00:00+07:00", "Ket": "Black Spot", "Propinsi": "Daerah Istimewa Yogyakarta", "Wilayah": "Yogyakarta", "Segmen": "SEG_000064739", "coverage": "Black Link Blindspot", "Nm_Ruas": "Jl. Bantul", "last_update": "2025-12-31T15:07:50+07:00", "Satwil": "Polda DI Yogyakarta", "Status": "Jalan Kota", "SkorBS": 41 }, "geometry": { "type": "LineString", "coordinates": [ [ 110.354311985609684, -7.826844592703765, -0.000023499999088 ], [ 110.354149611215632, -7.827734054582891, -0.000023499999088 ] ] } },
{ "type": "Feature", "properties": { "Kab_Kot": "Sleman", "tanggal": "2025-12-22T12:00:00+07:00", "Ket": "Black Spot", "Propinsi": "Daerah Istimewa Yogyakarta", "Wilayah": "Yogyakarta", "Segmen": "SEG_000064930", "coverage": "Black Link Blindspot", "Nm_Ruas": "Jl. Yogyakarta - Kaliurang", "last_update": "2025-12-31T15:07:50+07:00", "Satwil": "Polda DI Yogyakarta", "Status": "Jalan Provinsi", "SkorBS": 32 }, "geometry": { "type": "LineString", "coordinates": [ [ 110.414812325828223, -7.701226558159078, -0.000023499999088 ], [ 110.414949679284348, -7.700991629160285, -0.000023499999088 ], [ 110.41525907484646, -7.700492624135222, -0.000023499999088 ], [ 110.415282691043444, -7.700454535148651, -0.000023499999088 ], [ 110.415284671350548, -7.700451255321127, -0.000023499999088 ] ] } },
{ "type": "Feature", "properties": { "Kab_Kot": "Bantul", "tanggal": "2025-12-22T12:00:00+07:00", "Ket": "Black Spot", "Propinsi": "Daerah Istimewa Yogyakarta", "Wilayah": "Yogyakarta", "Segmen": "SEG_000067601", "coverage": "Black Link Blindspot", "Nm_Ruas": "Jl. Palbapang - Samas", "last_update": "2025-12-31T15:07:50+07:00", "Satwil": "Polda DI Yogyakarta", "Status": "Jalan Provinsi", "SkorBS": 36 }, "geometry": { "type": "LineString", "coordinates": [ [ 110.29042313212193, -7.960045889706009, -0.000023499999088 ], [ 110.290456946630854, -7.959973137250415, -0.000023499999088 ], [ 110.290634551943072, -7.959583594107528, -0.000023499999088 ], [ 110.290802549797888, -7.959229448280382, -0.000023499999088 ] ] } },
{ "type": "Feature", "properties": { "Kab_Kot": "Kota Yogyakarta", "tanggal": "2025-12-22T12:00:00+07:00", "Ket": "Black Spot", "Propinsi": "Daerah Istimewa Yogyakarta", "Wilayah": "Yogyakarta", "Segmen": "SEG_000069885", "coverage": "Black Link Blindspot", "Nm_Ruas": "Jl. Imogiri", "last_update": "2025-12-31T15:07:50+07:00", "Satwil": "Polda DI Yogyakarta", "Status": "Jalan Kota", "SkorBS": 45 }, "geometry": { "type": "LineString", "coordinates": [ [ 110.391443071040953, -7.835725656014176, -0.000023499999088 ], [ 110.391471972553575, -7.835792838968302, -0.000023499999088 ], [ 110.391836803225942, -7.836539878812289, -0.000023499999088 ] ] } },
{ "type": "Feature", "properties": { "Kab_Kot": "Kota Medan", "tanggal": "2025-12-22T12:00:00+07:00", "Ket": "Black Spot", "Propinsi": "Sumatera Utara", "Wilayah": "Medan", "Segmen": "SEG_000083142", "coverage": "Black Link Blindspot", "Nm_Ruas": "Jl. Sekip", "last_update": "2025-12-31T15:07:50+07:00", "Satwil": "Polrestabes Medan", "Status": "Jalan Kota", "SkorBS": 33 }, "geometry": { "type": "LineString", "coordinates": [ [ 98.663163004000069, 3.599156495000045, 0.0 ], [ 98.662941, 3.599466600000028, 0.0 ], [ 98.662880700000073, 3.599546900000064, 0.0 ], [ 98.662662700000055, 3.599842700000067, 0.0 ], [ 98.662391200000059, 3.600208700000053, 0.0 ], [ 98.662004200000069, 3.600698, 0.0 ], [ 98.661693400000047, 3.601073800000052, 0.0 ], [ 98.66149450000006, 3.601303500000029, 0.0 ], [ 98.661456, 3.601379, 0.0 ], [ 98.661425600000086, 3.601461500000028, 0.0 ], [ 98.661411200000032, 3.601516200000049, 0.0 ], [ 98.661371200000076, 3.60162280000003, 0.0 ], [ 98.661354881000079, 3.601710450000041, 0.0 ] ] } },
{ "type": "Feature", "properties": { "Kab_Kot": "Kota Medan", "tanggal": "2025-12-22T12:00:00+07:00", "Ket": "Black Spot", "Propinsi": "Sumatera Utara", "Wilayah": "Medan", "Segmen": "SEG_000083478", "coverage": "Black Link Blindspot", "Nm_Ruas": "Jl. Panglima Denai", "last_update": "2025-12-31T15:07:50+07:00", "Satwil": "Polrestabes Medan", "Status": "Jalan Kota", "SkorBS": 33 }, "geometry": { "type": "LineString", "coordinates": [ [ 98.72050801000006, 3.561578101000066, 0.0 ], [ 98.720511800000054, 3.561584800000048, 0.0 ], [ 98.720533400000079, 3.561623, 0.0 ], [ 98.720750500000065, 3.562008400000025, 0.0 ], [ 98.720784900000069, 3.562088500000073, 0.0 ], [ 98.720993700000065, 3.562474900000041, 0.0 ], [ 98.721204200000045, 3.562859600000024, 0.0 ], [ 98.72124830000007, 3.562949200000048, 0.0 ], [ 98.721403800000076, 3.56323720000006, 0.0 ], [ 98.721531300000038, 3.563479500000028, 0.0 ], [ 98.721649, 3.563704100000052, 0.0 ], [ 98.721665600000051, 3.563734400000044, 0.0 ], [ 98.721801400000061, 3.563960200000054, 0.0 ], [ 98.721955600000058, 3.564238300000056, 0.0 ], [ 98.722189700000058, 3.564681700000051, 0.0 ], [ 98.722330082000042, 3.564947633000031, 0.0 ] ] } },
{ "type": "Feature", "properties": { "Kab_Kot": "Kota Medan", "tanggal": "2025-12-22T12:00:00+07:00", "Ket": "Black Spot", "Propinsi": "Sumatera Utara", "Wilayah": "Medan", "Segmen": "SEG_000084309", "coverage": "Black Link Blindspot", "Nm_Ruas": "Jl. Jamin Ginting", "last_update": "2025-12-31T15:07:50+07:00", "Satwil": "Polrestabes Medan", "Status": "Jalan Kota", "SkorBS": 43 }, "geometry": { "type": "LineString", "coordinates": [ [ 98.661658510000052, 3.555793752000056, 0.0 ], [ 98.661726800000054, 3.555934800000045, 0.0 ], [ 98.66177, 3.556042600000069, 0.0 ], [ 98.661806, 3.556194100000027, 0.0 ], [ 98.661804400000051, 3.556348300000025, 0.0 ], [ 98.661742600000082, 3.557043200000066, 0.0 ], [ 98.661665500000083, 3.557618900000023, 0.0 ], [ 98.661611700000037, 3.557992300000024, 0.0 ], [ 98.661495200000047, 3.558676100000071, 0.0 ], [ 98.661467, 3.559028100000035, 0.0 ], [ 98.661468500000069, 3.559168, 0.0 ], [ 98.661494600000083, 3.559265700000026, 0.0 ], [ 98.661563700000045, 3.559518100000048, 0.0 ], [ 98.661712600000044, 3.559938300000056, 0.0 ], [ 98.661792200000036, 3.560091800000066, 0.0 ], [ 98.661843006000083, 3.560176665000029, 0.0 ] ] } },
{ "type": "Feature", "properties": { "Kab_Kot": "Kota Medan", "tanggal": "2025-12-22T12:00:00+07:00", "Ket": "Black Spot", "Propinsi": "Sumatera Utara", "Wilayah": "Medan", "Segmen": "SEG_000087125", "coverage": "Black Link Blindspot", "Nm_Ruas": "Jl. Kapten Sumarsono", "last_update": "2025-12-31T15:07:50+07:00", "Satwil": "Polrestabes Medan", "Status": "Jalan Nasional", "SkorBS": 40 }, "geometry": { "type": "LineString", "coordinates": [ [ 98.650671104000082, 3.615278193000051, 0.0 ], [ 98.650623402000065, 3.615279782000073, 0.0 ], [ 98.650469227000087, 3.615286382000022, 0.0 ], [ 98.650314, 3.61528756000007, 0.0 ], [ 98.650207717000058, 3.615291950000028, 0.0 ], [ 98.650101435000067, 3.615296340000043, 0.0 ], [ 98.649974671000052, 3.615300471000069, 0.0 ], [ 98.64991440600005, 3.615300527000045, 0.0 ], [ 98.649871129000076, 3.61530056700002, 0.0 ], [ 98.649762944000088, 3.61530534700006, 0.0 ], [ 98.649654760000033, 3.615310127000043, 0.0 ], [ 98.649522344000047, 3.615312594000045, 0.0 ], [ 98.649389931000087, 3.615315063000025, 0.0 ], [ 98.649286386000085, 3.615319167000052, 0.0 ], [ 98.649177536000082, 3.615320943000029, 0.0 ], [ 98.649068686000078, 3.615322719000062, 0.0 ], [ 98.649014351000062, 3.615324137000073, 0.0 ], [ 98.648962496000081, 3.615325491000021, 0.0 ], [ 98.648851155000045, 3.61532971400004, 0.0 ], [ 98.648726294000085, 3.615334119000067, 0.0 ], [ 98.648601436000035, 3.615338523000048, 0.0 ], [ 98.648454312000069, 3.615344453000034, 0.0 ], [ 98.648307190000082, 3.615350382000031, 0.0 ], [ 98.648160068000038, 3.615356309000049, 0.0 ], [ 98.648114521000082, 3.615356877000067, 0.0 ], [ 98.648043917000052, 3.615357757000027, 0.0 ], [ 98.647927763000041, 3.615359205000061, 0.0 ], [ 98.647776768000085, 3.615364361000047, 0.0 ], [ 98.647625770000047, 3.615369517000033, 0.0 ], [ 98.647517250000078, 3.615370290000044, 0.0 ], [ 98.647408729000063, 3.615371061000076, 0.0 ], [ 98.647345014000052, 3.615371796000034, 0.0 ], [ 98.647226924000051, 3.615375583000059, 0.0 ], [ 98.64721434900008, 3.61537598600006, 0.0 ], [ 98.647108834000051, 3.615379369000038, 0.0 ], [ 98.646975604000033, 3.615384256000027, 0.0 ], [ 98.646842373000084, 3.615389144000062, 0.0 ], [ 98.646709142000077, 3.61539403200004, 0.0 ], [ 98.646626877000074, 3.615396521000037, 0.0 ], [ 98.646455316000072, 3.615400986000054, 0.0 ], [ 98.646345624000048, 3.615401284000029, 0.0 ], [ 98.646314326000038, 3.61540136800005, 0.0 ], [ 98.646235932000081, 3.615401580000025, 0.0 ], [ 98.646209843000065, 3.615402828000072, 0.0 ] ] } }
]
}
