{
"type": "FeatureCollection",
"name": "cctv_coverage",
"crs": { "type": "name", "properties": { "name": "urn:ogc:def:crs:OGC:1.3:CRS84" } },
"features": [
{ "type": "Feature", "properties": { "rowid": 429, "nama_cctv": "CTV136 ATMS TBN POSPOL DAKDAKAN", "polda_id": "17", "polres_id": "267", "status": "hidup", "ctdby": "4000ORGANIK", "ctddate": "2023-10-26T16:00:00Z", "rtsp_cctv": "rtsp://satansheir:letyur13@172.16.80.14:554/cam/realmonitor?channel=136&subtype=1", "channel_code": null, "ctdupd": null, "instansi": "korlantas", "jenis_cctv": "Analytic Checkpoint", "nama_jalan_s": "Jalan raya Dakdakan", "channel_id": "1000043$1$0$135", "cctv_in": "Y", "cctv_out": "N", "masuk_kab": "Y", "keluar_kab": "N", "keterangan": "checkpoint", "fungsi_jalan_cctv_id": 6, "masuk_prov": "N", "keluar_prov": "N", "is_active": 1, "channel_id_event": null, "hls_cctv": "https://stream.elingbali.com:5051/live_cctv/229/playlist.m3u8", "cctv_category_id": "2", "kecamatan": null, "kota": null, "nama_objek_vital": null, "channel_id_enforcement": null, "cctv_id": "2cefbd23-8921-4a80-aa6d-dd67d12cdb46", "rtsp_cctv_dcc": null, "arah_cctv": "Timur", "radius": "35 Meter", "polda": "Polda Bali", "polres": "POLRES TABANAN", "fungsi_jalan": "ARTERI", "category": "BATAS KOTA", "in_out": "CCTV IN", "ket_in_out": "KOTA", "_region": "bali", "Satwil": "Polda Bali", "last_update": "2026-03-05T11:16:17" }, "geometry": { "type": "Polygon", "coordinates": [ [ [ 115.157585, -8.56145 ], [ 115.157857287349813, -8.561294546567222 ], [ 115.157862607861205, -8.561304038069766 ], [ 115.15786759015019, -8.561313707404231 ], [ 115.157872228146573, -8.561323542790012 ], [ 115.157876516199707, -8.561333532244191 ], [ 115.157880449085269, -8.561343663596142 ], [ 115.157884022011615, -8.56135392450237 ], [ 115.157887230625732, -8.561364302461525 ], [ 115.157890071018372, -8.561374784829658 ], [ 115.157892539728962, -8.561385358835608 ], [ 115.157894633749777, -8.561396011596569 ], [ 115.157896350529555, -8.56140673013379 ], [ 115.157897687976671, -8.561417501388375 ], [ 115.157898644461625, -8.561428312237208 ], [ 115.157899218819153, -8.56143914950893 ], [ 115.157899410349444, -8.56145 ], [ 115.157899218819153, -8.561460850490759 ], [ 115.157898644461625, -8.561471687761557 ], [ 115.157897687976671, -8.561482498608852 ], [ 115.157896350529555, -8.561493269861291 ], [ 115.157894633749777, -8.561503988395772 ], [ 115.157892539728962, -8.561514641153412 ], [ 115.157890071018372, -8.561525215155475 ], [ 115.157887230625732, -8.561535697519176 ], [ 115.157884022011615, -8.561546075473375 ], [ 115.157880449085269, -8.561556336374144 ], [ 115.157876516199707, -8.561566467720167 ], [ 115.157872228146573, -8.56157645716797 ], [ 115.15786759015019, -8.561586292546959 ], [ 115.157862607861205, -8.561595961874254 ], [ 115.157857287349813, -8.56160545336928 ], [ 115.157585, -8.56145 ] ] ] } },
{ "type": "Feature", "properties": { "rowid": 360, "nama_cctv": "CTV216 DSHB DPS SP TOHPATI", "polda_id": "17", "polres_id": "271", "status": "hidup", "ctdby": "4000ORGANIK", "ctddate": "2023-10-26T16:00:00Z", "rtsp_cctv": "rtsp://satansheir:letyur13@172.16.80.14:554/cam/realmonitor?channel=216&subtype=1", "channel_code": null, "ctdupd": "2026-02-10T16:00:00Z", "instansi": "DISHUB", "jenis_cctv": "Analytic Checkpoint", "nama_jalan_s": "9763+9J2, Kesiman Kertalangu, East Denpasar, Denpasar City, Bali 80237, Indonesia", "channel_id": "1000043$1$0$215", "cctv_in": "N", "cctv_out": "N", "masuk_kab": "N", "keluar_kab": "N", "keterangan": "checkpoint", "fungsi_jalan_cctv_id": 6, "masuk_prov": "N", "keluar_prov": "N", "is_active": 1, "channel_id_event": null, "hls_cctv": null, "cctv_category_id": "5", "kecamatan": "DENPASAR TIMUR", "kota": "DENPASAR", "nama_objek_vital": null, "channel_id_enforcement": null, "cctv_id": "e72618e9-4479-4499-b885-1174affadc50", "rtsp_cctv_dcc": null, "arah_cctv": "Selatan", "radius": "15 Meter", "polda": "Polda Bali", "polres": "POLRESTA DENPASAR", "fungsi_jalan": "ARTERI", "category": "DALAM KOTA", "in_out": null, "ket_in_out": null, "_region": "bali", "Satwil": "Polda Bali", "last_update": "2026-03-05T11:16:17" }, "geometry": { "type": "Polygon", "coordinates": [ [ [ 115.254023841224665, -8.639220661020063 ], [ 115.254091214870968, -8.639336031539491 ], [ 115.254087101246711, -8.639338285886106 ], [ 115.25408291054984, -8.639340396924952 ], [ 115.254078647886118, -8.639342362084054 ], [ 115.254074318448929, -8.63934417896917 ], [ 115.254069927512987, -8.639345845366709 ], [ 115.254065480428025, -8.63934735924642 ], [ 115.254060982612089, -8.639348718763882 ], [ 115.25405643954511, -8.639349922262729 ], [ 115.254051856762089, -8.639350968276691 ], [ 115.254047239846471, -8.639351855531356 ], [ 115.254042594423211, -8.639352582945744 ], [ 115.254037926152066, -8.639353149633612 ], [ 115.254033240720631, -8.639353554904542 ], [ 115.25402854383735, -8.639353798264773 ], [ 115.254023841224665, -8.639353879417806 ], [ 115.254019138611952, -8.639353798264773 ], [ 115.254014441728671, -8.639353554904542 ], [ 115.254009756297236, -8.639353149633612 ], [ 115.254005088026091, -8.639352582945744 ], [ 115.25400044260283, -8.639351855531356 ], [ 115.253995825687213, -8.639350968276691 ], [ 115.253991242904192, -8.639349922262729 ], [ 115.253986699837213, -8.639348718763882 ], [ 115.253982202021277, -8.63934735924642 ], [ 115.253977754936315, -8.639345845366709 ], [ 115.253973364000373, -8.63934417896917 ], [ 115.253969034563184, -8.639342362084054 ], [ 115.253964771899462, -8.639340396924952 ], [ 115.253960581202591, -8.639338285886106 ], [ 115.253956467578334, -8.639336031539491 ], [ 115.254023841224665, -8.639220661020063 ] ] ] } },
{ "type": "Feature", "properties": { "rowid": 359, "nama_cctv": "CTV215 DSHB DPS SP UBUNG 2", "polda_id": "17", "polres_id": "271", "status": "hidup", "ctdby": "4000ORGANIK", "ctddate": "2023-10-26T16:00:00Z", "rtsp_cctv": "rtsp://satansheir:letyur13@172.16.80.14:554/cam/realmonitor?channel=215&subtype=1", "channel_code": null, "ctdupd": "2026-02-10T16:00:00Z", "instansi": "DISHUB", "jenis_cctv": "Analytic Checkpoint", "nama_jalan_s": "Jl. Cokroaminoto No.82, Pemecutan Kaja, Kec. Denpasar Utara, Kota Denpasar, Bali 80111, Indonesia", "channel_id": "1000043$1$0$214", "cctv_in": "N", "cctv_out": "N", "masuk_kab": "N", "keluar_kab": "N", "keterangan": "checkpoint", "fungsi_jalan_cctv_id": 6, "masuk_prov": "N", "keluar_prov": "N", "is_active": 1, "channel_id_event": null, "hls_cctv": null, "cctv_category_id": "5", "kecamatan": "DENPASAR UTARA", "kota": "DENPASAR", "nama_objek_vital": null, "channel_id_enforcement": null, "cctv_id": "bb359c2b-5f9f-4238-a1cf-3c26da8860eb", "rtsp_cctv_dcc": null, "arah_cctv": "Selatan", "radius": "15 Meter", "polda": "Polda Bali", "polres": "POLRESTA DENPASAR", "fungsi_jalan": "ARTERI", "category": "DALAM KOTA", "in_out": null, "ket_in_out": null, "_region": "bali", "Satwil": "Polda Bali", "last_update": "2026-03-05T11:16:17" }, "geometry": { "type": "Polygon", "coordinates": [ [ [ 115.207614395190248, -8.638902429346707 ], [ 115.207681768836551, -8.639017799963492 ], [ 115.207677655212294, -8.639020054312011 ], [ 115.207673464515452, -8.639022165352639 ], [ 115.207669201851715, -8.639024130513398 ], [ 115.207664872414497, -8.639025947400048 ], [ 115.20766048147857, -8.639027613798994 ], [ 115.207656034393608, -8.639029127679983 ], [ 115.207651536577671, -8.639030487198591 ], [ 115.207646993510693, -8.639031690698456 ], [ 115.207642410727701, -8.639032736713297 ], [ 115.207637793812054, -8.639033623968711 ], [ 115.207633148388823, -8.639034351383712 ], [ 115.207628480117677, -8.639034918072058 ], [ 115.207623794686214, -8.639035323343331 ], [ 115.207619097802933, -8.639035566703766 ], [ 115.207614395190248, -8.639035647856867 ], [ 115.207609692577563, -8.639035566703766 ], [ 115.207604995694268, -8.639035323343331 ], [ 115.207600310262819, -8.639034918072058 ], [ 115.207595641991674, -8.639034351383712 ], [ 115.207590996568442, -8.639033623968711 ], [ 115.207586379652795, -8.639032736713297 ], [ 115.207581796869789, -8.639031690698456 ], [ 115.20757725380281, -8.639030487198591 ], [ 115.207572755986888, -8.639029127679983 ], [ 115.207568308901912, -8.639027613798994 ], [ 115.207563917965985, -8.639025947400048 ], [ 115.207559588528767, -8.639024130513398 ], [ 115.207555325865044, -8.639022165352639 ], [ 115.207551135168202, -8.639020054312011 ], [ 115.207547021543931, -8.639017799963492 ], [ 115.207614395190248, -8.638902429346707 ] ] ] } },
{ "type": "Feature", "properties": { "rowid": 358, "nama_cctv": "CTV214 DSHB DPS SP UBUNG 1", "polda_id": "17", "polres_id": "271", "status": "hidup", "ctdby": "4000ORGANIK", "ctddate": "2023-10-26T16:00:00Z", "rtsp_cctv": "rtsp://satansheir:letyur13@172.16.80.14:554/cam/realmonitor?channel=214&subtype=1", "channel_code": null, "ctdupd": "2026-02-10T16:00:00Z", "instansi": "DISHUB", "jenis_cctv": "Analytic Checkpoint", "nama_jalan_s": "Jl. Cokroaminoto No.82, Pemecutan Kaja, Kec. Denpasar Utara, Kota Denpasar, Bali 80111, Indonesia", "channel_id": "1000043$1$0$213", "cctv_in": "N", "cctv_out": "N", "masuk_kab": "N", "keluar_kab": "N", "keterangan": "checkpoint", "fungsi_jalan_cctv_id": 6, "masuk_prov": "N", "keluar_prov": "N", "is_active": 1, "channel_id_event": null, "hls_cctv": null, "cctv_category_id": "5", "kecamatan": "DENPASAR UTARA", "kota": "DENPASAR", "nama_objek_vital": null, "channel_id_enforcement": null, "cctv_id": "8173ba69-11d9-4482-aa58-cbb23aa3a7a1", "rtsp_cctv_dcc": null, "arah_cctv": "Timur", "radius": "35 Meter", "polda": "Polda Bali", "polres": "POLRESTA DENPASAR", "fungsi_jalan": "ARTERI", "category": "DALAM KOTA", "in_out": null, "ket_in_out": null, "_region": "bali", "Satwil": "Polda Bali", "last_update": "2026-03-05T11:16:17" }, "geometry": { "type": "Polygon", "coordinates": [ [ [ 115.207491544879886, -8.639093569531111 ], [ 115.207763832229702, -8.638938147955219 ], [ 115.207769152741093, -8.6389476375127 ], [ 115.20777413503005, -8.638957304865656 ], [ 115.207778773026462, -8.638967138235893 ], [ 115.207783061079596, -8.638977125642954 ], [ 115.207786993965158, -8.638987254918709 ], [ 115.207790566891504, -8.638997513722188 ], [ 115.207793775505593, -8.639007889554604 ], [ 115.207796615898246, -8.639018369774597 ], [ 115.207799084608851, -8.639028941613626 ], [ 115.207801178629637, -8.639039592191525 ], [ 115.207802895409415, -8.639050308532198 ], [ 115.207804232856532, -8.639061077579434 ], [ 115.207805189341499, -8.6390718862128 ], [ 115.207805763699028, -8.639082721263641 ], [ 115.207805955229333, -8.639093569531111 ], [ 115.207805763699028, -8.63910441779827 ], [ 115.207805189341499, -8.639115252848176 ], [ 115.207804232856532, -8.639126061479988 ], [ 115.207802895409415, -8.639136830525063 ], [ 115.207801178629637, -8.639147546862972 ], [ 115.207799084608851, -8.639158197437521 ], [ 115.207796615898246, -8.639168769272631 ], [ 115.207793775505593, -8.639179249488153 ], [ 115.207790566891504, -8.63918962531557 ], [ 115.207786993965158, -8.639199884113541 ], [ 115.207783061079596, -8.639210013383314 ], [ 115.207778773026462, -8.639220000783943 ], [ 115.20777413503005, -8.639229834147333 ], [ 115.207769152741093, -8.639239501493053 ], [ 115.207763832229702, -8.639248991042949 ], [ 115.207491544879886, -8.639093569531111 ] ] ] } },
{ "type": "Feature", "properties": { "rowid": 319, "nama_cctv": "CTV200 DSHB DPS SP NANGKA TIMUR", "polda_id": "17", "polres_id": "271", "status": "hidup", "ctdby": "4000ORGANIK", "ctddate": "2023-10-26T16:00:00Z", "rtsp_cctv": "rtsp://satansheir:letyur13@172.16.80.14:554/cam/realmonitor?channel=200&subtype=1", "channel_code": null, "ctdupd": null, "instansi": "dishub", "jenis_cctv": "Analytic Checkpoint", "nama_jalan_s": "Jalan Gatot Subroto Tengah", "channel_id": "1000043$1$0$201", "cctv_in": "N", "cctv_out": "N", "masuk_kab": "N", "keluar_kab": "N", "keterangan": "checkpoint", "fungsi_jalan_cctv_id": 6, "masuk_prov": "N", "keluar_prov": "N", "is_active": 1, "channel_id_event": null, "hls_cctv": "https://stream.elingbali.com:5051/live_cctv/319/playlist.m3u8", "cctv_category_id": "5", "kecamatan": null, "kota": null, "nama_objek_vital": null, "channel_id_enforcement": null, "cctv_id": "4420aa95-f666-4926-85e2-ebbda1e07ccd", "rtsp_cctv_dcc": null, "arah_cctv": "Utara", "radius": "50 Meter", "polda": "Polda Bali", "polres": "POLRESTA DENPASAR", "fungsi_jalan": "ARTERI", "category": "DALAM KOTA", "in_out": null, "ket_in_out": null, "_region": "bali", "Satwil": "Polda Bali", "last_update": "2026-03-05T11:16:17" }, "geometry": { "type": "Polygon", "coordinates": [ [ [ 115.207652, -8.63892 ], [ 115.207427421178934, -8.638535431040401 ], [ 115.20744113325982, -8.638527916535629 ], [ 115.207455102249327, -8.638520879724272 ], [ 115.20746931112842, -8.638514329179623 ], [ 115.207483742585779, -8.638508272882543 ], [ 115.207498379038881, -8.638502718211715 ], [ 115.20751320265542, -8.638497671934676 ], [ 115.207528195375176, -8.638493140199559 ], [ 115.207543338931771, -8.638489128527601 ], [ 115.207558614875182, -8.638485641806426 ], [ 115.207574004593951, -8.638482684284075 ], [ 115.207589489338105, -8.638480259563851 ], [ 115.207605050241909, -8.638478370599914 ], [ 115.207620668346706, -8.638477019693678 ], [ 115.207636324624332, -8.638476208491026 ], [ 115.207652, -8.638475937980282 ], [ 115.207667675375617, -8.638476208491026 ], [ 115.207683331653243, -8.638477019693678 ], [ 115.207698949758068, -8.638478370599914 ], [ 115.207714510661845, -8.638480259563851 ], [ 115.207729995406027, -8.638482684284075 ], [ 115.207745385124767, -8.638485641806426 ], [ 115.207760661068164, -8.638489128527601 ], [ 115.207775804624774, -8.638493140199559 ], [ 115.207790797344529, -8.638497671934676 ], [ 115.207805620961068, -8.638502718211715 ], [ 115.207820257414156, -8.638508272882543 ], [ 115.207834688871529, -8.638514329179623 ], [ 115.207848897750608, -8.638520879724272 ], [ 115.207862866740129, -8.638527916535629 ], [ 115.207876578821015, -8.638535431040401 ], [ 115.207652, -8.63892 ] ] ] } },
{ "type": "Feature", "properties": { "rowid": 317, "nama_cctv": "CTV198 DSHB DPS SP GN KARANG SELATAN", "polda_id": "17", "polres_id": "271", "status": "hidup", "ctdby": "4000ORGANIK", "ctddate": "2023-10-26T16:00:00Z", "rtsp_cctv": "rtsp://satansheir:letyur13@172.16.80.14:554/cam/realmonitor?channel=198&subtype=1", "channel_code": null, "ctdupd": null, "instansi": "dishub", "jenis_cctv": "Analytic Checkpoint", "nama_jalan_s": "Jalan Imam Bonjol 119-121", "channel_id": "1000043$1$0$199", "cctv_in": "N", "cctv_out": "N", "masuk_kab": "N", "keluar_kab": "N", "keterangan": "checkpoint", "fungsi_jalan_cctv_id": 6, "masuk_prov": "N", "keluar_prov": "N", "is_active": 1, "channel_id_event": null, "hls_cctv": "https://stream.elingbali.com:5051/live_cctv/317/playlist.m3u8", "cctv_category_id": "5", "kecamatan": null, "kota": null, "nama_objek_vital": null, "channel_id_enforcement": null, "cctv_id": "31cfdf85-e3ff-4532-a9cc-ab0eb95bd54d", "rtsp_cctv_dcc": null, "arah_cctv": "Barat", "radius": "40 Meter", "polda": "Polda Bali", "polres": "POLRESTA DENPASAR", "fungsi_jalan": "ARTERI", "category": "DALAM KOTA", "in_out": null, "ket_in_out": null, "_region": "bali", "Satwil": "Polda Bali", "last_update": "2026-03-05T11:16:17" }, "geometry": { "type": "Polygon", "coordinates": [ [ [ 115.206444, -8.666828 ], [ 115.206132814457348, -8.667005611495451 ], [ 115.206126733872921, -8.66699476709508 ], [ 115.206121039828389, -8.666983719514421 ], [ 115.20611573926108, -8.666972482213229 ], [ 115.206110838628916, -8.666961068882408 ], [ 115.206106343902576, -8.66694949342733 ], [ 115.206102260558154, -8.666937769950886 ], [ 115.206098593570616, -8.666925912736318 ], [ 115.206095347407597, -8.666913936229799 ], [ 115.206092526024079, -8.666901855022846 ], [ 115.20609013285744, -8.666889683834547 ], [ 115.206088170823406, -8.666877437493604 ], [ 115.206086642312414, -8.666865130920295 ], [ 115.20608554918671, -8.666852779108275 ], [ 115.206084892778136, -8.666840397106323 ], [ 115.206084673886352, -8.666828 ], [ 115.206084892778136, -8.666815602893266 ], [ 115.20608554918671, -8.66680322089009 ], [ 115.206086642312414, -8.666790869076035 ], [ 115.206088170823406, -8.666778562499891 ], [ 115.20609013285744, -8.666766316155329 ], [ 115.206092526024079, -8.666754144962638 ], [ 115.206095347407597, -8.666742063750553 ], [ 115.206098593570616, -8.666730087238177 ], [ 115.206102260558154, -8.666718230017056 ], [ 115.206106343902576, -8.666706506533398 ], [ 115.206110838628916, -8.666694931070483 ], [ 115.20611573926108, -8.666683517731235 ], [ 115.206121039828389, -8.666672280421066 ], [ 115.206126733872921, -8.666661232830929 ], [ 115.206132814457348, -8.666650388420623 ], [ 115.206444, -8.666828 ] ] ] } },
{ "type": "Feature", "properties": { "rowid": 248, "nama_cctv": "CTV148 ATMS DPS SP MARTENADI BARAT", "polda_id": "17", "polres_id": "271", "status": "hidup", "ctdby": "4000ORGANIK", "ctddate": "2023-10-26T16:00:00Z", "rtsp_cctv": "rtsp://satansheir:letyur13@172.16.80.14:554/cam/realmonitor?channel=148&subtype=1", "channel_code": null, "ctdupd": null, "instansi": "korlantas", "jenis_cctv": "ANALYTIC", "nama_jalan_s": "Simpang Martenadi Barat", "channel_id": "1000043$1$0$147", "cctv_in": "N", "cctv_out": "N", "masuk_kab": "N", "keluar_kab": "N", "keterangan": "checkpoint", "fungsi_jalan_cctv_id": 6, "masuk_prov": "N", "keluar_prov": "N", "is_active": 1, "channel_id_event": null, "hls_cctv": "https://stream.elingbali.com:5051/live_cctv/248/playlist.m3u8", "cctv_category_id": "5", "kecamatan": null, "kota": null, "nama_objek_vital": null, "channel_id_enforcement": null, "cctv_id": "8066c211-0146-427b-9026-9b5d051fc796", "rtsp_cctv_dcc": null, "arah_cctv": "Selatan", "radius": "55 Meter", "polda": "Polda Bali", "polres": "POLRESTA DENPASAR", "fungsi_jalan": "ARTERI", "category": "DALAM KOTA", "in_out": null, "ket_in_out": null, "_region": "bali", "Satwil": "Polda Bali", "last_update": "2026-03-05T11:16:17" }, "geometry": { "type": "Polygon", "coordinates": [ [ [ 115.166997, -8.683042 ], [ 115.167244036703124, -8.683464975782901 ], [ 115.167228953414153, -8.683473240750681 ], [ 115.16721358752568, -8.68348098031816 ], [ 115.167197957758674, -8.683488185055911 ], [ 115.167182083155609, -8.683494846186093 ], [ 115.167165983057217, -8.683500955593178 ], [ 115.16714967707901, -8.683506505833822 ], [ 115.167133185087266, -8.683511490145934 ], [ 115.167116527175011, -8.683515902456922 ], [ 115.167099723637278, -8.683519737391084 ], [ 115.167082794946623, -8.683522990276161 ], [ 115.16706576172804, -8.68352565714903 ], [ 115.167048644733896, -8.683527734760528 ], [ 115.167031464818578, -8.683529220579418 ], [ 115.167014242913197, -8.683530112795463 ], [ 115.166997, -8.683530410321643 ], [ 115.166979757086764, -8.683530112795463 ], [ 115.166962535181412, -8.683529220579418 ], [ 115.166945355266094, -8.683527734760528 ], [ 115.166928238271936, -8.68352565714903 ], [ 115.166911205053353, -8.683522990276161 ], [ 115.166894276362697, -8.683519737391084 ], [ 115.166877472824979, -8.683515902456922 ], [ 115.166860814912695, -8.683511490145934 ], [ 115.16684432292098, -8.683506505833822 ], [ 115.166828016942759, -8.683500955593178 ], [ 115.166811916844367, -8.683494846186093 ], [ 115.166796042241288, -8.683488185055911 ], [ 115.166780412474282, -8.68348098031816 ], [ 115.166765046585809, -8.683473240750681 ], [ 115.166749963296866, -8.683464975782901 ], [ 115.166997, -8.683042 ] ] ] } },
{ "type": "Feature", "properties": { "rowid": 246, "nama_cctv": "CTV146 ATMS DPS SP KALI", "polda_id": "17", "polres_id": "271", "status": "hidup", "ctdby": "4000ORGANIK", "ctddate": "2023-10-26T16:00:00Z", "rtsp_cctv": "rtsp://satansheir:letyur13@172.16.80.14:554/cam/realmonitor?channel=146&subtype=1", "channel_code": null, "ctdupd": null, "instansi": "korlantas", "jenis_cctv": "ANALYTIC", "nama_jalan_s": "Simpang Kali", "channel_id": "1000043$1$0$145", "cctv_in": "N", "cctv_out": "N", "masuk_kab": "N", "keluar_kab": "N", "keterangan": "checkpoint", "fungsi_jalan_cctv_id": 6, "masuk_prov": "N", "keluar_prov": "N", "is_active": 1, "channel_id_event": null, "hls_cctv": "https://stream.elingbali.com:5051/live_cctv/246/playlist.m3u8", "cctv_category_id": "5", "kecamatan": null, "kota": null, "nama_objek_vital": null, "channel_id_enforcement": null, "cctv_id": "cf6db63b-3eb9-415b-9a6f-71ea2c096c28", "rtsp_cctv_dcc": null, "arah_cctv": "Selatan", "radius": "55 Meter", "polda": "Polda Bali", "polres": "POLRESTA DENPASAR", "fungsi_jalan": "ARTERI", "category": "DALAM KOTA", "in_out": null, "ket_in_out": null, "_region": "bali", "Satwil": "Polda Bali", "last_update": "2026-03-05T11:16:17" }, "geometry": { "type": "Polygon", "coordinates": [ [ [ 115.166146, -8.785624 ], [ 115.166393036703113, -8.786046859449481 ], [ 115.166377953414155, -8.786055122144045 ], [ 115.166362587525683, -8.786062859582817 ], [ 115.166346957758662, -8.786070062338952 ], [ 115.166331083155612, -8.786076721637041 ], [ 115.166314983057205, -8.786082829363773 ], [ 115.166298677078984, -8.786088378077858 ], [ 115.166282185087255, -8.786093361019066 ], [ 115.166265527174986, -8.786097772116475 ], [ 115.166248723637267, -8.786101605995862 ], [ 115.166231794946611, -8.786104857986254 ], [ 115.166214761728014, -8.786107524125613 ], [ 115.16619764473387, -8.786109601165681 ], [ 115.166180464818567, -8.786111086575902 ], [ 115.166163242913186, -8.78611197854655 ], [ 115.166146, -8.786112275990895 ], [ 115.166128757086767, -8.78611197854655 ], [ 115.166111535181386, -8.786111086575902 ], [ 115.166094355266083, -8.786109601165681 ], [ 115.166077238271939, -8.786107524125613 ], [ 115.166060205053341, -8.786104857986254 ], [ 115.166043276362686, -8.786101605995862 ], [ 115.166026472824967, -8.786097772116475 ], [ 115.166009814912698, -8.786093361019066 ], [ 115.165993322920968, -8.786088378077858 ], [ 115.165977016942747, -8.786082829363773 ], [ 115.165960916844341, -8.786076721637041 ], [ 115.16594504224129, -8.786070062338952 ], [ 115.16592941247427, -8.786062859582817 ], [ 115.165914046585797, -8.786055122144045 ], [ 115.16589896329684, -8.786046859449481 ], [ 115.166146, -8.785624 ] ] ] } },
{ "type": "Feature", "properties": { "rowid": 245, "nama_cctv": "CTV145 ATMS DPS SP KAMPUS UDAYANA", "polda_id": "17", "polres_id": "271", "status": "hidup", "ctdby": "4000ORGANIK", "ctddate": "2023-10-26T16:00:00Z", "rtsp_cctv": "rtsp://satansheir:letyur13@172.16.80.14:554/cam/realmonitor?channel=145&subtype=1", "channel_code": null, "ctdupd": null, "instansi": "korlantas", "jenis_cctv": "ANALYTIC", "nama_jalan_s": "Simpang Nirmala Ungasan", "channel_id": "1000043$1$0$144", "cctv_in": "N", "cctv_out": "N", "masuk_kab": "N", "keluar_kab": "N", "keterangan": "checkpoint", "fungsi_jalan_cctv_id": 6, "masuk_prov": "N", "keluar_prov": "N", "is_active": 1, "channel_id_event": null, "hls_cctv": "https://stream.elingbali.com:5051/live_cctv/245/playlist.m3u8", "cctv_category_id": "5", "kecamatan": null, "kota": null, "nama_objek_vital": null, "channel_id_enforcement": null, "cctv_id": "b01a5b14-236a-4a7d-94da-2481445e3830", "rtsp_cctv_dcc": null, "arah_cctv": "Utara", "radius": "55 Meter", "polda": "Polda Bali", "polres": "POLRESTA DENPASAR", "fungsi_jalan": "ARTERI", "category": "DALAM KOTA", "in_out": null, "ket_in_out": null, "_region": "bali", "Satwil": "Polda Bali", "last_update": "2026-03-05T11:16:17" }, "geometry": { "type": "Polygon", "coordinates": [ [ [ 115.156008, -8.815654 ], [ 115.155760963296856, -8.815231174378704 ], [ 115.155776046585814, -8.815222912335523 ], [ 115.155791412474287, -8.815215175506387 ], [ 115.155807042241307, -8.81520797331747 ], [ 115.155822916844357, -8.815201314543556 ], [ 115.155839016942764, -8.815195207297368 ], [ 115.155855322920985, -8.815189659019671 ], [ 115.155871814912715, -8.815184676470212 ], [ 115.155888472824984, -8.815180265719487 ], [ 115.155905276362702, -8.81517643214133 ], [ 115.155922205053358, -8.815173180406388 ], [ 115.155939238271955, -8.815170514476414 ], [ 115.155956355266099, -8.815168437599443 ], [ 115.155973535181388, -8.815166952305844 ], [ 115.155990757086784, -8.815166060405222 ], [ 115.156008, -8.815165762984229 ], [ 115.156025242913202, -8.815166060405222 ], [ 115.156042464818583, -8.815166952305844 ], [ 115.156059644733872, -8.815168437599443 ], [ 115.156076761728031, -8.815170514476414 ], [ 115.156093794946628, -8.815173180406388 ], [ 115.156110723637283, -8.81517643214133 ], [ 115.156127527175002, -8.815180265719487 ], [ 115.156144185087271, -8.815184676470212 ], [ 115.156160677078987, -8.815189659019671 ], [ 115.156176983057222, -8.815195207297368 ], [ 115.156193083155628, -8.815201314543556 ], [ 115.156208957758679, -8.81520797331747 ], [ 115.156224587525685, -8.815215175506387 ], [ 115.156239953414172, -8.815222912335523 ], [ 115.156255036703129, -8.815231174378704 ], [ 115.156008, -8.815654 ] ] ] } },
{ "type": "Feature", "properties": { "rowid": 243, "nama_cctv": "CTV143 ATMS DPS TL UMANYAR", "polda_id": "17", "polres_id": "271", "status": "hidup", "ctdby": "4000ORGANIK", "ctddate": "2023-10-26T16:00:00Z", "rtsp_cctv": "rtsp://satansheir:letyur13@172.16.80.14:554/cam/realmonitor?channel=143&subtype=1", "channel_code": null, "ctdupd": null, "instansi": "korlantas", "jenis_cctv": "ANALYTIC", "nama_jalan_s": "Simpang TL Umanyar", "channel_id": "1000043$1$0$142", "cctv_in": "N", "cctv_out": "N", "masuk_kab": "N", "keluar_kab": "N", "keterangan": "checkpoint", "fungsi_jalan_cctv_id": 6, "masuk_prov": "N", "keluar_prov": "N", "is_active": 1, "channel_id_event": null, "hls_cctv": "https://stream.elingbali.com:5051/live_cctv/243/playlist.m3u8", "cctv_category_id": "5", "kecamatan": null, "kota": null, "nama_objek_vital": null, "channel_id_enforcement": null, "cctv_id": "efaf2c53-ecb5-424a-a3b7-0860d17876fb", "rtsp_cctv_dcc": null, "arah_cctv": "Barat", "radius": "55 Meter", "polda": "Polda Bali", "polres": "POLRESTA DENPASAR", "fungsi_jalan": "ARTERI", "category": "DALAM KOTA", "in_out": null, "ket_in_out": null, "_region": "bali", "Satwil": "Polda Bali", "last_update": "2026-03-05T11:16:17" }, "geometry": { "type": "Polygon", "coordinates": [ [ [ 115.195408, -8.617461 ], [ 115.194980119878835, -8.617705247768578 ], [ 115.194971759075244, -8.617690334767769 ], [ 115.194963929763986, -8.617675142357353 ], [ 115.194956641483955, -8.617659689046912 ], [ 115.194949903114718, -8.617643993663901 ], [ 115.194943722866, -8.617628075330684 ], [ 115.194938108267422, -8.617611953441283 ], [ 115.194933066159578, -8.617595647637708 ], [ 115.194928602685422, -8.617579177786045 ], [ 115.194924723283066, -8.617562563952253 ], [ 115.194921432678953, -8.617545826377711 ], [ 115.194918734882165, -8.617528985454561 ], [ 115.194916633179545, -8.617512061700859 ], [ 115.194915130131719, -8.617495075735583 ], [ 115.194914227569882, -8.61747804825351 ], [ 115.194913926593713, -8.617461 ], [ 115.194914227569882, -8.617443951745722 ], [ 115.194915130131719, -8.617426924261343 ], [ 115.194916633179545, -8.617409938292246 ], [ 115.194918734882165, -8.617393014533214 ], [ 115.194921432678953, -8.617376173603256 ], [ 115.194924723283066, -8.617359436020465 ], [ 115.194928602685422, -8.617342822177013 ], [ 115.194933066159578, -8.617326352314338 ], [ 115.194938108267422, -8.617310046498444 ], [ 115.194943722866, -8.617293924595481 ], [ 115.194949903114718, -8.617278006247528 ], [ 115.194956641483955, -8.617262310848668 ], [ 115.194963929763986, -8.617246857521355 ], [ 115.194971759075244, -8.61723166509312 ], [ 115.194980119878835, -8.617216752073627 ], [ 115.195408, -8.617461 ] ] ] } },
{ "type": "Feature", "properties": { "rowid": 232, "nama_cctv": "CTV127 ATMS JBR SP WIBISANA", "polda_id": "17", "polres_id": "264", "status": "hidup", "ctdby": "4000ORGANIK", "ctddate": "2023-10-26T16:00:00Z", "rtsp_cctv": "rtsp://satansheir:letyur13@172.16.80.14:554/cam/realmonitor?channel=127&subtype=1", "channel_code": null, "ctdupd": null, "instansi": "korlantas", "jenis_cctv": "ANALYTIC", "nama_jalan_s": "Simpang Wibisana", "channel_id": "1000043$1$0$126", "cctv_in": "N", "cctv_out": "N", "masuk_kab": "N", "keluar_kab": "N", "keterangan": "checkpoint", "fungsi_jalan_cctv_id": 6, "masuk_prov": "N", "keluar_prov": "N", "is_active": 1, "channel_id_event": null, "hls_cctv": "https://stream.elingbali.com:5051/live_cctv/232/playlist.m3u8", "cctv_category_id": "5", "kecamatan": null, "kota": null, "nama_objek_vital": null, "channel_id_enforcement": null, "cctv_id": "79547f25-e17d-4608-bce2-1a0c3f75ef29", "rtsp_cctv_dcc": null, "arah_cctv": "Timur", "radius": "70 Meter", "polda": "Polda Bali", "polres": "POLRES JEMBRANA", "fungsi_jalan": "ARTERI", "category": "DALAM KOTA", "in_out": null, "ket_in_out": null, "_region": "bali", "Satwil": "Polda Bali", "last_update": "2026-03-05T11:16:17" }, "geometry": { "type": "Polygon", "coordinates": [ [ [ 114.62561, -8.36059 ], [ 114.62615457469964, -8.360278930897341 ], [ 114.626165215722395, -8.360297923811595 ], [ 114.626175180300336, -8.360317272574884 ], [ 114.626184456293103, -8.36033695361367 ], [ 114.626193032399399, -8.360356942949588 ], [ 114.626200898170509, -8.36037721622867 ], [ 114.626208044023244, -8.360397748751003 ], [ 114.626214461251436, -8.360418515500831 ], [ 114.626220142036686, -8.360439491177035 ], [ 114.626225079457868, -8.360460650223954 ], [ 114.626229267499482, -8.360481966862517 ], [ 114.626232701059038, -8.360503415121665 ], [ 114.626235375953286, -8.360524968869976 ], [ 114.626237288923235, -8.360546601847512 ], [ 114.626238437638278, -8.360568287697811 ], [ 114.626238820698859, -8.36059 ], [ 114.626238437638278, -8.360611712300976 ], [ 114.626237288923235, -8.360633398147652 ], [ 114.626235375953286, -8.360655031119173 ], [ 114.626232701059038, -8.3606765848591 ], [ 114.626229267499482, -8.360698033107539 ], [ 114.626225079457868, -8.360719349733126 ], [ 114.626220142036686, -8.360740508764856 ], [ 114.626214461251436, -8.360761484423735 ], [ 114.626208044023244, -8.360782251154191 ], [ 114.626200898170509, -8.36080278365519 ], [ 114.626193032399399, -8.360823056911086 ], [ 114.626184456293103, -8.360843046222081 ], [ 114.626175180300336, -8.360862727234325 ], [ 114.626165215722395, -8.360882075969585 ], [ 114.62615457469964, -8.360901068854453 ], [ 114.62561, -8.36059 ] ] ] } },
{ "type": "Feature", "properties": { "rowid": 229, "nama_cctv": "CTV136 ATMS TBN POSPOL DAKDAKAN", "polda_id": "17", "polres_id": "265", "status": "hidup", "ctdby": "4000ORGANIK", "ctddate": "2023-10-26T16:00:00Z", "rtsp_cctv": "rtsp://satansheir:letyur13@172.16.80.14:554/cam/realmonitor?channel=136&subtype=1", "channel_code": null, "ctdupd": null, "instansi": "korlantas", "jenis_cctv": "Analytic Checkpoint", "nama_jalan_s": "Jalan Raya Dakdakan", "channel_id": "1000043$1$0$135", "cctv_in": "N", "cctv_out": "Y", "masuk_kab": "N", "keluar_kab": "Y", "keterangan": "checkpoint", "fungsi_jalan_cctv_id": 6, "masuk_prov": "N", "keluar_prov": "N", "is_active": 1, "channel_id_event": null, "hls_cctv": "https://stream.elingbali.com:5051/live_cctv/229/playlist.m3u8", "cctv_category_id": "2", "kecamatan": null, "kota": null, "nama_objek_vital": null, "channel_id_enforcement": null, "cctv_id": "ed60ba72-c0f1-4873-ae51-72e7d79d9b6c", "rtsp_cctv_dcc": null, "arah_cctv": "Timur", "radius": "35 Meter", "polda": "Polda Bali", "polres": "POLRES BADUNG", "fungsi_jalan": "ARTERI", "category": "BATAS KOTA", "in_out": "CCTV OUT", "ket_in_out": "KOTA", "_region": "bali", "Satwil": "Polda Bali", "last_update": "2026-03-05T11:16:17" }, "geometry": { "type": "Polygon", "coordinates": [ [ [ 115.157585, -8.56145 ], [ 115.157857287349813, -8.561294546567222 ], [ 115.157862607861205, -8.561304038069766 ], [ 115.15786759015019, -8.561313707404231 ], [ 115.157872228146573, -8.561323542790012 ], [ 115.157876516199707, -8.561333532244191 ], [ 115.157880449085269, -8.561343663596142 ], [ 115.157884022011615, -8.56135392450237 ], [ 115.157887230625732, -8.561364302461525 ], [ 115.157890071018372, -8.561374784829658 ], [ 115.157892539728962, -8.561385358835608 ], [ 115.157894633749777, -8.561396011596569 ], [ 115.157896350529555, -8.56140673013379 ], [ 115.157897687976671, -8.561417501388375 ], [ 115.157898644461625, -8.561428312237208 ], [ 115.157899218819153, -8.56143914950893 ], [ 115.157899410349444, -8.56145 ], [ 115.157899218819153, -8.561460850490759 ], [ 115.157898644461625, -8.561471687761557 ], [ 115.157897687976671, -8.561482498608852 ], [ 115.157896350529555, -8.561493269861291 ], [ 115.157894633749777, -8.561503988395772 ], [ 115.157892539728962, -8.561514641153412 ], [ 115.157890071018372, -8.561525215155475 ], [ 115.157887230625732, -8.561535697519176 ], [ 115.157884022011615, -8.561546075473375 ], [ 115.157880449085269, -8.561556336374144 ], [ 115.157876516199707, -8.561566467720167 ], [ 115.157872228146573, -8.56157645716797 ], [ 115.15786759015019, -8.561586292546959 ], [ 115.157862607861205, -8.561595961874254 ], [ 115.157857287349813, -8.56160545336928 ], [ 115.157585, -8.56145 ] ] ] } },
{ "type": "Feature", "properties": { "rowid": 227, "nama_cctv": "CTV134 ATMS TBN SP DPR", "polda_id": "17", "polres_id": "267", "status": "hidup", "ctdby": "4000ORGANIK", "ctddate": "2023-10-26T16:00:00Z", "rtsp_cctv": "rtsp://satansheir:letyur13@172.16.80.14:554/cam/realmonitor?channel=134&subtype=1", "channel_code": null, "ctdupd": null, "instansi": "korlantas", "jenis_cctv": "ANALYTIC", "nama_jalan_s": "Simpang DPR", "channel_id": "1000043$1$0$133", "cctv_in": "N", "cctv_out": "N", "masuk_kab": "N", "keluar_kab": "N", "keterangan": "checkpoint", "fungsi_jalan_cctv_id": 6, "masuk_prov": "N", "keluar_prov": "N", "is_active": 1, "channel_id_event": null, "hls_cctv": "https://stream.elingbali.com:5051/live_cctv/227/playlist.m3u8", "cctv_category_id": "5", "kecamatan": null, "kota": null, "nama_objek_vital": null, "channel_id_enforcement": null, "cctv_id": "edb9b3fd-bd0d-4612-8b68-b9b35f9c7270", "rtsp_cctv_dcc": null, "arah_cctv": "Timur", "radius": "50 Meter", "polda": "Polda Bali", "polres": "POLRES TABANAN", "fungsi_jalan": "ARTERI", "category": "DALAM KOTA", "in_out": null, "ket_in_out": null, "_region": "bali", "Satwil": "Polda Bali", "last_update": "2026-03-05T11:16:17" }, "geometry": { "type": "Polygon", "coordinates": [ [ [ 115.139881, -8.543583 ], [ 115.140269981928327, -8.543360913233254 ], [ 115.140277582658854, -8.543374473160787 ], [ 115.140284700214522, -8.543388287145737 ], [ 115.14029132592367, -8.543402338357854 ], [ 115.140297451713863, -8.54341660967788 ], [ 115.140303070121803, -8.543431083718389 ], [ 115.140308174302319, -8.543445742844963 ], [ 115.140312758036742, -8.543460569197698 ], [ 115.140316815740519, -8.543475544712949 ], [ 115.14032034246992, -8.543490651145341 ], [ 115.140323333928208, -8.543505870089998 ], [ 115.14032578647074, -8.543521183004968 ], [ 115.140327697109512, -8.54353657123381 ], [ 115.140329063516603, -8.543552016028334 ], [ 115.140329884027352, -8.543567498571431 ], [ 115.140330157642055, -8.543583 ], [ 115.140329884027352, -8.543598501427939 ], [ 115.140329063516603, -8.543613983969145 ], [ 115.140327697109512, -8.543629428760536 ], [ 115.14032578647074, -8.543644816985013 ], [ 115.140323333928208, -8.543660129894404 ], [ 115.14032034246992, -8.543675348832297 ], [ 115.140316815740519, -8.543690455256774 ], [ 115.140312758036742, -8.543705430762998 ], [ 115.140308174302319, -8.543720257105639 ], [ 115.140303070121803, -8.543734916221101 ], [ 115.140297451713863, -8.543749390249525 ], [ 115.14029132592367, -8.543763661556564 ], [ 115.140284700214522, -8.543777712754855 ], [ 115.140277582658854, -8.543791526725197 ], [ 115.140269981928327, -8.543805086637423 ], [ 115.139881, -8.543583 ] ] ] } },
{ "type": "Feature", "properties": { "rowid": 226, "nama_cctv": "CTV133 ATMS TBN SP DUKUH", "polda_id": "17", "polres_id": "267", "status": "hidup", "ctdby": "4000ORGANIK", "ctddate": "2023-10-26T16:00:00Z", "rtsp_cctv": "rtsp://satansheir:letyur13@172.16.80.14:554/cam/realmonitor?channel=133&subtype=1", "channel_code": null, "ctdupd": null, "instansi": "korlantas", "jenis_cctv": "ANALYTIC", "nama_jalan_s": "Simpang Dukuh", "channel_id": "1000043$1$0$132", "cctv_in": "N", "cctv_out": "N", "masuk_kab": "N", "keluar_kab": "N", "keterangan": "checkpoint", "fungsi_jalan_cctv_id": 6, "masuk_prov": "N", "keluar_prov": "N", "is_active": 1, "channel_id_event": null, "hls_cctv": "https://stream.elingbali.com:5051/live_cctv/226/playlist.m3u8", "cctv_category_id": "5", "kecamatan": null, "kota": null, "nama_objek_vital": null, "channel_id_enforcement": null, "cctv_id": "e4949c60-3bc4-4833-abf3-005e3e0145fc", "rtsp_cctv_dcc": null, "arah_cctv": "Timur", "radius": "50 Meter", "polda": "Polda Bali", "polres": "POLRES TABANAN", "fungsi_jalan": "ARTERI", "category": "DALAM KOTA", "in_out": null, "ket_in_out": null, "_region": "bali", "Satwil": "Polda Bali", "last_update": "2026-03-05T11:16:17" }, "geometry": { "type": "Polygon", "coordinates": [ [ [ 115.115018, -8.545463 ], [ 115.115406981928317, -8.545240914328099 ], [ 115.115414582658858, -8.545254474188788 ], [ 115.115421700214526, -8.545268288105635 ], [ 115.115428325923673, -8.545282339248486 ], [ 115.115434451713881, -8.545296610498156 ], [ 115.115440070121821, -8.545311084467309 ], [ 115.115445174302323, -8.545325743521618 ], [ 115.115449758036746, -8.545340569801263 ], [ 115.115453815740523, -8.545355545242689 ], [ 115.115457342469924, -8.545370651600608 ], [ 115.115460333928212, -8.545385870470238 ], [ 115.115462786470758, -8.545401183309718 ], [ 115.115464697109516, -8.545416571462699 ], [ 115.115466063516621, -8.545432016181081 ], [ 115.115466884027356, -8.545447498647851 ], [ 115.115467157642058, -8.545463 ], [ 115.115466884027356, -8.54547850135152 ], [ 115.115466063516621, -8.545493983816401 ], [ 115.115464697109516, -8.545509428531648 ], [ 115.115462786470758, -8.545524816680263 ], [ 115.115460333928212, -8.545540129514162 ], [ 115.115457342469924, -8.545555348377029 ], [ 115.115453815740523, -8.545570454727031 ], [ 115.115449758036746, -8.545585430159427 ], [ 115.115445174302323, -8.545600256428976 ], [ 115.115440070121821, -8.545614915472168 ], [ 115.115434451713881, -8.545629389429237 ], [ 115.115428325923673, -8.54564366066592 ], [ 115.115421700214526, -8.545657711794938 ], [ 115.115414582658858, -8.545671525697175 ], [ 115.115406981928317, -8.54568508554255 ], [ 115.115018, -8.545463 ] ] ] } },
{ "type": "Feature", "properties": { "rowid": 225, "nama_cctv": "CTV132 ATMS TBN SP GUBUG", "polda_id": "17", "polres_id": "267", "status": "hidup", "ctdby": "4000ORGANIK", "ctddate": "2023-10-26T16:00:00Z", "rtsp_cctv": "rtsp://satansheir:letyur13@172.16.80.14:554/cam/realmonitor?channel=132&subtype=1", "channel_code": null, "ctdupd": null, "instansi": "korlantas", "jenis_cctv": "ANALYTIC", "nama_jalan_s": "Simpang Gubug", "channel_id": "1000043$1$0$131", "cctv_in": "N", "cctv_out": "N", "masuk_kab": "N", "keluar_kab": "N", "keterangan": "checkpoint", "fungsi_jalan_cctv_id": 6, "masuk_prov": "N", "keluar_prov": "N", "is_active": 1, "channel_id_event": null, "hls_cctv": "https://stream.elingbali.com:5051/live_cctv/225/playlist.m3u8", "cctv_category_id": "5", "kecamatan": null, "kota": null, "nama_objek_vital": null, "channel_id_enforcement": null, "cctv_id": "496aab1b-f56d-4313-9e59-7397a2f2cc9d", "rtsp_cctv_dcc": null, "arah_cctv": "Timur", "radius": "50 Meter", "polda": "Polda Bali", "polres": "POLRES TABANAN", "fungsi_jalan": "ARTERI", "category": "DALAM KOTA", "in_out": null, "ket_in_out": null, "_region": "bali", "Satwil": "Polda Bali", "last_update": "2026-03-05T11:16:17" }, "geometry": { "type": "Polygon", "coordinates": [ [ [ 115.112436, -8.54053 ], [ 115.112824981928313, -8.540307911455804 ], [ 115.112832582658854, -8.540321471491865 ], [ 115.112839700214522, -8.54033528558737 ], [ 115.11284632592367, -8.540349336911943 ], [ 115.112852451713877, -8.54036360834619 ], [ 115.112858070121803, -8.540378082502537 ], [ 115.112863174302319, -8.540392741746434 ], [ 115.112867758036742, -8.540407568217832 ], [ 115.112871815740519, -8.540422543852937 ], [ 115.11287534246992, -8.540437650406233 ], [ 115.112878333928208, -8.540452869472691 ], [ 115.11288078647074, -8.540468182510217 ], [ 115.112882697109512, -8.54048357086222 ], [ 115.112884063516617, -8.540499015780357 ], [ 115.112884884027352, -8.540514498447367 ], [ 115.112885157642054, -8.54053 ], [ 115.112884884027352, -8.540545501552007 ], [ 115.112884063516617, -8.540560984217128 ], [ 115.112882697109512, -8.54057642913213 ], [ 115.11288078647074, -8.540591817479768 ], [ 115.112878333928208, -8.540607130511717 ], [ 115.11287534246992, -8.540622349571416 ], [ 115.112871815740519, -8.5406374561168 ], [ 115.112867758036742, -8.540652431742881 ], [ 115.112863174302319, -8.540667258204186 ], [ 115.112858070121803, -8.540681917436974 ], [ 115.112852451713877, -8.540696391581244 ], [ 115.11284632592367, -8.540710663002507 ], [ 115.112839700214522, -8.540724714313257 ], [ 115.112832582658854, -8.540738528394161 ], [ 115.112824981928313, -8.540752088414919 ], [ 115.112436, -8.54053 ] ] ] } },
{ "type": "Feature", "properties": { "rowid": 224, "nama_cctv": "CTV142 ATMS BDG PERBATASAN SEMPIDI", "polda_id": "17", "polres_id": "265", "status": "hidup", "ctdby": "4000ORGANIK", "ctddate": "2023-10-26T16:00:00Z", "rtsp_cctv": "rtsp://satansheir:letyur13@172.16.80.14:554/cam/realmonitor?channel=142&subtype=1", "channel_code": null, "ctdupd": null, "instansi": "korlantas", "jenis_cctv": "ANALYTIC", "nama_jalan_s": "Jalan Raya Denpasar - Gilimanuk 489-491", "channel_id": "1000043$1$0$141", "cctv_in": "N", "cctv_out": "N", "masuk_kab": "N", "keluar_kab": "N", "keterangan": "checkpoint", "fungsi_jalan_cctv_id": 6, "masuk_prov": "N", "keluar_prov": "N", "is_active": 1, "channel_id_event": null, "hls_cctv": "https://stream.elingbali.com:5051/live_cctv/224/playlist.m3u8", "cctv_category_id": "5", "kecamatan": null, "kota": null, "nama_objek_vital": null, "channel_id_enforcement": null, "cctv_id": "c9fa8b64-c789-4b32-a7a5-e7a287ab4131", "rtsp_cctv_dcc": null, "arah_cctv": "Selatan", "radius": "28 Meter", "polda": "Polda Bali", "polres": "POLRES BADUNG", "fungsi_jalan": "ARTERI", "category": "DALAM KOTA", "in_out": null, "ket_in_out": null, "_region": "bali", "Satwil": "Polda Bali", "last_update": "2026-03-05T11:16:17" }, "geometry": { "type": "Polygon", "coordinates": [ [ [ 115.192813, -8.613365 ], [ 115.192938764139782, -8.613580373018376 ], [ 115.192931085374482, -8.613584581419037 ], [ 115.192923262740351, -8.613588522293595 ], [ 115.192915305768054, -8.613592190840711 ], [ 115.192907224151966, -8.613595582590834 ], [ 115.192899027738221, -8.613598693411648 ], [ 115.192890726512942, -8.6136015195131 ], [ 115.192882330589882, -8.613604057452029 ], [ 115.192873850198197, -8.613606304136358 ], [ 115.192865295669904, -8.613608256828844 ], [ 115.192856677427372, -8.613609913150443 ], [ 115.192848005970632, -8.613611271083185 ], [ 115.19283929186453, -8.613612328972641 ], [ 115.19283054572584, -8.61361308552994 ], [ 115.192821778210359, -8.613613539833329 ], [ 115.192813, -8.613613691329318 ], [ 115.192804221789643, -8.613613539833329 ], [ 115.192795454274162, -8.61361308552994 ], [ 115.192786708135472, -8.613612328972641 ], [ 115.19277799402937, -8.613611271083185 ], [ 115.19276932257263, -8.613609913150443 ], [ 115.192760704330098, -8.613608256828844 ], [ 115.192752149801805, -8.613606304136358 ], [ 115.19274366941012, -8.613604057452029 ], [ 115.19273527348706, -8.6136015195131 ], [ 115.192726972261781, -8.613598693411648 ], [ 115.192718775848036, -8.613595582590834 ], [ 115.192710694231948, -8.613592190840711 ], [ 115.192702737259651, -8.613588522293595 ], [ 115.19269491462552, -8.613584581419037 ], [ 115.19268723586022, -8.613580373018376 ], [ 115.192813, -8.613365 ] ] ] } },
{ "type": "Feature", "properties": { "rowid": 223, "nama_cctv": "CTV141 ATMS BDG SP 3 MUNCAN", "polda_id": "17", "polres_id": "265", "status": "hidup", "ctdby": "4000ORGANIK", "ctddate": "2023-10-26T16:00:00Z", "rtsp_cctv": "rtsp://satansheir:letyur13@172.16.80.14:554/cam/realmonitor?channel=141&subtype=1", "channel_code": null, "ctdupd": null, "instansi": "korlantas", "jenis_cctv": "ANALYTIC", "nama_jalan_s": "Simpang Muncan", "channel_id": "1000043$1$0$140", "cctv_in": "N", "cctv_out": "N", "masuk_kab": "N", "keluar_kab": "N", "keterangan": "checkpoint", "fungsi_jalan_cctv_id": 6, "masuk_prov": "N", "keluar_prov": "N", "is_active": 1, "channel_id_event": null, "hls_cctv": "https://stream.elingbali.com:5051/live_cctv/223/playlist.m3u8", "cctv_category_id": "5", "kecamatan": null, "kota": null, "nama_objek_vital": null, "channel_id_enforcement": null, "cctv_id": "e1b3f238-a4eb-4ca4-a8f0-278c642587fe", "rtsp_cctv_dcc": null, "arah_cctv": "Utara", "radius": "25 Meter", "polda": "Polda Bali", "polres": "POLRES BADUNG", "fungsi_jalan": "ARTERI", "category": "DALAM KOTA", "in_out": null, "ket_in_out": null, "_region": "bali", "Satwil": "Polda Bali", "last_update": "2026-03-05T11:16:17" }, "geometry": { "type": "Polygon", "coordinates": [ [ [ 115.178202, -8.576359 ], [ 115.178089710589461, -8.576166683785678 ], [ 115.178096566629904, -8.576162925914179 ], [ 115.178103551124678, -8.576159406928779 ], [ 115.178110655564225, -8.576156131116825 ], [ 115.178117871292898, -8.576153102469396 ], [ 115.178125189519434, -8.576150324676437 ], [ 115.178132601327704, -8.576147801122266 ], [ 115.178140097687589, -8.576145534881455 ], [ 115.178147669465886, -8.576143528715066 ], [ 115.178155307437578, -8.576141785067314 ], [ 115.178163002296969, -8.576140306062564 ], [ 115.178170744669046, -8.576139093502766 ], [ 115.178178525120956, -8.576138148865233 ], [ 115.178186334173361, -8.576137473300864 ], [ 115.178194162312153, -8.576137067632734 ], [ 115.178202, -8.576136932355086 ], [ 115.178209837687831, -8.576137067632734 ], [ 115.178217665826608, -8.576137473300864 ], [ 115.178225474879042, -8.576138148865233 ], [ 115.178233255330937, -8.576139093502766 ], [ 115.178240997703, -8.576140306062564 ], [ 115.178248692562406, -8.576141785067314 ], [ 115.178256330534097, -8.576143528715066 ], [ 115.178263902312381, -8.576145534881455 ], [ 115.178271398672265, -8.576147801122266 ], [ 115.178278810480549, -8.576150324676437 ], [ 115.178286128707072, -8.576153102469396 ], [ 115.178293344435758, -8.576156131116825 ], [ 115.178300448875305, -8.576159406928779 ], [ 115.17830743337008, -8.576162925914179 ], [ 115.178314289410508, -8.576166683785678 ], [ 115.178202, -8.576359 ] ] ] } },
{ "type": "Feature", "properties": { "rowid": 222, "nama_cctv": "CTV140 ATMS BDG SP AKIAN BASIH", "polda_id": "17", "polres_id": "265", "status": "hidup", "ctdby": "4000ORGANIK", "ctddate": "2023-10-26T16:00:00Z", "rtsp_cctv": "rtsp://satansheir:letyur13@172.16.80.14:554/cam/realmonitor?channel=140&subtype=1", "channel_code": null, "ctdupd": null, "instansi": "korlantas", "jenis_cctv": "ANALYTIC", "nama_jalan_s": "Simpang Kapal", "channel_id": "1000043$1$0$139", "cctv_in": "N", "cctv_out": "N", "masuk_kab": "N", "keluar_kab": "N", "keterangan": "checkpoint", "fungsi_jalan_cctv_id": 6, "masuk_prov": "N", "keluar_prov": "N", "is_active": 1, "channel_id_event": null, "hls_cctv": "https://stream.elingbali.com:5051/live_cctv/222/playlist.m3u8", "cctv_category_id": "5", "kecamatan": null, "kota": null, "nama_objek_vital": null, "channel_id_enforcement": null, "cctv_id": "fdaffbb4-c93a-4ee2-aef8-4c5f094c587e", "rtsp_cctv_dcc": null, "arah_cctv": "Barat", "radius": "47 Meter", "polda": "Polda Bali", "polres": "POLRES BADUNG", "fungsi_jalan": "ARTERI", "category": "DALAM KOTA", "in_out": null, "ket_in_out": null, "_region": "bali", "Satwil": "Polda Bali", "last_update": "2026-03-05T11:16:17" }, "geometry": { "type": "Polygon", "coordinates": [ [ [ 115.181855, -8.577765 ], [ 115.181489356987356, -8.577973742695256 ], [ 115.181482212300651, -8.577960997522013 ], [ 115.181475521798333, -8.577948013555606 ], [ 115.18146929363175, -8.577934806614973 ], [ 115.181463535388943, -8.577921392790717 ], [ 115.181458254085484, -8.577907788425497 ], [ 115.181453456155793, -8.577894010094111 ], [ 115.181449147445448, -8.577880074583319 ], [ 115.181445333203911, -8.577865998871381 ], [ 115.181442018078258, -8.577851800107364 ], [ 115.181439206107456, -8.577837495590265 ], [ 115.181436900717472, -8.577823102747923 ], [ 115.181435104717053, -8.577808639115789 ], [ 115.181433820294373, -8.577794122315565 ], [ 115.181433049014288, -8.577779570033732 ], [ 115.181432791816462, -8.577765 ], [ 115.181433049014288, -8.577750429965704 ], [ 115.181433820294373, -8.577735877682196 ], [ 115.181435104717053, -8.577721360879192 ], [ 115.181436900717472, -8.577706897243186 ], [ 115.181439206107456, -8.577692504395895 ], [ 115.181442018078258, -8.577678199872794 ], [ 115.181445333203911, -8.577664001101757 ], [ 115.181449147445448, -8.577649925381811 ], [ 115.181453456155793, -8.577635989862067 ], [ 115.181458254085484, -8.577622211520824 ], [ 115.181463535388943, -8.577608607144887 ], [ 115.18146929363175, -8.57759519330911 ], [ 115.181475521798333, -8.577581986356213 ], [ 115.181482212300651, -8.577569002376849 ], [ 115.181489356987356, -8.577556257190023 ], [ 115.181855, -8.577765 ] ] ] } },
{ "type": "Feature", "properties": { "rowid": 221, "nama_cctv": "CTV139 ATMS BDG SP POLRES BADUNG", "polda_id": "17", "polres_id": "265", "status": "hidup", "ctdby": "4000ORGANIK", "ctddate": "2023-10-26T16:00:00Z", "rtsp_cctv": "rtsp://satansheir:letyur13@172.16.80.14:554/cam/realmonitor?channel=139&subtype=1", "channel_code": null, "ctdupd": null, "instansi": "korlantas", "jenis_cctv": "ANALYTIC", "nama_jalan_s": "Simpang Polres Badung", "channel_id": "1000043$1$0$138", "cctv_in": "N", "cctv_out": "N", "masuk_kab": "N", "keluar_kab": "N", "keterangan": "checkpoint", "fungsi_jalan_cctv_id": 6, "masuk_prov": "N", "keluar_prov": "N", "is_active": 1, "channel_id_event": null, "hls_cctv": "https://stream.elingbali.com:5051/live_cctv/221/playlist.m3u8", "cctv_category_id": "5", "kecamatan": null, "kota": null, "nama_objek_vital": null, "channel_id_enforcement": null, "cctv_id": "05abbbdc-0a00-4c16-8e47-4b977bbe8b3a", "rtsp_cctv_dcc": null, "arah_cctv": "Timur", "radius": "33 Meter", "polda": "Polda Bali", "polres": "POLRES BADUNG", "fungsi_jalan": "ARTERI", "category": "DALAM KOTA", "in_out": null, "ket_in_out": null, "_region": "bali", "Satwil": "Polda Bali", "last_update": "2026-03-05T11:16:17" }, "geometry": { "type": "Polygon", "coordinates": [ [ [ 115.171441, -8.561666 ], [ 115.171697728072687, -8.56151942970542 ], [ 115.17170274455485, -8.561528378831111 ], [ 115.171707442141596, -8.561537495626808 ], [ 115.171711815109617, -8.561546768985101 ], [ 115.171715858131151, -8.561556187607806 ], [ 115.171719566280402, -8.561565740019782 ], [ 115.17172293503954, -8.561575414582871 ], [ 115.171725960304258, -8.561585199510104 ], [ 115.171728638388743, -8.561595082880041 ], [ 115.171730966030154, -8.561605052651315 ], [ 115.17173294039263, -8.56161509667729 ], [ 115.1717345590707, -8.561625202720858 ], [ 115.171735820092266, -8.56163535846936 ], [ 115.171736721920979, -8.561645551549578 ], [ 115.171737263458056, -8.561655769542808 ], [ 115.171737444043757, -8.561666 ], [ 115.171737263458056, -8.561676230456918 ], [ 115.171736721920979, -8.561686448449324 ], [ 115.171735820092266, -8.561696641528172 ], [ 115.1717345590707, -8.561706797274766 ], [ 115.17173294039263, -8.561716903315901 ], [ 115.171730966030154, -8.561726947338922 ], [ 115.171728638388743, -8.561736917106744 ], [ 115.171725960304258, -8.561746800472742 ], [ 115.17172293503954, -8.561756585395566 ], [ 115.171719566280402, -8.561766259953806 ], [ 115.171715858131151, -8.561775812360507 ], [ 115.171711815109617, -8.561785230977547 ], [ 115.171707442141596, -8.561794504329798 ], [ 115.17170274455485, -8.561803621119124 ], [ 115.171697728072687, -8.56181257023813 ], [ 115.171441, -8.561666 ] ] ] } },
{ "type": "Feature", "properties": { "rowid": 220, "nama_cctv": "CTV138 ATMS BDG SP MENGWI", "polda_id": "17", "polres_id": "265", "status": "hidup", "ctdby": "4000ORGANIK", "ctddate": "2023-10-26T16:00:00Z", "rtsp_cctv": "rtsp://satansheir:letyur13@172.16.80.14:554/cam/realmonitor?channel=138&subtype=1", "channel_code": null, "ctdupd": null, "instansi": "korlantas", "jenis_cctv": "ANALYTIC", "nama_jalan_s": "Simpang Mengwi", "channel_id": "1000043$1$0$137", "cctv_in": "N", "cctv_out": "N", "masuk_kab": "N", "keluar_kab": "N", "keterangan": "checkpoint", "fungsi_jalan_cctv_id": 6, "masuk_prov": "N", "keluar_prov": "N", "is_active": 1, "channel_id_event": null, "hls_cctv": "https://stream.elingbali.com:5051/live_cctv/220/playlist.m3u8", "cctv_category_id": "5", "kecamatan": null, "kota": null, "nama_objek_vital": null, "channel_id_enforcement": null, "cctv_id": "c2f76ac2-0be0-4ea8-b3fd-51b7e913f4b3", "rtsp_cctv_dcc": null, "arah_cctv": "Selatan", "radius": "30 Meter", "polda": "Polda Bali", "polres": "POLRES BADUNG", "fungsi_jalan": "ARTERI", "category": "DALAM KOTA", "in_out": null, "ket_in_out": null, "_region": "bali", "Satwil": "Polda Bali", "last_update": "2026-03-05T11:16:17" }, "geometry": { "type": "Polygon", "coordinates": [ [ [ 115.170657, -8.563658 ], [ 115.170791747292625, -8.563888787038421 ], [ 115.170783520044097, -8.563893296629798 ], [ 115.170775138650399, -8.563897519548513 ], [ 115.17076661332294, -8.563901450649603 ], [ 115.170757954448533, -8.563905085143633 ], [ 115.170749172576663, -8.563908418602544 ], [ 115.17074027840674, -8.563911446965035 ], [ 115.170731282774895, -8.563914166541517 ], [ 115.170722196640938, -8.563916574018618 ], [ 115.170713031074897, -8.563918666463204 ], [ 115.170703797243632, -8.563920441325951 ], [ 115.17069450639714, -8.563921896444475 ], [ 115.170685169854877, -8.563923030045938 ], [ 115.170675798991965, -8.563923840749224 ], [ 115.170666405225418, -8.563924327566621 ], [ 115.170657, -8.563924489905011 ], [ 115.170647594774621, -8.563924327566621 ], [ 115.170638201008074, -8.563923840749224 ], [ 115.170628830145148, -8.563923030045938 ], [ 115.170619493602899, -8.563921896444475 ], [ 115.170610202756393, -8.563920441325951 ], [ 115.170600968925143, -8.563918666463204 ], [ 115.170591803359088, -8.563916574018618 ], [ 115.17058271722513, -8.563914166541517 ], [ 115.170573721593271, -8.563911446965035 ], [ 115.170564827423334, -8.563908418602544 ], [ 115.170556045551493, -8.563905085143633 ], [ 115.170547386677086, -8.563901450649603 ], [ 115.170538861349627, -8.563897519548513 ], [ 115.170530479955929, -8.563893296629798 ], [ 115.1705222527074, -8.563888787038421 ], [ 115.170657, -8.563658 ] ] ] } },
{ "type": "Feature", "properties": { "rowid": 219, "nama_cctv": "CTV137 ATMS BDG BPR MENGWI", "polda_id": "17", "polres_id": "265", "status": "hidup", "ctdby": "4000ORGANIK", "ctddate": "2023-10-26T16:00:00Z", "rtsp_cctv": "rtsp://satansheir:letyur13@172.16.80.14:554/cam/realmonitor?channel=137&subtype=1", "channel_code": null, "ctdupd": null, "instansi": "korlantas", "jenis_cctv": "ANALYTIC", "nama_jalan_s": "Jalan Raya Denpasar - Gilimanuk 176-9", "channel_id": "1000043$1$0$136", "cctv_in": "N", "cctv_out": "N", "masuk_kab": "N", "keluar_kab": "N", "keterangan": "checkpoint", "fungsi_jalan_cctv_id": 6, "masuk_prov": "N", "keluar_prov": "N", "is_active": 1, "channel_id_event": null, "hls_cctv": "https://stream.elingbali.com:5051/live_cctv/219/playlist.m3u8", "cctv_category_id": "5", "kecamatan": null, "kota": null, "nama_objek_vital": null, "channel_id_enforcement": null, "cctv_id": "d67ff061-d912-4bee-a603-799cdf83f638", "rtsp_cctv_dcc": null, "arah_cctv": "Timur", "radius": "165 Meter", "polda": "Polda Bali", "polres": "POLRES BADUNG", "fungsi_jalan": "ARTERI", "category": "DALAM KOTA", "in_out": null, "ket_in_out": null, "_region": "bali", "Satwil": "Polda Bali", "last_update": "2026-03-05T11:16:17" }, "geometry": { "type": "Polygon", "coordinates": [ [ [ 115.160112, -8.561678 ], [ 115.161395640363466, -8.560945147985741 ], [ 115.161420722774267, -8.560989893679599 ], [ 115.161444210707955, -8.561035477720411 ], [ 115.161466075548105, -8.561081844570758 ], [ 115.161486290655787, -8.561128937739493 ], [ 115.161504831401984, -8.561176699850588 ], [ 115.161521675197662, -8.561225072713029 ], [ 115.161536801521265, -8.561273997391709 ], [ 115.161550191943689, -8.561323414279242 ], [ 115.161561830150774, -8.561373263168587 ], [ 115.16157170196314, -8.561423483326392 ], [ 115.161579795353489, -8.561474013566992 ], [ 115.161586100461349, -8.561524792326962 ], [ 115.161590609604843, -8.561575757740123 ], [ 115.161593317290283, -8.561626847712901 ], [ 115.161594220218788, -8.561678 ], [ 115.161593317290283, -8.561729152280222 ], [ 115.161590609604843, -8.561780242232407 ], [ 115.161586100461349, -8.561831207611359 ], [ 115.161579795353489, -8.561881986323669 ], [ 115.16157170196314, -8.561932516503393 ], [ 115.161561830150774, -8.561982736587398 ], [ 115.161550191943689, -8.562032585390382 ], [ 115.161536801521265, -8.562082002179414 ], [ 115.161521675197662, -8.562130926747933 ], [ 115.161504831401984, -8.562179299489085 ], [ 115.161486290655787, -8.562227061468359 ], [ 115.161466075548105, -8.562274154495382 ], [ 115.161444210707955, -8.562320521194811 ], [ 115.161420722774267, -8.562366105076247 ], [ 115.161395640363466, -8.562410850603039 ], [ 115.160112, -8.561678 ] ] ] } },
{ "type": "Feature", "properties": { "rowid": 217, "nama_cctv": "CTV130 ATMS JBR REST AREA YEH LEH", "polda_id": "17", "polres_id": "267", "status": "hidup", "ctdby": "4000ORGANIK", "ctddate": "2023-10-26T16:00:00Z", "rtsp_cctv": "rtsp://satansheir:letyur13@172.16.80.14:554/cam/realmonitor?channel=130&subtype=1", "channel_code": null, "ctdupd": null, "instansi": "korlantas", "jenis_cctv": "ANALYTIC", "nama_jalan_s": "Rest Area Pantai Yeh Leh", "channel_id": "1000043$1$0$129", "cctv_in": "N", "cctv_out": "Y", "masuk_kab": "N", "keluar_kab": "Y", "keterangan": "perbatasan", "fungsi_jalan_cctv_id": 6, "masuk_prov": "N", "keluar_prov": "N", "is_active": 1, "channel_id_event": null, "hls_cctv": "https://stream.elingbali.com:5051/live_cctv/217/playlist.m3u8", "cctv_category_id": "2", "kecamatan": null, "kota": null, "nama_objek_vital": null, "channel_id_enforcement": null, "cctv_id": "5da922a3-b0b8-47d9-be26-f1bfaa7631ae", "rtsp_cctv_dcc": null, "arah_cctv": "Utara", "radius": "70 Meter", "polda": "Polda Bali", "polres": "POLRES TABANAN", "fungsi_jalan": "ARTERI", "category": "BATAS KOTA", "in_out": "CCTV OUT", "ket_in_out": "KOTA", "_region": "bali", "Satwil": "Polda Bali", "last_update": "2026-03-05T11:16:17" }, "geometry": { "type": "Polygon", "coordinates": [ [ [ 114.913699, -8.465235 ], [ 114.913384589650562, -8.46469635786519 ], [ 114.913403786563762, -8.464685832757599 ], [ 114.913423343149105, -8.464675976725912 ], [ 114.91344323557982, -8.464666801778229 ], [ 114.913463439620116, -8.464658319092862 ], [ 114.913483930654436, -8.464650539004706 ], [ 114.913504683717619, -8.464643470992639 ], [ 114.913525673525271, -8.464637123667989 ], [ 114.913546874504533, -8.464631504764021 ], [ 114.913568260825272, -8.464626621126547 ], [ 114.913589806431546, -8.464622478705545 ], [ 114.913611485073375, -8.464619082547946 ], [ 114.913633270338664, -8.464616436791463 ], [ 114.913655135685445, -8.464614544659559 ], [ 114.913677054474078, -8.464613408457517 ], [ 114.913699, -8.46461302956963 ], [ 114.91372094552591, -8.464613408457517 ], [ 114.913742864314557, -8.464614544659559 ], [ 114.91376472966131, -8.464616436791463 ], [ 114.913786514926628, -8.464619082547946 ], [ 114.913808193568457, -8.464622478705545 ], [ 114.91382973917473, -8.464626621126547 ], [ 114.913851125495469, -8.464631504764021 ], [ 114.913872326474717, -8.464637123667989 ], [ 114.913893316282369, -8.464643470992639 ], [ 114.913914069345566, -8.464650539004706 ], [ 114.913934560379886, -8.464658319092862 ], [ 114.913954764420154, -8.464666801778229 ], [ 114.913974656850897, -8.464675976725912 ], [ 114.913994213436197, -8.464685832757599 ], [ 114.914013410349426, -8.46469635786519 ], [ 114.913699, -8.465235 ] ] ] } },
{ "type": "Feature", "properties": { "rowid": 214, "nama_cctv": "CTV130 ATMS JBR REST AREA YEH LEH", "polda_id": "17", "polres_id": "264", "status": "hidup", "ctdby": "4000ORGANIK", "ctddate": "2023-10-26T16:00:00Z", "rtsp_cctv": "rtsp://satansheir:letyur13@172.16.80.14:554/cam/realmonitor?channel=130&subtype=1", "channel_code": null, "ctdupd": null, "instansi": "korlantas", "jenis_cctv": "ANALYTIC", "nama_jalan_s": "Rest Area Pantai Yeh Leh", "channel_id": "1000043$1$0$129", "cctv_in": "Y", "cctv_out": "N", "masuk_kab": "Y", "keluar_kab": "N", "keterangan": "perbatasan", "fungsi_jalan_cctv_id": 6, "masuk_prov": "N", "keluar_prov": "N", "is_active": 1, "channel_id_event": null, "hls_cctv": "https://stream.elingbali.com:5051/live_cctv/214/playlist.m3u8", "cctv_category_id": "2", "kecamatan": null, "kota": null, "nama_objek_vital": null, "channel_id_enforcement": null, "cctv_id": "ac10152d-126c-4827-bfe8-260a6b245233", "rtsp_cctv_dcc": null, "arah_cctv": "Utara", "radius": "70 Meter", "polda": "Polda Bali", "polres": "POLRES JEMBRANA", "fungsi_jalan": "ARTERI", "category": "BATAS KOTA", "in_out": "CCTV IN", "ket_in_out": "KOTA", "_region": "bali", "Satwil": "Polda Bali", "last_update": "2026-03-05T11:16:17" }, "geometry": { "type": "Polygon", "coordinates": [ [ [ 114.913699, -8.465235 ], [ 114.913384589650562, -8.46469635786519 ], [ 114.913403786563762, -8.464685832757599 ], [ 114.913423343149105, -8.464675976725912 ], [ 114.91344323557982, -8.464666801778229 ], [ 114.913463439620116, -8.464658319092862 ], [ 114.913483930654436, -8.464650539004706 ], [ 114.913504683717619, -8.464643470992639 ], [ 114.913525673525271, -8.464637123667989 ], [ 114.913546874504533, -8.464631504764021 ], [ 114.913568260825272, -8.464626621126547 ], [ 114.913589806431546, -8.464622478705545 ], [ 114.913611485073375, -8.464619082547946 ], [ 114.913633270338664, -8.464616436791463 ], [ 114.913655135685445, -8.464614544659559 ], [ 114.913677054474078, -8.464613408457517 ], [ 114.913699, -8.46461302956963 ], [ 114.91372094552591, -8.464613408457517 ], [ 114.913742864314557, -8.464614544659559 ], [ 114.91376472966131, -8.464616436791463 ], [ 114.913786514926628, -8.464619082547946 ], [ 114.913808193568457, -8.464622478705545 ], [ 114.91382973917473, -8.464626621126547 ], [ 114.913851125495469, -8.464631504764021 ], [ 114.913872326474717, -8.464637123667989 ], [ 114.913893316282369, -8.464643470992639 ], [ 114.913914069345566, -8.464650539004706 ], [ 114.913934560379886, -8.464658319092862 ], [ 114.913954764420154, -8.464666801778229 ], [ 114.913974656850897, -8.464675976725912 ], [ 114.913994213436197, -8.464685832757599 ], [ 114.914013410349426, -8.46469635786519 ], [ 114.913699, -8.465235 ] ] ] } },
{ "type": "Feature", "properties": { "rowid": 213, "nama_cctv": "CTV18 KORLAN GILIMANUK PELABUHAN", "polda_id": "17", "polres_id": "264", "status": "hidup", "ctdby": "4000ORGANIK", "ctddate": "2024-01-09T16:00:00Z", "rtsp_cctv": "rtsp://satansheir:letyur13@172.16.80.14:554/cam/realmonitor?channel=18&subtype=1", "channel_code": null, "ctdupd": null, "instansi": "korlantas", "jenis_cctv": "ANALYTIC", "nama_jalan_s": "Pintu Masuk Pelabuhan Gilimanuk", "channel_id": "1000043$1$0$17", "cctv_in": "Y", "cctv_out": "N", "masuk_kab": "Y", "keluar_kab": "N", "keterangan": "perbatasan", "fungsi_jalan_cctv_id": 6, "masuk_prov": "N", "keluar_prov": "N", "is_active": 1, "channel_id_event": "1000036$1$0$5", "hls_cctv": "https://stream.elingbali.com:5051/live_cctv/213/playlist.m3u8", "cctv_category_id": "2", "kecamatan": "Melaya", "kota": null, "nama_objek_vital": null, "channel_id_enforcement": null, "cctv_id": "851dfdc7-3fff-46cc-b191-0a05479696fa", "rtsp_cctv_dcc": null, "arah_cctv": "Barat", "radius": "50 Meter", "polda": "Polda Bali", "polres": "POLRES JEMBRANA", "fungsi_jalan": "ARTERI", "category": "BATAS KOTA", "in_out": "CCTV IN", "ket_in_out": "KOTA", "_region": "bali", "Satwil": "Polda Bali", "last_update": "2026-03-05T11:16:17" }, "geometry": { "type": "Polygon", "coordinates": [ [ [ 114.437958, -8.161817 ], [ 114.437569018071656, -8.162039304014167 ], [ 114.437561417341115, -8.162025730829434 ], [ 114.437554299785447, -8.162011903337932 ], [ 114.437547674076313, -8.161997838386313 ], [ 114.437541548286106, -8.161983553110518 ], [ 114.43753592987818, -8.16196906491494 ], [ 114.437530825697664, -8.161954391451189 ], [ 114.437526241963255, -8.161939550596605 ], [ 114.437522184259478, -8.161924560432459 ], [ 114.437518657530049, -8.161909439221944 ], [ 114.437515666071761, -8.161894205387915 ], [ 114.437513213529229, -8.161878877490437 ], [ 114.437511302890485, -8.161863474204184 ], [ 114.437509936483366, -8.161848014295678 ], [ 114.437509115972631, -8.16183251660043 ], [ 114.437508842357929, -8.161817 ], [ 114.437509115972631, -8.16180148339896 ], [ 114.437509936483366, -8.161785985701908 ], [ 114.437511302890485, -8.161770525790404 ], [ 114.437513213529229, -8.161755122499972 ], [ 114.437515666071761, -8.161739794597159 ], [ 114.437518657530049, -8.16172456075666 ], [ 114.437522184259478, -8.161709439538576 ], [ 114.437526241963255, -8.161694449365795 ], [ 114.437530825697664, -8.161679608501553 ], [ 114.43753592987818, -8.16166493502717 ], [ 114.437541548286106, -8.161650446820037 ], [ 114.437547674076313, -8.161636161531822 ], [ 114.437554299785447, -8.161622096566971 ], [ 114.437561417341115, -8.161608269061503 ], [ 114.437569018071656, -8.161594695862123 ], [ 114.437958, -8.161817 ] ] ] } },
{ "type": "Feature", "properties": { "rowid": 212, "nama_cctv": "CTV10 SMARTCITY DENPASAR WR SUPRATMAN", "polda_id": "17", "polres_id": "268", "status": "hidup", "ctdby": "4000ORGANIK", "ctddate": "2024-01-09T16:00:00Z", "rtsp_cctv": "rtsp://satansheir:letyur13@172.16.80.14:554/cam/realmonitor?channel=10&subtype=1", "channel_code": null, "ctdupd": null, "instansi": "korlantas", "jenis_cctv": "ANALYTIC", "nama_jalan_s": "WR Supratman 345", "channel_id": "1000043$1$0$9", "cctv_in": "N", "cctv_out": "Y", "masuk_kab": "N", "keluar_kab": "Y", "keterangan": "perbatasan", "fungsi_jalan_cctv_id": 6, "masuk_prov": "N", "keluar_prov": "N", "is_active": 1, "channel_id_event": "1000036$1$0$15", "hls_cctv": "https://stream.elingbali.com:5051/live_cctv/212/playlist.m3u8", "cctv_category_id": "2", "kecamatan": "Denpasar Timur", "kota": null, "nama_objek_vital": null, "channel_id_enforcement": null, "cctv_id": "7ee63a25-c007-45d0-ae73-cd3e9ff4015e", "rtsp_cctv_dcc": null, "arah_cctv": "Utara", "radius": "30 Meter", "polda": "Polda Bali", "polres": "POLRES GIANYAR", "fungsi_jalan": "ARTERI", "category": "BATAS KOTA", "in_out": "CCTV OUT", "ket_in_out": "KOTA", "_region": "bali", "Satwil": "Polda Bali", "last_update": "2026-03-05T11:16:17" }, "geometry": { "type": "Polygon", "coordinates": [ [ [ 115.255628, -8.634706 ], [ 115.255493252707353, -8.634475256093605 ], [ 115.255501479955882, -8.634470747342231 ], [ 115.255509861349609, -8.634466525210023 ], [ 115.255518386677053, -8.634462594841002 ], [ 115.255527045551474, -8.634458961023736 ], [ 115.255535827423316, -8.634455628185474 ], [ 115.255544721593253, -8.634452600386776 ], [ 115.255553717225112, -8.634449881316554 ], [ 115.255562803359069, -8.634447474287585 ], [ 115.255571968925096, -8.634445382232467 ], [ 115.255581202756375, -8.634443607700055 ], [ 115.255590493602881, -8.634442152852346 ], [ 115.25559983014513, -8.63444101946185 ], [ 115.255609201008028, -8.634440208909437 ], [ 115.255618594774603, -8.634439722182638 ], [ 115.255628, -8.634439559874453 ], [ 115.255637405225372, -8.634439722182638 ], [ 115.255646798991947, -8.634440208909437 ], [ 115.255656169854831, -8.63444101946185 ], [ 115.255665506397094, -8.634442152852346 ], [ 115.255674797243586, -8.634443607700055 ], [ 115.255684031074878, -8.634445382232467 ], [ 115.255693196640891, -8.634447474287585 ], [ 115.255702282774863, -8.634449881316554 ], [ 115.255711278406721, -8.634452600386776 ], [ 115.255720172576645, -8.634455628185474 ], [ 115.255728954448486, -8.634458961023736 ], [ 115.255737613322893, -8.634462594841002 ], [ 115.255746138650352, -8.634466525210023 ], [ 115.255754520044064, -8.634470747342231 ], [ 115.255762747292579, -8.634475256093605 ], [ 115.255628, -8.634706 ] ] ] } },
{ "type": "Feature", "properties": { "rowid": 210, "nama_cctv": "CTV12 SMARTCITY GIANYAR SIMPANG KETEWEL", "polda_id": "17", "polres_id": "268", "status": "hidup", "ctdby": "4000ORGANIK", "ctddate": "2024-01-09T16:00:00Z", "rtsp_cctv": "rtsp://satansheir:letyur13@172.16.80.14:554/cam/realmonitor?channel=12&subtype=1", "channel_code": null, "ctdupd": null, "instansi": "korlantas", "jenis_cctv": "ANALYTIC", "nama_jalan_s": "Prof. Dr. Ida Bagus Mantra 300", "channel_id": "1000043$1$0$11", "cctv_in": "Y", "cctv_out": "N", "masuk_kab": "Y", "keluar_kab": "N", "keterangan": "perbatasan", "fungsi_jalan_cctv_id": 6, "masuk_prov": "N", "keluar_prov": "N", "is_active": 1, "channel_id_event": "1000036$1$0$30", "hls_cctv": "https://stream.elingbali.com:5051/live_cctv/210/playlist.m3u8", "cctv_category_id": "2", "kecamatan": "Sukawati", "kota": null, "nama_objek_vital": null, "channel_id_enforcement": null, "cctv_id": "13a48e7b-96d5-482e-a9df-743810bae332", "rtsp_cctv_dcc": null, "arah_cctv": "Barat", "radius": "30 Meter", "polda": "Polda Bali", "polres": "POLRES GIANYAR", "fungsi_jalan": "ARTERI", "category": "BATAS KOTA", "in_out": "CCTV IN", "ket_in_out": "KOTA", "_region": "bali", "Satwil": "Polda Bali", "last_update": "2026-03-05T11:16:17" }, "geometry": { "type": "Polygon", "coordinates": [ [ [ 115.282356, -8.636867 ], [ 115.282122610843004, -8.637000219229106 ], [ 115.282118050404677, -8.63699208528071 ], [ 115.282113779871281, -8.636983798935017 ], [ 115.28210980444581, -8.636975370287649 ], [ 115.282106128971677, -8.636966809607605 ], [ 115.282102757926907, -8.636958127324748 ], [ 115.282099695418594, -8.636949334017096 ], [ 115.282096945177955, -8.636940440397929 ], [ 115.282094510555709, -8.636931457302747 ], [ 115.282092394518045, -8.636922395676059 ], [ 115.282090599643084, -8.636913266558063 ], [ 115.282089128117548, -8.636904081071171 ], [ 115.282087981734293, -8.636894850406483 ], [ 115.282087161890047, -8.636885585810139 ], [ 115.282086669583592, -8.636876298569623 ], [ 115.282086505414782, -8.636867 ], [ 115.282086669583592, -8.63685770143015 ], [ 115.282087161890047, -8.636848414188947 ], [ 115.282087981734293, -8.636839149591463 ], [ 115.282089128117548, -8.636829918925185 ], [ 115.282090599643084, -8.636820733436265 ], [ 115.282092394518045, -8.636811604315806 ], [ 115.282094510555709, -8.63680254268624 ], [ 115.282096945177955, -8.636793559587776 ], [ 115.282099695418594, -8.636784665964935 ], [ 115.282102757926907, -8.636775872653239 ], [ 115.282106128971677, -8.636767190365987 ], [ 115.28210980444581, -8.636758629681218 ], [ 115.282113779871281, -8.63675020102882 ], [ 115.282118050404677, -8.636741914677811 ], [ 115.282122610843004, -8.636733780723848 ], [ 115.282356, -8.636867 ] ] ] } },
{ "type": "Feature", "properties": { "rowid": 209, "nama_cctv": "CTV14 SMARTCITY BADUNG HYNO", "polda_id": "17", "polres_id": "265", "status": "hidup", "ctdby": "4000ORGANIK", "ctddate": "2024-01-09T16:00:00Z", "rtsp_cctv": "rtsp://satansheir:letyur13@172.16.80.14:554/cam/realmonitor?channel=14&subtype=1", "channel_code": null, "ctdupd": null, "instansi": "korlantas", "jenis_cctv": "ANALYTIC", "nama_jalan_s": "Raya Denpasar - Gilimanuk 468", "channel_id": "1000043$1$0$13", "cctv_in": "Y", "cctv_out": "N", "masuk_kab": "Y", "keluar_kab": "N", "keterangan": "perbatasan", "fungsi_jalan_cctv_id": 6, "masuk_prov": "N", "keluar_prov": "N", "is_active": 1, "channel_id_event": "1000036$1$0$17", "hls_cctv": "https://stream.elingbali.com:5051/live_cctv/209/playlist.m3u8", "cctv_category_id": "2", "kecamatan": "Denpasar Utara", "kota": null, "nama_objek_vital": null, "channel_id_enforcement": null, "cctv_id": "033b87f1-407d-42dd-8a35-650483e05c9b", "rtsp_cctv_dcc": null, "arah_cctv": "Selatan", "radius": "30 Meter", "polda": "Polda Bali", "polres": "POLRES BADUNG", "fungsi_jalan": "ARTERI", "category": "BATAS KOTA", "in_out": "CCTV IN", "ket_in_out": "KOTA", "_region": "bali", "Satwil": "Polda Bali", "last_update": "2026-03-05T11:16:17" }, "geometry": { "type": "Polygon", "coordinates": [ [ [ 115.192471, -8.612659 ], [ 115.192605747292632, -8.612889757231402 ], [ 115.192597520044103, -8.612894266240339 ], [ 115.192589138650376, -8.612898488613641 ], [ 115.192580613322903, -8.612902419207005 ], [ 115.19257195444851, -8.612906053231622 ], [ 115.192563172576655, -8.612909386259995 ], [ 115.192554278406732, -8.612912414231355 ], [ 115.192545282774873, -8.612915133456589 ], [ 115.192536196640916, -8.612917540622751 ], [ 115.192527031074889, -8.612919632797084 ], [ 115.192517797243596, -8.6129214074306 ], [ 115.192508506397104, -8.612922862361186 ], [ 115.192499169854841, -8.612923995816237 ], [ 115.192489798991957, -8.612924806414814 ], [ 115.192480405225382, -8.612925293169335 ], [ 115.192471, -8.612925455486762 ], [ 115.192461594774613, -8.612925293169335 ], [ 115.192452201008038, -8.612924806414814 ], [ 115.192442830145154, -8.612923995816237 ], [ 115.192433493602891, -8.612922862361186 ], [ 115.192424202756399, -8.6129214074306 ], [ 115.192414968925107, -8.612919632797084 ], [ 115.19240580335908, -8.612917540622751 ], [ 115.192396717225122, -8.612915133456589 ], [ 115.192387721593263, -8.612912414231355 ], [ 115.19237882742334, -8.612909386259995 ], [ 115.192370045551485, -8.612906053231622 ], [ 115.192361386677092, -8.612902419207005 ], [ 115.192352861349619, -8.612898488613641 ], [ 115.192344479955892, -8.612894266240339 ], [ 115.192336252707364, -8.612889757231402 ], [ 115.192471, -8.612659 ] ] ] } },
{ "type": "Feature", "properties": { "rowid": 208, "nama_cctv": "CTV09 SMARTCITY DENPASAR TL UMANYAR", "polda_id": "17", "polres_id": "265", "status": "hidup", "ctdby": "4000ORGANIK", "ctddate": "2024-01-09T16:00:00Z", "rtsp_cctv": "rtsp://satansheir:letyur13@172.16.80.14:554/cam/realmonitor?channel=9&subtype=1", "channel_code": null, "ctdupd": null, "instansi": "korlantas", "jenis_cctv": "ANALYTIC", "nama_jalan_s": "Raya Denpasar - Gilimanuk 341-351", "channel_id": "1000043$1$0$8", "cctv_in": "N", "cctv_out": "Y", "masuk_kab": "N", "keluar_kab": "Y", "keterangan": "perbatasan", "fungsi_jalan_cctv_id": 6, "masuk_prov": "N", "keluar_prov": "N", "is_active": 1, "channel_id_event": "1000036$1$0$2", "hls_cctv": "https://stream.elingbali.com:5051/live_cctv/208/playlist.m3u8", "cctv_category_id": "2", "kecamatan": "Denpasar Utara", "kota": null, "nama_objek_vital": null, "channel_id_enforcement": null, "cctv_id": "577b54f2-83ab-4123-a2f2-74f6390c7e6f", "rtsp_cctv_dcc": null, "arah_cctv": "Utara", "radius": "30 Meter", "polda": "Polda Bali", "polres": "POLRES BADUNG", "fungsi_jalan": "ARTERI", "category": "BATAS KOTA", "in_out": "CCTV OUT", "ket_in_out": "KOTA", "_region": "bali", "Satwil": "Polda Bali", "last_update": "2026-03-05T11:16:17" }, "geometry": { "type": "Polygon", "coordinates": [ [ [ 115.194084, -8.615861 ], [ 115.193949252707384, -8.615630244581418 ], [ 115.193957479955913, -8.615625735605098 ], [ 115.193965861349611, -8.615621513262242 ], [ 115.193974386677084, -8.615617582697137 ], [ 115.193983045551477, -8.615613948698575 ], [ 115.193991827423332, -8.615610615694035 ], [ 115.194000721593255, -8.615607587744277 ], [ 115.194009717225114, -8.6156048685384 ], [ 115.194018803359072, -8.61560246138934 ], [ 115.194027968925127, -8.615600369229851 ], [ 115.194037202756391, -8.615598594608905 ], [ 115.194046493602883, -8.615597139688612 ], [ 115.194055830145146, -8.615596006241573 ], [ 115.19406520100803, -8.615595195648718 ], [ 115.194074594774605, -8.615594708897634 ], [ 115.194084, -8.615594546581352 ], [ 115.194093405225402, -8.615594708897634 ], [ 115.194102798991949, -8.615595195648718 ], [ 115.194112169854833, -8.615596006241573 ], [ 115.194121506397124, -8.615597139688612 ], [ 115.194130797243616, -8.615598594608905 ], [ 115.19414003107488, -8.615600369229851 ], [ 115.194149196640922, -8.61560246138934 ], [ 115.194158282774893, -8.6156048685384 ], [ 115.194167278406724, -8.615607587744277 ], [ 115.194176172576647, -8.615610615694035 ], [ 115.194184954448502, -8.615613948698575 ], [ 115.194193613322923, -8.615617582697137 ], [ 115.194202138650382, -8.615621513262242 ], [ 115.194210520044095, -8.615625735605098 ], [ 115.194218747292609, -8.615630244581418 ], [ 115.194084, -8.615861 ] ] ] } },
{ "type": "Feature", "properties": { "rowid": 206, "nama_cctv": "CTV124 DSHB BDG SP KUBU ANYAR", "polda_id": "17", "polres_id": "265", "status": "hidup", "ctdby": "4000ORGANIK", "ctddate": "2023-10-26T16:00:00Z", "rtsp_cctv": "rtsp://satansheir:letyur13@172.16.80.14/cam/realmonitor?channel=124&subtype=3", "channel_code": null, "ctdupd": null, "instansi": "dishub", "jenis_cctv": "ANALYTIC", "nama_jalan_s": "Simpang Kubu Anyar", "channel_id": "1000043$1$0$123", "cctv_in": "N", "cctv_out": "N", "masuk_kab": "N", "keluar_kab": "N", "keterangan": "checkpoint", "fungsi_jalan_cctv_id": 6, "masuk_prov": "N", "keluar_prov": "N", "is_active": 1, "channel_id_event": null, "hls_cctv": "https://stream.elingbali.com:5051/live_cctv/206/playlist.m3u8", "cctv_category_id": "5", "kecamatan": "Kuta", "kota": null, "nama_objek_vital": null, "channel_id_enforcement": null, "cctv_id": "318823b8-aba3-46cb-a685-857552f32969", "rtsp_cctv_dcc": null, "arah_cctv": "Utara", "radius": "181 Meter", "polda": "Polda Bali", "polres": "POLRES BADUNG", "fungsi_jalan": "ARTERI", "category": "DALAM KOTA", "in_out": null, "ket_in_out": null, "_region": "bali", "Satwil": "Polda Bali", "last_update": "2026-03-05T11:16:17" }, "geometry": { "type": "Polygon", "coordinates": [ [ [ 115.168458, -8.737396 ], [ 115.167645024667863, -8.73600422406056 ], [ 115.167694662400621, -8.735977028622285 ], [ 115.167745230142671, -8.735951561983486 ], [ 115.167796666284985, -8.735927855171695 ], [ 115.167848908160593, -8.735905937070353 ], [ 115.167901892120767, -8.735885834383605 ], [ 115.167955553612728, -8.735867571603775 ], [ 115.168009827258203, -8.735851170981519 ], [ 115.168064646933132, -8.735836652498714 ], [ 115.16811994584819, -8.735824033844118 ], [ 115.168175656630169, -8.735813330391805 ], [ 115.168231711404019, -8.73580455518246 ], [ 115.168288041875698, -8.735797718907452 ], [ 115.168344579415162, -8.735792829895837 ], [ 115.168401255140125, -8.735789894104203 ], [ 115.168458, -8.735788915109399 ], [ 115.168514744859834, -8.735789894104203 ], [ 115.168571420584811, -8.735792829895837 ], [ 115.168627958124262, -8.735797718907452 ], [ 115.168684288595955, -8.73580455518246 ], [ 115.168740343369819, -8.735813330391805 ], [ 115.168796054151784, -8.735824033844118 ], [ 115.168851353066827, -8.735836652498714 ], [ 115.168906172741757, -8.735851170981519 ], [ 115.16896044638726, -8.735867571603775 ], [ 115.169014107879235, -8.735885834383605 ], [ 115.169067091839395, -8.735905937070353 ], [ 115.169119333714988, -8.735927855171695 ], [ 115.169170769857288, -8.735951561983486 ], [ 115.169221337599353, -8.735977028622285 ], [ 115.169270975332111, -8.73600422406056 ], [ 115.168458, -8.737396 ] ] ] } },
{ "type": "Feature", "properties": { "rowid": 205, "nama_cctv": "CTV123 DSHB BDG SP KEDIRI", "polda_id": "17", "polres_id": "265", "status": "hidup", "ctdby": "4000ORGANIK", "ctddate": "2023-10-26T16:00:00Z", "rtsp_cctv": "rtsp://satansheir:letyur13@172.16.80.14/cam/realmonitor?channel=123&subtype=3", "channel_code": null, "ctdupd": null, "instansi": "dishub", "jenis_cctv": "ANALYTIC", "nama_jalan_s": "Simpang Kediri", "channel_id": "1000043$1$0$122", "cctv_in": "N", "cctv_out": "N", "masuk_kab": "N", "keluar_kab": "N", "keterangan": "checkpoint", "fungsi_jalan_cctv_id": 6, "masuk_prov": "N", "keluar_prov": "N", "is_active": 1, "channel_id_event": null, "hls_cctv": "https://stream.elingbali.com:5051/live_cctv/205/playlist.m3u8", "cctv_category_id": "5", "kecamatan": "Kuta", "kota": null, "nama_objek_vital": null, "channel_id_enforcement": null, "cctv_id": "d9796ff7-1259-42b0-906f-7987a55c905f", "rtsp_cctv_dcc": null, "arah_cctv": "Selatan", "radius": "68 Meter", "polda": "Polda Bali", "polres": "POLRES BADUNG", "fungsi_jalan": "ARTERI", "category": "DALAM KOTA", "in_out": null, "ket_in_out": null, "_region": "bali", "Satwil": "Polda Bali", "last_update": "2026-03-05T11:16:17" }, "geometry": { "type": "Polygon", "coordinates": [ [ [ 115.178199, -8.73739 ], [ 115.178504427196614, -8.737912875814274 ], [ 115.178485778766628, -8.737923092832188 ], [ 115.178466780940852, -8.737932660358805 ], [ 115.178447456865314, -8.73794156673762 ], [ 115.178427830083294, -8.737949801117621 ], [ 115.178407924507113, -8.737957353466541 ], [ 115.178387764388575, -8.737964214583039 ], [ 115.178367374289721, -8.737970376107947 ], [ 115.178346779052731, -8.737975830534422 ], [ 115.178326003769726, -8.737980571217127 ], [ 115.178305073752199, -8.73798459238029 ], [ 115.178284014500136, -8.737987889124769 ], [ 115.178262851671008, -8.737990457434011 ], [ 115.178241611048449, -8.737992294178936 ], [ 115.178220318510867, -8.737993397121768 ], [ 115.178199, -8.737993764918743 ], [ 115.178177681489132, -8.737993397121768 ], [ 115.17815638895155, -8.737992294178936 ], [ 115.178135148329005, -8.737990457434011 ], [ 115.178113985499863, -8.737987889124769 ], [ 115.1780929262478, -8.73798459238029 ], [ 115.178071996230273, -8.737980571217127 ], [ 115.178051220947268, -8.737975830534422 ], [ 115.178030625710278, -8.737970376107947 ], [ 115.178010235611424, -8.737964214583039 ], [ 115.177990075492886, -8.737957353466541 ], [ 115.177970169916705, -8.737949801117621 ], [ 115.177950543134699, -8.73794156673762 ], [ 115.177931219059118, -8.737932660358805 ], [ 115.177912221233385, -8.737923092832188 ], [ 115.177893572803399, -8.737912875814274 ], [ 115.178199, -8.73739 ] ] ] } },
{ "type": "Feature", "properties": { "rowid": 204, "nama_cctv": "CTV122 DSHB BDG SP MAJAPAHIT", "polda_id": "17", "polres_id": "265", "status": "hidup", "ctdby": "4000ORGANIK", "ctddate": "2023-10-26T16:00:00Z", "rtsp_cctv": "rtsp://satansheir:letyur13@172.16.80.14/cam/realmonitor?channel=122&subtype=1", "channel_code": null, "ctdupd": null, "instansi": "dishub", "jenis_cctv": "ANALYTIC", "nama_jalan_s": "Simpang Majapahit", "channel_id": "1000043$1$0$121", "cctv_in": "N", "cctv_out": "N", "masuk_kab": "N", "keluar_kab": "N", "keterangan": "checkpoint", "fungsi_jalan_cctv_id": 6, "masuk_prov": "N", "keluar_prov": "N", "is_active": 1, "channel_id_event": null, "hls_cctv": "https://stream.elingbali.com:5051/live_cctv/204/playlist.m3u8", "cctv_category_id": "5", "kecamatan": "Kuta", "kota": null, "nama_objek_vital": null, "channel_id_enforcement": null, "cctv_id": "1f0bd042-86e5-44e7-b823-44a386711c6b", "rtsp_cctv_dcc": null, "arah_cctv": "Timur", "radius": "58 Meter", "polda": "Polda Bali", "polres": "POLRES BADUNG", "fungsi_jalan": "ARTERI", "category": "DALAM KOTA", "in_out": null, "ket_in_out": null, "_region": "bali", "Satwil": "Polda Bali", "last_update": "2026-03-05T11:16:17" }, "geometry": { "type": "Polygon", "coordinates": [ [ [ 115.176329, -8.710121 ], [ 115.176780219036843, -8.709863492917714 ], [ 115.176789035884269, -8.709879215500383 ], [ 115.17679729224885, -8.709895232659644 ], [ 115.176804978071445, -8.709911524881015 ], [ 115.176812083988068, -8.709928072314904 ], [ 115.176818601341296, -8.709944854800778 ], [ 115.176824522190671, -8.70996185189173 ], [ 115.176829839322622, -8.709979042879395 ], [ 115.176834546258974, -8.709996406819183 ], [ 115.176838637265121, -8.710013922555781 ], [ 115.17684210735672, -8.710031568748944 ], [ 115.176844952306055, -8.710049323899485 ], [ 115.176847168646987, -8.710067166375472 ], [ 115.176848753679266, -8.71008507443859 ], [ 115.176849705471724, -8.710103026270614 ], [ 115.176850022864784, -8.710121 ], [ 115.176849705471724, -8.710138973728515 ], [ 115.176848753679266, -8.710156925557952 ], [ 115.176847168646987, -8.710174833616771 ], [ 115.176844952306055, -8.710192676086773 ], [ 115.17684210735672, -8.710210431229664 ], [ 115.176838637265121, -8.710228077413554 ], [ 115.176834546258974, -8.7102455931393 ], [ 115.176829839322622, -8.71026295706671 ], [ 115.176824522190671, -8.710280148040539 ], [ 115.176818601341296, -8.710297145116252 ], [ 115.176812083988068, -8.710313927585561 ], [ 115.176804978071445, -8.710330475001644 ], [ 115.17679729224885, -8.710346767204056 ], [ 115.176789035884269, -8.710362784343294 ], [ 115.176780219036843, -8.710378506904974 ], [ 115.176329, -8.710121 ] ] ] } },
{ "type": "Feature", "properties": { "rowid": 203, "nama_cctv": "CTV121 DSHB BDG SP PATIH JELANTIK", "polda_id": "17", "polres_id": "265", "status": "hidup", "ctdby": "4000ORGANIK", "ctddate": "2023-10-26T16:00:00Z", "rtsp_cctv": "rtsp://satansheir:letyur13@172.16.80.14/cam/realmonitor?channel=121&subtype=1", "channel_code": null, "ctdupd": null, "instansi": "dishub", "jenis_cctv": "ANALYTIC", "nama_jalan_s": "Simpang Patih Jelantik", "channel_id": "1000043$1$0$120", "cctv_in": "N", "cctv_out": "N", "masuk_kab": "N", "keluar_kab": "N", "keterangan": "checkpoint", "fungsi_jalan_cctv_id": 6, "masuk_prov": "N", "keluar_prov": "N", "is_active": 1, "channel_id_event": null, "hls_cctv": "https://stream.elingbali.com:5051/live_cctv/203/playlist.m3u8", "cctv_category_id": "5", "kecamatan": "Kuta", "kota": null, "nama_objek_vital": null, "channel_id_enforcement": null, "cctv_id": "af25f0e4-b7cd-475d-bf41-b0feaef4a834", "rtsp_cctv_dcc": null, "arah_cctv": "Utara", "radius": "100 Meter", "polda": "Polda Bali", "polres": "POLRES BADUNG", "fungsi_jalan": "ARTERI", "category": "DALAM KOTA", "in_out": null, "ket_in_out": null, "_region": "bali", "Satwil": "Polda Bali", "last_update": "2026-03-05T11:16:17" }, "geometry": { "type": "Polygon", "coordinates": [ [ [ 115.181226, -8.710295 ], [ 115.180776842357929, -8.70952600784948 ], [ 115.180804266519672, -8.709510981680328 ], [ 115.180832204498714, -8.709496910717165 ], [ 115.180860622256901, -8.709483812103397 ], [ 115.180889485171591, -8.709471701797778 ], [ 115.180918758077752, -8.709460594554939 ], [ 115.1809484053109, -8.709450503907439 ], [ 115.180978390750383, -8.709441442149258 ], [ 115.181008677863602, -8.709433420320828 ], [ 115.181039229750397, -8.709426448195581 ], [ 115.181070009187934, -8.709420534268032 ], [ 115.181100978676255, -8.709415685743446 ], [ 115.181132100483836, -8.70941190852904 ], [ 115.181163336693444, -8.709409207226805 ], [ 115.18119464924871, -8.709407585127883 ], [ 115.181226, -8.709407044208564 ], [ 115.181257350751281, -8.709407585127883 ], [ 115.181288663306532, -8.709409207226805 ], [ 115.181319899516168, -8.70941190852904 ], [ 115.181351021323721, -8.709415685743446 ], [ 115.181381990812042, -8.709420534268032 ], [ 115.181412770249608, -8.709426448195581 ], [ 115.18144332213636, -8.709433420320828 ], [ 115.181473609249608, -8.709441442149258 ], [ 115.18150359468909, -8.709450503907439 ], [ 115.18153324192221, -8.709460594554939 ], [ 115.1815625148284, -8.709471701797778 ], [ 115.181591377743075, -8.709483812103397 ], [ 115.181619795501277, -8.709496910717165 ], [ 115.18164773348029, -8.709510981680328 ], [ 115.181675157642047, -8.70952600784948 ], [ 115.181226, -8.710295 ] ] ] } },
{ "type": "Feature", "properties": { "rowid": 202, "nama_cctv": "CTV120 DSHB BDG SP MERTANADI TIMUR", "polda_id": "17", "polres_id": "265", "status": "hidup", "ctdby": "4000ORGANIK", "ctddate": "2023-10-26T16:00:00Z", "rtsp_cctv": "rtsp://satansheir:letyur13@172.16.80.14/cam/realmonitor?channel=120&subtype=1", "channel_code": null, "ctdupd": null, "instansi": "dishub", "jenis_cctv": "ANALYTIC", "nama_jalan_s": "Simpang Mertanadi Timur", "channel_id": "1000043$1$0$119", "cctv_in": "N", "cctv_out": "N", "masuk_kab": "N", "keluar_kab": "N", "keterangan": "checkpoint", "fungsi_jalan_cctv_id": 6, "masuk_prov": "N", "keluar_prov": "N", "is_active": 1, "channel_id_event": null, "hls_cctv": "https://stream.elingbali.com:5051/live_cctv/202/playlist.m3u8", "cctv_category_id": "5", "kecamatan": "Kuta", "kota": null, "nama_objek_vital": null, "channel_id_enforcement": null, "cctv_id": "cee5e597-9cc7-4fb6-be7e-556fa7e98dad", "rtsp_cctv_dcc": null, "arah_cctv": "Barat", "radius": "176 Meter", "polda": "Polda Bali", "polres": "POLRES BADUNG", "fungsi_jalan": "ARTERI", "category": "DALAM KOTA", "in_out": null, "ket_in_out": null, "_region": "bali", "Satwil": "Polda Bali", "last_update": "2026-03-05T11:16:17" }, "geometry": { "type": "Polygon", "coordinates": [ [ [ 115.18445, -8.709185 ], [ 115.183080783612269, -8.709966401671689 ], [ 115.183054029040775, -8.709918691774739 ], [ 115.183028975244852, -8.709870087982054 ], [ 115.183005652748676, -8.709820649509531 ], [ 115.182984089967164, -8.709770436590016 ], [ 115.182964313171226, -8.709719510399914 ], [ 115.182946346455822, -8.709667932984667 ], [ 115.182930211710641, -8.709615767183154 ], [ 115.182915928593388, -8.709563076551136 ], [ 115.182903514505824, -8.709509925283822 ], [ 115.182892984572632, -8.709456378137663 ], [ 115.182884351622903, -8.709402500351452 ], [ 115.182877626174545, -8.709348357566846 ], [ 115.182872816421479, -8.709294015748382 ], [ 115.182869928223695, -8.709239541103127 ], [ 115.182868965099928, -8.709185 ], [ 115.182869928223695, -8.709130458888922 ], [ 115.182872816421479, -8.709075984219846 ], [ 115.182877626174545, -8.709021642361812 ], [ 115.182884351622903, -8.708967499522073 ], [ 115.182892984572632, -8.708913621665442 ], [ 115.182903514505824, -8.708860074433913 ], [ 115.182915928593388, -8.708806923066698 ], [ 115.182930211710641, -8.708754232320736 ], [ 115.182946346455822, -8.708702066391787 ], [ 115.182964313171226, -8.708650488836239 ], [ 115.182984089967164, -8.708599562493649 ], [ 115.183005652748676, -8.708549349410202 ], [ 115.183028975244852, -8.708499910763106 ], [ 115.183054029040775, -8.708451306786055 ], [ 115.183080783612269, -8.708403596695844 ], [ 115.18445, -8.709185 ] ] ] } },
{ "type": "Feature", "properties": { "rowid": 201, "nama_cctv": "CTV119 DSHB BDG SP RAYA KUTA", "polda_id": "17", "polres_id": "265", "status": "hidup", "ctdby": "4000ORGANIK", "ctddate": "2023-10-26T16:00:00Z", "rtsp_cctv": "rtsp://satansheir:letyur13@172.16.80.14/cam/realmonitor?channel=119&subtype=1", "channel_code": null, "ctdupd": null, "instansi": "dishub", "jenis_cctv": "ANALYTIC", "nama_jalan_s": "Simpang Raya Kuta", "channel_id": "1000043$1$0$118", "cctv_in": "N", "cctv_out": "N", "masuk_kab": "N", "keluar_kab": "N", "keterangan": "checkpoint", "fungsi_jalan_cctv_id": 6, "masuk_prov": "N", "keluar_prov": "N", "is_active": 1, "channel_id_event": null, "hls_cctv": "https://stream.elingbali.com:5051/live_cctv/201/playlist.m3u8", "cctv_category_id": "5", "kecamatan": "Kuta", "kota": null, "nama_objek_vital": null, "channel_id_enforcement": null, "cctv_id": "735589ad-0961-4e9f-a4fc-df27f102d86c", "rtsp_cctv_dcc": null, "arah_cctv": "Timur", "radius": "35 Meter", "polda": "Polda Bali", "polres": "POLRES BADUNG", "fungsi_jalan": "ARTERI", "category": "DALAM KOTA", "in_out": null, "ket_in_out": null, "_region": "bali", "Satwil": "Polda Bali", "last_update": "2026-03-05T11:16:17" }, "geometry": { "type": "Polygon", "coordinates": [ [ [ 115.182641, -8.705879 ], [ 115.182913287349805, -8.705723606054274 ], [ 115.182918607861197, -8.705733093924755 ], [ 115.182923590150182, -8.705742759559103 ], [ 115.182928228146565, -8.705752591181218 ], [ 115.182932516199699, -8.70576257681277 ], [ 115.182936449085261, -8.705772704287796 ], [ 115.182940022011607, -8.705782961267515 ], [ 115.182943230625725, -8.705793335255363 ], [ 115.182946071018364, -8.70580381361223 ], [ 115.182948539728955, -8.705814383571841 ], [ 115.182950633749769, -8.705825032256323 ], [ 115.182952350529547, -8.705835746691887 ], [ 115.182953687976664, -8.705846513824639 ], [ 115.182954644461603, -8.705857320536483 ], [ 115.182955218819146, -8.7058681536611 ], [ 115.182955410349436, -8.705879 ], [ 115.182955218819146, -8.705889846338582 ], [ 115.182954644461603, -8.70590067946226 ], [ 115.182953687976664, -8.705911486172539 ], [ 115.182952350529547, -8.705922253303111 ], [ 115.182950633749769, -8.70593296773589 ], [ 115.182948539728955, -8.705943616416997 ], [ 115.182946071018364, -8.705954186372661 ], [ 115.182943230625725, -8.705964664725022 ], [ 115.182940022011607, -8.705975038707834 ], [ 115.182936449085261, -8.705985295682003 ], [ 115.182932516199699, -8.705995423151 ], [ 115.182928228146565, -8.706005408776072 ], [ 115.182923590150182, -8.706015240391288 ], [ 115.182918607861197, -8.706024906018346 ], [ 115.182913287349805, -8.706034393881186 ], [ 115.182641, -8.705879 ] ] ] } },
{ "type": "Feature", "properties": { "rowid": 200, "nama_cctv": "CTV118 DSHB BDG SP KUNTI", "polda_id": "17", "polres_id": "265", "status": "hidup", "ctdby": "4000ORGANIK", "ctddate": "2023-10-26T16:00:00Z", "rtsp_cctv": "rtsp://satansheir:letyur13@172.16.80.14/cam/realmonitor?channel=118&subtype=1", "channel_code": null, "ctdupd": null, "instansi": "dishub", "jenis_cctv": "ANALYTIC", "nama_jalan_s": "Simpang Kunti", "channel_id": "1000043$1$0$117", "cctv_in": "N", "cctv_out": "N", "masuk_kab": "N", "keluar_kab": "N", "keterangan": "checkpoint", "fungsi_jalan_cctv_id": 6, "masuk_prov": "N", "keluar_prov": "N", "is_active": 1, "channel_id_event": null, "hls_cctv": "https://stream.elingbali.com:5051/live_cctv/200/playlist.m3u8", "cctv_category_id": "5", "kecamatan": "Kuta", "kota": null, "nama_objek_vital": null, "channel_id_enforcement": null, "cctv_id": "c9280b9f-f93a-4864-b93b-e96f770a5540", "rtsp_cctv_dcc": null, "arah_cctv": "Barat", "radius": "90 Meter", "polda": "Polda Bali", "polres": "POLRES BADUNG", "fungsi_jalan": "ARTERI", "category": "DALAM KOTA", "in_out": null, "ket_in_out": null, "_region": "bali", "Satwil": "Polda Bali", "last_update": "2026-03-05T11:16:17" }, "geometry": { "type": "Polygon", "coordinates": [ [ [ 115.172113, -8.689153 ], [ 115.171412832528986, -8.689552601980822 ], [ 115.171399151214018, -8.689528203545064 ], [ 115.171386339613818, -8.689503347980198 ], [ 115.171374413337375, -8.689478065568807 ], [ 115.171363386915019, -8.68945238711353 ], [ 115.17135327378071, -8.689426343899536 ], [ 115.171344086255814, -8.689399967656394 ], [ 115.171335835533853, -8.689373290519427 ], [ 115.171328531667058, -8.689346344990557 ], [ 115.171322183554111, -8.689319163898704 ], [ 115.171316798929183, -8.689291780359797 ], [ 115.171312384352618, -8.68926422773642 ], [ 115.171308945202881, -8.689236539597161 ], [ 115.171306485670073, -8.689208749675732 ], [ 115.171305008750736, -8.689180891829849 ], [ 115.171304516244277, -8.689153 ], [ 115.171305008750736, -8.689125108168072 ], [ 115.171306485670073, -8.689097250315974 ], [ 115.171308945202881, -8.689069460384221 ], [ 115.171312384352618, -8.689041772230578 ], [ 115.171316798929183, -8.689014219588826 ], [ 115.171322183554111, -8.688986836027643 ], [ 115.171328531667058, -8.688959654909727 ], [ 115.171335835533853, -8.688932709351128 ], [ 115.171344086255814, -8.688906032180913 ], [ 115.17135327378071, -8.688879655901165 ], [ 115.171363386915019, -8.688853612647383 ], [ 115.171374413337375, -8.688827934149337 ], [ 115.171386339613818, -8.688802651692399 ], [ 115.171399151214018, -8.688777796079426 ], [ 115.171412832528986, -8.688753397593249 ], [ 115.172113, -8.689153 ] ] ] } },
{ "type": "Feature", "properties": { "rowid": 199, "nama_cctv": "CTV117 DSHB BDG SP MERTANADI", "polda_id": "17", "polres_id": "265", "status": "hidup", "ctdby": "4000ORGANIK", "ctddate": "2023-10-26T16:00:00Z", "rtsp_cctv": "rtsp://satansheir:letyur13@172.16.80.14/cam/realmonitor?channel=117&subtype=1", "channel_code": null, "ctdupd": null, "instansi": "dishub", "jenis_cctv": "ANALYTIC", "nama_jalan_s": "Simpang Mertanadi", "channel_id": "1000043$1$0$116", "cctv_in": "N", "cctv_out": "N", "masuk_kab": "N", "keluar_kab": "N", "keterangan": "checkpoint", "fungsi_jalan_cctv_id": 6, "masuk_prov": "N", "keluar_prov": "N", "is_active": 1, "channel_id_event": null, "hls_cctv": "https://stream.elingbali.com:5051/live_cctv/199/playlist.m3u8", "cctv_category_id": "5", "kecamatan": "Kuta", "kota": null, "nama_objek_vital": null, "channel_id_enforcement": null, "cctv_id": "60010229-b428-43d7-9bce-4005fe93a747", "rtsp_cctv_dcc": null, "arah_cctv": "Timur", "radius": "30 Meter", "polda": "Polda Bali", "polres": "POLRES BADUNG", "fungsi_jalan": "ARTERI", "category": "DALAM KOTA", "in_out": null, "ket_in_out": null, "_region": "bali", "Satwil": "Polda Bali", "last_update": "2026-03-05T11:16:17" }, "geometry": { "type": "Polygon", "coordinates": [ [ [ 115.167042, -8.683024 ], [ 115.16727538915697, -8.682890797068266 ], [ 115.167279949595297, -8.682898930024297 ], [ 115.167284220128693, -8.682907215358675 ], [ 115.167288195554192, -8.682915642976985 ], [ 115.167291871028326, -8.682924202611463 ], [ 115.167295242073067, -8.682932883833505 ], [ 115.167298304581379, -8.68294167606637 ], [ 115.167301054822019, -8.682950568598068 ], [ 115.167303489444294, -8.682959550594417 ], [ 115.167305605481928, -8.682968611112226 ], [ 115.167307400356918, -8.682977739112648 ], [ 115.167308871882454, -8.682986923474619 ], [ 115.167310018265681, -8.682996153008396 ], [ 115.167310838109955, -8.68300541646922 ], [ 115.167311330416396, -8.683014702570985 ], [ 115.167311494585221, -8.683024 ], [ 115.167311330416396, -8.683033297428789 ], [ 115.167310838109955, -8.683042583529863 ], [ 115.167310018265681, -8.683051846989539 ], [ 115.167308871882454, -8.683061076521719 ], [ 115.167307400356918, -8.683070260881648 ], [ 115.167305605481928, -8.683079388879598 ], [ 115.167303489444294, -8.683088449394516 ], [ 115.167301054822019, -8.68309743138756 ], [ 115.167298304581379, -8.683106323915569 ], [ 115.167295242073067, -8.683115116144368 ], [ 115.167291871028326, -8.683123797361993 ], [ 115.167288195554192, -8.683132356991722 ], [ 115.167284220128693, -8.683140784604975 ], [ 115.167279949595297, -8.683149069934011 ], [ 115.16727538915697, -8.683157202884443 ], [ 115.167042, -8.683024 ] ] ] } },
{ "type": "Feature", "properties": { "rowid": 198, "nama_cctv": "CTV116 DSHB BDG SP BERABAN", "polda_id": "17", "polres_id": "265", "status": "hidup", "ctdby": "4000ORGANIK", "ctddate": "2023-10-26T16:00:00Z", "rtsp_cctv": "rtsp://satansheir:letyur13@172.16.80.14/cam/realmonitor?channel=116&subtype=1", "channel_code": null, "ctdupd": null, "instansi": "dishub", "jenis_cctv": "ANALYTIC", "nama_jalan_s": "Simpang Beraban", "channel_id": "1000043$1$0$115", "cctv_in": "N", "cctv_out": "N", "masuk_kab": "N", "keluar_kab": "N", "keterangan": "checkpoint", "fungsi_jalan_cctv_id": 6, "masuk_prov": "N", "keluar_prov": "N", "is_active": 1, "channel_id_event": null, "hls_cctv": "https://stream.elingbali.com:5051/live_cctv/198/playlist.m3u8", "cctv_category_id": "5", "kecamatan": "Kuta Utara", "kota": null, "nama_objek_vital": null, "channel_id_enforcement": null, "cctv_id": "d6942e3b-3df9-49de-8d2b-4355c7af9084", "rtsp_cctv_dcc": null, "arah_cctv": "Utara", "radius": "50 Meter", "polda": "Polda Bali", "polres": "POLRES BADUNG", "fungsi_jalan": "ARTERI", "category": "DALAM KOTA", "in_out": null, "ket_in_out": null, "_region": "bali", "Satwil": "Polda Bali", "last_update": "2026-03-05T11:16:17" }, "geometry": { "type": "Polygon", "coordinates": [ [ [ 115.164658, -8.677728 ], [ 115.164433421178984, -8.677343470702501 ], [ 115.164447133259841, -8.677335956972712 ], [ 115.164461102249362, -8.677328920887069 ], [ 115.164475311128442, -8.67732237101799 ], [ 115.164489742585801, -8.677316315345502 ], [ 115.164504379038902, -8.677310761247536 ], [ 115.164519202655441, -8.677305715490926 ], [ 115.164534195375211, -8.677301184223172 ], [ 115.16454933893182, -8.677297172964941 ], [ 115.164564614875204, -8.677293686603353 ], [ 115.164580004593972, -8.677290729386018 ], [ 115.164595489338154, -8.677288304915859 ], [ 115.16461105024193, -8.67728641614673 ], [ 115.164626668346727, -8.677285065379815 ], [ 115.164642324624353, -8.677284254260822 ], [ 115.164658, -8.677283983777976 ], [ 115.164673675375667, -8.677284254260822 ], [ 115.164689331653278, -8.677285065379815 ], [ 115.164704949758089, -8.67728641614673 ], [ 115.164720510661866, -8.677288304915859 ], [ 115.164735995406048, -8.677290729386018 ], [ 115.164751385124816, -8.677293686603353 ], [ 115.164766661068185, -8.677297172964941 ], [ 115.164781804624795, -8.677301184223172 ], [ 115.164796797344565, -8.677305715490926 ], [ 115.164811620961117, -8.677310761247536 ], [ 115.164826257414205, -8.677316315345502 ], [ 115.16484068887155, -8.67732237101799 ], [ 115.164854897750658, -8.677328920887069 ], [ 115.164868866740179, -8.677335956972712 ], [ 115.164882578821036, -8.677343470702501 ], [ 115.164658, -8.677728 ] ] ] } },
{ "type": "Feature", "properties": { "rowid": 197, "nama_cctv": "CTV115 DSHB BDG SP PETI TENGET", "polda_id": "17", "polres_id": "265", "status": "hidup", "ctdby": "4000ORGANIK", "ctddate": "2023-10-26T16:00:00Z", "rtsp_cctv": "rtsp://satansheir:letyur13@172.16.80.14/cam/realmonitor?channel=115&subtype=1", "channel_code": null, "ctdupd": null, "instansi": "dishub", "jenis_cctv": "ANALYTIC", "nama_jalan_s": "Simpang Simpang Peti Tenget", "channel_id": "1000043$1$0$114", "cctv_in": "N", "cctv_out": "N", "masuk_kab": "N", "keluar_kab": "N", "keterangan": "checkpoint", "fungsi_jalan_cctv_id": 6, "masuk_prov": "N", "keluar_prov": "N", "is_active": 1, "channel_id_event": null, "hls_cctv": "https://stream.elingbali.com:5051/live_cctv/197/playlist.m3u8", "cctv_category_id": "5", "kecamatan": "Kuta Utara", "kota": null, "nama_objek_vital": null, "channel_id_enforcement": null, "cctv_id": "67f33572-7319-4c62-8066-3e6560aef5f7", "rtsp_cctv_dcc": null, "arah_cctv": "Barat", "radius": "76 Meter", "polda": "Polda Bali", "polres": "POLRES BADUNG", "fungsi_jalan": "ARTERI", "category": "DALAM KOTA", "in_out": null, "ket_in_out": null, "_region": "bali", "Satwil": "Polda Bali", "last_update": "2026-03-05T11:16:17" }, "geometry": { "type": "Polygon", "coordinates": [ [ [ 115.164943, -8.672051 ], [ 115.164351747468942, -8.672388457079006 ], [ 115.164340194358502, -8.672367853013197 ], [ 115.164329375673887, -8.67234686290981 ], [ 115.164319304596006, -8.672325512341992 ], [ 115.16430999339488, -8.672303827322061 ], [ 115.164301453414836, -8.672281834269814 ], [ 115.164293695060451, -8.67225955998035 ], [ 115.16428672778413, -8.672237031591411 ], [ 115.164280560074403, -8.672214276550328 ], [ 115.164275199445683, -8.672191322580568 ], [ 115.164270652429096, -8.672168197647977 ], [ 115.16426692456443, -8.672144929926699 ], [ 115.164264020393546, -8.672121547764839 ], [ 115.164261943454719, -8.67209807964994 ], [ 115.16426069627839, -8.672074554174275 ], [ 115.164260280384056, -8.672051 ], [ 115.16426069627839, -8.67202744582425 ], [ 115.164261943454719, -8.672003920344162 ], [ 115.164264020393546, -8.671980452221915 ], [ 115.16426692456443, -8.671957070049814 ], [ 115.164270652429096, -8.671933802315458 ], [ 115.164275199445683, -8.671910677367014 ], [ 115.164280560074403, -8.671887723378706 ], [ 115.16428672778413, -8.671864968316461 ], [ 115.164293695060451, -8.671842439903857 ], [ 115.164301453414836, -8.67182016558834 ], [ 115.16430999339488, -8.67179817250778 ], [ 115.164319304596006, -8.671776487457404 ], [ 115.164329375673887, -8.67175513685717 ], [ 115.164340194358502, -8.671734146719547 ], [ 115.164351747468942, -8.671713542617852 ], [ 115.164943, -8.672051 ] ] ] } },
{ "type": "Feature", "properties": { "rowid": 196, "nama_cctv": "CTV114 DSHB BDG SP BANJAR SEMER 2", "polda_id": "17", "polres_id": "265", "status": "hidup", "ctdby": "4000ORGANIK", "ctddate": "2023-10-26T16:00:00Z", "rtsp_cctv": "rtsp://satansheir:letyur13@172.16.80.14/cam/realmonitor?channel=114&subtype=1", "channel_code": null, "ctdupd": null, "instansi": "dishub", "jenis_cctv": "ANALYTIC", "nama_jalan_s": "Simpang Banjar Semer", "channel_id": "1000043$1$0$113", "cctv_in": "N", "cctv_out": "N", "masuk_kab": "N", "keluar_kab": "N", "keterangan": "checkpoint", "fungsi_jalan_cctv_id": 6, "masuk_prov": "N", "keluar_prov": "N", "is_active": 1, "channel_id_event": null, "hls_cctv": "https://stream.elingbali.com:5051/live_cctv/196/playlist.m3u8", "cctv_category_id": "5", "kecamatan": "Kuta Utara", "kota": null, "nama_objek_vital": null, "channel_id_enforcement": null, "cctv_id": "f149c957-190f-495c-bb87-ca5b7ec3396a", "rtsp_cctv_dcc": null, "arah_cctv": "Barat", "radius": "100 Meter", "polda": "Polda Bali", "polres": "POLRES BADUNG", "fungsi_jalan": "ARTERI", "category": "DALAM KOTA", "in_out": null, "ket_in_out": null, "_region": "bali", "Satwil": "Polda Bali", "last_update": "2026-03-05T11:16:17" }, "geometry": { "type": "Polygon", "coordinates": [ [ [ 115.1673, -8.662228 ], [ 115.166522036143334, -8.662672034013903 ], [ 115.166506834682238, -8.662644922699902 ], [ 115.166492599570901, -8.662617303428103 ], [ 115.166479348152635, -8.662589209848228 ], [ 115.166467096572234, -8.662560676187871 ], [ 115.166455859756354, -8.662531737210809 ], [ 115.166445651395335, -8.662502428174635 ], [ 115.166436483926475, -8.662472784787814 ], [ 115.16642836851895, -8.662442843166174 ], [ 115.166421315060106, -8.662412639788899 ], [ 115.166415332143558, -8.662382211454094 ], [ 115.166410427058466, -8.662351595233948 ], [ 115.166406605780992, -8.662320828429571 ], [ 115.166403872966754, -8.662289948525535 ], [ 115.16640223194527, -8.662258993144228 ], [ 115.166401684715879, -8.662228 ], [ 115.16640223194527, -8.662197006853221 ], [ 115.166403872966754, -8.662166051464263 ], [ 115.166406605780992, -8.66213517154752 ], [ 115.166410427058466, -8.662104404725437 ], [ 115.166415332143558, -8.662073788482676 ], [ 115.166421315060106, -8.662043360120455 ], [ 115.16642836851895, -8.662013156711099 ], [ 115.166436483926475, -8.661983215052866 ], [ 115.166445651395335, -8.661953571625121 ], [ 115.166455859756354, -8.661924262543891 ], [ 115.166467096572234, -8.661895323517857 ], [ 115.166479348152635, -8.661866789804854 ], [ 115.166492599570901, -8.661838696168916 ], [ 115.166506834682238, -8.66181107683791 ], [ 115.166522036143334, -8.661783965461845 ], [ 115.1673, -8.662228 ] ] ] } },
{ "type": "Feature", "properties": { "rowid": 195, "nama_cctv": "CTV113 DSHB BDG SP BANJAR SEMER 1", "polda_id": "17", "polres_id": "265", "status": "hidup", "ctdby": "4000ORGANIK", "ctddate": "2023-10-26T16:00:00Z", "rtsp_cctv": "rtsp://satansheir:letyur13@172.16.80.14/cam/realmonitor?channel=113&subtype=1", "channel_code": null, "ctdupd": null, "instansi": "dishub", "jenis_cctv": "ANALYTIC", "nama_jalan_s": "Simpang Banjar Semer", "channel_id": "1000043$1$0$112", "cctv_in": "N", "cctv_out": "N", "masuk_kab": "N", "keluar_kab": "N", "keterangan": "checkpoint", "fungsi_jalan_cctv_id": 6, "masuk_prov": "N", "keluar_prov": "N", "is_active": 1, "channel_id_event": null, "hls_cctv": "https://stream.elingbali.com:5051/live_cctv/195/playlist.m3u8", "cctv_category_id": "5", "kecamatan": "Kuta Utara", "kota": null, "nama_objek_vital": null, "channel_id_enforcement": null, "cctv_id": "1a2b09ec-d4a3-416b-92f5-b2011916a5e5", "rtsp_cctv_dcc": null, "arah_cctv": "Barat", "radius": "100 Meter", "polda": "Polda Bali", "polres": "POLRES BADUNG", "fungsi_jalan": "ARTERI", "category": "DALAM KOTA", "in_out": null, "ket_in_out": null, "_region": "bali", "Satwil": "Polda Bali", "last_update": "2026-03-05T11:16:17" }, "geometry": { "type": "Polygon", "coordinates": [ [ [ 115.167278, -8.662229 ], [ 115.166500036143333, -8.66267303401272 ], [ 115.166484834682223, -8.66264592269879 ], [ 115.166470599570914, -8.662618303427067 ], [ 115.166457348152647, -8.662590209847265 ], [ 115.166445096572247, -8.662561676186984 ], [ 115.166433859756353, -8.662532737209997 ], [ 115.16642365139532, -8.662503428173903 ], [ 115.166414483926488, -8.66247378478716 ], [ 115.166406368518935, -8.662443843165601 ], [ 115.166399315060119, -8.662413639788406 ], [ 115.166393332143542, -8.662383211453683 ], [ 115.16638842705845, -8.662352595233617 ], [ 115.166384605780976, -8.66232182842932 ], [ 115.166381872966738, -8.662290948525369 ], [ 115.166380231945254, -8.662259993144145 ], [ 115.166379684715864, -8.662229 ], [ 115.166380231945254, -8.6621980068533 ], [ 115.166381872966738, -8.662167051464428 ], [ 115.166384605780976, -8.662136171547768 ], [ 115.16638842705845, -8.662105404725764 ], [ 115.166393332143542, -8.662074788483084 ], [ 115.166399315060119, -8.662044360120944 ], [ 115.166406368518935, -8.662014156711669 ], [ 115.166414483926488, -8.661984215053513 ], [ 115.16642365139532, -8.661954571625847 ], [ 115.166433859756353, -8.661925262544695 ], [ 115.166445096572247, -8.661896323518739 ], [ 115.166457348152647, -8.661867789805813 ], [ 115.166470599570914, -8.661839696169947 ], [ 115.166484834682223, -8.661812076839016 ], [ 115.166500036143333, -8.661784965463022 ], [ 115.167278, -8.662229 ] ] ] } },
{ "type": "Feature", "properties": { "rowid": 194, "nama_cctv": "CTV112 DSHB BDG SP BANJAR ANYAR", "polda_id": "17", "polres_id": "265", "status": "hidup", "ctdby": "4000ORGANIK", "ctddate": "2023-10-26T16:00:00Z", "rtsp_cctv": "rtsp://satansheir:letyur13@172.16.80.14/cam/realmonitor?channel=112&subtype=1", "channel_code": null, "ctdupd": null, "instansi": "dishub", "jenis_cctv": "ANALYTIC", "nama_jalan_s": "Simpang Banjar Anyar", "channel_id": "1000043$1$0$111", "cctv_in": "N", "cctv_out": "N", "masuk_kab": "N", "keluar_kab": "N", "keterangan": "checkpoint", "fungsi_jalan_cctv_id": 6, "masuk_prov": "N", "keluar_prov": "N", "is_active": 1, "channel_id_event": null, "hls_cctv": "https://stream.elingbali.com:5051/live_cctv/194/playlist.m3u8", "cctv_category_id": "5", "kecamatan": "Kuta Utara", "kota": null, "nama_objek_vital": null, "channel_id_enforcement": null, "cctv_id": "09401667-4b4b-4997-9fb5-5fdcd9af17c2", "rtsp_cctv_dcc": null, "arah_cctv": "Utara", "radius": "100 Meter", "polda": "Polda Bali", "polres": "POLRES BADUNG", "fungsi_jalan": "ARTERI", "category": "DALAM KOTA", "in_out": null, "ket_in_out": null, "_region": "bali", "Satwil": "Polda Bali", "last_update": "2026-03-05T11:16:17" }, "geometry": { "type": "Polygon", "coordinates": [ [ [ 115.161924, -8.645715 ], [ 115.161474842357933, -8.644945875551963 ], [ 115.16150226651969, -8.644930846797823 ], [ 115.161530204498732, -8.644916773414002 ], [ 115.161558622256919, -8.644903672546857 ], [ 115.161587485171609, -8.64489156015788 ], [ 115.16161675807777, -8.644880451004246 ], [ 115.161646405310918, -8.644870358620841 ], [ 115.161676390750401, -8.644861295303757 ], [ 115.16170667786362, -8.644853272095325 ], [ 115.161737229750401, -8.644846298770657 ], [ 115.161768009187938, -8.644840383825734 ], [ 115.161798978676259, -8.644835534467054 ], [ 115.161830100483826, -8.644831756602853 ], [ 115.161861336693462, -8.644829054835913 ], [ 115.161892649248699, -8.644827432457937 ], [ 115.161924, -8.644826891445566 ], [ 115.161955350751299, -8.644827432457937 ], [ 115.161986663306536, -8.644829054835913 ], [ 115.162017899516172, -8.644831756602853 ], [ 115.162049021323739, -8.644835534467054 ], [ 115.16207999081206, -8.644840383825734 ], [ 115.162110770249598, -8.644846298770657 ], [ 115.162141322136378, -8.644853272095325 ], [ 115.162171609249597, -8.644861295303757 ], [ 115.16220159468908, -8.644870358620841 ], [ 115.162231241922228, -8.644880451004246 ], [ 115.16226051482839, -8.64489156015788 ], [ 115.162289377743079, -8.644903672546857 ], [ 115.162317795501266, -8.644916773414002 ], [ 115.162345733480308, -8.644930846797823 ], [ 115.162373157642065, -8.644945875551963 ], [ 115.161924, -8.645715 ] ] ] } },
{ "type": "Feature", "properties": { "rowid": 193, "nama_cctv": "CTV111 DSHB BDG SP BRAWA 2", "polda_id": "17", "polres_id": "265", "status": "hidup", "ctdby": "4000ORGANIK", "ctddate": "2023-10-26T16:00:00Z", "rtsp_cctv": "rtsp://satansheir:letyur13@172.16.80.14/cam/realmonitor?channel=111&subtype=1", "channel_code": null, "ctdupd": null, "instansi": "dishub", "jenis_cctv": "ANALYTIC", "nama_jalan_s": "Simpang Brawa", "channel_id": "1000043$1$0$110", "cctv_in": "N", "cctv_out": "N", "masuk_kab": "N", "keluar_kab": "N", "keterangan": "checkpoint", "fungsi_jalan_cctv_id": 6, "masuk_prov": "N", "keluar_prov": "N", "is_active": 1, "channel_id_event": null, "hls_cctv": "https://stream.elingbali.com:5051/live_cctv/193/playlist.m3u8", "cctv_category_id": "5", "kecamatan": "Kuta Utara", "kota": null, "nama_objek_vital": null, "channel_id_enforcement": null, "cctv_id": "75e82e0d-d071-4ef8-a535-fa1307c99db1", "rtsp_cctv_dcc": null, "arah_cctv": "Selatan", "radius": "25 Meter", "polda": "Polda Bali", "polres": "POLRES BADUNG", "fungsi_jalan": "ARTERI", "category": "DALAM KOTA", "in_out": null, "ket_in_out": null, "_region": "bali", "Satwil": "Polda Bali", "last_update": "2026-03-05T11:16:17" }, "geometry": { "type": "Polygon", "coordinates": [ [ [ 115.154955, -8.642423 ], [ 115.155067289410525, -8.642615282546256 ], [ 115.155060433370082, -8.64261903975793 ], [ 115.155053448875307, -8.642622558125385 ], [ 115.155046344435775, -8.642625833362036 ], [ 115.155039128707088, -8.642628861477519 ], [ 115.155031810480551, -8.64263163878255 ], [ 115.155024398672282, -8.642634161893413 ], [ 115.155016902312397, -8.642636427736093 ], [ 115.155009330534099, -8.642638433550015 ], [ 115.155001692562408, -8.642640176891407 ], [ 115.154993997703016, -8.642641655636279 ], [ 115.15498625533094, -8.642642867983012 ], [ 115.154978474879059, -8.642643812454549 ], [ 115.154970665826625, -8.642644487900203 ], [ 115.154962837687847, -8.642644893497046 ], [ 115.154955, -8.642645028750923 ], [ 115.154947162312155, -8.642644893497046 ], [ 115.154939334173378, -8.642644487900203 ], [ 115.154931525120944, -8.642643812454549 ], [ 115.154923744669063, -8.642642867983012 ], [ 115.154916002296986, -8.642641655636279 ], [ 115.15490830743758, -8.642640176891407 ], [ 115.154900669465889, -8.642638433550015 ], [ 115.154893097687605, -8.642636427736093 ], [ 115.15488560132772, -8.642634161893413 ], [ 115.154878189519451, -8.64263163878255 ], [ 115.154870871292914, -8.642628861477519 ], [ 115.154863655564228, -8.642625833362036 ], [ 115.154856551124681, -8.642622558125385 ], [ 115.15484956662992, -8.64261903975793 ], [ 115.154842710589477, -8.642615282546256 ], [ 115.154955, -8.642423 ] ] ] } },
{ "type": "Feature", "properties": { "rowid": 192, "nama_cctv": "CTV110 DSHB BDG SP PERERENAN", "polda_id": "17", "polres_id": "265", "status": "hidup", "ctdby": "4000ORGANIK", "ctddate": "2023-10-26T16:00:00Z", "rtsp_cctv": "rtsp://satansheir:letyur13@172.16.80.14/cam/realmonitor?channel=110&subtype=1", "channel_code": null, "ctdupd": null, "instansi": "dishub", "jenis_cctv": "ANALYTIC", "nama_jalan_s": "Simpang Perenan", "channel_id": "1000043$1$0$109", "cctv_in": "N", "cctv_out": "N", "masuk_kab": "N", "keluar_kab": "N", "keterangan": "checkpoint", "fungsi_jalan_cctv_id": 6, "masuk_prov": "N", "keluar_prov": "N", "is_active": 1, "channel_id_event": null, "hls_cctv": "https://stream.elingbali.com:5051/live_cctv/192/playlist.m3u8", "cctv_category_id": "5", "kecamatan": "Kuta Utara", "kota": null, "nama_objek_vital": null, "channel_id_enforcement": null, "cctv_id": "634f5891-3770-448e-bd45-400f4785ebc1", "rtsp_cctv_dcc": null, "arah_cctv": "Barat", "radius": "12 Meter", "polda": "Polda Bali", "polres": "POLRES BADUNG", "fungsi_jalan": "ARTERI", "category": "DALAM KOTA", "in_out": null, "ket_in_out": null, "_region": "bali", "Satwil": "Polda Bali", "last_update": "2026-03-05T11:16:17" }, "geometry": { "type": "Polygon", "coordinates": [ [ [ 115.134207, -8.631476 ], [ 115.134113644337219, -8.63152928845863 ], [ 115.134111820161891, -8.631526034832117 ], [ 115.134110111948502, -8.631522720245846 ], [ 115.134108521778316, -8.631519348738125 ], [ 115.134107051588671, -8.631515924416616 ], [ 115.134105703170761, -8.631512451453327 ], [ 115.134104478167444, -8.631508934079527 ], [ 115.134103378071188, -8.631505376580593 ], [ 115.134102404222261, -8.631501783290789 ], [ 115.134101557807227, -8.631498158587981 ], [ 115.13410083985724, -8.631494506888314 ], [ 115.13410025124702, -8.63149083264082 ], [ 115.134099792693732, -8.631487140322001 ], [ 115.134099464756019, -8.631483434430379 ], [ 115.134099267833435, -8.631479719481014 ], [ 115.134099202165913, -8.631476 ], [ 115.134099267833435, -8.631472280518942 ], [ 115.134099464756019, -8.631468565569467 ], [ 115.134099792693732, -8.631464859677665 ], [ 115.13410025124702, -8.631461167358591 ], [ 115.13410083985724, -8.631457493110773 ], [ 115.134101557807227, -8.631453841410712 ], [ 115.134102404222261, -8.631450216707446 ], [ 115.134103378071188, -8.631446623417114 ], [ 115.134104478167444, -8.631443065917594 ], [ 115.134105703170761, -8.631439548543147 ], [ 115.134107051588671, -8.631436075579154 ], [ 115.134108521778316, -8.63143265125689 ], [ 115.134110111948502, -8.631429279748364 ], [ 115.134111820161891, -8.631425965161243 ], [ 115.134113644337219, -8.631422711533842 ], [ 115.134207, -8.631476 ] ] ] } },
{ "type": "Feature", "properties": { "rowid": 191, "nama_cctv": "CTV109 DSHB BDG SP SESEH", "polda_id": "17", "polres_id": "265", "status": "hidup", "ctdby": "4000ORGANIK", "ctddate": "2023-10-26T16:00:00Z", "rtsp_cctv": "rtsp://satansheir:letyur13@172.16.80.14/cam/realmonitor?channel=109&subtype=1", "channel_code": null, "ctdupd": null, "instansi": "dishub", "jenis_cctv": "ANALYTIC", "nama_jalan_s": "Simpang Seseh", "channel_id": "1000043$1$0$108", "cctv_in": "N", "cctv_out": "N", "masuk_kab": "N", "keluar_kab": "N", "keterangan": "checkpoint", "fungsi_jalan_cctv_id": 6, "masuk_prov": "N", "keluar_prov": "N", "is_active": 1, "channel_id_event": null, "hls_cctv": "https://stream.elingbali.com:5051/live_cctv/191/playlist.m3u8", "cctv_category_id": "5", "kecamatan": "Kuta Utara", "kota": null, "nama_objek_vital": null, "channel_id_enforcement": null, "cctv_id": "064b5328-5ac0-4689-84c9-25e49555911c", "rtsp_cctv_dcc": null, "arah_cctv": "Utara", "radius": "30 Meter", "polda": "Polda Bali", "polres": "POLRES BADUNG", "fungsi_jalan": "ARTERI", "category": "DALAM KOTA", "in_out": null, "ket_in_out": null, "_region": "bali", "Satwil": "Polda Bali", "last_update": "2026-03-05T11:16:17" }, "geometry": { "type": "Polygon", "coordinates": [ [ [ 115.123915, -8.624739 ], [ 115.123780252707363, -8.624508250001773 ], [ 115.123788479955891, -8.624503741131365 ], [ 115.123796861349618, -8.624499518887689 ], [ 115.123805386677077, -8.624495588414911 ], [ 115.123814045551484, -8.624491954501705 ], [ 115.123822827423325, -8.624488621575457 ], [ 115.123831721593248, -8.624485593696823 ], [ 115.123840717225107, -8.624482874554818 ], [ 115.123849803359079, -8.6244804674623 ], [ 115.123858968925092, -8.624478375351954 ], [ 115.123868202756384, -8.624476600772693 ], [ 115.123877493602876, -8.624475145886574 ], [ 115.123886830145139, -8.624474012466157 ], [ 115.123896201008023, -8.624473201892343 ], [ 115.123905594774598, -8.624472715152693 ], [ 115.123915, -8.624472552840226 ], [ 115.123924405225367, -8.624472715152693 ], [ 115.123933798991942, -8.624473201892343 ], [ 115.12394316985484, -8.624474012466157 ], [ 115.123952506397089, -8.624475145886574 ], [ 115.123961797243595, -8.624476600772693 ], [ 115.123971031074873, -8.624478375351954 ], [ 115.1239801966409, -8.6244804674623 ], [ 115.123989282774858, -8.624482874554818 ], [ 115.123998278406717, -8.624485593696823 ], [ 115.124007172576654, -8.624488621575457 ], [ 115.124015954448495, -8.624491954501705 ], [ 115.124024613322902, -8.624495588414911 ], [ 115.124033138650361, -8.624499518887689 ], [ 115.124041520044088, -8.624503741131365 ], [ 115.124049747292617, -8.624508250001773 ], [ 115.123915, -8.624739 ] ] ] } },
{ "type": "Feature", "properties": { "rowid": 190, "nama_cctv": "CTV108 DSHB BDG SP GN SANGYANG", "polda_id": "17", "polres_id": "265", "status": "hidup", "ctdby": "4000ORGANIK", "ctddate": "2023-10-26T16:00:00Z", "rtsp_cctv": "rtsp://satansheir:letyur13@172.16.80.14/cam/realmonitor?channel=108&subtype=1", "channel_code": null, "ctdupd": null, "instansi": "dishub", "jenis_cctv": "ANALYTIC", "nama_jalan_s": "Simpang Gunung Sangyang", "channel_id": "1000043$1$0$107", "cctv_in": "N", "cctv_out": "N", "masuk_kab": "N", "keluar_kab": "N", "keterangan": "checkpoint", "fungsi_jalan_cctv_id": 6, "masuk_prov": "N", "keluar_prov": "N", "is_active": 1, "channel_id_event": null, "hls_cctv": "https://stream.elingbali.com:5051/live_cctv/190/playlist.m3u8", "cctv_category_id": "5", "kecamatan": "Kuta Utara", "kota": null, "nama_objek_vital": null, "channel_id_enforcement": null, "cctv_id": "eb1757fd-4139-4fee-b9fa-630cbc74b76d", "rtsp_cctv_dcc": null, "arah_cctv": "Utara", "radius": "13 Meter", "polda": "Polda Bali", "polres": "POLRES BADUNG", "fungsi_jalan": "ARTERI", "category": "DALAM KOTA", "in_out": null, "ket_in_out": null, "_region": "bali", "Satwil": "Polda Bali", "last_update": "2026-03-05T11:16:17" }, "geometry": { "type": "Polygon", "coordinates": [ [ [ 115.171712, -8.646196 ], [ 115.171653609506521, -8.646096014038157 ], [ 115.171657174647564, -8.646094060306117 ], [ 115.171660806584839, -8.646092230771897 ], [ 115.171664500893399, -8.646090527664507 ], [ 115.171668253072298, -8.646088953058923 ], [ 115.171672058550101, -8.646087508873556 ], [ 115.171675912690418, -8.64608619686793 ], [ 115.171679810797542, -8.646085018640525 ], [ 115.171683748122291, -8.646083975626825 ], [ 115.171687719867549, -8.646083069097587 ], [ 115.171691721194421, -8.646082300157273 ], [ 115.171695747227915, -8.646081669742728 ], [ 115.171699793062899, -8.646081178622008 ], [ 115.17170385377014, -8.646080827393472 ], [ 115.171707924402341, -8.646080616485037 ], [ 115.171712, -8.646080546153661 ], [ 115.171716075597672, -8.646080616485037 ], [ 115.171720146229859, -8.646080827393472 ], [ 115.1717242069371, -8.646081178622008 ], [ 115.171728252772084, -8.646081669742728 ], [ 115.171732278805578, -8.646082300157273 ], [ 115.17173628013245, -8.646083069097587 ], [ 115.171740251877708, -8.646083975626825 ], [ 115.171744189202457, -8.646085018640525 ], [ 115.171748087309581, -8.64608619686793 ], [ 115.171751941449898, -8.646087508873556 ], [ 115.171755746927701, -8.646088953058923 ], [ 115.171759499106599, -8.646090527664507 ], [ 115.17176319341516, -8.646092230771897 ], [ 115.171766825352435, -8.646094060306117 ], [ 115.171770390493478, -8.646096014038157 ], [ 115.171712, -8.646196 ] ] ] } },
{ "type": "Feature", "properties": { "rowid": 189, "nama_cctv": "CTV107 DSHB BDG SP GATSU BARAT", "polda_id": "17", "polres_id": "265", "status": "hidup", "ctdby": "4000ORGANIK", "ctddate": "2023-10-26T16:00:00Z", "rtsp_cctv": "rtsp://satansheir:letyur13@172.16.80.14/cam/realmonitor?channel=107&subtype=1", "channel_code": null, "ctdupd": null, "instansi": "dishub", "jenis_cctv": "ANALYTIC", "nama_jalan_s": "Simpang Gatsu Barat", "channel_id": "1000043$1$0$106", "cctv_in": "N", "cctv_out": "N", "masuk_kab": "N", "keluar_kab": "N", "keterangan": "checkpoint", "fungsi_jalan_cctv_id": 6, "masuk_prov": "N", "keluar_prov": "N", "is_active": 1, "channel_id_event": null, "hls_cctv": "https://stream.elingbali.com:5051/live_cctv/189/playlist.m3u8", "cctv_category_id": "5", "kecamatan": "Kuta Utara", "kota": null, "nama_objek_vital": null, "channel_id_enforcement": null, "cctv_id": "43f6f274-4470-4441-962e-72c3a8c709dd", "rtsp_cctv_dcc": null, "arah_cctv": "Timur", "radius": "5 Meter", "polda": "Polda Bali", "polres": "POLRES BADUNG", "fungsi_jalan": "ARTERI", "category": "DALAM KOTA", "in_out": null, "ket_in_out": null, "_region": "bali", "Satwil": "Polda Bali", "last_update": "2026-03-05T11:16:17" }, "geometry": { "type": "Polygon", "coordinates": [ [ [ 115.174552, -8.637113 ], [ 115.174590898192832, -8.637090796805053 ], [ 115.174591658265882, -8.637092152462776 ], [ 115.174592370021458, -8.637093533520009 ], [ 115.174593032592369, -8.637094938294142 ], [ 115.17459364517137, -8.637096365073679 ], [ 115.174594207012191, -8.637097812120306 ], [ 115.174594717430224, -8.63709927767102 ], [ 115.174595175803674, -8.637100759940269 ], [ 115.174595581574025, -8.637102257122143 ], [ 115.17459593424698, -8.637103767392553 ], [ 115.174596233392833, -8.637105288911465 ], [ 115.174596478647061, -8.637106819825147 ], [ 115.174596669710937, -8.637108358268412 ], [ 115.174596806351644, -8.637109902366907 ], [ 115.174596888402732, -8.637111450239383 ], [ 115.174596915764198, -8.637113 ], [ 115.174596888402732, -8.637114549760607 ], [ 115.174596806351644, -8.637116097633065 ], [ 115.174596669710937, -8.637117641731528 ], [ 115.174596478647061, -8.637119180174748 ], [ 115.174596233392833, -8.637120711088375 ], [ 115.17459593424698, -8.637122232607219 ], [ 115.174595581574025, -8.637123742877549 ], [ 115.174595175803674, -8.63712524005933 ], [ 115.174594717430224, -8.63712672232848 ], [ 115.174594207012191, -8.63712818787908 ], [ 115.17459364517137, -8.637129634925584 ], [ 115.174593032592369, -8.637131061704988 ], [ 115.174592370021458, -8.637132466478983 ], [ 115.174591658265882, -8.637133847536068 ], [ 115.174590898192832, -8.637135203193637 ], [ 115.174552, -8.637113 ] ] ] } },
{ "type": "Feature", "properties": { "rowid": 188, "nama_cctv": "CTV106 DSHB BDG SP DALUNG PERMAI", "polda_id": "17", "polres_id": "265", "status": "hidup", "ctdby": "4000ORGANIK", "ctddate": "2023-10-26T16:00:00Z", "rtsp_cctv": "rtsp://satansheir:letyur13@172.16.80.14/cam/realmonitor?channel=106&subtype=1", "channel_code": null, "ctdupd": null, "instansi": "dishub", "jenis_cctv": "ANALYTIC", "nama_jalan_s": "Simpang Dalung Permai", "channel_id": "1000043$1$0$105", "cctv_in": "N", "cctv_out": "N", "masuk_kab": "N", "keluar_kab": "N", "keterangan": "checkpoint", "fungsi_jalan_cctv_id": 6, "masuk_prov": "N", "keluar_prov": "N", "is_active": 1, "channel_id_event": null, "hls_cctv": "https://stream.elingbali.com:5051/live_cctv/188/playlist.m3u8", "cctv_category_id": "5", "kecamatan": "Mengwi", "kota": null, "nama_objek_vital": null, "channel_id_enforcement": null, "cctv_id": "79b5f799-cffc-453a-a829-9675fc49d2c5", "rtsp_cctv_dcc": null, "arah_cctv": "Utara", "radius": "20 Meter", "polda": "Polda Bali", "polres": "POLRES BADUNG", "fungsi_jalan": "ARTERI", "category": "DALAM KOTA", "in_out": null, "ket_in_out": null, "_region": "bali", "Satwil": "Polda Bali", "last_update": "2026-03-05T11:16:17" }, "geometry": { "type": "Polygon", "coordinates": [ [ [ 115.175488, -8.629841 ], [ 115.175398168471602, -8.629687168761832 ], [ 115.175403653303945, -8.629684162889456 ], [ 115.175409240899739, -8.629681348098956 ], [ 115.175414924451388, -8.629678727819726 ], [ 115.175420697034326, -8.629676305244182 ], [ 115.175426551615573, -8.629674083323854 ], [ 115.175432481062174, -8.629672064765819 ], [ 115.17543847815007, -8.62967025202938 ], [ 115.175444535572723, -8.629668647323077 ], [ 115.175450645950079, -8.629667252602008 ], [ 115.175456801837583, -8.629666069565426 ], [ 115.175462995735245, -8.629665099654675 ], [ 115.175469220096758, -8.629664344051447 ], [ 115.175475467338671, -8.629663803676335 ], [ 115.17548172984975, -8.629663479187691 ], [ 115.175488, -8.629663370980868 ], [ 115.175494270150267, -8.629663479187691 ], [ 115.175500532661317, -8.629663803676335 ], [ 115.17550677990323, -8.629664344051447 ], [ 115.175513004264744, -8.629665099654675 ], [ 115.175519198162405, -8.629666069565426 ], [ 115.17552535404991, -8.629667252602008 ], [ 115.175531464427266, -8.629668647323077 ], [ 115.175537521849918, -8.62967025202938 ], [ 115.175543518937815, -8.629672064765819 ], [ 115.175549448384444, -8.629674083323854 ], [ 115.175555302965691, -8.629676305244182 ], [ 115.175561075548629, -8.629678727819726 ], [ 115.175566759100249, -8.629681348098956 ], [ 115.175572346696072, -8.629684162889456 ], [ 115.175577831528415, -8.629687168761832 ], [ 115.175488, -8.629841 ] ] ] } },
{ "type": "Feature", "properties": { "rowid": 187, "nama_cctv": "CTV105 DSHB BDG SP BANGSAL", "polda_id": "17", "polres_id": "265", "status": "hidup", "ctdby": "4000ORGANIK", "ctddate": "2023-10-26T16:00:00Z", "rtsp_cctv": "rtsp://satansheir:letyur13@172.16.80.14/cam/realmonitor?channel=105&subtype=1", "channel_code": null, "ctdupd": null, "instansi": "dishub", "jenis_cctv": "ANALYTIC", "nama_jalan_s": "Simpang Bangsal", "channel_id": "1000043$1$0$104", "cctv_in": "N", "cctv_out": "N", "masuk_kab": "N", "keluar_kab": "N", "keterangan": "checkpoint", "fungsi_jalan_cctv_id": 6, "masuk_prov": "N", "keluar_prov": "N", "is_active": 1, "channel_id_event": null, "hls_cctv": "https://stream.elingbali.com:5051/live_cctv/187/playlist.m3u8", "cctv_category_id": "5", "kecamatan": "Mengwi", "kota": null, "nama_objek_vital": null, "channel_id_enforcement": null, "cctv_id": "69e9e4f9-2794-419d-83cb-f8ad47e47ade", "rtsp_cctv_dcc": null, "arah_cctv": "Barat", "radius": "15 Meter", "polda": "Polda Bali", "polres": "POLRES BADUNG", "fungsi_jalan": "ARTERI", "category": "DALAM KOTA", "in_out": null, "ket_in_out": null, "_region": "bali", "Satwil": "Polda Bali", "last_update": "2026-03-05T11:16:17" }, "geometry": { "type": "Polygon", "coordinates": [ [ [ 115.175946, -8.610905 ], [ 115.175829305421502, -8.610971614198125 ], [ 115.175827025202338, -8.61096754694373 ], [ 115.175824889935626, -8.610963403485481 ], [ 115.17582290222289, -8.610959188871544 ], [ 115.175821064485817, -8.610954908236767 ], [ 115.175819378963439, -8.610950566796447 ], [ 115.175817847709283, -8.610946169839959 ], [ 115.175816472588963, -8.610941722724311 ], [ 115.17581525527784, -8.610937230867632 ], [ 115.175814197259015, -8.610932699742554 ], [ 115.175813299821527, -8.61092813486955 ], [ 115.175812564058745, -8.610923541810219 ], [ 115.175811990867118, -8.61091892616049 ], [ 115.175811580944995, -8.610914293543827 ], [ 115.175811334791788, -8.610909649604356 ], [ 115.175811252707376, -8.610905 ], [ 115.175811334791788, -8.610900350395585 ], [ 115.175811580944995, -8.610895706455942 ], [ 115.175811990867118, -8.610891073838992 ], [ 115.175812564058745, -8.610886458188869 ], [ 115.175813299821527, -8.610881865129032 ], [ 115.175814197259015, -8.610877300255417 ], [ 115.17581525527784, -8.610872769129619 ], [ 115.175816472588963, -8.610868277272122 ], [ 115.175817847709283, -8.61086383015556 ], [ 115.175819378963439, -8.610859433198064 ], [ 115.175821064485817, -8.610855091756649 ], [ 115.17582290222289, -8.610850811120695 ], [ 115.175824889935626, -8.610846596505501 ], [ 115.175827025202338, -8.61084245304593 ], [ 115.175829305421502, -8.610838385790146 ], [ 115.175946, -8.610905 ] ] ] } },
{ "type": "Feature", "properties": { "rowid": 186, "nama_cctv": "CTV104 DSHB BDG SP ABIANBASE", "polda_id": "17", "polres_id": "265", "status": "hidup", "ctdby": "4000ORGANIK", "ctddate": "2023-10-26T16:00:00Z", "rtsp_cctv": "rtsp://satansheir:letyur13@172.16.80.14/cam/realmonitor?channel=104&subtype=1", "channel_code": null, "ctdupd": null, "instansi": "dishub", "jenis_cctv": "ANALYTIC", "nama_jalan_s": "Simpang Abianbase", "channel_id": "1000043$1$0$103", "cctv_in": "N", "cctv_out": "N", "masuk_kab": "N", "keluar_kab": "N", "keterangan": "checkpoint", "fungsi_jalan_cctv_id": 6, "masuk_prov": "N", "keluar_prov": "N", "is_active": 1, "channel_id_event": null, "hls_cctv": "https://stream.elingbali.com:5051/live_cctv/186/playlist.m3u8", "cctv_category_id": "5", "kecamatan": "Mengwi", "kota": null, "nama_objek_vital": null, "channel_id_enforcement": null, "cctv_id": "bb4bbc3e-c3b7-4363-870c-a0074dc70025", "rtsp_cctv_dcc": null, "arah_cctv": "Selatan", "radius": "30 Meter", "polda": "Polda Bali", "polres": "POLRES BADUNG", "fungsi_jalan": "ARTERI", "category": "DALAM KOTA", "in_out": null, "ket_in_out": null, "_region": "bali", "Satwil": "Polda Bali", "last_update": "2026-03-05T11:16:17" }, "geometry": { "type": "Polygon", "coordinates": [ [ [ 115.175521, -8.592903 ], [ 115.175655747292623, -8.593133769269171 ], [ 115.175647520044095, -8.593138278513329 ], [ 115.175639138650368, -8.5931425011069 ], [ 115.175630613322937, -8.593146431905314 ], [ 115.175621954448502, -8.593150066119504 ], [ 115.175613172576661, -8.593153399321753 ], [ 115.175604278406738, -8.593156427451072 ], [ 115.175595282774864, -8.593159146818163 ], [ 115.175586196640907, -8.593161554109898 ], [ 115.17557703107488, -8.593163646393375 ], [ 115.175567797243602, -8.593165421119469 ], [ 115.17555850639711, -8.593166876125952 ], [ 115.175549169854847, -8.593168009640134 ], [ 115.175539798991949, -8.593168820281001 ], [ 115.175530405225388, -8.593169307060911 ], [ 115.175521, -8.593169469386806 ], [ 115.175511594774605, -8.593169307060911 ], [ 115.175502201008044, -8.593168820281001 ], [ 115.175492830145146, -8.593168009640134 ], [ 115.175483493602883, -8.593166876125952 ], [ 115.175474202756391, -8.593165421119469 ], [ 115.175464968925112, -8.593163646393375 ], [ 115.175455803359085, -8.593161554109898 ], [ 115.175446717225128, -8.593159146818163 ], [ 115.175437721593269, -8.593156427451072 ], [ 115.175428827423332, -8.593153399321753 ], [ 115.17542004555149, -8.593150066119504 ], [ 115.175411386677084, -8.593146431905314 ], [ 115.175402861349625, -8.5931425011069 ], [ 115.175394479955926, -8.593138278513329 ], [ 115.175386252707369, -8.593133769269171 ], [ 115.175521, -8.592903 ] ] ] } },
{ "type": "Feature", "properties": { "rowid": 185, "nama_cctv": "CTV103 DSHB BDG SP BANJAR BUCU", "polda_id": "17", "polres_id": "265", "status": "hidup", "ctdby": "4000ORGANIK", "ctddate": "2023-10-26T16:00:00Z", "rtsp_cctv": "rtsp://satansheir:letyur13@172.16.80.14/cam/realmonitor?channel=103&subtype=1", "channel_code": null, "ctdupd": null, "instansi": "dishub", "jenis_cctv": "ANALYTIC", "nama_jalan_s": "Simpang Banjar Bucu", "channel_id": "1000043$1$0$102", "cctv_in": "N", "cctv_out": "N", "masuk_kab": "N", "keluar_kab": "N", "keterangan": "checkpoint", "fungsi_jalan_cctv_id": 6, "masuk_prov": "N", "keluar_prov": "N", "is_active": 1, "channel_id_event": null, "hls_cctv": "https://stream.elingbali.com:5051/live_cctv/185/playlist.m3u8", "cctv_category_id": "5", "kecamatan": "Mengwi", "kota": null, "nama_objek_vital": null, "channel_id_enforcement": null, "cctv_id": "d2b30d3e-fe39-4f09-b7d7-46f1de27c519", "rtsp_cctv_dcc": null, "arah_cctv": "Timur", "radius": "5 Meter", "polda": "Polda Bali", "polres": "POLRES BADUNG", "fungsi_jalan": "ARTERI", "category": "DALAM KOTA", "in_out": null, "ket_in_out": null, "_region": "bali", "Satwil": "Polda Bali", "last_update": "2026-03-05T11:16:17" }, "geometry": { "type": "Polygon", "coordinates": [ [ [ 115.2051, -8.587157 ], [ 115.205138898192814, -8.587134793872911 ], [ 115.205139658265864, -8.587136149709663 ], [ 115.205140370021439, -8.587137530949274 ], [ 115.205141032592351, -8.587138935908923 ], [ 115.205141645171381, -8.587140362876879 ], [ 115.205142207012159, -8.587141810114602 ], [ 115.205142717430192, -8.587143275858855 ], [ 115.205143175803641, -8.587144758323852 ], [ 115.205143581574035, -8.587146255703443 ], [ 115.205143934246962, -8.587147766173299 ], [ 115.205144233392815, -8.587149287893142 ], [ 115.205144478647057, -8.587150819008995 ], [ 115.205144669710947, -8.587152357655427 ], [ 115.20514480635164, -8.587153901957835 ], [ 115.205144888402728, -8.587155450034723 ], [ 115.20514491576418, -8.587157 ], [ 115.205144888402728, -8.587158549965269 ], [ 115.20514480635164, -8.587160098042137 ], [ 115.205144669710947, -8.587161642344512 ], [ 115.205144478647057, -8.587163180990903 ], [ 115.205144233392815, -8.587164712106697 ], [ 115.205143934246962, -8.587166233826474 ], [ 115.205143581574035, -8.587167744296249 ], [ 115.205143175803641, -8.587169241675749 ], [ 115.205142717430192, -8.587170724140645 ], [ 115.205142207012159, -8.587172189884788 ], [ 115.205141645171381, -8.587173637122389 ], [ 115.205141032592351, -8.587175064090212 ], [ 115.205140370021439, -8.587176469049723 ], [ 115.205139658265864, -8.587177850289187 ], [ 115.205138898192814, -8.587179206125786 ], [ 115.2051, -8.587157 ] ] ] } },
{ "type": "Feature", "properties": { "rowid": 184, "nama_cctv": "CTV102 DSHB BDG SP SIBANG GEDE", "polda_id": "17", "polres_id": "265", "status": "hidup", "ctdby": "4000ORGANIK", "ctddate": "2023-10-26T16:00:00Z", "rtsp_cctv": "rtsp://satansheir:letyur13@172.16.80.14/cam/realmonitor?channel=102&subtype=1", "channel_code": null, "ctdupd": null, "instansi": "dishub", "jenis_cctv": "ANALYTIC", "nama_jalan_s": "Simpang Sibang gede", "channel_id": "1000043$1$0$101", "cctv_in": "N", "cctv_out": "N", "masuk_kab": "N", "keluar_kab": "N", "keterangan": "checkpoint", "fungsi_jalan_cctv_id": 6, "masuk_prov": "N", "keluar_prov": "N", "is_active": 1, "channel_id_event": null, "hls_cctv": "https://stream.elingbali.com:5051/live_cctv/184/playlist.m3u8", "cctv_category_id": "5", "kecamatan": "Mengwi", "kota": null, "nama_objek_vital": null, "channel_id_enforcement": null, "cctv_id": "08ee961d-3762-4e2e-a4a2-de9c3605fb36", "rtsp_cctv_dcc": null, "arah_cctv": "Timur", "radius": "23 Meter", "polda": "Polda Bali", "polres": "POLRES BADUNG", "fungsi_jalan": "ARTERI", "category": "DALAM KOTA", "in_out": null, "ket_in_out": null, "_region": "bali", "Satwil": "Polda Bali", "last_update": "2026-03-05T11:16:17" }, "geometry": { "type": "Polygon", "coordinates": [ [ [ 115.217257, -8.578804 ], [ 115.217435931687021, -8.578701849556964 ], [ 115.217439428023084, -8.578708086544525 ], [ 115.217442702098694, -8.578714440387767 ], [ 115.217445749924877, -8.578720903345506 ], [ 115.217448567788395, -8.578727467543617 ], [ 115.217451152256004, -8.578734124984633 ], [ 115.217453500179062, -8.578740867557482 ], [ 115.217455608696895, -8.57874768704737 ], [ 115.217457475240622, -8.578754575145799 ], [ 115.21745909753615, -8.578761523460676 ], [ 115.217460473606977, -8.57876852352655 ], [ 115.217461601776535, -8.578775566814913 ], [ 115.217462480670363, -8.578782644744605 ], [ 115.217463109217633, -8.578789748692252 ], [ 115.217463486652576, -8.57879687000279 ], [ 115.217463612515346, -8.578804 ], [ 115.217463486652576, -8.578811129997073 ], [ 115.217463109217633, -8.578818251307208 ], [ 115.217462480670363, -8.578825355254191 ], [ 115.217461601776535, -8.578832433182953 ], [ 115.217460473606977, -8.578839476470133 ], [ 115.21745909753615, -8.578846476534569 ], [ 115.217457475240622, -8.578853424847766 ], [ 115.217455608696895, -8.578860312944277 ], [ 115.217453500179062, -8.57886713243202 ], [ 115.217451152256004, -8.578873875002508 ], [ 115.217448567788395, -8.578880532440955 ], [ 115.217445749924877, -8.578887096636308 ], [ 115.217442702098694, -8.578893559591112 ], [ 115.217439428023084, -8.57889991343125 ], [ 115.217435931687021, -8.578906150415557 ], [ 115.217257, -8.578804 ] ] ] } },
{ "type": "Feature", "properties": { "rowid": 183, "nama_cctv": "CTV101 DSHB BDG SP LUKLUK", "polda_id": "17", "polres_id": "265", "status": "hidup", "ctdby": "4000ORGANIK", "ctddate": "2023-10-26T16:00:00Z", "rtsp_cctv": "rtsp://satansheir:letyur13@172.16.80.14/cam/realmonitor?channel=101&subtype=1", "channel_code": null, "ctdupd": null, "instansi": "dishub", "jenis_cctv": "ANALYTIC", "nama_jalan_s": "C59Q+27W, Jl. Raya Anggungan, Lukluk, Kec. Mengwi, Kabupaten Badung, Bali 80351, Indonesia", "channel_id": "1000043$1$0$100", "cctv_in": "N", "cctv_out": "N", "masuk_kab": "N", "keluar_kab": "N", "keterangan": "checkpoint", "fungsi_jalan_cctv_id": 6, "masuk_prov": "N", "keluar_prov": "N", "is_active": 1, "channel_id_event": null, "hls_cctv": "https://stream.elingbali.com:5051/live_cctv/183/playlist.m3u8", "cctv_category_id": "5", "kecamatan": "Mengwi", "kota": null, "nama_objek_vital": null, "channel_id_enforcement": null, "cctv_id": "d07f2673-967c-46df-b7b2-3362a5c756d2", "rtsp_cctv_dcc": null, "arah_cctv": "Utara", "radius": "5 Meter", "polda": "Polda Bali", "polres": "POLRES BADUNG", "fungsi_jalan": "ARTERI", "category": "DALAM KOTA", "in_out": null, "ket_in_out": null, "_region": "bali", "Satwil": "Polda Bali", "last_update": "2026-03-05T11:16:17" }, "geometry": { "type": "Polygon", "coordinates": [ [ [ 115.1882158, -8.5823805 ], [ 115.188193342117913, -8.582342037374767 ], [ 115.188194713325998, -8.58234128581269 ], [ 115.188196110224951, -8.582340582027062 ], [ 115.188197531112849, -8.582339926875337 ], [ 115.188198974258583, -8.582339321155716 ], [ 115.188200437903902, -8.582338765606174 ], [ 115.188201920265556, -8.582338260903567 ], [ 115.18820341953753, -8.582337807662791 ], [ 115.188204933893175, -8.582337406436057 ], [ 115.188206461487539, -8.582337057712195 ], [ 115.188208000459397, -8.582336761916071 ], [ 115.188209548933813, -8.58233651940807 ], [ 115.188211105024195, -8.582336330483646 ], [ 115.188212666834673, -8.582336195372976 ], [ 115.188214232462443, -8.582336114240675 ], [ 115.1882158, -8.582336087185586 ], [ 115.188217367537575, -8.582336114240675 ], [ 115.188218933165317, -8.582336195372976 ], [ 115.188220494975823, -8.582336330483646 ], [ 115.188222051066205, -8.58233651940807 ], [ 115.188223599540621, -8.582336761916071 ], [ 115.188225138512479, -8.582337057712195 ], [ 115.188226666106843, -8.582337406436057 ], [ 115.188228180462488, -8.582337807662791 ], [ 115.188229679734462, -8.582338260903567 ], [ 115.188231162096116, -8.582338765606174 ], [ 115.188232625741435, -8.582339321155716 ], [ 115.188234068887169, -8.582339926875337 ], [ 115.188235489775067, -8.582340582027062 ], [ 115.188236886674019, -8.58234128581269 ], [ 115.188238257882105, -8.582342037374767 ], [ 115.1882158, -8.5823805 ] ] ] } },
{ "type": "Feature", "properties": { "rowid": 182, "nama_cctv": "CTV100 DSHB BDG SP KAPAL", "polda_id": "17", "polres_id": "265", "status": "hidup", "ctdby": "4000ORGANIK", "ctddate": "2023-10-26T16:00:00Z", "rtsp_cctv": "rtsp://satansheir:letyur13@172.16.80.14/cam/realmonitor?channel=100&subtype=1", "channel_code": null, "ctdupd": null, "instansi": "dishub", "jenis_cctv": "ANALYTIC", "nama_jalan_s": "Simpang Kapal", "channel_id": "1000043$1$0$99", "cctv_in": "N", "cctv_out": "N", "masuk_kab": "N", "keluar_kab": "N", "keterangan": "checkpoint", "fungsi_jalan_cctv_id": 6, "masuk_prov": "N", "keluar_prov": "N", "is_active": 1, "channel_id_event": null, "hls_cctv": "https://stream.elingbali.com:5051/live_cctv/182/playlist.m3u8", "cctv_category_id": "5", "kecamatan": "Mengwi", "kota": null, "nama_objek_vital": null, "channel_id_enforcement": null, "cctv_id": "fedb57dd-8aba-4762-b608-8c6a073368af", "rtsp_cctv_dcc": null, "arah_cctv": "Utara", "radius": "5 Meter", "polda": "Polda Bali", "polres": "POLRES BADUNG", "fungsi_jalan": "ARTERI", "category": "DALAM KOTA", "in_out": null, "ket_in_out": null, "_region": "bali", "Satwil": "Polda Bali", "last_update": "2026-03-05T11:16:17" }, "geometry": { "type": "Polygon", "coordinates": [ [ [ 115.181761, -8.577684 ], [ 115.181738542117898, -8.577645536899078 ], [ 115.181739913325984, -8.577644785327708 ], [ 115.181741310224922, -8.577644081533375 ], [ 115.181742731112834, -8.577643426373548 ], [ 115.181744174258583, -8.577642820646435 ], [ 115.181745637903887, -8.577642265090022 ], [ 115.181747120265555, -8.577641760381175 ], [ 115.18174861953753, -8.577641307134796 ], [ 115.181750133893175, -8.577640905903097 ], [ 115.181751661487525, -8.577640557174924 ], [ 115.181753200459397, -8.577640261375141 ], [ 115.181754748933812, -8.577640018864139 ], [ 115.18175630502418, -8.577639829937379 ], [ 115.181757866834673, -8.577639694825038 ], [ 115.181759432462428, -8.577639613691735 ], [ 115.181761, -8.577639586636311 ], [ 115.181762567537547, -8.577639613691735 ], [ 115.181764133165316, -8.577639694825038 ], [ 115.181765694975795, -8.577639829937379 ], [ 115.181767251066162, -8.577640018864139 ], [ 115.18176879954062, -8.577640261375141 ], [ 115.181770338512479, -8.577640557174924 ], [ 115.181771866106814, -8.577640905903097 ], [ 115.181773380462474, -8.577641307134796 ], [ 115.181774879734462, -8.577641760381175 ], [ 115.181776362096116, -8.577642265090022 ], [ 115.18177782574142, -8.577642820646435 ], [ 115.181779268887169, -8.577643426373548 ], [ 115.181780689775067, -8.577644081533375 ], [ 115.181782086674019, -8.577644785327708 ], [ 115.181783457882105, -8.577645536899078 ], [ 115.181761, -8.577684 ] ] ] } },
{ "type": "Feature", "properties": { "rowid": 181, "nama_cctv": "CTV99 DSHB DPS SP SIDAKARYA UTARA", "polda_id": "17", "polres_id": "271", "status": "hidup", "ctdby": "4000ORGANIK", "ctddate": "2023-10-26T16:00:00Z", "rtsp_cctv": "rtsp://satansheir:letyur13@172.16.80.14:554/cam/realmonitor?channel=99&subtype=1", "channel_code": null, "ctdupd": null, "instansi": "dishub", "jenis_cctv": "ANALYTIC", "nama_jalan_s": "Raya Sesetan No.236", "channel_id": "1000043$1$0$98", "cctv_in": "N", "cctv_out": "N", "masuk_kab": "N", "keluar_kab": "N", "keterangan": "checkpoint", "fungsi_jalan_cctv_id": 6, "masuk_prov": "N", "keluar_prov": "N", "is_active": 1, "channel_id_event": "1000036$1$0$46", "hls_cctv": "https://stream.elingbali.com:5051/live_cctv/181/playlist.m3u8", "cctv_category_id": "5", "kecamatan": "Denpasar Selatan", "kota": null, "nama_objek_vital": null, "channel_id_enforcement": null, "cctv_id": "7c8d7c9a-2480-4b47-870d-7e7587e4b9f9", "rtsp_cctv_dcc": null, "arah_cctv": "Utara", "radius": "35 Meter", "polda": "Polda Bali", "polres": "POLRESTA DENPASAR", "fungsi_jalan": "ARTERI", "category": "DALAM KOTA", "in_out": null, "ket_in_out": null, "_region": "bali", "Satwil": "Polda Bali", "last_update": "2026-03-05T11:16:17" }, "geometry": { "type": "Polygon", "coordinates": [ [ [ 115.219333, -8.700466 ], [ 115.219175794825304, -8.700196845857482 ], [ 115.219185393281919, -8.700191586567236 ], [ 115.219195171574569, -8.700186661607543 ], [ 115.219205117789926, -8.700182076978715 ], [ 115.219215219810081, -8.700177838266436 ], [ 115.219225465327227, -8.70017395063493 ], [ 115.219235841858819, -8.700170418820692 ], [ 115.219246336762652, -8.700167247126698 ], [ 115.219256937252283, -8.700164439417188 ], [ 115.219267630412659, -8.700161999112924 ], [ 115.219278403215796, -8.70015992918705 ], [ 115.219289242536703, -8.700158232161455 ], [ 115.219300135169362, -8.700156910103713 ], [ 115.21931106784271, -8.70015596462455 ], [ 115.219322027237055, -8.700155396875891 ], [ 115.219333, -8.700155207549448 ], [ 115.219343972762957, -8.700155396875891 ], [ 115.219354932157302, -8.70015596462455 ], [ 115.219365864830664, -8.700156910103713 ], [ 115.219376757463309, -8.700158232161455 ], [ 115.219387596784244, -8.70015992918705 ], [ 115.219398369587367, -8.700161999112924 ], [ 115.219409062747758, -8.700164439417188 ], [ 115.219419663237375, -8.700167247126698 ], [ 115.219430158141193, -8.700170418820692 ], [ 115.219440534672771, -8.70017395063493 ], [ 115.219450780189959, -8.700177838266436 ], [ 115.2194608822101, -8.700182076978715 ], [ 115.219470828425457, -8.700186661607543 ], [ 115.219480606718122, -8.700191586567236 ], [ 115.219490205174736, -8.700196845857482 ], [ 115.219333, -8.700466 ] ] ] } },
{ "type": "Feature", "properties": { "rowid": 179, "nama_cctv": "CTV97 DSHB DPS SP SIDAKARYA SELATAN", "polda_id": "17", "polres_id": "271", "status": "hidup", "ctdby": "4000ORGANIK", "ctddate": "2023-10-26T16:00:00Z", "rtsp_cctv": "rtsp://satansheir:letyur13@172.16.80.14:554/cam/realmonitor?channel=97&subtype=1", "channel_code": null, "ctdupd": null, "instansi": "dishub", "jenis_cctv": "ANALYTIC", "nama_jalan_s": "Raya Sesetan 240-238", "channel_id": "1000043$1$0$96", "cctv_in": "N", "cctv_out": "N", "masuk_kab": "N", "keluar_kab": "N", "keterangan": "checkpoint", "fungsi_jalan_cctv_id": 6, "masuk_prov": "N", "keluar_prov": "N", "is_active": 1, "channel_id_event": "1000036$1$0$43", "hls_cctv": "https://stream.elingbali.com:5051/live_cctv/179/playlist.m3u8", "cctv_category_id": "5", "kecamatan": "Denpasar Selatan", "kota": null, "nama_objek_vital": null, "channel_id_enforcement": null, "cctv_id": "a474f278-f46e-4f3a-a551-006823d55ca7", "rtsp_cctv_dcc": null, "arah_cctv": "Selatan", "radius": "35 Meter", "polda": "Polda Bali", "polres": "POLRESTA DENPASAR", "fungsi_jalan": "ARTERI", "category": "DALAM KOTA", "in_out": null, "ket_in_out": null, "_region": "bali", "Satwil": "Polda Bali", "last_update": "2026-03-05T11:16:17" }, "geometry": { "type": "Polygon", "coordinates": [ [ [ 115.219323, -8.700566 ], [ 115.219480205174719, -8.700835153877136 ], [ 115.219470606718076, -8.700840413158344 ], [ 115.219460828425426, -8.70084533810944 ], [ 115.219450882210069, -8.700849922730145 ], [ 115.219440780189942, -8.700854161434815 ], [ 115.219430534672767, -8.700858049059258 ], [ 115.219420158141176, -8.700861580867009 ], [ 115.219409663237343, -8.70086475255512 ], [ 115.219399062747712, -8.700867560259381 ], [ 115.21938836958735, -8.700870000559048 ], [ 115.219377596784199, -8.700872070480994 ], [ 115.219366757463291, -8.700873767503351 ], [ 115.219355864830661, -8.700875089558563 ], [ 115.219344932157284, -8.700876035035911 ], [ 115.219333972762954, -8.700876602783477 ], [ 115.219323, -8.700876792109556 ], [ 115.219312027237038, -8.700876602783477 ], [ 115.219301067842693, -8.700876035035911 ], [ 115.219290135169331, -8.700875089558563 ], [ 115.219279242536686, -8.700873767503351 ], [ 115.219268403215779, -8.700872070480994 ], [ 115.219257630412628, -8.700870000559048 ], [ 115.219246937252265, -8.700867560259381 ], [ 115.21923633676262, -8.70086475255512 ], [ 115.219225841858801, -8.700861580867009 ], [ 115.219215465327224, -8.700858049059258 ], [ 115.219205219810036, -8.700854161434815 ], [ 115.219195117789909, -8.700849922730145 ], [ 115.219185171574537, -8.70084533810944 ], [ 115.219175393281901, -8.700840413158344 ], [ 115.219165794825258, -8.700835153877136 ], [ 115.219323, -8.700566 ] ] ] } },
{ "type": "Feature", "properties": { "rowid": 175, "nama_cctv": "CTV93 DSHB DPS SP PUPUTAN SELATAN", "polda_id": "17", "polres_id": "271", "status": "hidup", "ctdby": "4000ORGANIK", "ctddate": "2023-10-26T16:00:00Z", "rtsp_cctv": "rtsp://satansheir:letyur13@172.16.80.14:554/cam/realmonitor?channel=93&subtype=1", "channel_code": null, "ctdupd": null, "instansi": "dishub", "jenis_cctv": "ANALYTIC", "nama_jalan_s": "Jend. Sudirman No.7", "channel_id": "1000043$1$0$92", "cctv_in": "N", "cctv_out": "N", "masuk_kab": "N", "keluar_kab": "N", "keterangan": "checkpoint", "fungsi_jalan_cctv_id": 6, "masuk_prov": "N", "keluar_prov": "N", "is_active": 1, "channel_id_event": "1000036$1$0$39", "hls_cctv": "https://stream.elingbali.com:5051/live_cctv/175/playlist.m3u8", "cctv_category_id": "5", "kecamatan": "Denpasar Barat", "kota": null, "nama_objek_vital": null, "channel_id_enforcement": null, "cctv_id": "badc9005-c4b3-4a6f-97ce-0fb58133c2f2", "rtsp_cctv_dcc": null, "arah_cctv": "Selatan", "radius": "35 Meter", "polda": "Polda Bali", "polres": "POLRESTA DENPASAR", "fungsi_jalan": "ARTERI", "category": "DALAM KOTA", "in_out": null, "ket_in_out": null, "_region": "bali", "Satwil": "Polda Bali", "last_update": "2026-03-05T11:16:17" }, "geometry": { "type": "Polygon", "coordinates": [ [ [ 115.218042, -8.669848 ], [ 115.218199205174713, -8.670117175921492 ], [ 115.218189606718084, -8.670122435633452 ], [ 115.21817982842542, -8.670127360987921 ], [ 115.218169882210063, -8.670131945984121 ], [ 115.218159780189936, -8.670136185035961 ], [ 115.218149534672762, -8.670140072978812 ], [ 115.21813915814117, -8.670143605075834 ], [ 115.218128663237337, -8.670146777023717 ], [ 115.218118062747706, -8.670149584957938 ], [ 115.218107369587358, -8.670152025457476 ], [ 115.218096596784207, -8.670154095548959 ], [ 115.218085757463285, -8.670155792710311 ], [ 115.218074864830655, -8.670157114873803 ], [ 115.218063932157278, -8.670158060428591 ], [ 115.218052972762948, -8.670158628222659 ], [ 115.218042, -8.670158817564241 ], [ 115.218031027237032, -8.670158628222659 ], [ 115.218020067842701, -8.670158060428591 ], [ 115.218009135169325, -8.670157114873803 ], [ 115.217998242536694, -8.670155792710311 ], [ 115.217987403215773, -8.670154095548959 ], [ 115.217976630412622, -8.670152025457476 ], [ 115.217965937252274, -8.670149584957938 ], [ 115.217955336762614, -8.670146777023717 ], [ 115.217944841858795, -8.670143605075834 ], [ 115.217934465327218, -8.670140072978812 ], [ 115.21792421981003, -8.670136185035961 ], [ 115.217914117789917, -8.670131945984121 ], [ 115.217904171574531, -8.670127360987921 ], [ 115.217894393281895, -8.670122435633452 ], [ 115.217884794825252, -8.670117175921492 ], [ 115.218042, -8.669848 ] ] ] } },
{ "type": "Feature", "properties": { "rowid": 174, "nama_cctv": "CTV92 DSHB DPS SP PUPUTAN", "polda_id": "17", "polres_id": "271", "status": "hidup", "ctdby": "4000ORGANIK", "ctddate": "2023-10-26T16:00:00Z", "rtsp_cctv": "rtsp://satansheir:letyur13@172.16.80.14/cam/realmonitor?channel=92&subtype=1", "channel_code": null, "ctdupd": null, "instansi": "dishub", "jenis_cctv": "ANALYTIC", "nama_jalan_s": "Simpang Puputan", "channel_id": "1000043$1$0$91", "cctv_in": "N", "cctv_out": "N", "masuk_kab": "N", "keluar_kab": "N", "keterangan": "checkpoint", "fungsi_jalan_cctv_id": 6, "masuk_prov": "N", "keluar_prov": "N", "is_active": 1, "channel_id_event": null, "hls_cctv": "https://stream.elingbali.com:5051/live_cctv/174/playlist.m3u8", "cctv_category_id": "5", "kecamatan": "Denpasar Barat", "kota": null, "nama_objek_vital": null, "channel_id_enforcement": null, "cctv_id": "8af572d9-22e7-431d-9bed-c10fe57667c0", "rtsp_cctv_dcc": null, "arah_cctv": "Utara", "radius": "55 Meter", "polda": "Polda Bali", "polres": "POLRESTA DENPASAR", "fungsi_jalan": "ARTERI", "category": "DALAM KOTA", "in_out": null, "ket_in_out": null, "_region": "bali", "Satwil": "Polda Bali", "last_update": "2026-03-05T11:16:17" }, "geometry": { "type": "Polygon", "coordinates": [ [ [ 115.218064, -8.669756 ], [ 115.217816963296855, -8.669333008773073 ], [ 115.217832046585826, -8.669324743494025 ], [ 115.217847412474299, -8.669317003634728 ], [ 115.217863042241305, -8.669309798625045 ], [ 115.217878916844384, -8.669303137243199 ], [ 115.217895016942776, -8.669297027605088 ], [ 115.217911322920997, -8.669291477154392 ], [ 115.217927814912713, -8.669286492653503 ], [ 115.217944472824996, -8.669282080175297 ], [ 115.217961276362715, -8.669278245095711 ], [ 115.21797820505337, -8.669274992087217 ], [ 115.217995238271953, -8.669272325113127 ], [ 115.218012355266112, -8.669270247422745 ], [ 115.218029535181401, -8.669268761547427 ], [ 115.218046757086782, -8.66926786929749 ], [ 115.218064, -8.66926757176001 ], [ 115.218081242913215, -8.66926786929749 ], [ 115.218098464818596, -8.669268761547427 ], [ 115.218115644733885, -8.669270247422745 ], [ 115.218132761728057, -8.669272325113127 ], [ 115.218149794946626, -8.669274992087217 ], [ 115.218166723637296, -8.669278245095711 ], [ 115.218183527175029, -8.669282080175297 ], [ 115.218200185087284, -8.669286492653503 ], [ 115.218216677078999, -8.669291477154392 ], [ 115.218232983057234, -8.669297027605088 ], [ 115.218249083155627, -8.669303137243199 ], [ 115.218264957758691, -8.669309798625045 ], [ 115.218280587525697, -8.669317003634728 ], [ 115.21829595341417, -8.669324743494025 ], [ 115.218311036703142, -8.669333008773073 ], [ 115.218064, -8.669756 ] ] ] } },
{ "type": "Feature", "properties": { "rowid": 172, "nama_cctv": "CTV90 DSHB DPS SP SEDAP MALAM", "polda_id": "17", "polres_id": "271", "status": "hidup", "ctdby": "4000ORGANIK", "ctddate": "2023-10-26T16:00:00Z", "rtsp_cctv": "rtsp://satansheir:letyur13@172.16.80.14/cam/realmonitor?channel=90&subtype=1", "channel_code": null, "ctdupd": null, "instansi": "dishub", "jenis_cctv": "ANALYTIC", "nama_jalan_s": "Simpang Sedap Malam", "channel_id": "1000043$1$0$89", "cctv_in": "N", "cctv_out": "N", "masuk_kab": "N", "keluar_kab": "N", "keterangan": "checkpoint", "fungsi_jalan_cctv_id": 6, "masuk_prov": "N", "keluar_prov": "N", "is_active": 1, "channel_id_event": null, "hls_cctv": "https://stream.elingbali.com:5051/live_cctv/172/playlist.m3u8", "cctv_category_id": "5", "kecamatan": "Denpasar Selatan", "kota": null, "nama_objek_vital": null, "channel_id_enforcement": null, "cctv_id": "ecf57b4f-514e-4b03-ab99-574c1f9ff248", "rtsp_cctv_dcc": null, "arah_cctv": "Utara", "radius": "55 Meter", "polda": "Polda Bali", "polres": "POLRESTA DENPASAR", "fungsi_jalan": "ARTERI", "category": "DALAM KOTA", "in_out": null, "ket_in_out": null, "_region": "bali", "Satwil": "Polda Bali", "last_update": "2026-03-05T11:16:17" }, "geometry": { "type": "Polygon", "coordinates": [ [ [ 115.252015, -8.674087 ], [ 115.251767963296857, -8.673664013649599 ], [ 115.251783046585828, -8.673655748465837 ], [ 115.251798412474301, -8.673648008695769 ], [ 115.251814042241307, -8.673640803769148 ], [ 115.251829916844358, -8.673634142464095 ], [ 115.251846016942764, -8.673628032896419 ], [ 115.251862322920999, -8.67362248250971 ], [ 115.251878814912715, -8.673617498066287 ], [ 115.251895472824998, -8.673613085638946 ], [ 115.251912276362702, -8.673609250603572 ], [ 115.251929205053358, -8.673605997632583 ], [ 115.251946238271955, -8.673603330689236 ], [ 115.251963355266113, -8.673601253022808 ], [ 115.251980535181403, -8.673599767164621 ], [ 115.251997757086784, -8.67359887492497 ], [ 115.252015, -8.673598577390919 ], [ 115.252032242913216, -8.67359887492497 ], [ 115.252049464818597, -8.673599767164621 ], [ 115.252066644733887, -8.673601253022808 ], [ 115.252083761728031, -8.673603330689236 ], [ 115.252100794946628, -8.673605997632583 ], [ 115.252117723637284, -8.673609250603572 ], [ 115.252134527175002, -8.673613085638946 ], [ 115.252151185087286, -8.673617498066287 ], [ 115.252167677079001, -8.67362248250971 ], [ 115.252183983057222, -8.673628032896419 ], [ 115.252200083155628, -8.673634142464095 ], [ 115.252215957758693, -8.673640803769148 ], [ 115.252231587525699, -8.673648008695769 ], [ 115.252246953414172, -8.673655748465837 ], [ 115.252262036703144, -8.673664013649599 ], [ 115.252015, -8.674087 ] ] ] } },
{ "type": "Feature", "properties": { "rowid": 171, "nama_cctv": "CTV89 DSHB DPS SP NUSA INDAH", "polda_id": "17", "polres_id": "271", "status": "hidup", "ctdby": "4000ORGANIK", "ctddate": "2023-10-26T16:00:00Z", "rtsp_cctv": "rtsp://satansheir:letyur13@172.16.80.14/cam/realmonitor?channel=89&subtype=1", "channel_code": null, "ctdupd": null, "instansi": "dishub", "jenis_cctv": "ANALYTIC", "nama_jalan_s": "Simpang Nusa Indah", "channel_id": "1000043$1$0$88", "cctv_in": "N", "cctv_out": "N", "masuk_kab": "N", "keluar_kab": "N", "keterangan": "checkpoint", "fungsi_jalan_cctv_id": 6, "masuk_prov": "N", "keluar_prov": "N", "is_active": 1, "channel_id_event": null, "hls_cctv": "https://stream.elingbali.com:5051/live_cctv/171/playlist.m3u8", "cctv_category_id": "5", "kecamatan": "Denpasar Selatan", "kota": null, "nama_objek_vital": null, "channel_id_enforcement": null, "cctv_id": "de1b51d9-1302-48b2-bdc5-548c24891a48", "rtsp_cctv_dcc": null, "arah_cctv": "Timur", "radius": "55 Meter", "polda": "Polda Bali", "polres": "POLRESTA DENPASAR", "fungsi_jalan": "ARTERI", "category": "DALAM KOTA", "in_out": null, "ket_in_out": null, "_region": "bali", "Satwil": "Polda Bali", "last_update": "2026-03-05T11:16:17" }, "geometry": { "type": "Polygon", "coordinates": [ [ [ 115.2351233, -8.6570785 ], [ 115.235551180121149, -8.656834277726007 ], [ 115.235559540924754, -8.656849189179267 ], [ 115.235567370235984, -8.656864380011919 ], [ 115.235574658516029, -8.65687983171625 ], [ 115.235581396885252, -8.656895525466696 ], [ 115.235587577133998, -8.656911442142817 ], [ 115.235593191732548, -8.656927562352569 ], [ 115.23559823384042, -8.656943866455935 ], [ 115.235602697314548, -8.656960334588847 ], [ 115.235606576716918, -8.656976946687408 ], [ 115.235609867321045, -8.656993682512313 ], [ 115.235612565117833, -8.657010521673527 ], [ 115.235614666820425, -8.65702744365511 ], [ 115.235616169868266, -8.657044427840226 ], [ 115.235617072430088, -8.657061453536254 ], [ 115.235617373406257, -8.6570785 ], [ 115.235617072430088, -8.657095546462973 ], [ 115.235616169868266, -8.65711257215669 ], [ 115.235614666820425, -8.657129556337964 ], [ 115.235612565117833, -8.657146478314193 ], [ 115.235609867321045, -8.657163317468569 ], [ 115.235606576716918, -8.657180053285188 ], [ 115.235602697314548, -8.65719666537405 ], [ 115.23559823384042, -8.657213133495899 ], [ 115.235593191732548, -8.65722943758689 ], [ 115.235587577133998, -8.657245557783019 ], [ 115.235581396885252, -8.657261474444338 ], [ 115.235574658516029, -8.657277168178869 ], [ 115.235567370235984, -8.657292619866247 ], [ 115.235559540924754, -8.657307810681003 ], [ 115.235551180121149, -8.657322722115497 ], [ 115.2351233, -8.6570785 ] ] ] } },
{ "type": "Feature", "properties": { "rowid": 170, "nama_cctv": "CTV88 DSHB DPS SP MELATI", "polda_id": "17", "polres_id": "271", "status": "hidup", "ctdby": "4000ORGANIK", "ctddate": "2023-10-26T16:00:00Z", "rtsp_cctv": "rtsp://satansheir:letyur13@172.16.80.14/cam/realmonitor?channel=88&subtype=1", "channel_code": null, "ctdupd": null, "instansi": "dishub", "jenis_cctv": "ANALYTIC", "nama_jalan_s": "Simpang Melati", "channel_id": "1000043$1$0$87", "cctv_in": "N", "cctv_out": "N", "masuk_kab": "N", "keluar_kab": "N", "keterangan": "checkpoint", "fungsi_jalan_cctv_id": 6, "masuk_prov": "N", "keluar_prov": "N", "is_active": 1, "channel_id_event": null, "hls_cctv": "https://stream.elingbali.com:5051/live_cctv/170/playlist.m3u8", "cctv_category_id": "5", "kecamatan": "Denpasar Timur", "kota": null, "nama_objek_vital": null, "channel_id_enforcement": null, "cctv_id": "58c3154d-16c0-4f28-b659-0b24ac9067b8", "rtsp_cctv_dcc": null, "arah_cctv": "Barat", "radius": "55 Meter", "polda": "Polda Bali", "polres": "POLRESTA DENPASAR", "fungsi_jalan": "ARTERI", "category": "DALAM KOTA", "in_out": null, "ket_in_out": null, "_region": "bali", "Satwil": "Polda Bali", "last_update": "2026-03-05T11:16:17" }, "geometry": { "type": "Polygon", "coordinates": [ [ [ 115.222206, -8.656714 ], [ 115.221778119878834, -8.656958222352049 ], [ 115.221769759075229, -8.656943310903111 ], [ 115.221761929763986, -8.656928120073642 ], [ 115.221754641483955, -8.656912668371296 ], [ 115.221747903114732, -8.656896974621562 ], [ 115.221741722865985, -8.656881057944828 ], [ 115.221736108267436, -8.656864937733086 ], [ 115.221731066159563, -8.656848633626304 ], [ 115.221726602685436, -8.656832165488501 ], [ 115.221722723283065, -8.656815553383549 ], [ 115.221719432678924, -8.656798817550722 ], [ 115.221716734882165, -8.656781978380035 ], [ 115.221714633179545, -8.656765056387412 ], [ 115.221713130131718, -8.656748072189687 ], [ 115.221712227569896, -8.656731046479484 ], [ 115.221711926593727, -8.656714 ], [ 115.221712227569896, -8.656696953519742 ], [ 115.221713130131718, -8.656679927807222 ], [ 115.221714633179545, -8.656662943605658 ], [ 115.221716734882165, -8.656646021607685 ], [ 115.221719432678924, -8.65662918243016 ], [ 115.221722723283065, -8.656612446589046 ], [ 115.221726602685436, -8.656595834474393 ], [ 115.221731066159563, -8.656579366325529 ], [ 115.221736108267436, -8.656563062206374 ], [ 115.221741722865985, -8.656546941981009 ], [ 115.221747903114732, -8.656531025289469 ], [ 115.221754641483955, -8.656515331523822 ], [ 115.221761929763986, -8.656499879804526 ], [ 115.221769759075229, -8.656484688957162 ], [ 115.221778119878834, -8.656469777489457 ], [ 115.222206, -8.656714 ] ] ] } },
{ "type": "Feature", "properties": { "rowid": 169, "nama_cctv": "CTV87 DSHB DPS SP ARJUNA", "polda_id": "17", "polres_id": "271", "status": "hidup", "ctdby": "4000ORGANIK", "ctddate": "2023-10-26T16:00:00Z", "rtsp_cctv": "rtsp://satansheir:letyur13@172.16.80.14/cam/realmonitor?channel=87&subtype=1", "channel_code": null, "ctdupd": null, "instansi": "dishub", "jenis_cctv": "ANALYTIC", "nama_jalan_s": "Simpang Arjuna", "channel_id": "1000043$1$0$86", "cctv_in": "N", "cctv_out": "N", "masuk_kab": "N", "keluar_kab": "N", "keterangan": "checkpoint", "fungsi_jalan_cctv_id": 6, "masuk_prov": "N", "keluar_prov": "N", "is_active": 1, "channel_id_event": null, "hls_cctv": "https://stream.elingbali.com:5051/live_cctv/169/playlist.m3u8", "cctv_category_id": "5", "kecamatan": "Denpasar Barat", "kota": null, "nama_objek_vital": null, "channel_id_enforcement": null, "cctv_id": "096129de-e782-447a-a383-aa2fe0e4e58d", "rtsp_cctv_dcc": null, "arah_cctv": "Timur", "radius": "55 Meter", "polda": "Polda Bali", "polres": "POLRESTA DENPASAR", "fungsi_jalan": "ARTERI", "category": "DALAM KOTA", "in_out": null, "ket_in_out": null, "_region": "bali", "Satwil": "Polda Bali", "last_update": "2026-03-05T11:16:17" }, "geometry": { "type": "Polygon", "coordinates": [ [ [ 115.214934, -8.655646 ], [ 115.215361880121165, -8.655401776796428 ], [ 115.215370240924742, -8.655416688306444 ], [ 115.215378070235985, -8.655431879196918 ], [ 115.215385358516045, -8.655447330960058 ], [ 115.215392096885282, -8.65546302477024 ], [ 115.215398277134, -8.655478941506946 ], [ 115.215403891732549, -8.655495061778057 ], [ 115.215408933840408, -8.655511365943477 ], [ 115.215413397314578, -8.655527834139072 ], [ 115.215417276716906, -8.655544446300864 ], [ 115.215420567321047, -8.655561182189473 ], [ 115.215423265117835, -8.655578021414781 ], [ 115.215425366820426, -8.655594943460773 ], [ 115.215426869868281, -8.655611927710538 ], [ 115.21542777243009, -8.65562895347137 ], [ 115.215428073406258, -8.655646 ], [ 115.21542777243009, -8.655663046527861 ], [ 115.215426869868281, -8.65568007228638 ], [ 115.215425366820426, -8.655697056532301 ], [ 115.215423265117835, -8.655713978572942 ], [ 115.215420567321047, -8.655730817791415 ], [ 115.215417276716906, -8.655747553671736 ], [ 115.215413397314578, -8.655764165823832 ], [ 115.215408933840408, -8.655780634008366 ], [ 115.215403891732549, -8.655796938161417 ], [ 115.215398277134, -8.655813058418905 ], [ 115.215392096885282, -8.65582897514081 ], [ 115.215385358516045, -8.655844668935078 ], [ 115.215378070235985, -8.655860120681274 ], [ 115.215370240924742, -8.655875311553849 ], [ 115.215361880121165, -8.655890223045104 ], [ 115.214934, -8.655646 ] ] ] } },
{ "type": "Feature", "properties": { "rowid": 168, "nama_cctv": "CTV86 DSHB DPS SP SEKARSARI", "polda_id": "17", "polres_id": "271", "status": "hidup", "ctdby": "4000ORGANIK", "ctddate": "2023-10-26T16:00:00Z", "rtsp_cctv": "rtsp://satansheir:letyur13@172.16.80.14/cam/realmonitor?channel=86&subtype=1", "channel_code": null, "ctdupd": null, "instansi": "dishub", "jenis_cctv": "ANALYTIC", "nama_jalan_s": "Simpang Sekarsari", "channel_id": "1000043$1$0$85", "cctv_in": "N", "cctv_out": "N", "masuk_kab": "N", "keluar_kab": "N", "keterangan": "checkpoint", "fungsi_jalan_cctv_id": 6, "masuk_prov": "N", "keluar_prov": "N", "is_active": 1, "channel_id_event": null, "hls_cctv": "https://stream.elingbali.com:5051/live_cctv/168/playlist.m3u8", "cctv_category_id": "5", "kecamatan": "Denpasar Timur", "kota": null, "nama_objek_vital": null, "channel_id_enforcement": null, "cctv_id": "ccb550de-31b3-455e-bc05-23af04e5cc1b", "rtsp_cctv_dcc": null, "arah_cctv": "Timur", "radius": "55 Meter", "polda": "Polda Bali", "polres": "POLRESTA DENPASAR", "fungsi_jalan": "ARTERI", "category": "DALAM KOTA", "in_out": null, "ket_in_out": null, "_region": "bali", "Satwil": "Polda Bali", "last_update": "2026-03-05T11:16:17" }, "geometry": { "type": "Polygon", "coordinates": [ [ [ 115.2630101, -8.6492585 ], [ 115.263437980121168, -8.649014272653297 ], [ 115.263446340924745, -8.649029184416277 ], [ 115.263454170235988, -8.649044375564454 ], [ 115.263461458516048, -8.649059827589724 ], [ 115.26346819688527, -8.649075521666141 ], [ 115.263474377133988, -8.649091438672865 ], [ 115.263479991732567, -8.649107559217446 ], [ 115.263485033840411, -8.64912386365946 ], [ 115.263489497314566, -8.649140332134429 ], [ 115.263493376716909, -8.649156944578039 ], [ 115.26349666732105, -8.649173680750566 ], [ 115.263499365117823, -8.649190520261543 ], [ 115.263501466820443, -8.649207442594614 ], [ 115.263502969868284, -8.649224427132511 ], [ 115.263503872430078, -8.64924145318218 ], [ 115.263504173406247, -8.6492585 ], [ 115.263503872430078, -8.649275546817048 ], [ 115.263502969868284, -8.649292572864409 ], [ 115.263501466820443, -8.649309557398464 ], [ 115.263499365117823, -8.649326479726188 ], [ 115.26349666732105, -8.649343319230335 ], [ 115.263493376716909, -8.649360055394578 ], [ 115.263489497314566, -8.649376667828498 ], [ 115.263485033840411, -8.649393136292415 ], [ 115.263479991732567, -8.649409440722067 ], [ 115.263474377133988, -8.649425561253038 ], [ 115.26346819688527, -8.649441478244968 ], [ 115.263461458516048, -8.649457172305485 ], [ 115.263454170235988, -8.64947262431382 ], [ 115.263446340924745, -8.649487815444113 ], [ 115.263437980121168, -8.649502727188347 ], [ 115.2630101, -8.6492585 ] ] ] } },
{ "type": "Feature", "properties": { "rowid": 163, "nama_cctv": "CTV81 DSHB DPS SP WARIBANG", "polda_id": "17", "polres_id": "271", "status": "hidup", "ctdby": "4000ORGANIK", "ctddate": "2023-10-26T16:00:00Z", "rtsp_cctv": "rtsp://satansheir:letyur13@172.16.80.14/cam/realmonitor?channel=81&subtype=1", "channel_code": null, "ctdupd": null, "instansi": "dishub", "jenis_cctv": "ANALYTIC", "nama_jalan_s": "Simpang Waribang", "channel_id": "1000043$1$0$80", "cctv_in": "N", "cctv_out": "N", "masuk_kab": "N", "keluar_kab": "N", "keterangan": "checkpoint", "fungsi_jalan_cctv_id": 6, "masuk_prov": "N", "keluar_prov": "N", "is_active": 1, "channel_id_event": null, "hls_cctv": "https://stream.elingbali.com:5051/live_cctv/163/playlist.m3u8", "cctv_category_id": "5", "kecamatan": "Denpasar Timur", "kota": null, "nama_objek_vital": null, "channel_id_enforcement": null, "cctv_id": "f72eca90-1c78-4b43-b5c8-5dd21bd3e960", "rtsp_cctv_dcc": null, "arah_cctv": "Timur", "radius": "55 Meter", "polda": "Polda Bali", "polres": "POLRESTA DENPASAR", "fungsi_jalan": "ARTERI", "category": "DALAM KOTA", "in_out": null, "ket_in_out": null, "_region": "bali", "Satwil": "Polda Bali", "last_update": "2026-03-05T11:16:17" }, "geometry": { "type": "Polygon", "coordinates": [ [ [ 115.245153, -8.646273 ], [ 115.245580880121139, -8.646028770717853 ], [ 115.245589240924744, -8.646043682599004 ], [ 115.245597070235988, -8.646058873867563 ], [ 115.245604358516019, -8.64607432601529 ], [ 115.245611096885241, -8.646090020216077 ], [ 115.245617277134002, -8.646105937348938 ], [ 115.245622891732552, -8.646122058021271 ], [ 115.24562793384041, -8.646138362592492 ], [ 115.245632397314552, -8.646154831197972 ], [ 115.245636276716908, -8.646171443773232 ], [ 115.245639567321049, -8.646188180078388 ], [ 115.245642265117837, -8.646205019722817 ], [ 115.245644366820429, -8.646221942189996 ], [ 115.245645869868255, -8.646238926862488 ], [ 115.245646772430092, -8.646255953047087 ], [ 115.245647073406261, -8.646273 ], [ 115.245646772430092, -8.646290046952144 ], [ 115.245645869868255, -8.646307073134436 ], [ 115.245644366820429, -8.646324057803092 ], [ 115.245642265117837, -8.646340980264922 ], [ 115.245639567321049, -8.646357819902523 ], [ 115.245636276716908, -8.646374556199401 ], [ 115.245632397314552, -8.646391168764973 ], [ 115.24562793384041, -8.646407637359403 ], [ 115.245622891732552, -8.646423941918266 ], [ 115.245617277134002, -8.646440062576993 ], [ 115.245611096885241, -8.646455979695068 ], [ 115.245604358516019, -8.64647167387996 ], [ 115.245597070235988, -8.646487126010754 ], [ 115.245589240924744, -8.646502317261438 ], [ 115.245580880121139, -8.646517229123846 ], [ 115.245153, -8.646273 ] ] ] } },
{ "type": "Feature", "properties": { "rowid": 162, "nama_cctv": "CTV80 DSHB DPS SP SURABI", "polda_id": "17", "polres_id": "271", "status": "hidup", "ctdby": "4000ORGANIK", "ctddate": "2023-10-26T16:00:00Z", "rtsp_cctv": "rtsp://satansheir:letyur13@172.16.80.14/cam/realmonitor?channel=80&subtype=1", "channel_code": null, "ctdupd": null, "instansi": "dishub", "jenis_cctv": "ANALYTIC", "nama_jalan_s": "Simpang Surabi", "channel_id": "1000043$1$0$79", "cctv_in": "N", "cctv_out": "N", "masuk_kab": "N", "keluar_kab": "N", "keterangan": "checkpoint", "fungsi_jalan_cctv_id": 6, "masuk_prov": "N", "keluar_prov": "N", "is_active": 1, "channel_id_event": null, "hls_cctv": "https://stream.elingbali.com:5051/live_cctv/162/playlist.m3u8", "cctv_category_id": "5", "kecamatan": "Denpasar Timur", "kota": null, "nama_objek_vital": null, "channel_id_enforcement": null, "cctv_id": "f6a86338-b87a-4c4c-98e7-8fd14ede0779", "rtsp_cctv_dcc": null, "arah_cctv": "Timur", "radius": "55 Meter", "polda": "Polda Bali", "polres": "POLRESTA DENPASAR", "fungsi_jalan": "ARTERI", "category": "DALAM KOTA", "in_out": null, "ket_in_out": null, "_region": "bali", "Satwil": "Polda Bali", "last_update": "2026-03-05T11:16:17" }, "geometry": { "type": "Polygon", "coordinates": [ [ [ 115.239871, -8.648133 ], [ 115.240298880121173, -8.647888771923576 ], [ 115.24030724092475, -8.647903683731109 ], [ 115.240315070235994, -8.647918874924672 ], [ 115.240322358516053, -8.647934326996113 ], [ 115.240329096885276, -8.647950021119422 ], [ 115.240335277134008, -8.647965938173705 ], [ 115.240340891732572, -8.647982058766452 ], [ 115.240345933840416, -8.647998363257178 ], [ 115.240350397314572, -8.648014831781355 ], [ 115.240354276716914, -8.648031444274601 ], [ 115.240357567321055, -8.648048180497133 ], [ 115.240360265117843, -8.648065020058427 ], [ 115.240362366820463, -8.648081942442058 ], [ 115.24036386986829, -8.6480989270307 ], [ 115.240364772430098, -8.648115953131244 ], [ 115.240365073406267, -8.648133 ], [ 115.240364772430098, -8.648150046867983 ], [ 115.24036386986829, -8.648167072966212 ], [ 115.240362366820463, -8.648184057551019 ], [ 115.240360265117843, -8.648200979929303 ], [ 115.240357567321055, -8.648217819483767 ], [ 115.240354276716914, -8.648234555698016 ], [ 115.240350397314572, -8.648251168181572 ], [ 115.240345933840416, -8.648267636694698 ], [ 115.240340891732572, -8.648283941173066 ], [ 115.240335277134008, -8.648300061752204 ], [ 115.240329096885276, -8.648315978791695 ], [ 115.240322358516053, -8.648331672899104 ], [ 115.240315070235994, -8.648347124953609 ], [ 115.24030724092475, -8.648362316129296 ], [ 115.240298880121173, -8.648377227918081 ], [ 115.239871, -8.648133 ] ] ] } },
{ "type": "Feature", "properties": { "rowid": 161, "nama_cctv": "CTV79 DSHB DPS SP KECUBUNG", "polda_id": "17", "polres_id": "271", "status": "hidup", "ctdby": "4000ORGANIK", "ctddate": "2023-10-26T16:00:00Z", "rtsp_cctv": "rtsp://satansheir:letyur13@172.16.80.14/cam/realmonitor?channel=79&subtype=1", "channel_code": null, "ctdupd": null, "instansi": "dishub", "jenis_cctv": "ANALYTIC", "nama_jalan_s": "Simpang Kecubung", "channel_id": "1000043$1$0$78", "cctv_in": "N", "cctv_out": "N", "masuk_kab": "N", "keluar_kab": "N", "keterangan": "checkpoint", "fungsi_jalan_cctv_id": 6, "masuk_prov": "N", "keluar_prov": "N", "is_active": 1, "channel_id_event": null, "hls_cctv": "https://stream.elingbali.com:5051/live_cctv/161/playlist.m3u8", "cctv_category_id": "5", "kecamatan": "Denpasar Timur", "kota": null, "nama_objek_vital": null, "channel_id_enforcement": null, "cctv_id": "d1e494a8-4f68-41b2-8315-0e5c2f7876d3", "rtsp_cctv_dcc": null, "arah_cctv": "Barat", "radius": "55 Meter", "polda": "Polda Bali", "polres": "POLRESTA DENPASAR", "fungsi_jalan": "ARTERI", "category": "DALAM KOTA", "in_out": null, "ket_in_out": null, "_region": "bali", "Satwil": "Polda Bali", "last_update": "2026-03-05T11:16:17" }, "geometry": { "type": "Polygon", "coordinates": [ [ [ 115.22982, -8.648943 ], [ 115.229392119878838, -8.649187227392915 ], [ 115.229383759075233, -8.649172315636191 ], [ 115.229375929764004, -8.649157124493174 ], [ 115.229368641483958, -8.649141672471897 ], [ 115.229361903114736, -8.649125978398233 ], [ 115.229355722865989, -8.649110061392969 ], [ 115.22935010826744, -8.649093940848497 ], [ 115.229345066159567, -8.649077636405186 ], [ 115.22934060268544, -8.649061167927476 ], [ 115.229336723283069, -8.649044555479643 ], [ 115.229333432678942, -8.649027819301379 ], [ 115.229330734882154, -8.649010979783128 ], [ 115.229328633179563, -8.648994057441231 ], [ 115.229327130131722, -8.648977072892947 ], [ 115.229326227569899, -8.648960046831329 ], [ 115.229325926593731, -8.648943 ], [ 115.229326227569899, -8.648925953167899 ], [ 115.229327130131722, -8.648908927103969 ], [ 115.229328633179563, -8.648891942551847 ], [ 115.229330734882154, -8.648875020204601 ], [ 115.229333432678942, -8.64885818067952 ], [ 115.229336723283069, -8.648841444492977 ], [ 115.22934060268544, -8.64882483203545 ], [ 115.229345066159567, -8.648808363546687 ], [ 115.22935010826744, -8.648792059091019 ], [ 115.229355722865989, -8.648775938532934 ], [ 115.229361903114736, -8.648760021512876 ], [ 115.229368641483958, -8.648744327423314 ], [ 115.229375929764004, -8.648728875385101 ], [ 115.229383759075233, -8.648713684224202 ], [ 115.229392119878838, -8.648698772448732 ], [ 115.22982, -8.648943 ] ] ] } },
{ "type": "Feature", "properties": { "rowid": 160, "nama_cctv": "CTV78 DSHB DPS SP BATANTA", "polda_id": "17", "polres_id": "271", "status": "hidup", "ctdby": "4000ORGANIK", "ctddate": "2023-10-26T16:00:00Z", "rtsp_cctv": "rtsp://satansheir:letyur13@172.16.80.14/cam/realmonitor?channel=78&subtype=1", "channel_code": null, "ctdupd": null, "instansi": "dishub", "jenis_cctv": "ANALYTIC", "nama_jalan_s": "Simpang Batanta", "channel_id": "1000043$1$0$77", "cctv_in": "N", "cctv_out": "N", "masuk_kab": "N", "keluar_kab": "N", "keterangan": "checkpoint", "fungsi_jalan_cctv_id": 6, "masuk_prov": "N", "keluar_prov": "N", "is_active": 1, "channel_id_event": null, "hls_cctv": "https://stream.elingbali.com:5051/live_cctv/160/playlist.m3u8", "cctv_category_id": "5", "kecamatan": "Denpasar Barat", "kota": null, "nama_objek_vital": null, "channel_id_enforcement": null, "cctv_id": "78a0925f-1728-4ca8-a5f0-8c5ff2ed9890", "rtsp_cctv_dcc": null, "arah_cctv": "Selatan", "radius": "55 Meter", "polda": "Polda Bali", "polres": "POLRESTA DENPASAR", "fungsi_jalan": "ARTERI", "category": "DALAM KOTA", "in_out": null, "ket_in_out": null, "_region": "bali", "Satwil": "Polda Bali", "last_update": "2026-03-05T11:16:17" }, "geometry": { "type": "Polygon", "coordinates": [ [ [ 115.201028199999968, -8.6811137 ], [ 115.201275236703125, -8.681536677956711 ], [ 115.201260153414168, -8.681544942966967 ], [ 115.201244787525681, -8.681552682574228 ], [ 115.201229157758675, -8.681559887349005 ], [ 115.201213283155624, -8.681566548513425 ], [ 115.201197183057218, -8.681572657951907 ], [ 115.201180877078983, -8.681578208221078 ], [ 115.201164385087267, -8.681583192558806 ], [ 115.201147727174984, -8.681587604892467 ], [ 115.20113092363728, -8.68159143984634 ], [ 115.201113994946624, -8.681594692748137 ], [ 115.201096961728027, -8.681597359634711 ], [ 115.201079844733869, -8.681599437256889 ], [ 115.201062664818579, -8.681600923083414 ], [ 115.201045442913198, -8.681601815304045 ], [ 115.201028199999968, -8.681602112831754 ], [ 115.20101095708678, -8.681601815304045 ], [ 115.200993735181385, -8.681600923083414 ], [ 115.200976555266095, -8.681599437256889 ], [ 115.200959438271951, -8.681597359634711 ], [ 115.200942405053354, -8.681594692748137 ], [ 115.200925476362698, -8.68159143984634 ], [ 115.20090867282498, -8.681587604892467 ], [ 115.200892014912711, -8.681583192558806 ], [ 115.200875522920981, -8.681578208221078 ], [ 115.20085921694276, -8.681572657951907 ], [ 115.200843116844354, -8.681566548513425 ], [ 115.200827242241303, -8.681559887349005 ], [ 115.200811612474283, -8.681552682574228 ], [ 115.20079624658581, -8.681544942966967 ], [ 115.200781163296853, -8.681536677956711 ], [ 115.201028199999968, -8.6811137 ] ] ] } },
{ "type": "Feature", "properties": { "rowid": 156, "nama_cctv": "CTV74 DSHB DPS SP YOS SUDARSO UTARA KIRI", "polda_id": "17", "polres_id": "271", "status": "hidup", "ctdby": "4000ORGANIK", "ctddate": "2023-10-26T16:00:00Z", "rtsp_cctv": "rtsp://satansheir:letyur13@172.16.80.14/cam/realmonitor?channel=74&subtype=1", "channel_code": null, "ctdupd": null, "instansi": "dishub", "jenis_cctv": "ANALYTIC", "nama_jalan_s": "Jendral Sudirman 3", "channel_id": "1000043$1$0$73", "cctv_in": "N", "cctv_out": "N", "masuk_kab": "N", "keluar_kab": "N", "keterangan": "checkpoint", "fungsi_jalan_cctv_id": 6, "masuk_prov": "N", "keluar_prov": "N", "is_active": 1, "channel_id_event": null, "hls_cctv": "https://stream.elingbali.com:5051/live_cctv/156/playlist.m3u8", "cctv_category_id": "5", "kecamatan": "Denpasar Barat", "kota": null, "nama_objek_vital": null, "channel_id_enforcement": null, "cctv_id": "8b3e4cc3-0e36-4a28-bbe2-da8fe8da74fc", "rtsp_cctv_dcc": null, "arah_cctv": "Utara", "radius": "35 Meter", "polda": "Polda Bali", "polres": "POLRESTA DENPASAR", "fungsi_jalan": "ARTERI", "category": "DALAM KOTA", "in_out": null, "ket_in_out": null, "_region": "bali", "Satwil": "Polda Bali", "last_update": "2026-03-05T11:16:17" }, "geometry": { "type": "Polygon", "coordinates": [ [ [ 115.217826, -8.667485 ], [ 115.217668794825272, -8.66721582219316 ], [ 115.217678393281915, -8.667210562440518 ], [ 115.217688171574565, -8.667205637047822 ], [ 115.217698117789922, -8.667201052015917 ], [ 115.217708219810049, -8.667196812930971 ], [ 115.217718465327223, -8.667192924957666 ], [ 115.217728841858815, -8.667189392832915 ], [ 115.217739336762648, -8.667186220860067 ], [ 115.217749937252279, -8.667183412903706 ], [ 115.217760630412641, -8.667180972384889 ], [ 115.217771403215792, -8.667178902277028 ], [ 115.2177822425367, -8.667177205102233 ], [ 115.21779313516933, -8.667175882928257 ], [ 115.217804067842707, -8.667174937365969 ], [ 115.217815027237037, -8.667174369567393 ], [ 115.217826, -8.667174180224302 ], [ 115.217836972762953, -8.667174369567393 ], [ 115.217847932157284, -8.667174937365969 ], [ 115.21785886483066, -8.667175882928257 ], [ 115.217869757463305, -8.667177205102233 ], [ 115.217880596784212, -8.667178902277028 ], [ 115.217891369587363, -8.667180972384889 ], [ 115.217902062747726, -8.667183412903706 ], [ 115.217912663237371, -8.667186220860067 ], [ 115.21792315814119, -8.667189392832915 ], [ 115.217933534672767, -8.667192924957666 ], [ 115.217943780189955, -8.667196812930971 ], [ 115.217953882210082, -8.667201052015917 ], [ 115.217963828425454, -8.667205637047822 ], [ 115.21797360671809, -8.667210562440518 ], [ 115.217983205174733, -8.66721582219316 ], [ 115.217826, -8.667485 ] ] ] } },
{ "type": "Feature", "properties": { "rowid": 155, "nama_cctv": "CTV73 DSHB DPS SP YOS SUDARSO UTARA KANAN", "polda_id": "17", "polres_id": "271", "status": "hidup", "ctdby": "4000ORGANIK", "ctddate": "2023-10-26T16:00:00Z", "rtsp_cctv": "rtsp://satansheir:letyur13@172.16.80.14:554/cam/realmonitor?channel=73&subtype=1", "channel_code": null, "ctdupd": null, "instansi": "dishub", "jenis_cctv": "ANALYTIC", "nama_jalan_s": "Jendral Sudirman 3", "channel_id": "1000043$1$0$72", "cctv_in": "N", "cctv_out": "N", "masuk_kab": "N", "keluar_kab": "N", "keterangan": "checkpoint", "fungsi_jalan_cctv_id": 6, "masuk_prov": "N", "keluar_prov": "N", "is_active": 1, "channel_id_event": "1000036$1$0$11", "hls_cctv": "https://stream.elingbali.com:5051/live_cctv/155/playlist.m3u8", "cctv_category_id": "5", "kecamatan": "Denpasar Barat", "kota": null, "nama_objek_vital": null, "channel_id_enforcement": null, "cctv_id": "229db58e-d44b-4cba-bd9e-7391d537aac3", "rtsp_cctv_dcc": null, "arah_cctv": "Utara", "radius": "35 Meter", "polda": "Polda Bali", "polres": "POLRESTA DENPASAR", "fungsi_jalan": "ARTERI", "category": "DALAM KOTA", "in_out": null, "ket_in_out": null, "_region": "bali", "Satwil": "Polda Bali", "last_update": "2026-03-05T11:16:17" }, "geometry": { "type": "Polygon", "coordinates": [ [ [ 115.217826, -8.667485 ], [ 115.217668794825272, -8.66721582219316 ], [ 115.217678393281915, -8.667210562440518 ], [ 115.217688171574565, -8.667205637047822 ], [ 115.217698117789922, -8.667201052015917 ], [ 115.217708219810049, -8.667196812930971 ], [ 115.217718465327223, -8.667192924957666 ], [ 115.217728841858815, -8.667189392832915 ], [ 115.217739336762648, -8.667186220860067 ], [ 115.217749937252279, -8.667183412903706 ], [ 115.217760630412641, -8.667180972384889 ], [ 115.217771403215792, -8.667178902277028 ], [ 115.2177822425367, -8.667177205102233 ], [ 115.21779313516933, -8.667175882928257 ], [ 115.217804067842707, -8.667174937365969 ], [ 115.217815027237037, -8.667174369567393 ], [ 115.217826, -8.667174180224302 ], [ 115.217836972762953, -8.667174369567393 ], [ 115.217847932157284, -8.667174937365969 ], [ 115.21785886483066, -8.667175882928257 ], [ 115.217869757463305, -8.667177205102233 ], [ 115.217880596784212, -8.667178902277028 ], [ 115.217891369587363, -8.667180972384889 ], [ 115.217902062747726, -8.667183412903706 ], [ 115.217912663237371, -8.667186220860067 ], [ 115.21792315814119, -8.667189392832915 ], [ 115.217933534672767, -8.667192924957666 ], [ 115.217943780189955, -8.667196812930971 ], [ 115.217953882210082, -8.667201052015917 ], [ 115.217963828425454, -8.667205637047822 ], [ 115.21797360671809, -8.667210562440518 ], [ 115.217983205174733, -8.66721582219316 ], [ 115.217826, -8.667485 ] ] ] } },
{ "type": "Feature", "properties": { "rowid": 154, "nama_cctv": "CTV72 DSHB DPS SP YOS SUDARSO TIMUR", "polda_id": "17", "polres_id": "271", "status": "hidup", "ctdby": "4000ORGANIK", "ctddate": "2023-10-26T16:00:00Z", "rtsp_cctv": "rtsp://satansheir:letyur13@172.16.80.14:554/cam/realmonitor?channel=72&subtype=1", "channel_code": null, "ctdupd": null, "instansi": "dishub", "jenis_cctv": "ANALYTIC", "nama_jalan_s": "Slamet Riyadi", "channel_id": "1000043$1$0$71", "cctv_in": "N", "cctv_out": "N", "masuk_kab": "N", "keluar_kab": "N", "keterangan": "checkpoint", "fungsi_jalan_cctv_id": 6, "masuk_prov": "N", "keluar_prov": "N", "is_active": 1, "channel_id_event": "1000036$1$0$12", "hls_cctv": "https://stream.elingbali.com:5051/live_cctv/154/playlist.m3u8", "cctv_category_id": "5", "kecamatan": "Denpasar Barat", "kota": null, "nama_objek_vital": null, "channel_id_enforcement": null, "cctv_id": "6d55b187-f8fb-4f31-848d-f7f6ea816151", "rtsp_cctv_dcc": null, "arah_cctv": "Timur", "radius": "35 Meter", "polda": "Polda Bali", "polres": "POLRESTA DENPASAR", "fungsi_jalan": "ARTERI", "category": "DALAM KOTA", "in_out": null, "ket_in_out": null, "_region": "bali", "Satwil": "Polda Bali", "last_update": "2026-03-05T11:16:17" }, "geometry": { "type": "Polygon", "coordinates": [ [ [ 115.218155, -8.667645 ], [ 115.218427287349812, -8.667489590210439 ], [ 115.218432607861189, -8.667499079048287 ], [ 115.218437590150145, -8.667508745668128 ], [ 115.218442228146543, -8.667518578292659 ], [ 115.218446516199691, -8.667528564942335 ], [ 115.218450449085253, -8.667538693449945 ], [ 115.218454022011599, -8.667548951475451 ], [ 115.218457230625702, -8.667559326521021 ], [ 115.218460071018356, -8.667569805946254 ], [ 115.218462539728947, -8.667580376983571 ], [ 115.218464633749733, -8.667591026753785 ], [ 115.218466350529511, -8.667601742281789 ], [ 115.218467687976627, -8.667612510512354 ], [ 115.218468644461609, -8.667623318326047 ], [ 115.218469218819124, -8.667634152555209 ], [ 115.218469410349428, -8.667645 ], [ 115.218469218819124, -8.667655847444479 ], [ 115.218468644461609, -8.667666681672701 ], [ 115.218467687976627, -8.667677489484838 ], [ 115.218466350529511, -8.667688257713234 ], [ 115.218464633749733, -8.667698973238462 ], [ 115.218462539728947, -8.667709623005317 ], [ 115.218460071018356, -8.667720194038701 ], [ 115.218457230625702, -8.667730673459447 ], [ 115.218454022011599, -8.667741048500002 ], [ 115.218450449085253, -8.667751306519987 ], [ 115.218446516199691, -8.667761435021594 ], [ 115.218442228146543, -8.667771421664817 ], [ 115.218437590150145, -8.667781254282477 ], [ 115.218432607861189, -8.667790920895062 ], [ 115.218427287349812, -8.667800409725301 ], [ 115.218155, -8.667645 ] ] ] } },
{ "type": "Feature", "properties": { "rowid": 153, "nama_cctv": "CTV71 DSHB DPS SP YOS SUDARSO BARAT", "polda_id": "17", "polres_id": "271", "status": "hidup", "ctdby": "4000ORGANIK", "ctddate": "2023-10-26T16:00:00Z", "rtsp_cctv": "rtsp://satansheir:letyur13@172.16.80.14:554/cam/realmonitor?channel=71&subtype=1", "channel_code": null, "ctdupd": null, "instansi": "dishub", "jenis_cctv": "ANALYTIC", "nama_jalan_s": "Yos Sudarso", "channel_id": "1000043$1$0$70", "cctv_in": "N", "cctv_out": "N", "masuk_kab": "N", "keluar_kab": "N", "keterangan": "checkpoint", "fungsi_jalan_cctv_id": 6, "masuk_prov": "N", "keluar_prov": "N", "is_active": 1, "channel_id_event": "1000036$1$0$44", "hls_cctv": "https://stream.elingbali.com:5051/live_cctv/153/playlist.m3u8", "cctv_category_id": "5", "kecamatan": "Denpasar Barat", "kota": null, "nama_objek_vital": null, "channel_id_enforcement": null, "cctv_id": "ab2304db-ddd4-468a-baae-47e2adc97479", "rtsp_cctv_dcc": null, "arah_cctv": "Barat", "radius": "35 Meter", "polda": "Polda Bali", "polres": "POLRESTA DENPASAR", "fungsi_jalan": "ARTERI", "category": "DALAM KOTA", "in_out": null, "ket_in_out": null, "_region": "bali", "Satwil": "Polda Bali", "last_update": "2026-03-05T11:16:17" }, "geometry": { "type": "Polygon", "coordinates": [ [ [ 115.217769, -8.667705 ], [ 115.217496712650174, -8.667860409700488 ], [ 115.217491392138797, -8.667850920871764 ], [ 115.217486409849826, -8.667841254260722 ], [ 115.217481771853443, -8.667831421644632 ], [ 115.21747748380028, -8.667821435003004 ], [ 115.217473550914733, -8.667811306503015 ], [ 115.217469977988372, -8.667801048484666 ], [ 115.217466769374283, -8.667790673445769 ], [ 115.21746392898163, -8.667780194026696 ], [ 115.217461460271039, -8.667769622994998 ], [ 115.217459366250253, -8.667758973229846 ], [ 115.217457649470461, -8.667748257706323 ], [ 115.217456312023359, -8.667737489479649 ], [ 115.217455355538377, -8.667726681669237 ], [ 115.217454781180862, -8.667715847442741 ], [ 115.217454589650558, -8.667705 ], [ 115.217454781180862, -8.667694152556937 ], [ 115.217455355538377, -8.667683318329505 ], [ 115.217456312023359, -8.667672510517537 ], [ 115.217457649470461, -8.667661742288692 ], [ 115.217459366250253, -8.667651026762398 ], [ 115.217461460271039, -8.667640376993884 ], [ 115.21746392898163, -8.667629805958255 ], [ 115.217466769374283, -8.667619326534698 ], [ 115.217469977988372, -8.667608951490783 ], [ 115.217473550914733, -8.667598693466912 ], [ 115.21747748380028, -8.667588564960919 ], [ 115.217481771853443, -8.66757857831284 ], [ 115.217486409849826, -8.667568745689875 ], [ 115.217491392138797, -8.667559079071578 ], [ 115.217496712650174, -8.667549590235245 ], [ 115.217769, -8.667705 ] ] ] } },
{ "type": "Feature", "properties": { "rowid": 152, "nama_cctv": "CTV70 DSHB DPS SP YOS SUDARSO", "polda_id": "17", "polres_id": "271", "status": "hidup", "ctdby": "4000ORGANIK", "ctddate": "2023-10-26T16:00:00Z", "rtsp_cctv": "rtsp://satansheir:letyur13@172.16.80.14/cam/realmonitor?channel=70&subtype=1", "channel_code": null, "ctdupd": null, "instansi": "dishub", "jenis_cctv": "ANALYTIC", "nama_jalan_s": "Simpang Sudirman", "channel_id": "1000043$1$0$69", "cctv_in": "N", "cctv_out": "N", "masuk_kab": "N", "keluar_kab": "N", "keterangan": "checkpoint", "fungsi_jalan_cctv_id": 6, "masuk_prov": "N", "keluar_prov": "N", "is_active": 1, "channel_id_event": null, "hls_cctv": "https://stream.elingbali.com:5051/live_cctv/152/playlist.m3u8", "cctv_category_id": "5", "kecamatan": "Denpasar Barat", "kota": null, "nama_objek_vital": null, "channel_id_enforcement": null, "cctv_id": "c2074767-0cfd-4509-9658-40cf20903ab0", "rtsp_cctv_dcc": null, "arah_cctv": "Selatan", "radius": "55 Meter", "polda": "Polda Bali", "polres": "POLRESTA DENPASAR", "fungsi_jalan": "ARTERI", "category": "DALAM KOTA", "in_out": null, "ket_in_out": null, "_region": "bali", "Satwil": "Polda Bali", "last_update": "2026-03-05T11:16:17" }, "geometry": { "type": "Polygon", "coordinates": [ [ [ 115.217804, -8.667727 ], [ 115.21805103670313, -8.668149993034607 ], [ 115.218035953414159, -8.668158258339496 ], [ 115.218020587525686, -8.668165998222655 ], [ 115.218004957758708, -8.668173203254268 ], [ 115.217989083155629, -8.668179864656143 ], [ 115.217972983057223, -8.668185974312417 ], [ 115.217956677079016, -8.66819152477944 ], [ 115.217940185087301, -8.668196509294853 ], [ 115.217923527175017, -8.668200921785806 ], [ 115.217906723637299, -8.668204756876387 ], [ 115.217889794946629, -8.668208009894142 ], [ 115.21787276172806, -8.668210676875786 ], [ 115.217855644733902, -8.668212754572027 ], [ 115.217838464818584, -8.668214240451519 ], [ 115.217821242913203, -8.668215132703958 ], [ 115.217804, -8.668215430242272 ], [ 115.217786757086799, -8.668215132703958 ], [ 115.217769535181418, -8.668214240451519 ], [ 115.2177523552661, -8.668212754572027 ], [ 115.217735238271956, -8.668210676875786 ], [ 115.217718205053387, -8.668208009894142 ], [ 115.217701276362703, -8.668204756876387 ], [ 115.217684472824985, -8.668200921785806 ], [ 115.217667814912701, -8.668196509294853 ], [ 115.217651322920986, -8.66819152477944 ], [ 115.217635016942779, -8.668185974312417 ], [ 115.217618916844387, -8.668179864656143 ], [ 115.217603042241294, -8.668173203254268 ], [ 115.217587412474316, -8.668165998222655 ], [ 115.217572046585843, -8.668158258339496 ], [ 115.217556963296872, -8.668149993034607 ], [ 115.217804, -8.667727 ] ] ] } },
{ "type": "Feature", "properties": { "rowid": 151, "nama_cctv": "CTV69 DSHB DPS SP NANGKA UTARA", "polda_id": "17", "polres_id": "271", "status": "hidup", "ctdby": "4000ORGANIK", "ctddate": "2023-10-26T16:00:00Z", "rtsp_cctv": "rtsp://satansheir:letyur13@172.16.80.14:554/cam/realmonitor?channel=69&subtype=1", "channel_code": null, "ctdupd": null, "instansi": "dishub", "jenis_cctv": "ANALYTIC", "nama_jalan_s": "Gatot Subroto Tengah No.1", "channel_id": "1000043$1$0$68", "cctv_in": "N", "cctv_out": "N", "masuk_kab": "N", "keluar_kab": "N", "keterangan": "checkpoint", "fungsi_jalan_cctv_id": 6, "masuk_prov": "N", "keluar_prov": "N", "is_active": 1, "channel_id_event": "1000036$1$0$28", "hls_cctv": "https://stream.elingbali.com:5051/live_cctv/151/playlist.m3u8", "cctv_category_id": "5", "kecamatan": "Denpasar Utara", "kota": null, "nama_objek_vital": null, "channel_id_enforcement": null, "cctv_id": "fdb58a11-a133-421a-9210-04695059932a", "rtsp_cctv_dcc": null, "arah_cctv": "Utara", "radius": "35 Meter", "polda": "Polda Bali", "polres": "POLRESTA DENPASAR", "fungsi_jalan": "ARTERI", "category": "DALAM KOTA", "in_out": null, "ket_in_out": null, "_region": "bali", "Satwil": "Polda Bali", "last_update": "2026-03-05T11:16:17" }, "geometry": { "type": "Polygon", "coordinates": [ [ [ 115.223078, -8.635323 ], [ 115.222920794825242, -8.63505379920238 ], [ 115.222930393281885, -8.635048539000504 ], [ 115.22294017157455, -8.635043613187131 ], [ 115.222950117789907, -8.63503902776362 ], [ 115.22296021981002, -8.635034788316615 ], [ 115.222970465327208, -8.635030900011239 ], [ 115.222980841858785, -8.63502736758481 ], [ 115.222991336762632, -8.635024195341048 ], [ 115.223001937252263, -8.635021387144857 ], [ 115.223012630412612, -8.635018946417599 ], [ 115.223023403215763, -8.635016876132932 ], [ 115.223034242536684, -8.635015178813182 ], [ 115.223045135169315, -8.63501385652628 ], [ 115.223056067842691, -8.635012910883232 ], [ 115.223067027237022, -8.635012343036157 ], [ 115.223078, -8.635012153676898 ], [ 115.223088972762937, -8.635012343036157 ], [ 115.223099932157268, -8.635012910883232 ], [ 115.223110864830645, -8.63501385652628 ], [ 115.223121757463275, -8.635015178813182 ], [ 115.223132596784197, -8.635016876132932 ], [ 115.223143369587348, -8.635018946417599 ], [ 115.223154062747696, -8.635021387144857 ], [ 115.223164663237355, -8.635024195341048 ], [ 115.22317515814116, -8.63502736758481 ], [ 115.223185534672751, -8.635030900011239 ], [ 115.223195780189926, -8.635034788316615 ], [ 115.223205882210053, -8.63503902776362 ], [ 115.223215828425438, -8.635043613187131 ], [ 115.223225606718074, -8.635048539000504 ], [ 115.223235205174703, -8.63505379920238 ], [ 115.223078, -8.635323 ] ] ] } },
{ "type": "Feature", "properties": { "rowid": 150, "nama_cctv": "CTV68 DSHB DPS SP NANGKA BARAT", "polda_id": "17", "polres_id": "271", "status": "hidup", "ctdby": "4000ORGANIK", "ctddate": "2023-10-26T16:00:00Z", "rtsp_cctv": "rtsp://satansheir:letyur13@172.16.80.14:554/cam/realmonitor?channel=68&subtype=1", "channel_code": null, "ctdupd": null, "instansi": "dishub", "jenis_cctv": "ANALYTIC", "nama_jalan_s": "Gatot Subroto Tengah", "channel_id": "1000043$1$0$67", "cctv_in": "N", "cctv_out": "N", "masuk_kab": "N", "keluar_kab": "N", "keterangan": "checkpoint", "fungsi_jalan_cctv_id": 6, "masuk_prov": "N", "keluar_prov": "N", "is_active": 1, "channel_id_event": "1000036$1$0$31", "hls_cctv": "https://stream.elingbali.com:5051/live_cctv/150/playlist.m3u8", "cctv_category_id": "5", "kecamatan": "Denpasar Utara", "kota": null, "nama_objek_vital": null, "channel_id_enforcement": null, "cctv_id": "73fb0432-8807-41f4-ac06-967216c009ad", "rtsp_cctv_dcc": null, "arah_cctv": "Barat", "radius": "35 Meter", "polda": "Polda Bali", "polres": "POLRESTA DENPASAR", "fungsi_jalan": "ARTERI", "category": "DALAM KOTA", "in_out": null, "ket_in_out": null, "_region": "bali", "Satwil": "Polda Bali", "last_update": "2026-03-05T11:16:17" }, "geometry": { "type": "Polygon", "coordinates": [ [ [ 115.22272390000002, -8.6356524 ], [ 115.222451612650175, -8.635807822929804 ], [ 115.222446292138798, -8.635798333293334 ], [ 115.222441309849827, -8.635788665859412 ], [ 115.222436671853444, -8.635778832406311 ], [ 115.222432383800282, -8.635768844914562 ], [ 115.222428450914734, -8.635758715552376 ], [ 115.222424877988374, -8.63574845666081 ], [ 115.222421669374285, -8.635738080738728 ], [ 115.222418828981631, -8.635727600427593 ], [ 115.222416360271041, -8.635717028496034 ], [ 115.222414266250254, -8.635706377824315 ], [ 115.222412549470462, -8.635695661388633 ], [ 115.22241121202336, -8.635684892245312 ], [ 115.222410255538378, -8.635674083514887 ], [ 115.222409681180864, -8.63566324836613 ], [ 115.222409489650559, -8.6356524 ], [ 115.222409681180864, -8.635641551633558 ], [ 115.222410255538378, -8.635630716483865 ], [ 115.22241121202336, -8.63561990775189 ], [ 115.222412549470462, -8.635609138606407 ], [ 115.222414266250254, -8.635598422167961 ], [ 115.222416360271041, -8.635587771492897 ], [ 115.222418828981631, -8.635577199557417 ], [ 115.222421669374285, -8.63556671924181 ], [ 115.222424877988374, -8.635556343314734 ], [ 115.222428450914734, -8.635546084417664 ], [ 115.222432383800282, -8.635535955049496 ], [ 115.222436671853444, -8.635525967551319 ], [ 115.222441309849827, -8.63551613409137 ], [ 115.222446292138798, -8.635506466650215 ], [ 115.222451612650175, -8.635496977006165 ], [ 115.22272390000002, -8.6356524 ] ] ] } },
{ "type": "Feature", "properties": { "rowid": 146, "nama_cctv": "CTV64 DSHB DPS SP PIDADA", "polda_id": "17", "polres_id": "271", "status": "hidup", "ctdby": "4000ORGANIK", "ctddate": "2023-10-26T16:00:00Z", "rtsp_cctv": "rtsp://satansheir:letyur13@172.16.80.14/cam/realmonitor?channel=64&subtype=1", "channel_code": null, "ctdupd": null, "instansi": "dishub", "jenis_cctv": "ANALYTIC", "nama_jalan_s": "Simpang Pidada", "channel_id": "1000043$1$0$63", "cctv_in": "N", "cctv_out": "N", "masuk_kab": "N", "keluar_kab": "N", "keterangan": "checkpoint", "fungsi_jalan_cctv_id": 6, "masuk_prov": "N", "keluar_prov": "N", "is_active": 1, "channel_id_event": null, "hls_cctv": "https://stream.elingbali.com:5051/live_cctv/146/playlist.m3u8", "cctv_category_id": "5", "kecamatan": "Denpasar Utara", "kota": null, "nama_objek_vital": null, "channel_id_enforcement": null, "cctv_id": "23914205-8597-4a8d-b1cd-58f7aaca43e5", "rtsp_cctv_dcc": null, "arah_cctv": "Timur", "radius": "55 Meter", "polda": "Polda Bali", "polres": "POLRESTA DENPASAR", "fungsi_jalan": "ARTERI", "category": "DALAM KOTA", "in_out": null, "ket_in_out": null, "_region": "bali", "Satwil": "Polda Bali", "last_update": "2026-03-05T11:16:17" }, "geometry": { "type": "Polygon", "coordinates": [ [ [ 115.202475, -8.638834 ], [ 115.202902880121172, -8.638589765898164 ], [ 115.202911240924749, -8.638604678073584 ], [ 115.202919070235978, -8.638619869641932 ], [ 115.202926358516038, -8.63863532209459 ], [ 115.202933096885275, -8.638651016605088 ], [ 115.202939277133993, -8.638666934052061 ], [ 115.202944891732571, -8.638683055042524 ], [ 115.202949933840415, -8.638699359935503 ], [ 115.202954397314571, -8.638715828865976 ], [ 115.202958276716913, -8.638732441769076 ], [ 115.202961567321054, -8.638749178404511 ], [ 115.202964265117828, -8.63876601838126 ], [ 115.202966366820448, -8.638782941182392 ], [ 115.202967869868289, -8.638799926190069 ], [ 115.202968772430083, -8.638816952710672 ], [ 115.202969073406251, -8.638834 ], [ 115.202968772430083, -8.638851047288556 ], [ 115.202967869868289, -8.638868073806851 ], [ 115.202966366820448, -8.638885058810695 ], [ 115.202964265117828, -8.638901981606484 ], [ 115.202961567321054, -8.638918821576411 ], [ 115.202958276716913, -8.638935558203574 ], [ 115.202954397314571, -8.638952171096992 ], [ 115.202949933840415, -8.638968640016426 ], [ 115.202944891732571, -8.638984944897057 ], [ 115.202939277133993, -8.639001065873925 ], [ 115.202933096885275, -8.639016983306123 ], [ 115.202926358516038, -8.63903267780074 ], [ 115.202919070235978, -8.639048130236482 ], [ 115.202911240924749, -8.639063321786967 ], [ 115.202902880121172, -8.639078233943662 ], [ 115.202475, -8.638834 ] ] ] } },
{ "type": "Feature", "properties": { "rowid": 145, "nama_cctv": "CTV63 DSHB DPS SP KARGO DENPASAR", "polda_id": "17", "polres_id": "271", "status": "hidup", "ctdby": "4000ORGANIK", "ctddate": "2023-10-26T16:00:00Z", "rtsp_cctv": "rtsp://satansheir:letyur13@172.16.80.14/cam/realmonitor?channel=63&subtype=1", "channel_code": null, "ctdupd": null, "instansi": "dishub", "jenis_cctv": "ANALYTIC", "nama_jalan_s": "Simpang Kargo", "channel_id": "1000043$1$0$62", "cctv_in": "N", "cctv_out": "N", "masuk_kab": "N", "keluar_kab": "N", "keterangan": "checkpoint", "fungsi_jalan_cctv_id": 6, "masuk_prov": "N", "keluar_prov": "N", "is_active": 1, "channel_id_event": null, "hls_cctv": "https://stream.elingbali.com:5051/live_cctv/145/playlist.m3u8", "cctv_category_id": "5", "kecamatan": "Denpasar Utara", "kota": null, "nama_objek_vital": null, "channel_id_enforcement": null, "cctv_id": "116ab9df-1e0d-4b6d-98e8-1ebc6f0dfcb6", "rtsp_cctv_dcc": null, "arah_cctv": "Barat", "radius": "35 Meter", "polda": "Polda Bali", "polres": "POLRESTA DENPASAR", "fungsi_jalan": "ARTERI", "category": "DALAM KOTA", "in_out": null, "ket_in_out": null, "_region": "bali", "Satwil": "Polda Bali", "last_update": "2026-03-05T11:16:17" }, "geometry": { "type": "Polygon", "coordinates": [ [ [ 115.196664, -8.636916 ], [ 115.196391712650154, -8.637071422409189 ], [ 115.196386392138777, -8.637061932804505 ], [ 115.196381409849806, -8.637052265402966 ], [ 115.196376771853423, -8.637042431982804 ], [ 115.196372483800275, -8.637032444524511 ], [ 115.196368550914713, -8.637022315196253 ], [ 115.196364977988367, -8.637012056339051 ], [ 115.196361769374263, -8.637001680451725 ], [ 115.19635892898161, -8.636991200175695 ], [ 115.196356460271019, -8.636980628279549 ], [ 115.196354366250233, -8.636969977643504 ], [ 115.196352649470455, -8.636959261243721 ], [ 115.196351312023339, -8.636948492136471 ], [ 115.196350355538357, -8.636937683442257 ], [ 115.196349781180842, -8.636926848329791 ], [ 115.196349589650538, -8.636916 ], [ 115.196349781180842, -8.636905151669895 ], [ 115.196350355538357, -8.636894316556496 ], [ 115.196351312023339, -8.636883507860725 ], [ 115.196352649470455, -8.636872738751316 ], [ 115.196354366250233, -8.636862022348767 ], [ 115.196356460271019, -8.636851371709376 ], [ 115.19635892898161, -8.636840799809308 ], [ 115.196361769374263, -8.636830319528809 ], [ 115.196364977988367, -8.636819943636485 ], [ 115.196368550914713, -8.636809684773779 ], [ 115.196372483800275, -8.636799555439541 ], [ 115.196376771853423, -8.636789567974816 ], [ 115.196381409849806, -8.636779734547805 ], [ 115.196386392138777, -8.636770067139034 ], [ 115.196391712650154, -8.636760577526768 ], [ 115.196664, -8.636916 ] ] ] } },
{ "type": "Feature", "properties": { "rowid": 142, "nama_cctv": "CTV60 DSHB DPS SP KEBO IWA", "polda_id": "17", "polres_id": "271", "status": "hidup", "ctdby": "4000ORGANIK", "ctddate": "2023-10-26T16:00:00Z", "rtsp_cctv": "rtsp://satansheir:letyur13@172.16.80.14/cam/realmonitor?channel=60&subtype=1", "channel_code": null, "ctdupd": null, "instansi": "dishub", "jenis_cctv": "ANALYTIC", "nama_jalan_s": "Kebo Iwa Selatan", "channel_id": "1000043$1$0$59", "cctv_in": "N", "cctv_out": "N", "masuk_kab": "N", "keluar_kab": "N", "keterangan": "checkpoint", "fungsi_jalan_cctv_id": 6, "masuk_prov": "N", "keluar_prov": "N", "is_active": 1, "channel_id_event": null, "hls_cctv": "https://stream.elingbali.com:5051/live_cctv/142/playlist.m3u8", "cctv_category_id": "5", "kecamatan": "Denpasar Barat", "kota": null, "nama_objek_vital": null, "channel_id_enforcement": null, "cctv_id": "caea2bb0-256a-4032-bf47-b96ef8ee4d09", "rtsp_cctv_dcc": null, "arah_cctv": "Timur", "radius": "55 Meter", "polda": "Polda Bali", "polres": "POLRESTA DENPASAR", "fungsi_jalan": "ARTERI", "category": "DALAM KOTA", "in_out": null, "ket_in_out": null, "_region": "bali", "Satwil": "Polda Bali", "last_update": "2026-03-05T11:16:17" }, "geometry": { "type": "Polygon", "coordinates": [ [ [ 115.185199, -8.636758 ], [ 115.185626880121148, -8.63651376455387 ], [ 115.185635240924753, -8.636528676811368 ], [ 115.185643070235997, -8.636543868463329 ], [ 115.185650358516028, -8.636559321001039 ], [ 115.185657096885251, -8.636575015597924 ], [ 115.185663277134012, -8.636590933132506 ], [ 115.185668891732561, -8.636607054211698 ], [ 115.18567393384042, -8.636623359194422 ], [ 115.185678397314561, -8.636639828215543 ], [ 115.185682276716918, -8.636656441210082 ], [ 115.185685567321059, -8.636673177937638 ], [ 115.185688265117847, -8.636690018007075 ], [ 115.185690366820438, -8.636706940901353 ], [ 115.185691869868265, -8.636723926002519 ], [ 115.185692772430087, -8.636740952616837 ], [ 115.18569307340627, -8.636758 ], [ 115.185692772430087, -8.63677504738239 ], [ 115.185691869868265, -8.6367920739944 ], [ 115.185690366820438, -8.636809059091732 ], [ 115.185688265117847, -8.636825981980669 ], [ 115.185685567321059, -8.636842822043285 ], [ 115.185682276716918, -8.636859558762575 ], [ 115.185678397314561, -8.636876171747433 ], [ 115.18567393384042, -8.636892640757518 ], [ 115.185668891732561, -8.636908945727898 ], [ 115.185663277134012, -8.636925066793497 ], [ 115.185657096885251, -8.636940984313311 ], [ 115.185650358516028, -8.636956678894313 ], [ 115.185643070235997, -8.636972131415112 ], [ 115.185635240924753, -8.636987323049214 ], [ 115.185626880121148, -8.637002235287992 ], [ 115.185199, -8.636758 ] ] ] } },
{ "type": "Feature", "properties": { "rowid": 141, "nama_cctv": "CTV59 DSHB DPS SP GUNUNG AGUNG", "polda_id": "17", "polres_id": "271", "status": "hidup", "ctdby": "4000ORGANIK", "ctddate": "2023-10-26T16:00:00Z", "rtsp_cctv": "rtsp://satansheir:letyur13@172.16.80.14/cam/realmonitor?channel=59&subtype=1", "channel_code": null, "ctdupd": null, "instansi": "dishub", "jenis_cctv": "ANALYTIC", "nama_jalan_s": "Simpang Gunung Agung", "channel_id": "1000043$1$0$58", "cctv_in": "N", "cctv_out": "N", "masuk_kab": "N", "keluar_kab": "N", "keterangan": "checkpoint", "fungsi_jalan_cctv_id": 6, "masuk_prov": "N", "keluar_prov": "N", "is_active": 1, "channel_id_event": null, "hls_cctv": "https://stream.elingbali.com:5051/live_cctv/141/playlist.m3u8", "cctv_category_id": "5", "kecamatan": "Denpasar Barat", "kota": null, "nama_objek_vital": null, "channel_id_enforcement": null, "cctv_id": "143c9bd9-8ea4-4aa8-b560-8db7e4f84f8a", "rtsp_cctv_dcc": null, "arah_cctv": "Timur", "radius": "55 Meter", "polda": "Polda Bali", "polres": "POLRESTA DENPASAR", "fungsi_jalan": "ARTERI", "category": "DALAM KOTA", "in_out": null, "ket_in_out": null, "_region": "bali", "Satwil": "Polda Bali", "last_update": "2026-03-05T11:16:17" }, "geometry": { "type": "Polygon", "coordinates": [ [ [ 115.208584, -8.654448 ], [ 115.209011880121182, -8.654203776019132 ], [ 115.209020240924758, -8.654218687576607 ], [ 115.209028070235988, -8.654233878515429 ], [ 115.209035358516047, -8.654249330327749 ], [ 115.209042096885284, -8.654265024187881 ], [ 115.209048277134002, -8.654280940975244 ], [ 115.209053891732552, -8.654297061297658 ], [ 115.209058933840424, -8.654313365514973 ], [ 115.209063397314551, -8.654329833762979 ], [ 115.209067276716922, -8.654346445977644 ], [ 115.209070567321049, -8.654363181919518 ], [ 115.209073265117837, -8.654380021198421 ], [ 115.209075366820429, -8.654396943298273 ], [ 115.209076869868284, -8.654413927602093 ], [ 115.209077772430092, -8.654430953417112 ], [ 115.209078073406261, -8.654448 ], [ 115.209077772430092, -8.654465046582112 ], [ 115.209076869868284, -8.654482072394821 ], [ 115.209075366820429, -8.654499056694801 ], [ 115.209073265117837, -8.654515978789302 ], [ 115.209070567321049, -8.654532818061368 ], [ 115.209067276716922, -8.654549553994958 ], [ 115.209063397314551, -8.654566166199924 ], [ 115.209058933840424, -8.654582634436872 ], [ 115.209053891732552, -8.654598938641819 ], [ 115.209048277134002, -8.654615058950615 ], [ 115.209042096885284, -8.654630975723178 ], [ 115.209035358516047, -8.654646669567397 ], [ 115.209028070235988, -8.654662121362772 ], [ 115.209020240924758, -8.654677312283697 ], [ 115.209011880121182, -8.654692223822416 ], [ 115.208584, -8.654448 ] ] ] } },
{ "type": "Feature", "properties": { "rowid": 138, "nama_cctv": "CTV56 DSHB DPS SP BALUN SELATAN", "polda_id": "17", "polres_id": "271", "status": "hidup", "ctdby": "4000ORGANIK", "ctddate": "2023-10-26T16:00:00Z", "rtsp_cctv": "rtsp://satansheir:letyur13@172.16.80.14:554/cam/realmonitor?channel=56&subtype=1", "channel_code": null, "ctdupd": null, "instansi": "dishub", "jenis_cctv": "ANALYTIC", "nama_jalan_s": "Cokroaminoto No.180", "channel_id": "1000043$1$0$55", "cctv_in": "N", "cctv_out": "N", "masuk_kab": "N", "keluar_kab": "N", "keterangan": "checkpoint", "fungsi_jalan_cctv_id": 6, "masuk_prov": "N", "keluar_prov": "N", "is_active": 1, "channel_id_event": "1000036$1$0$18", "hls_cctv": "https://stream.elingbali.com:5051/live_cctv/138/playlist.m3u8", "cctv_category_id": "5", "kecamatan": "Denpasar Utara", "kota": null, "nama_objek_vital": null, "channel_id_enforcement": null, "cctv_id": "8f104b50-f698-43d8-a4ba-04db68c01be5", "rtsp_cctv_dcc": null, "arah_cctv": "Selatan", "radius": "35 Meter", "polda": "Polda Bali", "polres": "POLRESTA DENPASAR", "fungsi_jalan": "ARTERI", "category": "DALAM KOTA", "in_out": null, "ket_in_out": null, "_region": "bali", "Satwil": "Polda Bali", "last_update": "2026-03-05T11:16:17" }, "geometry": { "type": "Polygon", "coordinates": [ [ [ 115.209286, -8.644627 ], [ 115.209443205174722, -8.644896193963158 ], [ 115.209433606718108, -8.644901454027659 ], [ 115.209423828425457, -8.644906379712257 ], [ 115.209413882210072, -8.644910965015775 ], [ 115.209403780189945, -8.644915204351742 ], [ 115.20939353467277, -8.644919092555192 ], [ 115.209383158141179, -8.644922624888958 ], [ 115.209372663237374, -8.644925797049446 ], [ 115.209362062747715, -8.644928605171877 ], [ 115.209351369587367, -8.644931045834991 ], [ 115.209340596784244, -8.644933116065227 ], [ 115.209329757463294, -8.644934813340333 ], [ 115.209318864830664, -8.644936135592447 ], [ 115.209307932157287, -8.64493708121061 ], [ 115.209296972762957, -8.644937649042735 ], [ 115.209286, -8.644937838397009 ], [ 115.209275027237041, -8.644937649042735 ], [ 115.20926406784271, -8.64493708121061 ], [ 115.209253135169334, -8.644936135592447 ], [ 115.209242242536703, -8.644934813340333 ], [ 115.209231403215782, -8.644933116065227 ], [ 115.209220630412631, -8.644931045834991 ], [ 115.209209937252282, -8.644928605171877 ], [ 115.209199336762651, -8.644925797049446 ], [ 115.209188841858804, -8.644922624888958 ], [ 115.209178465327227, -8.644919092555192 ], [ 115.209168219810067, -8.644915204351742 ], [ 115.209158117789926, -8.644910965015775 ], [ 115.209148171574569, -8.644906379712257 ], [ 115.209138393281904, -8.644901454027659 ], [ 115.20912879482529, -8.644896193963158 ], [ 115.209286, -8.644627 ] ] ] } },
{ "type": "Feature", "properties": { "rowid": 137, "nama_cctv": "CTV55 DSHB DPS SP BALUN HOTEL HARRIS", "polda_id": "17", "polres_id": "271", "status": "hidup", "ctdby": "4000ORGANIK", "ctddate": "2023-10-26T16:00:00Z", "rtsp_cctv": "rtsp://satansheir:letyur13@172.16.80.14/cam/realmonitor?channel=55&subtype=1", "channel_code": null, "ctdupd": null, "instansi": "dishub", "jenis_cctv": "ANALYTIC", "nama_jalan_s": "Simpang Balun", "channel_id": "1000043$1$0$54", "cctv_in": "N", "cctv_out": "N", "masuk_kab": "N", "keluar_kab": "N", "keterangan": "checkpoint", "fungsi_jalan_cctv_id": 6, "masuk_prov": "N", "keluar_prov": "N", "is_active": 1, "channel_id_event": null, "hls_cctv": "https://stream.elingbali.com:5051/live_cctv/137/playlist.m3u8", "cctv_category_id": "5", "kecamatan": "Denpasar Utara", "kota": null, "nama_objek_vital": null, "channel_id_enforcement": null, "cctv_id": "0a227f04-8f7f-4374-bac4-7032cea98076", "rtsp_cctv_dcc": null, "arah_cctv": "Selatan", "radius": "55 Meter", "polda": "Polda Bali", "polres": "POLRESTA DENPASAR", "fungsi_jalan": "ARTERI", "category": "DALAM KOTA", "in_out": null, "ket_in_out": null, "_region": "bali", "Satwil": "Polda Bali", "last_update": "2026-03-05T11:16:17" }, "geometry": { "type": "Polygon", "coordinates": [ [ [ 115.209286, -8.644627 ], [ 115.209533036703135, -8.645050018998628 ], [ 115.209517953414178, -8.645058284810863 ], [ 115.209502587525705, -8.645066025169122 ], [ 115.209486957758685, -8.645073230643005 ], [ 115.209471083155634, -8.645079892453779 ], [ 115.209454983057228, -8.645086002485083 ], [ 115.209438677079021, -8.645091553292815 ], [ 115.209422185087277, -8.645096538114192 ], [ 115.209405527175022, -8.645100950876001 ], [ 115.209388723637289, -8.645104786201992 ], [ 115.209371794946634, -8.645108039419432 ], [ 115.209354761728065, -8.645110706564784 ], [ 115.209337644733893, -8.64511278438856 ], [ 115.209320464818589, -8.645114270359262 ], [ 115.209303242913208, -8.645115162666469 ], [ 115.209286, -8.645115460223046 ], [ 115.209268757086789, -8.645115162666469 ], [ 115.209251535181423, -8.645114270359262 ], [ 115.209234355266105, -8.64511278438856 ], [ 115.209217238271961, -8.645110706564784 ], [ 115.209200205053364, -8.645108039419432 ], [ 115.209183276362708, -8.645104786201992 ], [ 115.20916647282499, -8.645100950876001 ], [ 115.20914981491272, -8.645096538114192 ], [ 115.209133322920991, -8.645091553292815 ], [ 115.20911701694277, -8.645086002485083 ], [ 115.209100916844392, -8.645079892453779 ], [ 115.209085042241313, -8.645073230643005 ], [ 115.209069412474292, -8.645066025169122 ], [ 115.20905404658582, -8.645058284810863 ], [ 115.209038963296862, -8.645050018998628 ], [ 115.209286, -8.644627 ] ] ] } },
{ "type": "Feature", "properties": { "rowid": 136, "nama_cctv": "CTV54 DSHB DPS SP GALUNGGUNG UTARA", "polda_id": "17", "polres_id": "271", "status": "hidup", "ctdby": "4000ORGANIK", "ctddate": "2023-10-26T16:00:00Z", "rtsp_cctv": "rtsp://satansheir:letyur13@172.16.80.14:554/cam/realmonitor?channel=54&subtype=1", "channel_code": null, "ctdupd": null, "instansi": "dishub", "jenis_cctv": "ANALYTIC", "nama_jalan_s": "Cokroaminoto", "channel_id": "1000043$1$0$53", "cctv_in": "N", "cctv_out": "N", "masuk_kab": "N", "keluar_kab": "N", "keterangan": "checkpoint", "fungsi_jalan_cctv_id": 6, "masuk_prov": "N", "keluar_prov": "N", "is_active": 1, "channel_id_event": "1000036$1$0$6", "hls_cctv": "https://stream.elingbali.com:5051/live_cctv/136/playlist.m3u8", "cctv_category_id": "5", "kecamatan": "Denpasar Utara", "kota": null, "nama_objek_vital": null, "channel_id_enforcement": null, "cctv_id": "1d1df5d9-2c75-4be2-9a2d-ea8bddc2208d", "rtsp_cctv_dcc": null, "arah_cctv": "Utara", "radius": "35 Meter", "polda": "Polda Bali", "polres": "POLRESTA DENPASAR", "fungsi_jalan": "ARTERI", "category": "DALAM KOTA", "in_out": null, "ket_in_out": null, "_region": "bali", "Satwil": "Polda Bali", "last_update": "2026-03-05T11:16:17" }, "geometry": { "type": "Polygon", "coordinates": [ [ [ 115.194978, -8.617011 ], [ 115.194820794825262, -8.616741786150071 ], [ 115.19483039328189, -8.616736525693154 ], [ 115.194840171574526, -8.616731599640957 ], [ 115.194850117789912, -8.616727013995122 ], [ 115.194860219810039, -8.616722774342572 ], [ 115.194870465327213, -8.616718885848673 ], [ 115.194880841858804, -8.616715353250976 ], [ 115.194891336762609, -8.61671218085341 ], [ 115.194901937252268, -8.616709372521065 ], [ 115.194912630412617, -8.616706931675468 ], [ 115.194923403215768, -8.616704861290424 ], [ 115.194934242536689, -8.616703163888381 ], [ 115.19494513516932, -8.616701841537369 ], [ 115.194956067842696, -8.616700895848471 ], [ 115.194967027237027, -8.616700327973867 ], [ 115.194978, -8.616700138605426 ], [ 115.194988972762943, -8.616700327973867 ], [ 115.194999932157273, -8.616700895848471 ], [ 115.19501086483065, -8.616701841537369 ], [ 115.19502175746328, -8.616703163888381 ], [ 115.195032596784202, -8.616704861290424 ], [ 115.195043369587353, -8.616706931675468 ], [ 115.195054062747701, -8.616709372521065 ], [ 115.195064663237332, -8.61671218085341 ], [ 115.195075158141179, -8.616715353250976 ], [ 115.195085534672756, -8.616718885848673 ], [ 115.195095780189945, -8.616722774342572 ], [ 115.195105882210058, -8.616727013995122 ], [ 115.195115828425415, -8.616731599640957 ], [ 115.195125606718079, -8.616736525693154 ], [ 115.195135205174722, -8.616741786150071 ], [ 115.194978, -8.617011 ] ] ] } },
{ "type": "Feature", "properties": { "rowid": 134, "nama_cctv": "CTV52 DSHB DPS SP G.GALUNGGUNG SELATAN", "polda_id": "17", "polres_id": "271", "status": "hidup", "ctdby": "4000ORGANIK", "ctddate": "2023-10-26T16:00:00Z", "rtsp_cctv": "rtsp://satansheir:letyur13@172.16.80.14:554/cam/realmonitor?channel=52&subtype=1", "channel_code": null, "ctdupd": null, "instansi": "dishub", "jenis_cctv": "ANALYTIC", "nama_jalan_s": "Raya Denpasar - Gilimanuk 420-418", "channel_id": "1000043$1$0$51", "cctv_in": "N", "cctv_out": "N", "masuk_kab": "N", "keluar_kab": "N", "keterangan": "checkpoint", "fungsi_jalan_cctv_id": 6, "masuk_prov": "N", "keluar_prov": "N", "is_active": 1, "channel_id_event": "1000036$1$0$24", "hls_cctv": "https://stream.elingbali.com:5051/live_cctv/134/playlist.m3u8", "cctv_category_id": "5", "kecamatan": "Denpasar Utara", "kota": null, "nama_objek_vital": null, "channel_id_enforcement": null, "cctv_id": "335ce3a2-af13-4b58-9ac1-b7c9171d08ce", "rtsp_cctv_dcc": null, "arah_cctv": "Selatan", "radius": "35 Meter", "polda": "Polda Bali", "polres": "POLRESTA DENPASAR", "fungsi_jalan": "ARTERI", "category": "DALAM KOTA", "in_out": null, "ket_in_out": null, "_region": "bali", "Satwil": "Polda Bali", "last_update": "2026-03-05T11:16:17" }, "geometry": { "type": "Polygon", "coordinates": [ [ [ 115.195167799999965, -8.6172573 ], [ 115.195325005174709, -8.617526513482861 ], [ 115.195315406718066, -8.617531773928787 ], [ 115.195305628425416, -8.617536699970559 ], [ 115.195295682210059, -8.617541285606572 ], [ 115.195285580189932, -8.617545525249946 ], [ 115.195275334672743, -8.617549413735341 ], [ 115.195264958141166, -8.617552946325247 ], [ 115.195254463237333, -8.617556118715761 ], [ 115.195243862747702, -8.617558927041813 ], [ 115.19523316958734, -8.61756136788191 ], [ 115.195222396784189, -8.617563438262264 ], [ 115.195211557463281, -8.617565135660445 ], [ 115.195200664830651, -8.61756645800844 ], [ 115.195189732157274, -8.617567403695173 ], [ 115.195178772762929, -8.617567971568473 ], [ 115.195167799999965, -8.617568160936479 ], [ 115.195156827237028, -8.617567971568473 ], [ 115.195145867842683, -8.617567403695173 ], [ 115.195134935169307, -8.61756645800844 ], [ 115.195124042536676, -8.617565135660445 ], [ 115.195113203215769, -8.617563438262264 ], [ 115.195102430412618, -8.61756136788191 ], [ 115.195091737252255, -8.617558927041813 ], [ 115.19508113676261, -8.617556118715761 ], [ 115.195070641858791, -8.617552946325247 ], [ 115.195060265327214, -8.617549413735341 ], [ 115.195050019810026, -8.617545525249946 ], [ 115.195039917789899, -8.617541285606572 ], [ 115.195029971574513, -8.617536699970559 ], [ 115.195020193281891, -8.617531773928787 ], [ 115.195010594825249, -8.617526513482861 ], [ 115.195167799999965, -8.6172573 ] ] ] } },
{ "type": "Feature", "properties": { "rowid": 133, "nama_cctv": "CTV51 DSHB DPS SP G.GALUNGGUNG", "polda_id": "17", "polres_id": "271", "status": "hidup", "ctdby": "4000ORGANIK", "ctddate": "2023-10-26T16:00:00Z", "rtsp_cctv": "rtsp://satansheir:letyur13@172.16.80.14/cam/realmonitor?channel=51&subtype=1", "channel_code": null, "ctdupd": null, "instansi": "dishub", "jenis_cctv": "ANALYTIC", "nama_jalan_s": "Simpang Gunung Galunggung", "channel_id": "1000043$1$0$50", "cctv_in": "N", "cctv_out": "N", "masuk_kab": "N", "keluar_kab": "N", "keterangan": "checkpoint", "fungsi_jalan_cctv_id": 6, "masuk_prov": "N", "keluar_prov": "N", "is_active": 1, "channel_id_event": null, "hls_cctv": "https://stream.elingbali.com:5051/live_cctv/133/playlist.m3u8", "cctv_category_id": "5", "kecamatan": "Denpasar Utara", "kota": null, "nama_objek_vital": null, "channel_id_enforcement": null, "cctv_id": "618ebe37-a696-4371-80b7-8b4e164961bb", "rtsp_cctv_dcc": null, "arah_cctv": "Utara", "radius": "55 Meter", "polda": "Polda Bali", "polres": "POLRESTA DENPASAR", "fungsi_jalan": "ARTERI", "category": "DALAM KOTA", "in_out": null, "ket_in_out": null, "_region": "bali", "Satwil": "Polda Bali", "last_update": "2026-03-05T11:16:17" }, "geometry": { "type": "Polygon", "coordinates": [ [ [ 115.194978, -8.617011 ], [ 115.194730963296848, -8.616587949578333 ], [ 115.194746046585806, -8.616579683142644 ], [ 115.194761412474293, -8.616571942200235 ], [ 115.194777042241299, -8.616564736182287 ], [ 115.194792916844349, -8.61655807386825 ], [ 115.194809016942756, -8.61655196337516 ], [ 115.194825322920977, -8.61654641214774 ], [ 115.194841814912706, -8.616541426949329 ], [ 115.194858472824976, -8.616537013853639 ], [ 115.194875276362694, -8.616533178237376 ], [ 115.19489220505335, -8.616529924773664 ], [ 115.194909238271919, -8.616527257426357 ], [ 115.194926355266091, -8.616525179445224 ], [ 115.194943535181395, -8.616523693361977 ], [ 115.194960757086776, -8.616522800987182 ], [ 115.194978, -8.616522503408065 ], [ 115.194995242913194, -8.616522800987182 ], [ 115.195012464818589, -8.616523693361977 ], [ 115.195029644733879, -8.616525179445224 ], [ 115.195046761728022, -8.616527257426357 ], [ 115.19506379494662, -8.616529924773664 ], [ 115.195080723637275, -8.616533178237376 ], [ 115.195097527174994, -8.616537013853639 ], [ 115.195114185087263, -8.616541426949329 ], [ 115.195130677078993, -8.61654641214774 ], [ 115.195146983057214, -8.61655196337516 ], [ 115.19516308315562, -8.61655807386825 ], [ 115.195178957758671, -8.616564736182287 ], [ 115.195194587525691, -8.616571942200235 ], [ 115.195209953414164, -8.616579683142644 ], [ 115.195225036703121, -8.616587949578333 ], [ 115.194978, -8.617011 ] ] ] } },
{ "type": "Feature", "properties": { "rowid": 119, "nama_cctv": "CTV35 KORLAN SIMPANG TEUKU UMAR", "polda_id": "17", "polres_id": "271", "status": "hidup", "ctdby": "4000ORGANIK", "ctddate": "2023-10-26T16:00:00Z", "rtsp_cctv": "rtsp://satansheir:letyur13@172.16.80.14/cam/realmonitor?channel=35&subtype=1", "channel_code": null, "ctdupd": null, "instansi": "korlantas", "jenis_cctv": "ANALYTIC", "nama_jalan_s": "Simpang Teuku Umar", "channel_id": "1000043$1$0$34", "cctv_in": "N", "cctv_out": "N", "masuk_kab": "N", "keluar_kab": "N", "keterangan": "checkpoint", "fungsi_jalan_cctv_id": 6, "masuk_prov": "N", "keluar_prov": "N", "is_active": 1, "channel_id_event": null, "hls_cctv": "https://stream.elingbali.com:5051/live_cctv/119/playlist.m3u8", "cctv_category_id": "5", "kecamatan": "Denpasar Barat", "kota": null, "nama_objek_vital": null, "channel_id_enforcement": null, "cctv_id": "ff752f2f-8dfd-40e3-b688-019ef764e749", "rtsp_cctv_dcc": null, "arah_cctv": "Utara", "radius": "45 Meter", "polda": "Polda Bali", "polres": "POLRESTA DENPASAR", "fungsi_jalan": "ARTERI", "category": "DALAM KOTA", "in_out": null, "ket_in_out": null, "_region": "bali", "Satwil": "Polda Bali", "last_update": "2026-03-05T11:16:17" }, "geometry": { "type": "Polygon", "coordinates": [ [ [ 115.206572, -8.676686 ], [ 115.206369879061043, -8.676339922689458 ], [ 115.206382219933829, -8.676333160314579 ], [ 115.206394792024398, -8.676326827820594 ], [ 115.206407580015593, -8.676320932922691 ], [ 115.206420568327204, -8.676315482802922 ], [ 115.206433741134987, -8.67631048410143 ], [ 115.206447082389886, -8.676305942908387 ], [ 115.206460575837653, -8.67630186475655 ], [ 115.206474205038589, -8.676298254614537 ], [ 115.206487953387665, -8.676295116880759 ], [ 115.206501804134561, -8.676292455378078 ], [ 115.206515740404299, -8.676290273349135 ], [ 115.206529745217708, -8.676288573452402 ], [ 115.206543801512041, -8.676287357758946 ], [ 115.206557892161911, -8.676286627749914 ], [ 115.206572, -8.676286384314706 ], [ 115.206586107838049, -8.676286627749914 ], [ 115.206600198487905, -8.676287357758946 ], [ 115.206614254782252, -8.676288573452402 ], [ 115.206628259595661, -8.676290273349135 ], [ 115.206642195865413, -8.676292455378078 ], [ 115.206656046612295, -8.676295116880759 ], [ 115.206669794961371, -8.676298254614537 ], [ 115.206683424162307, -8.67630186475655 ], [ 115.206696917610074, -8.676305942908387 ], [ 115.206710258864987, -8.67631048410143 ], [ 115.206723431672742, -8.676315482802922 ], [ 115.206736419984367, -8.676320932922691 ], [ 115.206749207975562, -8.676326827820594 ], [ 115.206761780066131, -8.676333160314579 ], [ 115.206774120938917, -8.676339922689458 ], [ 115.206572, -8.676686 ] ] ] } },
{ "type": "Feature", "properties": { "rowid": 118, "nama_cctv": "CTV34 KORLAN SIMPANG POS KOTA KBRI TABANAN", "polda_id": "17", "polres_id": "267", "status": "hidup", "ctdby": "4000ORGANIK", "ctddate": "2023-10-26T16:00:00Z", "rtsp_cctv": "rtsp://satansheir:letyur13@172.16.80.14/cam/realmonitor?channel=34&subtype=1", "channel_code": null, "ctdupd": null, "instansi": "korlantas", "jenis_cctv": "ANALYTIC", "nama_jalan_s": "Gunung Agung No.30", "channel_id": "1000043$1$0$33", "cctv_in": "N", "cctv_out": "N", "masuk_kab": "N", "keluar_kab": "N", "keterangan": "checkpoint", "fungsi_jalan_cctv_id": 6, "masuk_prov": "N", "keluar_prov": "N", "is_active": 1, "channel_id_event": "1000036$1$0$1", "hls_cctv": "https://stream.elingbali.com:5051/live_cctv/118/playlist.m3u8", "cctv_category_id": "5", "kecamatan": "Tabanan", "kota": null, "nama_objek_vital": null, "channel_id_enforcement": null, "cctv_id": "d36ab986-3602-454a-8d34-e78bd47c8a6c", "rtsp_cctv_dcc": null, "arah_cctv": "Utara", "radius": "46 Meter", "polda": "Polda Bali", "polres": "POLRES TABANAN", "fungsi_jalan": "ARTERI", "category": "DALAM KOTA", "in_out": null, "ket_in_out": null, "_region": "bali", "Satwil": "Polda Bali", "last_update": "2026-03-05T11:16:17" }, "geometry": { "type": "Polygon", "coordinates": [ [ [ 115.125692, -8.538167 ], [ 115.125485387484659, -8.537813102596422 ], [ 115.125498002599045, -8.537806187416358 ], [ 115.125510854069404, -8.537799711830939 ], [ 115.125523926238174, -8.537793683729689 ], [ 115.125537203178922, -8.537788110456944 ], [ 115.125550668715775, -8.5377829988029 ], [ 115.12556430644301, -8.537778354995336 ], [ 115.125578099745184, -8.537774184692029 ], [ 115.125592031817263, -8.537770492973877 ], [ 115.125606085685178, -8.537767284338679 ], [ 115.12562024422644, -8.537764562695674 ], [ 115.125634490191089, -8.537762331360774 ], [ 115.125648806222557, -8.537760593052528 ], [ 115.125663174878994, -8.537759349888804 ], [ 115.12567757865439, -8.53775860338421 ], [ 115.125692, -8.537758354448249 ], [ 115.125706421345598, -8.53775860338421 ], [ 115.125720825121007, -8.537759349888804 ], [ 115.125735193777444, -8.537760593052528 ], [ 115.125749509808898, -8.537762331360774 ], [ 115.125763755773562, -8.537764562695674 ], [ 115.125777914314824, -8.537767284338679 ], [ 115.12579196818271, -8.537770492973877 ], [ 115.125805900254818, -8.537774184692029 ], [ 115.125819693556963, -8.537778354995336 ], [ 115.125833331284213, -8.5377829988029 ], [ 115.125846796821051, -8.537788110456944 ], [ 115.125860073761828, -8.537793683729689 ], [ 115.125873145930569, -8.537799711830939 ], [ 115.125885997400928, -8.537806187416358 ], [ 115.125898612515343, -8.537813102596422 ], [ 115.125692, -8.538167 ] ] ] } },
{ "type": "Feature", "properties": { "rowid": 117, "nama_cctv": "CTV33 KORLAN SIMPANG GRAGAK BY PASS TABANAN", "polda_id": "17", "polres_id": "267", "status": "hidup", "ctdby": "4000ORGANIK", "ctddate": "2023-10-26T16:00:00Z", "rtsp_cctv": "rtsp://satansheir:letyur13@172.16.80.14/cam/realmonitor?channel=33&subtype=1", "channel_code": null, "ctdupd": null, "instansi": "korlantas", "jenis_cctv": "ANALYTIC", "nama_jalan_s": "Simpang Gragak", "channel_id": "1000043$1$0$32", "cctv_in": "N", "cctv_out": "N", "masuk_kab": "N", "keluar_kab": "N", "keterangan": "checkpoint", "fungsi_jalan_cctv_id": 6, "masuk_prov": "N", "keluar_prov": "N", "is_active": 1, "channel_id_event": "1000036$1$0$16", "hls_cctv": "https://stream.elingbali.com:5051/live_cctv/117/playlist.m3u8", "cctv_category_id": "5", "kecamatan": "Tabanan", "kota": null, "nama_objek_vital": null, "channel_id_enforcement": null, "cctv_id": "440c8d0a-71f6-49ee-8e12-bae853de6c66", "rtsp_cctv_dcc": null, "arah_cctv": "Barat", "radius": "20 Meter", "polda": "Polda Bali", "polres": "POLRES TABANAN", "fungsi_jalan": "ARTERI", "category": "DALAM KOTA", "in_out": null, "ket_in_out": null, "_region": "bali", "Satwil": "Polda Bali", "last_update": "2026-03-05T11:16:17" }, "geometry": { "type": "Polygon", "coordinates": [ [ [ 115.123608, -8.549872 ], [ 115.123452407228655, -8.549960833205091 ], [ 115.123449366936441, -8.549955409327838 ], [ 115.123446519914182, -8.549949883829095 ], [ 115.123443869630535, -8.549944263440835 ], [ 115.123441419314446, -8.549938555010627 ], [ 115.123439171951276, -8.549932765493311 ], [ 115.123437130279072, -8.54992690194252 ], [ 115.123435296785303, -8.549920971502083 ], [ 115.123433673703772, -8.54991498139732 ], [ 115.12343226301202, -8.549908938926258 ], [ 115.123431066428708, -8.549902851450707 ], [ 115.12343008541167, -8.54989672638732 ], [ 115.123429321156195, -8.54989057119854 ], [ 115.123428774593336, -8.54988439338352 ], [ 115.123428446389056, -8.549878200468969 ], [ 115.123428336943164, -8.549872 ], [ 115.123428446389056, -8.549865799530931 ], [ 115.123428774593336, -8.549859606616076 ], [ 115.123429321156195, -8.549853428800553 ], [ 115.12343008541167, -8.549847273611075 ], [ 115.123431066428708, -8.549841148546793 ], [ 115.12343226301202, -8.54983506107016 ], [ 115.123433673703772, -8.549829018597833 ], [ 115.123435296785303, -8.549823028491625 ], [ 115.123437130279072, -8.549817098049571 ], [ 115.123439171951276, -8.549811234496998 ], [ 115.123441419314446, -8.54980544497775 ], [ 115.123443869630535, -8.549799736545461 ], [ 115.123446519914182, -8.549794116154986 ], [ 115.123449366936441, -8.549788590653909 ], [ 115.123452407228655, -8.549783166774203 ], [ 115.123608, -8.549872 ] ] ] } },
{ "type": "Feature", "properties": { "rowid": 116, "nama_cctv": "CTV32 KORLAN SIMPANG ADHYPURA BY PASS TABANAN", "polda_id": "17", "polres_id": "267", "status": "hidup", "ctdby": "4000ORGANIK", "ctddate": "2023-10-26T16:00:00Z", "rtsp_cctv": "rtsp://satansheir:letyur13@172.16.80.14/cam/realmonitor?channel=32&subtype=1", "channel_code": null, "ctdupd": "2026-02-11T16:00:00Z", "instansi": "korlantas", "jenis_cctv": "ANALYTIC", "nama_jalan_s": "Simpang Pos Adhypura", "channel_id": "1000043$1$0$31", "cctv_in": "N", "cctv_out": "N", "masuk_kab": "N", "keluar_kab": "N", "keterangan": "checkpoint", "fungsi_jalan_cctv_id": 6, "masuk_prov": "N", "keluar_prov": "N", "is_active": 1, "channel_id_event": null, "hls_cctv": "https://stream.elingbali.com:5051/live_cctv/116/playlist.m3u8", "cctv_category_id": "5", "kecamatan": "Tabanan", "kota": null, "nama_objek_vital": null, "channel_id_enforcement": null, "cctv_id": "851ef414-933d-4dc8-a86f-1b19a5c5d099", "rtsp_cctv_dcc": null, "arah_cctv": "Barat", "radius": "20 Meter", "polda": "Polda Bali", "polres": "POLRES TABANAN", "fungsi_jalan": "ARTERI", "category": "DALAM KOTA", "in_out": null, "ket_in_out": null, "_region": "bali", "Satwil": "Polda Bali", "last_update": "2026-03-05T11:16:17" }, "geometry": { "type": "Polygon", "coordinates": [ [ [ 115.110811, -8.537214 ], [ 115.110655407228663, -8.537302836153435 ], [ 115.110652366936421, -8.537297412096162 ], [ 115.110649519914162, -8.537291886414032 ], [ 115.110646869630514, -8.537286265839231 ], [ 115.110644419314426, -8.537280557219562 ], [ 115.110642171951284, -8.537274767510095 ], [ 115.110640130279052, -8.537268903764692 ], [ 115.110638296785282, -8.537262973127424 ], [ 115.11063667370378, -8.537256982823855 ], [ 115.110635263012014, -8.537250940152244 ], [ 115.110634066428688, -8.537244852474654 ], [ 115.110633085411678, -8.537238727207978 ], [ 115.110632321156203, -8.53723257181491 ], [ 115.110631774593344, -8.53722639379485 ], [ 115.110631446389036, -8.537220200674758 ], [ 115.110631336943172, -8.537214 ], [ 115.110631446389036, -8.53720779932514 ], [ 115.110631774593344, -8.537201606204746 ], [ 115.110632321156203, -8.537195428184184 ], [ 115.110633085411678, -8.537189272790418 ], [ 115.110634066428688, -8.53718314752285 ], [ 115.110635263012014, -8.537177059844177 ], [ 115.11063667370378, -8.537171017171305 ], [ 115.110638296785282, -8.537165026866289 ], [ 115.110640130279052, -8.537159096227407 ], [ 115.110642171951284, -8.537153232480227 ], [ 115.110644419314426, -8.537147442768831 ], [ 115.110646869630514, -8.537141734147085 ], [ 115.110649519914162, -8.537136113570071 ], [ 115.110652366936421, -8.537130587885606 ], [ 115.110655407228663, -8.537125163825886 ], [ 115.110811, -8.537214 ] ] ] } },
{ "type": "Feature", "properties": { "rowid": 113, "nama_cctv": "CTV29 KORLAN SIMPANG PASAR SENI SUKAWATI GIANYAR", "polda_id": "17", "polres_id": "268", "status": "hidup", "ctdby": "4000ORGANIK", "ctddate": "2023-10-26T16:00:00Z", "rtsp_cctv": "rtsp://satansheir:letyur13@172.16.80.14/cam/realmonitor?channel=29&subtype=1", "channel_code": null, "ctdupd": null, "instansi": "korlantas", "jenis_cctv": "ANALYTIC", "nama_jalan_s": "Pasar Sukawati", "channel_id": "1000043$1$0$28", "cctv_in": "N", "cctv_out": "N", "masuk_kab": "N", "keluar_kab": "N", "keterangan": "checkpoint", "fungsi_jalan_cctv_id": 6, "masuk_prov": "N", "keluar_prov": "N", "is_active": 1, "channel_id_event": "1000036$1$0$0", "hls_cctv": "https://stream.elingbali.com:5051/live_cctv/113/playlist.m3u8", "cctv_category_id": "5", "kecamatan": "Sukawati", "kota": null, "nama_objek_vital": null, "channel_id_enforcement": null, "cctv_id": "d6d96134-9785-46e5-97ad-c9656898fbad", "rtsp_cctv_dcc": null, "arah_cctv": "Utara", "radius": "20 Meter", "polda": "Polda Bali", "polres": "POLRES GIANYAR", "fungsi_jalan": "ARTERI", "category": "DALAM KOTA", "in_out": null, "ket_in_out": null, "_region": "bali", "Satwil": "Polda Bali", "last_update": "2026-03-05T11:16:17" }, "geometry": { "type": "Polygon", "coordinates": [ [ [ 115.282753, -8.596308 ], [ 115.282663168471586, -8.596154155124356 ], [ 115.282668653303944, -8.596151148985504 ], [ 115.282674240899738, -8.596148333945468 ], [ 115.282679924451386, -8.59614571343395 ], [ 115.282685697034324, -8.596143290643639 ], [ 115.282691551615542, -8.596141068526334 ], [ 115.282697481062158, -8.596139049789352 ], [ 115.282703478150069, -8.596137236892211 ], [ 115.282709535572721, -8.596135632043651 ], [ 115.282715645950077, -8.596134237198939 ], [ 115.282721801837582, -8.596133054057479 ], [ 115.282727995735229, -8.596132084060743 ], [ 115.282734220096756, -8.596131328390531 ], [ 115.28274046733867, -8.59613078796751 ], [ 115.282746729849748, -8.596130463450104 ], [ 115.282753, -8.596130355233688 ], [ 115.282759270150237, -8.596130463450104 ], [ 115.282765532661301, -8.59613078796751 ], [ 115.282771779903229, -8.596131328390531 ], [ 115.282778004264742, -8.596132084060743 ], [ 115.282784198162389, -8.596133054057479 ], [ 115.282790354049894, -8.596134237198939 ], [ 115.282796464427264, -8.596135632043651 ], [ 115.282802521849902, -8.596137236892211 ], [ 115.282808518937813, -8.596139049789352 ], [ 115.282814448384428, -8.596141068526334 ], [ 115.282820302965675, -8.596143290643639 ], [ 115.282826075548613, -8.59614571343395 ], [ 115.282831759100247, -8.596148333945468 ], [ 115.282837346696056, -8.596151148985504 ], [ 115.282842831528413, -8.596154155124356 ], [ 115.282753, -8.596308 ] ] ] } },
{ "type": "Feature", "properties": { "rowid": 105, "nama_cctv": "CTV20 KORLAN SIMPANG COKROAMINOTO", "polda_id": "17", "polres_id": "271", "status": "hidup", "ctdby": "4000ORGANIK", "ctddate": "2023-10-26T16:00:00Z", "rtsp_cctv": "rtsp://satansheir:letyur13@172.16.80.14/cam/realmonitor?channel=20&subtype=1", "channel_code": null, "ctdupd": null, "instansi": "korlantas", "jenis_cctv": "ANALYTIC", "nama_jalan_s": "Simpang Cokroaminoto", "channel_id": "1000043$1$0$19", "cctv_in": "N", "cctv_out": "N", "masuk_kab": "N", "keluar_kab": "N", "keterangan": "checkpoint", "fungsi_jalan_cctv_id": 6, "masuk_prov": "N", "keluar_prov": "N", "is_active": 1, "channel_id_event": null, "hls_cctv": "https://stream.elingbali.com:5051/live_cctv/105/playlist.m3u8", "cctv_category_id": "5", "kecamatan": "Denpasar Utara", "kota": null, "nama_objek_vital": null, "channel_id_enforcement": null, "cctv_id": "c889bfd4-e331-41aa-8143-75f1073717dd", "rtsp_cctv_dcc": null, "arah_cctv": "Utara", "radius": "40 Meter", "polda": "Polda Bali", "polres": "POLRESTA DENPASAR", "fungsi_jalan": "ARTERI", "category": "DALAM KOTA", "in_out": null, "ket_in_out": null, "_region": "bali", "Satwil": "Polda Bali", "last_update": "2026-03-05T11:16:17" }, "geometry": { "type": "Polygon", "coordinates": [ [ [ 115.2073564, -8.6388284 ], [ 115.207176736943154, -8.638520744788963 ], [ 115.207187706607854, -8.638514733184925 ], [ 115.207198881799471, -8.638509103735652 ], [ 115.207210248902769, -8.63850386329978 ], [ 115.207221794068644, -8.638499018261989 ], [ 115.20723350323108, -8.638494574525224 ], [ 115.207245362124354, -8.638490537503513 ], [ 115.207257356300133, -8.638486912115352 ], [ 115.207269471145437, -8.638483702777737 ], [ 115.20728169190015, -8.638480913400757 ], [ 115.207294003675159, -8.638478547382849 ], [ 115.207306391470496, -8.638476607606652 ], [ 115.207318840193537, -8.638475096435487 ], [ 115.207331334677392, -8.638474015710491 ], [ 115.207343859699463, -8.638473366748363 ], [ 115.2073564, -8.638473150339765 ], [ 115.207368940300512, -8.638473366748363 ], [ 115.207381465322612, -8.638474015710491 ], [ 115.207393959806453, -8.638475096435487 ], [ 115.207406408529479, -8.638476607606652 ], [ 115.207418796324816, -8.638478547382849 ], [ 115.207431108099826, -8.638480913400757 ], [ 115.207443328854552, -8.638483702777737 ], [ 115.207455443699843, -8.638486912115352 ], [ 115.207467437875636, -8.638490537503513 ], [ 115.207479296768895, -8.638494574525224 ], [ 115.207491005931345, -8.638499018261989 ], [ 115.207502551097207, -8.63850386329978 ], [ 115.207513918200505, -8.638509103735652 ], [ 115.207525093392121, -8.638514733184925 ], [ 115.207536063056821, -8.638520744788963 ], [ 115.2073564, -8.6388284 ] ] ] } },
{ "type": "Feature", "properties": { "rowid": 101, "nama_cctv": "CTV50 SMARTCITY GIANYAR SAKKAH", "polda_id": "17", "polres_id": "268", "status": "hidup", "ctdby": "4000ORGANIK", "ctddate": "2023-10-26T16:00:00Z", "rtsp_cctv": "rtsp://satansheir:letyur13@172.16.80.14:554/cam/realmonitor?channel=50&subtype=1", "channel_code": null, "ctdupd": null, "instansi": "korlantas", "jenis_cctv": "ANALYTIC", "nama_jalan_s": "Jalan Raya Sakkah Gianyar (Simpang Patung Bayi)", "channel_id": "1000043$1$0$49", "cctv_in": "N", "cctv_out": "N", "masuk_kab": "N", "keluar_kab": "N", "keterangan": "checkpoint", "fungsi_jalan_cctv_id": 6, "masuk_prov": "N", "keluar_prov": "N", "is_active": 1, "channel_id_event": "1000036$1$0$25", "hls_cctv": "https://stream.elingbali.com:5051/live_cctv/101/playlist.m3u8", "cctv_category_id": "5", "kecamatan": "Sukawati", "kota": null, "nama_objek_vital": null, "channel_id_enforcement": "1000010$1$0$0", "cctv_id": "32d663ec-7324-46c2-ae8c-925636cd4348", "rtsp_cctv_dcc": null, "arah_cctv": "Utara", "radius": "15 Meter", "polda": "Polda Bali", "polres": "POLRES GIANYAR", "fungsi_jalan": "ARTERI", "category": "DALAM KOTA", "in_out": null, "ket_in_out": null, "_region": "bali", "Satwil": "Polda Bali", "last_update": "2026-03-05T11:16:17" }, "geometry": { "type": "Polygon", "coordinates": [ [ [ 115.274013, -8.56456 ], [ 115.273945626353694, -8.564444606701866 ], [ 115.273949739977951, -8.564442351909454 ], [ 115.273953930674793, -8.564440240453125 ], [ 115.273958193338515, -8.564438274905367 ], [ 115.273962522775733, -8.564436457660904 ], [ 115.273966913711675, -8.564434790933765 ], [ 115.273971360796637, -8.564433276754606 ], [ 115.273975858612559, -8.564431916968221 ], [ 115.273980401679552, -8.564430713231303 ], [ 115.273984984462544, -8.564429667010421 ], [ 115.27398960137819, -8.564428779580235 ], [ 115.273994246801422, -8.564428052021944 ], [ 115.273998915072568, -8.564427485221966 ], [ 115.274003600504017, -8.564427079870859 ], [ 115.274008297387311, -8.564426836462482 ], [ 115.274013, -8.564426755293393 ], [ 115.274017702612682, -8.564426836462482 ], [ 115.274022399495962, -8.564427079870859 ], [ 115.274027084927425, -8.564427485221966 ], [ 115.274031753198571, -8.564428052021944 ], [ 115.274036398621803, -8.564428779580235 ], [ 115.274041015537449, -8.564429667010421 ], [ 115.274045598320441, -8.564430713231303 ], [ 115.27405014138742, -8.564431916968221 ], [ 115.274054639203356, -8.564433276754606 ], [ 115.274059086288318, -8.564434790933765 ], [ 115.27406347722426, -8.564436457660904 ], [ 115.274067806661463, -8.564438274905367 ], [ 115.2740720693252, -8.564440240453125 ], [ 115.274076260022042, -8.564442351909454 ], [ 115.274080373646299, -8.564444606701866 ], [ 115.274013, -8.56456 ] ] ] } },
{ "type": "Feature", "properties": { "rowid": 100, "nama_cctv": "CTV49 SMARTCITY DENPASAR COKROAMINOTO", "polda_id": "17", "polres_id": "271", "status": "hidup", "ctdby": "4000ORGANIK", "ctddate": "2023-10-26T16:00:00Z", "rtsp_cctv": "rtsp://satansheir:letyur13@172.16.80.14:554/cam/realmonitor?channel=49&subtype=1", "channel_code": null, "ctdupd": null, "instansi": "korlantas", "jenis_cctv": "ANALYTIC", "nama_jalan_s": "Jalan Cokroaminoto (Ubung)", "channel_id": "1000043$1$0$48", "cctv_in": "N", "cctv_out": "N", "masuk_kab": "N", "keluar_kab": "N", "keterangan": "checkpoint", "fungsi_jalan_cctv_id": 6, "masuk_prov": "N", "keluar_prov": "N", "is_active": 1, "channel_id_event": "1000036$1$0$8", "hls_cctv": "https://stream.elingbali.com:5051/live_cctv/100/playlist.m3u8", "cctv_category_id": "5", "kecamatan": "Denpasar Utara", "kota": null, "nama_objek_vital": null, "channel_id_enforcement": "1000034$1$0$0", "cctv_id": "81d6ea0f-2f07-42f2-b5d6-642ba528f0f4", "rtsp_cctv_dcc": null, "arah_cctv": "Utara", "radius": "15 Meter", "polda": "Polda Bali", "polres": "POLRESTA DENPASAR", "fungsi_jalan": "ARTERI", "category": "DALAM KOTA", "in_out": null, "ket_in_out": null, "_region": "bali", "Satwil": "Polda Bali", "last_update": "2026-03-05T11:16:17" }, "geometry": { "type": "Polygon", "coordinates": [ [ [ 115.207431, -8.638882 ], [ 115.207363626353697, -8.638766629341671 ], [ 115.207367739977954, -8.638764374991638 ], [ 115.207371930674796, -8.638762263949568 ], [ 115.207376193338533, -8.638760298787442 ], [ 115.207380522775736, -8.638758481899515 ], [ 115.207384913711678, -8.638756815499381 ], [ 115.20738936079664, -8.638755301617294 ], [ 115.207393858612576, -8.638753942097695 ], [ 115.207398401679555, -8.638752738596944 ], [ 115.207402984462547, -8.638751692581325 ], [ 115.207407601378193, -8.638750805325248 ], [ 115.207412246801425, -8.638750077909698 ], [ 115.207416915072571, -8.638749511220928 ], [ 115.207421600504034, -8.638749105949346 ], [ 115.207426297387315, -8.638748862588727 ], [ 115.207431, -8.638748781435563 ], [ 115.207435702612685, -8.638748862588727 ], [ 115.207440399495979, -8.638749105949346 ], [ 115.207445084927429, -8.638749511220928 ], [ 115.207449753198574, -8.638750077909698 ], [ 115.207454398621806, -8.638750805325248 ], [ 115.207459015537452, -8.638751692581325 ], [ 115.207463598320459, -8.638752738596944 ], [ 115.207468141387437, -8.638753942097695 ], [ 115.20747263920336, -8.638755301617294 ], [ 115.207477086288335, -8.638756815499381 ], [ 115.207481477224263, -8.638758481899515 ], [ 115.207485806661481, -8.638760298787442 ], [ 115.207490069325203, -8.638762263949568 ], [ 115.207494260022045, -8.638764374991638 ], [ 115.207498373646317, -8.638766629341671 ], [ 115.207431, -8.638882 ] ] ] } },
{ "type": "Feature", "properties": { "rowid": 99, "nama_cctv": "CTV16 SMARTCITY KARANGASEM PADANG BAI", "polda_id": "17", "polres_id": "270", "status": "hidup", "ctdby": "4000ORGANIK", "ctddate": "2023-10-26T16:00:00Z", "rtsp_cctv": "rtsp://satansheir:letyur13@172.16.80.14/cam/realmonitor?channel=16&subtype=1", "channel_code": null, "ctdupd": null, "instansi": "korlantas", "jenis_cctv": "ANALYTIC", "nama_jalan_s": "Padang Bai", "channel_id": "1000043$1$0$15", "cctv_in": "N", "cctv_out": "N", "masuk_kab": "N", "keluar_kab": "N", "keterangan": "perbatasan", "fungsi_jalan_cctv_id": 6, "masuk_prov": "N", "keluar_prov": "N", "is_active": 1, "channel_id_event": null, "hls_cctv": "https://stream.elingbali.com:5051/live_cctv/99/playlist.m3u8", "cctv_category_id": "3", "kecamatan": "Manggis", "kota": null, "nama_objek_vital": "Pelabuhan Padang Bai", "channel_id_enforcement": null, "cctv_id": "be6fda7e-c704-464c-8432-333879ea9488", "rtsp_cctv_dcc": null, "arah_cctv": "Timur", "radius": "10 Meter", "polda": "Polda Bali", "polres": "POLRES KARANG ASEM", "fungsi_jalan": "ARTERI", "category": "OBJEK VITAL", "in_out": null, "ket_in_out": null, "_region": "bali", "Satwil": "Polda Bali", "last_update": "2026-03-05T11:16:17" }, "geometry": { "type": "Polygon", "coordinates": [ [ [ 115.508211, -8.533311 ], [ 115.508288796385671, -8.533266581461419 ], [ 115.50829031653177, -8.5332692935187 ], [ 115.508291740042921, -8.533272056388885 ], [ 115.508293065184745, -8.533274866705847 ], [ 115.508294290342775, -8.533277721045639 ], [ 115.508295414024374, -8.533280615930693 ], [ 115.508296434860469, -8.533283547834035 ], [ 115.508297351607368, -8.533286513183592 ], [ 115.508298163148112, -8.533289508366538 ], [ 115.508298868493995, -8.533292529733707 ], [ 115.508299466785644, -8.533295573604025 ], [ 115.50829995729417, -8.533298636269011 ], [ 115.508300339421908, -8.53330171399727 ], [ 115.508300612703337, -8.533304803039069 ], [ 115.508300776805484, -8.533307899630886 ], [ 115.50830083152843, -8.533311 ], [ 115.508300776805484, -8.533314100369088 ], [ 115.508300612703337, -8.533317196960828 ], [ 115.508300339421908, -8.533320286002503 ], [ 115.50829995729417, -8.53332336373059 ], [ 115.508299466785644, -8.533326426395348 ], [ 115.508298868493995, -8.533329470265398 ], [ 115.508298163148112, -8.533332491632253 ], [ 115.508297351607368, -8.533335486814838 ], [ 115.508296434860469, -8.53333845216399 ], [ 115.508295414024374, -8.533341384066887 ], [ 115.508294290342775, -8.533344278951459 ], [ 115.508293065184745, -8.533347133290736 ], [ 115.508291740042921, -8.53334994360714 ], [ 115.50829031653177, -8.533352706476743 ], [ 115.508288796385671, -8.533355418533413 ], [ 115.508211, -8.533311 ] ] ] } },
{ "type": "Feature", "properties": { "rowid": 98, "nama_cctv": "CTV15 SMARTCITY JEMBRANA GILIMANUK", "polda_id": "17", "polres_id": "264", "status": "hidup", "ctdby": "4000ORGANIK", "ctddate": "2023-10-26T16:00:00Z", "rtsp_cctv": "rtsp://satansheir:letyur13@172.16.80.14/cam/realmonitor?channel=15&subtype=1", "channel_code": null, "ctdupd": null, "instansi": "korlantas", "jenis_cctv": "ANALYTIC", "nama_jalan_s": "Gilimanuk", "channel_id": "1000043$1$0$14", "cctv_in": "N", "cctv_out": "N", "masuk_kab": "N", "keluar_kab": "N", "keterangan": "perbatasan", "fungsi_jalan_cctv_id": 6, "masuk_prov": "N", "keluar_prov": "N", "is_active": 1, "channel_id_event": null, "hls_cctv": "https://stream.elingbali.com:5051/live_cctv/98/playlist.m3u8", "cctv_category_id": "3", "kecamatan": "Melaya", "kota": null, "nama_objek_vital": "Pelabuhan Gilimanuk", "channel_id_enforcement": null, "cctv_id": "3d29db6c-f17a-41f0-9b99-d486b4df34df", "rtsp_cctv_dcc": null, "arah_cctv": "Barat", "radius": "10 Meter", "polda": "Polda Bali", "polres": "POLRES JEMBRANA", "fungsi_jalan": "ARTERI", "category": "OBJEK VITAL", "in_out": null, "ket_in_out": null, "_region": "bali", "Satwil": "Polda Bali", "last_update": "2026-03-05T11:16:17" }, "geometry": { "type": "Polygon", "coordinates": [ [ [ 114.437549, -8.162311 ], [ 114.437471203614351, -8.16235546075775 ], [ 114.437469683468237, -8.162352746122988 ], [ 114.437468259957114, -8.16234998062699 ], [ 114.437466934815276, -8.162347167639089 ], [ 114.437465709657232, -8.162344310586468 ], [ 114.437464585975647, -8.16234141295001 ], [ 114.437463565139524, -8.162338478260038 ], [ 114.437462648392639, -8.162335510092019 ], [ 114.437461836851909, -8.162332512062209 ], [ 114.437461131506012, -8.162329487823238 ], [ 114.437460533214363, -8.162326441059683 ], [ 114.437460042705851, -8.162323375483552 ], [ 114.437459660578099, -8.162320294829776 ], [ 114.437459387296684, -8.162317202851659 ], [ 114.437459223194537, -8.1623141033163 ], [ 114.437459168471605, -8.162311 ], [ 114.437459223194537, -8.16230789668368 ], [ 114.437459387296684, -8.162304797148247 ], [ 114.437459660578099, -8.162301705170011 ], [ 114.437460042705851, -8.162298624516065 ], [ 114.437460533214363, -8.162295558939721 ], [ 114.437461131506012, -8.162292512175906 ], [ 114.437461836851909, -8.162289487936635 ], [ 114.437462648392639, -8.162286489906476 ], [ 114.437463565139524, -8.162283521738072 ], [ 114.437464585975647, -8.162280587047674 ], [ 114.437465709657232, -8.162277689410756 ], [ 114.437466934815276, -8.162274832357639 ], [ 114.437468259957114, -8.162272019369206 ], [ 114.437469683468237, -8.162269253872649 ], [ 114.437471203614351, -8.162266539237303 ], [ 114.437549, -8.162311 ] ] ] } },
{ "type": "Feature", "properties": { "rowid": 97, "nama_cctv": "CTV14 SMARTCITY BADUNG HYNO", "polda_id": "17", "polres_id": "271", "status": "hidup", "ctdby": "4000ORGANIK", "ctddate": "2023-10-26T16:00:00Z", "rtsp_cctv": "rtsp://satansheir:letyur13@172.16.80.14:554/cam/realmonitor?channel=14&subtype=1", "channel_code": null, "ctdupd": null, "instansi": "korlantas", "jenis_cctv": "ANALYTIC", "nama_jalan_s": "Raya Denpasar - Gilimanuk 468", "channel_id": "1000043$1$0$13", "cctv_in": "N", "cctv_out": "Y", "masuk_kab": "N", "keluar_kab": "Y", "keterangan": "perbatasan", "fungsi_jalan_cctv_id": 6, "masuk_prov": "N", "keluar_prov": "N", "is_active": 1, "channel_id_event": "1000036$1$0$17", "hls_cctv": "https://stream.elingbali.com:5051/live_cctv/97/playlist.m3u8", "cctv_category_id": "2", "kecamatan": "Denpasar Utara", "kota": null, "nama_objek_vital": null, "channel_id_enforcement": null, "cctv_id": "04c3dbaa-40ce-489d-815c-0a7bfa05e01e", "rtsp_cctv_dcc": null, "arah_cctv": "Selatan", "radius": "30 Meter", "polda": "Polda Bali", "polres": "POLRESTA DENPASAR", "fungsi_jalan": "ARTERI", "category": "BATAS KOTA", "in_out": "CCTV OUT", "ket_in_out": "KOTA", "_region": "bali", "Satwil": "Polda Bali", "last_update": "2026-03-05T11:16:17" }, "geometry": { "type": "Polygon", "coordinates": [ [ [ 115.192471, -8.612659 ], [ 115.192605747292632, -8.612889757231402 ], [ 115.192597520044103, -8.612894266240339 ], [ 115.192589138650376, -8.612898488613641 ], [ 115.192580613322903, -8.612902419207005 ], [ 115.19257195444851, -8.612906053231622 ], [ 115.192563172576655, -8.612909386259995 ], [ 115.192554278406732, -8.612912414231355 ], [ 115.192545282774873, -8.612915133456589 ], [ 115.192536196640916, -8.612917540622751 ], [ 115.192527031074889, -8.612919632797084 ], [ 115.192517797243596, -8.6129214074306 ], [ 115.192508506397104, -8.612922862361186 ], [ 115.192499169854841, -8.612923995816237 ], [ 115.192489798991957, -8.612924806414814 ], [ 115.192480405225382, -8.612925293169335 ], [ 115.192471, -8.612925455486762 ], [ 115.192461594774613, -8.612925293169335 ], [ 115.192452201008038, -8.612924806414814 ], [ 115.192442830145154, -8.612923995816237 ], [ 115.192433493602891, -8.612922862361186 ], [ 115.192424202756399, -8.6129214074306 ], [ 115.192414968925107, -8.612919632797084 ], [ 115.19240580335908, -8.612917540622751 ], [ 115.192396717225122, -8.612915133456589 ], [ 115.192387721593263, -8.612912414231355 ], [ 115.19237882742334, -8.612909386259995 ], [ 115.192370045551485, -8.612906053231622 ], [ 115.192361386677092, -8.612902419207005 ], [ 115.192352861349619, -8.612898488613641 ], [ 115.192344479955892, -8.612894266240339 ], [ 115.192336252707364, -8.612889757231402 ], [ 115.192471, -8.612659 ] ] ] } },
{ "type": "Feature", "properties": { "rowid": 96, "nama_cctv": "CTV13 SMARTCITY BADUNG MENGWI", "polda_id": "17", "polres_id": "265", "status": "hidup", "ctdby": "4000ORGANIK", "ctddate": "2023-10-26T16:00:00Z", "rtsp_cctv": "rtsp://satansheir:letyur13@172.16.80.14:554/cam/realmonitor?channel=13&subtype=1", "channel_code": null, "ctdupd": null, "instansi": "korlantas", "jenis_cctv": "ANALYTIC", "nama_jalan_s": "Raya Denpasar - Gilimanuk 176-90", "channel_id": "1000043$1$0$12", "cctv_in": "Y", "cctv_out": "N", "masuk_kab": "Y", "keluar_kab": "N", "keterangan": "perbatasan", "fungsi_jalan_cctv_id": 6, "masuk_prov": "N", "keluar_prov": "N", "is_active": 1, "channel_id_event": "1000036$1$0$13", "hls_cctv": "https://stream.elingbali.com:5051/live_cctv/96/playlist.m3u8", "cctv_category_id": "2", "kecamatan": "Mengwi", "kota": null, "nama_objek_vital": null, "channel_id_enforcement": null, "cctv_id": "53a72c81-41e9-4ec9-8590-181c8feb6f45", "rtsp_cctv_dcc": null, "arah_cctv": "Barat", "radius": "30 Meter", "polda": "Polda Bali", "polres": "POLRES BADUNG", "fungsi_jalan": "ARTERI", "category": "BATAS KOTA", "in_out": "CCTV IN", "ket_in_out": "KOTA", "_region": "bali", "Satwil": "Polda Bali", "last_update": "2026-03-05T11:16:17" }, "geometry": { "type": "Polygon", "coordinates": [ [ [ 115.160072, -8.561675 ], [ 115.159838610842982, -8.561808245670207 ], [ 115.159834050404655, -8.561800110107392 ], [ 115.159829779871274, -8.561791822117026 ], [ 115.159825804445788, -8.561783391796748 ], [ 115.159822128971669, -8.56177482941759 ], [ 115.159818757926899, -8.561766145411486 ], [ 115.159815695418601, -8.561757350358549 ], [ 115.159812945177933, -8.561748454974191 ], [ 115.159810510555687, -8.561739470096057 ], [ 115.159808394518024, -8.561730406670838 ], [ 115.159806599643062, -8.561721275740915 ], [ 115.159805128117526, -8.561712088430909 ], [ 115.159803981734285, -8.561702855934143 ], [ 115.159803161890025, -8.56169358949899 ], [ 115.15980266958357, -8.561684300415168 ], [ 115.15980250541476, -8.561675 ], [ 115.15980266958357, -8.561665699584601 ], [ 115.159803161890025, -8.561656410500101 ], [ 115.159803981734285, -8.561647144063814 ], [ 115.159805128117526, -8.561637911565473 ], [ 115.159806599643062, -8.561628724253456 ], [ 115.159808394518024, -8.56161959332109 ], [ 115.159810510555687, -8.561610529893017 ], [ 115.159812945177933, -8.56160154501163 ], [ 115.159815695418601, -8.561592649623629 ], [ 115.159818757926899, -8.561583854566683 ], [ 115.159822128971669, -8.561575170556221 ], [ 115.159825804445788, -8.561566608172377 ], [ 115.159829779871274, -8.561558177847109 ], [ 115.159834050404655, -8.561549889851477 ], [ 115.159838610842982, -8.561541754283137 ], [ 115.160072, -8.561675 ] ] ] } },
{ "type": "Feature", "properties": { "rowid": 95, "nama_cctv": "CTV12 SMARTCITY GIANYAR SIMPANG KETEWEL", "polda_id": "17", "polres_id": "271", "status": "hidup", "ctdby": "4000ORGANIK", "ctddate": "2023-10-26T16:00:00Z", "rtsp_cctv": "rtsp://satansheir:letyur13@172.16.80.14:554/cam/realmonitor?channel=12&subtype=1", "channel_code": null, "ctdupd": null, "instansi": "korlantas", "jenis_cctv": "ANALYTIC", "nama_jalan_s": "Prof. Dr. Ida Bagus Mantra 300", "channel_id": "1000043$1$0$11", "cctv_in": "N", "cctv_out": "Y", "masuk_kab": "N", "keluar_kab": "Y", "keterangan": "perbatasan", "fungsi_jalan_cctv_id": 6, "masuk_prov": "N", "keluar_prov": "N", "is_active": 1, "channel_id_event": "1000036$1$0$30", "hls_cctv": "https://stream.elingbali.com:5051/live_cctv/95/playlist.m3u8", "cctv_category_id": "2", "kecamatan": "Sukawati", "kota": null, "nama_objek_vital": null, "channel_id_enforcement": null, "cctv_id": "9061a12b-b7e9-405f-a47c-265f72cd57f9", "rtsp_cctv_dcc": null, "arah_cctv": "Barat", "radius": "30 Meter", "polda": "Polda Bali", "polres": "POLRESTA DENPASAR", "fungsi_jalan": "ARTERI", "category": "BATAS KOTA", "in_out": "CCTV OUT", "ket_in_out": "KOTA", "_region": "bali", "Satwil": "Polda Bali", "last_update": "2026-03-05T11:16:17" }, "geometry": { "type": "Polygon", "coordinates": [ [ [ 115.282356, -8.636867 ], [ 115.282122610843004, -8.637000219229106 ], [ 115.282118050404677, -8.63699208528071 ], [ 115.282113779871281, -8.636983798935017 ], [ 115.28210980444581, -8.636975370287649 ], [ 115.282106128971677, -8.636966809607605 ], [ 115.282102757926907, -8.636958127324748 ], [ 115.282099695418594, -8.636949334017096 ], [ 115.282096945177955, -8.636940440397929 ], [ 115.282094510555709, -8.636931457302747 ], [ 115.282092394518045, -8.636922395676059 ], [ 115.282090599643084, -8.636913266558063 ], [ 115.282089128117548, -8.636904081071171 ], [ 115.282087981734293, -8.636894850406483 ], [ 115.282087161890047, -8.636885585810139 ], [ 115.282086669583592, -8.636876298569623 ], [ 115.282086505414782, -8.636867 ], [ 115.282086669583592, -8.63685770143015 ], [ 115.282087161890047, -8.636848414188947 ], [ 115.282087981734293, -8.636839149591463 ], [ 115.282089128117548, -8.636829918925185 ], [ 115.282090599643084, -8.636820733436265 ], [ 115.282092394518045, -8.636811604315806 ], [ 115.282094510555709, -8.63680254268624 ], [ 115.282096945177955, -8.636793559587776 ], [ 115.282099695418594, -8.636784665964935 ], [ 115.282102757926907, -8.636775872653239 ], [ 115.282106128971677, -8.636767190365987 ], [ 115.28210980444581, -8.636758629681218 ], [ 115.282113779871281, -8.63675020102882 ], [ 115.282118050404677, -8.636741914677811 ], [ 115.282122610843004, -8.636733780723848 ], [ 115.282356, -8.636867 ] ] ] } },
{ "type": "Feature", "properties": { "rowid": 94, "nama_cctv": "CTV10 SMARTCITY DENPASAR WR SUPRATMAN", "polda_id": "17", "polres_id": "271", "status": "hidup", "ctdby": "4000ORGANIK", "ctddate": "2023-10-26T16:00:00Z", "rtsp_cctv": "rtsp://satansheir:letyur13@172.16.80.14:554/cam/realmonitor?channel=10&subtype=1", "channel_code": null, "ctdupd": null, "instansi": "korlantas", "jenis_cctv": "ANALYTIC", "nama_jalan_s": "WR Supratman 345", "channel_id": "1000043$1$0$9", "cctv_in": "Y", "cctv_out": "N", "masuk_kab": "Y", "keluar_kab": "N", "keterangan": "perbatasan", "fungsi_jalan_cctv_id": 6, "masuk_prov": "N", "keluar_prov": "N", "is_active": 1, "channel_id_event": "1000036$1$0$15", "hls_cctv": "https://stream.elingbali.com:5051/live_cctv/94/playlist.m3u8", "cctv_category_id": "2", "kecamatan": "Denpasar Timur", "kota": null, "nama_objek_vital": null, "channel_id_enforcement": null, "cctv_id": "d473ac99-6268-4668-9f3b-5a5a0cb6bab0", "rtsp_cctv_dcc": null, "arah_cctv": "Utara", "radius": "30 Meter", "polda": "Polda Bali", "polres": "POLRESTA DENPASAR", "fungsi_jalan": "ARTERI", "category": "BATAS KOTA", "in_out": "CCTV IN", "ket_in_out": "KOTA", "_region": "bali", "Satwil": "Polda Bali", "last_update": "2026-03-05T11:16:17" }, "geometry": { "type": "Polygon", "coordinates": [ [ [ 115.255628, -8.634706 ], [ 115.255493252707353, -8.634475256093605 ], [ 115.255501479955882, -8.634470747342231 ], [ 115.255509861349609, -8.634466525210023 ], [ 115.255518386677053, -8.634462594841002 ], [ 115.255527045551474, -8.634458961023736 ], [ 115.255535827423316, -8.634455628185474 ], [ 115.255544721593253, -8.634452600386776 ], [ 115.255553717225112, -8.634449881316554 ], [ 115.255562803359069, -8.634447474287585 ], [ 115.255571968925096, -8.634445382232467 ], [ 115.255581202756375, -8.634443607700055 ], [ 115.255590493602881, -8.634442152852346 ], [ 115.25559983014513, -8.63444101946185 ], [ 115.255609201008028, -8.634440208909437 ], [ 115.255618594774603, -8.634439722182638 ], [ 115.255628, -8.634439559874453 ], [ 115.255637405225372, -8.634439722182638 ], [ 115.255646798991947, -8.634440208909437 ], [ 115.255656169854831, -8.63444101946185 ], [ 115.255665506397094, -8.634442152852346 ], [ 115.255674797243586, -8.634443607700055 ], [ 115.255684031074878, -8.634445382232467 ], [ 115.255693196640891, -8.634447474287585 ], [ 115.255702282774863, -8.634449881316554 ], [ 115.255711278406721, -8.634452600386776 ], [ 115.255720172576645, -8.634455628185474 ], [ 115.255728954448486, -8.634458961023736 ], [ 115.255737613322893, -8.634462594841002 ], [ 115.255746138650352, -8.634466525210023 ], [ 115.255754520044064, -8.634470747342231 ], [ 115.255762747292579, -8.634475256093605 ], [ 115.255628, -8.634706 ] ] ] } },
{ "type": "Feature", "properties": { "rowid": 93, "nama_cctv": "CTV09 SMARTCITY DENPASAR TL UMANYAR", "polda_id": "17", "polres_id": "271", "status": "hidup", "ctdby": "4000ORGANIK", "ctddate": "2023-10-26T16:00:00Z", "rtsp_cctv": "rtsp://satansheir:letyur13@172.16.80.14:554/cam/realmonitor?channel=9&subtype=1", "channel_code": null, "ctdupd": null, "instansi": "korlantas", "jenis_cctv": "ANALYTIC", "nama_jalan_s": "Raya Denpasar - Gilimanuk 341-351", "channel_id": "1000043$1$0$8", "cctv_in": "Y", "cctv_out": "N", "masuk_kab": "Y", "keluar_kab": "N", "keterangan": "perbatasan", "fungsi_jalan_cctv_id": 6, "masuk_prov": "N", "keluar_prov": "N", "is_active": 1, "channel_id_event": "1000036$1$0$2", "hls_cctv": "https://stream.elingbali.com:5051/live_cctv/93/playlist.m3u8", "cctv_category_id": "2", "kecamatan": "Denpasar Utara", "kota": null, "nama_objek_vital": null, "channel_id_enforcement": null, "cctv_id": "95eefd7c-3986-43c8-8a51-09dff2d97eb2", "rtsp_cctv_dcc": null, "arah_cctv": "Utara", "radius": "30 Meter", "polda": "Polda Bali", "polres": "POLRESTA DENPASAR", "fungsi_jalan": "ARTERI", "category": "BATAS KOTA", "in_out": "CCTV IN", "ket_in_out": "KOTA", "_region": "bali", "Satwil": "Polda Bali", "last_update": "2026-03-05T11:16:17" }, "geometry": { "type": "Polygon", "coordinates": [ [ [ 115.194084, -8.615861 ], [ 115.193949252707384, -8.615630244581418 ], [ 115.193957479955913, -8.615625735605098 ], [ 115.193965861349611, -8.615621513262242 ], [ 115.193974386677084, -8.615617582697137 ], [ 115.193983045551477, -8.615613948698575 ], [ 115.193991827423332, -8.615610615694035 ], [ 115.194000721593255, -8.615607587744277 ], [ 115.194009717225114, -8.6156048685384 ], [ 115.194018803359072, -8.61560246138934 ], [ 115.194027968925127, -8.615600369229851 ], [ 115.194037202756391, -8.615598594608905 ], [ 115.194046493602883, -8.615597139688612 ], [ 115.194055830145146, -8.615596006241573 ], [ 115.19406520100803, -8.615595195648718 ], [ 115.194074594774605, -8.615594708897634 ], [ 115.194084, -8.615594546581352 ], [ 115.194093405225402, -8.615594708897634 ], [ 115.194102798991949, -8.615595195648718 ], [ 115.194112169854833, -8.615596006241573 ], [ 115.194121506397124, -8.615597139688612 ], [ 115.194130797243616, -8.615598594608905 ], [ 115.19414003107488, -8.615600369229851 ], [ 115.194149196640922, -8.61560246138934 ], [ 115.194158282774893, -8.6156048685384 ], [ 115.194167278406724, -8.615607587744277 ], [ 115.194176172576647, -8.615610615694035 ], [ 115.194184954448502, -8.615613948698575 ], [ 115.194193613322923, -8.615617582697137 ], [ 115.194202138650382, -8.615621513262242 ], [ 115.194210520044095, -8.615625735605098 ], [ 115.194218747292609, -8.615630244581418 ], [ 115.194084, -8.615861 ] ] ] } }
]
}
