{
  "type": "FeatureCollection",
  "features": [
    {
      "type": "Feature",
      "geometry": {
        "type": "Point",
        "coordinates": [
          115.167379,
          -8.735076
        ]
      },
      "properties": {
        "rowid": 569,
        "nama_cctv": "CTV23 KORLAN LIPPO MALL KUTA",
        "polda_id": "17",
        "polres_id": "695",
        "status": "mati",
        "ctdby": "4000ORGANIK",
        "ctddate": "2023-10-26T16:00:00.000Z",
        "ctdtime": "23:59:00",
        "rtsp_cctv": "rtsp://satansheir:letyur13@172.16.80.14:554/cam/realmonitor?channel=23&subtype=1",
        "channel_code": null,
        "ctdupd": null,
        "instansi": "korlantas",
        "jenis_cctv": "Analytic",
        "nama_jalan_s": "Lippo Mall Kuta",
        "channel_id": "1000043$1$0$22",
        "cctv_in": "N",
        "cctv_out": "Y",
        "masuk_kab": "N",
        "keluar_kab": "Y",
        "keterangan": "perbatasan",
        "fungsi_jalan_cctv_id": 7,
        "masuk_prov": "N",
        "keluar_prov": "N",
        "is_active": 1,
        "channel_id_event": "1000036$1$0$7",
        "hls_cctv": null,
        "cctv_category_id": 2,
        "kecamatan": null,
        "kota": null,
        "nama_objek_vital": null,
        "channel_id_enforcement": null,
        "cctv_id": "eaf80d09-fc62-4c11-a130-3871565671d4",
        "polda": "Polda Bali",
        "polres": "POLRES BANDARA I GUSTI NGURAH RAI",
        "fungsi_jalan": "TOL",
        "category": "BATAS KOTA",
        "in_out": "CCTV OUT",
        "ket_in_out": "KOTA",
        "_region": "bali",
        "Satwil": "Polda Bali"
      }
    },
    {
      "type": "Feature",
      "geometry": {
        "type": "Point",
        "coordinates": [
          115.168222,
          -8.743509
        ]
      },
      "properties": {
        "rowid": 568,
        "nama_cctv": "CTV204 KORLAN BANDARA NGURAH RAI",
        "polda_id": "17",
        "polres_id": "695",
        "status": "hidup",
        "ctdby": "4000ORGANIK",
        "ctddate": "2023-10-26T16:00:00.000Z",
        "ctdtime": "23:59:00",
        "rtsp_cctv": "rtsp://satansheir:letyur13@172.16.80.14:554/cam/realmonitor?channel=204&subtype=1",
        "channel_code": null,
        "ctdupd": null,
        "instansi": "korlantas",
        "jenis_cctv": "Analytic",
        "nama_jalan_s": "Pintu Loket Bandara",
        "channel_id": "1000043$1$0$203",
        "cctv_in": "N",
        "cctv_out": "Y",
        "masuk_kab": "N",
        "keluar_kab": "Y",
        "keterangan": "perbatasan",
        "fungsi_jalan_cctv_id": 7,
        "masuk_prov": "N",
        "keluar_prov": "N",
        "is_active": 1,
        "channel_id_event": null,
        "hls_cctv": null,
        "cctv_category_id": 2,
        "kecamatan": null,
        "kota": null,
        "nama_objek_vital": null,
        "channel_id_enforcement": null,
        "cctv_id": "dd923c6d-335b-4639-970a-a3d754180c5b",
        "polda": "Polda Bali",
        "polres": "POLRES BANDARA I GUSTI NGURAH RAI",
        "fungsi_jalan": "TOL",
        "category": "BATAS KOTA",
        "in_out": "CCTV OUT",
        "ket_in_out": "KOTA",
        "_region": "bali",
        "Satwil": "Polda Bali"
      }
    },
    {
      "type": "Feature",
      "geometry": {
        "type": "Point",
        "coordinates": [
          115.157585,
          -8.56145
        ]
      },
      "properties": {
        "rowid": 429,
        "nama_cctv": "CTV136 ATMS TBN POSPOL DAKDAKAN",
        "polda_id": "17",
        "polres_id": "267",
        "status": "mati",
        "ctdby": "4000ORGANIK",
        "ctddate": "2023-10-26T16:00:00.000Z",
        "ctdtime": "23:59:00",
        "rtsp_cctv": "rtsp://satansheir:letyur13@172.16.80.14:554/cam/realmonitor?channel=136&subtype=1",
        "channel_code": null,
        "ctdupd": null,
        "instansi": "korlantas",
        "jenis_cctv": "Analytic Checkpoint",
        "nama_jalan_s": "Jalan raya Dakdakan",
        "channel_id": "1000043$1$0$135",
        "cctv_in": "Y",
        "cctv_out": "N",
        "masuk_kab": "Y",
        "keluar_kab": "N",
        "keterangan": "checkpoint",
        "fungsi_jalan_cctv_id": 6,
        "masuk_prov": "N",
        "keluar_prov": "N",
        "is_active": 1,
        "channel_id_event": null,
        "hls_cctv": "https://stream.elingbali.com:5051/live_cctv/229/playlist.m3u8",
        "cctv_category_id": 2,
        "kecamatan": null,
        "kota": null,
        "nama_objek_vital": null,
        "channel_id_enforcement": null,
        "cctv_id": "2cefbd23-8921-4a80-aa6d-dd67d12cdb46",
        "polda": "Polda Bali",
        "polres": "POLRES TABANAN",
        "fungsi_jalan": "ARTERI",
        "category": "BATAS KOTA",
        "in_out": "CCTV IN",
        "ket_in_out": "KOTA",
        "_region": "bali",
        "Satwil": "Polda Bali"
      }
    },
    {
      "type": "Feature",
      "geometry": {
        "type": "Point",
        "coordinates": [
          115.169752,
          -8.721916
        ]
      },
      "properties": {
        "rowid": 428,
        "nama_cctv": "CTV172 DISKOM BDG KUTA HARDROCK 1",
        "polda_id": "17",
        "polres_id": "265",
        "status": "hidup",
        "ctdby": "4000ORGANIK",
        "ctddate": "2023-10-26T16:00:00.000Z",
        "ctdtime": "23:59:00",
        "rtsp_cctv": "rtsp://satansheir:letyur13@172.16.80.14:554/cam/realmonitor?channel=172&subtype=1",
        "channel_code": null,
        "ctdupd": null,
        "instansi": "diskominfo",
        "jenis_cctv": "Analytic Checkpoint",
        "nama_jalan_s": "Jalan Pantai Kuta 1-10",
        "channel_id": "1000043$1$0$171",
        "cctv_in": "N",
        "cctv_out": "N",
        "masuk_kab": "N",
        "keluar_kab": "N",
        "keterangan": "checkpoint",
        "fungsi_jalan_cctv_id": 6,
        "masuk_prov": "N",
        "keluar_prov": "N",
        "is_active": 1,
        "channel_id_event": null,
        "hls_cctv": null,
        "cctv_category_id": 3,
        "kecamatan": null,
        "kota": null,
        "nama_objek_vital": null,
        "channel_id_enforcement": null,
        "cctv_id": "06a2a15b-9a4f-4f22-bbd0-5af7a4b181f0",
        "polda": "Polda Bali",
        "polres": "POLRES BADUNG",
        "fungsi_jalan": "ARTERI",
        "category": "OBJEK VITAL",
        "in_out": null,
        "ket_in_out": null,
        "_region": "bali",
        "Satwil": "Polda Bali"
      }
    },
    {
      "type": "Feature",
      "geometry": {
        "type": "Point",
        "coordinates": [
          115.169195,
          -8.719752
        ]
      },
      "properties": {
        "rowid": 427,
        "nama_cctv": "CTV188 DISKOM BDG KUTA MINI MART PANTAI KUTA",
        "polda_id": "17",
        "polres_id": "265",
        "status": "mati",
        "ctdby": "4000ORGANIK",
        "ctddate": "2023-10-26T16:00:00.000Z",
        "ctdtime": "23:59:00",
        "rtsp_cctv": "rtsp://satansheir:letyur13@172.16.80.14:554/cam/realmonitor?channel=188&subtype=1",
        "channel_code": null,
        "ctdupd": null,
        "instansi": "diskominfo",
        "jenis_cctv": "Analytic Checkpoint",
        "nama_jalan_s": "Jl. Pantai Kuta 1",
        "channel_id": "1000043$1$0$187",
        "cctv_in": "N",
        "cctv_out": "N",
        "masuk_kab": "N",
        "keluar_kab": "N",
        "keterangan": "checkpoint",
        "fungsi_jalan_cctv_id": 6,
        "masuk_prov": "N",
        "keluar_prov": "N",
        "is_active": 1,
        "channel_id_event": null,
        "hls_cctv": null,
        "cctv_category_id": 3,
        "kecamatan": null,
        "kota": null,
        "nama_objek_vital": null,
        "channel_id_enforcement": null,
        "cctv_id": "f666c445-6e21-4ce0-a5db-69ec1d957ba5",
        "polda": "Polda Bali",
        "polres": "POLRES BADUNG",
        "fungsi_jalan": "ARTERI",
        "category": "OBJEK VITAL",
        "in_out": null,
        "ket_in_out": null,
        "_region": "bali",
        "Satwil": "Polda Bali"
      }
    },
    {
      "type": "Feature",
      "geometry": {
        "type": "Point",
        "coordinates": [
          115.174678,
          -8.718343
        ]
      },
      "properties": {
        "rowid": 426,
        "nama_cctv": "CTV181 DISKOM BDG KUTA MAXI HOTEL",
        "polda_id": "17",
        "polres_id": "265",
        "status": "hidup",
        "ctdby": "4000ORGANIK",
        "ctddate": "2023-10-26T16:00:00.000Z",
        "ctdtime": "23:59:00",
        "rtsp_cctv": "rtsp://satansheir:letyur13@172.16.80.14:554/cam/realmonitor?channel=181&subtype=1",
        "channel_code": null,
        "ctdupd": null,
        "instansi": "diskominfo",
        "jenis_cctv": "Analytic Checkpoint",
        "nama_jalan_s": "Jl. Pasar Agung Poppies Lane II",
        "channel_id": "1000043$1$0$180",
        "cctv_in": "N",
        "cctv_out": "N",
        "masuk_kab": "N",
        "keluar_kab": "N",
        "keterangan": "checkpoint",
        "fungsi_jalan_cctv_id": 6,
        "masuk_prov": "N",
        "keluar_prov": "N",
        "is_active": 1,
        "channel_id_event": null,
        "hls_cctv": null,
        "cctv_category_id": 3,
        "kecamatan": null,
        "kota": null,
        "nama_objek_vital": null,
        "channel_id_enforcement": null,
        "cctv_id": "cac61d6f-b3b8-4f05-801b-3a2a8ab300e4",
        "polda": "Polda Bali",
        "polres": "POLRES BADUNG",
        "fungsi_jalan": "ARTERI",
        "category": "OBJEK VITAL",
        "in_out": null,
        "ket_in_out": null,
        "_region": "bali",
        "Satwil": "Polda Bali"
      }
    },
    {
      "type": "Feature",
      "geometry": {
        "type": "Point",
        "coordinates": [
          115.173461,
          -8.722484
        ]
      },
      "properties": {
        "rowid": 425,
        "nama_cctv": "CTV171 DISKOM BDG KUTA CK PANTAI KUTA",
        "polda_id": "17",
        "polres_id": "265",
        "status": "hidup",
        "ctdby": "4000ORGANIK",
        "ctddate": "2023-10-26T16:00:00.000Z",
        "ctdtime": "23:59:00",
        "rtsp_cctv": "rtsp://satansheir:letyur13@172.16.80.14:554/cam/realmonitor?channel=171&subtype=1",
        "channel_code": null,
        "ctdupd": null,
        "instansi": "diskominfo",
        "jenis_cctv": "Analytic Checkpoint",
        "nama_jalan_s": "Simpang Khayangan Suci",
        "channel_id": "1000043$1$0$170",
        "cctv_in": "N",
        "cctv_out": "N",
        "masuk_kab": "N",
        "keluar_kab": "N",
        "keterangan": "checkpoint",
        "fungsi_jalan_cctv_id": 6,
        "masuk_prov": "N",
        "keluar_prov": "N",
        "is_active": 1,
        "channel_id_event": null,
        "hls_cctv": null,
        "cctv_category_id": 3,
        "kecamatan": null,
        "kota": null,
        "nama_objek_vital": null,
        "channel_id_enforcement": null,
        "cctv_id": "f0359729-676e-4434-b7c8-e37b0b33185c",
        "polda": "Polda Bali",
        "polres": "POLRES BADUNG",
        "fungsi_jalan": "ARTERI",
        "category": "OBJEK VITAL",
        "in_out": null,
        "ket_in_out": null,
        "_region": "bali",
        "Satwil": "Polda Bali"
      }
    },
    {
      "type": "Feature",
      "geometry": {
        "type": "Point",
        "coordinates": [
          115.173899,
          -8.715552
        ]
      },
      "properties": {
        "rowid": 424,
        "nama_cctv": "CTV180 DISKOM BDG KUTA INDIAN DOWNTOWN",
        "polda_id": "17",
        "polres_id": "265",
        "status": "hidup",
        "ctdby": "4000ORGANIK",
        "ctddate": "2023-10-26T16:00:00.000Z",
        "ctdtime": "23:59:00",
        "rtsp_cctv": "rtsp://satansheir:letyur13@172.16.80.14:554/cam/realmonitor?channel=180&subtype=1",
        "channel_code": null,
        "ctdupd": null,
        "instansi": "diskominfo",
        "jenis_cctv": "Analytic Checkpoint",
        "nama_jalan_s": "Jl. Raya Legian",
        "channel_id": "1000043$1$0$179",
        "cctv_in": "N",
        "cctv_out": "N",
        "masuk_kab": "N",
        "keluar_kab": "N",
        "keterangan": "checkpoint",
        "fungsi_jalan_cctv_id": 6,
        "masuk_prov": "N",
        "keluar_prov": "N",
        "is_active": 1,
        "channel_id_event": null,
        "hls_cctv": null,
        "cctv_category_id": 3,
        "kecamatan": null,
        "kota": null,
        "nama_objek_vital": null,
        "channel_id_enforcement": null,
        "cctv_id": "ce0f266e-b327-40d9-8a8e-558637b8cfb9",
        "polda": "Polda Bali",
        "polres": "POLRES BADUNG",
        "fungsi_jalan": "ARTERI",
        "category": "OBJEK VITAL",
        "in_out": null,
        "ket_in_out": null,
        "_region": "bali",
        "Satwil": "Polda Bali"
      }
    },
    {
      "type": "Feature",
      "geometry": {
        "type": "Point",
        "coordinates": [
          115.174533,
          -8.717402
        ]
      },
      "properties": {
        "rowid": 423,
        "nama_cctv": "CTV186 DISKOM BDG KUTA TUGU GROUND ZERO 1",
        "polda_id": "17",
        "polres_id": "265",
        "status": "hidup",
        "ctdby": "4000ORGANIK",
        "ctddate": "2023-10-26T16:00:00.000Z",
        "ctdtime": "23:59:00",
        "rtsp_cctv": "rtsp://satansheir:letyur13@172.16.80.14:554/cam/realmonitor?channel=186&subtype=1",
        "channel_code": null,
        "ctdupd": null,
        "instansi": "diskominfo",
        "jenis_cctv": "Analytic Checkpoint",
        "nama_jalan_s": "Simpang Ground Zero",
        "channel_id": "1000043$1$0$185",
        "cctv_in": "N",
        "cctv_out": "N",
        "masuk_kab": "N",
        "keluar_kab": "N",
        "keterangan": "checkpoint",
        "fungsi_jalan_cctv_id": 6,
        "masuk_prov": "N",
        "keluar_prov": "N",
        "is_active": 1,
        "channel_id_event": null,
        "hls_cctv": null,
        "cctv_category_id": 3,
        "kecamatan": null,
        "kota": null,
        "nama_objek_vital": null,
        "channel_id_enforcement": null,
        "cctv_id": "bca50482-584b-4f93-ac3c-f5d81c9fe7f3",
        "polda": "Polda Bali",
        "polres": "POLRES BADUNG",
        "fungsi_jalan": "ARTERI",
        "category": "OBJEK VITAL",
        "in_out": null,
        "ket_in_out": null,
        "_region": "bali",
        "Satwil": "Polda Bali"
      }
    },
    {
      "type": "Feature",
      "geometry": {
        "type": "Point",
        "coordinates": [
          115.167897,
          -8.743722
        ]
      },
      "properties": {
        "rowid": 421,
        "nama_cctv": "CTV31 KORLAN BANDARA NGURAH RAI",
        "polda_id": "17",
        "polres_id": "695",
        "status": "mati",
        "ctdby": "4000ORGANIK",
        "ctddate": "2023-10-26T16:00:00.000Z",
        "ctdtime": "23:59:00",
        "rtsp_cctv": "rtsp://satansheir:letyur13@172.16.80.14:554/cam/realmonitor?channel=31&subtype=1",
        "channel_code": null,
        "ctdupd": null,
        "instansi": "korlantas",
        "jenis_cctv": "Analytic",
        "nama_jalan_s": "Pintu Loket Bandara",
        "channel_id": "1000043$1$0$30",
        "cctv_in": "Y",
        "cctv_out": "N",
        "masuk_kab": "Y",
        "keluar_kab": "N",
        "keterangan": "perbatasan",
        "fungsi_jalan_cctv_id": 7,
        "masuk_prov": "N",
        "keluar_prov": "N",
        "is_active": 1,
        "channel_id_event": null,
        "hls_cctv": null,
        "cctv_category_id": 2,
        "kecamatan": null,
        "kota": null,
        "nama_objek_vital": null,
        "channel_id_enforcement": null,
        "cctv_id": "2eeabaf8-66c3-40fa-a6a6-fc625e2f4539",
        "polda": "Polda Bali",
        "polres": "POLRES BANDARA I GUSTI NGURAH RAI",
        "fungsi_jalan": "TOL",
        "category": "BATAS KOTA",
        "in_out": "CCTV IN",
        "ket_in_out": "KOTA",
        "_region": "bali",
        "Satwil": "Polda Bali"
      }
    },
    {
      "type": "Feature",
      "geometry": {
        "type": "Point",
        "coordinates": [
          115.210845,
          -8.63778
        ]
      },
      "properties": {
        "rowid": 420,
        "nama_cctv": "CTV11 DSHB DPS SP AHMAD YANI",
        "polda_id": "17",
        "polres_id": "271",
        "status": "hidup",
        "ctdby": "4000ORGANIK",
        "ctddate": "2023-10-26T16:00:00.000Z",
        "ctdtime": "23:59:00",
        "rtsp_cctv": "rtsp://satansheir:letyur13@172.16.80.14:554/cam/realmonitor?channel=11&subtype=1",
        "channel_code": null,
        "ctdupd": null,
        "instansi": "dishub",
        "jenis_cctv": "Analytic Checkpoint",
        "nama_jalan_s": "Simpang Ahmad Yani",
        "channel_id": null,
        "cctv_in": "N",
        "cctv_out": "N",
        "masuk_kab": "N",
        "keluar_kab": "N",
        "keterangan": "checkpoint",
        "fungsi_jalan_cctv_id": 7,
        "masuk_prov": "N",
        "keluar_prov": "N",
        "is_active": 1,
        "channel_id_event": null,
        "hls_cctv": null,
        "cctv_category_id": 5,
        "kecamatan": null,
        "kota": null,
        "nama_objek_vital": null,
        "channel_id_enforcement": null,
        "cctv_id": "6e84f9c3-819f-404a-9374-0e438a433cf6",
        "polda": "Polda Bali",
        "polres": "POLRESTA DENPASAR",
        "fungsi_jalan": "TOL",
        "category": "DALAM KOTA",
        "in_out": null,
        "ket_in_out": null,
        "_region": "bali",
        "Satwil": "Polda Bali"
      }
    },
    {
      "type": "Feature",
      "geometry": {
        "type": "Point",
        "coordinates": [
          115.219302,
          -8.700521
        ]
      },
      "properties": {
        "rowid": 419,
        "nama_cctv": "CTV08 DSHB DPS SP SIDAKARYA",
        "polda_id": "17",
        "polres_id": "271",
        "status": "hidup",
        "ctdby": "4000ORGANIK",
        "ctddate": "2023-10-26T16:00:00.000Z",
        "ctdtime": "23:59:00",
        "rtsp_cctv": "rtsp://satansheir:letyur13@172.16.80.14:554/cam/realmonitor?channel=8&subtype=1",
        "channel_code": null,
        "ctdupd": null,
        "instansi": "dishub",
        "jenis_cctv": "Analytic Checkpoint",
        "nama_jalan_s": "Simpang Sidakarya",
        "channel_id": null,
        "cctv_in": "N",
        "cctv_out": "N",
        "masuk_kab": "N",
        "keluar_kab": "N",
        "keterangan": "checkpoint",
        "fungsi_jalan_cctv_id": 7,
        "masuk_prov": "N",
        "keluar_prov": "N",
        "is_active": 1,
        "channel_id_event": null,
        "hls_cctv": null,
        "cctv_category_id": 5,
        "kecamatan": null,
        "kota": null,
        "nama_objek_vital": null,
        "channel_id_enforcement": null,
        "cctv_id": "e85176e0-1452-4bda-a265-a4da44f67682",
        "polda": "Polda Bali",
        "polres": "POLRESTA DENPASAR",
        "fungsi_jalan": "TOL",
        "category": "DALAM KOTA",
        "in_out": null,
        "ket_in_out": null,
        "_region": "bali",
        "Satwil": "Polda Bali"
      }
    },
    {
      "type": "Feature",
      "geometry": {
        "type": "Point",
        "coordinates": [
          115.215808,
          -8.684406
        ]
      },
      "properties": {
        "rowid": 418,
        "nama_cctv": "CTV07 DSHB DPS SP PULAU SAELUS",
        "polda_id": "17",
        "polres_id": "271",
        "status": "hidup",
        "ctdby": "4000ORGANIK",
        "ctddate": "2023-10-26T16:00:00.000Z",
        "ctdtime": "23:59:00",
        "rtsp_cctv": "rtsp://satansheir:letyur13@172.16.80.14:554/cam/realmonitor?channel=7&subtype=1",
        "channel_code": null,
        "ctdupd": null,
        "instansi": "dishub",
        "jenis_cctv": "Analytic Checkpoint",
        "nama_jalan_s": "Simpang Pulau Saelus",
        "channel_id": null,
        "cctv_in": "N",
        "cctv_out": "N",
        "masuk_kab": "N",
        "keluar_kab": "N",
        "keterangan": "checkpoint",
        "fungsi_jalan_cctv_id": 7,
        "masuk_prov": "N",
        "keluar_prov": "N",
        "is_active": 1,
        "channel_id_event": null,
        "hls_cctv": null,
        "cctv_category_id": 5,
        "kecamatan": null,
        "kota": null,
        "nama_objek_vital": null,
        "channel_id_enforcement": null,
        "cctv_id": "62b24e08-7f83-428f-b9a6-eb9b2aabfffa",
        "polda": "Polda Bali",
        "polres": "POLRESTA DENPASAR",
        "fungsi_jalan": "TOL",
        "category": "DALAM KOTA",
        "in_out": null,
        "ket_in_out": null,
        "_region": "bali",
        "Satwil": "Polda Bali"
      }
    },
    {
      "type": "Feature",
      "geometry": {
        "type": "Point",
        "coordinates": [
          115.225072,
          -8.657064
        ]
      },
      "properties": {
        "rowid": 417,
        "nama_cctv": "CTV256 DSHB DPS SP KAPTEN JAPA",
        "polda_id": "17",
        "polres_id": "271",
        "status": "hidup",
        "ctdby": "4000ORGANIK",
        "ctddate": "2023-10-26T16:00:00.000Z",
        "ctdtime": "23:59:00",
        "rtsp_cctv": "rtsp://satansheir:letyur13@172.16.80.14:554/cam/realmonitor?channel=256&subtype=1",
        "channel_code": null,
        "ctdupd": null,
        "instansi": "dishub",
        "jenis_cctv": "Analytic Checkpoint",
        "nama_jalan_s": "Simpang Kapten Japa",
        "channel_id": null,
        "cctv_in": "N",
        "cctv_out": "N",
        "masuk_kab": "N",
        "keluar_kab": "N",
        "keterangan": "checkpoint",
        "fungsi_jalan_cctv_id": 7,
        "masuk_prov": "N",
        "keluar_prov": "N",
        "is_active": 1,
        "channel_id_event": null,
        "hls_cctv": null,
        "cctv_category_id": 5,
        "kecamatan": null,
        "kota": null,
        "nama_objek_vital": null,
        "channel_id_enforcement": null,
        "cctv_id": "0390588a-d20e-4822-a440-7351525ec0b3",
        "polda": "Polda Bali",
        "polres": "POLRESTA DENPASAR",
        "fungsi_jalan": "TOL",
        "category": "DALAM KOTA",
        "in_out": null,
        "ket_in_out": null,
        "_region": "bali",
        "Satwil": "Polda Bali"
      }
    },
    {
      "type": "Feature",
      "geometry": {
        "type": "Point",
        "coordinates": [
          115.235409,
          -8.636012
        ]
      },
      "properties": {
        "rowid": 416,
        "nama_cctv": "CTV255 DSHB DPS SP NOJA",
        "polda_id": "17",
        "polres_id": "271",
        "status": "hidup",
        "ctdby": "4000ORGANIK",
        "ctddate": "2023-10-26T16:00:00.000Z",
        "ctdtime": "23:59:00",
        "rtsp_cctv": "rtsp://satansheir:letyur13@172.16.80.14:554/cam/realmonitor?channel=255&subtype=1",
        "channel_code": null,
        "ctdupd": null,
        "instansi": "dishub",
        "jenis_cctv": "Analytic Checkpoint",
        "nama_jalan_s": "Simpang Noja",
        "channel_id": null,
        "cctv_in": "N",
        "cctv_out": "N",
        "masuk_kab": "N",
        "keluar_kab": "N",
        "keterangan": "checkpoint",
        "fungsi_jalan_cctv_id": 7,
        "masuk_prov": "N",
        "keluar_prov": "N",
        "is_active": 1,
        "channel_id_event": null,
        "hls_cctv": null,
        "cctv_category_id": 5,
        "kecamatan": null,
        "kota": null,
        "nama_objek_vital": null,
        "channel_id_enforcement": null,
        "cctv_id": "89e57f94-0645-4c94-a522-e5ab85c82eb2",
        "polda": "Polda Bali",
        "polres": "POLRESTA DENPASAR",
        "fungsi_jalan": "TOL",
        "category": "DALAM KOTA",
        "in_out": null,
        "ket_in_out": null,
        "_region": "bali",
        "Satwil": "Polda Bali"
      }
    },
    {
      "type": "Feature",
      "geometry": {
        "type": "Point",
        "coordinates": [
          115.229621,
          -8.635639
        ]
      },
      "properties": {
        "rowid": 415,
        "nama_cctv": "CTV254 DSHB DPS SP KENYERI",
        "polda_id": "17",
        "polres_id": "271",
        "status": "hidup",
        "ctdby": "4000ORGANIK",
        "ctddate": "2023-10-26T16:00:00.000Z",
        "ctdtime": "23:59:00",
        "rtsp_cctv": "rtsp://satansheir:letyur13@172.16.80.14:554/cam/realmonitor?channel=254&subtype=1",
        "channel_code": null,
        "ctdupd": null,
        "instansi": "dishub",
        "jenis_cctv": "Analytic Checkpoint",
        "nama_jalan_s": "Simpang Kenyeri",
        "channel_id": null,
        "cctv_in": "N",
        "cctv_out": "N",
        "masuk_kab": "N",
        "keluar_kab": "N",
        "keterangan": "checkpoint",
        "fungsi_jalan_cctv_id": 7,
        "masuk_prov": "N",
        "keluar_prov": "N",
        "is_active": 1,
        "channel_id_event": null,
        "hls_cctv": null,
        "cctv_category_id": 5,
        "kecamatan": null,
        "kota": null,
        "nama_objek_vital": null,
        "channel_id_enforcement": null,
        "cctv_id": "c24114e6-dcdf-416e-b24a-d1aa4a64bbd3",
        "polda": "Polda Bali",
        "polres": "POLRESTA DENPASAR",
        "fungsi_jalan": "TOL",
        "category": "DALAM KOTA",
        "in_out": null,
        "ket_in_out": null,
        "_region": "bali",
        "Satwil": "Polda Bali"
      }
    },
    {
      "type": "Feature",
      "geometry": {
        "type": "Point",
        "coordinates": [
          115.253725,
          -8.639023
        ]
      },
      "properties": {
        "rowid": 414,
        "nama_cctv": "CTV253 DSHB DPS SP TOHPATI",
        "polda_id": "17",
        "polres_id": "271",
        "status": "hidup",
        "ctdby": "4000ORGANIK",
        "ctddate": "2023-10-26T16:00:00.000Z",
        "ctdtime": "23:59:00",
        "rtsp_cctv": "rtsp://satansheir:letyur13@172.16.80.14:554/cam/realmonitor?channel=253&subtype=1",
        "channel_code": null,
        "ctdupd": null,
        "instansi": "dishub",
        "jenis_cctv": "Analytic Checkpoint",
        "nama_jalan_s": "Simpang Tohpati",
        "channel_id": null,
        "cctv_in": "N",
        "cctv_out": "N",
        "masuk_kab": "N",
        "keluar_kab": "N",
        "keterangan": "checkpoint",
        "fungsi_jalan_cctv_id": 7,
        "masuk_prov": "N",
        "keluar_prov": "N",
        "is_active": 1,
        "channel_id_event": null,
        "hls_cctv": null,
        "cctv_category_id": 5,
        "kecamatan": null,
        "kota": null,
        "nama_objek_vital": null,
        "channel_id_enforcement": null,
        "cctv_id": "3ecc5a91-b0a2-4b4a-b867-ef2c9dc2e0dd",
        "polda": "Polda Bali",
        "polres": "POLRESTA DENPASAR",
        "fungsi_jalan": "TOL",
        "category": "DALAM KOTA",
        "in_out": null,
        "ket_in_out": null,
        "_region": "bali",
        "Satwil": "Polda Bali"
      }
    },
    {
      "type": "Feature",
      "geometry": {
        "type": "Point",
        "coordinates": [
          115.207414,
          -8.638876
        ]
      },
      "properties": {
        "rowid": 413,
        "nama_cctv": "CTV252 DSHB DPS SP UBUNG 2",
        "polda_id": "17",
        "polres_id": "271",
        "status": "hidup",
        "ctdby": "4000ORGANIK",
        "ctddate": "2023-10-26T16:00:00.000Z",
        "ctdtime": "23:59:00",
        "rtsp_cctv": "rtsp://satansheir:letyur13@172.16.80.14:554/cam/realmonitor?channel=252&subtype=1",
        "channel_code": null,
        "ctdupd": null,
        "instansi": "dishub",
        "jenis_cctv": "Analytic Checkpoint",
        "nama_jalan_s": "Simpang Ubung 2",
        "channel_id": null,
        "cctv_in": "N",
        "cctv_out": "N",
        "masuk_kab": "N",
        "keluar_kab": "N",
        "keterangan": "checkpoint",
        "fungsi_jalan_cctv_id": 7,
        "masuk_prov": "N",
        "keluar_prov": "N",
        "is_active": 1,
        "channel_id_event": null,
        "hls_cctv": null,
        "cctv_category_id": 5,
        "kecamatan": null,
        "kota": null,
        "nama_objek_vital": null,
        "channel_id_enforcement": null,
        "cctv_id": "a5fe0d3c-62bc-4394-a0d1-ff36d722314b",
        "polda": "Polda Bali",
        "polres": "POLRESTA DENPASAR",
        "fungsi_jalan": "TOL",
        "category": "DALAM KOTA",
        "in_out": null,
        "ket_in_out": null,
        "_region": "bali",
        "Satwil": "Polda Bali"
      }
    },
    {
      "type": "Feature",
      "geometry": {
        "type": "Point",
        "coordinates": [
          115.20747,
          -8.639038
        ]
      },
      "properties": {
        "rowid": 412,
        "nama_cctv": "CTV251 DSHB DPS SP UBUNG 1",
        "polda_id": "17",
        "polres_id": "271",
        "status": "hidup",
        "ctdby": "4000ORGANIK",
        "ctddate": "2023-10-26T16:00:00.000Z",
        "ctdtime": "23:59:00",
        "rtsp_cctv": "rtsp://satansheir:letyur13@172.16.80.14:554/cam/realmonitor?channel=251&subtype=1",
        "channel_code": null,
        "ctdupd": null,
        "instansi": "dishub",
        "jenis_cctv": "Analytic Checkpoint",
        "nama_jalan_s": "Simpang Ubung 1",
        "channel_id": null,
        "cctv_in": "N",
        "cctv_out": "N",
        "masuk_kab": "N",
        "keluar_kab": "N",
        "keterangan": "checkpoint",
        "fungsi_jalan_cctv_id": 7,
        "masuk_prov": "N",
        "keluar_prov": "N",
        "is_active": 1,
        "channel_id_event": null,
        "hls_cctv": null,
        "cctv_category_id": 5,
        "kecamatan": null,
        "kota": null,
        "nama_objek_vital": null,
        "channel_id_enforcement": null,
        "cctv_id": "1331fe74-bad9-4db1-b412-ab99b67d6974",
        "polda": "Polda Bali",
        "polres": "POLRESTA DENPASAR",
        "fungsi_jalan": "TOL",
        "category": "DALAM KOTA",
        "in_out": null,
        "ket_in_out": null,
        "_region": "bali",
        "Satwil": "Polda Bali"
      }
    },
    {
      "type": "Feature",
      "geometry": {
        "type": "Point",
        "coordinates": [
          115.20973,
          -8.658241
        ]
      },
      "properties": {
        "rowid": 411,
        "nama_cctv": "CTV250 DSHB DPS SP THAMRIN",
        "polda_id": "17",
        "polres_id": "271",
        "status": "hidup",
        "ctdby": "4000ORGANIK",
        "ctddate": "2023-10-26T16:00:00.000Z",
        "ctdtime": "23:59:00",
        "rtsp_cctv": "rtsp://satansheir:letyur13@172.16.80.14:554/cam/realmonitor?channel=250&subtype=1",
        "channel_code": null,
        "ctdupd": null,
        "instansi": "dishub",
        "jenis_cctv": "Analytic Checkpoint",
        "nama_jalan_s": "Simpang Thamrin",
        "channel_id": null,
        "cctv_in": "N",
        "cctv_out": "N",
        "masuk_kab": "N",
        "keluar_kab": "N",
        "keterangan": "checkpoint",
        "fungsi_jalan_cctv_id": 7,
        "masuk_prov": "N",
        "keluar_prov": "N",
        "is_active": 1,
        "channel_id_event": null,
        "hls_cctv": null,
        "cctv_category_id": 5,
        "kecamatan": null,
        "kota": null,
        "nama_objek_vital": null,
        "channel_id_enforcement": null,
        "cctv_id": "94fab186-7fd0-4b31-b2c0-90e306bdc9b7",
        "polda": "Polda Bali",
        "polres": "POLRESTA DENPASAR",
        "fungsi_jalan": "TOL",
        "category": "DALAM KOTA",
        "in_out": null,
        "ket_in_out": null,
        "_region": "bali",
        "Satwil": "Polda Bali"
      }
    },
    {
      "type": "Feature",
      "geometry": {
        "type": "Point",
        "coordinates": [
          115.216924,
          -8.656078
        ]
      },
      "properties": {
        "rowid": 410,
        "nama_cctv": "CTV249 DSHB DPS SP CATURMUKA",
        "polda_id": "17",
        "polres_id": "271",
        "status": "hidup",
        "ctdby": "4000ORGANIK",
        "ctddate": "2023-10-26T16:00:00.000Z",
        "ctdtime": "23:59:00",
        "rtsp_cctv": "rtsp://satansheir:letyur13@172.16.80.14:554/cam/realmonitor?channel=249&subtype=1",
        "channel_code": null,
        "ctdupd": null,
        "instansi": "dishub",
        "jenis_cctv": "Analytic Checkpoint",
        "nama_jalan_s": "Simpang Caturmuka",
        "channel_id": null,
        "cctv_in": "N",
        "cctv_out": "N",
        "masuk_kab": "N",
        "keluar_kab": "N",
        "keterangan": "checkpoint",
        "fungsi_jalan_cctv_id": 7,
        "masuk_prov": "N",
        "keluar_prov": "N",
        "is_active": 1,
        "channel_id_event": null,
        "hls_cctv": null,
        "cctv_category_id": 5,
        "kecamatan": null,
        "kota": null,
        "nama_objek_vital": null,
        "channel_id_enforcement": null,
        "cctv_id": "632a991e-6f1f-4dde-bb87-c7b680620d56",
        "polda": "Polda Bali",
        "polres": "POLRESTA DENPASAR",
        "fungsi_jalan": "TOL",
        "category": "DALAM KOTA",
        "in_out": null,
        "ket_in_out": null,
        "_region": "bali",
        "Satwil": "Polda Bali"
      }
    },
    {
      "type": "Feature",
      "geometry": {
        "type": "Point",
        "coordinates": [
          115.206496,
          -8.666788
        ]
      },
      "properties": {
        "rowid": 409,
        "nama_cctv": "CTV248 DSHB DPS SP GUNUNG BIAK",
        "polda_id": "17",
        "polres_id": "271",
        "status": "hidup",
        "ctdby": "4000ORGANIK",
        "ctddate": "2023-10-26T16:00:00.000Z",
        "ctdtime": "23:59:00",
        "rtsp_cctv": "rtsp://satansheir:letyur13@172.16.80.14:554/cam/realmonitor?channel=248&subtype=1",
        "channel_code": null,
        "ctdupd": null,
        "instansi": "dishub",
        "jenis_cctv": "Analytic Checkpoint",
        "nama_jalan_s": "Simpanf Gunung Biak",
        "channel_id": null,
        "cctv_in": "N",
        "cctv_out": "N",
        "masuk_kab": "N",
        "keluar_kab": "N",
        "keterangan": "checkpoint",
        "fungsi_jalan_cctv_id": 7,
        "masuk_prov": "N",
        "keluar_prov": "N",
        "is_active": 1,
        "channel_id_event": null,
        "hls_cctv": null,
        "cctv_category_id": 5,
        "kecamatan": null,
        "kota": null,
        "nama_objek_vital": null,
        "channel_id_enforcement": null,
        "cctv_id": "8a67d4bc-ba49-4abd-93db-245535809687",
        "polda": "Polda Bali",
        "polres": "POLRESTA DENPASAR",
        "fungsi_jalan": "TOL",
        "category": "DALAM KOTA",
        "in_out": null,
        "ket_in_out": null,
        "_region": "bali",
        "Satwil": "Polda Bali"
      }
    },
    {
      "type": "Feature",
      "geometry": {
        "type": "Point",
        "coordinates": [
          115.208687,
          -8.62874
        ]
      },
      "properties": {
        "rowid": 408,
        "nama_cctv": "CTV247 DSHB DPS SP KEN AROK",
        "polda_id": "17",
        "polres_id": "271",
        "status": "hidup",
        "ctdby": "4000ORGANIK",
        "ctddate": "2023-10-26T16:00:00.000Z",
        "ctdtime": "23:59:00",
        "rtsp_cctv": "rtsp://satansheir:letyur13@172.16.80.14:554/cam/realmonitor?channel=247&subtype=1",
        "channel_code": null,
        "ctdupd": null,
        "instansi": "dishub",
        "jenis_cctv": "Analytic Checkpoint",
        "nama_jalan_s": "Simpang Ken Arok",
        "channel_id": null,
        "cctv_in": "N",
        "cctv_out": "N",
        "masuk_kab": "N",
        "keluar_kab": "N",
        "keterangan": "checkpoint",
        "fungsi_jalan_cctv_id": 7,
        "masuk_prov": "N",
        "keluar_prov": "N",
        "is_active": 1,
        "channel_id_event": null,
        "hls_cctv": null,
        "cctv_category_id": 5,
        "kecamatan": null,
        "kota": null,
        "nama_objek_vital": null,
        "channel_id_enforcement": null,
        "cctv_id": "1996c473-d53d-4100-a4f5-360e439bb716",
        "polda": "Polda Bali",
        "polres": "POLRESTA DENPASAR",
        "fungsi_jalan": "TOL",
        "category": "DALAM KOTA",
        "in_out": null,
        "ket_in_out": null,
        "_region": "bali",
        "Satwil": "Polda Bali"
      }
    },
    {
      "type": "Feature",
      "geometry": {
        "type": "Point",
        "coordinates": [
          115.205249,
          -8.669249
        ]
      },
      "properties": {
        "rowid": 407,
        "nama_cctv": "CTV246 DSHB DPS SP GUNUNG SUBUR",
        "polda_id": "17",
        "polres_id": "271",
        "status": "hidup",
        "ctdby": "4000ORGANIK",
        "ctddate": "2023-10-26T16:00:00.000Z",
        "ctdtime": "23:59:00",
        "rtsp_cctv": "rtsp://satansheir:letyur13@172.16.80.14:554/cam/realmonitor?channel=246&subtype=1",
        "channel_code": null,
        "ctdupd": null,
        "instansi": "dishub",
        "jenis_cctv": "Analytic Checkpoint",
        "nama_jalan_s": "Simpang Gunung Subur",
        "channel_id": null,
        "cctv_in": "N",
        "cctv_out": "N",
        "masuk_kab": "N",
        "keluar_kab": "N",
        "keterangan": "checkpoint",
        "fungsi_jalan_cctv_id": 7,
        "masuk_prov": "N",
        "keluar_prov": "N",
        "is_active": 1,
        "channel_id_event": null,
        "hls_cctv": null,
        "cctv_category_id": 5,
        "kecamatan": null,
        "kota": null,
        "nama_objek_vital": null,
        "channel_id_enforcement": null,
        "cctv_id": "5d258657-e8fd-4af9-93bd-121088f27c7b",
        "polda": "Polda Bali",
        "polres": "POLRESTA DENPASAR",
        "fungsi_jalan": "TOL",
        "category": "DALAM KOTA",
        "in_out": null,
        "ket_in_out": null,
        "_region": "bali",
        "Satwil": "Polda Bali"
      }
    },
    {
      "type": "Feature",
      "geometry": {
        "type": "Point",
        "coordinates": [
          115.241535,
          -8.635895
        ]
      },
      "properties": {
        "rowid": 406,
        "nama_cctv": "CTV245 DSHB DPS SP TRENGGULI",
        "polda_id": "17",
        "polres_id": "271",
        "status": "hidup",
        "ctdby": "4000ORGANIK",
        "ctddate": "2023-10-26T16:00:00.000Z",
        "ctdtime": "23:59:00",
        "rtsp_cctv": "rtsp://satansheir:letyur13@172.16.80.14:554/cam/realmonitor?channel=245&subtype=1",
        "channel_code": null,
        "ctdupd": null,
        "instansi": "dishub",
        "jenis_cctv": "Analytic Checkpoint",
        "nama_jalan_s": "Simpang Trengguli",
        "channel_id": null,
        "cctv_in": "N",
        "cctv_out": "N",
        "masuk_kab": "N",
        "keluar_kab": "N",
        "keterangan": "checkpoint",
        "fungsi_jalan_cctv_id": 7,
        "masuk_prov": "N",
        "keluar_prov": "N",
        "is_active": 1,
        "channel_id_event": null,
        "hls_cctv": null,
        "cctv_category_id": 5,
        "kecamatan": null,
        "kota": null,
        "nama_objek_vital": null,
        "channel_id_enforcement": null,
        "cctv_id": "b37c610d-b624-415a-95a7-f65511a5ea2c",
        "polda": "Polda Bali",
        "polres": "POLRESTA DENPASAR",
        "fungsi_jalan": "TOL",
        "category": "DALAM KOTA",
        "in_out": null,
        "ket_in_out": null,
        "_region": "bali",
        "Satwil": "Polda Bali"
      }
    },
    {
      "type": "Feature",
      "geometry": {
        "type": "Point",
        "coordinates": [
          115.223117,
          -8.635635
        ]
      },
      "properties": {
        "rowid": 405,
        "nama_cctv": "CTV244 DSHB DPS SP NANGKA 2",
        "polda_id": "17",
        "polres_id": "271",
        "status": "hidup",
        "ctdby": "4000ORGANIK",
        "ctddate": "2023-10-26T16:00:00.000Z",
        "ctdtime": "23:59:00",
        "rtsp_cctv": "rtsp://satansheir:letyur13@172.16.80.14:554/cam/realmonitor?channel=244&subtype=1",
        "channel_code": null,
        "ctdupd": null,
        "instansi": "dishub",
        "jenis_cctv": "Analytic Checkpoint",
        "nama_jalan_s": "Jalan Gatot Subroto Timur",
        "channel_id": null,
        "cctv_in": "N",
        "cctv_out": "N",
        "masuk_kab": "N",
        "keluar_kab": "N",
        "keterangan": "checkpoint",
        "fungsi_jalan_cctv_id": 7,
        "masuk_prov": "N",
        "keluar_prov": "N",
        "is_active": 1,
        "channel_id_event": null,
        "hls_cctv": null,
        "cctv_category_id": 5,
        "kecamatan": null,
        "kota": null,
        "nama_objek_vital": null,
        "channel_id_enforcement": null,
        "cctv_id": "baa3e6eb-547d-4b4d-87c0-cb808aebde62",
        "polda": "Polda Bali",
        "polres": "POLRESTA DENPASAR",
        "fungsi_jalan": "TOL",
        "category": "DALAM KOTA",
        "in_out": null,
        "ket_in_out": null,
        "_region": "bali",
        "Satwil": "Polda Bali"
      }
    },
    {
      "type": "Feature",
      "geometry": {
        "type": "Point",
        "coordinates": [
          115.222863,
          -8.635478
        ]
      },
      "properties": {
        "rowid": 404,
        "nama_cctv": "CTV243 DSHB DPS SP NANGKA 1",
        "polda_id": "17",
        "polres_id": "271",
        "status": "hidup",
        "ctdby": "4000ORGANIK",
        "ctddate": "2023-10-26T16:00:00.000Z",
        "ctdtime": "23:59:00",
        "rtsp_cctv": "rtsp://satansheir:letyur13@172.16.80.14:554/cam/realmonitor?channel=243&subtype=1",
        "channel_code": null,
        "ctdupd": null,
        "instansi": "dishub",
        "jenis_cctv": "Analytic Checkpoint",
        "nama_jalan_s": "Jalan Gatot Subroto Timur",
        "channel_id": null,
        "cctv_in": "N",
        "cctv_out": "N",
        "masuk_kab": "N",
        "keluar_kab": "N",
        "keterangan": "checkpoint",
        "fungsi_jalan_cctv_id": 7,
        "masuk_prov": "N",
        "keluar_prov": "N",
        "is_active": 1,
        "channel_id_event": null,
        "hls_cctv": null,
        "cctv_category_id": 5,
        "kecamatan": null,
        "kota": null,
        "nama_objek_vital": null,
        "channel_id_enforcement": null,
        "cctv_id": "14786e29-0e0a-4fe1-bafa-3a7ff13c6579",
        "polda": "Polda Bali",
        "polres": "POLRESTA DENPASAR",
        "fungsi_jalan": "TOL",
        "category": "DALAM KOTA",
        "in_out": null,
        "ket_in_out": null,
        "_region": "bali",
        "Satwil": "Polda Bali"
      }
    },
    {
      "type": "Feature",
      "geometry": {
        "type": "Point",
        "coordinates": [
          115.175702,
          -8.687931
        ]
      },
      "properties": {
        "rowid": 386,
        "nama_cctv": "CTV242 DISKOM BDG SMYK KANTOR LURAH SEMINYAK",
        "polda_id": "17",
        "polres_id": "265",
        "status": "hidup",
        "ctdby": "4000ORGANIK",
        "ctddate": "2023-10-26T16:00:00.000Z",
        "ctdtime": "23:59:00",
        "rtsp_cctv": "rtsp://satansheir:letyur13@172.16.80.14:554/cam/realmonitor?channel=242&subtype=1",
        "channel_code": null,
        "ctdupd": null,
        "instansi": "diskominfo",
        "jenis_cctv": "Analytic Checkpoint",
        "nama_jalan_s": "Jl. Kunti II 54",
        "channel_id": "1000043$1$0$241",
        "cctv_in": "N",
        "cctv_out": "N",
        "masuk_kab": "N",
        "keluar_kab": "N",
        "keterangan": "checkpoint",
        "fungsi_jalan_cctv_id": 6,
        "masuk_prov": "N",
        "keluar_prov": "N",
        "is_active": 1,
        "channel_id_event": null,
        "hls_cctv": null,
        "cctv_category_id": 5,
        "kecamatan": null,
        "kota": null,
        "nama_objek_vital": null,
        "channel_id_enforcement": null,
        "cctv_id": "463953ad-4478-4574-b242-26b3664a34d5",
        "polda": "Polda Bali",
        "polres": "POLRES BADUNG",
        "fungsi_jalan": "ARTERI",
        "category": "DALAM KOTA",
        "in_out": null,
        "ket_in_out": null,
        "_region": "bali",
        "Satwil": "Polda Bali"
      }
    },
    {
      "type": "Feature",
      "geometry": {
        "type": "Point",
        "coordinates": [
          115.168687,
          -8.697076
        ]
      },
      "properties": {
        "rowid": 385,
        "nama_cctv": "CTV241 DISKOM BDG SMYK SP DOUBLE SIX",
        "polda_id": "17",
        "polres_id": "265",
        "status": "hidup",
        "ctdby": "4000ORGANIK",
        "ctddate": "2023-10-26T16:00:00.000Z",
        "ctdtime": "23:59:00",
        "rtsp_cctv": "rtsp://satansheir:letyur13@172.16.80.14:554/cam/realmonitor?channel=241&subtype=1",
        "channel_code": null,
        "ctdupd": null,
        "instansi": "diskominfo",
        "jenis_cctv": "Analytic Checkpoint",
        "nama_jalan_s": "Simpang Double Six",
        "channel_id": "1000043$1$0$240",
        "cctv_in": "N",
        "cctv_out": "N",
        "masuk_kab": "N",
        "keluar_kab": "N",
        "keterangan": "checkpoint",
        "fungsi_jalan_cctv_id": 6,
        "masuk_prov": "N",
        "keluar_prov": "N",
        "is_active": 1,
        "channel_id_event": null,
        "hls_cctv": null,
        "cctv_category_id": 5,
        "kecamatan": null,
        "kota": null,
        "nama_objek_vital": null,
        "channel_id_enforcement": null,
        "cctv_id": "9b682598-da9c-4709-9be1-3a6465fad307",
        "polda": "Polda Bali",
        "polres": "POLRES BADUNG",
        "fungsi_jalan": "ARTERI",
        "category": "DALAM KOTA",
        "in_out": null,
        "ket_in_out": null,
        "_region": "bali",
        "Satwil": "Polda Bali"
      }
    },
    {
      "type": "Feature",
      "geometry": {
        "type": "Point",
        "coordinates": [
          115.167834,
          -8.691742
        ]
      },
      "properties": {
        "rowid": 384,
        "nama_cctv": "CTV240 DISKOM BDG SMYK SP BANJAR SEMINYAK",
        "polda_id": "17",
        "polres_id": "265",
        "status": "hidup",
        "ctdby": "4000ORGANIK",
        "ctddate": "2023-10-26T16:00:00.000Z",
        "ctdtime": "23:59:00",
        "rtsp_cctv": "rtsp://satansheir:letyur13@172.16.80.14:554/cam/realmonitor?channel=240&subtype=1",
        "channel_code": null,
        "ctdupd": null,
        "instansi": "diskominfo",
        "jenis_cctv": "Analytic Checkpoint",
        "nama_jalan_s": "Jl. Raya Seminyak 49",
        "channel_id": "1000043$1$0$239",
        "cctv_in": "N",
        "cctv_out": "N",
        "masuk_kab": "N",
        "keluar_kab": "N",
        "keterangan": "checkpoint",
        "fungsi_jalan_cctv_id": 6,
        "masuk_prov": "N",
        "keluar_prov": "N",
        "is_active": 1,
        "channel_id_event": null,
        "hls_cctv": null,
        "cctv_category_id": 5,
        "kecamatan": null,
        "kota": null,
        "nama_objek_vital": null,
        "channel_id_enforcement": null,
        "cctv_id": "edb39ad6-7b55-417e-98bb-69e1f04fd281",
        "polda": "Polda Bali",
        "polres": "POLRES BADUNG",
        "fungsi_jalan": "ARTERI",
        "category": "DALAM KOTA",
        "in_out": null,
        "ket_in_out": null,
        "_region": "bali",
        "Satwil": "Polda Bali"
      }
    },
    {
      "type": "Feature",
      "geometry": {
        "type": "Point",
        "coordinates": [
          115.161961,
          -8.697376
        ]
      },
      "properties": {
        "rowid": 383,
        "nama_cctv": "CTV239 DISKOM BDG SMYK PARKIRAN DOUBLE SIX",
        "polda_id": "17",
        "polres_id": "265",
        "status": "hidup",
        "ctdby": "4000ORGANIK",
        "ctddate": "2023-10-26T16:00:00.000Z",
        "ctdtime": "23:59:00",
        "rtsp_cctv": "rtsp://satansheir:letyur13@172.16.80.14:554/cam/realmonitor?channel=239&subtype=1",
        "channel_code": null,
        "ctdupd": null,
        "instansi": "diskominfo",
        "jenis_cctv": "Analytic Checkpoint",
        "nama_jalan_s": "Simpang Double Six",
        "channel_id": "1000043$1$0$238",
        "cctv_in": "N",
        "cctv_out": "N",
        "masuk_kab": "N",
        "keluar_kab": "N",
        "keterangan": "checkpoint",
        "fungsi_jalan_cctv_id": 6,
        "masuk_prov": "N",
        "keluar_prov": "N",
        "is_active": 1,
        "channel_id_event": null,
        "hls_cctv": null,
        "cctv_category_id": 5,
        "kecamatan": null,
        "kota": null,
        "nama_objek_vital": null,
        "channel_id_enforcement": null,
        "cctv_id": "28bd3be8-d91f-4b40-9bd5-f0f8efa10f83",
        "polda": "Polda Bali",
        "polres": "POLRES BADUNG",
        "fungsi_jalan": "ARTERI",
        "category": "DALAM KOTA",
        "in_out": null,
        "ket_in_out": null,
        "_region": "bali",
        "Satwil": "Polda Bali"
      }
    },
    {
      "type": "Feature",
      "geometry": {
        "type": "Point",
        "coordinates": [
          115.147183,
          -8.657532
        ]
      },
      "properties": {
        "rowid": 382,
        "nama_cctv": "CTV238 DISKOM BDG TBNG SP TEGAL SARI 2",
        "polda_id": "17",
        "polres_id": "265",
        "status": "hidup",
        "ctdby": "4000ORGANIK",
        "ctddate": "2023-10-26T16:00:00.000Z",
        "ctdtime": "23:59:00",
        "rtsp_cctv": "rtsp://satansheir:letyur13@172.16.80.14:554/cam/realmonitor?channel=238&subtype=1",
        "channel_code": null,
        "ctdupd": null,
        "instansi": "diskominfo",
        "jenis_cctv": "Analytic Checkpoint",
        "nama_jalan_s": "Simpang Tegal Sari",
        "channel_id": "1000043$1$0$237",
        "cctv_in": "N",
        "cctv_out": "N",
        "masuk_kab": "N",
        "keluar_kab": "N",
        "keterangan": "checkpoint",
        "fungsi_jalan_cctv_id": 6,
        "masuk_prov": "N",
        "keluar_prov": "N",
        "is_active": 1,
        "channel_id_event": null,
        "hls_cctv": null,
        "cctv_category_id": 5,
        "kecamatan": null,
        "kota": null,
        "nama_objek_vital": null,
        "channel_id_enforcement": null,
        "cctv_id": "456bdcdc-49cd-4078-95eb-e84cfde3d568",
        "polda": "Polda Bali",
        "polres": "POLRES BADUNG",
        "fungsi_jalan": "ARTERI",
        "category": "DALAM KOTA",
        "in_out": null,
        "ket_in_out": null,
        "_region": "bali",
        "Satwil": "Polda Bali"
      }
    },
    {
      "type": "Feature",
      "geometry": {
        "type": "Point",
        "coordinates": [
          115.147213,
          -8.657566
        ]
      },
      "properties": {
        "rowid": 381,
        "nama_cctv": "CTV237 DISKOM BDG TBNG SP TEGAL SARI 1",
        "polda_id": "17",
        "polres_id": "265",
        "status": "hidup",
        "ctdby": "4000ORGANIK",
        "ctddate": "2023-10-26T16:00:00.000Z",
        "ctdtime": "23:59:00",
        "rtsp_cctv": "rtsp://satansheir:letyur13@172.16.80.14:554/cam/realmonitor?channel=237&subtype=1",
        "channel_code": null,
        "ctdupd": null,
        "instansi": "diskominfo",
        "jenis_cctv": "Analytic Checkpoint",
        "nama_jalan_s": "Simpang Tegal Sari",
        "channel_id": "1000043$1$0$236",
        "cctv_in": "N",
        "cctv_out": "N",
        "masuk_kab": "N",
        "keluar_kab": "N",
        "keterangan": "checkpoint",
        "fungsi_jalan_cctv_id": 6,
        "masuk_prov": "N",
        "keluar_prov": "N",
        "is_active": 1,
        "channel_id_event": null,
        "hls_cctv": null,
        "cctv_category_id": 5,
        "kecamatan": null,
        "kota": null,
        "nama_objek_vital": null,
        "channel_id_enforcement": null,
        "cctv_id": "873e3eae-9748-4151-8fe1-0f698f3fa0e3",
        "polda": "Polda Bali",
        "polres": "POLRES BADUNG",
        "fungsi_jalan": "ARTERI",
        "category": "DALAM KOTA",
        "in_out": null,
        "ket_in_out": null,
        "_region": "bali",
        "Satwil": "Polda Bali"
      }
    },
    {
      "type": "Feature",
      "geometry": {
        "type": "Point",
        "coordinates": [
          115.187146,
          -8.719247
        ]
      },
      "properties": {
        "rowid": 380,
        "nama_cctv": "CTV236 DISKOM BDG TBNG JL GLOGOR CARIK",
        "polda_id": "17",
        "polres_id": "265",
        "status": "hidup",
        "ctdby": "4000ORGANIK",
        "ctddate": "2023-10-26T16:00:00.000Z",
        "ctdtime": "23:59:00",
        "rtsp_cctv": "rtsp://satansheir:letyur13@172.16.80.14:554/cam/realmonitor?channel=236&subtype=1",
        "channel_code": null,
        "ctdupd": null,
        "instansi": "diskominfo",
        "jenis_cctv": "Analytic Checkpoint",
        "nama_jalan_s": "Jalan Glogor Carik",
        "channel_id": "1000043$1$0$235",
        "cctv_in": "N",
        "cctv_out": "N",
        "masuk_kab": "N",
        "keluar_kab": "N",
        "keterangan": "checkpoint",
        "fungsi_jalan_cctv_id": 6,
        "masuk_prov": "N",
        "keluar_prov": "N",
        "is_active": 1,
        "channel_id_event": null,
        "hls_cctv": null,
        "cctv_category_id": 5,
        "kecamatan": null,
        "kota": null,
        "nama_objek_vital": null,
        "channel_id_enforcement": null,
        "cctv_id": "a8e57bdb-2d08-4f9e-a482-455dcd683d49",
        "polda": "Polda Bali",
        "polres": "POLRES BADUNG",
        "fungsi_jalan": "ARTERI",
        "category": "DALAM KOTA",
        "in_out": null,
        "ket_in_out": null,
        "_region": "bali",
        "Satwil": "Polda Bali"
      }
    },
    {
      "type": "Feature",
      "geometry": {
        "type": "Point",
        "coordinates": [
          115.145914,
          -8.674009
        ]
      },
      "properties": {
        "rowid": 379,
        "nama_cctv": "CTV235 DISKOM BDG KRBK PANTAI BATUBELIG",
        "polda_id": "17",
        "polres_id": "265",
        "status": "hidup",
        "ctdby": "4000ORGANIK",
        "ctddate": "2023-10-26T16:00:00.000Z",
        "ctdtime": "23:59:00",
        "rtsp_cctv": "rtsp://satansheir:letyur13@172.16.80.14:554/cam/realmonitor?channel=235&subtype=1",
        "channel_code": null,
        "ctdupd": null,
        "instansi": "diskominfo",
        "jenis_cctv": "Analytic Checkpoint",
        "nama_jalan_s": "Jalan Batu Belig",
        "channel_id": "1000043$1$0$234",
        "cctv_in": "N",
        "cctv_out": "N",
        "masuk_kab": "N",
        "keluar_kab": "N",
        "keterangan": "checkpoint",
        "fungsi_jalan_cctv_id": 6,
        "masuk_prov": "N",
        "keluar_prov": "N",
        "is_active": 1,
        "channel_id_event": null,
        "hls_cctv": null,
        "cctv_category_id": 5,
        "kecamatan": null,
        "kota": null,
        "nama_objek_vital": null,
        "channel_id_enforcement": null,
        "cctv_id": "4d46ec13-53f8-4995-869c-2cf3a1fa26c9",
        "polda": "Polda Bali",
        "polres": "POLRES BADUNG",
        "fungsi_jalan": "ARTERI",
        "category": "DALAM KOTA",
        "in_out": null,
        "ket_in_out": null,
        "_region": "bali",
        "Satwil": "Polda Bali"
      }
    },
    {
      "type": "Feature",
      "geometry": {
        "type": "Point",
        "coordinates": [
          115.147038,
          -8.672908
        ]
      },
      "properties": {
        "rowid": 378,
        "nama_cctv": "CTV234 DISKOM BDG KRBK SP KUBURAN BATUBELIG 2",
        "polda_id": "17",
        "polres_id": "265",
        "status": "hidup",
        "ctdby": "4000ORGANIK",
        "ctddate": "2023-10-26T16:00:00.000Z",
        "ctdtime": "23:59:00",
        "rtsp_cctv": "rtsp://satansheir:letyur13@172.16.80.14:554/cam/realmonitor?channel=234&subtype=1",
        "channel_code": null,
        "ctdupd": null,
        "instansi": "diskominfo",
        "jenis_cctv": "Analytic Checkpoint",
        "nama_jalan_s": "Simpang Batubelig",
        "channel_id": "1000043$1$0$233",
        "cctv_in": "N",
        "cctv_out": "N",
        "masuk_kab": "N",
        "keluar_kab": "N",
        "keterangan": "checkpoint",
        "fungsi_jalan_cctv_id": 6,
        "masuk_prov": "N",
        "keluar_prov": "N",
        "is_active": 1,
        "channel_id_event": null,
        "hls_cctv": null,
        "cctv_category_id": 5,
        "kecamatan": null,
        "kota": null,
        "nama_objek_vital": null,
        "channel_id_enforcement": null,
        "cctv_id": "854632ac-e7ca-4fe1-b87e-138009c03180",
        "polda": "Polda Bali",
        "polres": "POLRES BADUNG",
        "fungsi_jalan": "ARTERI",
        "category": "DALAM KOTA",
        "in_out": null,
        "ket_in_out": null,
        "_region": "bali",
        "Satwil": "Polda Bali"
      }
    },
    {
      "type": "Feature",
      "geometry": {
        "type": "Point",
        "coordinates": [
          115.146992,
          -8.673002
        ]
      },
      "properties": {
        "rowid": 377,
        "nama_cctv": "CTV233 DISKOM BDG KRBK SP KUBURAN BATUBELIG 1",
        "polda_id": "17",
        "polres_id": "265",
        "status": "hidup",
        "ctdby": "4000ORGANIK",
        "ctddate": "2023-10-26T16:00:00.000Z",
        "ctdtime": "23:59:00",
        "rtsp_cctv": "rtsp://satansheir:letyur13@172.16.80.14:554/cam/realmonitor?channel=233&subtype=1",
        "channel_code": null,
        "ctdupd": null,
        "instansi": "diskominfo",
        "jenis_cctv": "Analytic Checkpoint",
        "nama_jalan_s": "Simpang Batubelig",
        "channel_id": "1000043$1$0$232",
        "cctv_in": "N",
        "cctv_out": "N",
        "masuk_kab": "N",
        "keluar_kab": "N",
        "keterangan": "checkpoint",
        "fungsi_jalan_cctv_id": 6,
        "masuk_prov": "N",
        "keluar_prov": "N",
        "is_active": 1,
        "channel_id_event": null,
        "hls_cctv": null,
        "cctv_category_id": 5,
        "kecamatan": null,
        "kota": null,
        "nama_objek_vital": null,
        "channel_id_enforcement": null,
        "cctv_id": "db8ce137-f7ff-40ae-b685-071f20584749",
        "polda": "Polda Bali",
        "polres": "POLRES BADUNG",
        "fungsi_jalan": "ARTERI",
        "category": "DALAM KOTA",
        "in_out": null,
        "ket_in_out": null,
        "_region": "bali",
        "Satwil": "Polda Bali"
      }
    },
    {
      "type": "Feature",
      "geometry": {
        "type": "Point",
        "coordinates": [
          115.16347,
          -8.667655
        ]
      },
      "properties": {
        "rowid": 376,
        "nama_cctv": "CTV232 DISKOM BDG KRBK SP JEMBATAN UMALAS II",
        "polda_id": "17",
        "polres_id": "265",
        "status": "hidup",
        "ctdby": "4000ORGANIK",
        "ctddate": "2023-10-26T16:00:00.000Z",
        "ctdtime": "23:59:00",
        "rtsp_cctv": "rtsp://satansheir:letyur13@172.16.80.14:554/cam/realmonitor?channel=232&subtype=1",
        "channel_code": null,
        "ctdupd": null,
        "instansi": "diskominfo",
        "jenis_cctv": "Analytic Checkpoint",
        "nama_jalan_s": "Simpang Umalas",
        "channel_id": "1000043$1$0$231",
        "cctv_in": "N",
        "cctv_out": "N",
        "masuk_kab": "N",
        "keluar_kab": "N",
        "keterangan": "checkpoint",
        "fungsi_jalan_cctv_id": 6,
        "masuk_prov": "N",
        "keluar_prov": "N",
        "is_active": 1,
        "channel_id_event": null,
        "hls_cctv": null,
        "cctv_category_id": 5,
        "kecamatan": null,
        "kota": null,
        "nama_objek_vital": null,
        "channel_id_enforcement": null,
        "cctv_id": "16e61d35-8fc7-42a4-9e07-33d17e429a0f",
        "polda": "Polda Bali",
        "polres": "POLRES BADUNG",
        "fungsi_jalan": "ARTERI",
        "category": "DALAM KOTA",
        "in_out": null,
        "ket_in_out": null,
        "_region": "bali",
        "Satwil": "Polda Bali"
      }
    },
    {
      "type": "Feature",
      "geometry": {
        "type": "Point",
        "coordinates": [
          115.155571,
          -8.665921
        ]
      },
      "properties": {
        "rowid": 375,
        "nama_cctv": "CTV231 DISKOM BDG KRBK SP UMALAS II 2",
        "polda_id": "17",
        "polres_id": "265",
        "status": "hidup",
        "ctdby": "4000ORGANIK",
        "ctddate": "2023-10-26T16:00:00.000Z",
        "ctdtime": "23:59:00",
        "rtsp_cctv": "rtsp://satansheir:letyur13@172.16.80.14:554/cam/realmonitor?channel=231&subtype=1",
        "channel_code": null,
        "ctdupd": null,
        "instansi": "diskominfo",
        "jenis_cctv": "Analytic Checkpoint",
        "nama_jalan_s": "Simpang Umalas II",
        "channel_id": "1000043$1$0$230",
        "cctv_in": "N",
        "cctv_out": "N",
        "masuk_kab": "N",
        "keluar_kab": "N",
        "keterangan": "checkpoint",
        "fungsi_jalan_cctv_id": 6,
        "masuk_prov": "N",
        "keluar_prov": "N",
        "is_active": 1,
        "channel_id_event": null,
        "hls_cctv": null,
        "cctv_category_id": 5,
        "kecamatan": null,
        "kota": null,
        "nama_objek_vital": null,
        "channel_id_enforcement": null,
        "cctv_id": "536c158f-bef5-4404-b8e5-6caa32fb698b",
        "polda": "Polda Bali",
        "polres": "POLRES BADUNG",
        "fungsi_jalan": "ARTERI",
        "category": "DALAM KOTA",
        "in_out": null,
        "ket_in_out": null,
        "_region": "bali",
        "Satwil": "Polda Bali"
      }
    },
    {
      "type": "Feature",
      "geometry": {
        "type": "Point",
        "coordinates": [
          115.155646,
          -8.665898
        ]
      },
      "properties": {
        "rowid": 374,
        "nama_cctv": "CTV230 DISKOM BDG KRBK SP UMALAS II 1",
        "polda_id": "17",
        "polres_id": "265",
        "status": "hidup",
        "ctdby": "4000ORGANIK",
        "ctddate": "2023-10-26T16:00:00.000Z",
        "ctdtime": "23:59:00",
        "rtsp_cctv": "rtsp://satansheir:letyur13@172.16.80.14:554/cam/realmonitor?channel=230&subtype=1",
        "channel_code": null,
        "ctdupd": null,
        "instansi": "diskominfo",
        "jenis_cctv": "Analytic Checkpoint",
        "nama_jalan_s": "Simpang Umalas II",
        "channel_id": "1000043$1$0$229",
        "cctv_in": "N",
        "cctv_out": "N",
        "masuk_kab": "N",
        "keluar_kab": "N",
        "keterangan": "checkpoint",
        "fungsi_jalan_cctv_id": 6,
        "masuk_prov": "N",
        "keluar_prov": "N",
        "is_active": 1,
        "channel_id_event": null,
        "hls_cctv": null,
        "cctv_category_id": 5,
        "kecamatan": null,
        "kota": null,
        "nama_objek_vital": null,
        "channel_id_enforcement": null,
        "cctv_id": "547708ff-248e-4312-9ebc-e52edd6a71fa",
        "polda": "Polda Bali",
        "polres": "POLRES BADUNG",
        "fungsi_jalan": "ARTERI",
        "category": "DALAM KOTA",
        "in_out": null,
        "ket_in_out": null,
        "_region": "bali",
        "Satwil": "Polda Bali"
      }
    },
    {
      "type": "Feature",
      "geometry": {
        "type": "Point",
        "coordinates": [
          115.164631,
          -8.677743
        ]
      },
      "properties": {
        "rowid": 373,
        "nama_cctv": "CTV229 DISKOM BDG KRBK SP BERABAN",
        "polda_id": "17",
        "polres_id": "265",
        "status": "hidup",
        "ctdby": "4000ORGANIK",
        "ctddate": "2023-10-26T16:00:00.000Z",
        "ctdtime": "23:59:00",
        "rtsp_cctv": "rtsp://satansheir:letyur13@172.16.80.14:554/cam/realmonitor?channel=229&subtype=1",
        "channel_code": null,
        "ctdupd": null,
        "instansi": "diskominfo",
        "jenis_cctv": "Analytic Checkpoint",
        "nama_jalan_s": "Simpang Beraban",
        "channel_id": "1000043$1$0$228",
        "cctv_in": "N",
        "cctv_out": "N",
        "masuk_kab": "N",
        "keluar_kab": "N",
        "keterangan": "checkpoint",
        "fungsi_jalan_cctv_id": 6,
        "masuk_prov": "N",
        "keluar_prov": "N",
        "is_active": 1,
        "channel_id_event": null,
        "hls_cctv": null,
        "cctv_category_id": 5,
        "kecamatan": null,
        "kota": null,
        "nama_objek_vital": null,
        "channel_id_enforcement": null,
        "cctv_id": "dabe0b9e-cc94-4c4d-acf1-c64d6dbca31f",
        "polda": "Polda Bali",
        "polres": "POLRES BADUNG",
        "fungsi_jalan": "ARTERI",
        "category": "DALAM KOTA",
        "in_out": null,
        "ket_in_out": null,
        "_region": "bali",
        "Satwil": "Polda Bali"
      }
    },
    {
      "type": "Feature",
      "geometry": {
        "type": "Point",
        "coordinates": [
          115.171692,
          -8.666558
        ]
      },
      "properties": {
        "rowid": 372,
        "nama_cctv": "CTV228 DISKOM BDG KRBK SP INDOMART MERTASARI",
        "polda_id": "17",
        "polres_id": "265",
        "status": "mati",
        "ctdby": "4000ORGANIK",
        "ctddate": "2023-10-26T16:00:00.000Z",
        "ctdtime": "23:59:00",
        "rtsp_cctv": "rtsp://satansheir:letyur13@172.16.80.14:554/cam/realmonitor?channel=228&subtype=1",
        "channel_code": null,
        "ctdupd": null,
        "instansi": "diskominfo",
        "jenis_cctv": "Analytic Checkpoint",
        "nama_jalan_s": "Simpang Serangan",
        "channel_id": "1000043$1$0$227",
        "cctv_in": "N",
        "cctv_out": "N",
        "masuk_kab": "N",
        "keluar_kab": "N",
        "keterangan": "checkpoint",
        "fungsi_jalan_cctv_id": 6,
        "masuk_prov": "N",
        "keluar_prov": "N",
        "is_active": 1,
        "channel_id_event": null,
        "hls_cctv": null,
        "cctv_category_id": 5,
        "kecamatan": null,
        "kota": null,
        "nama_objek_vital": null,
        "channel_id_enforcement": null,
        "cctv_id": "1ff55b6c-a07f-428a-99ae-75c76a082c51",
        "polda": "Polda Bali",
        "polres": "POLRES BADUNG",
        "fungsi_jalan": "ARTERI",
        "category": "DALAM KOTA",
        "in_out": null,
        "ket_in_out": null,
        "_region": "bali",
        "Satwil": "Polda Bali"
      }
    },
    {
      "type": "Feature",
      "geometry": {
        "type": "Point",
        "coordinates": [
          115.16715,
          -8.672169
        ]
      },
      "properties": {
        "rowid": 371,
        "nama_cctv": "CTV227 DISKOM BDG KRBK SP LAPAS BARAT",
        "polda_id": "17",
        "polres_id": "265",
        "status": "hidup",
        "ctdby": "4000ORGANIK",
        "ctddate": "2023-10-26T16:00:00.000Z",
        "ctdtime": "23:59:00",
        "rtsp_cctv": "rtsp://satansheir:letyur13@172.16.80.14:554/cam/realmonitor?channel=227&subtype=1",
        "channel_code": null,
        "ctdupd": null,
        "instansi": "diskominfo",
        "jenis_cctv": "Analytic Checkpoint",
        "nama_jalan_s": "Simpang Mertanadi",
        "channel_id": "1000043$1$0$226",
        "cctv_in": "N",
        "cctv_out": "N",
        "masuk_kab": "N",
        "keluar_kab": "N",
        "keterangan": "checkpoint",
        "fungsi_jalan_cctv_id": 6,
        "masuk_prov": "N",
        "keluar_prov": "N",
        "is_active": 1,
        "channel_id_event": null,
        "hls_cctv": null,
        "cctv_category_id": 5,
        "kecamatan": null,
        "kota": null,
        "nama_objek_vital": null,
        "channel_id_enforcement": null,
        "cctv_id": "382368e9-81ad-42cd-92ab-5c82c15b235b",
        "polda": "Polda Bali",
        "polres": "POLRES BADUNG",
        "fungsi_jalan": "ARTERI",
        "category": "DALAM KOTA",
        "in_out": null,
        "ket_in_out": null,
        "_region": "bali",
        "Satwil": "Polda Bali"
      }
    },
    {
      "type": "Feature",
      "geometry": {
        "type": "Point",
        "coordinates": [
          115.168917,
          -8.672336
        ]
      },
      "properties": {
        "rowid": 370,
        "nama_cctv": "CTV226 DISKOM BDG KRBK SP LAPAS TIMUR",
        "polda_id": "17",
        "polres_id": "265",
        "status": "mati",
        "ctdby": "4000ORGANIK",
        "ctddate": "2023-10-26T16:00:00.000Z",
        "ctdtime": "23:59:00",
        "rtsp_cctv": "rtsp://satansheir:letyur13@172.16.80.14:554/cam/realmonitor?channel=226&subtype=1",
        "channel_code": null,
        "ctdupd": null,
        "instansi": "diskominfo",
        "jenis_cctv": "Analytic Checkpoint",
        "nama_jalan_s": "Simpang Intan Permai",
        "channel_id": "1000043$1$0$225",
        "cctv_in": "N",
        "cctv_out": "N",
        "masuk_kab": "N",
        "keluar_kab": "N",
        "keterangan": "checkpoint",
        "fungsi_jalan_cctv_id": 6,
        "masuk_prov": "N",
        "keluar_prov": "N",
        "is_active": 1,
        "channel_id_event": null,
        "hls_cctv": null,
        "cctv_category_id": 5,
        "kecamatan": null,
        "kota": null,
        "nama_objek_vital": null,
        "channel_id_enforcement": null,
        "cctv_id": "005d186d-27b9-48b1-a2a2-ddce9f88a664",
        "polda": "Polda Bali",
        "polres": "POLRES BADUNG",
        "fungsi_jalan": "ARTERI",
        "category": "DALAM KOTA",
        "in_out": null,
        "ket_in_out": null,
        "_region": "bali",
        "Satwil": "Polda Bali"
      }
    },
    {
      "type": "Feature",
      "geometry": {
        "type": "Point",
        "coordinates": [
          115.163267,
          -8.65972
        ]
      },
      "properties": {
        "rowid": 369,
        "nama_cctv": "CTV225 DISKOM BDG KRBK BANJAR KUWUM",
        "polda_id": "17",
        "polres_id": "265",
        "status": "mati",
        "ctdby": "4000ORGANIK",
        "ctddate": "2023-10-26T16:00:00.000Z",
        "ctdtime": "23:59:00",
        "rtsp_cctv": "rtsp://satansheir:letyur13@172.16.80.14:554/cam/realmonitor?channel=225&subtype=1",
        "channel_code": null,
        "ctdupd": null,
        "instansi": "diskominfo",
        "jenis_cctv": "Analytic Checkpoint",
        "nama_jalan_s": "Simpang Kuwum",
        "channel_id": "1000043$1$0$224",
        "cctv_in": "N",
        "cctv_out": "N",
        "masuk_kab": "N",
        "keluar_kab": "N",
        "keterangan": "checkpoint",
        "fungsi_jalan_cctv_id": 6,
        "masuk_prov": "N",
        "keluar_prov": "N",
        "is_active": 1,
        "channel_id_event": null,
        "hls_cctv": null,
        "cctv_category_id": 5,
        "kecamatan": null,
        "kota": null,
        "nama_objek_vital": null,
        "channel_id_enforcement": null,
        "cctv_id": "8c78a6fa-3fcb-4f13-b3df-19afe4a853d1",
        "polda": "Polda Bali",
        "polres": "POLRES BADUNG",
        "fungsi_jalan": "ARTERI",
        "category": "DALAM KOTA",
        "in_out": null,
        "ket_in_out": null,
        "_region": "bali",
        "Satwil": "Polda Bali"
      }
    },
    {
      "type": "Feature",
      "geometry": {
        "type": "Point",
        "coordinates": [
          115.161381,
          -8.648677
        ]
      },
      "properties": {
        "rowid": 368,
        "nama_cctv": "CTV224 DISKOM BDG KRBK BANJAR ANYAR KELOD 2",
        "polda_id": "17",
        "polres_id": "265",
        "status": "hidup",
        "ctdby": "4000ORGANIK",
        "ctddate": "2023-10-26T16:00:00.000Z",
        "ctdtime": "23:59:00",
        "rtsp_cctv": "rtsp://satansheir:letyur13@172.16.80.14:554/cam/realmonitor?channel=224&subtype=1",
        "channel_code": null,
        "ctdupd": null,
        "instansi": "diskominfo",
        "jenis_cctv": "Analytic Checkpoint",
        "nama_jalan_s": "Jalan Raya Anyar",
        "channel_id": "1000043$1$0$223",
        "cctv_in": "N",
        "cctv_out": "N",
        "masuk_kab": "N",
        "keluar_kab": "N",
        "keterangan": "checkpoint",
        "fungsi_jalan_cctv_id": 6,
        "masuk_prov": "N",
        "keluar_prov": "N",
        "is_active": 1,
        "channel_id_event": null,
        "hls_cctv": null,
        "cctv_category_id": 5,
        "kecamatan": null,
        "kota": null,
        "nama_objek_vital": null,
        "channel_id_enforcement": null,
        "cctv_id": "3e4576b5-5b14-43cf-a37d-a413a9e408c0",
        "polda": "Polda Bali",
        "polres": "POLRES BADUNG",
        "fungsi_jalan": "ARTERI",
        "category": "DALAM KOTA",
        "in_out": null,
        "ket_in_out": null,
        "_region": "bali",
        "Satwil": "Polda Bali"
      }
    },
    {
      "type": "Feature",
      "geometry": {
        "type": "Point",
        "coordinates": [
          115.162096,
          -8.645264
        ]
      },
      "properties": {
        "rowid": 367,
        "nama_cctv": "CTV223 DISKOM BDG KRBK KANTOR CAMAT KUTA UTARA",
        "polda_id": "17",
        "polres_id": "265",
        "status": "hidup",
        "ctdby": "4000ORGANIK",
        "ctddate": "2023-10-26T16:00:00.000Z",
        "ctdtime": "23:59:00",
        "rtsp_cctv": "rtsp://satansheir:letyur13@172.16.80.14:554/cam/realmonitor?channel=223&subtype=1",
        "channel_code": null,
        "ctdupd": null,
        "instansi": "diskominfo",
        "jenis_cctv": "Analytic Checkpoint",
        "nama_jalan_s": "Jl. Bedugul",
        "channel_id": "1000043$1$0$222",
        "cctv_in": "N",
        "cctv_out": "N",
        "masuk_kab": "N",
        "keluar_kab": "N",
        "keterangan": "checkpoint",
        "fungsi_jalan_cctv_id": 6,
        "masuk_prov": "N",
        "keluar_prov": "N",
        "is_active": 1,
        "channel_id_event": null,
        "hls_cctv": null,
        "cctv_category_id": 5,
        "kecamatan": null,
        "kota": null,
        "nama_objek_vital": null,
        "channel_id_enforcement": null,
        "cctv_id": "640561d6-f034-4d31-97dc-3295896c6e2c",
        "polda": "Polda Bali",
        "polres": "POLRES BADUNG",
        "fungsi_jalan": "ARTERI",
        "category": "DALAM KOTA",
        "in_out": null,
        "ket_in_out": null,
        "_region": "bali",
        "Satwil": "Polda Bali"
      }
    },
    {
      "type": "Feature",
      "geometry": {
        "type": "Point",
        "coordinates": [
          115.167926,
          -8.646811
        ]
      },
      "properties": {
        "rowid": 366,
        "nama_cctv": "CTV222 DISKOM BDG KRBK BANJAR SILAYUKTI",
        "polda_id": "17",
        "polres_id": "265",
        "status": "hidup",
        "ctdby": "4000ORGANIK",
        "ctddate": "2023-10-26T16:00:00.000Z",
        "ctdtime": "23:59:00",
        "rtsp_cctv": "rtsp://satansheir:letyur13@172.16.80.14:554/cam/realmonitor?channel=222&subtype=1",
        "channel_code": null,
        "ctdupd": null,
        "instansi": "diskominfo",
        "jenis_cctv": "Analytic Checkpoint",
        "nama_jalan_s": "Simpang Pengubungan",
        "channel_id": "1000043$1$0$221",
        "cctv_in": "N",
        "cctv_out": "N",
        "masuk_kab": "N",
        "keluar_kab": "N",
        "keterangan": "checkpoint",
        "fungsi_jalan_cctv_id": 6,
        "masuk_prov": "N",
        "keluar_prov": "N",
        "is_active": 1,
        "channel_id_event": null,
        "hls_cctv": null,
        "cctv_category_id": 5,
        "kecamatan": null,
        "kota": null,
        "nama_objek_vital": null,
        "channel_id_enforcement": null,
        "cctv_id": "89f62dea-9090-486d-8a25-10a54c079fab",
        "polda": "Polda Bali",
        "polres": "POLRES BADUNG",
        "fungsi_jalan": "ARTERI",
        "category": "DALAM KOTA",
        "in_out": null,
        "ket_in_out": null,
        "_region": "bali",
        "Satwil": "Polda Bali"
      }
    },
    {
      "type": "Feature",
      "geometry": {
        "type": "Point",
        "coordinates": [
          115.173145,
          -8.646534
        ]
      },
      "properties": {
        "rowid": 365,
        "nama_cctv": "CTV221 DISKOM BDG KRBK SP SMP 1 KUTA UTARA 2",
        "polda_id": "17",
        "polres_id": "265",
        "status": "hidup",
        "ctdby": "4000ORGANIK",
        "ctddate": "2023-10-26T16:00:00.000Z",
        "ctdtime": "23:59:00",
        "rtsp_cctv": "rtsp://satansheir:letyur13@172.16.80.14:554/cam/realmonitor?channel=221&subtype=1",
        "channel_code": null,
        "ctdupd": null,
        "instansi": "diskominfo",
        "jenis_cctv": "Analytic Checkpoint",
        "nama_jalan_s": "Simpang Kesambi",
        "channel_id": "1000043$1$0$220",
        "cctv_in": "N",
        "cctv_out": "N",
        "masuk_kab": "N",
        "keluar_kab": "N",
        "keterangan": "checkpoint",
        "fungsi_jalan_cctv_id": 6,
        "masuk_prov": "N",
        "keluar_prov": "N",
        "is_active": 1,
        "channel_id_event": null,
        "hls_cctv": null,
        "cctv_category_id": 5,
        "kecamatan": null,
        "kota": null,
        "nama_objek_vital": null,
        "channel_id_enforcement": null,
        "cctv_id": "595c54d6-ac74-472c-af5d-59a6ade4505f",
        "polda": "Polda Bali",
        "polres": "POLRES BADUNG",
        "fungsi_jalan": "ARTERI",
        "category": "DALAM KOTA",
        "in_out": null,
        "ket_in_out": null,
        "_region": "bali",
        "Satwil": "Polda Bali"
      }
    },
    {
      "type": "Feature",
      "geometry": {
        "type": "Point",
        "coordinates": [
          115.173211,
          -8.646514
        ]
      },
      "properties": {
        "rowid": 364,
        "nama_cctv": "CTV220 DISKOM BDG KRBK SP SMP 1 KUTA UTARA 1",
        "polda_id": "17",
        "polres_id": "265",
        "status": "hidup",
        "ctdby": "4000ORGANIK",
        "ctddate": "2023-10-26T16:00:00.000Z",
        "ctdtime": "23:59:00",
        "rtsp_cctv": "rtsp://satansheir:letyur13@172.16.80.14:554/cam/realmonitor?channel=220&subtype=1",
        "channel_code": null,
        "ctdupd": null,
        "instansi": "diskominfo",
        "jenis_cctv": "Analytic Checkpoint",
        "nama_jalan_s": "Simpang Kesambi",
        "channel_id": "1000043$1$0$219",
        "cctv_in": "N",
        "cctv_out": "N",
        "masuk_kab": "N",
        "keluar_kab": "N",
        "keterangan": "checkpoint",
        "fungsi_jalan_cctv_id": 6,
        "masuk_prov": "N",
        "keluar_prov": "N",
        "is_active": 1,
        "channel_id_event": null,
        "hls_cctv": null,
        "cctv_category_id": 5,
        "kecamatan": null,
        "kota": null,
        "nama_objek_vital": null,
        "channel_id_enforcement": null,
        "cctv_id": "f633a0ed-6c41-42d7-a00e-bec6dcb64813",
        "polda": "Polda Bali",
        "polres": "POLRES BADUNG",
        "fungsi_jalan": "ARTERI",
        "category": "DALAM KOTA",
        "in_out": null,
        "ket_in_out": null,
        "_region": "bali",
        "Satwil": "Polda Bali"
      }
    },
    {
      "type": "Feature",
      "geometry": {
        "type": "Point",
        "coordinates": [
          115.17306,
          -8.656255
        ]
      },
      "properties": {
        "rowid": 363,
        "nama_cctv": "CTV219 DISKOM BDG KRBK SP KEDAMPANG 2",
        "polda_id": "17",
        "polres_id": "265",
        "status": "hidup",
        "ctdby": "4000ORGANIK",
        "ctddate": "2023-10-26T16:00:00.000Z",
        "ctdtime": "23:59:00",
        "rtsp_cctv": "rtsp://satansheir:letyur13@172.16.80.14:554/cam/realmonitor?channel=219&subtype=1",
        "channel_code": null,
        "ctdupd": null,
        "instansi": "diskominfo",
        "jenis_cctv": "Analytic Checkpoint",
        "nama_jalan_s": "Simpang Kedampang",
        "channel_id": "1000043$1$0$218",
        "cctv_in": "N",
        "cctv_out": "N",
        "masuk_kab": "N",
        "keluar_kab": "N",
        "keterangan": "checkpoint",
        "fungsi_jalan_cctv_id": 6,
        "masuk_prov": "N",
        "keluar_prov": "N",
        "is_active": 1,
        "channel_id_event": null,
        "hls_cctv": null,
        "cctv_category_id": 5,
        "kecamatan": null,
        "kota": null,
        "nama_objek_vital": null,
        "channel_id_enforcement": null,
        "cctv_id": "d6c56bef-beda-4f38-9d1d-726dbb656448",
        "polda": "Polda Bali",
        "polres": "POLRES BADUNG",
        "fungsi_jalan": "ARTERI",
        "category": "DALAM KOTA",
        "in_out": null,
        "ket_in_out": null,
        "_region": "bali",
        "Satwil": "Polda Bali"
      }
    },
    {
      "type": "Feature",
      "geometry": {
        "type": "Point",
        "coordinates": [
          115.172907,
          -8.656296
        ]
      },
      "properties": {
        "rowid": 362,
        "nama_cctv": "CTV218 DISKOM BDG KRBK SP KEDAMPANG 1",
        "polda_id": "17",
        "polres_id": "265",
        "status": "hidup",
        "ctdby": "4000ORGANIK",
        "ctddate": "2023-10-26T16:00:00.000Z",
        "ctdtime": "23:59:00",
        "rtsp_cctv": "rtsp://satansheir:letyur13@172.16.80.14:554/cam/realmonitor?channel=218&subtype=1",
        "channel_code": null,
        "ctdupd": null,
        "instansi": "diskominfo",
        "jenis_cctv": "Analytic Checkpoint",
        "nama_jalan_s": "Simpang Kedampang",
        "channel_id": "1000043$1$0$217",
        "cctv_in": "N",
        "cctv_out": "N",
        "masuk_kab": "N",
        "keluar_kab": "N",
        "keterangan": "checkpoint",
        "fungsi_jalan_cctv_id": 6,
        "masuk_prov": "N",
        "keluar_prov": "N",
        "is_active": 1,
        "channel_id_event": null,
        "hls_cctv": null,
        "cctv_category_id": 5,
        "kecamatan": null,
        "kota": null,
        "nama_objek_vital": null,
        "channel_id_enforcement": null,
        "cctv_id": "eeed2c8d-2c22-4e25-ab62-209cbd904aa6",
        "polda": "Polda Bali",
        "polres": "POLRES BADUNG",
        "fungsi_jalan": "ARTERI",
        "category": "DALAM KOTA",
        "in_out": null,
        "ket_in_out": null,
        "_region": "bali",
        "Satwil": "Polda Bali"
      }
    },
    {
      "type": "Feature",
      "geometry": {
        "type": "Point",
        "coordinates": [
          115.161381,
          -8.648677
        ]
      },
      "properties": {
        "rowid": 361,
        "nama_cctv": "CTV217 DISKOM BDG KRBK BANJAR ANYAR KELOD 1",
        "polda_id": "17",
        "polres_id": "265",
        "status": "hidup",
        "ctdby": "4000ORGANIK",
        "ctddate": "2023-10-26T16:00:00.000Z",
        "ctdtime": "23:59:00",
        "rtsp_cctv": "rtsp://satansheir:letyur13@172.16.80.14:554/cam/realmonitor?channel=217&subtype=1",
        "channel_code": null,
        "ctdupd": null,
        "instansi": "diskominfo",
        "jenis_cctv": "Analytic Checkpoint",
        "nama_jalan_s": "Jalan Raya Anyar",
        "channel_id": "1000043$1$0$216",
        "cctv_in": "N",
        "cctv_out": "N",
        "masuk_kab": "N",
        "keluar_kab": "N",
        "keterangan": "checkpoint",
        "fungsi_jalan_cctv_id": 6,
        "masuk_prov": "N",
        "keluar_prov": "N",
        "is_active": 1,
        "channel_id_event": null,
        "hls_cctv": null,
        "cctv_category_id": 5,
        "kecamatan": null,
        "kota": null,
        "nama_objek_vital": null,
        "channel_id_enforcement": null,
        "cctv_id": "06962635-dbf6-4887-8d73-22379c583073",
        "polda": "Polda Bali",
        "polres": "POLRES BADUNG",
        "fungsi_jalan": "ARTERI",
        "category": "DALAM KOTA",
        "in_out": null,
        "ket_in_out": null,
        "_region": "bali",
        "Satwil": "Polda Bali"
      }
    },
    {
      "type": "Feature",
      "geometry": {
        "type": "Point",
        "coordinates": [
          115.172136,
          -8.628746
        ]
      },
      "properties": {
        "rowid": 360,
        "nama_cctv": "CTV216 DISKOM BDG DLNG BUNDARAN PERUM 2",
        "polda_id": "17",
        "polres_id": "265",
        "status": "hidup",
        "ctdby": "4000ORGANIK",
        "ctddate": "2023-10-26T16:00:00.000Z",
        "ctdtime": "23:59:00",
        "rtsp_cctv": "rtsp://satansheir:letyur13@172.16.80.14:554/cam/realmonitor?channel=216&subtype=1",
        "channel_code": null,
        "ctdupd": null,
        "instansi": "diskominfo",
        "jenis_cctv": "Analytic Checkpoint",
        "nama_jalan_s": "Simpang Bundaran Perum",
        "channel_id": "1000043$1$0$215",
        "cctv_in": "N",
        "cctv_out": "N",
        "masuk_kab": "N",
        "keluar_kab": "N",
        "keterangan": "checkpoint",
        "fungsi_jalan_cctv_id": 6,
        "masuk_prov": "N",
        "keluar_prov": "N",
        "is_active": 1,
        "channel_id_event": null,
        "hls_cctv": null,
        "cctv_category_id": 5,
        "kecamatan": null,
        "kota": null,
        "nama_objek_vital": null,
        "channel_id_enforcement": null,
        "cctv_id": "e72618e9-4479-4499-b885-1174affadc50",
        "polda": "Polda Bali",
        "polres": "POLRES BADUNG",
        "fungsi_jalan": "ARTERI",
        "category": "DALAM KOTA",
        "in_out": null,
        "ket_in_out": null,
        "_region": "bali",
        "Satwil": "Polda Bali"
      }
    },
    {
      "type": "Feature",
      "geometry": {
        "type": "Point",
        "coordinates": [
          115.172226,
          -8.628862
        ]
      },
      "properties": {
        "rowid": 359,
        "nama_cctv": "CTV215 DISKOM BDG DLNG BUNDARAN PERUM 1",
        "polda_id": "17",
        "polres_id": "265",
        "status": "hidup",
        "ctdby": "4000ORGANIK",
        "ctddate": "2023-10-26T16:00:00.000Z",
        "ctdtime": "23:59:00",
        "rtsp_cctv": "rtsp://satansheir:letyur13@172.16.80.14:554/cam/realmonitor?channel=215&subtype=1",
        "channel_code": null,
        "ctdupd": null,
        "instansi": "diskominfo",
        "jenis_cctv": "Analytic Checkpoint",
        "nama_jalan_s": "Simpang Bundaran Perum",
        "channel_id": "1000043$1$0$214",
        "cctv_in": "N",
        "cctv_out": "N",
        "masuk_kab": "N",
        "keluar_kab": "N",
        "keterangan": "checkpoint",
        "fungsi_jalan_cctv_id": 6,
        "masuk_prov": "N",
        "keluar_prov": "N",
        "is_active": 1,
        "channel_id_event": null,
        "hls_cctv": null,
        "cctv_category_id": 5,
        "kecamatan": null,
        "kota": null,
        "nama_objek_vital": null,
        "channel_id_enforcement": null,
        "cctv_id": "bb359c2b-5f9f-4238-a1cf-3c26da8860eb",
        "polda": "Polda Bali",
        "polres": "POLRES BADUNG",
        "fungsi_jalan": "ARTERI",
        "category": "DALAM KOTA",
        "in_out": null,
        "ket_in_out": null,
        "_region": "bali",
        "Satwil": "Polda Bali"
      }
    },
    {
      "type": "Feature",
      "geometry": {
        "type": "Point",
        "coordinates": [
          115.175989,
          -8.610867
        ]
      },
      "properties": {
        "rowid": 358,
        "nama_cctv": "CTV214 DISKOM BDG DLNG SP PADANG LUWIH",
        "polda_id": "17",
        "polres_id": "265",
        "status": "hidup",
        "ctdby": "4000ORGANIK",
        "ctddate": "2023-10-26T16:00:00.000Z",
        "ctdtime": "23:59:00",
        "rtsp_cctv": "rtsp://satansheir:letyur13@172.16.80.14:554/cam/realmonitor?channel=214&subtype=1",
        "channel_code": null,
        "ctdupd": null,
        "instansi": "diskominfo",
        "jenis_cctv": "Analytic Checkpoint",
        "nama_jalan_s": "Simpang Padang Luwih",
        "channel_id": "1000043$1$0$213",
        "cctv_in": "N",
        "cctv_out": "N",
        "masuk_kab": "N",
        "keluar_kab": "N",
        "keterangan": "checkpoint",
        "fungsi_jalan_cctv_id": 6,
        "masuk_prov": "N",
        "keluar_prov": "N",
        "is_active": 1,
        "channel_id_event": null,
        "hls_cctv": null,
        "cctv_category_id": 5,
        "kecamatan": null,
        "kota": null,
        "nama_objek_vital": null,
        "channel_id_enforcement": null,
        "cctv_id": "8173ba69-11d9-4482-aa58-cbb23aa3a7a1",
        "polda": "Polda Bali",
        "polres": "POLRES BADUNG",
        "fungsi_jalan": "ARTERI",
        "category": "DALAM KOTA",
        "in_out": null,
        "ket_in_out": null,
        "_region": "bali",
        "Satwil": "Polda Bali"
      }
    },
    {
      "type": "Feature",
      "geometry": {
        "type": "Point",
        "coordinates": [
          115.13474,
          -8.651367
        ]
      },
      "properties": {
        "rowid": 357,
        "nama_cctv": "CTV213 DISKOM BDG CNGU SP NELAYAN",
        "polda_id": "17",
        "polres_id": "265",
        "status": "mati",
        "ctdby": "4000ORGANIK",
        "ctddate": "2023-10-26T16:00:00.000Z",
        "ctdtime": "23:59:00",
        "rtsp_cctv": "rtsp://satansheir:letyur13@172.16.80.14:554/cam/realmonitor?channel=213&subtype=1",
        "channel_code": null,
        "ctdupd": null,
        "instansi": "diskominfo",
        "jenis_cctv": "Analytic Checkpoint",
        "nama_jalan_s": "Simpang Nelayan",
        "channel_id": "1000043$1$0$212",
        "cctv_in": "N",
        "cctv_out": "N",
        "masuk_kab": "N",
        "keluar_kab": "N",
        "keterangan": "checkpoint",
        "fungsi_jalan_cctv_id": 6,
        "masuk_prov": "N",
        "keluar_prov": "N",
        "is_active": 1,
        "channel_id_event": null,
        "hls_cctv": null,
        "cctv_category_id": 5,
        "kecamatan": null,
        "kota": null,
        "nama_objek_vital": null,
        "channel_id_enforcement": null,
        "cctv_id": "a83bcff0-f503-43c8-9744-2c0c374c9438",
        "polda": "Polda Bali",
        "polres": "POLRES BADUNG",
        "fungsi_jalan": "ARTERI",
        "category": "DALAM KOTA",
        "in_out": null,
        "ket_in_out": null,
        "_region": "bali",
        "Satwil": "Polda Bali"
      }
    },
    {
      "type": "Feature",
      "geometry": {
        "type": "Point",
        "coordinates": [
          115.143617,
          -8.636105
        ]
      },
      "properties": {
        "rowid": 356,
        "nama_cctv": "CTV212 DISKOM BDG CNGU PADI SOCIALCLUB 2",
        "polda_id": "17",
        "polres_id": "265",
        "status": "hidup",
        "ctdby": "4000ORGANIK",
        "ctddate": "2023-10-26T16:00:00.000Z",
        "ctdtime": "23:59:00",
        "rtsp_cctv": "rtsp://satansheir:letyur13@172.16.80.14:554/cam/realmonitor?channel=212&subtype=1",
        "channel_code": null,
        "ctdupd": null,
        "instansi": "diskominfo",
        "jenis_cctv": "Analytic Checkpoint",
        "nama_jalan_s": "Jl. Raya Canggu Tanah Lot No.336",
        "channel_id": "1000043$1$0$211",
        "cctv_in": "N",
        "cctv_out": "N",
        "masuk_kab": "N",
        "keluar_kab": "N",
        "keterangan": "checkpoint",
        "fungsi_jalan_cctv_id": 6,
        "masuk_prov": "N",
        "keluar_prov": "N",
        "is_active": 1,
        "channel_id_event": null,
        "hls_cctv": null,
        "cctv_category_id": 5,
        "kecamatan": null,
        "kota": null,
        "nama_objek_vital": null,
        "channel_id_enforcement": null,
        "cctv_id": "589d596b-ab38-4ad6-a34e-93f81e25c3d1",
        "polda": "Polda Bali",
        "polres": "POLRES BADUNG",
        "fungsi_jalan": "ARTERI",
        "category": "DALAM KOTA",
        "in_out": null,
        "ket_in_out": null,
        "_region": "bali",
        "Satwil": "Polda Bali"
      }
    },
    {
      "type": "Feature",
      "geometry": {
        "type": "Point",
        "coordinates": [
          115.147111,
          -8.636694
        ]
      },
      "properties": {
        "rowid": 355,
        "nama_cctv": "CTV211 DISKOM BDG CNGU SP PIPITAN",
        "polda_id": "17",
        "polres_id": "265",
        "status": "mati",
        "ctdby": "4000ORGANIK",
        "ctddate": "2023-10-26T16:00:00.000Z",
        "ctdtime": "23:59:00",
        "rtsp_cctv": "rtsp://satansheir:letyur13@172.16.80.14:554/cam/realmonitor?channel=211&subtype=1",
        "channel_code": null,
        "ctdupd": null,
        "instansi": "diskominfo",
        "jenis_cctv": "Analytic Checkpoint",
        "nama_jalan_s": "Simpang Batu Bolong",
        "channel_id": "1000043$1$0$210",
        "cctv_in": "N",
        "cctv_out": "N",
        "masuk_kab": "N",
        "keluar_kab": "N",
        "keterangan": "checkpoint",
        "fungsi_jalan_cctv_id": 6,
        "masuk_prov": "N",
        "keluar_prov": "N",
        "is_active": 1,
        "channel_id_event": null,
        "hls_cctv": null,
        "cctv_category_id": 5,
        "kecamatan": null,
        "kota": null,
        "nama_objek_vital": null,
        "channel_id_enforcement": null,
        "cctv_id": "6e631d06-2e49-49e8-bdbb-9b8c37bb9510",
        "polda": "Polda Bali",
        "polres": "POLRES BADUNG",
        "fungsi_jalan": "ARTERI",
        "category": "DALAM KOTA",
        "in_out": null,
        "ket_in_out": null,
        "_region": "bali",
        "Satwil": "Polda Bali"
      }
    },
    {
      "type": "Feature",
      "geometry": {
        "type": "Point",
        "coordinates": [
          115.143507,
          -8.636148
        ]
      },
      "properties": {
        "rowid": 354,
        "nama_cctv": "CTV210 DISKOM BDG CNGU PADI SOCIALCLUB 1",
        "polda_id": "17",
        "polres_id": "265",
        "status": "hidup",
        "ctdby": "4000ORGANIK",
        "ctddate": "2023-10-26T16:00:00.000Z",
        "ctdtime": "23:59:00",
        "rtsp_cctv": "rtsp://satansheir:letyur13@172.16.80.14:554/cam/realmonitor?channel=210&subtype=1",
        "channel_code": null,
        "ctdupd": null,
        "instansi": "diskominfo",
        "jenis_cctv": "Analytic Checkpoint",
        "nama_jalan_s": "Jl. Raya Canggu Tanah Lot No.336",
        "channel_id": "1000043$1$0$209",
        "cctv_in": "N",
        "cctv_out": "N",
        "masuk_kab": "N",
        "keluar_kab": "N",
        "keterangan": "checkpoint",
        "fungsi_jalan_cctv_id": 6,
        "masuk_prov": "N",
        "keluar_prov": "N",
        "is_active": 1,
        "channel_id_event": null,
        "hls_cctv": null,
        "cctv_category_id": 5,
        "kecamatan": null,
        "kota": null,
        "nama_objek_vital": null,
        "channel_id_enforcement": null,
        "cctv_id": "35b1db71-4d10-40ed-8029-7e1510527c6f",
        "polda": "Polda Bali",
        "polres": "POLRES BADUNG",
        "fungsi_jalan": "ARTERI",
        "category": "DALAM KOTA",
        "in_out": null,
        "ket_in_out": null,
        "_region": "bali",
        "Satwil": "Polda Bali"
      }
    },
    {
      "type": "Feature",
      "geometry": {
        "type": "Point",
        "coordinates": [
          115.166876,
          -8.709047
        ]
      },
      "properties": {
        "rowid": 353,
        "nama_cctv": "CTV209 DISKOM BDG LGAN TIKUNGAN PANTAI KUTA",
        "polda_id": "17",
        "polres_id": "265",
        "status": "mati",
        "ctdby": "4000ORGANIK",
        "ctddate": "2023-10-26T16:00:00.000Z",
        "ctdtime": "23:59:00",
        "rtsp_cctv": "rtsp://satansheir:letyur13@172.16.80.14:554/cam/realmonitor?channel=209&subtype=1",
        "channel_code": null,
        "ctdupd": null,
        "instansi": "diskominfo",
        "jenis_cctv": "Analytic Checkpoint",
        "nama_jalan_s": "Simpang Pantai Legian",
        "channel_id": "1000043$1$0$208",
        "cctv_in": "N",
        "cctv_out": "N",
        "masuk_kab": "N",
        "keluar_kab": "N",
        "keterangan": "checkpoint",
        "fungsi_jalan_cctv_id": 6,
        "masuk_prov": "N",
        "keluar_prov": "N",
        "is_active": 1,
        "channel_id_event": null,
        "hls_cctv": null,
        "cctv_category_id": 5,
        "kecamatan": null,
        "kota": null,
        "nama_objek_vital": null,
        "channel_id_enforcement": null,
        "cctv_id": "c29ca6cd-0a04-4e93-ba0a-791efbdcbf28",
        "polda": "Polda Bali",
        "polres": "POLRES BADUNG",
        "fungsi_jalan": "ARTERI",
        "category": "DALAM KOTA",
        "in_out": null,
        "ket_in_out": null,
        "_region": "bali",
        "Satwil": "Polda Bali"
      }
    },
    {
      "type": "Feature",
      "geometry": {
        "type": "Point",
        "coordinates": [
          115.170576,
          -8.71102
        ]
      },
      "properties": {
        "rowid": 352,
        "nama_cctv": "CTV208 DISKOM BDG LGAN JL LEBAK BENE",
        "polda_id": "17",
        "polres_id": "265",
        "status": "mati",
        "ctdby": "4000ORGANIK",
        "ctddate": "2023-10-26T16:00:00.000Z",
        "ctdtime": "23:59:00",
        "rtsp_cctv": "rtsp://satansheir:letyur13@172.16.80.14:554/cam/realmonitor?channel=208&subtype=1",
        "channel_code": null,
        "ctdupd": null,
        "instansi": "diskominfo",
        "jenis_cctv": "Analytic Checkpoint",
        "nama_jalan_s": "Jalan Lebak Bene",
        "channel_id": "1000043$1$0$207",
        "cctv_in": "N",
        "cctv_out": "N",
        "masuk_kab": "N",
        "keluar_kab": "N",
        "keterangan": "checkpoint",
        "fungsi_jalan_cctv_id": 6,
        "masuk_prov": "N",
        "keluar_prov": "N",
        "is_active": 1,
        "channel_id_event": null,
        "hls_cctv": null,
        "cctv_category_id": 5,
        "kecamatan": null,
        "kota": null,
        "nama_objek_vital": null,
        "channel_id_enforcement": null,
        "cctv_id": "f72b5f13-ea41-4641-bc4d-18b281b51b55",
        "polda": "Polda Bali",
        "polres": "POLRES BADUNG",
        "fungsi_jalan": "ARTERI",
        "category": "DALAM KOTA",
        "in_out": null,
        "ket_in_out": null,
        "_region": "bali",
        "Satwil": "Polda Bali"
      }
    },
    {
      "type": "Feature",
      "geometry": {
        "type": "Point",
        "coordinates": [
          115.174474,
          -8.717635
        ]
      },
      "properties": {
        "rowid": 351,
        "nama_cctv": "CTV207 DISKOM BDG KUTA MAYBE TONY",
        "polda_id": "17",
        "polres_id": "265",
        "status": "hidup",
        "ctdby": "4000ORGANIK",
        "ctddate": "2023-10-26T16:00:00.000Z",
        "ctdtime": "23:59:00",
        "rtsp_cctv": "rtsp://satansheir:letyur13@172.16.80.14:554/cam/realmonitor?channel=207&subtype=1",
        "channel_code": null,
        "ctdupd": null,
        "instansi": "diskominfo",
        "jenis_cctv": "Analytic Checkpoint",
        "nama_jalan_s": "Simpang Poppies Legian",
        "channel_id": "1000043$1$0$206",
        "cctv_in": "N",
        "cctv_out": "N",
        "masuk_kab": "N",
        "keluar_kab": "N",
        "keterangan": "checkpoint",
        "fungsi_jalan_cctv_id": 6,
        "masuk_prov": "N",
        "keluar_prov": "N",
        "is_active": 1,
        "channel_id_event": null,
        "hls_cctv": null,
        "cctv_category_id": 5,
        "kecamatan": null,
        "kota": null,
        "nama_objek_vital": null,
        "channel_id_enforcement": null,
        "cctv_id": "c2c9a8f7-a90b-432b-b6c8-d709264578ab",
        "polda": "Polda Bali",
        "polres": "POLRES BADUNG",
        "fungsi_jalan": "ARTERI",
        "category": "DALAM KOTA",
        "in_out": null,
        "ket_in_out": null,
        "_region": "bali",
        "Satwil": "Polda Bali"
      }
    },
    {
      "type": "Feature",
      "geometry": {
        "type": "Point",
        "coordinates": [
          115.174505,
          -8.717623
        ]
      },
      "properties": {
        "rowid": 350,
        "nama_cctv": "CTV206 DISKOM BDG KUTA GANG SAMUAN TIGA",
        "polda_id": "17",
        "polres_id": "265",
        "status": "hidup",
        "ctdby": "4000ORGANIK",
        "ctddate": "2023-10-26T16:00:00.000Z",
        "ctdtime": "23:59:00",
        "rtsp_cctv": "rtsp://satansheir:letyur13@172.16.80.14:554/cam/realmonitor?channel=206&subtype=1",
        "channel_code": null,
        "ctdupd": null,
        "instansi": "diskominfo",
        "jenis_cctv": "Analytic Checkpoint",
        "nama_jalan_s": "Simpang Poppies Legian",
        "channel_id": "1000043$1$0$205",
        "cctv_in": "N",
        "cctv_out": "N",
        "masuk_kab": "N",
        "keluar_kab": "N",
        "keterangan": "checkpoint",
        "fungsi_jalan_cctv_id": 6,
        "masuk_prov": "N",
        "keluar_prov": "N",
        "is_active": 1,
        "channel_id_event": null,
        "hls_cctv": null,
        "cctv_category_id": 5,
        "kecamatan": null,
        "kota": null,
        "nama_objek_vital": null,
        "channel_id_enforcement": null,
        "cctv_id": "dd880d51-ab52-4d44-ba09-36bc868b851d",
        "polda": "Polda Bali",
        "polres": "POLRES BADUNG",
        "fungsi_jalan": "ARTERI",
        "category": "DALAM KOTA",
        "in_out": null,
        "ket_in_out": null,
        "_region": "bali",
        "Satwil": "Polda Bali"
      }
    },
    {
      "type": "Feature",
      "geometry": {
        "type": "Point",
        "coordinates": [
          115.174513,
          -8.717397
        ]
      },
      "properties": {
        "rowid": 349,
        "nama_cctv": "CTV205 DISKOM BDG KUTA TUGU GROUND ZERO 2",
        "polda_id": "17",
        "polres_id": "265",
        "status": "mati",
        "ctdby": "4000ORGANIK",
        "ctddate": "2023-10-26T16:00:00.000Z",
        "ctdtime": "23:59:00",
        "rtsp_cctv": "rtsp://satansheir:letyur13@172.16.80.14:554/cam/realmonitor?channel=205&subtype=1",
        "channel_code": null,
        "ctdupd": null,
        "instansi": "diskominfo",
        "jenis_cctv": "Analytic Checkpoint",
        "nama_jalan_s": "Simpang Ground Zero",
        "channel_id": "1000043$1$0$204",
        "cctv_in": "N",
        "cctv_out": "N",
        "masuk_kab": "N",
        "keluar_kab": "N",
        "keterangan": "checkpoint",
        "fungsi_jalan_cctv_id": 6,
        "masuk_prov": "N",
        "keluar_prov": "N",
        "is_active": 1,
        "channel_id_event": null,
        "hls_cctv": null,
        "cctv_category_id": 5,
        "kecamatan": null,
        "kota": null,
        "nama_objek_vital": null,
        "channel_id_enforcement": null,
        "cctv_id": "ce011339-ecc3-499e-af0e-16e9c150d1a6",
        "polda": "Polda Bali",
        "polres": "POLRES BADUNG",
        "fungsi_jalan": "ARTERI",
        "category": "DALAM KOTA",
        "in_out": null,
        "ket_in_out": null,
        "_region": "bali",
        "Satwil": "Polda Bali"
      }
    },
    {
      "type": "Feature",
      "geometry": {
        "type": "Point",
        "coordinates": [
          115.175024,
          -8.713672
        ]
      },
      "properties": {
        "rowid": 348,
        "nama_cctv": "CTV204 DISKOM BDG KUTA GANG BELAKANG THE ONE",
        "polda_id": "17",
        "polres_id": "265",
        "status": "hidup",
        "ctdby": "4000ORGANIK",
        "ctddate": "2023-10-26T16:00:00.000Z",
        "ctdtime": "23:59:00",
        "rtsp_cctv": "rtsp://satansheir:letyur13@172.16.80.14:554/cam/realmonitor?channel=204&subtype=1",
        "channel_code": null,
        "ctdupd": null,
        "instansi": "diskominfo",
        "jenis_cctv": "Analytic Checkpoint",
        "nama_jalan_s": "Gang Mangga",
        "channel_id": "1000043$1$0$203",
        "cctv_in": "N",
        "cctv_out": "N",
        "masuk_kab": "N",
        "keluar_kab": "N",
        "keterangan": "checkpoint",
        "fungsi_jalan_cctv_id": 6,
        "masuk_prov": "N",
        "keluar_prov": "N",
        "is_active": 1,
        "channel_id_event": null,
        "hls_cctv": null,
        "cctv_category_id": 5,
        "kecamatan": null,
        "kota": null,
        "nama_objek_vital": null,
        "channel_id_enforcement": null,
        "cctv_id": "bc1085d1-0f5a-41ed-b99d-b3805e82817f",
        "polda": "Polda Bali",
        "polres": "POLRES BADUNG",
        "fungsi_jalan": "ARTERI",
        "category": "DALAM KOTA",
        "in_out": null,
        "ket_in_out": null,
        "_region": "bali",
        "Satwil": "Polda Bali"
      }
    },
    {
      "type": "Feature",
      "geometry": {
        "type": "Point",
        "coordinates": [
          115.170443,
          -8.712387
        ]
      },
      "properties": {
        "rowid": 347,
        "nama_cctv": "CTV191 DISKOM BDG KUTA GANG HOTEL LUSA",
        "polda_id": "17",
        "polres_id": "265",
        "status": "hidup",
        "ctdby": "4000ORGANIK",
        "ctddate": "2023-10-26T16:00:00.000Z",
        "ctdtime": "23:59:00",
        "rtsp_cctv": "rtsp://satansheir:letyur13@172.16.80.14:554/cam/realmonitor?channel=191&subtype=1",
        "channel_code": null,
        "ctdupd": null,
        "instansi": "diskominfo",
        "jenis_cctv": "Analytic Checkpoint",
        "nama_jalan_s": "Jalan Benesari",
        "channel_id": "1000043$1$0$190",
        "cctv_in": "N",
        "cctv_out": "N",
        "masuk_kab": "N",
        "keluar_kab": "N",
        "keterangan": "checkpoint",
        "fungsi_jalan_cctv_id": 6,
        "masuk_prov": "N",
        "keluar_prov": "N",
        "is_active": 1,
        "channel_id_event": null,
        "hls_cctv": null,
        "cctv_category_id": 5,
        "kecamatan": null,
        "kota": null,
        "nama_objek_vital": null,
        "channel_id_enforcement": null,
        "cctv_id": "203ccb44-bac5-4eb1-9415-cb08e7d9aa8b",
        "polda": "Polda Bali",
        "polres": "POLRES BADUNG",
        "fungsi_jalan": "ARTERI",
        "category": "DALAM KOTA",
        "in_out": null,
        "ket_in_out": null,
        "_region": "bali",
        "Satwil": "Polda Bali"
      }
    },
    {
      "type": "Feature",
      "geometry": {
        "type": "Point",
        "coordinates": [
          115.167687,
          -8.713189
        ]
      },
      "properties": {
        "rowid": 346,
        "nama_cctv": "CTV190 DISKOM BDG KUTA PEPITO PANTAI KUTA",
        "polda_id": "17",
        "polres_id": "265",
        "status": "mati",
        "ctdby": "4000ORGANIK",
        "ctddate": "2023-10-26T16:00:00.000Z",
        "ctdtime": "23:59:00",
        "rtsp_cctv": "rtsp://satansheir:letyur13@172.16.80.14:554/cam/realmonitor?channel=190&subtype=1",
        "channel_code": null,
        "ctdupd": null,
        "instansi": "diskominfo",
        "jenis_cctv": "Analytic Checkpoint",
        "nama_jalan_s": "Jl. Pantai Kuta",
        "channel_id": "1000043$1$0$189",
        "cctv_in": "N",
        "cctv_out": "N",
        "masuk_kab": "N",
        "keluar_kab": "N",
        "keterangan": "checkpoint",
        "fungsi_jalan_cctv_id": 6,
        "masuk_prov": "N",
        "keluar_prov": "N",
        "is_active": 1,
        "channel_id_event": null,
        "hls_cctv": null,
        "cctv_category_id": 5,
        "kecamatan": null,
        "kota": null,
        "nama_objek_vital": null,
        "channel_id_enforcement": null,
        "cctv_id": "6ecc7956-8fd8-4128-8b33-ff9fceba8c2a",
        "polda": "Polda Bali",
        "polres": "POLRES BADUNG",
        "fungsi_jalan": "ARTERI",
        "category": "DALAM KOTA",
        "in_out": null,
        "ket_in_out": null,
        "_region": "bali",
        "Satwil": "Polda Bali"
      }
    },
    {
      "type": "Feature",
      "geometry": {
        "type": "Point",
        "coordinates": [
          115.169705,
          -8.721896
        ]
      },
      "properties": {
        "rowid": 345,
        "nama_cctv": "CTV189 DISKOM BDG KUTA HARDROCK 2",
        "polda_id": "17",
        "polres_id": "265",
        "status": "mati",
        "ctdby": "4000ORGANIK",
        "ctddate": "2023-10-26T16:00:00.000Z",
        "ctdtime": "23:59:00",
        "rtsp_cctv": "rtsp://satansheir:letyur13@172.16.80.14:554/cam/realmonitor?channel=189&subtype=1",
        "channel_code": null,
        "ctdupd": null,
        "instansi": "diskominfo",
        "jenis_cctv": "Analytic Checkpoint",
        "nama_jalan_s": "Jalan Pantai Kuta 1-10",
        "channel_id": "1000043$1$0$188",
        "cctv_in": "N",
        "cctv_out": "N",
        "masuk_kab": "N",
        "keluar_kab": "N",
        "keterangan": "checkpoint",
        "fungsi_jalan_cctv_id": 6,
        "masuk_prov": "N",
        "keluar_prov": "N",
        "is_active": 1,
        "channel_id_event": null,
        "hls_cctv": null,
        "cctv_category_id": 5,
        "kecamatan": null,
        "kota": null,
        "nama_objek_vital": null,
        "channel_id_enforcement": null,
        "cctv_id": "c187cdfd-6607-42d9-bdfc-b6baf623a847",
        "polda": "Polda Bali",
        "polres": "POLRES BADUNG",
        "fungsi_jalan": "ARTERI",
        "category": "DALAM KOTA",
        "in_out": null,
        "ket_in_out": null,
        "_region": "bali",
        "Satwil": "Polda Bali"
      }
    },
    {
      "type": "Feature",
      "geometry": {
        "type": "Point",
        "coordinates": [
          115.169195,
          -8.719752
        ]
      },
      "properties": {
        "rowid": 344,
        "nama_cctv": "CTV188 DISKOM BDG KUTA MINI MART PANTAI KUTA",
        "polda_id": "17",
        "polres_id": "265",
        "status": "mati",
        "ctdby": "4000ORGANIK",
        "ctddate": "2023-10-26T16:00:00.000Z",
        "ctdtime": "23:59:00",
        "rtsp_cctv": "rtsp://satansheir:letyur13@172.16.80.14:554/cam/realmonitor?channel=188&subtype=1",
        "channel_code": null,
        "ctdupd": null,
        "instansi": "diskominfo",
        "jenis_cctv": "Analytic Checkpoint",
        "nama_jalan_s": "Jl. Pantai Kuta 1",
        "channel_id": "1000043$1$0$187",
        "cctv_in": "N",
        "cctv_out": "N",
        "masuk_kab": "N",
        "keluar_kab": "N",
        "keterangan": "checkpoint",
        "fungsi_jalan_cctv_id": 6,
        "masuk_prov": "N",
        "keluar_prov": "N",
        "is_active": 1,
        "channel_id_event": null,
        "hls_cctv": null,
        "cctv_category_id": 5,
        "kecamatan": null,
        "kota": null,
        "nama_objek_vital": null,
        "channel_id_enforcement": null,
        "cctv_id": "f257fdd6-3e75-4fe9-a4ba-c8438d3cb371",
        "polda": "Polda Bali",
        "polres": "POLRES BADUNG",
        "fungsi_jalan": "ARTERI",
        "category": "DALAM KOTA",
        "in_out": null,
        "ket_in_out": null,
        "_region": "bali",
        "Satwil": "Polda Bali"
      }
    },
    {
      "type": "Feature",
      "geometry": {
        "type": "Point",
        "coordinates": [
          115.17548,
          -8.722363
        ]
      },
      "properties": {
        "rowid": 343,
        "nama_cctv": "CTV187 DISKOM BDG KUTA SP LEGIAN BUNISARI",
        "polda_id": "17",
        "polres_id": "265",
        "status": "mati",
        "ctdby": "4000ORGANIK",
        "ctddate": "2023-10-26T16:00:00.000Z",
        "ctdtime": "23:59:00",
        "rtsp_cctv": "rtsp://satansheir:letyur13@172.16.80.14:554/cam/realmonitor?channel=187&subtype=1",
        "channel_code": null,
        "ctdupd": null,
        "instansi": "diskominfo",
        "jenis_cctv": "Analytic Checkpoint",
        "nama_jalan_s": "Simpang Legian Pantai Kuta",
        "channel_id": "1000043$1$0$186",
        "cctv_in": "N",
        "cctv_out": "N",
        "masuk_kab": "N",
        "keluar_kab": "N",
        "keterangan": "checkpoint",
        "fungsi_jalan_cctv_id": 6,
        "masuk_prov": "N",
        "keluar_prov": "N",
        "is_active": 1,
        "channel_id_event": null,
        "hls_cctv": null,
        "cctv_category_id": 5,
        "kecamatan": null,
        "kota": null,
        "nama_objek_vital": null,
        "channel_id_enforcement": null,
        "cctv_id": "d5fc067d-cb26-442e-835b-39bf5f01d6ed",
        "polda": "Polda Bali",
        "polres": "POLRES BADUNG",
        "fungsi_jalan": "ARTERI",
        "category": "DALAM KOTA",
        "in_out": null,
        "ket_in_out": null,
        "_region": "bali",
        "Satwil": "Polda Bali"
      }
    },
    {
      "type": "Feature",
      "geometry": {
        "type": "Point",
        "coordinates": [
          115.174533,
          -8.717402
        ]
      },
      "properties": {
        "rowid": 342,
        "nama_cctv": "CTV186 DISKOM BDG KUTA TUGU GROUND ZERO 1",
        "polda_id": "17",
        "polres_id": "265",
        "status": "hidup",
        "ctdby": "4000ORGANIK",
        "ctddate": "2023-10-26T16:00:00.000Z",
        "ctdtime": "23:59:00",
        "rtsp_cctv": "rtsp://satansheir:letyur13@172.16.80.14:554/cam/realmonitor?channel=186&subtype=1",
        "channel_code": null,
        "ctdupd": null,
        "instansi": "diskominfo",
        "jenis_cctv": "Analytic Checkpoint",
        "nama_jalan_s": "Simpang Ground Zero",
        "channel_id": "1000043$1$0$185",
        "cctv_in": "N",
        "cctv_out": "N",
        "masuk_kab": "N",
        "keluar_kab": "N",
        "keterangan": "checkpoint",
        "fungsi_jalan_cctv_id": 6,
        "masuk_prov": "N",
        "keluar_prov": "N",
        "is_active": 1,
        "channel_id_event": null,
        "hls_cctv": null,
        "cctv_category_id": 5,
        "kecamatan": null,
        "kota": null,
        "nama_objek_vital": null,
        "channel_id_enforcement": null,
        "cctv_id": "9b0e875a-d374-4c8f-8036-bd2fbeef3fb9",
        "polda": "Polda Bali",
        "polres": "POLRES BADUNG",
        "fungsi_jalan": "ARTERI",
        "category": "DALAM KOTA",
        "in_out": null,
        "ket_in_out": null,
        "_region": "bali",
        "Satwil": "Polda Bali"
      }
    },
    {
      "type": "Feature",
      "geometry": {
        "type": "Point",
        "coordinates": [
          115.174678,
          -8.718343
        ]
      },
      "properties": {
        "rowid": 341,
        "nama_cctv": "CTV181 DISKOM BDG KUTA MAXI HOTEL",
        "polda_id": "17",
        "polres_id": "265",
        "status": "hidup",
        "ctdby": "4000ORGANIK",
        "ctddate": "2023-10-26T16:00:00.000Z",
        "ctdtime": "23:59:00",
        "rtsp_cctv": "rtsp://satansheir:letyur13@172.16.80.14:554/cam/realmonitor?channel=181&subtype=1",
        "channel_code": null,
        "ctdupd": null,
        "instansi": "diskominfo",
        "jenis_cctv": "Analytic Checkpoint",
        "nama_jalan_s": "Jl. Pasar Agung Poppies Lane II",
        "channel_id": "1000043$1$0$180",
        "cctv_in": "N",
        "cctv_out": "N",
        "masuk_kab": "N",
        "keluar_kab": "N",
        "keterangan": "checkpoint",
        "fungsi_jalan_cctv_id": 6,
        "masuk_prov": "N",
        "keluar_prov": "N",
        "is_active": 1,
        "channel_id_event": null,
        "hls_cctv": null,
        "cctv_category_id": 5,
        "kecamatan": null,
        "kota": null,
        "nama_objek_vital": null,
        "channel_id_enforcement": null,
        "cctv_id": "bb53f7c4-df24-4138-865e-6dc1fd3fc304",
        "polda": "Polda Bali",
        "polres": "POLRES BADUNG",
        "fungsi_jalan": "ARTERI",
        "category": "DALAM KOTA",
        "in_out": null,
        "ket_in_out": null,
        "_region": "bali",
        "Satwil": "Polda Bali"
      }
    },
    {
      "type": "Feature",
      "geometry": {
        "type": "Point",
        "coordinates": [
          115.173899,
          -8.715552
        ]
      },
      "properties": {
        "rowid": 340,
        "nama_cctv": "CTV180 DISKOM BDG KUTA INDIAN DOWNTOWN",
        "polda_id": "17",
        "polres_id": "265",
        "status": "hidup",
        "ctdby": "4000ORGANIK",
        "ctddate": "2023-10-26T16:00:00.000Z",
        "ctdtime": "23:59:00",
        "rtsp_cctv": "rtsp://satansheir:letyur13@172.16.80.14:554/cam/realmonitor?channel=180&subtype=1",
        "channel_code": null,
        "ctdupd": null,
        "instansi": "diskominfo",
        "jenis_cctv": "Analytic Checkpoint",
        "nama_jalan_s": "Jl. Raya Legian",
        "channel_id": "1000043$1$0$179",
        "cctv_in": "N",
        "cctv_out": "N",
        "masuk_kab": "N",
        "keluar_kab": "N",
        "keterangan": "checkpoint",
        "fungsi_jalan_cctv_id": 6,
        "masuk_prov": "N",
        "keluar_prov": "N",
        "is_active": 1,
        "channel_id_event": null,
        "hls_cctv": null,
        "cctv_category_id": 5,
        "kecamatan": null,
        "kota": null,
        "nama_objek_vital": null,
        "channel_id_enforcement": null,
        "cctv_id": "db9b4a71-16fb-4fca-b698-9401614f3569",
        "polda": "Polda Bali",
        "polres": "POLRES BADUNG",
        "fungsi_jalan": "ARTERI",
        "category": "DALAM KOTA",
        "in_out": null,
        "ket_in_out": null,
        "_region": "bali",
        "Satwil": "Polda Bali"
      }
    },
    {
      "type": "Feature",
      "geometry": {
        "type": "Point",
        "coordinates": [
          115.172967,
          -8.712249
        ]
      },
      "properties": {
        "rowid": 339,
        "nama_cctv": "CTV179 DISKOM BDG KUTA VEGAS FLAME TATTOO 2",
        "polda_id": "17",
        "polres_id": "265",
        "status": "hidup",
        "ctdby": "4000ORGANIK",
        "ctddate": "2023-10-26T16:00:00.000Z",
        "ctdtime": "23:59:00",
        "rtsp_cctv": "rtsp://satansheir:letyur13@172.16.80.14:554/cam/realmonitor?channel=179&subtype=1",
        "channel_code": null,
        "ctdupd": null,
        "instansi": "diskominfo",
        "jenis_cctv": "Analytic Checkpoint",
        "nama_jalan_s": "Simpang Benesari Patimura",
        "channel_id": "1000043$1$0$178",
        "cctv_in": "N",
        "cctv_out": "N",
        "masuk_kab": "N",
        "keluar_kab": "N",
        "keterangan": "checkpoint",
        "fungsi_jalan_cctv_id": 6,
        "masuk_prov": "N",
        "keluar_prov": "N",
        "is_active": 1,
        "channel_id_event": null,
        "hls_cctv": null,
        "cctv_category_id": 5,
        "kecamatan": null,
        "kota": null,
        "nama_objek_vital": null,
        "channel_id_enforcement": null,
        "cctv_id": "8b9cfd0e-9b71-4562-9aa2-b7f918d98895",
        "polda": "Polda Bali",
        "polres": "POLRES BADUNG",
        "fungsi_jalan": "ARTERI",
        "category": "DALAM KOTA",
        "in_out": null,
        "ket_in_out": null,
        "_region": "bali",
        "Satwil": "Polda Bali"
      }
    },
    {
      "type": "Feature",
      "geometry": {
        "type": "Point",
        "coordinates": [
          115.172967,
          -8.712249
        ]
      },
      "properties": {
        "rowid": 338,
        "nama_cctv": "CTV178 DISKOM BDG KUTA VEGAS FLAME TATTOO 1",
        "polda_id": "17",
        "polres_id": "265",
        "status": "hidup",
        "ctdby": "4000ORGANIK",
        "ctddate": "2023-10-26T16:00:00.000Z",
        "ctdtime": "23:59:00",
        "rtsp_cctv": "rtsp://satansheir:letyur13@172.16.80.14:554/cam/realmonitor?channel=178&subtype=1",
        "channel_code": null,
        "ctdupd": null,
        "instansi": "diskominfo",
        "jenis_cctv": "Analytic Checkpoint",
        "nama_jalan_s": "Simpang Benesari Patimura",
        "channel_id": "1000043$1$0$177",
        "cctv_in": "N",
        "cctv_out": "N",
        "masuk_kab": "N",
        "keluar_kab": "N",
        "keterangan": "checkpoint",
        "fungsi_jalan_cctv_id": 6,
        "masuk_prov": "N",
        "keluar_prov": "N",
        "is_active": 1,
        "channel_id_event": null,
        "hls_cctv": null,
        "cctv_category_id": 5,
        "kecamatan": null,
        "kota": null,
        "nama_objek_vital": null,
        "channel_id_enforcement": null,
        "cctv_id": "f621bc47-ac6a-42f0-9d8a-4c1d30e8c891",
        "polda": "Polda Bali",
        "polres": "POLRES BADUNG",
        "fungsi_jalan": "ARTERI",
        "category": "DALAM KOTA",
        "in_out": null,
        "ket_in_out": null,
        "_region": "bali",
        "Satwil": "Polda Bali"
      }
    },
    {
      "type": "Feature",
      "geometry": {
        "type": "Point",
        "coordinates": [
          115.17236,
          -8.715896
        ]
      },
      "properties": {
        "rowid": 337,
        "nama_cctv": "CTV177 DISKOM BDG KUTA JL BENESARI",
        "polda_id": "17",
        "polres_id": "265",
        "status": "hidup",
        "ctdby": "4000ORGANIK",
        "ctddate": "2023-10-26T16:00:00.000Z",
        "ctdtime": "23:59:00",
        "rtsp_cctv": "rtsp://satansheir:letyur13@172.16.80.14:554/cam/realmonitor?channel=177&subtype=1",
        "channel_code": null,
        "ctdupd": null,
        "instansi": "diskominfo",
        "jenis_cctv": "Analytic Checkpoint",
        "nama_jalan_s": "Jl. Benesari 100-1",
        "channel_id": "1000043$1$0$176",
        "cctv_in": "N",
        "cctv_out": "N",
        "masuk_kab": "N",
        "keluar_kab": "N",
        "keterangan": "checkpoint",
        "fungsi_jalan_cctv_id": 6,
        "masuk_prov": "N",
        "keluar_prov": "N",
        "is_active": 1,
        "channel_id_event": null,
        "hls_cctv": null,
        "cctv_category_id": 5,
        "kecamatan": null,
        "kota": null,
        "nama_objek_vital": null,
        "channel_id_enforcement": null,
        "cctv_id": "83923992-3c55-4618-b6dc-dc84a5937b1c",
        "polda": "Polda Bali",
        "polres": "POLRES BADUNG",
        "fungsi_jalan": "ARTERI",
        "category": "DALAM KOTA",
        "in_out": null,
        "ket_in_out": null,
        "_region": "bali",
        "Satwil": "Polda Bali"
      }
    },
    {
      "type": "Feature",
      "geometry": {
        "type": "Point",
        "coordinates": [
          115.172135,
          -8.714125
        ]
      },
      "properties": {
        "rowid": 336,
        "nama_cctv": "CTV176 DISKOM BDG KUTA FOUR POINTS HOTEL",
        "polda_id": "17",
        "polres_id": "265",
        "status": "hidup",
        "ctdby": "4000ORGANIK",
        "ctddate": "2023-10-26T16:00:00.000Z",
        "ctdtime": "23:59:00",
        "rtsp_cctv": "rtsp://satansheir:letyur13@172.16.80.14:554/cam/realmonitor?channel=176&subtype=1",
        "channel_code": null,
        "ctdupd": null,
        "instansi": "diskominfo",
        "jenis_cctv": "Analytic Checkpoint",
        "nama_jalan_s": "Jl. Benesari",
        "channel_id": "1000043$1$0$175",
        "cctv_in": "N",
        "cctv_out": "N",
        "masuk_kab": "N",
        "keluar_kab": "N",
        "keterangan": "checkpoint",
        "fungsi_jalan_cctv_id": 6,
        "masuk_prov": "N",
        "keluar_prov": "N",
        "is_active": 1,
        "channel_id_event": null,
        "hls_cctv": null,
        "cctv_category_id": 5,
        "kecamatan": null,
        "kota": null,
        "nama_objek_vital": null,
        "channel_id_enforcement": null,
        "cctv_id": "68d9bdb2-ae2d-4e8a-85c6-226fa1eecb0f",
        "polda": "Polda Bali",
        "polres": "POLRES BADUNG",
        "fungsi_jalan": "ARTERI",
        "category": "DALAM KOTA",
        "in_out": null,
        "ket_in_out": null,
        "_region": "bali",
        "Satwil": "Polda Bali"
      }
    },
    {
      "type": "Feature",
      "geometry": {
        "type": "Point",
        "coordinates": [
          115.170682,
          -8.717046
        ]
      },
      "properties": {
        "rowid": 335,
        "nama_cctv": "CTV175 DISKOM BDG KUTA GANG POPPIES II",
        "polda_id": "17",
        "polres_id": "265",
        "status": "hidup",
        "ctdby": "4000ORGANIK",
        "ctddate": "2023-10-26T16:00:00.000Z",
        "ctdtime": "23:59:00",
        "rtsp_cctv": "rtsp://satansheir:letyur13@172.16.80.14:554/cam/realmonitor?channel=175&subtype=1",
        "channel_code": null,
        "ctdupd": null,
        "instansi": "diskominfo",
        "jenis_cctv": "Analytic Checkpoint",
        "nama_jalan_s": "Jl. Poppies II",
        "channel_id": "1000043$1$0$174",
        "cctv_in": "N",
        "cctv_out": "N",
        "masuk_kab": "N",
        "keluar_kab": "N",
        "keterangan": "checkpoint",
        "fungsi_jalan_cctv_id": 6,
        "masuk_prov": "N",
        "keluar_prov": "N",
        "is_active": 1,
        "channel_id_event": null,
        "hls_cctv": null,
        "cctv_category_id": 5,
        "kecamatan": null,
        "kota": null,
        "nama_objek_vital": null,
        "channel_id_enforcement": null,
        "cctv_id": "ba087498-7b00-4dae-a079-39bfa34df2d4",
        "polda": "Polda Bali",
        "polres": "POLRES BADUNG",
        "fungsi_jalan": "ARTERI",
        "category": "DALAM KOTA",
        "in_out": null,
        "ket_in_out": null,
        "_region": "bali",
        "Satwil": "Polda Bali"
      }
    },
    {
      "type": "Feature",
      "geometry": {
        "type": "Point",
        "coordinates": [
          115.169279,
          -8.719972
        ]
      },
      "properties": {
        "rowid": 334,
        "nama_cctv": "CTV174 DISKOM BDG KUTA KUTABEX HOTEL",
        "polda_id": "17",
        "polres_id": "265",
        "status": "hidup",
        "ctdby": "4000ORGANIK",
        "ctddate": "2023-10-26T16:00:00.000Z",
        "ctdtime": "23:59:00",
        "rtsp_cctv": "rtsp://satansheir:letyur13@172.16.80.14:554/cam/realmonitor?channel=174&subtype=1",
        "channel_code": null,
        "ctdupd": null,
        "instansi": "diskominfo",
        "jenis_cctv": "Analytic Checkpoint",
        "nama_jalan_s": "Jl. Pantai Kuta",
        "channel_id": "1000043$1$0$173",
        "cctv_in": "N",
        "cctv_out": "N",
        "masuk_kab": "N",
        "keluar_kab": "N",
        "keterangan": "checkpoint",
        "fungsi_jalan_cctv_id": 6,
        "masuk_prov": "N",
        "keluar_prov": "N",
        "is_active": 1,
        "channel_id_event": null,
        "hls_cctv": null,
        "cctv_category_id": 5,
        "kecamatan": null,
        "kota": null,
        "nama_objek_vital": null,
        "channel_id_enforcement": null,
        "cctv_id": "00390df7-7cf5-481a-b317-34c388017d56",
        "polda": "Polda Bali",
        "polres": "POLRES BADUNG",
        "fungsi_jalan": "ARTERI",
        "category": "DALAM KOTA",
        "in_out": null,
        "ket_in_out": null,
        "_region": "bali",
        "Satwil": "Polda Bali"
      }
    },
    {
      "type": "Feature",
      "geometry": {
        "type": "Point",
        "coordinates": [
          115.175209,
          -8.720827
        ]
      },
      "properties": {
        "rowid": 333,
        "nama_cctv": "CTV173 DISKOM BDG KUTA BANJAR PENGABETAN",
        "polda_id": "17",
        "polres_id": "265",
        "status": "hidup",
        "ctdby": "4000ORGANIK",
        "ctddate": "2023-10-26T16:00:00.000Z",
        "ctdtime": "23:59:00",
        "rtsp_cctv": "rtsp://satansheir:letyur13@172.16.80.14:554/cam/realmonitor?channel=173&subtype=1",
        "channel_code": null,
        "ctdupd": null,
        "instansi": "diskominfo",
        "jenis_cctv": "Analytic Checkpoint",
        "nama_jalan_s": "Jl. Raya Legian",
        "channel_id": "1000043$1$0$172",
        "cctv_in": "N",
        "cctv_out": "N",
        "masuk_kab": "N",
        "keluar_kab": "N",
        "keterangan": "checkpoint",
        "fungsi_jalan_cctv_id": 6,
        "masuk_prov": "N",
        "keluar_prov": "N",
        "is_active": 1,
        "channel_id_event": null,
        "hls_cctv": null,
        "cctv_category_id": 5,
        "kecamatan": null,
        "kota": null,
        "nama_objek_vital": null,
        "channel_id_enforcement": null,
        "cctv_id": "18d5605e-3a90-4241-8914-ea96316f80d1",
        "polda": "Polda Bali",
        "polres": "POLRES BADUNG",
        "fungsi_jalan": "ARTERI",
        "category": "DALAM KOTA",
        "in_out": null,
        "ket_in_out": null,
        "_region": "bali",
        "Satwil": "Polda Bali"
      }
    },
    {
      "type": "Feature",
      "geometry": {
        "type": "Point",
        "coordinates": [
          115.169752,
          -8.721916
        ]
      },
      "properties": {
        "rowid": 332,
        "nama_cctv": "CTV172 DISKOM BDG KUTA HARDROCK 1",
        "polda_id": "17",
        "polres_id": "265",
        "status": "hidup",
        "ctdby": "4000ORGANIK",
        "ctddate": "2023-10-26T16:00:00.000Z",
        "ctdtime": "23:59:00",
        "rtsp_cctv": "rtsp://satansheir:letyur13@172.16.80.14:554/cam/realmonitor?channel=172&subtype=1",
        "channel_code": null,
        "ctdupd": null,
        "instansi": "diskominfo",
        "jenis_cctv": "Analytic Checkpoint",
        "nama_jalan_s": "Jalan Pantai Kuta 1-10",
        "channel_id": "1000043$1$0$171",
        "cctv_in": "N",
        "cctv_out": "N",
        "masuk_kab": "N",
        "keluar_kab": "N",
        "keterangan": "checkpoint",
        "fungsi_jalan_cctv_id": 6,
        "masuk_prov": "N",
        "keluar_prov": "N",
        "is_active": 1,
        "channel_id_event": null,
        "hls_cctv": null,
        "cctv_category_id": 5,
        "kecamatan": null,
        "kota": null,
        "nama_objek_vital": null,
        "channel_id_enforcement": null,
        "cctv_id": "48ccbadb-415b-4672-b700-dd2f1037d396",
        "polda": "Polda Bali",
        "polres": "POLRES BADUNG",
        "fungsi_jalan": "ARTERI",
        "category": "DALAM KOTA",
        "in_out": null,
        "ket_in_out": null,
        "_region": "bali",
        "Satwil": "Polda Bali"
      }
    },
    {
      "type": "Feature",
      "geometry": {
        "type": "Point",
        "coordinates": [
          115.173461,
          -8.722484
        ]
      },
      "properties": {
        "rowid": 331,
        "nama_cctv": "CTV171 DISKOM BDG KUTA CK PANTAI KUTA",
        "polda_id": "17",
        "polres_id": "265",
        "status": "hidup",
        "ctdby": "4000ORGANIK",
        "ctddate": "2023-10-26T16:00:00.000Z",
        "ctdtime": "23:59:00",
        "rtsp_cctv": "rtsp://satansheir:letyur13@172.16.80.14:554/cam/realmonitor?channel=171&subtype=1",
        "channel_code": null,
        "ctdupd": null,
        "instansi": "diskominfo",
        "jenis_cctv": "Analytic Checkpoint",
        "nama_jalan_s": "Simpang Khayangan Suci",
        "channel_id": "1000043$1$0$170",
        "cctv_in": "N",
        "cctv_out": "N",
        "masuk_kab": "N",
        "keluar_kab": "N",
        "keterangan": "checkpoint",
        "fungsi_jalan_cctv_id": 6,
        "masuk_prov": "N",
        "keluar_prov": "N",
        "is_active": 1,
        "channel_id_event": null,
        "hls_cctv": null,
        "cctv_category_id": 5,
        "kecamatan": null,
        "kota": null,
        "nama_objek_vital": null,
        "channel_id_enforcement": null,
        "cctv_id": "e1ed4f77-1295-48dd-900c-4a4c7cb32b65",
        "polda": "Polda Bali",
        "polres": "POLRES BADUNG",
        "fungsi_jalan": "ARTERI",
        "category": "DALAM KOTA",
        "in_out": null,
        "ket_in_out": null,
        "_region": "bali",
        "Satwil": "Polda Bali"
      }
    },
    {
      "type": "Feature",
      "geometry": {
        "type": "Point",
        "coordinates": [
          115.178947,
          -8.722177
        ]
      },
      "properties": {
        "rowid": 330,
        "nama_cctv": "CTV170 DISKOM BDG KUTA BALI PERMAI",
        "polda_id": "17",
        "polres_id": "265",
        "status": "mati",
        "ctdby": "4000ORGANIK",
        "ctddate": "2023-10-26T16:00:00.000Z",
        "ctdtime": "23:59:00",
        "rtsp_cctv": "rtsp://satansheir:letyur13@172.16.80.14:554/cam/realmonitor?channel=170&subtype=1",
        "channel_code": null,
        "ctdupd": null,
        "instansi": "diskominfo",
        "jenis_cctv": "Analytic Checkpoint",
        "nama_jalan_s": "Jl. Raya Kuta No.115",
        "channel_id": "1000043$1$0$169",
        "cctv_in": "N",
        "cctv_out": "N",
        "masuk_kab": "N",
        "keluar_kab": "N",
        "keterangan": "checkpoint",
        "fungsi_jalan_cctv_id": 6,
        "masuk_prov": "N",
        "keluar_prov": "N",
        "is_active": 1,
        "channel_id_event": null,
        "hls_cctv": null,
        "cctv_category_id": 5,
        "kecamatan": null,
        "kota": null,
        "nama_objek_vital": null,
        "channel_id_enforcement": null,
        "cctv_id": "5d900fef-3754-477a-b2ad-728434b3502b",
        "polda": "Polda Bali",
        "polres": "POLRES BADUNG",
        "fungsi_jalan": "ARTERI",
        "category": "DALAM KOTA",
        "in_out": null,
        "ket_in_out": null,
        "_region": "bali",
        "Satwil": "Polda Bali"
      }
    },
    {
      "type": "Feature",
      "geometry": {
        "type": "Point",
        "coordinates": [
          115.178086,
          -8.723688
        ]
      },
      "properties": {
        "rowid": 329,
        "nama_cctv": "CTV169 DISKOM BDG KUTA VIHARA DHARMAYANA",
        "polda_id": "17",
        "polres_id": "265",
        "status": "hidup",
        "ctdby": "4000ORGANIK",
        "ctddate": "2023-10-26T16:00:00.000Z",
        "ctdtime": "23:59:00",
        "rtsp_cctv": "rtsp://satansheir:letyur13@172.16.80.14:554/cam/realmonitor?channel=169&subtype=1",
        "channel_code": null,
        "ctdupd": null,
        "instansi": "diskominfo",
        "jenis_cctv": "Analytic Checkpoint",
        "nama_jalan_s": "Jalan Blambangan No.22",
        "channel_id": "1000043$1$0$168",
        "cctv_in": "N",
        "cctv_out": "N",
        "masuk_kab": "N",
        "keluar_kab": "N",
        "keterangan": "checkpoint",
        "fungsi_jalan_cctv_id": 6,
        "masuk_prov": "N",
        "keluar_prov": "N",
        "is_active": 1,
        "channel_id_event": null,
        "hls_cctv": null,
        "cctv_category_id": 5,
        "kecamatan": null,
        "kota": null,
        "nama_objek_vital": null,
        "channel_id_enforcement": null,
        "cctv_id": "7cc15739-ddc1-40a9-8da0-d13f1f97b1af",
        "polda": "Polda Bali",
        "polres": "POLRES BADUNG",
        "fungsi_jalan": "ARTERI",
        "category": "DALAM KOTA",
        "in_out": null,
        "ket_in_out": null,
        "_region": "bali",
        "Satwil": "Polda Bali"
      }
    },
    {
      "type": "Feature",
      "geometry": {
        "type": "Point",
        "coordinates": [
          115.170366,
          -8.72641
        ]
      },
      "properties": {
        "rowid": 328,
        "nama_cctv": "CTV168 DISKOM BDG KUTA HOTEL MELASTI",
        "polda_id": "17",
        "polres_id": "265",
        "status": "hidup",
        "ctdby": "4000ORGANIK",
        "ctddate": "2023-10-26T16:00:00.000Z",
        "ctdtime": "23:59:00",
        "rtsp_cctv": "rtsp://satansheir:letyur13@172.16.80.14:554/cam/realmonitor?channel=168&subtype=1",
        "channel_code": null,
        "ctdupd": null,
        "instansi": "diskominfo",
        "jenis_cctv": "Analytic Checkpoint",
        "nama_jalan_s": "Jalan Kartika Plaza",
        "channel_id": "1000043$1$0$167",
        "cctv_in": "N",
        "cctv_out": "N",
        "masuk_kab": "N",
        "keluar_kab": "N",
        "keterangan": "checkpoint",
        "fungsi_jalan_cctv_id": 6,
        "masuk_prov": "N",
        "keluar_prov": "N",
        "is_active": 1,
        "channel_id_event": null,
        "hls_cctv": null,
        "cctv_category_id": 5,
        "kecamatan": null,
        "kota": null,
        "nama_objek_vital": null,
        "channel_id_enforcement": null,
        "cctv_id": "365dc9d9-fbce-4c21-93f2-5022b643795c",
        "polda": "Polda Bali",
        "polres": "POLRES BADUNG",
        "fungsi_jalan": "ARTERI",
        "category": "DALAM KOTA",
        "in_out": null,
        "ket_in_out": null,
        "_region": "bali",
        "Satwil": "Polda Bali"
      }
    },
    {
      "type": "Feature",
      "geometry": {
        "type": "Point",
        "coordinates": [
          115.168656,
          -8.728885
        ]
      },
      "properties": {
        "rowid": 327,
        "nama_cctv": "CTV167 DISKOM BDG KUTA MALL DISCOVERY CENTRO 2",
        "polda_id": "17",
        "polres_id": "265",
        "status": "hidup",
        "ctdby": "4000ORGANIK",
        "ctddate": "2023-10-26T16:00:00.000Z",
        "ctdtime": "23:59:00",
        "rtsp_cctv": "rtsp://satansheir:letyur13@172.16.80.14:554/cam/realmonitor?channel=167&subtype=1",
        "channel_code": null,
        "ctdupd": null,
        "instansi": "diskominfo",
        "jenis_cctv": "Analytic Checkpoint",
        "nama_jalan_s": "Jalan Kartika Plaza 11-9",
        "channel_id": "1000043$1$0$166",
        "cctv_in": "N",
        "cctv_out": "N",
        "masuk_kab": "N",
        "keluar_kab": "N",
        "keterangan": "checkpoint",
        "fungsi_jalan_cctv_id": 6,
        "masuk_prov": "N",
        "keluar_prov": "N",
        "is_active": 1,
        "channel_id_event": null,
        "hls_cctv": null,
        "cctv_category_id": 5,
        "kecamatan": null,
        "kota": null,
        "nama_objek_vital": null,
        "channel_id_enforcement": null,
        "cctv_id": "eae4cb68-74b6-480d-b0d5-dab1e685f6bc",
        "polda": "Polda Bali",
        "polres": "POLRES BADUNG",
        "fungsi_jalan": "ARTERI",
        "category": "DALAM KOTA",
        "in_out": null,
        "ket_in_out": null,
        "_region": "bali",
        "Satwil": "Polda Bali"
      }
    },
    {
      "type": "Feature",
      "geometry": {
        "type": "Point",
        "coordinates": [
          115.168618,
          -8.729005
        ]
      },
      "properties": {
        "rowid": 326,
        "nama_cctv": "CTV166 DISKOM BDG KUTA MALL DISCOVERY CENTRO 1",
        "polda_id": "17",
        "polres_id": "265",
        "status": "hidup",
        "ctdby": "4000ORGANIK",
        "ctddate": "2023-10-26T16:00:00.000Z",
        "ctdtime": "23:59:00",
        "rtsp_cctv": "rtsp://satansheir:letyur13@172.16.80.14:554/cam/realmonitor?channel=166&subtype=1",
        "channel_code": null,
        "ctdupd": null,
        "instansi": "diskominfo",
        "jenis_cctv": "Analytic Checkpoint",
        "nama_jalan_s": "Jalan Kartika Plaza 11-9",
        "channel_id": "1000043$1$0$165",
        "cctv_in": "N",
        "cctv_out": "N",
        "masuk_kab": "N",
        "keluar_kab": "N",
        "keterangan": "checkpoint",
        "fungsi_jalan_cctv_id": 6,
        "masuk_prov": "N",
        "keluar_prov": "N",
        "is_active": 1,
        "channel_id_event": null,
        "hls_cctv": null,
        "cctv_category_id": 5,
        "kecamatan": null,
        "kota": null,
        "nama_objek_vital": null,
        "channel_id_enforcement": null,
        "cctv_id": "6c67ba09-b230-4979-9ecb-270189074837",
        "polda": "Polda Bali",
        "polres": "POLRES BADUNG",
        "fungsi_jalan": "ARTERI",
        "category": "DALAM KOTA",
        "in_out": null,
        "ket_in_out": null,
        "_region": "bali",
        "Satwil": "Polda Bali"
      }
    },
    {
      "type": "Feature",
      "geometry": {
        "type": "Point",
        "coordinates": [
          115.167324,
          -8.734824
        ]
      },
      "properties": {
        "rowid": 325,
        "nama_cctv": "CTV165 DISKOM BDG KUTA CARLA SPA LIPPO MALL",
        "polda_id": "17",
        "polres_id": "265",
        "status": "hidup",
        "ctdby": "4000ORGANIK",
        "ctddate": "2023-10-26T16:00:00.000Z",
        "ctdtime": "23:59:00",
        "rtsp_cctv": "rtsp://satansheir:letyur13@172.16.80.14:554/cam/realmonitor?channel=165&subtype=1",
        "channel_code": null,
        "ctdupd": null,
        "instansi": "diskominfo",
        "jenis_cctv": "Analytic Checkpoint",
        "nama_jalan_s": "Jalan Kartika Plaza",
        "channel_id": "1000043$1$0$164",
        "cctv_in": "N",
        "cctv_out": "N",
        "masuk_kab": "N",
        "keluar_kab": "N",
        "keterangan": "checkpoint",
        "fungsi_jalan_cctv_id": 6,
        "masuk_prov": "N",
        "keluar_prov": "N",
        "is_active": 1,
        "channel_id_event": null,
        "hls_cctv": null,
        "cctv_category_id": 5,
        "kecamatan": null,
        "kota": null,
        "nama_objek_vital": null,
        "channel_id_enforcement": null,
        "cctv_id": "24884b88-3e85-41b9-81a5-413adda0ea4a",
        "polda": "Polda Bali",
        "polres": "POLRES BADUNG",
        "fungsi_jalan": "ARTERI",
        "category": "DALAM KOTA",
        "in_out": null,
        "ket_in_out": null,
        "_region": "bali",
        "Satwil": "Polda Bali"
      }
    },
    {
      "type": "Feature",
      "geometry": {
        "type": "Point",
        "coordinates": [
          115.167493,
          -8.731992
        ]
      },
      "properties": {
        "rowid": 324,
        "nama_cctv": "CTV164 DISKOM BDG KUTA BOLYWOOD MASALAZ",
        "polda_id": "17",
        "polres_id": "265",
        "status": "mati",
        "ctdby": "4000ORGANIK",
        "ctddate": "2023-10-26T16:00:00.000Z",
        "ctdtime": "23:59:00",
        "rtsp_cctv": "rtsp://satansheir:letyur13@172.16.80.14:554/cam/realmonitor?channel=164&subtype=1",
        "channel_code": null,
        "ctdupd": null,
        "instansi": "diskominfo",
        "jenis_cctv": "Analytic Checkpoint",
        "nama_jalan_s": "Jalan Kartika Plaza 170",
        "channel_id": "1000043$1$0$163",
        "cctv_in": "N",
        "cctv_out": "N",
        "masuk_kab": "N",
        "keluar_kab": "N",
        "keterangan": "checkpoint",
        "fungsi_jalan_cctv_id": 6,
        "masuk_prov": "N",
        "keluar_prov": "N",
        "is_active": 1,
        "channel_id_event": null,
        "hls_cctv": null,
        "cctv_category_id": 5,
        "kecamatan": null,
        "kota": null,
        "nama_objek_vital": null,
        "channel_id_enforcement": null,
        "cctv_id": "cc706161-d6c1-448b-9a8e-d7dd7bd8a5b3",
        "polda": "Polda Bali",
        "polres": "POLRES BADUNG",
        "fungsi_jalan": "ARTERI",
        "category": "DALAM KOTA",
        "in_out": null,
        "ket_in_out": null,
        "_region": "bali",
        "Satwil": "Polda Bali"
      }
    },
    {
      "type": "Feature",
      "geometry": {
        "type": "Point",
        "coordinates": [
          115.172177,
          -8.610698
        ]
      },
      "properties": {
        "rowid": 323,
        "nama_cctv": "CTV203 DSHB BDG SP LPD DALUNG",
        "polda_id": "17",
        "polres_id": "265",
        "status": "hidup",
        "ctdby": "4000ORGANIK",
        "ctddate": "2023-10-26T16:00:00.000Z",
        "ctdtime": "23:59:00",
        "rtsp_cctv": "rtsp://satansheir:letyur13@172.16.80.14:554/cam/realmonitor?channel=203&subtype=1",
        "channel_code": null,
        "ctdupd": null,
        "instansi": "dishub",
        "jenis_cctv": "Analytic Checkpoint",
        "nama_jalan_s": "Simpang Dalung",
        "channel_id": null,
        "cctv_in": "N",
        "cctv_out": "N",
        "masuk_kab": "N",
        "keluar_kab": "N",
        "keterangan": "checkpoint",
        "fungsi_jalan_cctv_id": 6,
        "masuk_prov": "N",
        "keluar_prov": "N",
        "is_active": 1,
        "channel_id_event": null,
        "hls_cctv": "https://stream.elingbali.com:5051/live_cctv/323/playlist.m3u8",
        "cctv_category_id": 5,
        "kecamatan": null,
        "kota": null,
        "nama_objek_vital": null,
        "channel_id_enforcement": null,
        "cctv_id": "eb92312e-e73b-4e42-b93c-de8565c08052",
        "polda": "Polda Bali",
        "polres": "POLRES BADUNG",
        "fungsi_jalan": "ARTERI",
        "category": "DALAM KOTA",
        "in_out": null,
        "ket_in_out": null,
        "_region": "bali",
        "Satwil": "Polda Bali"
      }
    },
    {
      "type": "Feature",
      "geometry": {
        "type": "Point",
        "coordinates": [
          115.147126,
          -8.636715
        ]
      },
      "properties": {
        "rowid": 322,
        "nama_cctv": "CTV202 DSHB BDG SP BATU BOLONG",
        "polda_id": "17",
        "polres_id": "265",
        "status": "hidup",
        "ctdby": "4000ORGANIK",
        "ctddate": "2023-10-26T16:00:00.000Z",
        "ctdtime": "23:59:00",
        "rtsp_cctv": "rtsp://satansheir:letyur13@172.16.80.14:554/cam/realmonitor?channel=202&subtype=1",
        "channel_code": null,
        "ctdupd": null,
        "instansi": "dishub",
        "jenis_cctv": "Analytic Checkpoint",
        "nama_jalan_s": "Simpang Batu Bolong",
        "channel_id": null,
        "cctv_in": "N",
        "cctv_out": "N",
        "masuk_kab": "N",
        "keluar_kab": "N",
        "keterangan": "checkpoint",
        "fungsi_jalan_cctv_id": 6,
        "masuk_prov": "N",
        "keluar_prov": "N",
        "is_active": 1,
        "channel_id_event": null,
        "hls_cctv": "https://stream.elingbali.com:5051/live_cctv/322/playlist.m3u8",
        "cctv_category_id": 5,
        "kecamatan": null,
        "kota": null,
        "nama_objek_vital": null,
        "channel_id_enforcement": null,
        "cctv_id": "c3ad02a4-0a49-4a49-b7f7-1b12c720ee3c",
        "polda": "Polda Bali",
        "polres": "POLRES BADUNG",
        "fungsi_jalan": "ARTERI",
        "category": "DALAM KOTA",
        "in_out": null,
        "ket_in_out": null,
        "_region": "bali",
        "Satwil": "Polda Bali"
      }
    },
    {
      "type": "Feature",
      "geometry": {
        "type": "Point",
        "coordinates": [
          115.17829,
          -8.610212
        ]
      },
      "properties": {
        "rowid": 321,
        "nama_cctv": "CTV201 DSHB BDG SP KWANJI",
        "polda_id": "17",
        "polres_id": "265",
        "status": "hidup",
        "ctdby": "4000ORGANIK",
        "ctddate": "2023-10-26T16:00:00.000Z",
        "ctdtime": "23:59:00",
        "rtsp_cctv": "rtsp://satansheir:letyur13@172.16.80.14:554/cam/realmonitor?channel=201&subtype=1",
        "channel_code": null,
        "ctdupd": null,
        "instansi": "dishub",
        "jenis_cctv": "Analytic Checkpoint",
        "nama_jalan_s": "Simpang Kwanji",
        "channel_id": null,
        "cctv_in": "N",
        "cctv_out": "N",
        "masuk_kab": "N",
        "keluar_kab": "N",
        "keterangan": "checkpoint",
        "fungsi_jalan_cctv_id": 6,
        "masuk_prov": "N",
        "keluar_prov": "N",
        "is_active": 1,
        "channel_id_event": null,
        "hls_cctv": "https://stream.elingbali.com:5051/live_cctv/321/playlist.m3u8",
        "cctv_category_id": 5,
        "kecamatan": null,
        "kota": null,
        "nama_objek_vital": null,
        "channel_id_enforcement": null,
        "cctv_id": "fcb866f8-0bf4-4d6c-98a8-af7a65c3f262",
        "polda": "Polda Bali",
        "polres": "POLRES BADUNG",
        "fungsi_jalan": "ARTERI",
        "category": "DALAM KOTA",
        "in_out": null,
        "ket_in_out": null,
        "_region": "bali",
        "Satwil": "Polda Bali"
      }
    },
    {
      "type": "Feature",
      "geometry": {
        "type": "Point",
        "coordinates": [
          115.176668,
          -8.724457
        ]
      },
      "properties": {
        "rowid": 320,
        "nama_cctv": "CTV182 DSHB BDG SP KALIANGET",
        "polda_id": "17",
        "polres_id": "265",
        "status": "hidup",
        "ctdby": "4000ORGANIK",
        "ctddate": "2023-10-26T16:00:00.000Z",
        "ctdtime": "23:59:00",
        "rtsp_cctv": "rtsp://satansheir:letyur13@172.16.80.14:554/cam/realmonitor?channel=182&subtype=1",
        "channel_code": null,
        "ctdupd": null,
        "instansi": "dishub",
        "jenis_cctv": "Analytic Checkpoint",
        "nama_jalan_s": "Simpang Kalianget",
        "channel_id": null,
        "cctv_in": "N",
        "cctv_out": "N",
        "masuk_kab": "N",
        "keluar_kab": "N",
        "keterangan": "checkpoint",
        "fungsi_jalan_cctv_id": 6,
        "masuk_prov": "N",
        "keluar_prov": "N",
        "is_active": 1,
        "channel_id_event": null,
        "hls_cctv": "https://stream.elingbali.com:5051/live_cctv/320/playlist.m3u8",
        "cctv_category_id": 5,
        "kecamatan": null,
        "kota": null,
        "nama_objek_vital": null,
        "channel_id_enforcement": null,
        "cctv_id": "d4124d7b-a7da-44f1-b5ab-1fa07ea29297",
        "polda": "Polda Bali",
        "polres": "POLRES BADUNG",
        "fungsi_jalan": "ARTERI",
        "category": "DALAM KOTA",
        "in_out": null,
        "ket_in_out": null,
        "_region": "bali",
        "Satwil": "Polda Bali"
      }
    },
    {
      "type": "Feature",
      "geometry": {
        "type": "Point",
        "coordinates": [
          115.207652,
          -8.63892
        ]
      },
      "properties": {
        "rowid": 319,
        "nama_cctv": "CTV200 DSHB DPS SP NANGKA TIMUR",
        "polda_id": "17",
        "polres_id": "271",
        "status": "hidup",
        "ctdby": "4000ORGANIK",
        "ctddate": "2023-10-26T16:00:00.000Z",
        "ctdtime": "23:59:00",
        "rtsp_cctv": "rtsp://satansheir:letyur13@172.16.80.14:554/cam/realmonitor?channel=200&subtype=1",
        "channel_code": null,
        "ctdupd": null,
        "instansi": "dishub",
        "jenis_cctv": "Analytic Checkpoint",
        "nama_jalan_s": "Jalan Gatot Subroto Tengah",
        "channel_id": "1000043$1$0$201",
        "cctv_in": "N",
        "cctv_out": "N",
        "masuk_kab": "N",
        "keluar_kab": "N",
        "keterangan": "checkpoint",
        "fungsi_jalan_cctv_id": 6,
        "masuk_prov": "N",
        "keluar_prov": "N",
        "is_active": 1,
        "channel_id_event": null,
        "hls_cctv": "https://stream.elingbali.com:5051/live_cctv/319/playlist.m3u8",
        "cctv_category_id": 5,
        "kecamatan": null,
        "kota": null,
        "nama_objek_vital": null,
        "channel_id_enforcement": null,
        "cctv_id": "4420aa95-f666-4926-85e2-ebbda1e07ccd",
        "polda": "Polda Bali",
        "polres": "POLRESTA DENPASAR",
        "fungsi_jalan": "ARTERI",
        "category": "DALAM KOTA",
        "in_out": null,
        "ket_in_out": null,
        "_region": "bali",
        "Satwil": "Polda Bali"
      }
    },
    {
      "type": "Feature",
      "geometry": {
        "type": "Point",
        "coordinates": [
          115.206494,
          -8.666757
        ]
      },
      "properties": {
        "rowid": 318,
        "nama_cctv": "CTV199 DSHB DPS SP GN KARANG TIMUR",
        "polda_id": "17",
        "polres_id": "271",
        "status": "hidup",
        "ctdby": "4000ORGANIK",
        "ctddate": "2023-10-26T16:00:00.000Z",
        "ctdtime": "23:59:00",
        "rtsp_cctv": "rtsp://satansheir:letyur13@172.16.80.14:554/cam/realmonitor?channel=199&subtype=1",
        "channel_code": null,
        "ctdupd": null,
        "instansi": "dishub",
        "jenis_cctv": "Analytic Checkpoint",
        "nama_jalan_s": "Jalan Imam Bonjol 119-121",
        "channel_id": "1000043$1$0$200",
        "cctv_in": "N",
        "cctv_out": "N",
        "masuk_kab": "N",
        "keluar_kab": "N",
        "keterangan": "checkpoint",
        "fungsi_jalan_cctv_id": 6,
        "masuk_prov": "N",
        "keluar_prov": "N",
        "is_active": 1,
        "channel_id_event": null,
        "hls_cctv": "https://stream.elingbali.com:5051/live_cctv/318/playlist.m3u8",
        "cctv_category_id": 5,
        "kecamatan": null,
        "kota": null,
        "nama_objek_vital": null,
        "channel_id_enforcement": null,
        "cctv_id": "c418ce7e-9384-4bfc-8a1b-abf5fba9def3",
        "polda": "Polda Bali",
        "polres": "POLRESTA DENPASAR",
        "fungsi_jalan": "ARTERI",
        "category": "DALAM KOTA",
        "in_out": null,
        "ket_in_out": null,
        "_region": "bali",
        "Satwil": "Polda Bali"
      }
    },
    {
      "type": "Feature",
      "geometry": {
        "type": "Point",
        "coordinates": [
          115.206444,
          -8.666828
        ]
      },
      "properties": {
        "rowid": 317,
        "nama_cctv": "CTV198 DSHB DPS SP GN KARANG SELATAN",
        "polda_id": "17",
        "polres_id": "271",
        "status": "hidup",
        "ctdby": "4000ORGANIK",
        "ctddate": "2023-10-26T16:00:00.000Z",
        "ctdtime": "23:59:00",
        "rtsp_cctv": "rtsp://satansheir:letyur13@172.16.80.14:554/cam/realmonitor?channel=198&subtype=1",
        "channel_code": null,
        "ctdupd": null,
        "instansi": "dishub",
        "jenis_cctv": "Analytic Checkpoint",
        "nama_jalan_s": "Jalan Imam Bonjol 119-121",
        "channel_id": "1000043$1$0$199",
        "cctv_in": "N",
        "cctv_out": "N",
        "masuk_kab": "N",
        "keluar_kab": "N",
        "keterangan": "checkpoint",
        "fungsi_jalan_cctv_id": 6,
        "masuk_prov": "N",
        "keluar_prov": "N",
        "is_active": 1,
        "channel_id_event": null,
        "hls_cctv": "https://stream.elingbali.com:5051/live_cctv/317/playlist.m3u8",
        "cctv_category_id": 5,
        "kecamatan": null,
        "kota": null,
        "nama_objek_vital": null,
        "channel_id_enforcement": null,
        "cctv_id": "31cfdf85-e3ff-4532-a9cc-ab0eb95bd54d",
        "polda": "Polda Bali",
        "polres": "POLRESTA DENPASAR",
        "fungsi_jalan": "ARTERI",
        "category": "DALAM KOTA",
        "in_out": null,
        "ket_in_out": null,
        "_region": "bali",
        "Satwil": "Polda Bali"
      }
    },
    {
      "type": "Feature",
      "geometry": {
        "type": "Point",
        "coordinates": [
          115.206402,
          -8.666763
        ]
      },
      "properties": {
        "rowid": 316,
        "nama_cctv": "CTV197 DSHB DPS SP GN KARANG BARAT",
        "polda_id": "17",
        "polres_id": "271",
        "status": "mati",
        "ctdby": "4000ORGANIK",
        "ctddate": "2023-10-26T16:00:00.000Z",
        "ctdtime": "23:59:00",
        "rtsp_cctv": "rtsp://satansheir:letyur13@172.16.80.14:554/cam/realmonitor?channel=197&subtype=1",
        "channel_code": null,
        "ctdupd": null,
        "instansi": "dishub",
        "jenis_cctv": "Analytic Checkpoint",
        "nama_jalan_s": "Jalan Gunung Karang",
        "channel_id": "1000043$1$0$198",
        "cctv_in": "N",
        "cctv_out": "N",
        "masuk_kab": "N",
        "keluar_kab": "N",
        "keterangan": "checkpoint",
        "fungsi_jalan_cctv_id": 6,
        "masuk_prov": "N",
        "keluar_prov": "N",
        "is_active": 1,
        "channel_id_event": null,
        "hls_cctv": "https://stream.elingbali.com:5051/live_cctv/316/playlist.m3u8",
        "cctv_category_id": 5,
        "kecamatan": null,
        "kota": null,
        "nama_objek_vital": null,
        "channel_id_enforcement": null,
        "cctv_id": "49d33bc9-fee3-47e5-9db7-bc176f68fa2b",
        "polda": "Polda Bali",
        "polres": "POLRESTA DENPASAR",
        "fungsi_jalan": "ARTERI",
        "category": "DALAM KOTA",
        "in_out": null,
        "ket_in_out": null,
        "_region": "bali",
        "Satwil": "Polda Bali"
      }
    },
    {
      "type": "Feature",
      "geometry": {
        "type": "Point",
        "coordinates": [
          115.191812,
          -8.689234
        ]
      },
      "properties": {
        "rowid": 315,
        "nama_cctv": "CTV196 DSHB DPS SP SOPUTAN UTARA",
        "polda_id": "17",
        "polres_id": "271",
        "status": "mati",
        "ctdby": "4000ORGANIK",
        "ctddate": "2023-10-26T16:00:00.000Z",
        "ctdtime": "23:59:00",
        "rtsp_cctv": "rtsp://satansheir:letyur13@172.16.80.14:554/cam/realmonitor?channel=196&subtype=1",
        "channel_code": null,
        "ctdupd": null,
        "instansi": "dishub",
        "jenis_cctv": "Analytic Checkpoint",
        "nama_jalan_s": "Jalan Imam Bonjol",
        "channel_id": "1000043$1$0$197",
        "cctv_in": "N",
        "cctv_out": "N",
        "masuk_kab": "N",
        "keluar_kab": "N",
        "keterangan": "checkpoint",
        "fungsi_jalan_cctv_id": 6,
        "masuk_prov": "N",
        "keluar_prov": "N",
        "is_active": 1,
        "channel_id_event": null,
        "hls_cctv": "https://stream.elingbali.com:5051/live_cctv/315/playlist.m3u8",
        "cctv_category_id": 5,
        "kecamatan": null,
        "kota": null,
        "nama_objek_vital": null,
        "channel_id_enforcement": null,
        "cctv_id": "3cc339f9-95dd-445f-980d-1a0ba14bc71a",
        "polda": "Polda Bali",
        "polres": "POLRESTA DENPASAR",
        "fungsi_jalan": "ARTERI",
        "category": "DALAM KOTA",
        "in_out": null,
        "ket_in_out": null,
        "_region": "bali",
        "Satwil": "Polda Bali"
      }
    },
    {
      "type": "Feature",
      "geometry": {
        "type": "Point",
        "coordinates": [
          115.191663,
          -8.689177
        ]
      },
      "properties": {
        "rowid": 314,
        "nama_cctv": "CTV195 DSHB DPS SP SOPUTAN BARAT",
        "polda_id": "17",
        "polres_id": "271",
        "status": "mati",
        "ctdby": "4000ORGANIK",
        "ctddate": "2023-10-26T16:00:00.000Z",
        "ctdtime": "23:59:00",
        "rtsp_cctv": "rtsp://satansheir:letyur13@172.16.80.14:554/cam/realmonitor?channel=195&subtype=1",
        "channel_code": null,
        "ctdupd": null,
        "instansi": "dishub",
        "jenis_cctv": "Analytic Checkpoint",
        "nama_jalan_s": "Jalan Gunung Soputan 2",
        "channel_id": "1000043$1$0$196",
        "cctv_in": "N",
        "cctv_out": "N",
        "masuk_kab": "N",
        "keluar_kab": "N",
        "keterangan": "checkpoint",
        "fungsi_jalan_cctv_id": 6,
        "masuk_prov": "N",
        "keluar_prov": "N",
        "is_active": 1,
        "channel_id_event": null,
        "hls_cctv": "https://stream.elingbali.com:5051/live_cctv/314/playlist.m3u8",
        "cctv_category_id": 5,
        "kecamatan": null,
        "kota": null,
        "nama_objek_vital": null,
        "channel_id_enforcement": null,
        "cctv_id": "35995e57-b35e-4745-91c2-7c81d3cd0605",
        "polda": "Polda Bali",
        "polres": "POLRESTA DENPASAR",
        "fungsi_jalan": "ARTERI",
        "category": "DALAM KOTA",
        "in_out": null,
        "ket_in_out": null,
        "_region": "bali",
        "Satwil": "Polda Bali"
      }
    },
    {
      "type": "Feature",
      "geometry": {
        "type": "Point",
        "coordinates": [
          115.191663,
          -8.689229
        ]
      },
      "properties": {
        "rowid": 313,
        "nama_cctv": "CTV194 DSHB DPS SP SOPUTAN SELATAN",
        "polda_id": "17",
        "polres_id": "271",
        "status": "mati",
        "ctdby": "4000ORGANIK",
        "ctddate": "2023-10-26T16:00:00.000Z",
        "ctdtime": "23:59:00",
        "rtsp_cctv": "rtsp://satansheir:letyur13@172.16.80.14:554/cam/realmonitor?channel=194&subtype=1",
        "channel_code": null,
        "ctdupd": null,
        "instansi": "dishub",
        "jenis_cctv": "Analytic Checkpoint",
        "nama_jalan_s": "Jalan Imam Bonjol",
        "channel_id": "1000043$1$0$195",
        "cctv_in": "N",
        "cctv_out": "N",
        "masuk_kab": "N",
        "keluar_kab": "N",
        "keterangan": "checkpoint",
        "fungsi_jalan_cctv_id": 6,
        "masuk_prov": "N",
        "keluar_prov": "N",
        "is_active": 1,
        "channel_id_event": null,
        "hls_cctv": "https://stream.elingbali.com:5051/live_cctv/313/playlist.m3u8",
        "cctv_category_id": 5,
        "kecamatan": null,
        "kota": null,
        "nama_objek_vital": null,
        "channel_id_enforcement": null,
        "cctv_id": "059467e2-4ce0-4164-b9b4-2958005b649c",
        "polda": "Polda Bali",
        "polres": "POLRESTA DENPASAR",
        "fungsi_jalan": "ARTERI",
        "category": "DALAM KOTA",
        "in_out": null,
        "ket_in_out": null,
        "_region": "bali",
        "Satwil": "Polda Bali"
      }
    },
    {
      "type": "Feature",
      "geometry": {
        "type": "Point",
        "coordinates": [
          115.208594,
          -8.654467
        ]
      },
      "properties": {
        "rowid": 312,
        "nama_cctv": "CTV193 DSHB DPS SP GN AGUNG TIMUR",
        "polda_id": "17",
        "polres_id": "271",
        "status": "mati",
        "ctdby": "4000ORGANIK",
        "ctddate": "2023-10-26T16:00:00.000Z",
        "ctdtime": "23:59:00",
        "rtsp_cctv": "rtsp://satansheir:letyur13@172.16.80.14:554/cam/realmonitor?channel=193&subtype=1",
        "channel_code": null,
        "ctdupd": null,
        "instansi": "dishub",
        "jenis_cctv": "Analytic Checkpoint",
        "nama_jalan_s": "Jalan Wahidin 58-50",
        "channel_id": "1000043$1$0$194",
        "cctv_in": "N",
        "cctv_out": "N",
        "masuk_kab": "N",
        "keluar_kab": "N",
        "keterangan": "checkpoint",
        "fungsi_jalan_cctv_id": 6,
        "masuk_prov": "N",
        "keluar_prov": "N",
        "is_active": 1,
        "channel_id_event": null,
        "hls_cctv": "https://stream.elingbali.com:5051/live_cctv/312/playlist.m3u8",
        "cctv_category_id": 5,
        "kecamatan": null,
        "kota": null,
        "nama_objek_vital": null,
        "channel_id_enforcement": null,
        "cctv_id": "b5492632-f85e-463d-97b2-dc1b575d2a10",
        "polda": "Polda Bali",
        "polres": "POLRESTA DENPASAR",
        "fungsi_jalan": "ARTERI",
        "category": "DALAM KOTA",
        "in_out": null,
        "ket_in_out": null,
        "_region": "bali",
        "Satwil": "Polda Bali"
      }
    },
    {
      "type": "Feature",
      "geometry": {
        "type": "Point",
        "coordinates": [
          115.208554,
          -8.654483
        ]
      },
      "properties": {
        "rowid": 311,
        "nama_cctv": "CTV192 DSHB DPS SP GN AGUNG SELATAN",
        "polda_id": "17",
        "polres_id": "271",
        "status": "mati",
        "ctdby": "4000ORGANIK",
        "ctddate": "2023-10-26T16:00:00.000Z",
        "ctdtime": "23:59:00",
        "rtsp_cctv": "rtsp://satansheir:letyur13@172.16.80.14:554/cam/realmonitor?channel=192&subtype=1",
        "channel_code": null,
        "ctdupd": null,
        "instansi": "dishub",
        "jenis_cctv": "Analytic Checkpoint",
        "nama_jalan_s": "Jalan Gunung Merapi 34-28",
        "channel_id": "1000043$1$0$193",
        "cctv_in": "N",
        "cctv_out": "N",
        "masuk_kab": "N",
        "keluar_kab": "N",
        "keterangan": "checkpoint",
        "fungsi_jalan_cctv_id": 6,
        "masuk_prov": "N",
        "keluar_prov": "N",
        "is_active": 1,
        "channel_id_event": null,
        "hls_cctv": "https://stream.elingbali.com:5051/live_cctv/311/playlist.m3u8",
        "cctv_category_id": 5,
        "kecamatan": null,
        "kota": null,
        "nama_objek_vital": null,
        "channel_id_enforcement": null,
        "cctv_id": "9485b64a-6504-4aa6-9ae6-eeeeedb21a9d",
        "polda": "Polda Bali",
        "polres": "POLRESTA DENPASAR",
        "fungsi_jalan": "ARTERI",
        "category": "DALAM KOTA",
        "in_out": null,
        "ket_in_out": null,
        "_region": "bali",
        "Satwil": "Polda Bali"
      }
    },
    {
      "type": "Feature",
      "geometry": {
        "type": "Point",
        "coordinates": [
          114.43806,
          -8.162078
        ]
      },
      "properties": {
        "rowid": 290,
        "nama_cctv": "CTV125 ATMS JBR PINTU MASUK GILIMANUK",
        "polda_id": "17",
        "polres_id": "264",
        "status": "mati",
        "ctdby": "4000ORGANIK",
        "ctddate": "2023-10-26T16:00:00.000Z",
        "ctdtime": "23:59:00",
        "rtsp_cctv": "rtsp://satansheir:letyur13@172.16.80.14:554/cam/realmonitor?channel=125&subtype=1",
        "channel_code": null,
        "ctdupd": null,
        "instansi": "korlantas",
        "jenis_cctv": "ANALYTIC",
        "nama_jalan_s": "Pintu Masuk Pelabuhan Gilimanuk",
        "channel_id": "1000043$1$0$124",
        "cctv_in": "N",
        "cctv_out": "N",
        "masuk_kab": "N",
        "keluar_kab": "N",
        "keterangan": "checkpoint",
        "fungsi_jalan_cctv_id": 6,
        "masuk_prov": "N",
        "keluar_prov": "N",
        "is_active": 1,
        "channel_id_event": null,
        "hls_cctv": "https://stream.elingbali.com:5051/live_cctv/290/playlist.m3u8",
        "cctv_category_id": 5,
        "kecamatan": null,
        "kota": null,
        "nama_objek_vital": null,
        "channel_id_enforcement": null,
        "cctv_id": "8a459238-d3b7-4211-a2b6-18a86a745634",
        "polda": "Polda Bali",
        "polres": "POLRES JEMBRANA",
        "fungsi_jalan": "ARTERI",
        "category": "DALAM KOTA",
        "in_out": null,
        "ket_in_out": null,
        "_region": "bali",
        "Satwil": "Polda Bali"
      }
    },
    {
      "type": "Feature",
      "geometry": {
        "type": "Point",
        "coordinates": [
          115.183044,
          -8.745464
        ]
      },
      "properties": {
        "rowid": 289,
        "nama_cctv": "CTV185 DSHB SIMPANG TAHURA SELATAN",
        "polda_id": "17",
        "polres_id": "695",
        "status": "mati",
        "ctdby": "4000ORGANIK",
        "ctddate": "2023-10-26T16:00:00.000Z",
        "ctdtime": "23:59:00",
        "rtsp_cctv": "rtsp://satansheir:letyur13@172.16.80.14:554/cam/realmonitor?channel=185&subtype=1",
        "channel_code": null,
        "ctdupd": null,
        "instansi": "korlantas",
        "jenis_cctv": "Analytic Checkpoint",
        "nama_jalan_s": "Bundaran Bandra Ngurah Rai",
        "channel_id": "1000043$1$0$186",
        "cctv_in": "N",
        "cctv_out": "N",
        "masuk_kab": "N",
        "keluar_kab": "N",
        "keterangan": "checkpoint",
        "fungsi_jalan_cctv_id": 6,
        "masuk_prov": "N",
        "keluar_prov": "N",
        "is_active": 1,
        "channel_id_event": null,
        "hls_cctv": "https://stream.elingbali.com:5051/live_cctv/289/playlist.m3u8",
        "cctv_category_id": 5,
        "kecamatan": null,
        "kota": null,
        "nama_objek_vital": null,
        "channel_id_enforcement": null,
        "cctv_id": "ae2ba5c3-2567-46c6-9cb4-61d5dc358b29",
        "polda": "Polda Bali",
        "polres": "POLRES BANDARA I GUSTI NGURAH RAI",
        "fungsi_jalan": "ARTERI",
        "category": "DALAM KOTA",
        "in_out": null,
        "ket_in_out": null,
        "_region": "bali",
        "Satwil": "Polda Bali"
      }
    },
    {
      "type": "Feature",
      "geometry": {
        "type": "Point",
        "coordinates": [
          115.233588,
          -8.648655
        ]
      },
      "properties": {
        "rowid": 288,
        "nama_cctv": "CTV184 DSHB DPS SP SUBITA",
        "polda_id": "17",
        "polres_id": "271",
        "status": "hidup",
        "ctdby": "4000ORGANIK",
        "ctddate": "2023-10-26T16:00:00.000Z",
        "ctdtime": "23:59:00",
        "rtsp_cctv": "rtsp://satansheir:letyur13@172.16.80.14:554/cam/realmonitor?channel=184&subtype=1",
        "channel_code": null,
        "ctdupd": null,
        "instansi": "korlantas",
        "jenis_cctv": "Analytic Checkpoint",
        "nama_jalan_s": "Jalan WR Supratman No.115",
        "channel_id": null,
        "cctv_in": "N",
        "cctv_out": "N",
        "masuk_kab": "N",
        "keluar_kab": "N",
        "keterangan": "checkpoint",
        "fungsi_jalan_cctv_id": 6,
        "masuk_prov": "N",
        "keluar_prov": "N",
        "is_active": 1,
        "channel_id_event": null,
        "hls_cctv": "https://stream.elingbali.com:5051/live_cctv/288/playlist.m3u8",
        "cctv_category_id": 5,
        "kecamatan": null,
        "kota": null,
        "nama_objek_vital": null,
        "channel_id_enforcement": null,
        "cctv_id": "f3d21dfe-f62a-4fab-bd0c-16b5fad425e6",
        "polda": "Polda Bali",
        "polres": "POLRESTA DENPASAR",
        "fungsi_jalan": "ARTERI",
        "category": "DALAM KOTA",
        "in_out": null,
        "ket_in_out": null,
        "_region": "bali",
        "Satwil": "Polda Bali"
      }
    },
    {
      "type": "Feature",
      "geometry": {
        "type": "Point",
        "coordinates": [
          115.189307,
          -8.681251
        ]
      },
      "properties": {
        "rowid": 287,
        "nama_cctv": "CTV183 DSHB DPS SP MAHENDRADATTA",
        "polda_id": "17",
        "polres_id": "271",
        "status": "hidup",
        "ctdby": "4000ORGANIK",
        "ctddate": "2023-10-26T16:00:00.000Z",
        "ctdtime": "23:59:00",
        "rtsp_cctv": "rtsp://satansheir:letyur13@172.16.80.14:554/cam/realmonitor?channel=183&subtype=1",
        "channel_code": null,
        "ctdupd": null,
        "instansi": "korlantas",
        "jenis_cctv": "Analytic Checkpoint",
        "nama_jalan_s": "Jalan Teuku Umar Barat",
        "channel_id": null,
        "cctv_in": "N",
        "cctv_out": "N",
        "masuk_kab": "N",
        "keluar_kab": "N",
        "keterangan": "checkpoint",
        "fungsi_jalan_cctv_id": 6,
        "masuk_prov": "N",
        "keluar_prov": "N",
        "is_active": 1,
        "channel_id_event": null,
        "hls_cctv": "https://stream.elingbali.com:5051/live_cctv/287/playlist.m3u8",
        "cctv_category_id": 5,
        "kecamatan": null,
        "kota": null,
        "nama_objek_vital": null,
        "channel_id_enforcement": null,
        "cctv_id": "dae31638-7ec6-4514-94c9-558f0ff163d9",
        "polda": "Polda Bali",
        "polres": "POLRESTA DENPASAR",
        "fungsi_jalan": "ARTERI",
        "category": "DALAM KOTA",
        "in_out": null,
        "ket_in_out": null,
        "_region": "bali",
        "Satwil": "Polda Bali"
      }
    },
    {
      "type": "Feature",
      "geometry": {
        "type": "Point",
        "coordinates": [
          115.185132,
          -8.636709
        ]
      },
      "properties": {
        "rowid": 286,
        "nama_cctv": "CTV163 DSHB DPS SP KEBO IWA BARAT",
        "polda_id": "17",
        "polres_id": "271",
        "status": "hidup",
        "ctdby": "4000ORGANIK",
        "ctddate": "2023-10-26T16:00:00.000Z",
        "ctdtime": "23:59:00",
        "rtsp_cctv": "rtsp://satansheir:letyur13@172.16.80.14:554/cam/realmonitor?channel=163&subtype=1",
        "channel_code": null,
        "ctdupd": null,
        "instansi": "dishub",
        "jenis_cctv": "Analytic Checkpoint",
        "nama_jalan_s": "Jalan Gatot Subroto Barat",
        "channel_id": null,
        "cctv_in": "N",
        "cctv_out": "N",
        "masuk_kab": "N",
        "keluar_kab": "N",
        "keterangan": "checkpoint",
        "fungsi_jalan_cctv_id": 6,
        "masuk_prov": "N",
        "keluar_prov": "N",
        "is_active": 1,
        "channel_id_event": null,
        "hls_cctv": "https://stream.elingbali.com:5051/live_cctv/286/playlist.m3u8",
        "cctv_category_id": 5,
        "kecamatan": null,
        "kota": null,
        "nama_objek_vital": null,
        "channel_id_enforcement": null,
        "cctv_id": "4c0bc9a8-23fa-4dec-a5da-39fe38c04be6",
        "polda": "Polda Bali",
        "polres": "POLRESTA DENPASAR",
        "fungsi_jalan": "ARTERI",
        "category": "DALAM KOTA",
        "in_out": null,
        "ket_in_out": null,
        "_region": "bali",
        "Satwil": "Polda Bali"
      }
    },
    {
      "type": "Feature",
      "geometry": {
        "type": "Point",
        "coordinates": [
          115.215018,
          -8.655622
        ]
      },
      "properties": {
        "rowid": 285,
        "nama_cctv": "CTV162 DSHB DPS SP ARJUNA FIX 2",
        "polda_id": "17",
        "polres_id": "271",
        "status": "hidup",
        "ctdby": "4000ORGANIK",
        "ctddate": "2023-10-26T16:00:00.000Z",
        "ctdtime": "23:59:00",
        "rtsp_cctv": "rtsp://satansheir:letyur13@172.16.80.14:554/cam/realmonitor?channel=162&subtype=1",
        "channel_code": null,
        "ctdupd": null,
        "instansi": "dishub",
        "jenis_cctv": "Analytic Checkpoint",
        "nama_jalan_s": "Jalan Arjuna 1-7",
        "channel_id": null,
        "cctv_in": "N",
        "cctv_out": "N",
        "masuk_kab": "N",
        "keluar_kab": "N",
        "keterangan": "checkpoint",
        "fungsi_jalan_cctv_id": 6,
        "masuk_prov": "N",
        "keluar_prov": "N",
        "is_active": 1,
        "channel_id_event": null,
        "hls_cctv": "https://stream.elingbali.com:5051/live_cctv/285/playlist.m3u8",
        "cctv_category_id": 5,
        "kecamatan": null,
        "kota": null,
        "nama_objek_vital": null,
        "channel_id_enforcement": null,
        "cctv_id": "eef2cbfa-706d-421f-ac0c-7b72513c5ddd",
        "polda": "Polda Bali",
        "polres": "POLRESTA DENPASAR",
        "fungsi_jalan": "ARTERI",
        "category": "DALAM KOTA",
        "in_out": null,
        "ket_in_out": null,
        "_region": "bali",
        "Satwil": "Polda Bali"
      }
    },
    {
      "type": "Feature",
      "geometry": {
        "type": "Point",
        "coordinates": [
          115.197322,
          -8.681296
        ]
      },
      "properties": {
        "rowid": 284,
        "nama_cctv": "CTV161 DSHB DPS SP BUAGAN UTARA",
        "polda_id": "17",
        "polres_id": "271",
        "status": "hidup",
        "ctdby": "4000ORGANIK",
        "ctddate": "2023-10-26T16:00:00.000Z",
        "ctdtime": "23:59:00",
        "rtsp_cctv": "rtsp://satansheir:letyur13@172.16.80.14:554/cam/realmonitor?channel=161&subtype=1",
        "channel_code": null,
        "ctdupd": null,
        "instansi": "dishub",
        "jenis_cctv": "Analytic Checkpoint",
        "nama_jalan_s": "Jalan Imam Bonjol 307",
        "channel_id": null,
        "cctv_in": "N",
        "cctv_out": "N",
        "masuk_kab": "N",
        "keluar_kab": "N",
        "keterangan": "checkpoint",
        "fungsi_jalan_cctv_id": 6,
        "masuk_prov": "N",
        "keluar_prov": "N",
        "is_active": 1,
        "channel_id_event": null,
        "hls_cctv": "https://stream.elingbali.com:5051/live_cctv/284/playlist.m3u8",
        "cctv_category_id": 5,
        "kecamatan": null,
        "kota": null,
        "nama_objek_vital": null,
        "channel_id_enforcement": null,
        "cctv_id": "86c44810-6dc2-4447-bcb3-4b8731169f2b",
        "polda": "Polda Bali",
        "polres": "POLRESTA DENPASAR",
        "fungsi_jalan": "ARTERI",
        "category": "DALAM KOTA",
        "in_out": null,
        "ket_in_out": null,
        "_region": "bali",
        "Satwil": "Polda Bali"
      }
    },
    {
      "type": "Feature",
      "geometry": {
        "type": "Point",
        "coordinates": [
          115.196921,
          -8.68186
        ]
      },
      "properties": {
        "rowid": 283,
        "nama_cctv": "CTV160 DSHB DPS SP BUAGAN SELATAN",
        "polda_id": "17",
        "polres_id": "271",
        "status": "hidup",
        "ctdby": "4000ORGANIK",
        "ctddate": "2023-10-26T16:00:00.000Z",
        "ctdtime": "23:59:00",
        "rtsp_cctv": "rtsp://satansheir:letyur13@172.16.80.14:554/cam/realmonitor?channel=160&subtype=1",
        "channel_code": null,
        "ctdupd": null,
        "instansi": "dishub",
        "jenis_cctv": "Analytic Checkpoint",
        "nama_jalan_s": "Jalan Imam Bonjol",
        "channel_id": null,
        "cctv_in": "N",
        "cctv_out": "N",
        "masuk_kab": "N",
        "keluar_kab": "N",
        "keterangan": "checkpoint",
        "fungsi_jalan_cctv_id": 6,
        "masuk_prov": "N",
        "keluar_prov": "N",
        "is_active": 1,
        "channel_id_event": null,
        "hls_cctv": "https://stream.elingbali.com:5051/live_cctv/283/playlist.m3u8",
        "cctv_category_id": 5,
        "kecamatan": null,
        "kota": null,
        "nama_objek_vital": null,
        "channel_id_enforcement": null,
        "cctv_id": "50849e4a-4492-43a4-a823-aad6e6a9f69b",
        "polda": "Polda Bali",
        "polres": "POLRESTA DENPASAR",
        "fungsi_jalan": "ARTERI",
        "category": "DALAM KOTA",
        "in_out": null,
        "ket_in_out": null,
        "_region": "bali",
        "Satwil": "Polda Bali"
      }
    },
    {
      "type": "Feature",
      "geometry": {
        "type": "Point",
        "coordinates": [
          115.216654,
          -8.655925
        ]
      },
      "properties": {
        "rowid": 282,
        "nama_cctv": "CTV159 DSHB DPS SP CATURMUKA BARAT",
        "polda_id": "17",
        "polres_id": "271",
        "status": "hidup",
        "ctdby": "4000ORGANIK",
        "ctddate": "2023-10-26T16:00:00.000Z",
        "ctdtime": "23:59:00",
        "rtsp_cctv": "rtsp://satansheir:letyur13@172.16.80.14:554/cam/realmonitor?channel=159&subtype=1",
        "channel_code": null,
        "ctdupd": null,
        "instansi": "dishub",
        "jenis_cctv": "Analytic Checkpoint",
        "nama_jalan_s": "Jalan Gajah Mada No.1",
        "channel_id": null,
        "cctv_in": "N",
        "cctv_out": "N",
        "masuk_kab": "N",
        "keluar_kab": "N",
        "keterangan": "checkpoint",
        "fungsi_jalan_cctv_id": 6,
        "masuk_prov": "N",
        "keluar_prov": "N",
        "is_active": 1,
        "channel_id_event": null,
        "hls_cctv": "https://stream.elingbali.com:5051/live_cctv/282/playlist.m3u8",
        "cctv_category_id": 5,
        "kecamatan": null,
        "kota": null,
        "nama_objek_vital": null,
        "channel_id_enforcement": null,
        "cctv_id": "3965fc57-c116-4715-8a2e-be9b6d531398",
        "polda": "Polda Bali",
        "polres": "POLRESTA DENPASAR",
        "fungsi_jalan": "ARTERI",
        "category": "DALAM KOTA",
        "in_out": null,
        "ket_in_out": null,
        "_region": "bali",
        "Satwil": "Polda Bali"
      }
    },
    {
      "type": "Feature",
      "geometry": {
        "type": "Point",
        "coordinates": [
          115.269352,
          -8.648459
        ]
      },
      "properties": {
        "rowid": 281,
        "nama_cctv": "CTV158 DSHB DPS SP GEMITIR TIMUR",
        "polda_id": "17",
        "polres_id": "271",
        "status": "hidup",
        "ctdby": "4000ORGANIK",
        "ctddate": "2023-10-26T16:00:00.000Z",
        "ctdtime": "23:59:00",
        "rtsp_cctv": "rtsp://satansheir:letyur13@172.16.80.14:554/cam/realmonitor?channel=158&subtype=1",
        "channel_code": null,
        "ctdupd": null,
        "instansi": "dishub",
        "jenis_cctv": "Analytic Checkpoint",
        "nama_jalan_s": "Jalan Gemitir",
        "channel_id": null,
        "cctv_in": "N",
        "cctv_out": "N",
        "masuk_kab": "N",
        "keluar_kab": "N",
        "keterangan": "checkpoint",
        "fungsi_jalan_cctv_id": 6,
        "masuk_prov": "N",
        "keluar_prov": "N",
        "is_active": 1,
        "channel_id_event": null,
        "hls_cctv": "https://stream.elingbali.com:5051/live_cctv/281/playlist.m3u8",
        "cctv_category_id": 5,
        "kecamatan": null,
        "kota": null,
        "nama_objek_vital": null,
        "channel_id_enforcement": null,
        "cctv_id": "046f4756-fbb8-4c4d-8595-ec96c0058f38",
        "polda": "Polda Bali",
        "polres": "POLRESTA DENPASAR",
        "fungsi_jalan": "ARTERI",
        "category": "DALAM KOTA",
        "in_out": null,
        "ket_in_out": null,
        "_region": "bali",
        "Satwil": "Polda Bali"
      }
    },
    {
      "type": "Feature",
      "geometry": {
        "type": "Point",
        "coordinates": [
          115.191687,
          -8.689337
        ]
      },
      "properties": {
        "rowid": 280,
        "nama_cctv": "CTV157 DSHB DPS SP SOPUTAN",
        "polda_id": "17",
        "polres_id": "271",
        "status": "hidup",
        "ctdby": "4000ORGANIK",
        "ctddate": "2023-10-26T16:00:00.000Z",
        "ctdtime": "23:59:00",
        "rtsp_cctv": "rtsp://satansheir:letyur13@172.16.80.14:554/cam/realmonitor?channel=157&subtype=1",
        "channel_code": null,
        "ctdupd": null,
        "instansi": "dishub",
        "jenis_cctv": "Analytic Checkpoint",
        "nama_jalan_s": "Jalan Imam Bonjol 449-451",
        "channel_id": null,
        "cctv_in": "N",
        "cctv_out": "N",
        "masuk_kab": "N",
        "keluar_kab": "N",
        "keterangan": "checkpoint",
        "fungsi_jalan_cctv_id": 6,
        "masuk_prov": "N",
        "keluar_prov": "N",
        "is_active": 1,
        "channel_id_event": null,
        "hls_cctv": "https://stream.elingbali.com:5051/live_cctv/280/playlist.m3u8",
        "cctv_category_id": 5,
        "kecamatan": null,
        "kota": null,
        "nama_objek_vital": null,
        "channel_id_enforcement": null,
        "cctv_id": "ac42858d-6def-402a-9530-850568c5ecb3",
        "polda": "Polda Bali",
        "polres": "POLRESTA DENPASAR",
        "fungsi_jalan": "ARTERI",
        "category": "DALAM KOTA",
        "in_out": null,
        "ket_in_out": null,
        "_region": "bali",
        "Satwil": "Polda Bali"
      }
    },
    {
      "type": "Feature",
      "geometry": {
        "type": "Point",
        "coordinates": [
          115.232193,
          -8.673122
        ]
      },
      "properties": {
        "rowid": 268,
        "nama_cctv": "CTV156 DSHB DPS SP TUKAD UNDA RENON",
        "polda_id": "17",
        "polres_id": "271",
        "status": "hidup",
        "ctdby": "4000ORGANIK",
        "ctddate": "2023-10-26T16:00:00.000Z",
        "ctdtime": "23:59:00",
        "rtsp_cctv": "rtsp://satansheir:letyur13@172.16.80.14:554/cam/realmonitor?channel=156&subtype=1",
        "channel_code": null,
        "ctdupd": null,
        "instansi": "dishub",
        "jenis_cctv": "Analytic Checkpoint",
        "nama_jalan_s": "Jalan Raya Puputan No.120",
        "channel_id": null,
        "cctv_in": "N",
        "cctv_out": "N",
        "masuk_kab": "N",
        "keluar_kab": "N",
        "keterangan": "checkpoint",
        "fungsi_jalan_cctv_id": 6,
        "masuk_prov": "N",
        "keluar_prov": "N",
        "is_active": 1,
        "channel_id_event": null,
        "hls_cctv": "https://stream.elingbali.com:5051/live_cctv/268/playlist.m3u8",
        "cctv_category_id": 5,
        "kecamatan": null,
        "kota": null,
        "nama_objek_vital": null,
        "channel_id_enforcement": null,
        "cctv_id": "20082c9c-e53c-4ec1-b6d9-e04e05958de0",
        "polda": "Polda Bali",
        "polres": "POLRESTA DENPASAR",
        "fungsi_jalan": "ARTERI",
        "category": "DALAM KOTA",
        "in_out": null,
        "ket_in_out": null,
        "_region": "bali",
        "Satwil": "Polda Bali"
      }
    },
    {
      "type": "Feature",
      "geometry": {
        "type": "Point",
        "coordinates": [
          115.220062,
          -8.656358
        ]
      },
      "properties": {
        "rowid": 267,
        "nama_cctv": "CTV155 DSHB DPS SP KAPTEN AGUNG",
        "polda_id": "17",
        "polres_id": "271",
        "status": "hidup",
        "ctdby": "4000ORGANIK",
        "ctddate": "2023-10-26T16:00:00.000Z",
        "ctdtime": "23:59:00",
        "rtsp_cctv": "rtsp://satansheir:letyur13@172.16.80.14:554/cam/realmonitor?channel=155&subtype=1",
        "channel_code": null,
        "ctdupd": null,
        "instansi": "dishub",
        "jenis_cctv": "Analytic Checkpoint",
        "nama_jalan_s": "Jalan Surapati",
        "channel_id": null,
        "cctv_in": "N",
        "cctv_out": "N",
        "masuk_kab": "N",
        "keluar_kab": "N",
        "keterangan": "checkpoint",
        "fungsi_jalan_cctv_id": 6,
        "masuk_prov": "N",
        "keluar_prov": "N",
        "is_active": 1,
        "channel_id_event": null,
        "hls_cctv": "https://stream.elingbali.com:5051/live_cctv/267/playlist.m3u8",
        "cctv_category_id": 5,
        "kecamatan": null,
        "kota": null,
        "nama_objek_vital": null,
        "channel_id_enforcement": null,
        "cctv_id": "5161c908-f9f3-42eb-a1d1-81695d8c3163",
        "polda": "Polda Bali",
        "polres": "POLRESTA DENPASAR",
        "fungsi_jalan": "ARTERI",
        "category": "DALAM KOTA",
        "in_out": null,
        "ket_in_out": null,
        "_region": "bali",
        "Satwil": "Polda Bali"
      }
    },
    {
      "type": "Feature",
      "geometry": {
        "type": "Point",
        "coordinates": [
          115.197313,
          -8.681602
        ]
      },
      "properties": {
        "rowid": 266,
        "nama_cctv": "CTV154 DSHB DPS SP BUAGAN 2",
        "polda_id": "17",
        "polres_id": "271",
        "status": "hidup",
        "ctdby": "4000ORGANIK",
        "ctddate": "2023-10-26T16:00:00.000Z",
        "ctdtime": "23:59:00",
        "rtsp_cctv": "rtsp://satansheir:letyur13@172.16.80.14:554/cam/realmonitor?channel=154&subtype=1",
        "channel_code": null,
        "ctdupd": null,
        "instansi": "dishub",
        "jenis_cctv": "Analytic Checkpoint",
        "nama_jalan_s": "Jalan Teuku Umar",
        "channel_id": null,
        "cctv_in": "N",
        "cctv_out": "N",
        "masuk_kab": "N",
        "keluar_kab": "N",
        "keterangan": "checkpoint",
        "fungsi_jalan_cctv_id": 6,
        "masuk_prov": "N",
        "keluar_prov": "N",
        "is_active": 1,
        "channel_id_event": null,
        "hls_cctv": "https://stream.elingbali.com:5051/live_cctv/266/playlist.m3u8",
        "cctv_category_id": 5,
        "kecamatan": null,
        "kota": null,
        "nama_objek_vital": null,
        "channel_id_enforcement": null,
        "cctv_id": "8ea84de7-407a-4472-93ab-49778ebdf105",
        "polda": "Polda Bali",
        "polres": "POLRESTA DENPASAR",
        "fungsi_jalan": "ARTERI",
        "category": "DALAM KOTA",
        "in_out": null,
        "ket_in_out": null,
        "_region": "bali",
        "Satwil": "Polda Bali"
      }
    },
    {
      "type": "Feature",
      "geometry": {
        "type": "Point",
        "coordinates": [
          115.196953,
          -8.681721
        ]
      },
      "properties": {
        "rowid": 265,
        "nama_cctv": "CTV153 DSHB DPS SP BUAGAN 1",
        "polda_id": "17",
        "polres_id": "271",
        "status": "hidup",
        "ctdby": "4000ORGANIK",
        "ctddate": "2023-10-26T16:00:00.000Z",
        "ctdtime": "23:59:00",
        "rtsp_cctv": "rtsp://satansheir:letyur13@172.16.80.14:554/cam/realmonitor?channel=153&subtype=1",
        "channel_code": null,
        "ctdupd": null,
        "instansi": "dishub",
        "jenis_cctv": "Analytic Checkpoint",
        "nama_jalan_s": "Jalan Imam Bonjol No.497",
        "channel_id": null,
        "cctv_in": "N",
        "cctv_out": "N",
        "masuk_kab": "N",
        "keluar_kab": "N",
        "keterangan": "checkpoint",
        "fungsi_jalan_cctv_id": 6,
        "masuk_prov": "N",
        "keluar_prov": "N",
        "is_active": 1,
        "channel_id_event": null,
        "hls_cctv": "https://stream.elingbali.com:5051/live_cctv/265/playlist.m3u8",
        "cctv_category_id": 5,
        "kecamatan": null,
        "kota": null,
        "nama_objek_vital": null,
        "channel_id_enforcement": null,
        "cctv_id": "efd006ff-4465-4c5f-92c1-197e5e49c54d",
        "polda": "Polda Bali",
        "polres": "POLRESTA DENPASAR",
        "fungsi_jalan": "ARTERI",
        "category": "DALAM KOTA",
        "in_out": null,
        "ket_in_out": null,
        "_region": "bali",
        "Satwil": "Polda Bali"
      }
    },
    {
      "type": "Feature",
      "geometry": {
        "type": "Point",
        "coordinates": [
          115.187041,
          -8.695508
        ]
      },
      "properties": {
        "rowid": 264,
        "nama_cctv": "CTV152 DSHB DPS SP PULAU GALANG",
        "polda_id": "17",
        "polres_id": "271",
        "status": "hidup",
        "ctdby": "4000ORGANIK",
        "ctddate": "2023-10-26T16:00:00.000Z",
        "ctdtime": "23:59:00",
        "rtsp_cctv": "rtsp://satansheir:letyur13@172.16.80.14:554/cam/realmonitor?channel=152&subtype=1",
        "channel_code": null,
        "ctdupd": null,
        "instansi": "dishub",
        "jenis_cctv": "Analytic Checkpoint",
        "nama_jalan_s": "Jalan Imam Bonjol",
        "channel_id": null,
        "cctv_in": "N",
        "cctv_out": "N",
        "masuk_kab": "N",
        "keluar_kab": "N",
        "keterangan": "checkpoint",
        "fungsi_jalan_cctv_id": 6,
        "masuk_prov": "N",
        "keluar_prov": "N",
        "is_active": 1,
        "channel_id_event": null,
        "hls_cctv": "https://stream.elingbali.com:5051/live_cctv/264/playlist.m3u8",
        "cctv_category_id": 5,
        "kecamatan": null,
        "kota": null,
        "nama_objek_vital": null,
        "channel_id_enforcement": null,
        "cctv_id": "53ade354-e244-4aa0-bcf0-18ee9d576bbb",
        "polda": "Polda Bali",
        "polres": "POLRESTA DENPASAR",
        "fungsi_jalan": "ARTERI",
        "category": "DALAM KOTA",
        "in_out": null,
        "ket_in_out": null,
        "_region": "bali",
        "Satwil": "Polda Bali"
      }
    },
    {
      "type": "Feature",
      "geometry": {
        "type": "Point",
        "coordinates": [
          115.26933,
          -8.648408
        ]
      },
      "properties": {
        "rowid": 263,
        "nama_cctv": "CTV151 DSHB DPS SP GEMITIR",
        "polda_id": "17",
        "polres_id": "271",
        "status": "hidup",
        "ctdby": "4000ORGANIK",
        "ctddate": "2023-10-26T16:00:00.000Z",
        "ctdtime": "23:59:00",
        "rtsp_cctv": "rtsp://satansheir:letyur13@172.16.80.14:554/cam/realmonitor?channel=151&subtype=1",
        "channel_code": null,
        "ctdupd": null,
        "instansi": "dishub",
        "jenis_cctv": "Analytic Checkpoint",
        "nama_jalan_s": "Jalan Gemitir",
        "channel_id": null,
        "cctv_in": "N",
        "cctv_out": "N",
        "masuk_kab": "N",
        "keluar_kab": "N",
        "keterangan": "checkpoint",
        "fungsi_jalan_cctv_id": 6,
        "masuk_prov": "N",
        "keluar_prov": "N",
        "is_active": 1,
        "channel_id_event": null,
        "hls_cctv": "https://stream.elingbali.com:5051/live_cctv/263/playlist.m3u8",
        "cctv_category_id": 5,
        "kecamatan": null,
        "kota": null,
        "nama_objek_vital": null,
        "channel_id_enforcement": null,
        "cctv_id": "6c831903-c72d-48a3-8d86-996aa182bbeb",
        "polda": "Polda Bali",
        "polres": "POLRESTA DENPASAR",
        "fungsi_jalan": "ARTERI",
        "category": "DALAM KOTA",
        "in_out": null,
        "ket_in_out": null,
        "_region": "bali",
        "Satwil": "Polda Bali"
      }
    },
    {
      "type": "Feature",
      "geometry": {
        "type": "Point",
        "coordinates": [
          115.195412,
          -8.651537
        ]
      },
      "properties": {
        "rowid": 262,
        "nama_cctv": "CTV150 DSHB DPS SP STADION KMP SUJANA",
        "polda_id": "17",
        "polres_id": "271",
        "status": "hidup",
        "ctdby": "4000ORGANIK",
        "ctddate": "2023-10-26T16:00:00.000Z",
        "ctdtime": "23:59:00",
        "rtsp_cctv": "rtsp://satansheir:letyur13@172.16.80.14:554/cam/realmonitor?channel=150&subtype=1",
        "channel_code": null,
        "ctdupd": null,
        "instansi": "dishub",
        "jenis_cctv": "Analytic Checkpoint",
        "nama_jalan_s": "Jalan Mahendradatta Utara",
        "channel_id": null,
        "cctv_in": "N",
        "cctv_out": "N",
        "masuk_kab": "N",
        "keluar_kab": "N",
        "keterangan": "checkpoint",
        "fungsi_jalan_cctv_id": 6,
        "masuk_prov": "N",
        "keluar_prov": "N",
        "is_active": 1,
        "channel_id_event": null,
        "hls_cctv": "https://stream.elingbali.com:5051/live_cctv/262/playlist.m3u8",
        "cctv_category_id": 5,
        "kecamatan": null,
        "kota": null,
        "nama_objek_vital": null,
        "channel_id_enforcement": null,
        "cctv_id": "e6b24e7b-b2c8-47ca-a9c5-916bb5e6ca02",
        "polda": "Polda Bali",
        "polres": "POLRESTA DENPASAR",
        "fungsi_jalan": "ARTERI",
        "category": "DALAM KOTA",
        "in_out": null,
        "ket_in_out": null,
        "_region": "bali",
        "Satwil": "Polda Bali"
      }
    },
    {
      "type": "Feature",
      "geometry": {
        "type": "Point",
        "coordinates": [
          115.226623,
          -8.806386
        ]
      },
      "properties": {
        "rowid": 261,
        "nama_cctv": "CTV191 ITDC PINTU KELUAR SELATAN P",
        "polda_id": "17",
        "polres_id": "267",
        "status": "hidup",
        "ctdby": "4000ORGANIK",
        "ctddate": "2023-10-26T16:00:00.000Z",
        "ctdtime": "23:59:00",
        "rtsp_cctv": "rtsp://satansheir:letyur13@172.16.80.14:554/cam/realmonitor?channel=191&subtype=1",
        "channel_code": null,
        "ctdupd": null,
        "instansi": "ITDC",
        "jenis_cctv": "ANALYTIC",
        "nama_jalan_s": "Jalan Pantai Mengiat",
        "channel_id": "1000043$1$0$190",
        "cctv_in": "N",
        "cctv_out": "N",
        "masuk_kab": "N",
        "keluar_kab": "N",
        "keterangan": "checkpoint",
        "fungsi_jalan_cctv_id": 6,
        "masuk_prov": "N",
        "keluar_prov": "N",
        "is_active": 1,
        "channel_id_event": null,
        "hls_cctv": "https://stream.elingbali.com:5051/live_cctv/261/playlist.m3u8",
        "cctv_category_id": 3,
        "kecamatan": null,
        "kota": null,
        "nama_objek_vital": null,
        "channel_id_enforcement": null,
        "cctv_id": "3b95dafd-16f7-443f-bca8-cc0f69d645c6",
        "polda": "Polda Bali",
        "polres": "POLRES TABANAN",
        "fungsi_jalan": "ARTERI",
        "category": "OBJEK VITAL",
        "in_out": null,
        "ket_in_out": null,
        "_region": "bali",
        "Satwil": "Polda Bali"
      }
    },
    {
      "type": "Feature",
      "geometry": {
        "type": "Point",
        "coordinates": [
          115.2271,
          -8.806245
        ]
      },
      "properties": {
        "rowid": 260,
        "nama_cctv": "CTV190 ITDC PINTU MASUK SELATAN P",
        "polda_id": "17",
        "polres_id": "267",
        "status": "mati",
        "ctdby": "4000ORGANIK",
        "ctddate": "2023-10-26T16:00:00.000Z",
        "ctdtime": "23:59:00",
        "rtsp_cctv": "rtsp://satansheir:letyur13@172.16.80.14:554/cam/realmonitor?channel=190&subtype=1",
        "channel_code": null,
        "ctdupd": null,
        "instansi": "ITDC",
        "jenis_cctv": "ANALYTIC",
        "nama_jalan_s": "Jalan ITDC Nusa Dua",
        "channel_id": "1000043$1$0$189",
        "cctv_in": "N",
        "cctv_out": "N",
        "masuk_kab": "N",
        "keluar_kab": "N",
        "keterangan": "checkpoint",
        "fungsi_jalan_cctv_id": 6,
        "masuk_prov": "N",
        "keluar_prov": "N",
        "is_active": 1,
        "channel_id_event": null,
        "hls_cctv": "https://stream.elingbali.com:5051/live_cctv/260/playlist.m3u8",
        "cctv_category_id": 3,
        "kecamatan": null,
        "kota": null,
        "nama_objek_vital": null,
        "channel_id_enforcement": null,
        "cctv_id": "e51b4d7f-d28d-4337-b724-ee7cac37d714",
        "polda": "Polda Bali",
        "polres": "POLRES TABANAN",
        "fungsi_jalan": "ARTERI",
        "category": "OBJEK VITAL",
        "in_out": null,
        "ket_in_out": null,
        "_region": "bali",
        "Satwil": "Polda Bali"
      }
    },
    {
      "type": "Feature",
      "geometry": {
        "type": "Point",
        "coordinates": [
          115.226965,
          -8.790332
        ]
      },
      "properties": {
        "rowid": 259,
        "nama_cctv": "CTV189 ITDC PINTU KELUAR UTAMA P",
        "polda_id": "17",
        "polres_id": "267",
        "status": "mati",
        "ctdby": "4000ORGANIK",
        "ctddate": "2023-10-26T16:00:00.000Z",
        "ctdtime": "23:59:00",
        "rtsp_cctv": "rtsp://satansheir:letyur13@172.16.80.14:554/cam/realmonitor?channel=189&subtype=1",
        "channel_code": null,
        "ctdupd": null,
        "instansi": "ITDC",
        "jenis_cctv": "ANALYTIC",
        "nama_jalan_s": "Jalan Kw. Nusa Dua Resort",
        "channel_id": "1000043$1$0$188",
        "cctv_in": "N",
        "cctv_out": "N",
        "masuk_kab": "N",
        "keluar_kab": "N",
        "keterangan": "checkpoint",
        "fungsi_jalan_cctv_id": 6,
        "masuk_prov": "N",
        "keluar_prov": "N",
        "is_active": 1,
        "channel_id_event": null,
        "hls_cctv": "https://stream.elingbali.com:5051/live_cctv/259/playlist.m3u8",
        "cctv_category_id": 3,
        "kecamatan": null,
        "kota": null,
        "nama_objek_vital": null,
        "channel_id_enforcement": null,
        "cctv_id": "3d521527-63fb-40a0-9499-e10957427867",
        "polda": "Polda Bali",
        "polres": "POLRES TABANAN",
        "fungsi_jalan": "ARTERI",
        "category": "OBJEK VITAL",
        "in_out": null,
        "ket_in_out": null,
        "_region": "bali",
        "Satwil": "Polda Bali"
      }
    },
    {
      "type": "Feature",
      "geometry": {
        "type": "Point",
        "coordinates": [
          115.227106,
          -8.790441
        ]
      },
      "properties": {
        "rowid": 258,
        "nama_cctv": "CTV188 ITDC PINTU MASUK UTAMA P",
        "polda_id": "17",
        "polres_id": "267",
        "status": "mati",
        "ctdby": "4000ORGANIK",
        "ctddate": "2023-10-26T16:00:00.000Z",
        "ctdtime": "23:59:00",
        "rtsp_cctv": "rtsp://satansheir:letyur13@172.16.80.14:554/cam/realmonitor?channel=188&subtype=1",
        "channel_code": null,
        "ctdupd": null,
        "instansi": "ITDC",
        "jenis_cctv": "ANALYTIC",
        "nama_jalan_s": "Jalan ITDC Nusa Dua",
        "channel_id": "1000043$1$0$187",
        "cctv_in": "N",
        "cctv_out": "N",
        "masuk_kab": "N",
        "keluar_kab": "N",
        "keterangan": "checkpoint",
        "fungsi_jalan_cctv_id": 6,
        "masuk_prov": "N",
        "keluar_prov": "N",
        "is_active": 1,
        "channel_id_event": null,
        "hls_cctv": "https://stream.elingbali.com:5051/live_cctv/258/playlist.m3u8",
        "cctv_category_id": 3,
        "kecamatan": null,
        "kota": null,
        "nama_objek_vital": null,
        "channel_id_enforcement": null,
        "cctv_id": "ff8320e3-4405-4083-ac17-c5d2bfd34ab2",
        "polda": "Polda Bali",
        "polres": "POLRES TABANAN",
        "fungsi_jalan": "ARTERI",
        "category": "OBJEK VITAL",
        "in_out": null,
        "ket_in_out": null,
        "_region": "bali",
        "Satwil": "Polda Bali"
      }
    },
    {
      "type": "Feature",
      "geometry": {
        "type": "Point",
        "coordinates": [
          115.22575,
          -8.797567
        ]
      },
      "properties": {
        "rowid": 257,
        "nama_cctv": "CTV187 ITDC PINTU KELUAR UTARA P",
        "polda_id": "17",
        "polres_id": "267",
        "status": "mati",
        "ctdby": "4000ORGANIK",
        "ctddate": "2023-10-26T16:00:00.000Z",
        "ctdtime": "23:59:00",
        "rtsp_cctv": "rtsp://satansheir:letyur13@172.16.80.14:554/cam/realmonitor?channel=187&subtype=1",
        "channel_code": null,
        "ctdupd": null,
        "instansi": "ITDC",
        "jenis_cctv": "ANALYTIC",
        "nama_jalan_s": "Jalan Nusa Dua",
        "channel_id": "1000043$1$0$186",
        "cctv_in": "N",
        "cctv_out": "N",
        "masuk_kab": "N",
        "keluar_kab": "N",
        "keterangan": "checkpoint",
        "fungsi_jalan_cctv_id": 6,
        "masuk_prov": "N",
        "keluar_prov": "N",
        "is_active": 1,
        "channel_id_event": null,
        "hls_cctv": "https://stream.elingbali.com:5051/live_cctv/257/playlist.m3u8",
        "cctv_category_id": 3,
        "kecamatan": null,
        "kota": null,
        "nama_objek_vital": null,
        "channel_id_enforcement": null,
        "cctv_id": "ded1347a-51b4-48d6-bc0a-2cfd8f332620",
        "polda": "Polda Bali",
        "polres": "POLRES TABANAN",
        "fungsi_jalan": "ARTERI",
        "category": "OBJEK VITAL",
        "in_out": null,
        "ket_in_out": null,
        "_region": "bali",
        "Satwil": "Polda Bali"
      }
    },
    {
      "type": "Feature",
      "geometry": {
        "type": "Point",
        "coordinates": [
          115.225683,
          -8.797293
        ]
      },
      "properties": {
        "rowid": 256,
        "nama_cctv": "CTV186 ITDC PINTU MASUK UTARA P",
        "polda_id": "17",
        "polres_id": "267",
        "status": "hidup",
        "ctdby": "4000ORGANIK",
        "ctddate": "2023-10-26T16:00:00.000Z",
        "ctdtime": "23:59:00",
        "rtsp_cctv": "rtsp://satansheir:letyur13@172.16.80.14:554/cam/realmonitor?channel=186&subtype=1",
        "channel_code": null,
        "ctdupd": null,
        "instansi": "ITDC",
        "jenis_cctv": "ANALYTIC",
        "nama_jalan_s": "Jalan ITDC Nusa Dua",
        "channel_id": "1000043$1$0$185",
        "cctv_in": "N",
        "cctv_out": "N",
        "masuk_kab": "N",
        "keluar_kab": "N",
        "keterangan": "checkpoint",
        "fungsi_jalan_cctv_id": 6,
        "masuk_prov": "N",
        "keluar_prov": "N",
        "is_active": 1,
        "channel_id_event": null,
        "hls_cctv": "https://stream.elingbali.com:5051/live_cctv/256/playlist.m3u8",
        "cctv_category_id": 3,
        "kecamatan": null,
        "kota": null,
        "nama_objek_vital": null,
        "channel_id_enforcement": null,
        "cctv_id": "48d3571f-5f12-4767-8098-01ffac9dd8ee",
        "polda": "Polda Bali",
        "polres": "POLRES TABANAN",
        "fungsi_jalan": "ARTERI",
        "category": "OBJEK VITAL",
        "in_out": null,
        "ket_in_out": null,
        "_region": "bali",
        "Satwil": "Polda Bali"
      }
    },
    {
      "type": "Feature",
      "geometry": {
        "type": "Point",
        "coordinates": [
          115.182831,
          -8.744492
        ]
      },
      "properties": {
        "rowid": 249,
        "nama_cctv": "CTV149 DSHB SIMPANG TAHURA UTARA",
        "polda_id": "17",
        "polres_id": "695",
        "status": "hidup",
        "ctdby": "4000ORGANIK",
        "ctddate": "2023-10-26T16:00:00.000Z",
        "ctdtime": "23:59:00",
        "rtsp_cctv": "rtsp://satansheir:letyur13@172.16.80.14:554/cam/realmonitor?channel=149&subtype=1",
        "channel_code": null,
        "ctdupd": null,
        "instansi": "korlantas",
        "jenis_cctv": "ANALYTIC",
        "nama_jalan_s": "Bundaran Bandara Ngurah Rai",
        "channel_id": "1000043$1$0$148",
        "cctv_in": "N",
        "cctv_out": "N",
        "masuk_kab": "N",
        "keluar_kab": "N",
        "keterangan": "checkpoint",
        "fungsi_jalan_cctv_id": 6,
        "masuk_prov": "N",
        "keluar_prov": "N",
        "is_active": 1,
        "channel_id_event": null,
        "hls_cctv": "https://stream.elingbali.com:5051/live_cctv/249/playlist.m3u8",
        "cctv_category_id": 5,
        "kecamatan": null,
        "kota": null,
        "nama_objek_vital": null,
        "channel_id_enforcement": null,
        "cctv_id": "2b3d951c-1499-41c9-b623-f7bd6d279eca",
        "polda": "Polda Bali",
        "polres": "POLRES BANDARA I GUSTI NGURAH RAI",
        "fungsi_jalan": "ARTERI",
        "category": "DALAM KOTA",
        "in_out": null,
        "ket_in_out": null,
        "_region": "bali",
        "Satwil": "Polda Bali"
      }
    },
    {
      "type": "Feature",
      "geometry": {
        "type": "Point",
        "coordinates": [
          115.166997,
          -8.683042
        ]
      },
      "properties": {
        "rowid": 248,
        "nama_cctv": "CTV148 ATMS DPS SP MARTENADI BARAT",
        "polda_id": "17",
        "polres_id": "271",
        "status": "mati",
        "ctdby": "4000ORGANIK",
        "ctddate": "2023-10-26T16:00:00.000Z",
        "ctdtime": "23:59:00",
        "rtsp_cctv": "rtsp://satansheir:letyur13@172.16.80.14:554/cam/realmonitor?channel=148&subtype=1",
        "channel_code": null,
        "ctdupd": null,
        "instansi": "korlantas",
        "jenis_cctv": "ANALYTIC",
        "nama_jalan_s": "Simpang Martenadi Barat",
        "channel_id": "1000043$1$0$147",
        "cctv_in": "N",
        "cctv_out": "N",
        "masuk_kab": "N",
        "keluar_kab": "N",
        "keterangan": "checkpoint",
        "fungsi_jalan_cctv_id": 6,
        "masuk_prov": "N",
        "keluar_prov": "N",
        "is_active": 1,
        "channel_id_event": null,
        "hls_cctv": "https://stream.elingbali.com:5051/live_cctv/248/playlist.m3u8",
        "cctv_category_id": 5,
        "kecamatan": null,
        "kota": null,
        "nama_objek_vital": null,
        "channel_id_enforcement": null,
        "cctv_id": "8066c211-0146-427b-9026-9b5d051fc796",
        "polda": "Polda Bali",
        "polres": "POLRESTA DENPASAR",
        "fungsi_jalan": "ARTERI",
        "category": "DALAM KOTA",
        "in_out": null,
        "ket_in_out": null,
        "_region": "bali",
        "Satwil": "Polda Bali"
      }
    },
    {
      "type": "Feature",
      "geometry": {
        "type": "Point",
        "coordinates": [
          115.169899,
          -8.722602
        ]
      },
      "properties": {
        "rowid": 247,
        "nama_cctv": "CTV147 ATMS DPS GRAND INNA",
        "polda_id": "17",
        "polres_id": "271",
        "status": "mati",
        "ctdby": "4000ORGANIK",
        "ctddate": "2023-10-26T16:00:00.000Z",
        "ctdtime": "23:59:00",
        "rtsp_cctv": "rtsp://satansheir:letyur13@172.16.80.14:554/cam/realmonitor?channel=147&subtype=1",
        "channel_code": null,
        "ctdupd": null,
        "instansi": "korlantas",
        "jenis_cctv": "ANALYTIC",
        "nama_jalan_s": "Jalan Pantai Kuta 1",
        "channel_id": "1000043$1$0$146",
        "cctv_in": "N",
        "cctv_out": "N",
        "masuk_kab": "N",
        "keluar_kab": "N",
        "keterangan": "checkpoint",
        "fungsi_jalan_cctv_id": 6,
        "masuk_prov": "N",
        "keluar_prov": "N",
        "is_active": 1,
        "channel_id_event": null,
        "hls_cctv": "https://stream.elingbali.com:5051/live_cctv/247/playlist.m3u8",
        "cctv_category_id": 5,
        "kecamatan": null,
        "kota": null,
        "nama_objek_vital": null,
        "channel_id_enforcement": null,
        "cctv_id": "b982a75e-b06f-4c3a-abe4-12fafa53b7c9",
        "polda": "Polda Bali",
        "polres": "POLRESTA DENPASAR",
        "fungsi_jalan": "ARTERI",
        "category": "DALAM KOTA",
        "in_out": null,
        "ket_in_out": null,
        "_region": "bali",
        "Satwil": "Polda Bali"
      }
    },
    {
      "type": "Feature",
      "geometry": {
        "type": "Point",
        "coordinates": [
          115.166146,
          -8.785624
        ]
      },
      "properties": {
        "rowid": 246,
        "nama_cctv": "CTV146 ATMS DPS SP KALI",
        "polda_id": "17",
        "polres_id": "271",
        "status": "mati",
        "ctdby": "4000ORGANIK",
        "ctddate": "2023-10-26T16:00:00.000Z",
        "ctdtime": "23:59:00",
        "rtsp_cctv": "rtsp://satansheir:letyur13@172.16.80.14:554/cam/realmonitor?channel=146&subtype=1",
        "channel_code": null,
        "ctdupd": null,
        "instansi": "korlantas",
        "jenis_cctv": "ANALYTIC",
        "nama_jalan_s": "Simpang Kali",
        "channel_id": "1000043$1$0$145",
        "cctv_in": "N",
        "cctv_out": "N",
        "masuk_kab": "N",
        "keluar_kab": "N",
        "keterangan": "checkpoint",
        "fungsi_jalan_cctv_id": 6,
        "masuk_prov": "N",
        "keluar_prov": "N",
        "is_active": 1,
        "channel_id_event": null,
        "hls_cctv": "https://stream.elingbali.com:5051/live_cctv/246/playlist.m3u8",
        "cctv_category_id": 5,
        "kecamatan": null,
        "kota": null,
        "nama_objek_vital": null,
        "channel_id_enforcement": null,
        "cctv_id": "cf6db63b-3eb9-415b-9a6f-71ea2c096c28",
        "polda": "Polda Bali",
        "polres": "POLRESTA DENPASAR",
        "fungsi_jalan": "ARTERI",
        "category": "DALAM KOTA",
        "in_out": null,
        "ket_in_out": null,
        "_region": "bali",
        "Satwil": "Polda Bali"
      }
    },
    {
      "type": "Feature",
      "geometry": {
        "type": "Point",
        "coordinates": [
          115.156008,
          -8.815654
        ]
      },
      "properties": {
        "rowid": 245,
        "nama_cctv": "CTV145 ATMS DPS SP KAMPUS UDAYANA",
        "polda_id": "17",
        "polres_id": "271",
        "status": "mati",
        "ctdby": "4000ORGANIK",
        "ctddate": "2023-10-26T16:00:00.000Z",
        "ctdtime": "23:59:00",
        "rtsp_cctv": "rtsp://satansheir:letyur13@172.16.80.14:554/cam/realmonitor?channel=145&subtype=1",
        "channel_code": null,
        "ctdupd": null,
        "instansi": "korlantas",
        "jenis_cctv": "ANALYTIC",
        "nama_jalan_s": "Simpang Nirmala Ungasan",
        "channel_id": "1000043$1$0$144",
        "cctv_in": "N",
        "cctv_out": "N",
        "masuk_kab": "N",
        "keluar_kab": "N",
        "keterangan": "checkpoint",
        "fungsi_jalan_cctv_id": 6,
        "masuk_prov": "N",
        "keluar_prov": "N",
        "is_active": 1,
        "channel_id_event": null,
        "hls_cctv": "https://stream.elingbali.com:5051/live_cctv/245/playlist.m3u8",
        "cctv_category_id": 5,
        "kecamatan": null,
        "kota": null,
        "nama_objek_vital": null,
        "channel_id_enforcement": null,
        "cctv_id": "b01a5b14-236a-4a7d-94da-2481445e3830",
        "polda": "Polda Bali",
        "polres": "POLRESTA DENPASAR",
        "fungsi_jalan": "ARTERI",
        "category": "DALAM KOTA",
        "in_out": null,
        "ket_in_out": null,
        "_region": "bali",
        "Satwil": "Polda Bali"
      }
    },
    {
      "type": "Feature",
      "geometry": {
        "type": "Point",
        "coordinates": [
          115.179709,
          -8.744647
        ]
      },
      "properties": {
        "rowid": 244,
        "nama_cctv": "CTV144 ATMS DPS PINTU KELUAR BANDARA",
        "polda_id": "17",
        "polres_id": "695",
        "status": "mati",
        "ctdby": "4000ORGANIK",
        "ctddate": "2023-10-26T16:00:00.000Z",
        "ctdtime": "23:59:00",
        "rtsp_cctv": "rtsp://satansheir:letyur13@172.16.80.14:554/cam/realmonitor?channel=144&subtype=1",
        "channel_code": null,
        "ctdupd": null,
        "instansi": "korlantas",
        "jenis_cctv": "ANALYTIC",
        "nama_jalan_s": "Jalan Airport Ngurah Rai",
        "channel_id": "1000043$1$0$143",
        "cctv_in": "N",
        "cctv_out": "N",
        "masuk_kab": "N",
        "keluar_kab": "N",
        "keterangan": "checkpoint",
        "fungsi_jalan_cctv_id": 6,
        "masuk_prov": "N",
        "keluar_prov": "N",
        "is_active": 1,
        "channel_id_event": null,
        "hls_cctv": "https://stream.elingbali.com:5051/live_cctv/244/playlist.m3u8",
        "cctv_category_id": 5,
        "kecamatan": null,
        "kota": null,
        "nama_objek_vital": null,
        "channel_id_enforcement": null,
        "cctv_id": "43274355-1d4c-40d3-b7cd-b5fb6ec89750",
        "polda": "Polda Bali",
        "polres": "POLRES BANDARA I GUSTI NGURAH RAI",
        "fungsi_jalan": "ARTERI",
        "category": "DALAM KOTA",
        "in_out": null,
        "ket_in_out": null,
        "_region": "bali",
        "Satwil": "Polda Bali"
      }
    },
    {
      "type": "Feature",
      "geometry": {
        "type": "Point",
        "coordinates": [
          115.195408,
          -8.617461
        ]
      },
      "properties": {
        "rowid": 243,
        "nama_cctv": "CTV143 ATMS DPS TL UMANYAR",
        "polda_id": "17",
        "polres_id": "271",
        "status": "mati",
        "ctdby": "4000ORGANIK",
        "ctddate": "2023-10-26T16:00:00.000Z",
        "ctdtime": "23:59:00",
        "rtsp_cctv": "rtsp://satansheir:letyur13@172.16.80.14:554/cam/realmonitor?channel=143&subtype=1",
        "channel_code": null,
        "ctdupd": null,
        "instansi": "korlantas",
        "jenis_cctv": "ANALYTIC",
        "nama_jalan_s": "Simpang TL Umanyar",
        "channel_id": "1000043$1$0$142",
        "cctv_in": "N",
        "cctv_out": "N",
        "masuk_kab": "N",
        "keluar_kab": "N",
        "keterangan": "checkpoint",
        "fungsi_jalan_cctv_id": 6,
        "masuk_prov": "N",
        "keluar_prov": "N",
        "is_active": 1,
        "channel_id_event": null,
        "hls_cctv": "https://stream.elingbali.com:5051/live_cctv/243/playlist.m3u8",
        "cctv_category_id": 5,
        "kecamatan": null,
        "kota": null,
        "nama_objek_vital": null,
        "channel_id_enforcement": null,
        "cctv_id": "efaf2c53-ecb5-424a-a3b7-0860d17876fb",
        "polda": "Polda Bali",
        "polres": "POLRESTA DENPASAR",
        "fungsi_jalan": "ARTERI",
        "category": "DALAM KOTA",
        "in_out": null,
        "ket_in_out": null,
        "_region": "bali",
        "Satwil": "Polda Bali"
      }
    },
    {
      "type": "Feature",
      "geometry": {
        "type": "Point",
        "coordinates": [
          114.436694,
          -8.163511
        ]
      },
      "properties": {
        "rowid": 235,
        "nama_cctv": "CTV24 KORLAN GILIMANUK",
        "polda_id": "17",
        "polres_id": "264",
        "status": "hidup",
        "ctdby": "4000ORGANIK",
        "ctddate": "2023-10-26T16:00:00.000Z",
        "ctdtime": "23:59:00",
        "rtsp_cctv": "rtsp://satansheir:letyur13@172.16.80.14:554/cam/realmonitor?channel=24&subtype=1",
        "channel_code": null,
        "ctdupd": null,
        "instansi": "korlantas",
        "jenis_cctv": "ANALYTIC",
        "nama_jalan_s": "Jalan Raya Gilimanuk - Cekik",
        "channel_id": "1000043$1$0$23",
        "cctv_in": "N",
        "cctv_out": "N",
        "masuk_kab": "N",
        "keluar_kab": "N",
        "keterangan": "checkpoint",
        "fungsi_jalan_cctv_id": 6,
        "masuk_prov": "N",
        "keluar_prov": "N",
        "is_active": 1,
        "channel_id_event": null,
        "hls_cctv": "https://stream.elingbali.com:5051/live_cctv/235/playlist.m3u8",
        "cctv_category_id": 5,
        "kecamatan": null,
        "kota": null,
        "nama_objek_vital": null,
        "channel_id_enforcement": null,
        "cctv_id": "14d141c1-2e7d-4578-924b-4dc1feaad32f",
        "polda": "Polda Bali",
        "polres": "POLRES JEMBRANA",
        "fungsi_jalan": "ARTERI",
        "category": "DALAM KOTA",
        "in_out": null,
        "ket_in_out": null,
        "_region": "bali",
        "Satwil": "Polda Bali"
      }
    },
    {
      "type": "Feature",
      "geometry": {
        "type": "Point",
        "coordinates": [
          114.635722,
          -8.35835
        ]
      },
      "properties": {
        "rowid": 234,
        "nama_cctv": "CTV129 ATMS JBR POSPOL SUDIRMAN",
        "polda_id": "17",
        "polres_id": "264",
        "status": "mati",
        "ctdby": "4000ORGANIK",
        "ctddate": "2023-10-26T16:00:00.000Z",
        "ctdtime": "23:59:00",
        "rtsp_cctv": "rtsp://satansheir:letyur13@172.16.80.14:554/cam/realmonitor?channel=129&subtype=1",
        "channel_code": null,
        "ctdupd": null,
        "instansi": "korlantas",
        "jenis_cctv": "ANALYTIC",
        "nama_jalan_s": "Simpang Pospol Sudirman",
        "channel_id": "1000043$1$0$128",
        "cctv_in": "N",
        "cctv_out": "N",
        "masuk_kab": "N",
        "keluar_kab": "N",
        "keterangan": "checkpoint",
        "fungsi_jalan_cctv_id": 6,
        "masuk_prov": "N",
        "keluar_prov": "N",
        "is_active": 1,
        "channel_id_event": null,
        "hls_cctv": "https://stream.elingbali.com:5051/live_cctv/234/playlist.m3u8",
        "cctv_category_id": 5,
        "kecamatan": null,
        "kota": null,
        "nama_objek_vital": null,
        "channel_id_enforcement": null,
        "cctv_id": "a613c8a6-ccad-42c4-ba70-532a912226c3",
        "polda": "Polda Bali",
        "polres": "POLRES JEMBRANA",
        "fungsi_jalan": "ARTERI",
        "category": "DALAM KOTA",
        "in_out": null,
        "ket_in_out": null,
        "_region": "bali",
        "Satwil": "Polda Bali"
      }
    },
    {
      "type": "Feature",
      "geometry": {
        "type": "Point",
        "coordinates": [
          114.634876,
          -8.361005
        ]
      },
      "properties": {
        "rowid": 233,
        "nama_cctv": "CTV128 ATMS JBR SP POSPOL ADHYPURA",
        "polda_id": "17",
        "polres_id": "264",
        "status": "mati",
        "ctdby": "4000ORGANIK",
        "ctddate": "2023-10-26T16:00:00.000Z",
        "ctdtime": "23:59:00",
        "rtsp_cctv": "rtsp://satansheir:letyur13@172.16.80.14:554/cam/realmonitor?channel=128&subtype=1",
        "channel_code": null,
        "ctdupd": null,
        "instansi": "korlantas",
        "jenis_cctv": "ANALYTIC",
        "nama_jalan_s": "Simpang Adhypura",
        "channel_id": "1000043$1$0$127",
        "cctv_in": "N",
        "cctv_out": "N",
        "masuk_kab": "N",
        "keluar_kab": "N",
        "keterangan": "checkpoint",
        "fungsi_jalan_cctv_id": 6,
        "masuk_prov": "N",
        "keluar_prov": "N",
        "is_active": 1,
        "channel_id_event": null,
        "hls_cctv": "https://stream.elingbali.com:5051/live_cctv/233/playlist.m3u8",
        "cctv_category_id": 5,
        "kecamatan": null,
        "kota": null,
        "nama_objek_vital": null,
        "channel_id_enforcement": null,
        "cctv_id": "cc0a1c85-b021-461a-93c4-03ee76624de8",
        "polda": "Polda Bali",
        "polres": "POLRES JEMBRANA",
        "fungsi_jalan": "ARTERI",
        "category": "DALAM KOTA",
        "in_out": null,
        "ket_in_out": null,
        "_region": "bali",
        "Satwil": "Polda Bali"
      }
    },
    {
      "type": "Feature",
      "geometry": {
        "type": "Point",
        "coordinates": [
          114.62561,
          -8.36059
        ]
      },
      "properties": {
        "rowid": 232,
        "nama_cctv": "CTV127 ATMS JBR SP WIBISANA",
        "polda_id": "17",
        "polres_id": "264",
        "status": "mati",
        "ctdby": "4000ORGANIK",
        "ctddate": "2023-10-26T16:00:00.000Z",
        "ctdtime": "23:59:00",
        "rtsp_cctv": "rtsp://satansheir:letyur13@172.16.80.14:554/cam/realmonitor?channel=127&subtype=1",
        "channel_code": null,
        "ctdupd": null,
        "instansi": "korlantas",
        "jenis_cctv": "ANALYTIC",
        "nama_jalan_s": "Simpang Wibisana",
        "channel_id": "1000043$1$0$126",
        "cctv_in": "N",
        "cctv_out": "N",
        "masuk_kab": "N",
        "keluar_kab": "N",
        "keterangan": "checkpoint",
        "fungsi_jalan_cctv_id": 6,
        "masuk_prov": "N",
        "keluar_prov": "N",
        "is_active": 1,
        "channel_id_event": null,
        "hls_cctv": "https://stream.elingbali.com:5051/live_cctv/232/playlist.m3u8",
        "cctv_category_id": 5,
        "kecamatan": null,
        "kota": null,
        "nama_objek_vital": null,
        "channel_id_enforcement": null,
        "cctv_id": "79547f25-e17d-4608-bce2-1a0c3f75ef29",
        "polda": "Polda Bali",
        "polres": "POLRES JEMBRANA",
        "fungsi_jalan": "ARTERI",
        "category": "DALAM KOTA",
        "in_out": null,
        "ket_in_out": null,
        "_region": "bali",
        "Satwil": "Polda Bali"
      }
    },
    {
      "type": "Feature",
      "geometry": {
        "type": "Point",
        "coordinates": [
          114.621523,
          -8.357126
        ]
      },
      "properties": {
        "rowid": 231,
        "nama_cctv": "CTV126 ATMS JBR SP PENDOPO",
        "polda_id": "17",
        "polres_id": "264",
        "status": "mati",
        "ctdby": "4000ORGANIK",
        "ctddate": "2023-10-26T16:00:00.000Z",
        "ctdtime": "23:59:00",
        "rtsp_cctv": "rtsp://satansheir:letyur13@172.16.80.14:554/cam/realmonitor?channel=126&subtype=1",
        "channel_code": null,
        "ctdupd": null,
        "instansi": "korlantas",
        "jenis_cctv": "ANALYTIC",
        "nama_jalan_s": "Simpang Pendopo",
        "channel_id": "1000043$1$0$125",
        "cctv_in": "N",
        "cctv_out": "N",
        "masuk_kab": "N",
        "keluar_kab": "N",
        "keterangan": "checkpoint",
        "fungsi_jalan_cctv_id": 6,
        "masuk_prov": "N",
        "keluar_prov": "N",
        "is_active": 1,
        "channel_id_event": null,
        "hls_cctv": "https://stream.elingbali.com:5051/live_cctv/231/playlist.m3u8",
        "cctv_category_id": 5,
        "kecamatan": null,
        "kota": null,
        "nama_objek_vital": null,
        "channel_id_enforcement": null,
        "cctv_id": "d9519127-5009-4dfc-a6e4-3da1f95b4176",
        "polda": "Polda Bali",
        "polres": "POLRES JEMBRANA",
        "fungsi_jalan": "ARTERI",
        "category": "DALAM KOTA",
        "in_out": null,
        "ket_in_out": null,
        "_region": "bali",
        "Satwil": "Polda Bali"
      }
    },
    {
      "type": "Feature",
      "geometry": {
        "type": "Point",
        "coordinates": [
          115.157585,
          -8.56145
        ]
      },
      "properties": {
        "rowid": 229,
        "nama_cctv": "CTV136 ATMS TBN POSPOL DAKDAKAN",
        "polda_id": "17",
        "polres_id": "265",
        "status": "mati",
        "ctdby": "4000ORGANIK",
        "ctddate": "2023-10-26T16:00:00.000Z",
        "ctdtime": "23:59:00",
        "rtsp_cctv": "rtsp://satansheir:letyur13@172.16.80.14:554/cam/realmonitor?channel=136&subtype=1",
        "channel_code": null,
        "ctdupd": null,
        "instansi": "korlantas",
        "jenis_cctv": "Analytic Checkpoint",
        "nama_jalan_s": "Jalan Raya Dakdakan",
        "channel_id": "1000043$1$0$135",
        "cctv_in": "N",
        "cctv_out": "Y",
        "masuk_kab": "N",
        "keluar_kab": "Y",
        "keterangan": "checkpoint",
        "fungsi_jalan_cctv_id": 6,
        "masuk_prov": "N",
        "keluar_prov": "N",
        "is_active": 1,
        "channel_id_event": null,
        "hls_cctv": "https://stream.elingbali.com:5051/live_cctv/229/playlist.m3u8",
        "cctv_category_id": 2,
        "kecamatan": null,
        "kota": null,
        "nama_objek_vital": null,
        "channel_id_enforcement": null,
        "cctv_id": "ed60ba72-c0f1-4873-ae51-72e7d79d9b6c",
        "polda": "Polda Bali",
        "polres": "POLRES BADUNG",
        "fungsi_jalan": "ARTERI",
        "category": "BATAS KOTA",
        "in_out": "CCTV OUT",
        "ket_in_out": "KOTA",
        "_region": "bali",
        "Satwil": "Polda Bali"
      }
    },
    {
      "type": "Feature",
      "geometry": {
        "type": "Point",
        "coordinates": [
          115.140324,
          -8.554438
        ]
      },
      "properties": {
        "rowid": 228,
        "nama_cctv": "CTV135 ATMS TBN SP WISNU MURTI",
        "polda_id": "17",
        "polres_id": "267",
        "status": "mati",
        "ctdby": "4000ORGANIK",
        "ctddate": "2023-10-26T16:00:00.000Z",
        "ctdtime": "23:59:00",
        "rtsp_cctv": "rtsp://satansheir:letyur13@172.16.80.14:554/cam/realmonitor?channel=135&subtype=1",
        "channel_code": null,
        "ctdupd": null,
        "instansi": "korlantas",
        "jenis_cctv": "ANALYTIC",
        "nama_jalan_s": "Simpang Kediri",
        "channel_id": "1000043$1$0$134",
        "cctv_in": "N",
        "cctv_out": "N",
        "masuk_kab": "N",
        "keluar_kab": "N",
        "keterangan": "checkpoint",
        "fungsi_jalan_cctv_id": 6,
        "masuk_prov": "N",
        "keluar_prov": "N",
        "is_active": 1,
        "channel_id_event": null,
        "hls_cctv": "https://stream.elingbali.com:5051/live_cctv/228/playlist.m3u8",
        "cctv_category_id": 5,
        "kecamatan": null,
        "kota": null,
        "nama_objek_vital": null,
        "channel_id_enforcement": null,
        "cctv_id": "16eac30d-b930-4102-ab4a-b6e880357bbe",
        "polda": "Polda Bali",
        "polres": "POLRES TABANAN",
        "fungsi_jalan": "ARTERI",
        "category": "DALAM KOTA",
        "in_out": null,
        "ket_in_out": null,
        "_region": "bali",
        "Satwil": "Polda Bali"
      }
    },
    {
      "type": "Feature",
      "geometry": {
        "type": "Point",
        "coordinates": [
          115.139881,
          -8.543583
        ]
      },
      "properties": {
        "rowid": 227,
        "nama_cctv": "CTV134 ATMS TBN SP DPR",
        "polda_id": "17",
        "polres_id": "267",
        "status": "mati",
        "ctdby": "4000ORGANIK",
        "ctddate": "2023-10-26T16:00:00.000Z",
        "ctdtime": "23:59:00",
        "rtsp_cctv": "rtsp://satansheir:letyur13@172.16.80.14:554/cam/realmonitor?channel=134&subtype=1",
        "channel_code": null,
        "ctdupd": null,
        "instansi": "korlantas",
        "jenis_cctv": "ANALYTIC",
        "nama_jalan_s": "Simpang DPR",
        "channel_id": "1000043$1$0$133",
        "cctv_in": "N",
        "cctv_out": "N",
        "masuk_kab": "N",
        "keluar_kab": "N",
        "keterangan": "checkpoint",
        "fungsi_jalan_cctv_id": 6,
        "masuk_prov": "N",
        "keluar_prov": "N",
        "is_active": 1,
        "channel_id_event": null,
        "hls_cctv": "https://stream.elingbali.com:5051/live_cctv/227/playlist.m3u8",
        "cctv_category_id": 5,
        "kecamatan": null,
        "kota": null,
        "nama_objek_vital": null,
        "channel_id_enforcement": null,
        "cctv_id": "edb9b3fd-bd0d-4612-8b68-b9b35f9c7270",
        "polda": "Polda Bali",
        "polres": "POLRES TABANAN",
        "fungsi_jalan": "ARTERI",
        "category": "DALAM KOTA",
        "in_out": null,
        "ket_in_out": null,
        "_region": "bali",
        "Satwil": "Polda Bali"
      }
    },
    {
      "type": "Feature",
      "geometry": {
        "type": "Point",
        "coordinates": [
          115.115018,
          -8.545463
        ]
      },
      "properties": {
        "rowid": 226,
        "nama_cctv": "CTV133 ATMS TBN SP DUKUH",
        "polda_id": "17",
        "polres_id": "267",
        "status": "mati",
        "ctdby": "4000ORGANIK",
        "ctddate": "2023-10-26T16:00:00.000Z",
        "ctdtime": "23:59:00",
        "rtsp_cctv": "rtsp://satansheir:letyur13@172.16.80.14:554/cam/realmonitor?channel=133&subtype=1",
        "channel_code": null,
        "ctdupd": null,
        "instansi": "korlantas",
        "jenis_cctv": "ANALYTIC",
        "nama_jalan_s": "Simpang Dukuh",
        "channel_id": "1000043$1$0$132",
        "cctv_in": "N",
        "cctv_out": "N",
        "masuk_kab": "N",
        "keluar_kab": "N",
        "keterangan": "checkpoint",
        "fungsi_jalan_cctv_id": 6,
        "masuk_prov": "N",
        "keluar_prov": "N",
        "is_active": 1,
        "channel_id_event": null,
        "hls_cctv": "https://stream.elingbali.com:5051/live_cctv/226/playlist.m3u8",
        "cctv_category_id": 5,
        "kecamatan": null,
        "kota": null,
        "nama_objek_vital": null,
        "channel_id_enforcement": null,
        "cctv_id": "e4949c60-3bc4-4833-abf3-005e3e0145fc",
        "polda": "Polda Bali",
        "polres": "POLRES TABANAN",
        "fungsi_jalan": "ARTERI",
        "category": "DALAM KOTA",
        "in_out": null,
        "ket_in_out": null,
        "_region": "bali",
        "Satwil": "Polda Bali"
      }
    },
    {
      "type": "Feature",
      "geometry": {
        "type": "Point",
        "coordinates": [
          115.112436,
          -8.54053
        ]
      },
      "properties": {
        "rowid": 225,
        "nama_cctv": "CTV132 ATMS TBN SP GUBUG",
        "polda_id": "17",
        "polres_id": "267",
        "status": "mati",
        "ctdby": "4000ORGANIK",
        "ctddate": "2023-10-26T16:00:00.000Z",
        "ctdtime": "23:59:00",
        "rtsp_cctv": "rtsp://satansheir:letyur13@172.16.80.14:554/cam/realmonitor?channel=132&subtype=1",
        "channel_code": null,
        "ctdupd": null,
        "instansi": "korlantas",
        "jenis_cctv": "ANALYTIC",
        "nama_jalan_s": "Simpang Gubug",
        "channel_id": "1000043$1$0$131",
        "cctv_in": "N",
        "cctv_out": "N",
        "masuk_kab": "N",
        "keluar_kab": "N",
        "keterangan": "checkpoint",
        "fungsi_jalan_cctv_id": 6,
        "masuk_prov": "N",
        "keluar_prov": "N",
        "is_active": 1,
        "channel_id_event": null,
        "hls_cctv": "https://stream.elingbali.com:5051/live_cctv/225/playlist.m3u8",
        "cctv_category_id": 5,
        "kecamatan": null,
        "kota": null,
        "nama_objek_vital": null,
        "channel_id_enforcement": null,
        "cctv_id": "496aab1b-f56d-4313-9e59-7397a2f2cc9d",
        "polda": "Polda Bali",
        "polres": "POLRES TABANAN",
        "fungsi_jalan": "ARTERI",
        "category": "DALAM KOTA",
        "in_out": null,
        "ket_in_out": null,
        "_region": "bali",
        "Satwil": "Polda Bali"
      }
    },
    {
      "type": "Feature",
      "geometry": {
        "type": "Point",
        "coordinates": [
          115.192813,
          -8.613365
        ]
      },
      "properties": {
        "rowid": 224,
        "nama_cctv": "CTV142 ATMS BDG PERBATASAN SEMPIDI",
        "polda_id": "17",
        "polres_id": "265",
        "status": "mati",
        "ctdby": "4000ORGANIK",
        "ctddate": "2023-10-26T16:00:00.000Z",
        "ctdtime": "23:59:00",
        "rtsp_cctv": "rtsp://satansheir:letyur13@172.16.80.14:554/cam/realmonitor?channel=142&subtype=1",
        "channel_code": null,
        "ctdupd": null,
        "instansi": "korlantas",
        "jenis_cctv": "ANALYTIC",
        "nama_jalan_s": "Jalan Raya Denpasar - Gilimanuk 489-491",
        "channel_id": "1000043$1$0$141",
        "cctv_in": "N",
        "cctv_out": "N",
        "masuk_kab": "N",
        "keluar_kab": "N",
        "keterangan": "checkpoint",
        "fungsi_jalan_cctv_id": 6,
        "masuk_prov": "N",
        "keluar_prov": "N",
        "is_active": 1,
        "channel_id_event": null,
        "hls_cctv": "https://stream.elingbali.com:5051/live_cctv/224/playlist.m3u8",
        "cctv_category_id": 5,
        "kecamatan": null,
        "kota": null,
        "nama_objek_vital": null,
        "channel_id_enforcement": null,
        "cctv_id": "c9fa8b64-c789-4b32-a7a5-e7a287ab4131",
        "polda": "Polda Bali",
        "polres": "POLRES BADUNG",
        "fungsi_jalan": "ARTERI",
        "category": "DALAM KOTA",
        "in_out": null,
        "ket_in_out": null,
        "_region": "bali",
        "Satwil": "Polda Bali"
      }
    },
    {
      "type": "Feature",
      "geometry": {
        "type": "Point",
        "coordinates": [
          115.178202,
          -8.576359
        ]
      },
      "properties": {
        "rowid": 223,
        "nama_cctv": "CTV141 ATMS BDG SP 3 MUNCAN",
        "polda_id": "17",
        "polres_id": "265",
        "status": "mati",
        "ctdby": "4000ORGANIK",
        "ctddate": "2023-10-26T16:00:00.000Z",
        "ctdtime": "23:59:00",
        "rtsp_cctv": "rtsp://satansheir:letyur13@172.16.80.14:554/cam/realmonitor?channel=141&subtype=1",
        "channel_code": null,
        "ctdupd": null,
        "instansi": "korlantas",
        "jenis_cctv": "ANALYTIC",
        "nama_jalan_s": "Simpang Muncan",
        "channel_id": "1000043$1$0$140",
        "cctv_in": "N",
        "cctv_out": "N",
        "masuk_kab": "N",
        "keluar_kab": "N",
        "keterangan": "checkpoint",
        "fungsi_jalan_cctv_id": 6,
        "masuk_prov": "N",
        "keluar_prov": "N",
        "is_active": 1,
        "channel_id_event": null,
        "hls_cctv": "https://stream.elingbali.com:5051/live_cctv/223/playlist.m3u8",
        "cctv_category_id": 5,
        "kecamatan": null,
        "kota": null,
        "nama_objek_vital": null,
        "channel_id_enforcement": null,
        "cctv_id": "e1b3f238-a4eb-4ca4-a8f0-278c642587fe",
        "polda": "Polda Bali",
        "polres": "POLRES BADUNG",
        "fungsi_jalan": "ARTERI",
        "category": "DALAM KOTA",
        "in_out": null,
        "ket_in_out": null,
        "_region": "bali",
        "Satwil": "Polda Bali"
      }
    },
    {
      "type": "Feature",
      "geometry": {
        "type": "Point",
        "coordinates": [
          115.181855,
          -8.577765
        ]
      },
      "properties": {
        "rowid": 222,
        "nama_cctv": "CTV140 ATMS BDG SP AKIAN BASIH",
        "polda_id": "17",
        "polres_id": "265",
        "status": "mati",
        "ctdby": "4000ORGANIK",
        "ctddate": "2023-10-26T16:00:00.000Z",
        "ctdtime": "23:59:00",
        "rtsp_cctv": "rtsp://satansheir:letyur13@172.16.80.14:554/cam/realmonitor?channel=140&subtype=1",
        "channel_code": null,
        "ctdupd": null,
        "instansi": "korlantas",
        "jenis_cctv": "ANALYTIC",
        "nama_jalan_s": "Simpang Kapal",
        "channel_id": "1000043$1$0$139",
        "cctv_in": "N",
        "cctv_out": "N",
        "masuk_kab": "N",
        "keluar_kab": "N",
        "keterangan": "checkpoint",
        "fungsi_jalan_cctv_id": 6,
        "masuk_prov": "N",
        "keluar_prov": "N",
        "is_active": 1,
        "channel_id_event": null,
        "hls_cctv": "https://stream.elingbali.com:5051/live_cctv/222/playlist.m3u8",
        "cctv_category_id": 5,
        "kecamatan": null,
        "kota": null,
        "nama_objek_vital": null,
        "channel_id_enforcement": null,
        "cctv_id": "fdaffbb4-c93a-4ee2-aef8-4c5f094c587e",
        "polda": "Polda Bali",
        "polres": "POLRES BADUNG",
        "fungsi_jalan": "ARTERI",
        "category": "DALAM KOTA",
        "in_out": null,
        "ket_in_out": null,
        "_region": "bali",
        "Satwil": "Polda Bali"
      }
    },
    {
      "type": "Feature",
      "geometry": {
        "type": "Point",
        "coordinates": [
          115.171441,
          -8.561666
        ]
      },
      "properties": {
        "rowid": 221,
        "nama_cctv": "CTV139 ATMS BDG SP POLRES BADUNG",
        "polda_id": "17",
        "polres_id": "265",
        "status": "mati",
        "ctdby": "4000ORGANIK",
        "ctddate": "2023-10-26T16:00:00.000Z",
        "ctdtime": "23:59:00",
        "rtsp_cctv": "rtsp://satansheir:letyur13@172.16.80.14:554/cam/realmonitor?channel=139&subtype=1",
        "channel_code": null,
        "ctdupd": null,
        "instansi": "korlantas",
        "jenis_cctv": "ANALYTIC",
        "nama_jalan_s": "Simpang Polres Badung",
        "channel_id": "1000043$1$0$138",
        "cctv_in": "N",
        "cctv_out": "N",
        "masuk_kab": "N",
        "keluar_kab": "N",
        "keterangan": "checkpoint",
        "fungsi_jalan_cctv_id": 6,
        "masuk_prov": "N",
        "keluar_prov": "N",
        "is_active": 1,
        "channel_id_event": null,
        "hls_cctv": "https://stream.elingbali.com:5051/live_cctv/221/playlist.m3u8",
        "cctv_category_id": 5,
        "kecamatan": null,
        "kota": null,
        "nama_objek_vital": null,
        "channel_id_enforcement": null,
        "cctv_id": "05abbbdc-0a00-4c16-8e47-4b977bbe8b3a",
        "polda": "Polda Bali",
        "polres": "POLRES BADUNG",
        "fungsi_jalan": "ARTERI",
        "category": "DALAM KOTA",
        "in_out": null,
        "ket_in_out": null,
        "_region": "bali",
        "Satwil": "Polda Bali"
      }
    },
    {
      "type": "Feature",
      "geometry": {
        "type": "Point",
        "coordinates": [
          115.170657,
          -8.563658
        ]
      },
      "properties": {
        "rowid": 220,
        "nama_cctv": "CTV138 ATMS BDG SP MENGWI",
        "polda_id": "17",
        "polres_id": "265",
        "status": "mati",
        "ctdby": "4000ORGANIK",
        "ctddate": "2023-10-26T16:00:00.000Z",
        "ctdtime": "23:59:00",
        "rtsp_cctv": "rtsp://satansheir:letyur13@172.16.80.14:554/cam/realmonitor?channel=138&subtype=1",
        "channel_code": null,
        "ctdupd": null,
        "instansi": "korlantas",
        "jenis_cctv": "ANALYTIC",
        "nama_jalan_s": "Simpang Mengwi",
        "channel_id": "1000043$1$0$137",
        "cctv_in": "N",
        "cctv_out": "N",
        "masuk_kab": "N",
        "keluar_kab": "N",
        "keterangan": "checkpoint",
        "fungsi_jalan_cctv_id": 6,
        "masuk_prov": "N",
        "keluar_prov": "N",
        "is_active": 1,
        "channel_id_event": null,
        "hls_cctv": "https://stream.elingbali.com:5051/live_cctv/220/playlist.m3u8",
        "cctv_category_id": 5,
        "kecamatan": null,
        "kota": null,
        "nama_objek_vital": null,
        "channel_id_enforcement": null,
        "cctv_id": "c2f76ac2-0be0-4ea8-b3fd-51b7e913f4b3",
        "polda": "Polda Bali",
        "polres": "POLRES BADUNG",
        "fungsi_jalan": "ARTERI",
        "category": "DALAM KOTA",
        "in_out": null,
        "ket_in_out": null,
        "_region": "bali",
        "Satwil": "Polda Bali"
      }
    },
    {
      "type": "Feature",
      "geometry": {
        "type": "Point",
        "coordinates": [
          115.160112,
          -8.561678
        ]
      },
      "properties": {
        "rowid": 219,
        "nama_cctv": "CTV137 ATMS BDG BPR MENGWI",
        "polda_id": "17",
        "polres_id": "265",
        "status": "mati",
        "ctdby": "4000ORGANIK",
        "ctddate": "2023-10-26T16:00:00.000Z",
        "ctdtime": "23:59:00",
        "rtsp_cctv": "rtsp://satansheir:letyur13@172.16.80.14:554/cam/realmonitor?channel=137&subtype=1",
        "channel_code": null,
        "ctdupd": null,
        "instansi": "korlantas",
        "jenis_cctv": "ANALYTIC",
        "nama_jalan_s": "Jalan Raya Denpasar - Gilimanuk 176-9",
        "channel_id": "1000043$1$0$136",
        "cctv_in": "N",
        "cctv_out": "N",
        "masuk_kab": "N",
        "keluar_kab": "N",
        "keterangan": "checkpoint",
        "fungsi_jalan_cctv_id": 6,
        "masuk_prov": "N",
        "keluar_prov": "N",
        "is_active": 1,
        "channel_id_event": null,
        "hls_cctv": "https://stream.elingbali.com:5051/live_cctv/219/playlist.m3u8",
        "cctv_category_id": 5,
        "kecamatan": null,
        "kota": null,
        "nama_objek_vital": null,
        "channel_id_enforcement": null,
        "cctv_id": "d67ff061-d912-4bee-a603-799cdf83f638",
        "polda": "Polda Bali",
        "polres": "POLRES BADUNG",
        "fungsi_jalan": "ARTERI",
        "category": "DALAM KOTA",
        "in_out": null,
        "ket_in_out": null,
        "_region": "bali",
        "Satwil": "Polda Bali"
      }
    },
    {
      "type": "Feature",
      "geometry": {
        "type": "Point",
        "coordinates": [
          114.922449,
          -8.469574
        ]
      },
      "properties": {
        "rowid": 218,
        "nama_cctv": "CTV131 ATMS TBN REST AREA SELABIH",
        "polda_id": "17",
        "polres_id": "267",
        "status": "mati",
        "ctdby": "4000ORGANIK",
        "ctddate": "2023-10-26T16:00:00.000Z",
        "ctdtime": "23:59:00",
        "rtsp_cctv": "rtsp://satansheir:letyur13@172.16.80.14:554/cam/realmonitor?channel=131&subtype=1",
        "channel_code": null,
        "ctdupd": null,
        "instansi": "korlantas",
        "jenis_cctv": "ANALYTIC",
        "nama_jalan_s": "Rest Area Pantai Selabih",
        "channel_id": "1000043$1$0$130",
        "cctv_in": "Y",
        "cctv_out": "N",
        "masuk_kab": "Y",
        "keluar_kab": "N",
        "keterangan": "perbatasan",
        "fungsi_jalan_cctv_id": 6,
        "masuk_prov": "N",
        "keluar_prov": "N",
        "is_active": 1,
        "channel_id_event": null,
        "hls_cctv": "https://stream.elingbali.com:5051/live_cctv/218/playlist.m3u8",
        "cctv_category_id": 2,
        "kecamatan": null,
        "kota": null,
        "nama_objek_vital": null,
        "channel_id_enforcement": null,
        "cctv_id": "a353fad5-b84f-4385-8e96-3ad903496190",
        "polda": "Polda Bali",
        "polres": "POLRES TABANAN",
        "fungsi_jalan": "ARTERI",
        "category": "BATAS KOTA",
        "in_out": "CCTV IN",
        "ket_in_out": "KOTA",
        "_region": "bali",
        "Satwil": "Polda Bali"
      }
    },
    {
      "type": "Feature",
      "geometry": {
        "type": "Point",
        "coordinates": [
          114.913699,
          -8.465235
        ]
      },
      "properties": {
        "rowid": 217,
        "nama_cctv": "CTV130 ATMS JBR REST AREA YEH LEH",
        "polda_id": "17",
        "polres_id": "267",
        "status": "mati",
        "ctdby": "4000ORGANIK",
        "ctddate": "2023-10-26T16:00:00.000Z",
        "ctdtime": "23:59:00",
        "rtsp_cctv": "rtsp://satansheir:letyur13@172.16.80.14:554/cam/realmonitor?channel=130&subtype=1",
        "channel_code": null,
        "ctdupd": null,
        "instansi": "korlantas",
        "jenis_cctv": "ANALYTIC",
        "nama_jalan_s": "Rest Area Pantai Yeh Leh",
        "channel_id": "1000043$1$0$129",
        "cctv_in": "N",
        "cctv_out": "Y",
        "masuk_kab": "N",
        "keluar_kab": "Y",
        "keterangan": "perbatasan",
        "fungsi_jalan_cctv_id": 6,
        "masuk_prov": "N",
        "keluar_prov": "N",
        "is_active": 1,
        "channel_id_event": null,
        "hls_cctv": "https://stream.elingbali.com:5051/live_cctv/217/playlist.m3u8",
        "cctv_category_id": 2,
        "kecamatan": null,
        "kota": null,
        "nama_objek_vital": null,
        "channel_id_enforcement": null,
        "cctv_id": "5da922a3-b0b8-47d9-be26-f1bfaa7631ae",
        "polda": "Polda Bali",
        "polres": "POLRES TABANAN",
        "fungsi_jalan": "ARTERI",
        "category": "BATAS KOTA",
        "in_out": "CCTV OUT",
        "ket_in_out": "KOTA",
        "_region": "bali",
        "Satwil": "Polda Bali"
      }
    },
    {
      "type": "Feature",
      "geometry": {
        "type": "Point",
        "coordinates": [
          114.922449,
          -8.469574
        ]
      },
      "properties": {
        "rowid": 216,
        "nama_cctv": "CTV131 ATMS TBN REST AREA SELABIH",
        "polda_id": "17",
        "polres_id": "264",
        "status": "mati",
        "ctdby": "4000ORGANIK",
        "ctddate": "2023-10-26T16:00:00.000Z",
        "ctdtime": "23:59:00",
        "rtsp_cctv": "rtsp://satansheir:letyur13@172.16.80.14:554/cam/realmonitor?channel=131&subtype=1",
        "channel_code": null,
        "ctdupd": null,
        "instansi": "korlantas",
        "jenis_cctv": "ANALYTIC",
        "nama_jalan_s": "Rest Area Pantai Selabih",
        "channel_id": "1000043$1$0$130",
        "cctv_in": "N",
        "cctv_out": "Y",
        "masuk_kab": "N",
        "keluar_kab": "Y",
        "keterangan": "perbatasan",
        "fungsi_jalan_cctv_id": 6,
        "masuk_prov": "N",
        "keluar_prov": "N",
        "is_active": 1,
        "channel_id_event": null,
        "hls_cctv": "https://stream.elingbali.com:5051/live_cctv/216/playlist.m3u8",
        "cctv_category_id": 2,
        "kecamatan": null,
        "kota": null,
        "nama_objek_vital": null,
        "channel_id_enforcement": null,
        "cctv_id": "268d5111-0c97-4021-b7bd-becf14b8c5d3",
        "polda": "Polda Bali",
        "polres": "POLRES JEMBRANA",
        "fungsi_jalan": "ARTERI",
        "category": "BATAS KOTA",
        "in_out": "CCTV OUT",
        "ket_in_out": "KOTA",
        "_region": "bali",
        "Satwil": "Polda Bali"
      }
    },
    {
      "type": "Feature",
      "geometry": {
        "type": "Point",
        "coordinates": [
          114.913699,
          -8.465235
        ]
      },
      "properties": {
        "rowid": 214,
        "nama_cctv": "CTV130 ATMS JBR REST AREA YEH LEH",
        "polda_id": "17",
        "polres_id": "264",
        "status": "mati",
        "ctdby": "4000ORGANIK",
        "ctddate": "2023-10-26T16:00:00.000Z",
        "ctdtime": "23:59:00",
        "rtsp_cctv": "rtsp://satansheir:letyur13@172.16.80.14:554/cam/realmonitor?channel=130&subtype=1",
        "channel_code": null,
        "ctdupd": null,
        "instansi": "korlantas",
        "jenis_cctv": "ANALYTIC",
        "nama_jalan_s": "Rest Area Pantai Yeh Leh",
        "channel_id": "1000043$1$0$129",
        "cctv_in": "Y",
        "cctv_out": "N",
        "masuk_kab": "Y",
        "keluar_kab": "N",
        "keterangan": "perbatasan",
        "fungsi_jalan_cctv_id": 6,
        "masuk_prov": "N",
        "keluar_prov": "N",
        "is_active": 1,
        "channel_id_event": null,
        "hls_cctv": "https://stream.elingbali.com:5051/live_cctv/214/playlist.m3u8",
        "cctv_category_id": 2,
        "kecamatan": null,
        "kota": null,
        "nama_objek_vital": null,
        "channel_id_enforcement": null,
        "cctv_id": "ac10152d-126c-4827-bfe8-260a6b245233",
        "polda": "Polda Bali",
        "polres": "POLRES JEMBRANA",
        "fungsi_jalan": "ARTERI",
        "category": "BATAS KOTA",
        "in_out": "CCTV IN",
        "ket_in_out": "KOTA",
        "_region": "bali",
        "Satwil": "Polda Bali"
      }
    },
    {
      "type": "Feature",
      "geometry": {
        "type": "Point",
        "coordinates": [
          114.437958,
          -8.161817
        ]
      },
      "properties": {
        "rowid": 213,
        "nama_cctv": "CTV18 KORLAN GILIMANUK PELABUHAN",
        "polda_id": "17",
        "polres_id": "264",
        "status": "hidup",
        "ctdby": "4000ORGANIK",
        "ctddate": "2024-01-09T16:00:00.000Z",
        "ctdtime": "12:00:00",
        "rtsp_cctv": "rtsp://satansheir:letyur13@172.16.80.14:554/cam/realmonitor?channel=18&subtype=1",
        "channel_code": null,
        "ctdupd": null,
        "instansi": "korlantas",
        "jenis_cctv": "ANALYTIC",
        "nama_jalan_s": "Pintu Masuk Pelabuhan Gilimanuk",
        "channel_id": "1000043$1$0$17",
        "cctv_in": "Y",
        "cctv_out": "N",
        "masuk_kab": "Y",
        "keluar_kab": "N",
        "keterangan": "perbatasan",
        "fungsi_jalan_cctv_id": 6,
        "masuk_prov": "N",
        "keluar_prov": "N",
        "is_active": 1,
        "channel_id_event": "1000036$1$0$5",
        "hls_cctv": "https://stream.elingbali.com:5051/live_cctv/213/playlist.m3u8",
        "cctv_category_id": 2,
        "kecamatan": "Melaya",
        "kota": null,
        "nama_objek_vital": null,
        "channel_id_enforcement": null,
        "cctv_id": "851dfdc7-3fff-46cc-b191-0a05479696fa",
        "polda": "Polda Bali",
        "polres": "POLRES JEMBRANA",
        "fungsi_jalan": "ARTERI",
        "category": "BATAS KOTA",
        "in_out": "CCTV IN",
        "ket_in_out": "KOTA",
        "_region": "bali",
        "Satwil": "Polda Bali"
      }
    },
    {
      "type": "Feature",
      "geometry": {
        "type": "Point",
        "coordinates": [
          115.255628,
          -8.634706
        ]
      },
      "properties": {
        "rowid": 212,
        "nama_cctv": "CTV10 SMARTCITY DENPASAR WR SUPRATMAN",
        "polda_id": "17",
        "polres_id": "268",
        "status": "hidup",
        "ctdby": "4000ORGANIK",
        "ctddate": "2024-01-09T16:00:00.000Z",
        "ctdtime": "12:00:00",
        "rtsp_cctv": "rtsp://satansheir:letyur13@172.16.80.14:554/cam/realmonitor?channel=10&subtype=1",
        "channel_code": null,
        "ctdupd": null,
        "instansi": "korlantas",
        "jenis_cctv": "ANALYTIC",
        "nama_jalan_s": "WR Supratman 345",
        "channel_id": "1000043$1$0$9",
        "cctv_in": "N",
        "cctv_out": "Y",
        "masuk_kab": "N",
        "keluar_kab": "Y",
        "keterangan": "perbatasan",
        "fungsi_jalan_cctv_id": 6,
        "masuk_prov": "N",
        "keluar_prov": "N",
        "is_active": 1,
        "channel_id_event": "1000036$1$0$15",
        "hls_cctv": "https://stream.elingbali.com:5051/live_cctv/212/playlist.m3u8",
        "cctv_category_id": 2,
        "kecamatan": "Denpasar Timur",
        "kota": null,
        "nama_objek_vital": null,
        "channel_id_enforcement": null,
        "cctv_id": "7ee63a25-c007-45d0-ae73-cd3e9ff4015e",
        "polda": "Polda Bali",
        "polres": "POLRES GIANYAR",
        "fungsi_jalan": "ARTERI",
        "category": "BATAS KOTA",
        "in_out": "CCTV OUT",
        "ket_in_out": "KOTA",
        "_region": "bali",
        "Satwil": "Polda Bali"
      }
    },
    {
      "type": "Feature",
      "geometry": {
        "type": "Point",
        "coordinates": [
          115.2821,
          -8.63725
        ]
      },
      "properties": {
        "rowid": 211,
        "nama_cctv": "CTV21 KORLAN SIMPANG KETEWEL GIANYAR",
        "polda_id": "17",
        "polres_id": "268",
        "status": "hidup",
        "ctdby": "4000ORGANIK",
        "ctddate": "2024-01-09T16:00:00.000Z",
        "ctdtime": "12:00:00",
        "rtsp_cctv": "rtsp://satansheir:letyur13@172.16.80.14:554/cam/realmonitor?channel=21&subtype=1",
        "channel_code": null,
        "ctdupd": null,
        "instansi": "korlantas",
        "jenis_cctv": "ANALYTIC",
        "nama_jalan_s": "Prof. Dr. Ida Bagus Mantra 300-99",
        "channel_id": "1000043$1$0$20",
        "cctv_in": "N",
        "cctv_out": "Y",
        "masuk_kab": "N",
        "keluar_kab": "Y",
        "keterangan": "perbatasan",
        "fungsi_jalan_cctv_id": 6,
        "masuk_prov": "N",
        "keluar_prov": "N",
        "is_active": 1,
        "channel_id_event": "1000036$1$0$20",
        "hls_cctv": "https://stream.elingbali.com:5051/live_cctv/211/playlist.m3u8",
        "cctv_category_id": 2,
        "kecamatan": "Sukawati",
        "kota": null,
        "nama_objek_vital": null,
        "channel_id_enforcement": null,
        "cctv_id": "788b8033-b536-4e5f-8ca5-fdb0af30ea90",
        "polda": "Polda Bali",
        "polres": "POLRES GIANYAR",
        "fungsi_jalan": "ARTERI",
        "category": "BATAS KOTA",
        "in_out": "CCTV OUT",
        "ket_in_out": "KOTA",
        "_region": "bali",
        "Satwil": "Polda Bali"
      }
    },
    {
      "type": "Feature",
      "geometry": {
        "type": "Point",
        "coordinates": [
          115.282356,
          -8.636867
        ]
      },
      "properties": {
        "rowid": 210,
        "nama_cctv": "CTV12 SMARTCITY GIANYAR SIMPANG KETEWEL",
        "polda_id": "17",
        "polres_id": "268",
        "status": "hidup",
        "ctdby": "4000ORGANIK",
        "ctddate": "2024-01-09T16:00:00.000Z",
        "ctdtime": "12:00:00",
        "rtsp_cctv": "rtsp://satansheir:letyur13@172.16.80.14:554/cam/realmonitor?channel=12&subtype=1",
        "channel_code": null,
        "ctdupd": null,
        "instansi": "korlantas",
        "jenis_cctv": "ANALYTIC",
        "nama_jalan_s": "Prof. Dr. Ida Bagus Mantra 300",
        "channel_id": "1000043$1$0$11",
        "cctv_in": "Y",
        "cctv_out": "N",
        "masuk_kab": "Y",
        "keluar_kab": "N",
        "keterangan": "perbatasan",
        "fungsi_jalan_cctv_id": 6,
        "masuk_prov": "N",
        "keluar_prov": "N",
        "is_active": 1,
        "channel_id_event": "1000036$1$0$30",
        "hls_cctv": "https://stream.elingbali.com:5051/live_cctv/210/playlist.m3u8",
        "cctv_category_id": 2,
        "kecamatan": "Sukawati",
        "kota": null,
        "nama_objek_vital": null,
        "channel_id_enforcement": null,
        "cctv_id": "13a48e7b-96d5-482e-a9df-743810bae332",
        "polda": "Polda Bali",
        "polres": "POLRES GIANYAR",
        "fungsi_jalan": "ARTERI",
        "category": "BATAS KOTA",
        "in_out": "CCTV IN",
        "ket_in_out": "KOTA",
        "_region": "bali",
        "Satwil": "Polda Bali"
      }
    },
    {
      "type": "Feature",
      "geometry": {
        "type": "Point",
        "coordinates": [
          115.192471,
          -8.612659
        ]
      },
      "properties": {
        "rowid": 209,
        "nama_cctv": "CTV14 SMARTCITY BADUNG HYNO",
        "polda_id": "17",
        "polres_id": "265",
        "status": "hidup",
        "ctdby": "4000ORGANIK",
        "ctddate": "2024-01-09T16:00:00.000Z",
        "ctdtime": "12:00:00",
        "rtsp_cctv": "rtsp://satansheir:letyur13@172.16.80.14:554/cam/realmonitor?channel=14&subtype=1",
        "channel_code": null,
        "ctdupd": null,
        "instansi": "korlantas",
        "jenis_cctv": "ANALYTIC",
        "nama_jalan_s": "Raya Denpasar - Gilimanuk 468",
        "channel_id": "1000043$1$0$13",
        "cctv_in": "Y",
        "cctv_out": "N",
        "masuk_kab": "Y",
        "keluar_kab": "N",
        "keterangan": "perbatasan",
        "fungsi_jalan_cctv_id": 6,
        "masuk_prov": "N",
        "keluar_prov": "N",
        "is_active": 1,
        "channel_id_event": "1000036$1$0$17",
        "hls_cctv": "https://stream.elingbali.com:5051/live_cctv/209/playlist.m3u8",
        "cctv_category_id": 2,
        "kecamatan": "Denpasar Utara",
        "kota": null,
        "nama_objek_vital": null,
        "channel_id_enforcement": null,
        "cctv_id": "033b87f1-407d-42dd-8a35-650483e05c9b",
        "polda": "Polda Bali",
        "polres": "POLRES BADUNG",
        "fungsi_jalan": "ARTERI",
        "category": "BATAS KOTA",
        "in_out": "CCTV IN",
        "ket_in_out": "KOTA",
        "_region": "bali",
        "Satwil": "Polda Bali"
      }
    },
    {
      "type": "Feature",
      "geometry": {
        "type": "Point",
        "coordinates": [
          115.194084,
          -8.615861
        ]
      },
      "properties": {
        "rowid": 208,
        "nama_cctv": "CTV09 SMARTCITY DENPASAR TL UMANYAR",
        "polda_id": "17",
        "polres_id": "265",
        "status": "hidup",
        "ctdby": "4000ORGANIK",
        "ctddate": "2024-01-09T16:00:00.000Z",
        "ctdtime": "12:00:00",
        "rtsp_cctv": "rtsp://satansheir:letyur13@172.16.80.14:554/cam/realmonitor?channel=9&subtype=1",
        "channel_code": null,
        "ctdupd": null,
        "instansi": "korlantas",
        "jenis_cctv": "ANALYTIC",
        "nama_jalan_s": "Raya Denpasar - Gilimanuk 341-351",
        "channel_id": "1000043$1$0$8",
        "cctv_in": "N",
        "cctv_out": "Y",
        "masuk_kab": "N",
        "keluar_kab": "Y",
        "keterangan": "perbatasan",
        "fungsi_jalan_cctv_id": 6,
        "masuk_prov": "N",
        "keluar_prov": "N",
        "is_active": 1,
        "channel_id_event": "1000036$1$0$2",
        "hls_cctv": "https://stream.elingbali.com:5051/live_cctv/208/playlist.m3u8",
        "cctv_category_id": 2,
        "kecamatan": "Denpasar Utara",
        "kota": null,
        "nama_objek_vital": null,
        "channel_id_enforcement": null,
        "cctv_id": "577b54f2-83ab-4123-a2f2-74f6390c7e6f",
        "polda": "Polda Bali",
        "polres": "POLRES BADUNG",
        "fungsi_jalan": "ARTERI",
        "category": "BATAS KOTA",
        "in_out": "CCTV OUT",
        "ket_in_out": "KOTA",
        "_region": "bali",
        "Satwil": "Polda Bali"
      }
    },
    {
      "type": "Feature",
      "geometry": {
        "type": "Point",
        "coordinates": [
          115.168458,
          -8.737396
        ]
      },
      "properties": {
        "rowid": 206,
        "nama_cctv": "CTV124 DSHB BDG SP KUBU ANYAR",
        "polda_id": "17",
        "polres_id": "265",
        "status": "mati",
        "ctdby": "4000ORGANIK",
        "ctddate": "2023-10-26T16:00:00.000Z",
        "ctdtime": "23:59:00",
        "rtsp_cctv": "rtsp://satansheir:letyur13@172.16.80.14/cam/realmonitor?channel=124&subtype=3",
        "channel_code": null,
        "ctdupd": null,
        "instansi": "dishub",
        "jenis_cctv": "ANALYTIC",
        "nama_jalan_s": "Simpang Kubu Anyar",
        "channel_id": "1000043$1$0$123",
        "cctv_in": "N",
        "cctv_out": "N",
        "masuk_kab": "N",
        "keluar_kab": "N",
        "keterangan": "checkpoint",
        "fungsi_jalan_cctv_id": 6,
        "masuk_prov": "N",
        "keluar_prov": "N",
        "is_active": 1,
        "channel_id_event": null,
        "hls_cctv": "https://stream.elingbali.com:5051/live_cctv/206/playlist.m3u8",
        "cctv_category_id": 5,
        "kecamatan": "Kuta",
        "kota": null,
        "nama_objek_vital": null,
        "channel_id_enforcement": null,
        "cctv_id": "318823b8-aba3-46cb-a685-857552f32969",
        "polda": "Polda Bali",
        "polres": "POLRES BADUNG",
        "fungsi_jalan": "ARTERI",
        "category": "DALAM KOTA",
        "in_out": null,
        "ket_in_out": null,
        "_region": "bali",
        "Satwil": "Polda Bali"
      }
    },
    {
      "type": "Feature",
      "geometry": {
        "type": "Point",
        "coordinates": [
          115.178199,
          -8.73739
        ]
      },
      "properties": {
        "rowid": 205,
        "nama_cctv": "CTV123 DSHB BDG SP KEDIRI",
        "polda_id": "17",
        "polres_id": "265",
        "status": "mati",
        "ctdby": "4000ORGANIK",
        "ctddate": "2023-10-26T16:00:00.000Z",
        "ctdtime": "23:59:00",
        "rtsp_cctv": "rtsp://satansheir:letyur13@172.16.80.14/cam/realmonitor?channel=123&subtype=3",
        "channel_code": null,
        "ctdupd": null,
        "instansi": "dishub",
        "jenis_cctv": "ANALYTIC",
        "nama_jalan_s": "Simpang Kediri",
        "channel_id": "1000043$1$0$122",
        "cctv_in": "N",
        "cctv_out": "N",
        "masuk_kab": "N",
        "keluar_kab": "N",
        "keterangan": "checkpoint",
        "fungsi_jalan_cctv_id": 6,
        "masuk_prov": "N",
        "keluar_prov": "N",
        "is_active": 1,
        "channel_id_event": null,
        "hls_cctv": "https://stream.elingbali.com:5051/live_cctv/205/playlist.m3u8",
        "cctv_category_id": 5,
        "kecamatan": "Kuta",
        "kota": null,
        "nama_objek_vital": null,
        "channel_id_enforcement": null,
        "cctv_id": "d9796ff7-1259-42b0-906f-7987a55c905f",
        "polda": "Polda Bali",
        "polres": "POLRES BADUNG",
        "fungsi_jalan": "ARTERI",
        "category": "DALAM KOTA",
        "in_out": null,
        "ket_in_out": null,
        "_region": "bali",
        "Satwil": "Polda Bali"
      }
    },
    {
      "type": "Feature",
      "geometry": {
        "type": "Point",
        "coordinates": [
          115.176329,
          -8.710121
        ]
      },
      "properties": {
        "rowid": 204,
        "nama_cctv": "CTV122 DSHB BDG SP MAJAPAHIT",
        "polda_id": "17",
        "polres_id": "265",
        "status": "mati",
        "ctdby": "4000ORGANIK",
        "ctddate": "2023-10-26T16:00:00.000Z",
        "ctdtime": "23:59:00",
        "rtsp_cctv": "rtsp://satansheir:letyur13@172.16.80.14/cam/realmonitor?channel=122&subtype=1",
        "channel_code": null,
        "ctdupd": null,
        "instansi": "dishub",
        "jenis_cctv": "ANALYTIC",
        "nama_jalan_s": "Simpang Majapahit",
        "channel_id": "1000043$1$0$121",
        "cctv_in": "N",
        "cctv_out": "N",
        "masuk_kab": "N",
        "keluar_kab": "N",
        "keterangan": "checkpoint",
        "fungsi_jalan_cctv_id": 6,
        "masuk_prov": "N",
        "keluar_prov": "N",
        "is_active": 1,
        "channel_id_event": null,
        "hls_cctv": "https://stream.elingbali.com:5051/live_cctv/204/playlist.m3u8",
        "cctv_category_id": 5,
        "kecamatan": "Kuta",
        "kota": null,
        "nama_objek_vital": null,
        "channel_id_enforcement": null,
        "cctv_id": "1f0bd042-86e5-44e7-b823-44a386711c6b",
        "polda": "Polda Bali",
        "polres": "POLRES BADUNG",
        "fungsi_jalan": "ARTERI",
        "category": "DALAM KOTA",
        "in_out": null,
        "ket_in_out": null,
        "_region": "bali",
        "Satwil": "Polda Bali"
      }
    },
    {
      "type": "Feature",
      "geometry": {
        "type": "Point",
        "coordinates": [
          115.181226,
          -8.710295
        ]
      },
      "properties": {
        "rowid": 203,
        "nama_cctv": "CTV121 DSHB BDG SP PATIH JELANTIK",
        "polda_id": "17",
        "polres_id": "265",
        "status": "hidup",
        "ctdby": "4000ORGANIK",
        "ctddate": "2023-10-26T16:00:00.000Z",
        "ctdtime": "23:59:00",
        "rtsp_cctv": "rtsp://satansheir:letyur13@172.16.80.14/cam/realmonitor?channel=121&subtype=1",
        "channel_code": null,
        "ctdupd": null,
        "instansi": "dishub",
        "jenis_cctv": "ANALYTIC",
        "nama_jalan_s": "Simpang Patih Jelantik",
        "channel_id": "1000043$1$0$120",
        "cctv_in": "N",
        "cctv_out": "N",
        "masuk_kab": "N",
        "keluar_kab": "N",
        "keterangan": "checkpoint",
        "fungsi_jalan_cctv_id": 6,
        "masuk_prov": "N",
        "keluar_prov": "N",
        "is_active": 1,
        "channel_id_event": null,
        "hls_cctv": "https://stream.elingbali.com:5051/live_cctv/203/playlist.m3u8",
        "cctv_category_id": 5,
        "kecamatan": "Kuta",
        "kota": null,
        "nama_objek_vital": null,
        "channel_id_enforcement": null,
        "cctv_id": "af25f0e4-b7cd-475d-bf41-b0feaef4a834",
        "polda": "Polda Bali",
        "polres": "POLRES BADUNG",
        "fungsi_jalan": "ARTERI",
        "category": "DALAM KOTA",
        "in_out": null,
        "ket_in_out": null,
        "_region": "bali",
        "Satwil": "Polda Bali"
      }
    },
    {
      "type": "Feature",
      "geometry": {
        "type": "Point",
        "coordinates": [
          115.18445,
          -8.709185
        ]
      },
      "properties": {
        "rowid": 202,
        "nama_cctv": "CTV120 DSHB BDG SP MERTANADI TIMUR",
        "polda_id": "17",
        "polres_id": "265",
        "status": "hidup",
        "ctdby": "4000ORGANIK",
        "ctddate": "2023-10-26T16:00:00.000Z",
        "ctdtime": "23:59:00",
        "rtsp_cctv": "rtsp://satansheir:letyur13@172.16.80.14/cam/realmonitor?channel=120&subtype=1",
        "channel_code": null,
        "ctdupd": null,
        "instansi": "dishub",
        "jenis_cctv": "ANALYTIC",
        "nama_jalan_s": "Simpang Mertanadi Timur",
        "channel_id": "1000043$1$0$119",
        "cctv_in": "N",
        "cctv_out": "N",
        "masuk_kab": "N",
        "keluar_kab": "N",
        "keterangan": "checkpoint",
        "fungsi_jalan_cctv_id": 6,
        "masuk_prov": "N",
        "keluar_prov": "N",
        "is_active": 1,
        "channel_id_event": null,
        "hls_cctv": "https://stream.elingbali.com:5051/live_cctv/202/playlist.m3u8",
        "cctv_category_id": 5,
        "kecamatan": "Kuta",
        "kota": null,
        "nama_objek_vital": null,
        "channel_id_enforcement": null,
        "cctv_id": "cee5e597-9cc7-4fb6-be7e-556fa7e98dad",
        "polda": "Polda Bali",
        "polres": "POLRES BADUNG",
        "fungsi_jalan": "ARTERI",
        "category": "DALAM KOTA",
        "in_out": null,
        "ket_in_out": null,
        "_region": "bali",
        "Satwil": "Polda Bali"
      }
    },
    {
      "type": "Feature",
      "geometry": {
        "type": "Point",
        "coordinates": [
          115.182641,
          -8.705879
        ]
      },
      "properties": {
        "rowid": 201,
        "nama_cctv": "CTV119 DSHB BDG SP RAYA KUTA",
        "polda_id": "17",
        "polres_id": "265",
        "status": "mati",
        "ctdby": "4000ORGANIK",
        "ctddate": "2023-10-26T16:00:00.000Z",
        "ctdtime": "23:59:00",
        "rtsp_cctv": "rtsp://satansheir:letyur13@172.16.80.14/cam/realmonitor?channel=119&subtype=1",
        "channel_code": null,
        "ctdupd": null,
        "instansi": "dishub",
        "jenis_cctv": "ANALYTIC",
        "nama_jalan_s": "Simpang Raya Kuta",
        "channel_id": "1000043$1$0$118",
        "cctv_in": "N",
        "cctv_out": "N",
        "masuk_kab": "N",
        "keluar_kab": "N",
        "keterangan": "checkpoint",
        "fungsi_jalan_cctv_id": 6,
        "masuk_prov": "N",
        "keluar_prov": "N",
        "is_active": 1,
        "channel_id_event": null,
        "hls_cctv": "https://stream.elingbali.com:5051/live_cctv/201/playlist.m3u8",
        "cctv_category_id": 5,
        "kecamatan": "Kuta",
        "kota": null,
        "nama_objek_vital": null,
        "channel_id_enforcement": null,
        "cctv_id": "735589ad-0961-4e9f-a4fc-df27f102d86c",
        "polda": "Polda Bali",
        "polres": "POLRES BADUNG",
        "fungsi_jalan": "ARTERI",
        "category": "DALAM KOTA",
        "in_out": null,
        "ket_in_out": null,
        "_region": "bali",
        "Satwil": "Polda Bali"
      }
    },
    {
      "type": "Feature",
      "geometry": {
        "type": "Point",
        "coordinates": [
          115.172113,
          -8.689153
        ]
      },
      "properties": {
        "rowid": 200,
        "nama_cctv": "CTV118 DSHB BDG SP KUNTI",
        "polda_id": "17",
        "polres_id": "265",
        "status": "hidup",
        "ctdby": "4000ORGANIK",
        "ctddate": "2023-10-26T16:00:00.000Z",
        "ctdtime": "23:59:00",
        "rtsp_cctv": "rtsp://satansheir:letyur13@172.16.80.14/cam/realmonitor?channel=118&subtype=1",
        "channel_code": null,
        "ctdupd": null,
        "instansi": "dishub",
        "jenis_cctv": "ANALYTIC",
        "nama_jalan_s": "Simpang Kunti",
        "channel_id": "1000043$1$0$117",
        "cctv_in": "N",
        "cctv_out": "N",
        "masuk_kab": "N",
        "keluar_kab": "N",
        "keterangan": "checkpoint",
        "fungsi_jalan_cctv_id": 6,
        "masuk_prov": "N",
        "keluar_prov": "N",
        "is_active": 1,
        "channel_id_event": null,
        "hls_cctv": "https://stream.elingbali.com:5051/live_cctv/200/playlist.m3u8",
        "cctv_category_id": 5,
        "kecamatan": "Kuta",
        "kota": null,
        "nama_objek_vital": null,
        "channel_id_enforcement": null,
        "cctv_id": "c9280b9f-f93a-4864-b93b-e96f770a5540",
        "polda": "Polda Bali",
        "polres": "POLRES BADUNG",
        "fungsi_jalan": "ARTERI",
        "category": "DALAM KOTA",
        "in_out": null,
        "ket_in_out": null,
        "_region": "bali",
        "Satwil": "Polda Bali"
      }
    },
    {
      "type": "Feature",
      "geometry": {
        "type": "Point",
        "coordinates": [
          115.167042,
          -8.683024
        ]
      },
      "properties": {
        "rowid": 199,
        "nama_cctv": "CTV117 DSHB BDG SP MERTANADI",
        "polda_id": "17",
        "polres_id": "265",
        "status": "hidup",
        "ctdby": "4000ORGANIK",
        "ctddate": "2023-10-26T16:00:00.000Z",
        "ctdtime": "23:59:00",
        "rtsp_cctv": "rtsp://satansheir:letyur13@172.16.80.14/cam/realmonitor?channel=117&subtype=1",
        "channel_code": null,
        "ctdupd": null,
        "instansi": "dishub",
        "jenis_cctv": "ANALYTIC",
        "nama_jalan_s": "Simpang Mertanadi",
        "channel_id": "1000043$1$0$116",
        "cctv_in": "N",
        "cctv_out": "N",
        "masuk_kab": "N",
        "keluar_kab": "N",
        "keterangan": "checkpoint",
        "fungsi_jalan_cctv_id": 6,
        "masuk_prov": "N",
        "keluar_prov": "N",
        "is_active": 1,
        "channel_id_event": null,
        "hls_cctv": "https://stream.elingbali.com:5051/live_cctv/199/playlist.m3u8",
        "cctv_category_id": 5,
        "kecamatan": "Kuta",
        "kota": null,
        "nama_objek_vital": null,
        "channel_id_enforcement": null,
        "cctv_id": "60010229-b428-43d7-9bce-4005fe93a747",
        "polda": "Polda Bali",
        "polres": "POLRES BADUNG",
        "fungsi_jalan": "ARTERI",
        "category": "DALAM KOTA",
        "in_out": null,
        "ket_in_out": null,
        "_region": "bali",
        "Satwil": "Polda Bali"
      }
    },
    {
      "type": "Feature",
      "geometry": {
        "type": "Point",
        "coordinates": [
          115.164658,
          -8.677728
        ]
      },
      "properties": {
        "rowid": 198,
        "nama_cctv": "CTV116 DSHB BDG SP BERABAN",
        "polda_id": "17",
        "polres_id": "265",
        "status": "hidup",
        "ctdby": "4000ORGANIK",
        "ctddate": "2023-10-26T16:00:00.000Z",
        "ctdtime": "23:59:00",
        "rtsp_cctv": "rtsp://satansheir:letyur13@172.16.80.14/cam/realmonitor?channel=116&subtype=1",
        "channel_code": null,
        "ctdupd": null,
        "instansi": "dishub",
        "jenis_cctv": "ANALYTIC",
        "nama_jalan_s": "Simpang Beraban",
        "channel_id": "1000043$1$0$115",
        "cctv_in": "N",
        "cctv_out": "N",
        "masuk_kab": "N",
        "keluar_kab": "N",
        "keterangan": "checkpoint",
        "fungsi_jalan_cctv_id": 6,
        "masuk_prov": "N",
        "keluar_prov": "N",
        "is_active": 1,
        "channel_id_event": null,
        "hls_cctv": "https://stream.elingbali.com:5051/live_cctv/198/playlist.m3u8",
        "cctv_category_id": 5,
        "kecamatan": "Kuta Utara",
        "kota": null,
        "nama_objek_vital": null,
        "channel_id_enforcement": null,
        "cctv_id": "d6942e3b-3df9-49de-8d2b-4355c7af9084",
        "polda": "Polda Bali",
        "polres": "POLRES BADUNG",
        "fungsi_jalan": "ARTERI",
        "category": "DALAM KOTA",
        "in_out": null,
        "ket_in_out": null,
        "_region": "bali",
        "Satwil": "Polda Bali"
      }
    },
    {
      "type": "Feature",
      "geometry": {
        "type": "Point",
        "coordinates": [
          115.164943,
          -8.672051
        ]
      },
      "properties": {
        "rowid": 197,
        "nama_cctv": "CTV115 DSHB BDG SP PETI TENGET",
        "polda_id": "17",
        "polres_id": "265",
        "status": "hidup",
        "ctdby": "4000ORGANIK",
        "ctddate": "2023-10-26T16:00:00.000Z",
        "ctdtime": "23:59:00",
        "rtsp_cctv": "rtsp://satansheir:letyur13@172.16.80.14/cam/realmonitor?channel=115&subtype=1",
        "channel_code": null,
        "ctdupd": null,
        "instansi": "dishub",
        "jenis_cctv": "ANALYTIC",
        "nama_jalan_s": "Simpang Simpang Peti Tenget",
        "channel_id": "1000043$1$0$114",
        "cctv_in": "N",
        "cctv_out": "N",
        "masuk_kab": "N",
        "keluar_kab": "N",
        "keterangan": "checkpoint",
        "fungsi_jalan_cctv_id": 6,
        "masuk_prov": "N",
        "keluar_prov": "N",
        "is_active": 1,
        "channel_id_event": null,
        "hls_cctv": "https://stream.elingbali.com:5051/live_cctv/197/playlist.m3u8",
        "cctv_category_id": 5,
        "kecamatan": "Kuta Utara",
        "kota": null,
        "nama_objek_vital": null,
        "channel_id_enforcement": null,
        "cctv_id": "67f33572-7319-4c62-8066-3e6560aef5f7",
        "polda": "Polda Bali",
        "polres": "POLRES BADUNG",
        "fungsi_jalan": "ARTERI",
        "category": "DALAM KOTA",
        "in_out": null,
        "ket_in_out": null,
        "_region": "bali",
        "Satwil": "Polda Bali"
      }
    },
    {
      "type": "Feature",
      "geometry": {
        "type": "Point",
        "coordinates": [
          115.1673,
          -8.662228
        ]
      },
      "properties": {
        "rowid": 196,
        "nama_cctv": "CTV114 DSHB BDG SP BANJAR SEMER 2",
        "polda_id": "17",
        "polres_id": "265",
        "status": "hidup",
        "ctdby": "4000ORGANIK",
        "ctddate": "2023-10-26T16:00:00.000Z",
        "ctdtime": "23:59:00",
        "rtsp_cctv": "rtsp://satansheir:letyur13@172.16.80.14/cam/realmonitor?channel=114&subtype=1",
        "channel_code": null,
        "ctdupd": null,
        "instansi": "dishub",
        "jenis_cctv": "ANALYTIC",
        "nama_jalan_s": "Simpang Banjar Semer",
        "channel_id": "1000043$1$0$113",
        "cctv_in": "N",
        "cctv_out": "N",
        "masuk_kab": "N",
        "keluar_kab": "N",
        "keterangan": "checkpoint",
        "fungsi_jalan_cctv_id": 6,
        "masuk_prov": "N",
        "keluar_prov": "N",
        "is_active": 1,
        "channel_id_event": null,
        "hls_cctv": "https://stream.elingbali.com:5051/live_cctv/196/playlist.m3u8",
        "cctv_category_id": 5,
        "kecamatan": "Kuta Utara",
        "kota": null,
        "nama_objek_vital": null,
        "channel_id_enforcement": null,
        "cctv_id": "f149c957-190f-495c-bb87-ca5b7ec3396a",
        "polda": "Polda Bali",
        "polres": "POLRES BADUNG",
        "fungsi_jalan": "ARTERI",
        "category": "DALAM KOTA",
        "in_out": null,
        "ket_in_out": null,
        "_region": "bali",
        "Satwil": "Polda Bali"
      }
    },
    {
      "type": "Feature",
      "geometry": {
        "type": "Point",
        "coordinates": [
          115.167278,
          -8.662229
        ]
      },
      "properties": {
        "rowid": 195,
        "nama_cctv": "CTV113 DSHB BDG SP BANJAR SEMER 1",
        "polda_id": "17",
        "polres_id": "265",
        "status": "hidup",
        "ctdby": "4000ORGANIK",
        "ctddate": "2023-10-26T16:00:00.000Z",
        "ctdtime": "23:59:00",
        "rtsp_cctv": "rtsp://satansheir:letyur13@172.16.80.14/cam/realmonitor?channel=113&subtype=1",
        "channel_code": null,
        "ctdupd": null,
        "instansi": "dishub",
        "jenis_cctv": "ANALYTIC",
        "nama_jalan_s": "Simpang Banjar Semer",
        "channel_id": "1000043$1$0$112",
        "cctv_in": "N",
        "cctv_out": "N",
        "masuk_kab": "N",
        "keluar_kab": "N",
        "keterangan": "checkpoint",
        "fungsi_jalan_cctv_id": 6,
        "masuk_prov": "N",
        "keluar_prov": "N",
        "is_active": 1,
        "channel_id_event": null,
        "hls_cctv": "https://stream.elingbali.com:5051/live_cctv/195/playlist.m3u8",
        "cctv_category_id": 5,
        "kecamatan": "Kuta Utara",
        "kota": null,
        "nama_objek_vital": null,
        "channel_id_enforcement": null,
        "cctv_id": "1a2b09ec-d4a3-416b-92f5-b2011916a5e5",
        "polda": "Polda Bali",
        "polres": "POLRES BADUNG",
        "fungsi_jalan": "ARTERI",
        "category": "DALAM KOTA",
        "in_out": null,
        "ket_in_out": null,
        "_region": "bali",
        "Satwil": "Polda Bali"
      }
    },
    {
      "type": "Feature",
      "geometry": {
        "type": "Point",
        "coordinates": [
          115.161924,
          -8.645715
        ]
      },
      "properties": {
        "rowid": 194,
        "nama_cctv": "CTV112 DSHB BDG SP BANJAR ANYAR",
        "polda_id": "17",
        "polres_id": "265",
        "status": "hidup",
        "ctdby": "4000ORGANIK",
        "ctddate": "2023-10-26T16:00:00.000Z",
        "ctdtime": "23:59:00",
        "rtsp_cctv": "rtsp://satansheir:letyur13@172.16.80.14/cam/realmonitor?channel=112&subtype=1",
        "channel_code": null,
        "ctdupd": null,
        "instansi": "dishub",
        "jenis_cctv": "ANALYTIC",
        "nama_jalan_s": "Simpang Banjar Anyar",
        "channel_id": "1000043$1$0$111",
        "cctv_in": "N",
        "cctv_out": "N",
        "masuk_kab": "N",
        "keluar_kab": "N",
        "keterangan": "checkpoint",
        "fungsi_jalan_cctv_id": 6,
        "masuk_prov": "N",
        "keluar_prov": "N",
        "is_active": 1,
        "channel_id_event": null,
        "hls_cctv": "https://stream.elingbali.com:5051/live_cctv/194/playlist.m3u8",
        "cctv_category_id": 5,
        "kecamatan": "Kuta Utara",
        "kota": null,
        "nama_objek_vital": null,
        "channel_id_enforcement": null,
        "cctv_id": "09401667-4b4b-4997-9fb5-5fdcd9af17c2",
        "polda": "Polda Bali",
        "polres": "POLRES BADUNG",
        "fungsi_jalan": "ARTERI",
        "category": "DALAM KOTA",
        "in_out": null,
        "ket_in_out": null,
        "_region": "bali",
        "Satwil": "Polda Bali"
      }
    },
    {
      "type": "Feature",
      "geometry": {
        "type": "Point",
        "coordinates": [
          115.154955,
          -8.642423
        ]
      },
      "properties": {
        "rowid": 193,
        "nama_cctv": "CTV111 DSHB BDG SP BRAWA 2",
        "polda_id": "17",
        "polres_id": "265",
        "status": "hidup",
        "ctdby": "4000ORGANIK",
        "ctddate": "2023-10-26T16:00:00.000Z",
        "ctdtime": "23:59:00",
        "rtsp_cctv": "rtsp://satansheir:letyur13@172.16.80.14/cam/realmonitor?channel=111&subtype=1",
        "channel_code": null,
        "ctdupd": null,
        "instansi": "dishub",
        "jenis_cctv": "ANALYTIC",
        "nama_jalan_s": "Simpang Brawa",
        "channel_id": "1000043$1$0$110",
        "cctv_in": "N",
        "cctv_out": "N",
        "masuk_kab": "N",
        "keluar_kab": "N",
        "keterangan": "checkpoint",
        "fungsi_jalan_cctv_id": 6,
        "masuk_prov": "N",
        "keluar_prov": "N",
        "is_active": 1,
        "channel_id_event": null,
        "hls_cctv": "https://stream.elingbali.com:5051/live_cctv/193/playlist.m3u8",
        "cctv_category_id": 5,
        "kecamatan": "Kuta Utara",
        "kota": null,
        "nama_objek_vital": null,
        "channel_id_enforcement": null,
        "cctv_id": "75e82e0d-d071-4ef8-a535-fa1307c99db1",
        "polda": "Polda Bali",
        "polres": "POLRES BADUNG",
        "fungsi_jalan": "ARTERI",
        "category": "DALAM KOTA",
        "in_out": null,
        "ket_in_out": null,
        "_region": "bali",
        "Satwil": "Polda Bali"
      }
    },
    {
      "type": "Feature",
      "geometry": {
        "type": "Point",
        "coordinates": [
          115.134207,
          -8.631476
        ]
      },
      "properties": {
        "rowid": 192,
        "nama_cctv": "CTV110 DSHB BDG SP PERERENAN",
        "polda_id": "17",
        "polres_id": "265",
        "status": "hidup",
        "ctdby": "4000ORGANIK",
        "ctddate": "2023-10-26T16:00:00.000Z",
        "ctdtime": "23:59:00",
        "rtsp_cctv": "rtsp://satansheir:letyur13@172.16.80.14/cam/realmonitor?channel=110&subtype=1",
        "channel_code": null,
        "ctdupd": null,
        "instansi": "dishub",
        "jenis_cctv": "ANALYTIC",
        "nama_jalan_s": "Simpang Perenan",
        "channel_id": "1000043$1$0$109",
        "cctv_in": "N",
        "cctv_out": "N",
        "masuk_kab": "N",
        "keluar_kab": "N",
        "keterangan": "checkpoint",
        "fungsi_jalan_cctv_id": 6,
        "masuk_prov": "N",
        "keluar_prov": "N",
        "is_active": 1,
        "channel_id_event": null,
        "hls_cctv": "https://stream.elingbali.com:5051/live_cctv/192/playlist.m3u8",
        "cctv_category_id": 5,
        "kecamatan": "Kuta Utara",
        "kota": null,
        "nama_objek_vital": null,
        "channel_id_enforcement": null,
        "cctv_id": "634f5891-3770-448e-bd45-400f4785ebc1",
        "polda": "Polda Bali",
        "polres": "POLRES BADUNG",
        "fungsi_jalan": "ARTERI",
        "category": "DALAM KOTA",
        "in_out": null,
        "ket_in_out": null,
        "_region": "bali",
        "Satwil": "Polda Bali"
      }
    },
    {
      "type": "Feature",
      "geometry": {
        "type": "Point",
        "coordinates": [
          115.123915,
          -8.624739
        ]
      },
      "properties": {
        "rowid": 191,
        "nama_cctv": "CTV109 DSHB BDG SP SESEH",
        "polda_id": "17",
        "polres_id": "265",
        "status": "mati",
        "ctdby": "4000ORGANIK",
        "ctddate": "2023-10-26T16:00:00.000Z",
        "ctdtime": "23:59:00",
        "rtsp_cctv": "rtsp://satansheir:letyur13@172.16.80.14/cam/realmonitor?channel=109&subtype=1",
        "channel_code": null,
        "ctdupd": null,
        "instansi": "dishub",
        "jenis_cctv": "ANALYTIC",
        "nama_jalan_s": "Simpang Seseh",
        "channel_id": "1000043$1$0$108",
        "cctv_in": "N",
        "cctv_out": "N",
        "masuk_kab": "N",
        "keluar_kab": "N",
        "keterangan": "checkpoint",
        "fungsi_jalan_cctv_id": 6,
        "masuk_prov": "N",
        "keluar_prov": "N",
        "is_active": 1,
        "channel_id_event": null,
        "hls_cctv": "https://stream.elingbali.com:5051/live_cctv/191/playlist.m3u8",
        "cctv_category_id": 5,
        "kecamatan": "Kuta Utara",
        "kota": null,
        "nama_objek_vital": null,
        "channel_id_enforcement": null,
        "cctv_id": "064b5328-5ac0-4689-84c9-25e49555911c",
        "polda": "Polda Bali",
        "polres": "POLRES BADUNG",
        "fungsi_jalan": "ARTERI",
        "category": "DALAM KOTA",
        "in_out": null,
        "ket_in_out": null,
        "_region": "bali",
        "Satwil": "Polda Bali"
      }
    },
    {
      "type": "Feature",
      "geometry": {
        "type": "Point",
        "coordinates": [
          115.171712,
          -8.646196
        ]
      },
      "properties": {
        "rowid": 190,
        "nama_cctv": "CTV108 DSHB BDG SP GN SANGYANG",
        "polda_id": "17",
        "polres_id": "265",
        "status": "hidup",
        "ctdby": "4000ORGANIK",
        "ctddate": "2023-10-26T16:00:00.000Z",
        "ctdtime": "23:59:00",
        "rtsp_cctv": "rtsp://satansheir:letyur13@172.16.80.14/cam/realmonitor?channel=108&subtype=1",
        "channel_code": null,
        "ctdupd": null,
        "instansi": "dishub",
        "jenis_cctv": "ANALYTIC",
        "nama_jalan_s": "Simpang Gunung Sangyang",
        "channel_id": "1000043$1$0$107",
        "cctv_in": "N",
        "cctv_out": "N",
        "masuk_kab": "N",
        "keluar_kab": "N",
        "keterangan": "checkpoint",
        "fungsi_jalan_cctv_id": 6,
        "masuk_prov": "N",
        "keluar_prov": "N",
        "is_active": 1,
        "channel_id_event": null,
        "hls_cctv": "https://stream.elingbali.com:5051/live_cctv/190/playlist.m3u8",
        "cctv_category_id": 5,
        "kecamatan": "Kuta Utara",
        "kota": null,
        "nama_objek_vital": null,
        "channel_id_enforcement": null,
        "cctv_id": "eb1757fd-4139-4fee-b9fa-630cbc74b76d",
        "polda": "Polda Bali",
        "polres": "POLRES BADUNG",
        "fungsi_jalan": "ARTERI",
        "category": "DALAM KOTA",
        "in_out": null,
        "ket_in_out": null,
        "_region": "bali",
        "Satwil": "Polda Bali"
      }
    },
    {
      "type": "Feature",
      "geometry": {
        "type": "Point",
        "coordinates": [
          115.174552,
          -8.637113
        ]
      },
      "properties": {
        "rowid": 189,
        "nama_cctv": "CTV107 DSHB BDG SP GATSU BARAT",
        "polda_id": "17",
        "polres_id": "265",
        "status": "hidup",
        "ctdby": "4000ORGANIK",
        "ctddate": "2023-10-26T16:00:00.000Z",
        "ctdtime": "23:59:00",
        "rtsp_cctv": "rtsp://satansheir:letyur13@172.16.80.14/cam/realmonitor?channel=107&subtype=1",
        "channel_code": null,
        "ctdupd": null,
        "instansi": "dishub",
        "jenis_cctv": "ANALYTIC",
        "nama_jalan_s": "Simpang Gatsu Barat",
        "channel_id": "1000043$1$0$106",
        "cctv_in": "N",
        "cctv_out": "N",
        "masuk_kab": "N",
        "keluar_kab": "N",
        "keterangan": "checkpoint",
        "fungsi_jalan_cctv_id": 6,
        "masuk_prov": "N",
        "keluar_prov": "N",
        "is_active": 1,
        "channel_id_event": null,
        "hls_cctv": "https://stream.elingbali.com:5051/live_cctv/189/playlist.m3u8",
        "cctv_category_id": 5,
        "kecamatan": "Kuta Utara",
        "kota": null,
        "nama_objek_vital": null,
        "channel_id_enforcement": null,
        "cctv_id": "43f6f274-4470-4441-962e-72c3a8c709dd",
        "polda": "Polda Bali",
        "polres": "POLRES BADUNG",
        "fungsi_jalan": "ARTERI",
        "category": "DALAM KOTA",
        "in_out": null,
        "ket_in_out": null,
        "_region": "bali",
        "Satwil": "Polda Bali"
      }
    },
    {
      "type": "Feature",
      "geometry": {
        "type": "Point",
        "coordinates": [
          115.175488,
          -8.629841
        ]
      },
      "properties": {
        "rowid": 188,
        "nama_cctv": "CTV106 DSHB BDG SP DALUNG PERMAI",
        "polda_id": "17",
        "polres_id": "265",
        "status": "hidup",
        "ctdby": "4000ORGANIK",
        "ctddate": "2023-10-26T16:00:00.000Z",
        "ctdtime": "23:59:00",
        "rtsp_cctv": "rtsp://satansheir:letyur13@172.16.80.14/cam/realmonitor?channel=106&subtype=1",
        "channel_code": null,
        "ctdupd": null,
        "instansi": "dishub",
        "jenis_cctv": "ANALYTIC",
        "nama_jalan_s": "Simpang Dalung Permai",
        "channel_id": "1000043$1$0$105",
        "cctv_in": "N",
        "cctv_out": "N",
        "masuk_kab": "N",
        "keluar_kab": "N",
        "keterangan": "checkpoint",
        "fungsi_jalan_cctv_id": 6,
        "masuk_prov": "N",
        "keluar_prov": "N",
        "is_active": 1,
        "channel_id_event": null,
        "hls_cctv": "https://stream.elingbali.com:5051/live_cctv/188/playlist.m3u8",
        "cctv_category_id": 5,
        "kecamatan": "Mengwi",
        "kota": null,
        "nama_objek_vital": null,
        "channel_id_enforcement": null,
        "cctv_id": "79b5f799-cffc-453a-a829-9675fc49d2c5",
        "polda": "Polda Bali",
        "polres": "POLRES BADUNG",
        "fungsi_jalan": "ARTERI",
        "category": "DALAM KOTA",
        "in_out": null,
        "ket_in_out": null,
        "_region": "bali",
        "Satwil": "Polda Bali"
      }
    },
    {
      "type": "Feature",
      "geometry": {
        "type": "Point",
        "coordinates": [
          115.175946,
          -8.610905
        ]
      },
      "properties": {
        "rowid": 187,
        "nama_cctv": "CTV105 DSHB BDG SP BANGSAL",
        "polda_id": "17",
        "polres_id": "265",
        "status": "hidup",
        "ctdby": "4000ORGANIK",
        "ctddate": "2023-10-26T16:00:00.000Z",
        "ctdtime": "23:59:00",
        "rtsp_cctv": "rtsp://satansheir:letyur13@172.16.80.14/cam/realmonitor?channel=105&subtype=1",
        "channel_code": null,
        "ctdupd": null,
        "instansi": "dishub",
        "jenis_cctv": "ANALYTIC",
        "nama_jalan_s": "Simpang Bangsal",
        "channel_id": "1000043$1$0$104",
        "cctv_in": "N",
        "cctv_out": "N",
        "masuk_kab": "N",
        "keluar_kab": "N",
        "keterangan": "checkpoint",
        "fungsi_jalan_cctv_id": 6,
        "masuk_prov": "N",
        "keluar_prov": "N",
        "is_active": 1,
        "channel_id_event": null,
        "hls_cctv": "https://stream.elingbali.com:5051/live_cctv/187/playlist.m3u8",
        "cctv_category_id": 5,
        "kecamatan": "Mengwi",
        "kota": null,
        "nama_objek_vital": null,
        "channel_id_enforcement": null,
        "cctv_id": "69e9e4f9-2794-419d-83cb-f8ad47e47ade",
        "polda": "Polda Bali",
        "polres": "POLRES BADUNG",
        "fungsi_jalan": "ARTERI",
        "category": "DALAM KOTA",
        "in_out": null,
        "ket_in_out": null,
        "_region": "bali",
        "Satwil": "Polda Bali"
      }
    },
    {
      "type": "Feature",
      "geometry": {
        "type": "Point",
        "coordinates": [
          115.175521,
          -8.592903
        ]
      },
      "properties": {
        "rowid": 186,
        "nama_cctv": "CTV104 DSHB BDG SP ABIANBASE",
        "polda_id": "17",
        "polres_id": "265",
        "status": "hidup",
        "ctdby": "4000ORGANIK",
        "ctddate": "2023-10-26T16:00:00.000Z",
        "ctdtime": "23:59:00",
        "rtsp_cctv": "rtsp://satansheir:letyur13@172.16.80.14/cam/realmonitor?channel=104&subtype=1",
        "channel_code": null,
        "ctdupd": null,
        "instansi": "dishub",
        "jenis_cctv": "ANALYTIC",
        "nama_jalan_s": "Simpang Abianbase",
        "channel_id": "1000043$1$0$103",
        "cctv_in": "N",
        "cctv_out": "N",
        "masuk_kab": "N",
        "keluar_kab": "N",
        "keterangan": "checkpoint",
        "fungsi_jalan_cctv_id": 6,
        "masuk_prov": "N",
        "keluar_prov": "N",
        "is_active": 1,
        "channel_id_event": null,
        "hls_cctv": "https://stream.elingbali.com:5051/live_cctv/186/playlist.m3u8",
        "cctv_category_id": 5,
        "kecamatan": "Mengwi",
        "kota": null,
        "nama_objek_vital": null,
        "channel_id_enforcement": null,
        "cctv_id": "bb4bbc3e-c3b7-4363-870c-a0074dc70025",
        "polda": "Polda Bali",
        "polres": "POLRES BADUNG",
        "fungsi_jalan": "ARTERI",
        "category": "DALAM KOTA",
        "in_out": null,
        "ket_in_out": null,
        "_region": "bali",
        "Satwil": "Polda Bali"
      }
    },
    {
      "type": "Feature",
      "geometry": {
        "type": "Point",
        "coordinates": [
          115.2051,
          -8.587157
        ]
      },
      "properties": {
        "rowid": 185,
        "nama_cctv": "CTV103 DSHB BDG SP BANJAR BUCU",
        "polda_id": "17",
        "polres_id": "265",
        "status": "hidup",
        "ctdby": "4000ORGANIK",
        "ctddate": "2023-10-26T16:00:00.000Z",
        "ctdtime": "23:59:00",
        "rtsp_cctv": "rtsp://satansheir:letyur13@172.16.80.14/cam/realmonitor?channel=103&subtype=1",
        "channel_code": null,
        "ctdupd": null,
        "instansi": "dishub",
        "jenis_cctv": "ANALYTIC",
        "nama_jalan_s": "Simpang Banjar Bucu",
        "channel_id": "1000043$1$0$102",
        "cctv_in": "N",
        "cctv_out": "N",
        "masuk_kab": "N",
        "keluar_kab": "N",
        "keterangan": "checkpoint",
        "fungsi_jalan_cctv_id": 6,
        "masuk_prov": "N",
        "keluar_prov": "N",
        "is_active": 1,
        "channel_id_event": null,
        "hls_cctv": "https://stream.elingbali.com:5051/live_cctv/185/playlist.m3u8",
        "cctv_category_id": 5,
        "kecamatan": "Mengwi",
        "kota": null,
        "nama_objek_vital": null,
        "channel_id_enforcement": null,
        "cctv_id": "d2b30d3e-fe39-4f09-b7d7-46f1de27c519",
        "polda": "Polda Bali",
        "polres": "POLRES BADUNG",
        "fungsi_jalan": "ARTERI",
        "category": "DALAM KOTA",
        "in_out": null,
        "ket_in_out": null,
        "_region": "bali",
        "Satwil": "Polda Bali"
      }
    },
    {
      "type": "Feature",
      "geometry": {
        "type": "Point",
        "coordinates": [
          115.217257,
          -8.578804
        ]
      },
      "properties": {
        "rowid": 184,
        "nama_cctv": "CTV102 DSHB BDG SP SIBANG GEDE",
        "polda_id": "17",
        "polres_id": "265",
        "status": "hidup",
        "ctdby": "4000ORGANIK",
        "ctddate": "2023-10-26T16:00:00.000Z",
        "ctdtime": "23:59:00",
        "rtsp_cctv": "rtsp://satansheir:letyur13@172.16.80.14/cam/realmonitor?channel=102&subtype=1",
        "channel_code": null,
        "ctdupd": null,
        "instansi": "dishub",
        "jenis_cctv": "ANALYTIC",
        "nama_jalan_s": "Simpang Sibang gede",
        "channel_id": "1000043$1$0$101",
        "cctv_in": "N",
        "cctv_out": "N",
        "masuk_kab": "N",
        "keluar_kab": "N",
        "keterangan": "checkpoint",
        "fungsi_jalan_cctv_id": 6,
        "masuk_prov": "N",
        "keluar_prov": "N",
        "is_active": 1,
        "channel_id_event": null,
        "hls_cctv": "https://stream.elingbali.com:5051/live_cctv/184/playlist.m3u8",
        "cctv_category_id": 5,
        "kecamatan": "Mengwi",
        "kota": null,
        "nama_objek_vital": null,
        "channel_id_enforcement": null,
        "cctv_id": "08ee961d-3762-4e2e-a4a2-de9c3605fb36",
        "polda": "Polda Bali",
        "polres": "POLRES BADUNG",
        "fungsi_jalan": "ARTERI",
        "category": "DALAM KOTA",
        "in_out": null,
        "ket_in_out": null,
        "_region": "bali",
        "Satwil": "Polda Bali"
      }
    },
    {
      "type": "Feature",
      "geometry": {
        "type": "Point",
        "coordinates": [
          115.1882158,
          -8.5823805
        ]
      },
      "properties": {
        "rowid": 183,
        "nama_cctv": "CTV101 DSHB BDG SP LUKLUK",
        "polda_id": "17",
        "polres_id": "265",
        "status": "hidup",
        "ctdby": "4000ORGANIK",
        "ctddate": "2023-10-26T16:00:00.000Z",
        "ctdtime": "23:59:00",
        "rtsp_cctv": "rtsp://satansheir:letyur13@172.16.80.14/cam/realmonitor?channel=101&subtype=1",
        "channel_code": null,
        "ctdupd": null,
        "instansi": "dishub",
        "jenis_cctv": "ANALYTIC",
        "nama_jalan_s": "C59Q+27W, Jl. Raya Anggungan, Lukluk, Kec. Mengwi, Kabupaten Badung, Bali 80351, Indonesia",
        "channel_id": "1000043$1$0$100",
        "cctv_in": "N",
        "cctv_out": "N",
        "masuk_kab": "N",
        "keluar_kab": "N",
        "keterangan": "checkpoint",
        "fungsi_jalan_cctv_id": 6,
        "masuk_prov": "N",
        "keluar_prov": "N",
        "is_active": 1,
        "channel_id_event": null,
        "hls_cctv": "https://stream.elingbali.com:5051/live_cctv/183/playlist.m3u8",
        "cctv_category_id": 5,
        "kecamatan": "Mengwi",
        "kota": null,
        "nama_objek_vital": null,
        "channel_id_enforcement": null,
        "cctv_id": "d07f2673-967c-46df-b7b2-3362a5c756d2",
        "polda": "Polda Bali",
        "polres": "POLRES BADUNG",
        "fungsi_jalan": "ARTERI",
        "category": "DALAM KOTA",
        "in_out": null,
        "ket_in_out": null,
        "_region": "bali",
        "Satwil": "Polda Bali"
      }
    },
    {
      "type": "Feature",
      "geometry": {
        "type": "Point",
        "coordinates": [
          115.181761,
          -8.577684
        ]
      },
      "properties": {
        "rowid": 182,
        "nama_cctv": "CTV100 DSHB BDG SP KAPAL",
        "polda_id": "17",
        "polres_id": "265",
        "status": "hidup",
        "ctdby": "4000ORGANIK",
        "ctddate": "2023-10-26T16:00:00.000Z",
        "ctdtime": "23:59:00",
        "rtsp_cctv": "rtsp://satansheir:letyur13@172.16.80.14/cam/realmonitor?channel=100&subtype=1",
        "channel_code": null,
        "ctdupd": null,
        "instansi": "dishub",
        "jenis_cctv": "ANALYTIC",
        "nama_jalan_s": "Simpang Kapal",
        "channel_id": "1000043$1$0$99",
        "cctv_in": "N",
        "cctv_out": "N",
        "masuk_kab": "N",
        "keluar_kab": "N",
        "keterangan": "checkpoint",
        "fungsi_jalan_cctv_id": 6,
        "masuk_prov": "N",
        "keluar_prov": "N",
        "is_active": 1,
        "channel_id_event": null,
        "hls_cctv": "https://stream.elingbali.com:5051/live_cctv/182/playlist.m3u8",
        "cctv_category_id": 5,
        "kecamatan": "Mengwi",
        "kota": null,
        "nama_objek_vital": null,
        "channel_id_enforcement": null,
        "cctv_id": "fedb57dd-8aba-4762-b608-8c6a073368af",
        "polda": "Polda Bali",
        "polres": "POLRES BADUNG",
        "fungsi_jalan": "ARTERI",
        "category": "DALAM KOTA",
        "in_out": null,
        "ket_in_out": null,
        "_region": "bali",
        "Satwil": "Polda Bali"
      }
    },
    {
      "type": "Feature",
      "geometry": {
        "type": "Point",
        "coordinates": [
          115.219333,
          -8.700466
        ]
      },
      "properties": {
        "rowid": 181,
        "nama_cctv": "CTV99 DSHB DPS SP SIDAKARYA UTARA",
        "polda_id": "17",
        "polres_id": "271",
        "status": "hidup",
        "ctdby": "4000ORGANIK",
        "ctddate": "2023-10-26T16:00:00.000Z",
        "ctdtime": "23:59:00",
        "rtsp_cctv": "rtsp://satansheir:letyur13@172.16.80.14:554/cam/realmonitor?channel=99&subtype=1",
        "channel_code": null,
        "ctdupd": null,
        "instansi": "dishub",
        "jenis_cctv": "ANALYTIC",
        "nama_jalan_s": "Raya Sesetan No.236",
        "channel_id": "1000043$1$0$98",
        "cctv_in": "N",
        "cctv_out": "N",
        "masuk_kab": "N",
        "keluar_kab": "N",
        "keterangan": "checkpoint",
        "fungsi_jalan_cctv_id": 6,
        "masuk_prov": "N",
        "keluar_prov": "N",
        "is_active": 1,
        "channel_id_event": "1000036$1$0$46",
        "hls_cctv": "https://stream.elingbali.com:5051/live_cctv/181/playlist.m3u8",
        "cctv_category_id": 5,
        "kecamatan": "Denpasar Selatan",
        "kota": null,
        "nama_objek_vital": null,
        "channel_id_enforcement": null,
        "cctv_id": "7c8d7c9a-2480-4b47-870d-7e7587e4b9f9",
        "polda": "Polda Bali",
        "polres": "POLRESTA DENPASAR",
        "fungsi_jalan": "ARTERI",
        "category": "DALAM KOTA",
        "in_out": null,
        "ket_in_out": null,
        "_region": "bali",
        "Satwil": "Polda Bali"
      }
    },
    {
      "type": "Feature",
      "geometry": {
        "type": "Point",
        "coordinates": [
          115.219405,
          -8.700511
        ]
      },
      "properties": {
        "rowid": 180,
        "nama_cctv": "CTV98 DSHB DPS SP SIDAKARYA TIMUR",
        "polda_id": "17",
        "polres_id": "271",
        "status": "mati",
        "ctdby": "4000ORGANIK",
        "ctddate": "2023-10-26T16:00:00.000Z",
        "ctdtime": "23:59:00",
        "rtsp_cctv": "rtsp://satansheir:letyur13@172.16.80.14:554/cam/realmonitor?channel=98&subtype=1",
        "channel_code": null,
        "ctdupd": null,
        "instansi": "dishub",
        "jenis_cctv": "ANALYTIC",
        "nama_jalan_s": "Sidakarya 2",
        "channel_id": "1000043$1$0$97",
        "cctv_in": "N",
        "cctv_out": "N",
        "masuk_kab": "N",
        "keluar_kab": "N",
        "keterangan": "checkpoint",
        "fungsi_jalan_cctv_id": 6,
        "masuk_prov": "N",
        "keluar_prov": "N",
        "is_active": 1,
        "channel_id_event": "1000036$1$0$45",
        "hls_cctv": "https://stream.elingbali.com:5051/live_cctv/180/playlist.m3u8",
        "cctv_category_id": 5,
        "kecamatan": "Denpasar Selatan",
        "kota": null,
        "nama_objek_vital": null,
        "channel_id_enforcement": null,
        "cctv_id": "63f9fee6-9419-4838-a38c-592f20033de6",
        "polda": "Polda Bali",
        "polres": "POLRESTA DENPASAR",
        "fungsi_jalan": "ARTERI",
        "category": "DALAM KOTA",
        "in_out": null,
        "ket_in_out": null,
        "_region": "bali",
        "Satwil": "Polda Bali"
      }
    },
    {
      "type": "Feature",
      "geometry": {
        "type": "Point",
        "coordinates": [
          115.219323,
          -8.700566
        ]
      },
      "properties": {
        "rowid": 179,
        "nama_cctv": "CTV97 DSHB DPS SP SIDAKARYA SELATAN",
        "polda_id": "17",
        "polres_id": "271",
        "status": "hidup",
        "ctdby": "4000ORGANIK",
        "ctddate": "2023-10-26T16:00:00.000Z",
        "ctdtime": "23:59:00",
        "rtsp_cctv": "rtsp://satansheir:letyur13@172.16.80.14:554/cam/realmonitor?channel=97&subtype=1",
        "channel_code": null,
        "ctdupd": null,
        "instansi": "dishub",
        "jenis_cctv": "ANALYTIC",
        "nama_jalan_s": "Raya Sesetan 240-238",
        "channel_id": "1000043$1$0$96",
        "cctv_in": "N",
        "cctv_out": "N",
        "masuk_kab": "N",
        "keluar_kab": "N",
        "keterangan": "checkpoint",
        "fungsi_jalan_cctv_id": 6,
        "masuk_prov": "N",
        "keluar_prov": "N",
        "is_active": 1,
        "channel_id_event": "1000036$1$0$43",
        "hls_cctv": "https://stream.elingbali.com:5051/live_cctv/179/playlist.m3u8",
        "cctv_category_id": 5,
        "kecamatan": "Denpasar Selatan",
        "kota": null,
        "nama_objek_vital": null,
        "channel_id_enforcement": null,
        "cctv_id": "a474f278-f46e-4f3a-a551-006823d55ca7",
        "polda": "Polda Bali",
        "polres": "POLRESTA DENPASAR",
        "fungsi_jalan": "ARTERI",
        "category": "DALAM KOTA",
        "in_out": null,
        "ket_in_out": null,
        "_region": "bali",
        "Satwil": "Polda Bali"
      }
    },
    {
      "type": "Feature",
      "geometry": {
        "type": "Point",
        "coordinates": [
          115.218006,
          -8.669622
        ]
      },
      "properties": {
        "rowid": 178,
        "nama_cctv": "CTV96 DSHB DPS SP PUPUTAN UTARA KIRI",
        "polda_id": "17",
        "polres_id": "271",
        "status": "mati",
        "ctdby": "4000ORGANIK",
        "ctddate": "2023-10-26T16:00:00.000Z",
        "ctdtime": "23:59:00",
        "rtsp_cctv": "rtsp://satansheir:letyur13@172.16.80.14:554/cam/realmonitor?channel=96&subtype=1",
        "channel_code": null,
        "ctdupd": null,
        "instansi": "dishub",
        "jenis_cctv": "ANALYTIC",
        "nama_jalan_s": "Jend. Sudirman",
        "channel_id": "1000043$1$0$95",
        "cctv_in": "N",
        "cctv_out": "N",
        "masuk_kab": "N",
        "keluar_kab": "N",
        "keterangan": "checkpoint",
        "fungsi_jalan_cctv_id": 6,
        "masuk_prov": "N",
        "keluar_prov": "N",
        "is_active": 1,
        "channel_id_event": "1000036$1$0$22",
        "hls_cctv": "https://stream.elingbali.com:5051/live_cctv/178/playlist.m3u8",
        "cctv_category_id": 5,
        "kecamatan": "Denpasar Barat",
        "kota": null,
        "nama_objek_vital": null,
        "channel_id_enforcement": null,
        "cctv_id": "43b4073c-25a6-4888-9bef-618a6a7e11e6",
        "polda": "Polda Bali",
        "polres": "POLRESTA DENPASAR",
        "fungsi_jalan": "ARTERI",
        "category": "DALAM KOTA",
        "in_out": null,
        "ket_in_out": null,
        "_region": "bali",
        "Satwil": "Polda Bali"
      }
    },
    {
      "type": "Feature",
      "geometry": {
        "type": "Point",
        "coordinates": [
          115.218006,
          -8.669622
        ]
      },
      "properties": {
        "rowid": 177,
        "nama_cctv": "CTV95 DSHB DPS SP PUPUTAN UTARA KANAN",
        "polda_id": "17",
        "polres_id": "271",
        "status": "mati",
        "ctdby": "4000ORGANIK",
        "ctddate": "2023-10-26T16:00:00.000Z",
        "ctdtime": "23:59:00",
        "rtsp_cctv": "rtsp://satansheir:letyur13@172.16.80.14:554/cam/realmonitor?channel=95&subtype=1",
        "channel_code": null,
        "ctdupd": null,
        "instansi": "dishub",
        "jenis_cctv": "ANALYTIC",
        "nama_jalan_s": "Jend. Sudirman",
        "channel_id": "1000043$1$0$94",
        "cctv_in": "N",
        "cctv_out": "N",
        "masuk_kab": "N",
        "keluar_kab": "N",
        "keterangan": "checkpoint",
        "fungsi_jalan_cctv_id": 6,
        "masuk_prov": "N",
        "keluar_prov": "N",
        "is_active": 1,
        "channel_id_event": "1000036$1$0$3",
        "hls_cctv": "https://stream.elingbali.com:5051/live_cctv/177/playlist.m3u8",
        "cctv_category_id": 5,
        "kecamatan": "Denpasar Barat",
        "kota": null,
        "nama_objek_vital": null,
        "channel_id_enforcement": null,
        "cctv_id": "76cc2f72-9762-4848-b8a2-d32adf5cd9af",
        "polda": "Polda Bali",
        "polres": "POLRESTA DENPASAR",
        "fungsi_jalan": "ARTERI",
        "category": "DALAM KOTA",
        "in_out": null,
        "ket_in_out": null,
        "_region": "bali",
        "Satwil": "Polda Bali"
      }
    },
    {
      "type": "Feature",
      "geometry": {
        "type": "Point",
        "coordinates": [
          115.218186,
          -8.669779
        ]
      },
      "properties": {
        "rowid": 176,
        "nama_cctv": "CTV94 DSHB DPS SP PUPUTAN TIMUR",
        "polda_id": "17",
        "polres_id": "271",
        "status": "mati",
        "ctdby": "4000ORGANIK",
        "ctddate": "2023-10-26T16:00:00.000Z",
        "ctdtime": "23:59:00",
        "rtsp_cctv": "rtsp://satansheir:letyur13@172.16.80.14:554/cam/realmonitor?channel=94&subtype=1",
        "channel_code": null,
        "ctdupd": null,
        "instansi": "dishub",
        "jenis_cctv": "ANALYTIC",
        "nama_jalan_s": "Raya Puputan",
        "channel_id": "1000043$1$0$93",
        "cctv_in": "N",
        "cctv_out": "N",
        "masuk_kab": "N",
        "keluar_kab": "N",
        "keterangan": "checkpoint",
        "fungsi_jalan_cctv_id": 6,
        "masuk_prov": "N",
        "keluar_prov": "N",
        "is_active": 1,
        "channel_id_event": "1000036$1$0$33",
        "hls_cctv": "https://stream.elingbali.com:5051/live_cctv/176/playlist.m3u8",
        "cctv_category_id": 5,
        "kecamatan": "Denpasar Barat",
        "kota": null,
        "nama_objek_vital": null,
        "channel_id_enforcement": null,
        "cctv_id": "4d5897e4-238a-48e9-8cb0-76fbadc0198f",
        "polda": "Polda Bali",
        "polres": "POLRESTA DENPASAR",
        "fungsi_jalan": "ARTERI",
        "category": "DALAM KOTA",
        "in_out": null,
        "ket_in_out": null,
        "_region": "bali",
        "Satwil": "Polda Bali"
      }
    },
    {
      "type": "Feature",
      "geometry": {
        "type": "Point",
        "coordinates": [
          115.218042,
          -8.669848
        ]
      },
      "properties": {
        "rowid": 175,
        "nama_cctv": "CTV93 DSHB DPS SP PUPUTAN SELATAN",
        "polda_id": "17",
        "polres_id": "271",
        "status": "mati",
        "ctdby": "4000ORGANIK",
        "ctddate": "2023-10-26T16:00:00.000Z",
        "ctdtime": "23:59:00",
        "rtsp_cctv": "rtsp://satansheir:letyur13@172.16.80.14:554/cam/realmonitor?channel=93&subtype=1",
        "channel_code": null,
        "ctdupd": null,
        "instansi": "dishub",
        "jenis_cctv": "ANALYTIC",
        "nama_jalan_s": "Jend. Sudirman No.7",
        "channel_id": "1000043$1$0$92",
        "cctv_in": "N",
        "cctv_out": "N",
        "masuk_kab": "N",
        "keluar_kab": "N",
        "keterangan": "checkpoint",
        "fungsi_jalan_cctv_id": 6,
        "masuk_prov": "N",
        "keluar_prov": "N",
        "is_active": 1,
        "channel_id_event": "1000036$1$0$39",
        "hls_cctv": "https://stream.elingbali.com:5051/live_cctv/175/playlist.m3u8",
        "cctv_category_id": 5,
        "kecamatan": "Denpasar Barat",
        "kota": null,
        "nama_objek_vital": null,
        "channel_id_enforcement": null,
        "cctv_id": "badc9005-c4b3-4a6f-97ce-0fb58133c2f2",
        "polda": "Polda Bali",
        "polres": "POLRESTA DENPASAR",
        "fungsi_jalan": "ARTERI",
        "category": "DALAM KOTA",
        "in_out": null,
        "ket_in_out": null,
        "_region": "bali",
        "Satwil": "Polda Bali"
      }
    },
    {
      "type": "Feature",
      "geometry": {
        "type": "Point",
        "coordinates": [
          115.218064,
          -8.669756
        ]
      },
      "properties": {
        "rowid": 174,
        "nama_cctv": "CTV92 DSHB DPS SP PUPUTAN",
        "polda_id": "17",
        "polres_id": "271",
        "status": "mati",
        "ctdby": "4000ORGANIK",
        "ctddate": "2023-10-26T16:00:00.000Z",
        "ctdtime": "23:59:00",
        "rtsp_cctv": "rtsp://satansheir:letyur13@172.16.80.14/cam/realmonitor?channel=92&subtype=1",
        "channel_code": null,
        "ctdupd": null,
        "instansi": "dishub",
        "jenis_cctv": "ANALYTIC",
        "nama_jalan_s": "Simpang Puputan",
        "channel_id": "1000043$1$0$91",
        "cctv_in": "N",
        "cctv_out": "N",
        "masuk_kab": "N",
        "keluar_kab": "N",
        "keterangan": "checkpoint",
        "fungsi_jalan_cctv_id": 6,
        "masuk_prov": "N",
        "keluar_prov": "N",
        "is_active": 1,
        "channel_id_event": null,
        "hls_cctv": "https://stream.elingbali.com:5051/live_cctv/174/playlist.m3u8",
        "cctv_category_id": 5,
        "kecamatan": "Denpasar Barat",
        "kota": null,
        "nama_objek_vital": null,
        "channel_id_enforcement": null,
        "cctv_id": "8af572d9-22e7-431d-9bed-c10fe57667c0",
        "polda": "Polda Bali",
        "polres": "POLRESTA DENPASAR",
        "fungsi_jalan": "ARTERI",
        "category": "DALAM KOTA",
        "in_out": null,
        "ket_in_out": null,
        "_region": "bali",
        "Satwil": "Polda Bali"
      }
    },
    {
      "type": "Feature",
      "geometry": {
        "type": "Point",
        "coordinates": [
          115.233958,
          -8.673183
        ]
      },
      "properties": {
        "rowid": 173,
        "nama_cctv": "CTV91 DSHB DPS DPC RENON",
        "polda_id": "17",
        "polres_id": "271",
        "status": "mati",
        "ctdby": "4000ORGANIK",
        "ctddate": "2023-10-26T16:00:00.000Z",
        "ctdtime": "23:59:00",
        "rtsp_cctv": "rtsp://satansheir:letyur13@172.16.80.14/cam/realmonitor?channel=91&subtype=1",
        "channel_code": null,
        "ctdupd": null,
        "instansi": "dishub",
        "jenis_cctv": "ANALYTIC",
        "nama_jalan_s": "Raya Puputan 140-134",
        "channel_id": "1000043$1$0$90",
        "cctv_in": "N",
        "cctv_out": "N",
        "masuk_kab": "N",
        "keluar_kab": "N",
        "keterangan": "checkpoint",
        "fungsi_jalan_cctv_id": 6,
        "masuk_prov": "N",
        "keluar_prov": "N",
        "is_active": 1,
        "channel_id_event": null,
        "hls_cctv": "https://stream.elingbali.com:5051/live_cctv/173/playlist.m3u8",
        "cctv_category_id": 5,
        "kecamatan": "Denpasar Selatan",
        "kota": null,
        "nama_objek_vital": null,
        "channel_id_enforcement": null,
        "cctv_id": "c016bf61-360e-4a81-9468-bd3a6c1f9d58",
        "polda": "Polda Bali",
        "polres": "POLRESTA DENPASAR",
        "fungsi_jalan": "ARTERI",
        "category": "DALAM KOTA",
        "in_out": null,
        "ket_in_out": null,
        "_region": "bali",
        "Satwil": "Polda Bali"
      }
    },
    {
      "type": "Feature",
      "geometry": {
        "type": "Point",
        "coordinates": [
          115.252015,
          -8.674087
        ]
      },
      "properties": {
        "rowid": 172,
        "nama_cctv": "CTV90 DSHB DPS SP SEDAP MALAM",
        "polda_id": "17",
        "polres_id": "271",
        "status": "hidup",
        "ctdby": "4000ORGANIK",
        "ctddate": "2023-10-26T16:00:00.000Z",
        "ctdtime": "23:59:00",
        "rtsp_cctv": "rtsp://satansheir:letyur13@172.16.80.14/cam/realmonitor?channel=90&subtype=1",
        "channel_code": null,
        "ctdupd": null,
        "instansi": "dishub",
        "jenis_cctv": "ANALYTIC",
        "nama_jalan_s": "Simpang Sedap Malam",
        "channel_id": "1000043$1$0$89",
        "cctv_in": "N",
        "cctv_out": "N",
        "masuk_kab": "N",
        "keluar_kab": "N",
        "keterangan": "checkpoint",
        "fungsi_jalan_cctv_id": 6,
        "masuk_prov": "N",
        "keluar_prov": "N",
        "is_active": 1,
        "channel_id_event": null,
        "hls_cctv": "https://stream.elingbali.com:5051/live_cctv/172/playlist.m3u8",
        "cctv_category_id": 5,
        "kecamatan": "Denpasar Selatan",
        "kota": null,
        "nama_objek_vital": null,
        "channel_id_enforcement": null,
        "cctv_id": "ecf57b4f-514e-4b03-ab99-574c1f9ff248",
        "polda": "Polda Bali",
        "polres": "POLRESTA DENPASAR",
        "fungsi_jalan": "ARTERI",
        "category": "DALAM KOTA",
        "in_out": null,
        "ket_in_out": null,
        "_region": "bali",
        "Satwil": "Polda Bali"
      }
    },
    {
      "type": "Feature",
      "geometry": {
        "type": "Point",
        "coordinates": [
          115.2351233,
          -8.6570785
        ]
      },
      "properties": {
        "rowid": 171,
        "nama_cctv": "CTV89 DSHB DPS SP NUSA INDAH",
        "polda_id": "17",
        "polres_id": "271",
        "status": "mati",
        "ctdby": "4000ORGANIK",
        "ctddate": "2023-10-26T16:00:00.000Z",
        "ctdtime": "23:59:00",
        "rtsp_cctv": "rtsp://satansheir:letyur13@172.16.80.14/cam/realmonitor?channel=89&subtype=1",
        "channel_code": null,
        "ctdupd": null,
        "instansi": "dishub",
        "jenis_cctv": "ANALYTIC",
        "nama_jalan_s": "Simpang Nusa Indah",
        "channel_id": "1000043$1$0$88",
        "cctv_in": "N",
        "cctv_out": "N",
        "masuk_kab": "N",
        "keluar_kab": "N",
        "keterangan": "checkpoint",
        "fungsi_jalan_cctv_id": 6,
        "masuk_prov": "N",
        "keluar_prov": "N",
        "is_active": 1,
        "channel_id_event": null,
        "hls_cctv": "https://stream.elingbali.com:5051/live_cctv/171/playlist.m3u8",
        "cctv_category_id": 5,
        "kecamatan": "Denpasar Selatan",
        "kota": null,
        "nama_objek_vital": null,
        "channel_id_enforcement": null,
        "cctv_id": "de1b51d9-1302-48b2-bdc5-548c24891a48",
        "polda": "Polda Bali",
        "polres": "POLRESTA DENPASAR",
        "fungsi_jalan": "ARTERI",
        "category": "DALAM KOTA",
        "in_out": null,
        "ket_in_out": null,
        "_region": "bali",
        "Satwil": "Polda Bali"
      }
    },
    {
      "type": "Feature",
      "geometry": {
        "type": "Point",
        "coordinates": [
          115.222206,
          -8.656714
        ]
      },
      "properties": {
        "rowid": 170,
        "nama_cctv": "CTV88 DSHB DPS SP MELATI",
        "polda_id": "17",
        "polres_id": "271",
        "status": "hidup",
        "ctdby": "4000ORGANIK",
        "ctddate": "2023-10-26T16:00:00.000Z",
        "ctdtime": "23:59:00",
        "rtsp_cctv": "rtsp://satansheir:letyur13@172.16.80.14/cam/realmonitor?channel=88&subtype=1",
        "channel_code": null,
        "ctdupd": null,
        "instansi": "dishub",
        "jenis_cctv": "ANALYTIC",
        "nama_jalan_s": "Simpang Melati",
        "channel_id": "1000043$1$0$87",
        "cctv_in": "N",
        "cctv_out": "N",
        "masuk_kab": "N",
        "keluar_kab": "N",
        "keterangan": "checkpoint",
        "fungsi_jalan_cctv_id": 6,
        "masuk_prov": "N",
        "keluar_prov": "N",
        "is_active": 1,
        "channel_id_event": null,
        "hls_cctv": "https://stream.elingbali.com:5051/live_cctv/170/playlist.m3u8",
        "cctv_category_id": 5,
        "kecamatan": "Denpasar Timur",
        "kota": null,
        "nama_objek_vital": null,
        "channel_id_enforcement": null,
        "cctv_id": "58c3154d-16c0-4f28-b659-0b24ac9067b8",
        "polda": "Polda Bali",
        "polres": "POLRESTA DENPASAR",
        "fungsi_jalan": "ARTERI",
        "category": "DALAM KOTA",
        "in_out": null,
        "ket_in_out": null,
        "_region": "bali",
        "Satwil": "Polda Bali"
      }
    },
    {
      "type": "Feature",
      "geometry": {
        "type": "Point",
        "coordinates": [
          115.214934,
          -8.655646
        ]
      },
      "properties": {
        "rowid": 169,
        "nama_cctv": "CTV87 DSHB DPS SP ARJUNA",
        "polda_id": "17",
        "polres_id": "271",
        "status": "hidup",
        "ctdby": "4000ORGANIK",
        "ctddate": "2023-10-26T16:00:00.000Z",
        "ctdtime": "23:59:00",
        "rtsp_cctv": "rtsp://satansheir:letyur13@172.16.80.14/cam/realmonitor?channel=87&subtype=1",
        "channel_code": null,
        "ctdupd": null,
        "instansi": "dishub",
        "jenis_cctv": "ANALYTIC",
        "nama_jalan_s": "Simpang Arjuna",
        "channel_id": "1000043$1$0$86",
        "cctv_in": "N",
        "cctv_out": "N",
        "masuk_kab": "N",
        "keluar_kab": "N",
        "keterangan": "checkpoint",
        "fungsi_jalan_cctv_id": 6,
        "masuk_prov": "N",
        "keluar_prov": "N",
        "is_active": 1,
        "channel_id_event": null,
        "hls_cctv": "https://stream.elingbali.com:5051/live_cctv/169/playlist.m3u8",
        "cctv_category_id": 5,
        "kecamatan": "Denpasar Barat",
        "kota": null,
        "nama_objek_vital": null,
        "channel_id_enforcement": null,
        "cctv_id": "096129de-e782-447a-a383-aa2fe0e4e58d",
        "polda": "Polda Bali",
        "polres": "POLRESTA DENPASAR",
        "fungsi_jalan": "ARTERI",
        "category": "DALAM KOTA",
        "in_out": null,
        "ket_in_out": null,
        "_region": "bali",
        "Satwil": "Polda Bali"
      }
    },
    {
      "type": "Feature",
      "geometry": {
        "type": "Point",
        "coordinates": [
          115.2630101,
          -8.6492585
        ]
      },
      "properties": {
        "rowid": 168,
        "nama_cctv": "CTV86 DSHB DPS SP SEKARSARI",
        "polda_id": "17",
        "polres_id": "271",
        "status": "hidup",
        "ctdby": "4000ORGANIK",
        "ctddate": "2023-10-26T16:00:00.000Z",
        "ctdtime": "23:59:00",
        "rtsp_cctv": "rtsp://satansheir:letyur13@172.16.80.14/cam/realmonitor?channel=86&subtype=1",
        "channel_code": null,
        "ctdupd": null,
        "instansi": "dishub",
        "jenis_cctv": "ANALYTIC",
        "nama_jalan_s": "Simpang Sekarsari",
        "channel_id": "1000043$1$0$85",
        "cctv_in": "N",
        "cctv_out": "N",
        "masuk_kab": "N",
        "keluar_kab": "N",
        "keterangan": "checkpoint",
        "fungsi_jalan_cctv_id": 6,
        "masuk_prov": "N",
        "keluar_prov": "N",
        "is_active": 1,
        "channel_id_event": null,
        "hls_cctv": "https://stream.elingbali.com:5051/live_cctv/168/playlist.m3u8",
        "cctv_category_id": 5,
        "kecamatan": "Denpasar Timur",
        "kota": null,
        "nama_objek_vital": null,
        "channel_id_enforcement": null,
        "cctv_id": "ccb550de-31b3-455e-bc05-23af04e5cc1b",
        "polda": "Polda Bali",
        "polres": "POLRESTA DENPASAR",
        "fungsi_jalan": "ARTERI",
        "category": "DALAM KOTA",
        "in_out": null,
        "ket_in_out": null,
        "_region": "bali",
        "Satwil": "Polda Bali"
      }
    },
    {
      "type": "Feature",
      "geometry": {
        "type": "Point",
        "coordinates": [
          115.253774,
          -8.638948
        ]
      },
      "properties": {
        "rowid": 167,
        "nama_cctv": "CTV85 DSHB DPS SP TOHPATI UTARA",
        "polda_id": "17",
        "polres_id": "271",
        "status": "mati",
        "ctdby": "4000ORGANIK",
        "ctddate": "2023-10-26T16:00:00.000Z",
        "ctdtime": "23:59:00",
        "rtsp_cctv": "rtsp://satansheir:letyur13@172.16.80.14:554/cam/realmonitor?channel=85&subtype=1",
        "channel_code": null,
        "ctdupd": null,
        "instansi": "dishub",
        "jenis_cctv": "ANALYTIC",
        "nama_jalan_s": "Gatot Subroto Timur",
        "channel_id": "1000043$1$0$84",
        "cctv_in": "N",
        "cctv_out": "N",
        "masuk_kab": "N",
        "keluar_kab": "N",
        "keterangan": "checkpoint",
        "fungsi_jalan_cctv_id": 6,
        "masuk_prov": "N",
        "keluar_prov": "N",
        "is_active": 1,
        "channel_id_event": "1000036$1$0$37",
        "hls_cctv": "https://stream.elingbali.com:5051/live_cctv/167/playlist.m3u8",
        "cctv_category_id": 5,
        "kecamatan": "Denpasar Timur",
        "kota": null,
        "nama_objek_vital": null,
        "channel_id_enforcement": null,
        "cctv_id": "c8513a07-9587-4f79-8316-9c1dbdab57fd",
        "polda": "Polda Bali",
        "polres": "POLRESTA DENPASAR",
        "fungsi_jalan": "ARTERI",
        "category": "DALAM KOTA",
        "in_out": null,
        "ket_in_out": null,
        "_region": "bali",
        "Satwil": "Polda Bali"
      }
    },
    {
      "type": "Feature",
      "geometry": {
        "type": "Point",
        "coordinates": [
          115.253882,
          -8.639106
        ]
      },
      "properties": {
        "rowid": 166,
        "nama_cctv": "CTV84 DSHB DPS SP TOHPATI TIMUR",
        "polda_id": "17",
        "polres_id": "271",
        "status": "hidup",
        "ctdby": "4000ORGANIK",
        "ctddate": "2023-10-26T16:00:00.000Z",
        "ctdtime": "23:59:00",
        "rtsp_cctv": "rtsp://satansheir:letyur13@172.16.80.14:554/cam/realmonitor?channel=84&subtype=1",
        "channel_code": null,
        "ctdupd": null,
        "instansi": "dishub",
        "jenis_cctv": "ANALYTIC",
        "nama_jalan_s": "WR Supratman 290",
        "channel_id": "1000043$1$0$83",
        "cctv_in": "N",
        "cctv_out": "N",
        "masuk_kab": "N",
        "keluar_kab": "N",
        "keterangan": "checkpoint",
        "fungsi_jalan_cctv_id": 6,
        "masuk_prov": "N",
        "keluar_prov": "N",
        "is_active": 1,
        "channel_id_event": "1000036$1$0$34",
        "hls_cctv": "https://stream.elingbali.com:5051/live_cctv/166/playlist.m3u8",
        "cctv_category_id": 5,
        "kecamatan": "Denpasar Timur",
        "kota": null,
        "nama_objek_vital": null,
        "channel_id_enforcement": null,
        "cctv_id": "dc1c2db7-6605-436c-8ea1-6c6a18ef0ba5",
        "polda": "Polda Bali",
        "polres": "POLRESTA DENPASAR",
        "fungsi_jalan": "ARTERI",
        "category": "DALAM KOTA",
        "in_out": null,
        "ket_in_out": null,
        "_region": "bali",
        "Satwil": "Polda Bali"
      }
    },
    {
      "type": "Feature",
      "geometry": {
        "type": "Point",
        "coordinates": [
          115.253866,
          -8.639444
        ]
      },
      "properties": {
        "rowid": 165,
        "nama_cctv": "CTV83 DSHB DPS SP TOHPATI SELATAN",
        "polda_id": "17",
        "polres_id": "271",
        "status": "hidup",
        "ctdby": "4000ORGANIK",
        "ctddate": "2023-10-26T16:00:00.000Z",
        "ctdtime": "23:59:00",
        "rtsp_cctv": "rtsp://satansheir:letyur13@172.16.80.14:554/cam/realmonitor?channel=83&subtype=1",
        "channel_code": null,
        "ctdupd": null,
        "instansi": "dishub",
        "jenis_cctv": "ANALYTIC",
        "nama_jalan_s": "Bypass Ngurah Rai",
        "channel_id": "1000043$1$0$82",
        "cctv_in": "N",
        "cctv_out": "N",
        "masuk_kab": "N",
        "keluar_kab": "N",
        "keterangan": "checkpoint",
        "fungsi_jalan_cctv_id": 6,
        "masuk_prov": "N",
        "keluar_prov": "N",
        "is_active": 1,
        "channel_id_event": "1000036$1$0$29",
        "hls_cctv": "https://stream.elingbali.com:5051/live_cctv/165/playlist.m3u8",
        "cctv_category_id": 5,
        "kecamatan": "Denpasar Timur",
        "kota": null,
        "nama_objek_vital": null,
        "channel_id_enforcement": null,
        "cctv_id": "1000a347-df93-4939-8439-820be00097d4",
        "polda": "Polda Bali",
        "polres": "POLRESTA DENPASAR",
        "fungsi_jalan": "ARTERI",
        "category": "DALAM KOTA",
        "in_out": null,
        "ket_in_out": null,
        "_region": "bali",
        "Satwil": "Polda Bali"
      }
    },
    {
      "type": "Feature",
      "geometry": {
        "type": "Point",
        "coordinates": [
          115.254025,
          -8.638945
        ]
      },
      "properties": {
        "rowid": 164,
        "nama_cctv": "CTV82 DSHB DPS SP TOHPATI BARAT",
        "polda_id": "17",
        "polres_id": "271",
        "status": "hidup",
        "ctdby": "4000ORGANIK",
        "ctddate": "2023-10-26T16:00:00.000Z",
        "ctdtime": "23:59:00",
        "rtsp_cctv": "rtsp://satansheir:letyur13@172.16.80.14:554/cam/realmonitor?channel=82&subtype=1",
        "channel_code": null,
        "ctdupd": null,
        "instansi": "dishub",
        "jenis_cctv": "ANALYTIC",
        "nama_jalan_s": "WR Supratman 309-319",
        "channel_id": "1000043$1$0$81",
        "cctv_in": "N",
        "cctv_out": "N",
        "masuk_kab": "N",
        "keluar_kab": "N",
        "keterangan": "checkpoint",
        "fungsi_jalan_cctv_id": 6,
        "masuk_prov": "N",
        "keluar_prov": "N",
        "is_active": 1,
        "channel_id_event": "1000036$1$0$4",
        "hls_cctv": "https://stream.elingbali.com:5051/live_cctv/164/playlist.m3u8",
        "cctv_category_id": 5,
        "kecamatan": "Denpasar Timur",
        "kota": null,
        "nama_objek_vital": null,
        "channel_id_enforcement": null,
        "cctv_id": "71b739cc-dbb3-4622-b834-ae5be5e7ae62",
        "polda": "Polda Bali",
        "polres": "POLRESTA DENPASAR",
        "fungsi_jalan": "ARTERI",
        "category": "DALAM KOTA",
        "in_out": null,
        "ket_in_out": null,
        "_region": "bali",
        "Satwil": "Polda Bali"
      }
    },
    {
      "type": "Feature",
      "geometry": {
        "type": "Point",
        "coordinates": [
          115.245153,
          -8.646273
        ]
      },
      "properties": {
        "rowid": 163,
        "nama_cctv": "CTV81 DSHB DPS SP WARIBANG",
        "polda_id": "17",
        "polres_id": "271",
        "status": "mati",
        "ctdby": "4000ORGANIK",
        "ctddate": "2023-10-26T16:00:00.000Z",
        "ctdtime": "23:59:00",
        "rtsp_cctv": "rtsp://satansheir:letyur13@172.16.80.14/cam/realmonitor?channel=81&subtype=1",
        "channel_code": null,
        "ctdupd": null,
        "instansi": "dishub",
        "jenis_cctv": "ANALYTIC",
        "nama_jalan_s": "Simpang Waribang",
        "channel_id": "1000043$1$0$80",
        "cctv_in": "N",
        "cctv_out": "N",
        "masuk_kab": "N",
        "keluar_kab": "N",
        "keterangan": "checkpoint",
        "fungsi_jalan_cctv_id": 6,
        "masuk_prov": "N",
        "keluar_prov": "N",
        "is_active": 1,
        "channel_id_event": null,
        "hls_cctv": "https://stream.elingbali.com:5051/live_cctv/163/playlist.m3u8",
        "cctv_category_id": 5,
        "kecamatan": "Denpasar Timur",
        "kota": null,
        "nama_objek_vital": null,
        "channel_id_enforcement": null,
        "cctv_id": "f72eca90-1c78-4b43-b5c8-5dd21bd3e960",
        "polda": "Polda Bali",
        "polres": "POLRESTA DENPASAR",
        "fungsi_jalan": "ARTERI",
        "category": "DALAM KOTA",
        "in_out": null,
        "ket_in_out": null,
        "_region": "bali",
        "Satwil": "Polda Bali"
      }
    },
    {
      "type": "Feature",
      "geometry": {
        "type": "Point",
        "coordinates": [
          115.239871,
          -8.648133
        ]
      },
      "properties": {
        "rowid": 162,
        "nama_cctv": "CTV80 DSHB DPS SP SURABI",
        "polda_id": "17",
        "polres_id": "271",
        "status": "hidup",
        "ctdby": "4000ORGANIK",
        "ctddate": "2023-10-26T16:00:00.000Z",
        "ctdtime": "23:59:00",
        "rtsp_cctv": "rtsp://satansheir:letyur13@172.16.80.14/cam/realmonitor?channel=80&subtype=1",
        "channel_code": null,
        "ctdupd": null,
        "instansi": "dishub",
        "jenis_cctv": "ANALYTIC",
        "nama_jalan_s": "Simpang Surabi",
        "channel_id": "1000043$1$0$79",
        "cctv_in": "N",
        "cctv_out": "N",
        "masuk_kab": "N",
        "keluar_kab": "N",
        "keterangan": "checkpoint",
        "fungsi_jalan_cctv_id": 6,
        "masuk_prov": "N",
        "keluar_prov": "N",
        "is_active": 1,
        "channel_id_event": null,
        "hls_cctv": "https://stream.elingbali.com:5051/live_cctv/162/playlist.m3u8",
        "cctv_category_id": 5,
        "kecamatan": "Denpasar Timur",
        "kota": null,
        "nama_objek_vital": null,
        "channel_id_enforcement": null,
        "cctv_id": "f6a86338-b87a-4c4c-98e7-8fd14ede0779",
        "polda": "Polda Bali",
        "polres": "POLRESTA DENPASAR",
        "fungsi_jalan": "ARTERI",
        "category": "DALAM KOTA",
        "in_out": null,
        "ket_in_out": null,
        "_region": "bali",
        "Satwil": "Polda Bali"
      }
    },
    {
      "type": "Feature",
      "geometry": {
        "type": "Point",
        "coordinates": [
          115.22982,
          -8.648943
        ]
      },
      "properties": {
        "rowid": 161,
        "nama_cctv": "CTV79 DSHB DPS SP KECUBUNG",
        "polda_id": "17",
        "polres_id": "271",
        "status": "mati",
        "ctdby": "4000ORGANIK",
        "ctddate": "2023-10-26T16:00:00.000Z",
        "ctdtime": "23:59:00",
        "rtsp_cctv": "rtsp://satansheir:letyur13@172.16.80.14/cam/realmonitor?channel=79&subtype=1",
        "channel_code": null,
        "ctdupd": null,
        "instansi": "dishub",
        "jenis_cctv": "ANALYTIC",
        "nama_jalan_s": "Simpang Kecubung",
        "channel_id": "1000043$1$0$78",
        "cctv_in": "N",
        "cctv_out": "N",
        "masuk_kab": "N",
        "keluar_kab": "N",
        "keterangan": "checkpoint",
        "fungsi_jalan_cctv_id": 6,
        "masuk_prov": "N",
        "keluar_prov": "N",
        "is_active": 1,
        "channel_id_event": null,
        "hls_cctv": "https://stream.elingbali.com:5051/live_cctv/161/playlist.m3u8",
        "cctv_category_id": 5,
        "kecamatan": "Denpasar Timur",
        "kota": null,
        "nama_objek_vital": null,
        "channel_id_enforcement": null,
        "cctv_id": "d1e494a8-4f68-41b2-8315-0e5c2f7876d3",
        "polda": "Polda Bali",
        "polres": "POLRESTA DENPASAR",
        "fungsi_jalan": "ARTERI",
        "category": "DALAM KOTA",
        "in_out": null,
        "ket_in_out": null,
        "_region": "bali",
        "Satwil": "Polda Bali"
      }
    },
    {
      "type": "Feature",
      "geometry": {
        "type": "Point",
        "coordinates": [
          115.2010282,
          -8.6811137
        ]
      },
      "properties": {
        "rowid": 160,
        "nama_cctv": "CTV78 DSHB DPS SP BATANTA",
        "polda_id": "17",
        "polres_id": "271",
        "status": "mati",
        "ctdby": "4000ORGANIK",
        "ctddate": "2023-10-26T16:00:00.000Z",
        "ctdtime": "23:59:00",
        "rtsp_cctv": "rtsp://satansheir:letyur13@172.16.80.14/cam/realmonitor?channel=78&subtype=1",
        "channel_code": null,
        "ctdupd": null,
        "instansi": "dishub",
        "jenis_cctv": "ANALYTIC",
        "nama_jalan_s": "Simpang Batanta",
        "channel_id": "1000043$1$0$77",
        "cctv_in": "N",
        "cctv_out": "N",
        "masuk_kab": "N",
        "keluar_kab": "N",
        "keterangan": "checkpoint",
        "fungsi_jalan_cctv_id": 6,
        "masuk_prov": "N",
        "keluar_prov": "N",
        "is_active": 1,
        "channel_id_event": null,
        "hls_cctv": "https://stream.elingbali.com:5051/live_cctv/160/playlist.m3u8",
        "cctv_category_id": 5,
        "kecamatan": "Denpasar Barat",
        "kota": null,
        "nama_objek_vital": null,
        "channel_id_enforcement": null,
        "cctv_id": "78a0925f-1728-4ca8-a5f0-8c5ff2ed9890",
        "polda": "Polda Bali",
        "polres": "POLRESTA DENPASAR",
        "fungsi_jalan": "ARTERI",
        "category": "DALAM KOTA",
        "in_out": null,
        "ket_in_out": null,
        "_region": "bali",
        "Satwil": "Polda Bali"
      }
    },
    {
      "type": "Feature",
      "geometry": {
        "type": "Point",
        "coordinates": [
          115.215543,
          -8.6695
        ]
      },
      "properties": {
        "rowid": 159,
        "nama_cctv": "CTV77 DSHB DPS SP DEWI SARTIKA TIMUR",
        "polda_id": "17",
        "polres_id": "271",
        "status": "mati",
        "ctdby": "4000ORGANIK",
        "ctddate": "2023-10-26T16:00:00.000Z",
        "ctdtime": "23:59:00",
        "rtsp_cctv": "rtsp://satansheir:letyur13@172.16.80.14:554/cam/realmonitor?channel=77&subtype=1",
        "channel_code": null,
        "ctdupd": null,
        "instansi": "dishub",
        "jenis_cctv": "ANALYTIC",
        "nama_jalan_s": "Teuku Umar",
        "channel_id": "1000043$1$0$76",
        "cctv_in": "N",
        "cctv_out": "N",
        "masuk_kab": "N",
        "keluar_kab": "N",
        "keterangan": "checkpoint",
        "fungsi_jalan_cctv_id": 6,
        "masuk_prov": "N",
        "keluar_prov": "N",
        "is_active": 1,
        "channel_id_event": "1000036$1$0$32",
        "hls_cctv": "https://stream.elingbali.com:5051/live_cctv/159/playlist.m3u8",
        "cctv_category_id": 5,
        "kecamatan": "Denpasar Barat",
        "kota": null,
        "nama_objek_vital": null,
        "channel_id_enforcement": null,
        "cctv_id": "3669107c-0450-4097-a183-674eb9161710",
        "polda": "Polda Bali",
        "polres": "POLRESTA DENPASAR",
        "fungsi_jalan": "ARTERI",
        "category": "DALAM KOTA",
        "in_out": null,
        "ket_in_out": null,
        "_region": "bali",
        "Satwil": "Polda Bali"
      }
    },
    {
      "type": "Feature",
      "geometry": {
        "type": "Point",
        "coordinates": [
          115.215477,
          -8.669575
        ]
      },
      "properties": {
        "rowid": 158,
        "nama_cctv": "CTV76 DSHB DPS SP DEWI SARTIKA SELATAN",
        "polda_id": "17",
        "polres_id": "271",
        "status": "mati",
        "ctdby": "4000ORGANIK",
        "ctddate": "2023-10-26T16:00:00.000Z",
        "ctdtime": "23:59:00",
        "rtsp_cctv": "rtsp://satansheir:letyur13@172.16.80.14:554/cam/realmonitor?channel=76&subtype=1",
        "channel_code": null,
        "ctdupd": null,
        "instansi": "dishub",
        "jenis_cctv": "ANALYTIC",
        "nama_jalan_s": "Diponegoro 148",
        "channel_id": "1000043$1$0$75",
        "cctv_in": "N",
        "cctv_out": "N",
        "masuk_kab": "N",
        "keluar_kab": "N",
        "keterangan": "checkpoint",
        "fungsi_jalan_cctv_id": 6,
        "masuk_prov": "N",
        "keluar_prov": "N",
        "is_active": 1,
        "channel_id_event": "1000036$1$0$35",
        "hls_cctv": "https://stream.elingbali.com:5051/live_cctv/158/playlist.m3u8",
        "cctv_category_id": 5,
        "kecamatan": "Denpasar Barat",
        "kota": null,
        "nama_objek_vital": null,
        "channel_id_enforcement": null,
        "cctv_id": "1da78602-32cb-403a-952b-efb86a013c11",
        "polda": "Polda Bali",
        "polres": "POLRESTA DENPASAR",
        "fungsi_jalan": "ARTERI",
        "category": "DALAM KOTA",
        "in_out": null,
        "ket_in_out": null,
        "_region": "bali",
        "Satwil": "Polda Bali"
      }
    },
    {
      "type": "Feature",
      "geometry": {
        "type": "Point",
        "coordinates": [
          115.215354,
          -8.669444
        ]
      },
      "properties": {
        "rowid": 157,
        "nama_cctv": "CTV75 DSHB DPS SP DEWI SARTIKA BARAT",
        "polda_id": "17",
        "polres_id": "271",
        "status": "mati",
        "ctdby": "4000ORGANIK",
        "ctddate": "2023-10-26T16:00:00.000Z",
        "ctdtime": "23:59:00",
        "rtsp_cctv": "rtsp://satansheir:letyur13@172.16.80.14:554/cam/realmonitor?channel=75&subtype=1",
        "channel_code": null,
        "ctdupd": null,
        "instansi": "dishub",
        "jenis_cctv": "ANALYTIC",
        "nama_jalan_s": "Teuku Umar",
        "channel_id": "1000043$1$0$74",
        "cctv_in": "N",
        "cctv_out": "N",
        "masuk_kab": "N",
        "keluar_kab": "N",
        "keterangan": "checkpoint",
        "fungsi_jalan_cctv_id": 6,
        "masuk_prov": "N",
        "keluar_prov": "N",
        "is_active": 1,
        "channel_id_event": "1000036$1$0$9",
        "hls_cctv": "https://stream.elingbali.com:5051/live_cctv/157/playlist.m3u8",
        "cctv_category_id": 5,
        "kecamatan": "Denpasar Barat",
        "kota": null,
        "nama_objek_vital": null,
        "channel_id_enforcement": null,
        "cctv_id": "6597027c-e676-4a96-a97e-5cb9329b8ab3",
        "polda": "Polda Bali",
        "polres": "POLRESTA DENPASAR",
        "fungsi_jalan": "ARTERI",
        "category": "DALAM KOTA",
        "in_out": null,
        "ket_in_out": null,
        "_region": "bali",
        "Satwil": "Polda Bali"
      }
    },
    {
      "type": "Feature",
      "geometry": {
        "type": "Point",
        "coordinates": [
          115.217826,
          -8.667485
        ]
      },
      "properties": {
        "rowid": 156,
        "nama_cctv": "CTV74 DSHB DPS SP YOS SUDARSO UTARA KIRI",
        "polda_id": "17",
        "polres_id": "271",
        "status": "hidup",
        "ctdby": "4000ORGANIK",
        "ctddate": "2023-10-26T16:00:00.000Z",
        "ctdtime": "23:59:00",
        "rtsp_cctv": "rtsp://satansheir:letyur13@172.16.80.14/cam/realmonitor?channel=74&subtype=1",
        "channel_code": null,
        "ctdupd": null,
        "instansi": "dishub",
        "jenis_cctv": "ANALYTIC",
        "nama_jalan_s": "Jendral Sudirman 3",
        "channel_id": "1000043$1$0$73",
        "cctv_in": "N",
        "cctv_out": "N",
        "masuk_kab": "N",
        "keluar_kab": "N",
        "keterangan": "checkpoint",
        "fungsi_jalan_cctv_id": 6,
        "masuk_prov": "N",
        "keluar_prov": "N",
        "is_active": 1,
        "channel_id_event": null,
        "hls_cctv": "https://stream.elingbali.com:5051/live_cctv/156/playlist.m3u8",
        "cctv_category_id": 5,
        "kecamatan": "Denpasar Barat",
        "kota": null,
        "nama_objek_vital": null,
        "channel_id_enforcement": null,
        "cctv_id": "8b3e4cc3-0e36-4a28-bbe2-da8fe8da74fc",
        "polda": "Polda Bali",
        "polres": "POLRESTA DENPASAR",
        "fungsi_jalan": "ARTERI",
        "category": "DALAM KOTA",
        "in_out": null,
        "ket_in_out": null,
        "_region": "bali",
        "Satwil": "Polda Bali"
      }
    },
    {
      "type": "Feature",
      "geometry": {
        "type": "Point",
        "coordinates": [
          115.217826,
          -8.667485
        ]
      },
      "properties": {
        "rowid": 155,
        "nama_cctv": "CTV73 DSHB DPS SP YOS SUDARSO UTARA KANAN",
        "polda_id": "17",
        "polres_id": "271",
        "status": "hidup",
        "ctdby": "4000ORGANIK",
        "ctddate": "2023-10-26T16:00:00.000Z",
        "ctdtime": "23:59:00",
        "rtsp_cctv": "rtsp://satansheir:letyur13@172.16.80.14:554/cam/realmonitor?channel=73&subtype=1",
        "channel_code": null,
        "ctdupd": null,
        "instansi": "dishub",
        "jenis_cctv": "ANALYTIC",
        "nama_jalan_s": "Jendral Sudirman 3",
        "channel_id": "1000043$1$0$72",
        "cctv_in": "N",
        "cctv_out": "N",
        "masuk_kab": "N",
        "keluar_kab": "N",
        "keterangan": "checkpoint",
        "fungsi_jalan_cctv_id": 6,
        "masuk_prov": "N",
        "keluar_prov": "N",
        "is_active": 1,
        "channel_id_event": "1000036$1$0$11",
        "hls_cctv": "https://stream.elingbali.com:5051/live_cctv/155/playlist.m3u8",
        "cctv_category_id": 5,
        "kecamatan": "Denpasar Barat",
        "kota": null,
        "nama_objek_vital": null,
        "channel_id_enforcement": null,
        "cctv_id": "229db58e-d44b-4cba-bd9e-7391d537aac3",
        "polda": "Polda Bali",
        "polres": "POLRESTA DENPASAR",
        "fungsi_jalan": "ARTERI",
        "category": "DALAM KOTA",
        "in_out": null,
        "ket_in_out": null,
        "_region": "bali",
        "Satwil": "Polda Bali"
      }
    },
    {
      "type": "Feature",
      "geometry": {
        "type": "Point",
        "coordinates": [
          115.218155,
          -8.667645
        ]
      },
      "properties": {
        "rowid": 154,
        "nama_cctv": "CTV72 DSHB DPS SP YOS SUDARSO TIMUR",
        "polda_id": "17",
        "polres_id": "271",
        "status": "hidup",
        "ctdby": "4000ORGANIK",
        "ctddate": "2023-10-26T16:00:00.000Z",
        "ctdtime": "23:59:00",
        "rtsp_cctv": "rtsp://satansheir:letyur13@172.16.80.14:554/cam/realmonitor?channel=72&subtype=1",
        "channel_code": null,
        "ctdupd": null,
        "instansi": "dishub",
        "jenis_cctv": "ANALYTIC",
        "nama_jalan_s": "Slamet Riyadi",
        "channel_id": "1000043$1$0$71",
        "cctv_in": "N",
        "cctv_out": "N",
        "masuk_kab": "N",
        "keluar_kab": "N",
        "keterangan": "checkpoint",
        "fungsi_jalan_cctv_id": 6,
        "masuk_prov": "N",
        "keluar_prov": "N",
        "is_active": 1,
        "channel_id_event": "1000036$1$0$12",
        "hls_cctv": "https://stream.elingbali.com:5051/live_cctv/154/playlist.m3u8",
        "cctv_category_id": 5,
        "kecamatan": "Denpasar Barat",
        "kota": null,
        "nama_objek_vital": null,
        "channel_id_enforcement": null,
        "cctv_id": "6d55b187-f8fb-4f31-848d-f7f6ea816151",
        "polda": "Polda Bali",
        "polres": "POLRESTA DENPASAR",
        "fungsi_jalan": "ARTERI",
        "category": "DALAM KOTA",
        "in_out": null,
        "ket_in_out": null,
        "_region": "bali",
        "Satwil": "Polda Bali"
      }
    },
    {
      "type": "Feature",
      "geometry": {
        "type": "Point",
        "coordinates": [
          115.217769,
          -8.667705
        ]
      },
      "properties": {
        "rowid": 153,
        "nama_cctv": "CTV71 DSHB DPS SP YOS SUDARSO BARAT",
        "polda_id": "17",
        "polres_id": "271",
        "status": "hidup",
        "ctdby": "4000ORGANIK",
        "ctddate": "2023-10-26T16:00:00.000Z",
        "ctdtime": "23:59:00",
        "rtsp_cctv": "rtsp://satansheir:letyur13@172.16.80.14:554/cam/realmonitor?channel=71&subtype=1",
        "channel_code": null,
        "ctdupd": null,
        "instansi": "dishub",
        "jenis_cctv": "ANALYTIC",
        "nama_jalan_s": "Yos Sudarso",
        "channel_id": "1000043$1$0$70",
        "cctv_in": "N",
        "cctv_out": "N",
        "masuk_kab": "N",
        "keluar_kab": "N",
        "keterangan": "checkpoint",
        "fungsi_jalan_cctv_id": 6,
        "masuk_prov": "N",
        "keluar_prov": "N",
        "is_active": 1,
        "channel_id_event": "1000036$1$0$44",
        "hls_cctv": "https://stream.elingbali.com:5051/live_cctv/153/playlist.m3u8",
        "cctv_category_id": 5,
        "kecamatan": "Denpasar Barat",
        "kota": null,
        "nama_objek_vital": null,
        "channel_id_enforcement": null,
        "cctv_id": "ab2304db-ddd4-468a-baae-47e2adc97479",
        "polda": "Polda Bali",
        "polres": "POLRESTA DENPASAR",
        "fungsi_jalan": "ARTERI",
        "category": "DALAM KOTA",
        "in_out": null,
        "ket_in_out": null,
        "_region": "bali",
        "Satwil": "Polda Bali"
      }
    },
    {
      "type": "Feature",
      "geometry": {
        "type": "Point",
        "coordinates": [
          115.217804,
          -8.667727
        ]
      },
      "properties": {
        "rowid": 152,
        "nama_cctv": "CTV70 DSHB DPS SP YOS SUDARSO",
        "polda_id": "17",
        "polres_id": "271",
        "status": "hidup",
        "ctdby": "4000ORGANIK",
        "ctddate": "2023-10-26T16:00:00.000Z",
        "ctdtime": "23:59:00",
        "rtsp_cctv": "rtsp://satansheir:letyur13@172.16.80.14/cam/realmonitor?channel=70&subtype=1",
        "channel_code": null,
        "ctdupd": null,
        "instansi": "dishub",
        "jenis_cctv": "ANALYTIC",
        "nama_jalan_s": "Simpang Sudirman",
        "channel_id": "1000043$1$0$69",
        "cctv_in": "N",
        "cctv_out": "N",
        "masuk_kab": "N",
        "keluar_kab": "N",
        "keterangan": "checkpoint",
        "fungsi_jalan_cctv_id": 6,
        "masuk_prov": "N",
        "keluar_prov": "N",
        "is_active": 1,
        "channel_id_event": null,
        "hls_cctv": "https://stream.elingbali.com:5051/live_cctv/152/playlist.m3u8",
        "cctv_category_id": 5,
        "kecamatan": "Denpasar Barat",
        "kota": null,
        "nama_objek_vital": null,
        "channel_id_enforcement": null,
        "cctv_id": "c2074767-0cfd-4509-9658-40cf20903ab0",
        "polda": "Polda Bali",
        "polres": "POLRESTA DENPASAR",
        "fungsi_jalan": "ARTERI",
        "category": "DALAM KOTA",
        "in_out": null,
        "ket_in_out": null,
        "_region": "bali",
        "Satwil": "Polda Bali"
      }
    },
    {
      "type": "Feature",
      "geometry": {
        "type": "Point",
        "coordinates": [
          115.223078,
          -8.635323
        ]
      },
      "properties": {
        "rowid": 151,
        "nama_cctv": "CTV69 DSHB DPS SP NANGKA UTARA",
        "polda_id": "17",
        "polres_id": "271",
        "status": "hidup",
        "ctdby": "4000ORGANIK",
        "ctddate": "2023-10-26T16:00:00.000Z",
        "ctdtime": "23:59:00",
        "rtsp_cctv": "rtsp://satansheir:letyur13@172.16.80.14:554/cam/realmonitor?channel=69&subtype=1",
        "channel_code": null,
        "ctdupd": null,
        "instansi": "dishub",
        "jenis_cctv": "ANALYTIC",
        "nama_jalan_s": "Gatot Subroto Tengah No.1",
        "channel_id": "1000043$1$0$68",
        "cctv_in": "N",
        "cctv_out": "N",
        "masuk_kab": "N",
        "keluar_kab": "N",
        "keterangan": "checkpoint",
        "fungsi_jalan_cctv_id": 6,
        "masuk_prov": "N",
        "keluar_prov": "N",
        "is_active": 1,
        "channel_id_event": "1000036$1$0$28",
        "hls_cctv": "https://stream.elingbali.com:5051/live_cctv/151/playlist.m3u8",
        "cctv_category_id": 5,
        "kecamatan": "Denpasar Utara",
        "kota": null,
        "nama_objek_vital": null,
        "channel_id_enforcement": null,
        "cctv_id": "fdb58a11-a133-421a-9210-04695059932a",
        "polda": "Polda Bali",
        "polres": "POLRESTA DENPASAR",
        "fungsi_jalan": "ARTERI",
        "category": "DALAM KOTA",
        "in_out": null,
        "ket_in_out": null,
        "_region": "bali",
        "Satwil": "Polda Bali"
      }
    },
    {
      "type": "Feature",
      "geometry": {
        "type": "Point",
        "coordinates": [
          115.2227239,
          -8.6356524
        ]
      },
      "properties": {
        "rowid": 150,
        "nama_cctv": "CTV68 DSHB DPS SP NANGKA BARAT",
        "polda_id": "17",
        "polres_id": "271",
        "status": "hidup",
        "ctdby": "4000ORGANIK",
        "ctddate": "2023-10-26T16:00:00.000Z",
        "ctdtime": "23:59:00",
        "rtsp_cctv": "rtsp://satansheir:letyur13@172.16.80.14:554/cam/realmonitor?channel=68&subtype=1",
        "channel_code": null,
        "ctdupd": null,
        "instansi": "dishub",
        "jenis_cctv": "ANALYTIC",
        "nama_jalan_s": "Gatot Subroto Tengah",
        "channel_id": "1000043$1$0$67",
        "cctv_in": "N",
        "cctv_out": "N",
        "masuk_kab": "N",
        "keluar_kab": "N",
        "keterangan": "checkpoint",
        "fungsi_jalan_cctv_id": 6,
        "masuk_prov": "N",
        "keluar_prov": "N",
        "is_active": 1,
        "channel_id_event": "1000036$1$0$31",
        "hls_cctv": "https://stream.elingbali.com:5051/live_cctv/150/playlist.m3u8",
        "cctv_category_id": 5,
        "kecamatan": "Denpasar Utara",
        "kota": null,
        "nama_objek_vital": null,
        "channel_id_enforcement": null,
        "cctv_id": "73fb0432-8807-41f4-ac06-967216c009ad",
        "polda": "Polda Bali",
        "polres": "POLRESTA DENPASAR",
        "fungsi_jalan": "ARTERI",
        "category": "DALAM KOTA",
        "in_out": null,
        "ket_in_out": null,
        "_region": "bali",
        "Satwil": "Polda Bali"
      }
    },
    {
      "type": "Feature",
      "geometry": {
        "type": "Point",
        "coordinates": [
          115.210907,
          -8.637785
        ]
      },
      "properties": {
        "rowid": 149,
        "nama_cctv": "CTV67 DSHB DPS SP AHMAD YANI TIMUR",
        "polda_id": "17",
        "polres_id": "271",
        "status": "hidup",
        "ctdby": "4000ORGANIK",
        "ctddate": "2023-10-26T16:00:00.000Z",
        "ctdtime": "23:59:00",
        "rtsp_cctv": "rtsp://satansheir:letyur13@172.16.80.14/cam/realmonitor?channel=67&subtype=1",
        "channel_code": null,
        "ctdupd": null,
        "instansi": "dishub",
        "jenis_cctv": "ANALYTIC",
        "nama_jalan_s": "Gatot Subroto Tengah",
        "channel_id": "1000043$1$0$66",
        "cctv_in": "N",
        "cctv_out": "N",
        "masuk_kab": "N",
        "keluar_kab": "N",
        "keterangan": "checkpoint",
        "fungsi_jalan_cctv_id": 6,
        "masuk_prov": "N",
        "keluar_prov": "N",
        "is_active": 1,
        "channel_id_event": null,
        "hls_cctv": "https://stream.elingbali.com:5051/live_cctv/149/playlist.m3u8",
        "cctv_category_id": 5,
        "kecamatan": "Denpasar Utara",
        "kota": null,
        "nama_objek_vital": null,
        "channel_id_enforcement": null,
        "cctv_id": "9ee4e137-c670-480b-ba85-f9f8c07edf39",
        "polda": "Polda Bali",
        "polres": "POLRESTA DENPASAR",
        "fungsi_jalan": "ARTERI",
        "category": "DALAM KOTA",
        "in_out": null,
        "ket_in_out": null,
        "_region": "bali",
        "Satwil": "Polda Bali"
      }
    },
    {
      "type": "Feature",
      "geometry": {
        "type": "Point",
        "coordinates": [
          115.210855,
          -8.637775
        ]
      },
      "properties": {
        "rowid": 148,
        "nama_cctv": "CTV66 DSHB DPS SP AHMAD YANI UTARA",
        "polda_id": "17",
        "polres_id": "271",
        "status": "mati",
        "ctdby": "4000ORGANIK",
        "ctddate": "2023-10-26T16:00:00.000Z",
        "ctdtime": "23:59:00",
        "rtsp_cctv": "rtsp://satansheir:letyur13@172.16.80.14:554/cam/realmonitor?channel=66&subtype=1",
        "channel_code": null,
        "ctdupd": null,
        "instansi": "dishub",
        "jenis_cctv": "ANALYTIC",
        "nama_jalan_s": "Ahmad Yani Utara",
        "channel_id": "1000043$1$0$65",
        "cctv_in": "N",
        "cctv_out": "N",
        "masuk_kab": "N",
        "keluar_kab": "N",
        "keterangan": "checkpoint",
        "fungsi_jalan_cctv_id": 6,
        "masuk_prov": "N",
        "keluar_prov": "N",
        "is_active": 1,
        "channel_id_event": "1000036$1$0$27",
        "hls_cctv": "https://stream.elingbali.com:5051/live_cctv/148/playlist.m3u8",
        "cctv_category_id": 5,
        "kecamatan": "Denpasar Utara",
        "kota": null,
        "nama_objek_vital": null,
        "channel_id_enforcement": null,
        "cctv_id": "d2189d42-6336-4877-b4de-d5cb382d1279",
        "polda": "Polda Bali",
        "polres": "POLRESTA DENPASAR",
        "fungsi_jalan": "ARTERI",
        "category": "DALAM KOTA",
        "in_out": null,
        "ket_in_out": null,
        "_region": "bali",
        "Satwil": "Polda Bali"
      }
    },
    {
      "type": "Feature",
      "geometry": {
        "type": "Point",
        "coordinates": [
          115.210817,
          -8.637799
        ]
      },
      "properties": {
        "rowid": 147,
        "nama_cctv": "CTV65 DSHB DPS SP AHMAD YANI BARAT",
        "polda_id": "17",
        "polres_id": "271",
        "status": "mati",
        "ctdby": "4000ORGANIK",
        "ctddate": "2023-10-26T16:00:00.000Z",
        "ctdtime": "23:59:00",
        "rtsp_cctv": "rtsp://satansheir:letyur13@172.16.80.14:554/cam/realmonitor?channel=65&subtype=1",
        "channel_code": null,
        "ctdupd": null,
        "instansi": "dishub",
        "jenis_cctv": "ANALYTIC",
        "nama_jalan_s": "Gatot Subroto Tengah",
        "channel_id": "1000043$1$0$64",
        "cctv_in": "N",
        "cctv_out": "N",
        "masuk_kab": "N",
        "keluar_kab": "N",
        "keterangan": "checkpoint",
        "fungsi_jalan_cctv_id": 6,
        "masuk_prov": "N",
        "keluar_prov": "N",
        "is_active": 1,
        "channel_id_event": "1000036$1$0$38",
        "hls_cctv": "https://stream.elingbali.com:5051/live_cctv/147/playlist.m3u8",
        "cctv_category_id": 5,
        "kecamatan": "Denpasar Utara",
        "kota": null,
        "nama_objek_vital": null,
        "channel_id_enforcement": null,
        "cctv_id": "51784bc7-43d8-4f65-855b-33446ee6ca21",
        "polda": "Polda Bali",
        "polres": "POLRESTA DENPASAR",
        "fungsi_jalan": "ARTERI",
        "category": "DALAM KOTA",
        "in_out": null,
        "ket_in_out": null,
        "_region": "bali",
        "Satwil": "Polda Bali"
      }
    },
    {
      "type": "Feature",
      "geometry": {
        "type": "Point",
        "coordinates": [
          115.202475,
          -8.638834
        ]
      },
      "properties": {
        "rowid": 146,
        "nama_cctv": "CTV64 DSHB DPS SP PIDADA",
        "polda_id": "17",
        "polres_id": "271",
        "status": "hidup",
        "ctdby": "4000ORGANIK",
        "ctddate": "2023-10-26T16:00:00.000Z",
        "ctdtime": "23:59:00",
        "rtsp_cctv": "rtsp://satansheir:letyur13@172.16.80.14/cam/realmonitor?channel=64&subtype=1",
        "channel_code": null,
        "ctdupd": null,
        "instansi": "dishub",
        "jenis_cctv": "ANALYTIC",
        "nama_jalan_s": "Simpang Pidada",
        "channel_id": "1000043$1$0$63",
        "cctv_in": "N",
        "cctv_out": "N",
        "masuk_kab": "N",
        "keluar_kab": "N",
        "keterangan": "checkpoint",
        "fungsi_jalan_cctv_id": 6,
        "masuk_prov": "N",
        "keluar_prov": "N",
        "is_active": 1,
        "channel_id_event": null,
        "hls_cctv": "https://stream.elingbali.com:5051/live_cctv/146/playlist.m3u8",
        "cctv_category_id": 5,
        "kecamatan": "Denpasar Utara",
        "kota": null,
        "nama_objek_vital": null,
        "channel_id_enforcement": null,
        "cctv_id": "23914205-8597-4a8d-b1cd-58f7aaca43e5",
        "polda": "Polda Bali",
        "polres": "POLRESTA DENPASAR",
        "fungsi_jalan": "ARTERI",
        "category": "DALAM KOTA",
        "in_out": null,
        "ket_in_out": null,
        "_region": "bali",
        "Satwil": "Polda Bali"
      }
    },
    {
      "type": "Feature",
      "geometry": {
        "type": "Point",
        "coordinates": [
          115.196664,
          -8.636916
        ]
      },
      "properties": {
        "rowid": 145,
        "nama_cctv": "CTV63 DSHB DPS SP KARGO DENPASAR",
        "polda_id": "17",
        "polres_id": "271",
        "status": "mati",
        "ctdby": "4000ORGANIK",
        "ctddate": "2023-10-26T16:00:00.000Z",
        "ctdtime": "23:59:00",
        "rtsp_cctv": "rtsp://satansheir:letyur13@172.16.80.14/cam/realmonitor?channel=63&subtype=1",
        "channel_code": null,
        "ctdupd": null,
        "instansi": "dishub",
        "jenis_cctv": "ANALYTIC",
        "nama_jalan_s": "Simpang Kargo",
        "channel_id": "1000043$1$0$62",
        "cctv_in": "N",
        "cctv_out": "N",
        "masuk_kab": "N",
        "keluar_kab": "N",
        "keterangan": "checkpoint",
        "fungsi_jalan_cctv_id": 6,
        "masuk_prov": "N",
        "keluar_prov": "N",
        "is_active": 1,
        "channel_id_event": null,
        "hls_cctv": "https://stream.elingbali.com:5051/live_cctv/145/playlist.m3u8",
        "cctv_category_id": 5,
        "kecamatan": "Denpasar Utara",
        "kota": null,
        "nama_objek_vital": null,
        "channel_id_enforcement": null,
        "cctv_id": "116ab9df-1e0d-4b6d-98e8-1ebc6f0dfcb6",
        "polda": "Polda Bali",
        "polres": "POLRESTA DENPASAR",
        "fungsi_jalan": "ARTERI",
        "category": "DALAM KOTA",
        "in_out": null,
        "ket_in_out": null,
        "_region": "bali",
        "Satwil": "Polda Bali"
      }
    },
    {
      "type": "Feature",
      "geometry": {
        "type": "Point",
        "coordinates": [
          115.185307,
          -8.636857
        ]
      },
      "properties": {
        "rowid": 144,
        "nama_cctv": "CTV62 DSHB DPS SP KEBO IWA SELATAN",
        "polda_id": "17",
        "polres_id": "271",
        "status": "hidup",
        "ctdby": "4000ORGANIK",
        "ctddate": "2023-10-26T16:00:00.000Z",
        "ctdtime": "23:59:00",
        "rtsp_cctv": "rtsp://satansheir:letyur13@172.16.80.14/cam/realmonitor?channel=62&subtype=1",
        "channel_code": null,
        "ctdupd": null,
        "instansi": "dishub",
        "jenis_cctv": "ANALYTIC",
        "nama_jalan_s": "Simpang Kebo Iwa",
        "channel_id": "1000043$1$0$61",
        "cctv_in": "N",
        "cctv_out": "N",
        "masuk_kab": "N",
        "keluar_kab": "N",
        "keterangan": "checkpoint",
        "fungsi_jalan_cctv_id": 6,
        "masuk_prov": "N",
        "keluar_prov": "N",
        "is_active": 1,
        "channel_id_event": null,
        "hls_cctv": "https://stream.elingbali.com:5051/live_cctv/144/playlist.m3u8",
        "cctv_category_id": 5,
        "kecamatan": "Denpasar Barat",
        "kota": null,
        "nama_objek_vital": null,
        "channel_id_enforcement": null,
        "cctv_id": "2ee56508-ced0-483b-a81d-95bff43f5b5c",
        "polda": "Polda Bali",
        "polres": "POLRESTA DENPASAR",
        "fungsi_jalan": "ARTERI",
        "category": "DALAM KOTA",
        "in_out": null,
        "ket_in_out": null,
        "_region": "bali",
        "Satwil": "Polda Bali"
      }
    },
    {
      "type": "Feature",
      "geometry": {
        "type": "Point",
        "coordinates": [
          115.185134,
          -8.636661
        ]
      },
      "properties": {
        "rowid": 143,
        "nama_cctv": "CTV61 DSHB DPS SP KEBO IWA",
        "polda_id": "17",
        "polres_id": "271",
        "status": "hidup",
        "ctdby": "4000ORGANIK",
        "ctddate": "2023-10-26T16:00:00.000Z",
        "ctdtime": "23:59:00",
        "rtsp_cctv": "rtsp://satansheir:letyur13@172.16.80.14/cam/realmonitor?channel=61&subtype=1",
        "channel_code": null,
        "ctdupd": null,
        "instansi": "dishub",
        "jenis_cctv": "ANALYTIC",
        "nama_jalan_s": "Gatot Subroto Barat",
        "channel_id": "1000043$1$0$60",
        "cctv_in": "N",
        "cctv_out": "N",
        "masuk_kab": "N",
        "keluar_kab": "N",
        "keterangan": "checkpoint",
        "fungsi_jalan_cctv_id": 6,
        "masuk_prov": "N",
        "keluar_prov": "N",
        "is_active": 1,
        "channel_id_event": null,
        "hls_cctv": "https://stream.elingbali.com:5051/live_cctv/143/playlist.m3u8",
        "cctv_category_id": 5,
        "kecamatan": "Denpasar Barat",
        "kota": null,
        "nama_objek_vital": null,
        "channel_id_enforcement": null,
        "cctv_id": "e15da129-0cd4-4560-9a1c-de0cec75c682",
        "polda": "Polda Bali",
        "polres": "POLRESTA DENPASAR",
        "fungsi_jalan": "ARTERI",
        "category": "DALAM KOTA",
        "in_out": null,
        "ket_in_out": null,
        "_region": "bali",
        "Satwil": "Polda Bali"
      }
    },
    {
      "type": "Feature",
      "geometry": {
        "type": "Point",
        "coordinates": [
          115.185199,
          -8.636758
        ]
      },
      "properties": {
        "rowid": 142,
        "nama_cctv": "CTV60 DSHB DPS SP KEBO IWA",
        "polda_id": "17",
        "polres_id": "271",
        "status": "hidup",
        "ctdby": "4000ORGANIK",
        "ctddate": "2023-10-26T16:00:00.000Z",
        "ctdtime": "23:59:00",
        "rtsp_cctv": "rtsp://satansheir:letyur13@172.16.80.14/cam/realmonitor?channel=60&subtype=1",
        "channel_code": null,
        "ctdupd": null,
        "instansi": "dishub",
        "jenis_cctv": "ANALYTIC",
        "nama_jalan_s": "Kebo Iwa Selatan",
        "channel_id": "1000043$1$0$59",
        "cctv_in": "N",
        "cctv_out": "N",
        "masuk_kab": "N",
        "keluar_kab": "N",
        "keterangan": "checkpoint",
        "fungsi_jalan_cctv_id": 6,
        "masuk_prov": "N",
        "keluar_prov": "N",
        "is_active": 1,
        "channel_id_event": null,
        "hls_cctv": "https://stream.elingbali.com:5051/live_cctv/142/playlist.m3u8",
        "cctv_category_id": 5,
        "kecamatan": "Denpasar Barat",
        "kota": null,
        "nama_objek_vital": null,
        "channel_id_enforcement": null,
        "cctv_id": "caea2bb0-256a-4032-bf47-b96ef8ee4d09",
        "polda": "Polda Bali",
        "polres": "POLRESTA DENPASAR",
        "fungsi_jalan": "ARTERI",
        "category": "DALAM KOTA",
        "in_out": null,
        "ket_in_out": null,
        "_region": "bali",
        "Satwil": "Polda Bali"
      }
    },
    {
      "type": "Feature",
      "geometry": {
        "type": "Point",
        "coordinates": [
          115.208584,
          -8.654448
        ]
      },
      "properties": {
        "rowid": 141,
        "nama_cctv": "CTV59 DSHB DPS SP GUNUNG AGUNG",
        "polda_id": "17",
        "polres_id": "271",
        "status": "hidup",
        "ctdby": "4000ORGANIK",
        "ctddate": "2023-10-26T16:00:00.000Z",
        "ctdtime": "23:59:00",
        "rtsp_cctv": "rtsp://satansheir:letyur13@172.16.80.14/cam/realmonitor?channel=59&subtype=1",
        "channel_code": null,
        "ctdupd": null,
        "instansi": "dishub",
        "jenis_cctv": "ANALYTIC",
        "nama_jalan_s": "Simpang Gunung Agung",
        "channel_id": "1000043$1$0$58",
        "cctv_in": "N",
        "cctv_out": "N",
        "masuk_kab": "N",
        "keluar_kab": "N",
        "keterangan": "checkpoint",
        "fungsi_jalan_cctv_id": 6,
        "masuk_prov": "N",
        "keluar_prov": "N",
        "is_active": 1,
        "channel_id_event": null,
        "hls_cctv": "https://stream.elingbali.com:5051/live_cctv/141/playlist.m3u8",
        "cctv_category_id": 5,
        "kecamatan": "Denpasar Barat",
        "kota": null,
        "nama_objek_vital": null,
        "channel_id_enforcement": null,
        "cctv_id": "143c9bd9-8ea4-4aa8-b560-8db7e4f84f8a",
        "polda": "Polda Bali",
        "polres": "POLRESTA DENPASAR",
        "fungsi_jalan": "ARTERI",
        "category": "DALAM KOTA",
        "in_out": null,
        "ket_in_out": null,
        "_region": "bali",
        "Satwil": "Polda Bali"
      }
    },
    {
      "type": "Feature",
      "geometry": {
        "type": "Point",
        "coordinates": [
          115.209294,
          -8.644505
        ]
      },
      "properties": {
        "rowid": 140,
        "nama_cctv": "CTV58 DSHB DPS SP BALUN UTARA",
        "polda_id": "17",
        "polres_id": "271",
        "status": "mati",
        "ctdby": "4000ORGANIK",
        "ctddate": "2023-10-26T16:00:00.000Z",
        "ctdtime": "23:59:00",
        "rtsp_cctv": "rtsp://satansheir:letyur13@172.16.80.14:554/cam/realmonitor?channel=58&subtype=1",
        "channel_code": null,
        "ctdupd": null,
        "instansi": "dishub",
        "jenis_cctv": "ANALYTIC",
        "nama_jalan_s": "Cokroaminoto No.27B",
        "channel_id": "1000043$1$0$57",
        "cctv_in": "N",
        "cctv_out": "N",
        "masuk_kab": "N",
        "keluar_kab": "N",
        "keterangan": "checkpoint",
        "fungsi_jalan_cctv_id": 6,
        "masuk_prov": "N",
        "keluar_prov": "N",
        "is_active": 1,
        "channel_id_event": "1000036$1$0$40",
        "hls_cctv": "https://stream.elingbali.com:5051/live_cctv/140/playlist.m3u8",
        "cctv_category_id": 5,
        "kecamatan": "Denpasar Utara",
        "kota": null,
        "nama_objek_vital": null,
        "channel_id_enforcement": null,
        "cctv_id": "714eb031-4a0e-4c7b-8221-6e80c1f29ee4",
        "polda": "Polda Bali",
        "polres": "POLRESTA DENPASAR",
        "fungsi_jalan": "ARTERI",
        "category": "DALAM KOTA",
        "in_out": null,
        "ket_in_out": null,
        "_region": "bali",
        "Satwil": "Polda Bali"
      }
    },
    {
      "type": "Feature",
      "geometry": {
        "type": "Point",
        "coordinates": [
          115.209353,
          -8.644544
        ]
      },
      "properties": {
        "rowid": 139,
        "nama_cctv": "CTV57 DSHB DPS SP BALUN TIMUR",
        "polda_id": "17",
        "polres_id": "271",
        "status": "mati",
        "ctdby": "4000ORGANIK",
        "ctddate": "2023-10-26T16:00:00.000Z",
        "ctdtime": "23:59:00",
        "rtsp_cctv": "rtsp://satansheir:letyur13@172.16.80.14:554/cam/realmonitor?channel=57&subtype=1",
        "channel_code": null,
        "ctdupd": null,
        "instansi": "dishub",
        "jenis_cctv": "ANALYTIC",
        "nama_jalan_s": "Maruti 20",
        "channel_id": "1000043$1$0$56",
        "cctv_in": "N",
        "cctv_out": "N",
        "masuk_kab": "N",
        "keluar_kab": "N",
        "keterangan": "checkpoint",
        "fungsi_jalan_cctv_id": 6,
        "masuk_prov": "N",
        "keluar_prov": "N",
        "is_active": 1,
        "channel_id_event": "1000036$1$0$41",
        "hls_cctv": "https://stream.elingbali.com:5051/live_cctv/139/playlist.m3u8",
        "cctv_category_id": 5,
        "kecamatan": "Denpasar Utara",
        "kota": null,
        "nama_objek_vital": null,
        "channel_id_enforcement": null,
        "cctv_id": "994194fe-fd6b-4927-b981-6f30e7bcd34e",
        "polda": "Polda Bali",
        "polres": "POLRESTA DENPASAR",
        "fungsi_jalan": "ARTERI",
        "category": "DALAM KOTA",
        "in_out": null,
        "ket_in_out": null,
        "_region": "bali",
        "Satwil": "Polda Bali"
      }
    },
    {
      "type": "Feature",
      "geometry": {
        "type": "Point",
        "coordinates": [
          115.209286,
          -8.644627
        ]
      },
      "properties": {
        "rowid": 138,
        "nama_cctv": "CTV56 DSHB DPS SP BALUN SELATAN",
        "polda_id": "17",
        "polres_id": "271",
        "status": "mati",
        "ctdby": "4000ORGANIK",
        "ctddate": "2023-10-26T16:00:00.000Z",
        "ctdtime": "23:59:00",
        "rtsp_cctv": "rtsp://satansheir:letyur13@172.16.80.14:554/cam/realmonitor?channel=56&subtype=1",
        "channel_code": null,
        "ctdupd": null,
        "instansi": "dishub",
        "jenis_cctv": "ANALYTIC",
        "nama_jalan_s": "Cokroaminoto No.180",
        "channel_id": "1000043$1$0$55",
        "cctv_in": "N",
        "cctv_out": "N",
        "masuk_kab": "N",
        "keluar_kab": "N",
        "keterangan": "checkpoint",
        "fungsi_jalan_cctv_id": 6,
        "masuk_prov": "N",
        "keluar_prov": "N",
        "is_active": 1,
        "channel_id_event": "1000036$1$0$18",
        "hls_cctv": "https://stream.elingbali.com:5051/live_cctv/138/playlist.m3u8",
        "cctv_category_id": 5,
        "kecamatan": "Denpasar Utara",
        "kota": null,
        "nama_objek_vital": null,
        "channel_id_enforcement": null,
        "cctv_id": "8f104b50-f698-43d8-a4ba-04db68c01be5",
        "polda": "Polda Bali",
        "polres": "POLRESTA DENPASAR",
        "fungsi_jalan": "ARTERI",
        "category": "DALAM KOTA",
        "in_out": null,
        "ket_in_out": null,
        "_region": "bali",
        "Satwil": "Polda Bali"
      }
    },
    {
      "type": "Feature",
      "geometry": {
        "type": "Point",
        "coordinates": [
          115.209286,
          -8.644627
        ]
      },
      "properties": {
        "rowid": 137,
        "nama_cctv": "CTV55 DSHB DPS SP BALUN HOTEL HARRIS",
        "polda_id": "17",
        "polres_id": "271",
        "status": "mati",
        "ctdby": "4000ORGANIK",
        "ctddate": "2023-10-26T16:00:00.000Z",
        "ctdtime": "23:59:00",
        "rtsp_cctv": "rtsp://satansheir:letyur13@172.16.80.14/cam/realmonitor?channel=55&subtype=1",
        "channel_code": null,
        "ctdupd": null,
        "instansi": "dishub",
        "jenis_cctv": "ANALYTIC",
        "nama_jalan_s": "Simpang Balun",
        "channel_id": "1000043$1$0$54",
        "cctv_in": "N",
        "cctv_out": "N",
        "masuk_kab": "N",
        "keluar_kab": "N",
        "keterangan": "checkpoint",
        "fungsi_jalan_cctv_id": 6,
        "masuk_prov": "N",
        "keluar_prov": "N",
        "is_active": 1,
        "channel_id_event": null,
        "hls_cctv": "https://stream.elingbali.com:5051/live_cctv/137/playlist.m3u8",
        "cctv_category_id": 5,
        "kecamatan": "Denpasar Utara",
        "kota": null,
        "nama_objek_vital": null,
        "channel_id_enforcement": null,
        "cctv_id": "0a227f04-8f7f-4374-bac4-7032cea98076",
        "polda": "Polda Bali",
        "polres": "POLRESTA DENPASAR",
        "fungsi_jalan": "ARTERI",
        "category": "DALAM KOTA",
        "in_out": null,
        "ket_in_out": null,
        "_region": "bali",
        "Satwil": "Polda Bali"
      }
    },
    {
      "type": "Feature",
      "geometry": {
        "type": "Point",
        "coordinates": [
          115.194978,
          -8.617011
        ]
      },
      "properties": {
        "rowid": 136,
        "nama_cctv": "CTV54 DSHB DPS SP GALUNGGUNG UTARA",
        "polda_id": "17",
        "polres_id": "271",
        "status": "hidup",
        "ctdby": "4000ORGANIK",
        "ctddate": "2023-10-26T16:00:00.000Z",
        "ctdtime": "23:59:00",
        "rtsp_cctv": "rtsp://satansheir:letyur13@172.16.80.14:554/cam/realmonitor?channel=54&subtype=1",
        "channel_code": null,
        "ctdupd": null,
        "instansi": "dishub",
        "jenis_cctv": "ANALYTIC",
        "nama_jalan_s": "Cokroaminoto",
        "channel_id": "1000043$1$0$53",
        "cctv_in": "N",
        "cctv_out": "N",
        "masuk_kab": "N",
        "keluar_kab": "N",
        "keterangan": "checkpoint",
        "fungsi_jalan_cctv_id": 6,
        "masuk_prov": "N",
        "keluar_prov": "N",
        "is_active": 1,
        "channel_id_event": "1000036$1$0$6",
        "hls_cctv": "https://stream.elingbali.com:5051/live_cctv/136/playlist.m3u8",
        "cctv_category_id": 5,
        "kecamatan": "Denpasar Utara",
        "kota": null,
        "nama_objek_vital": null,
        "channel_id_enforcement": null,
        "cctv_id": "1d1df5d9-2c75-4be2-9a2d-ea8bddc2208d",
        "polda": "Polda Bali",
        "polres": "POLRESTA DENPASAR",
        "fungsi_jalan": "ARTERI",
        "category": "DALAM KOTA",
        "in_out": null,
        "ket_in_out": null,
        "_region": "bali",
        "Satwil": "Polda Bali"
      }
    },
    {
      "type": "Feature",
      "geometry": {
        "type": "Point",
        "coordinates": [
          115.194932,
          -8.617058
        ]
      },
      "properties": {
        "rowid": 135,
        "nama_cctv": "CTV53 DSHB DPS SP GALUNGGUNG BARAT",
        "polda_id": "17",
        "polres_id": "271",
        "status": "mati",
        "ctdby": "4000ORGANIK",
        "ctddate": "2023-10-26T16:00:00.000Z",
        "ctdtime": "23:59:00",
        "rtsp_cctv": "rtsp://satansheir:letyur13@172.16.80.14:554/cam/realmonitor?channel=53&subtype=1",
        "channel_code": null,
        "ctdupd": null,
        "instansi": "dishub",
        "jenis_cctv": "ANALYTIC",
        "nama_jalan_s": "Gunung Galunggung",
        "channel_id": "1000043$1$0$52",
        "cctv_in": "N",
        "cctv_out": "N",
        "masuk_kab": "N",
        "keluar_kab": "N",
        "keterangan": "checkpoint",
        "fungsi_jalan_cctv_id": 6,
        "masuk_prov": "N",
        "keluar_prov": "N",
        "is_active": 1,
        "channel_id_event": "1000036$1$0$26",
        "hls_cctv": "https://stream.elingbali.com:5051/live_cctv/135/playlist.m3u8",
        "cctv_category_id": 5,
        "kecamatan": "Denpasar Utara",
        "kota": null,
        "nama_objek_vital": null,
        "channel_id_enforcement": null,
        "cctv_id": "84eef07a-e123-446f-bb62-90fce56ac583",
        "polda": "Polda Bali",
        "polres": "POLRESTA DENPASAR",
        "fungsi_jalan": "ARTERI",
        "category": "DALAM KOTA",
        "in_out": null,
        "ket_in_out": null,
        "_region": "bali",
        "Satwil": "Polda Bali"
      }
    },
    {
      "type": "Feature",
      "geometry": {
        "type": "Point",
        "coordinates": [
          115.1951678,
          -8.6172573
        ]
      },
      "properties": {
        "rowid": 134,
        "nama_cctv": "CTV52 DSHB DPS SP G.GALUNGGUNG SELATAN",
        "polda_id": "17",
        "polres_id": "271",
        "status": "hidup",
        "ctdby": "4000ORGANIK",
        "ctddate": "2023-10-26T16:00:00.000Z",
        "ctdtime": "23:59:00",
        "rtsp_cctv": "rtsp://satansheir:letyur13@172.16.80.14:554/cam/realmonitor?channel=52&subtype=1",
        "channel_code": null,
        "ctdupd": null,
        "instansi": "dishub",
        "jenis_cctv": "ANALYTIC",
        "nama_jalan_s": "Raya Denpasar - Gilimanuk 420-418",
        "channel_id": "1000043$1$0$51",
        "cctv_in": "N",
        "cctv_out": "N",
        "masuk_kab": "N",
        "keluar_kab": "N",
        "keterangan": "checkpoint",
        "fungsi_jalan_cctv_id": 6,
        "masuk_prov": "N",
        "keluar_prov": "N",
        "is_active": 1,
        "channel_id_event": "1000036$1$0$24",
        "hls_cctv": "https://stream.elingbali.com:5051/live_cctv/134/playlist.m3u8",
        "cctv_category_id": 5,
        "kecamatan": "Denpasar Utara",
        "kota": null,
        "nama_objek_vital": null,
        "channel_id_enforcement": null,
        "cctv_id": "335ce3a2-af13-4b58-9ac1-b7c9171d08ce",
        "polda": "Polda Bali",
        "polres": "POLRESTA DENPASAR",
        "fungsi_jalan": "ARTERI",
        "category": "DALAM KOTA",
        "in_out": null,
        "ket_in_out": null,
        "_region": "bali",
        "Satwil": "Polda Bali"
      }
    },
    {
      "type": "Feature",
      "geometry": {
        "type": "Point",
        "coordinates": [
          115.194978,
          -8.617011
        ]
      },
      "properties": {
        "rowid": 133,
        "nama_cctv": "CTV51 DSHB DPS SP G.GALUNGGUNG",
        "polda_id": "17",
        "polres_id": "271",
        "status": "hidup",
        "ctdby": "4000ORGANIK",
        "ctddate": "2023-10-26T16:00:00.000Z",
        "ctdtime": "23:59:00",
        "rtsp_cctv": "rtsp://satansheir:letyur13@172.16.80.14/cam/realmonitor?channel=51&subtype=1",
        "channel_code": null,
        "ctdupd": null,
        "instansi": "dishub",
        "jenis_cctv": "ANALYTIC",
        "nama_jalan_s": "Simpang Gunung Galunggung",
        "channel_id": "1000043$1$0$50",
        "cctv_in": "N",
        "cctv_out": "N",
        "masuk_kab": "N",
        "keluar_kab": "N",
        "keterangan": "checkpoint",
        "fungsi_jalan_cctv_id": 6,
        "masuk_prov": "N",
        "keluar_prov": "N",
        "is_active": 1,
        "channel_id_event": null,
        "hls_cctv": "https://stream.elingbali.com:5051/live_cctv/133/playlist.m3u8",
        "cctv_category_id": 5,
        "kecamatan": "Denpasar Utara",
        "kota": null,
        "nama_objek_vital": null,
        "channel_id_enforcement": null,
        "cctv_id": "618ebe37-a696-4371-80b7-8b4e164961bb",
        "polda": "Polda Bali",
        "polres": "POLRESTA DENPASAR",
        "fungsi_jalan": "ARTERI",
        "category": "DALAM KOTA",
        "in_out": null,
        "ket_in_out": null,
        "_region": "bali",
        "Satwil": "Polda Bali"
      }
    },
    {
      "type": "Feature",
      "geometry": {
        "type": "Point",
        "coordinates": [
          115.223018,
          -8.798355
        ]
      },
      "properties": {
        "rowid": 132,
        "nama_cctv": "CTV48 DSHB SIMPANG PRATAMA ITDC",
        "polda_id": "17",
        "polres_id": "271",
        "status": "hidup",
        "ctdby": "4000ORGANIK",
        "ctddate": "2023-10-26T16:00:00.000Z",
        "ctdtime": "23:59:00",
        "rtsp_cctv": "rtsp://satansheir:letyur13@172.16.80.14/cam/realmonitor?channel=48&subtype=1",
        "channel_code": null,
        "ctdupd": null,
        "instansi": "dishub",
        "jenis_cctv": "ANALYTIC",
        "nama_jalan_s": "Simpang Pratama",
        "channel_id": "1000043$1$0$47",
        "cctv_in": "N",
        "cctv_out": "N",
        "masuk_kab": "N",
        "keluar_kab": "N",
        "keterangan": "checkpoint",
        "fungsi_jalan_cctv_id": 6,
        "masuk_prov": "N",
        "keluar_prov": "N",
        "is_active": 1,
        "channel_id_event": null,
        "hls_cctv": "https://stream.elingbali.com:5051/live_cctv/132/playlist.m3u8",
        "cctv_category_id": 5,
        "kecamatan": "Kuta Selatan",
        "kota": null,
        "nama_objek_vital": null,
        "channel_id_enforcement": null,
        "cctv_id": "c798c1cd-5fe7-442e-9532-d39a15fcb4f1",
        "polda": "Polda Bali",
        "polres": "POLRESTA DENPASAR",
        "fungsi_jalan": "ARTERI",
        "category": "DALAM KOTA",
        "in_out": null,
        "ket_in_out": null,
        "_region": "bali",
        "Satwil": "Polda Bali"
      }
    },
    {
      "type": "Feature",
      "geometry": {
        "type": "Point",
        "coordinates": [
          115.215672,
          -8.793328
        ]
      },
      "properties": {
        "rowid": 131,
        "nama_cctv": "CTV47 DSHB SIMPANG SILIGITA BENOA",
        "polda_id": "17",
        "polres_id": "271",
        "status": "hidup",
        "ctdby": "4000ORGANIK",
        "ctddate": "2023-10-26T16:00:00.000Z",
        "ctdtime": "23:59:00",
        "rtsp_cctv": "rtsp://satansheir:letyur13@172.16.80.14/cam/realmonitor?channel=47&subtype=1",
        "channel_code": null,
        "ctdupd": null,
        "instansi": "dishub",
        "jenis_cctv": "ANALYTIC",
        "nama_jalan_s": "Simpang Siligita",
        "channel_id": "1000043$1$0$46",
        "cctv_in": "N",
        "cctv_out": "N",
        "masuk_kab": "N",
        "keluar_kab": "N",
        "keterangan": "checkpoint",
        "fungsi_jalan_cctv_id": 6,
        "masuk_prov": "N",
        "keluar_prov": "N",
        "is_active": 1,
        "channel_id_event": null,
        "hls_cctv": "https://stream.elingbali.com:5051/live_cctv/131/playlist.m3u8",
        "cctv_category_id": 5,
        "kecamatan": "Kuta Selatan",
        "kota": null,
        "nama_objek_vital": null,
        "channel_id_enforcement": null,
        "cctv_id": "9f3d7594-8c20-4e75-b85a-849b7e52f4d3",
        "polda": "Polda Bali",
        "polres": "POLRESTA DENPASAR",
        "fungsi_jalan": "ARTERI",
        "category": "DALAM KOTA",
        "in_out": null,
        "ket_in_out": null,
        "_region": "bali",
        "Satwil": "Polda Bali"
      }
    },
    {
      "type": "Feature",
      "geometry": {
        "type": "Point",
        "coordinates": [
          115.21223,
          -8.790045
        ]
      },
      "properties": {
        "rowid": 130,
        "nama_cctv": "CTV46 DSHB SIMPANG PINTU TOL MANDARA NUSA DUA",
        "polda_id": "17",
        "polres_id": "271",
        "status": "hidup",
        "ctdby": "4000ORGANIK",
        "ctddate": "2023-10-26T16:00:00.000Z",
        "ctdtime": "23:59:00",
        "rtsp_cctv": "rtsp://satansheir:letyur13@172.16.80.14/cam/realmonitor?channel=46&subtype=1",
        "channel_code": null,
        "ctdupd": null,
        "instansi": "dishub",
        "jenis_cctv": "ANALYTIC",
        "nama_jalan_s": "Simpang Pintu Tol Nusa Dua",
        "channel_id": "1000043$1$0$45",
        "cctv_in": "N",
        "cctv_out": "N",
        "masuk_kab": "N",
        "keluar_kab": "N",
        "keterangan": "checkpoint",
        "fungsi_jalan_cctv_id": 6,
        "masuk_prov": "N",
        "keluar_prov": "N",
        "is_active": 1,
        "channel_id_event": null,
        "hls_cctv": "https://stream.elingbali.com:5051/live_cctv/130/playlist.m3u8",
        "cctv_category_id": 5,
        "kecamatan": "Kuta Selatan",
        "kota": null,
        "nama_objek_vital": null,
        "channel_id_enforcement": null,
        "cctv_id": "be35962f-3b7f-4c6c-ba5e-9b56c912265c",
        "polda": "Polda Bali",
        "polres": "POLRESTA DENPASAR",
        "fungsi_jalan": "ARTERI",
        "category": "DALAM KOTA",
        "in_out": null,
        "ket_in_out": null,
        "_region": "bali",
        "Satwil": "Polda Bali"
      }
    },
    {
      "type": "Feature",
      "geometry": {
        "type": "Point",
        "coordinates": [
          115.187658,
          -8.78396
        ]
      },
      "properties": {
        "rowid": 129,
        "nama_cctv": "CTV45 DSHB SIMPANG TAMAN GRIYA JIMBARAN",
        "polda_id": "17",
        "polres_id": "271",
        "status": "hidup",
        "ctdby": "4000ORGANIK",
        "ctddate": "2023-10-26T16:00:00.000Z",
        "ctdtime": "23:59:00",
        "rtsp_cctv": "rtsp://satansheir:letyur13@172.16.80.14/cam/realmonitor?channel=45&subtype=1",
        "channel_code": null,
        "ctdupd": null,
        "instansi": "dishub",
        "jenis_cctv": "ANALYTIC",
        "nama_jalan_s": "Simpang Taman Griya Jimbaran",
        "channel_id": "1000043$1$0$44",
        "cctv_in": "N",
        "cctv_out": "N",
        "masuk_kab": "N",
        "keluar_kab": "N",
        "keterangan": "checkpoint",
        "fungsi_jalan_cctv_id": 6,
        "masuk_prov": "N",
        "keluar_prov": "N",
        "is_active": 1,
        "channel_id_event": null,
        "hls_cctv": "https://stream.elingbali.com:5051/live_cctv/129/playlist.m3u8",
        "cctv_category_id": 5,
        "kecamatan": "Kuta Selatan",
        "kota": null,
        "nama_objek_vital": null,
        "channel_id_enforcement": null,
        "cctv_id": "774e7c78-afee-4ce0-aebb-7124b29eca6f",
        "polda": "Polda Bali",
        "polres": "POLRESTA DENPASAR",
        "fungsi_jalan": "ARTERI",
        "category": "DALAM KOTA",
        "in_out": null,
        "ket_in_out": null,
        "_region": "bali",
        "Satwil": "Polda Bali"
      }
    },
    {
      "type": "Feature",
      "geometry": {
        "type": "Point",
        "coordinates": [
          115.178596,
          -8.781509
        ]
      },
      "properties": {
        "rowid": 128,
        "nama_cctv": "CTV44 DSHB SIMPANG UNUD JIMBARAN",
        "polda_id": "17",
        "polres_id": "271",
        "status": "hidup",
        "ctdby": "4000ORGANIK",
        "ctddate": "2023-10-26T16:00:00.000Z",
        "ctdtime": "23:59:00",
        "rtsp_cctv": "rtsp://satansheir:letyur13@172.16.80.14/cam/realmonitor?channel=44&subtype=1",
        "channel_code": null,
        "ctdupd": null,
        "instansi": "dishub",
        "jenis_cctv": "ANALYTIC",
        "nama_jalan_s": "Simpang Kampus Jimbaran",
        "channel_id": "1000043$1$0$43",
        "cctv_in": "N",
        "cctv_out": "N",
        "masuk_kab": "N",
        "keluar_kab": "N",
        "keterangan": "checkpoint",
        "fungsi_jalan_cctv_id": 6,
        "masuk_prov": "N",
        "keluar_prov": "N",
        "is_active": 1,
        "channel_id_event": null,
        "hls_cctv": "https://stream.elingbali.com:5051/live_cctv/128/playlist.m3u8",
        "cctv_category_id": 5,
        "kecamatan": "Kuta Selatan",
        "kota": null,
        "nama_objek_vital": null,
        "channel_id_enforcement": null,
        "cctv_id": "0228f105-47c1-41fe-9e9d-6551b17e86ae",
        "polda": "Polda Bali",
        "polres": "POLRESTA DENPASAR",
        "fungsi_jalan": "ARTERI",
        "category": "DALAM KOTA",
        "in_out": null,
        "ket_in_out": null,
        "_region": "bali",
        "Satwil": "Polda Bali"
      }
    },
    {
      "type": "Feature",
      "geometry": {
        "type": "Point",
        "coordinates": [
          115.178767,
          -8.761114
        ]
      },
      "properties": {
        "rowid": 127,
        "nama_cctv": "CTV43 DSHB SIMPANG KEDONGANAN KUTA",
        "polda_id": "17",
        "polres_id": "271",
        "status": "hidup",
        "ctdby": "4000ORGANIK",
        "ctddate": "2023-10-26T16:00:00.000Z",
        "ctdtime": "23:59:00",
        "rtsp_cctv": "rtsp://satansheir:letyur13@172.16.80.14/cam/realmonitor?channel=43&subtype=1",
        "channel_code": null,
        "ctdupd": null,
        "instansi": "dishub",
        "jenis_cctv": "ANALYTIC",
        "nama_jalan_s": "Simpang Kedonganan Kuta",
        "channel_id": "1000043$1$0$42",
        "cctv_in": "N",
        "cctv_out": "N",
        "masuk_kab": "N",
        "keluar_kab": "N",
        "keterangan": "checkpoint",
        "fungsi_jalan_cctv_id": 6,
        "masuk_prov": "N",
        "keluar_prov": "N",
        "is_active": 1,
        "channel_id_event": null,
        "hls_cctv": "https://stream.elingbali.com:5051/live_cctv/127/playlist.m3u8",
        "cctv_category_id": 5,
        "kecamatan": "Kuta",
        "kota": null,
        "nama_objek_vital": null,
        "channel_id_enforcement": null,
        "cctv_id": "93551f06-cc14-4a7a-a660-c58fe1957b38",
        "polda": "Polda Bali",
        "polres": "POLRESTA DENPASAR",
        "fungsi_jalan": "ARTERI",
        "category": "DALAM KOTA",
        "in_out": null,
        "ket_in_out": null,
        "_region": "bali",
        "Satwil": "Polda Bali"
      }
    },
    {
      "type": "Feature",
      "geometry": {
        "type": "Point",
        "coordinates": [
          115.179081,
          -8.744668
        ]
      },
      "properties": {
        "rowid": 126,
        "nama_cctv": "CTV42 DSHB SIMPANG PATUNG KUDA NGURAH RAI",
        "polda_id": "17",
        "polres_id": "695",
        "status": "hidup",
        "ctdby": "4000ORGANIK",
        "ctddate": "2023-10-26T16:00:00.000Z",
        "ctdtime": "23:59:00",
        "rtsp_cctv": "rtsp://satansheir:letyur13@172.16.80.14/cam/realmonitor?channel=42&subtype=1",
        "channel_code": null,
        "ctdupd": null,
        "instansi": "dishub",
        "jenis_cctv": "ANALYTIC",
        "nama_jalan_s": "Simpang Patung Kuda Bandara",
        "channel_id": "1000043$1$0$41",
        "cctv_in": "N",
        "cctv_out": "N",
        "masuk_kab": "N",
        "keluar_kab": "N",
        "keterangan": "checkpoint",
        "fungsi_jalan_cctv_id": 6,
        "masuk_prov": "N",
        "keluar_prov": "N",
        "is_active": 1,
        "channel_id_event": null,
        "hls_cctv": "https://stream.elingbali.com:5051/live_cctv/126/playlist.m3u8",
        "cctv_category_id": 5,
        "kecamatan": "Kuta",
        "kota": null,
        "nama_objek_vital": null,
        "channel_id_enforcement": null,
        "cctv_id": "8686a094-f051-4d28-914f-7e2c532b32ba",
        "polda": "Polda Bali",
        "polres": "POLRES BANDARA I GUSTI NGURAH RAI",
        "fungsi_jalan": "ARTERI",
        "category": "DALAM KOTA",
        "in_out": null,
        "ket_in_out": null,
        "_region": "bali",
        "Satwil": "Polda Bali"
      }
    },
    {
      "type": "Feature",
      "geometry": {
        "type": "Point",
        "coordinates": [
          115.214979,
          -8.717043
        ]
      },
      "properties": {
        "rowid": 125,
        "nama_cctv": "CTV41 DSHB SIMPANG BENOA PEDUNGAN",
        "polda_id": "17",
        "polres_id": "271",
        "status": "hidup",
        "ctdby": "4000ORGANIK",
        "ctddate": "2023-10-26T16:00:00.000Z",
        "ctdtime": "23:59:00",
        "rtsp_cctv": "rtsp://satansheir:letyur13@172.16.80.14/cam/realmonitor?channel=41&subtype=1",
        "channel_code": null,
        "ctdupd": null,
        "instansi": "dishub",
        "jenis_cctv": "ANALYTIC",
        "nama_jalan_s": "Simpang Pintu Tol Benoa",
        "channel_id": "1000043$1$0$40",
        "cctv_in": "N",
        "cctv_out": "N",
        "masuk_kab": "N",
        "keluar_kab": "N",
        "keterangan": "checkpoint",
        "fungsi_jalan_cctv_id": 6,
        "masuk_prov": "N",
        "keluar_prov": "N",
        "is_active": 1,
        "channel_id_event": null,
        "hls_cctv": "https://stream.elingbali.com:5051/live_cctv/125/playlist.m3u8",
        "cctv_category_id": 5,
        "kecamatan": "Denpasar Selatan",
        "kota": null,
        "nama_objek_vital": null,
        "channel_id_enforcement": null,
        "cctv_id": "6ecdf48d-6c74-4d8e-af11-670cb487cf71",
        "polda": "Polda Bali",
        "polres": "POLRESTA DENPASAR",
        "fungsi_jalan": "ARTERI",
        "category": "DALAM KOTA",
        "in_out": null,
        "ket_in_out": null,
        "_region": "bali",
        "Satwil": "Polda Bali"
      }
    },
    {
      "type": "Feature",
      "geometry": {
        "type": "Point",
        "coordinates": [
          115.225677,
          -8.712489
        ]
      },
      "properties": {
        "rowid": 124,
        "nama_cctv": "CTV40 DSHB SIMPANG PAMELISAN SESETAN",
        "polda_id": "17",
        "polres_id": "271",
        "status": "hidup",
        "ctdby": "4000ORGANIK",
        "ctddate": "2023-10-26T16:00:00.000Z",
        "ctdtime": "23:59:00",
        "rtsp_cctv": "rtsp://satansheir:letyur13@172.16.80.14/cam/realmonitor?channel=40&subtype=1",
        "channel_code": null,
        "ctdupd": null,
        "instansi": "dishub",
        "jenis_cctv": "ANALYTIC",
        "nama_jalan_s": "Simpang Pamelisan",
        "channel_id": "1000043$1$0$39",
        "cctv_in": "N",
        "cctv_out": "N",
        "masuk_kab": "N",
        "keluar_kab": "N",
        "keterangan": "checkpoint",
        "fungsi_jalan_cctv_id": 6,
        "masuk_prov": "N",
        "keluar_prov": "N",
        "is_active": 1,
        "channel_id_event": null,
        "hls_cctv": "https://stream.elingbali.com:5051/live_cctv/124/playlist.m3u8",
        "cctv_category_id": 5,
        "kecamatan": "Denpasar Selatan",
        "kota": null,
        "nama_objek_vital": null,
        "channel_id_enforcement": null,
        "cctv_id": "26e282ce-7e23-42d2-a531-c5d3bdaf9c3b",
        "polda": "Polda Bali",
        "polres": "POLRESTA DENPASAR",
        "fungsi_jalan": "ARTERI",
        "category": "DALAM KOTA",
        "in_out": null,
        "ket_in_out": null,
        "_region": "bali",
        "Satwil": "Polda Bali"
      }
    },
    {
      "type": "Feature",
      "geometry": {
        "type": "Point",
        "coordinates": [
          115.254122,
          -8.70421
        ]
      },
      "properties": {
        "rowid": 123,
        "nama_cctv": "CTV39 DSHB SIMPANG TIRTANADI SANUR",
        "polda_id": "17",
        "polres_id": "271",
        "status": "hidup",
        "ctdby": "4000ORGANIK",
        "ctddate": "2023-10-26T16:00:00.000Z",
        "ctdtime": "23:59:00",
        "rtsp_cctv": "rtsp://satansheir:letyur13@172.16.80.14/cam/realmonitor?channel=39&subtype=1",
        "channel_code": null,
        "ctdupd": null,
        "instansi": "dishub",
        "jenis_cctv": "ANALYTIC",
        "nama_jalan_s": "Simpang Tirtanadi",
        "channel_id": "1000043$1$0$38",
        "cctv_in": "N",
        "cctv_out": "N",
        "masuk_kab": "N",
        "keluar_kab": "N",
        "keterangan": "checkpoint",
        "fungsi_jalan_cctv_id": 6,
        "masuk_prov": "N",
        "keluar_prov": "N",
        "is_active": 1,
        "channel_id_event": null,
        "hls_cctv": "https://stream.elingbali.com:5051/live_cctv/123/playlist.m3u8",
        "cctv_category_id": 5,
        "kecamatan": "Denpasar Selatan",
        "kota": null,
        "nama_objek_vital": null,
        "channel_id_enforcement": null,
        "cctv_id": "39e7dca5-4a64-488e-9605-49f5300aac24",
        "polda": "Polda Bali",
        "polres": "POLRESTA DENPASAR",
        "fungsi_jalan": "ARTERI",
        "category": "DALAM KOTA",
        "in_out": null,
        "ket_in_out": null,
        "_region": "bali",
        "Satwil": "Polda Bali"
      }
    },
    {
      "type": "Feature",
      "geometry": {
        "type": "Point",
        "coordinates": [
          115.253791,
          -8.656795
        ]
      },
      "properties": {
        "rowid": 122,
        "nama_cctv": "CTV38 DSHB SIMPANG PADANG GALAK SANUR",
        "polda_id": "17",
        "polres_id": "271",
        "status": "hidup",
        "ctdby": "4000ORGANIK",
        "ctddate": "2023-10-26T16:00:00.000Z",
        "ctdtime": "23:59:00",
        "rtsp_cctv": "rtsp://satansheir:letyur13@172.16.80.14/cam/realmonitor?channel=38&subtype=1",
        "channel_code": null,
        "ctdupd": null,
        "instansi": "dishub",
        "jenis_cctv": "ANALYTIC",
        "nama_jalan_s": "Simpang Padang Galak",
        "channel_id": "1000043$1$0$37",
        "cctv_in": "N",
        "cctv_out": "N",
        "masuk_kab": "N",
        "keluar_kab": "N",
        "keterangan": "checkpoint",
        "fungsi_jalan_cctv_id": 6,
        "masuk_prov": "N",
        "keluar_prov": "N",
        "is_active": 1,
        "channel_id_event": null,
        "hls_cctv": "https://stream.elingbali.com:5051/live_cctv/122/playlist.m3u8",
        "cctv_category_id": 5,
        "kecamatan": "Denpasar Timur",
        "kota": null,
        "nama_objek_vital": null,
        "channel_id_enforcement": null,
        "cctv_id": "7a927c51-09ce-4c36-b2d1-2a8ae083766e",
        "polda": "Polda Bali",
        "polres": "POLRESTA DENPASAR",
        "fungsi_jalan": "ARTERI",
        "category": "DALAM KOTA",
        "in_out": null,
        "ket_in_out": null,
        "_region": "bali",
        "Satwil": "Polda Bali"
      }
    },
    {
      "type": "Feature",
      "geometry": {
        "type": "Point",
        "coordinates": [
          115.259099,
          -8.682317
        ]
      },
      "properties": {
        "rowid": 121,
        "nama_cctv": "CTV37 DSHB SIMPANG SINDU SANUR",
        "polda_id": "17",
        "polres_id": "271",
        "status": "hidup",
        "ctdby": "4000ORGANIK",
        "ctddate": "2023-10-26T16:00:00.000Z",
        "ctdtime": "23:59:00",
        "rtsp_cctv": "rtsp://satansheir:letyur13@172.16.80.14/cam/realmonitor?channel=37&subtype=1",
        "channel_code": null,
        "ctdupd": null,
        "instansi": "dishub",
        "jenis_cctv": "ANALYTIC",
        "nama_jalan_s": "Simpang Pantai Sindu Sanur",
        "channel_id": "1000043$1$0$36",
        "cctv_in": "N",
        "cctv_out": "N",
        "masuk_kab": "N",
        "keluar_kab": "N",
        "keterangan": "checkpoint",
        "fungsi_jalan_cctv_id": 6,
        "masuk_prov": "N",
        "keluar_prov": "N",
        "is_active": 1,
        "channel_id_event": null,
        "hls_cctv": "https://stream.elingbali.com:5051/live_cctv/121/playlist.m3u8",
        "cctv_category_id": 5,
        "kecamatan": "Denpasar Selatan",
        "kota": null,
        "nama_objek_vital": null,
        "channel_id_enforcement": null,
        "cctv_id": "e4594ddb-e381-49fb-b832-20710e926401",
        "polda": "Polda Bali",
        "polres": "POLRESTA DENPASAR",
        "fungsi_jalan": "ARTERI",
        "category": "DALAM KOTA",
        "in_out": null,
        "ket_in_out": null,
        "_region": "bali",
        "Satwil": "Polda Bali"
      }
    },
    {
      "type": "Feature",
      "geometry": {
        "type": "Point",
        "coordinates": [
          115.259757,
          -8.674478
        ]
      },
      "properties": {
        "rowid": 120,
        "nama_cctv": "CTV36 DSHB SIMPANG GBB",
        "polda_id": "17",
        "polres_id": "271",
        "status": "hidup",
        "ctdby": "4000ORGANIK",
        "ctddate": "2023-10-26T16:00:00.000Z",
        "ctdtime": "23:59:00",
        "rtsp_cctv": "rtsp://satansheir:letyur13@172.16.80.14/cam/realmonitor?channel=36&subtype=1",
        "channel_code": null,
        "ctdupd": null,
        "instansi": "dishub",
        "jenis_cctv": "ANALYTIC",
        "nama_jalan_s": "Simpang Grand Bali Beach",
        "channel_id": "1000043$1$0$35",
        "cctv_in": "N",
        "cctv_out": "N",
        "masuk_kab": "N",
        "keluar_kab": "N",
        "keterangan": "checkpoint",
        "fungsi_jalan_cctv_id": 6,
        "masuk_prov": "N",
        "keluar_prov": "N",
        "is_active": 1,
        "channel_id_event": null,
        "hls_cctv": "https://stream.elingbali.com:5051/live_cctv/120/playlist.m3u8",
        "cctv_category_id": 5,
        "kecamatan": "Denpasar Selatan",
        "kota": null,
        "nama_objek_vital": null,
        "channel_id_enforcement": null,
        "cctv_id": "f48680ac-2522-48c0-b38f-441a53ea4fd0",
        "polda": "Polda Bali",
        "polres": "POLRESTA DENPASAR",
        "fungsi_jalan": "ARTERI",
        "category": "DALAM KOTA",
        "in_out": null,
        "ket_in_out": null,
        "_region": "bali",
        "Satwil": "Polda Bali"
      }
    },
    {
      "type": "Feature",
      "geometry": {
        "type": "Point",
        "coordinates": [
          115.206572,
          -8.676686
        ]
      },
      "properties": {
        "rowid": 119,
        "nama_cctv": "CTV35 KORLAN SIMPANG TEUKU UMAR",
        "polda_id": "17",
        "polres_id": "271",
        "status": "mati",
        "ctdby": "4000ORGANIK",
        "ctddate": "2023-10-26T16:00:00.000Z",
        "ctdtime": "23:59:00",
        "rtsp_cctv": "rtsp://satansheir:letyur13@172.16.80.14/cam/realmonitor?channel=35&subtype=1",
        "channel_code": null,
        "ctdupd": null,
        "instansi": "korlantas",
        "jenis_cctv": "ANALYTIC",
        "nama_jalan_s": "Simpang Teuku Umar",
        "channel_id": "1000043$1$0$34",
        "cctv_in": "N",
        "cctv_out": "N",
        "masuk_kab": "N",
        "keluar_kab": "N",
        "keterangan": "checkpoint",
        "fungsi_jalan_cctv_id": 6,
        "masuk_prov": "N",
        "keluar_prov": "N",
        "is_active": 1,
        "channel_id_event": null,
        "hls_cctv": "https://stream.elingbali.com:5051/live_cctv/119/playlist.m3u8",
        "cctv_category_id": 5,
        "kecamatan": "Denpasar Barat",
        "kota": null,
        "nama_objek_vital": null,
        "channel_id_enforcement": null,
        "cctv_id": "ff752f2f-8dfd-40e3-b688-019ef764e749",
        "polda": "Polda Bali",
        "polres": "POLRESTA DENPASAR",
        "fungsi_jalan": "ARTERI",
        "category": "DALAM KOTA",
        "in_out": null,
        "ket_in_out": null,
        "_region": "bali",
        "Satwil": "Polda Bali"
      }
    },
    {
      "type": "Feature",
      "geometry": {
        "type": "Point",
        "coordinates": [
          115.125692,
          -8.538167
        ]
      },
      "properties": {
        "rowid": 118,
        "nama_cctv": "CTV34 KORLAN SIMPANG POS KOTA KBRI TABANAN",
        "polda_id": "17",
        "polres_id": "267",
        "status": "hidup",
        "ctdby": "4000ORGANIK",
        "ctddate": "2023-10-26T16:00:00.000Z",
        "ctdtime": "23:59:00",
        "rtsp_cctv": "rtsp://satansheir:letyur13@172.16.80.14/cam/realmonitor?channel=34&subtype=1",
        "channel_code": null,
        "ctdupd": null,
        "instansi": "korlantas",
        "jenis_cctv": "ANALYTIC",
        "nama_jalan_s": "Gunung Agung No.30",
        "channel_id": "1000043$1$0$33",
        "cctv_in": "N",
        "cctv_out": "N",
        "masuk_kab": "N",
        "keluar_kab": "N",
        "keterangan": "checkpoint",
        "fungsi_jalan_cctv_id": 6,
        "masuk_prov": "N",
        "keluar_prov": "N",
        "is_active": 1,
        "channel_id_event": "1000036$1$0$1",
        "hls_cctv": "https://stream.elingbali.com:5051/live_cctv/118/playlist.m3u8",
        "cctv_category_id": 5,
        "kecamatan": "Tabanan",
        "kota": null,
        "nama_objek_vital": null,
        "channel_id_enforcement": null,
        "cctv_id": "d36ab986-3602-454a-8d34-e78bd47c8a6c",
        "polda": "Polda Bali",
        "polres": "POLRES TABANAN",
        "fungsi_jalan": "ARTERI",
        "category": "DALAM KOTA",
        "in_out": null,
        "ket_in_out": null,
        "_region": "bali",
        "Satwil": "Polda Bali"
      }
    },
    {
      "type": "Feature",
      "geometry": {
        "type": "Point",
        "coordinates": [
          115.123608,
          -8.549872
        ]
      },
      "properties": {
        "rowid": 117,
        "nama_cctv": "CTV33 KORLAN SIMPANG GRAGAK BY PASS TABANAN",
        "polda_id": "17",
        "polres_id": "267",
        "status": "hidup",
        "ctdby": "4000ORGANIK",
        "ctddate": "2023-10-26T16:00:00.000Z",
        "ctdtime": "23:59:00",
        "rtsp_cctv": "rtsp://satansheir:letyur13@172.16.80.14/cam/realmonitor?channel=33&subtype=1",
        "channel_code": null,
        "ctdupd": null,
        "instansi": "korlantas",
        "jenis_cctv": "ANALYTIC",
        "nama_jalan_s": "Simpang Gragak",
        "channel_id": "1000043$1$0$32",
        "cctv_in": "N",
        "cctv_out": "N",
        "masuk_kab": "N",
        "keluar_kab": "N",
        "keterangan": "checkpoint",
        "fungsi_jalan_cctv_id": 6,
        "masuk_prov": "N",
        "keluar_prov": "N",
        "is_active": 1,
        "channel_id_event": "1000036$1$0$16",
        "hls_cctv": "https://stream.elingbali.com:5051/live_cctv/117/playlist.m3u8",
        "cctv_category_id": 5,
        "kecamatan": "Tabanan",
        "kota": null,
        "nama_objek_vital": null,
        "channel_id_enforcement": null,
        "cctv_id": "440c8d0a-71f6-49ee-8e12-bae853de6c66",
        "polda": "Polda Bali",
        "polres": "POLRES TABANAN",
        "fungsi_jalan": "ARTERI",
        "category": "DALAM KOTA",
        "in_out": null,
        "ket_in_out": null,
        "_region": "bali",
        "Satwil": "Polda Bali"
      }
    },
    {
      "type": "Feature",
      "geometry": {
        "type": "Point",
        "coordinates": [
          115.110811,
          -8.537214
        ]
      },
      "properties": {
        "rowid": 116,
        "nama_cctv": "CTV32 KORLAN SIMPANG ADHYPURA BY PASS TABANAN",
        "polda_id": "17",
        "polres_id": "267",
        "status": "hidup",
        "ctdby": "4000ORGANIK",
        "ctddate": "2023-10-26T16:00:00.000Z",
        "ctdtime": "23:59:00",
        "rtsp_cctv": "rtsp://satansheir:letyur13@172.16.80.14/cam/realmonitor?channel=32&subtype=1",
        "channel_code": null,
        "ctdupd": null,
        "instansi": "korlantas",
        "jenis_cctv": "ANALYTIC",
        "nama_jalan_s": "Simpang Pos Adhypura",
        "channel_id": "1000043$1$0$31",
        "cctv_in": "N",
        "cctv_out": "N",
        "masuk_kab": "N",
        "keluar_kab": "N",
        "keterangan": "checkpoint",
        "fungsi_jalan_cctv_id": 6,
        "masuk_prov": "N",
        "keluar_prov": "N",
        "is_active": 1,
        "channel_id_event": null,
        "hls_cctv": "https://stream.elingbali.com:5051/live_cctv/116/playlist.m3u8",
        "cctv_category_id": 5,
        "kecamatan": "Tabanan",
        "kota": null,
        "nama_objek_vital": null,
        "channel_id_enforcement": null,
        "cctv_id": "851ef414-933d-4dc8-a86f-1b19a5c5d099",
        "polda": "Polda Bali",
        "polres": "POLRES TABANAN",
        "fungsi_jalan": "ARTERI",
        "category": "DALAM KOTA",
        "in_out": null,
        "ket_in_out": null,
        "_region": "bali",
        "Satwil": "Polda Bali"
      }
    },
    {
      "type": "Feature",
      "geometry": {
        "type": "Point",
        "coordinates": [
          115.167897,
          -8.743722
        ]
      },
      "properties": {
        "rowid": 115,
        "nama_cctv": "CTV31 KORLAN BANDARA NGURAH RAI",
        "polda_id": "17",
        "polres_id": "695",
        "status": "mati",
        "ctdby": "4000ORGANIK",
        "ctddate": "2023-10-26T16:00:00.000Z",
        "ctdtime": "23:59:00",
        "rtsp_cctv": "rtsp://satansheir:letyur13@172.16.80.14/cam/realmonitor?channel=31&subtype=1",
        "channel_code": null,
        "ctdupd": null,
        "instansi": "korlantas",
        "jenis_cctv": "ANALYTIC",
        "nama_jalan_s": "Pintu Loket Bandara",
        "channel_id": "1000043$1$0$30",
        "cctv_in": "N",
        "cctv_out": "N",
        "masuk_kab": "N",
        "keluar_kab": "N",
        "keterangan": "checkpoint",
        "fungsi_jalan_cctv_id": 6,
        "masuk_prov": "N",
        "keluar_prov": "N",
        "is_active": 1,
        "channel_id_event": null,
        "hls_cctv": "https://stream.elingbali.com:5051/live_cctv/115/playlist.m3u8",
        "cctv_category_id": 5,
        "kecamatan": "Kuta",
        "kota": null,
        "nama_objek_vital": null,
        "channel_id_enforcement": null,
        "cctv_id": "da73620a-a315-4e7f-aed9-831f91b7c0eb",
        "polda": "Polda Bali",
        "polres": "POLRES BANDARA I GUSTI NGURAH RAI",
        "fungsi_jalan": "ARTERI",
        "category": "DALAM KOTA",
        "in_out": null,
        "ket_in_out": null,
        "_region": "bali",
        "Satwil": "Polda Bali"
      }
    },
    {
      "type": "Feature",
      "geometry": {
        "type": "Point",
        "coordinates": [
          115.253675,
          -8.639236
        ]
      },
      "properties": {
        "rowid": 114,
        "nama_cctv": "CTV30 KORLAN SIMPANG TOHPATI",
        "polda_id": "17",
        "polres_id": "271",
        "status": "hidup",
        "ctdby": "4000ORGANIK",
        "ctddate": "2023-10-26T16:00:00.000Z",
        "ctdtime": "23:59:00",
        "rtsp_cctv": "rtsp://satansheir:letyur13@172.16.80.14/cam/realmonitor?channel=30&subtype=1",
        "channel_code": null,
        "ctdupd": null,
        "instansi": "korlantas",
        "jenis_cctv": "ANALYTIC",
        "nama_jalan_s": "Simpang Tohpati",
        "channel_id": "1000043$1$0$29",
        "cctv_in": "N",
        "cctv_out": "N",
        "masuk_kab": "N",
        "keluar_kab": "N",
        "keterangan": "checkpoint",
        "fungsi_jalan_cctv_id": 6,
        "masuk_prov": "N",
        "keluar_prov": "N",
        "is_active": 1,
        "channel_id_event": null,
        "hls_cctv": "https://stream.elingbali.com:5051/live_cctv/114/playlist.m3u8",
        "cctv_category_id": 5,
        "kecamatan": "Denpasar Timur",
        "kota": null,
        "nama_objek_vital": null,
        "channel_id_enforcement": null,
        "cctv_id": "dd8ca25b-d906-4452-969b-1eb7aba09aa5",
        "polda": "Polda Bali",
        "polres": "POLRESTA DENPASAR",
        "fungsi_jalan": "ARTERI",
        "category": "DALAM KOTA",
        "in_out": null,
        "ket_in_out": null,
        "_region": "bali",
        "Satwil": "Polda Bali"
      }
    },
    {
      "type": "Feature",
      "geometry": {
        "type": "Point",
        "coordinates": [
          115.282753,
          -8.596308
        ]
      },
      "properties": {
        "rowid": 113,
        "nama_cctv": "CTV29 KORLAN SIMPANG PASAR SENI SUKAWATI GIANYAR",
        "polda_id": "17",
        "polres_id": "268",
        "status": "mati",
        "ctdby": "4000ORGANIK",
        "ctddate": "2023-10-26T16:00:00.000Z",
        "ctdtime": "23:59:00",
        "rtsp_cctv": "rtsp://satansheir:letyur13@172.16.80.14/cam/realmonitor?channel=29&subtype=1",
        "channel_code": null,
        "ctdupd": null,
        "instansi": "korlantas",
        "jenis_cctv": "ANALYTIC",
        "nama_jalan_s": "Pasar Sukawati",
        "channel_id": "1000043$1$0$28",
        "cctv_in": "N",
        "cctv_out": "N",
        "masuk_kab": "N",
        "keluar_kab": "N",
        "keterangan": "checkpoint",
        "fungsi_jalan_cctv_id": 6,
        "masuk_prov": "N",
        "keluar_prov": "N",
        "is_active": 1,
        "channel_id_event": "1000036$1$0$0",
        "hls_cctv": "https://stream.elingbali.com:5051/live_cctv/113/playlist.m3u8",
        "cctv_category_id": 5,
        "kecamatan": "Sukawati",
        "kota": null,
        "nama_objek_vital": null,
        "channel_id_enforcement": null,
        "cctv_id": "d6d96134-9785-46e5-97ad-c9656898fbad",
        "polda": "Polda Bali",
        "polres": "POLRES GIANYAR",
        "fungsi_jalan": "ARTERI",
        "category": "DALAM KOTA",
        "in_out": null,
        "ket_in_out": null,
        "_region": "bali",
        "Satwil": "Polda Bali"
      }
    },
    {
      "type": "Feature",
      "geometry": {
        "type": "Point",
        "coordinates": [
          115.164875,
          -8.672156
        ]
      },
      "properties": {
        "rowid": 112,
        "nama_cctv": "CTV28 KORLAN SIMPANG KROBOKAN",
        "polda_id": "17",
        "polres_id": "271",
        "status": "mati",
        "ctdby": "4000ORGANIK",
        "ctddate": "2023-10-26T16:00:00.000Z",
        "ctdtime": "23:59:00",
        "rtsp_cctv": "rtsp://satansheir:letyur13@172.16.80.14:554/cam/realmonitor?channel=28&subtype=1",
        "channel_code": null,
        "ctdupd": null,
        "instansi": "korlantas",
        "jenis_cctv": "ANALYTIC",
        "nama_jalan_s": "Simpang Kerobokan",
        "channel_id": "1000043$1$0$27",
        "cctv_in": "N",
        "cctv_out": "N",
        "masuk_kab": "N",
        "keluar_kab": "N",
        "keterangan": "checkpoint",
        "fungsi_jalan_cctv_id": 6,
        "masuk_prov": "N",
        "keluar_prov": "N",
        "is_active": 1,
        "channel_id_event": "1000036$1$0$10",
        "hls_cctv": "https://stream.elingbali.com:5051/live_cctv/112/playlist.m3u8",
        "cctv_category_id": 5,
        "kecamatan": "Kuta Utara",
        "kota": null,
        "nama_objek_vital": null,
        "channel_id_enforcement": null,
        "cctv_id": "537db65b-d635-417c-8a37-1d0804e8a5f8",
        "polda": "Polda Bali",
        "polres": "POLRESTA DENPASAR",
        "fungsi_jalan": "ARTERI",
        "category": "DALAM KOTA",
        "in_out": null,
        "ket_in_out": null,
        "_region": "bali",
        "Satwil": "Polda Bali"
      }
    },
    {
      "type": "Feature",
      "geometry": {
        "type": "Point",
        "coordinates": [
          115.189272,
          -8.681117
        ]
      },
      "properties": {
        "rowid": 111,
        "nama_cctv": "CTV26 KORLAN SIMPANG IN MAHENDRA DATA",
        "polda_id": "17",
        "polres_id": "271",
        "status": "hidup",
        "ctdby": "4000ORGANIK",
        "ctddate": "2023-10-26T16:00:00.000Z",
        "ctdtime": "23:59:00",
        "rtsp_cctv": "rtsp://satansheir:letyur13@172.16.80.14/cam/realmonitor?channel=26&subtype=1",
        "channel_code": null,
        "ctdupd": null,
        "instansi": "korlantas",
        "jenis_cctv": "ANALYTIC",
        "nama_jalan_s": "Simpang Mahendradata",
        "channel_id": "1000043$1$0$25",
        "cctv_in": "N",
        "cctv_out": "N",
        "masuk_kab": "N",
        "keluar_kab": "N",
        "keterangan": "checkpoint",
        "fungsi_jalan_cctv_id": 6,
        "masuk_prov": "N",
        "keluar_prov": "N",
        "is_active": 1,
        "channel_id_event": null,
        "hls_cctv": "https://stream.elingbali.com:5051/live_cctv/111/playlist.m3u8",
        "cctv_category_id": 5,
        "kecamatan": "Denpasar Barat",
        "kota": null,
        "nama_objek_vital": null,
        "channel_id_enforcement": null,
        "cctv_id": "5414a943-549a-4c7b-bd8d-1dbca4aa11cf",
        "polda": "Polda Bali",
        "polres": "POLRESTA DENPASAR",
        "fungsi_jalan": "ARTERI",
        "category": "DALAM KOTA",
        "in_out": null,
        "ket_in_out": null,
        "_region": "bali",
        "Satwil": "Polda Bali"
      }
    },
    {
      "type": "Feature",
      "geometry": {
        "type": "Point",
        "coordinates": [
          115.17145,
          -8.724436
        ]
      },
      "properties": {
        "rowid": 110,
        "nama_cctv": "CTV25 KORLAN KUTA SQUARE",
        "polda_id": "17",
        "polres_id": "271",
        "status": "mati",
        "ctdby": "4000ORGANIK",
        "ctddate": "2023-10-26T16:00:00.000Z",
        "ctdtime": "23:59:00",
        "rtsp_cctv": "rtsp://satansheir:letyur13@172.16.80.14:554/cam/realmonitor?channel=25&subtype=1",
        "channel_code": null,
        "ctdupd": null,
        "instansi": "korlantas",
        "jenis_cctv": "ANALYTIC",
        "nama_jalan_s": "Simpang Kuta Square",
        "channel_id": "1000043$1$0$24",
        "cctv_in": "N",
        "cctv_out": "N",
        "masuk_kab": "N",
        "keluar_kab": "N",
        "keterangan": "checkpoint",
        "fungsi_jalan_cctv_id": 6,
        "masuk_prov": "N",
        "keluar_prov": "N",
        "is_active": 1,
        "channel_id_event": "1000036$1$0$19",
        "hls_cctv": "https://stream.elingbali.com:5051/live_cctv/110/playlist.m3u8",
        "cctv_category_id": 5,
        "kecamatan": "Kuta",
        "kota": null,
        "nama_objek_vital": null,
        "channel_id_enforcement": null,
        "cctv_id": "0a04317f-f207-4c47-9950-6c13486a3717",
        "polda": "Polda Bali",
        "polres": "POLRESTA DENPASAR",
        "fungsi_jalan": "ARTERI",
        "category": "DALAM KOTA",
        "in_out": null,
        "ket_in_out": null,
        "_region": "bali",
        "Satwil": "Polda Bali"
      }
    },
    {
      "type": "Feature",
      "geometry": {
        "type": "Point",
        "coordinates": [
          114.436694,
          -8.163511
        ]
      },
      "properties": {
        "rowid": 109,
        "nama_cctv": "CTV24 KORLAN GILIMANUK",
        "polda_id": "17",
        "polres_id": "264",
        "status": "hidup",
        "ctdby": "4000ORGANIK",
        "ctddate": "2023-10-26T16:00:00.000Z",
        "ctdtime": "23:59:00",
        "rtsp_cctv": "rtsp://satansheir:letyur13@172.16.80.14/cam/realmonitor?channel=24&subtype=1",
        "channel_code": null,
        "ctdupd": null,
        "instansi": "korlantas",
        "jenis_cctv": "ANALYTIC",
        "nama_jalan_s": "Raya Denpasar - Gilimanuk",
        "channel_id": "1000043$1$0$23",
        "cctv_in": "N",
        "cctv_out": "N",
        "masuk_kab": "N",
        "keluar_kab": "N",
        "keterangan": "checkpoint",
        "fungsi_jalan_cctv_id": 6,
        "masuk_prov": "N",
        "keluar_prov": "N",
        "is_active": 1,
        "channel_id_event": null,
        "hls_cctv": "https://stream.elingbali.com:5051/live_cctv/109/playlist.m3u8",
        "cctv_category_id": 5,
        "kecamatan": null,
        "kota": null,
        "nama_objek_vital": null,
        "channel_id_enforcement": null,
        "cctv_id": "b583dde0-ef51-4dbd-b731-e5dffa8a114d",
        "polda": "Polda Bali",
        "polres": "POLRES JEMBRANA",
        "fungsi_jalan": "ARTERI",
        "category": "DALAM KOTA",
        "in_out": null,
        "ket_in_out": null,
        "_region": "bali",
        "Satwil": "Polda Bali"
      }
    },
    {
      "type": "Feature",
      "geometry": {
        "type": "Point",
        "coordinates": [
          115.18593,
          -8.60551
        ]
      },
      "properties": {
        "rowid": 107,
        "nama_cctv": "CTV22 KORLAN SIMPANG SEMPIDI",
        "polda_id": "17",
        "polres_id": "265",
        "status": "hidup",
        "ctdby": "4000ORGANIK",
        "ctddate": "2023-10-26T16:00:00.000Z",
        "ctdtime": "23:59:00",
        "rtsp_cctv": "rtsp://satansheir:letyur13@172.16.80.14/cam/realmonitor?channel=22&subtype=1",
        "channel_code": null,
        "ctdupd": null,
        "instansi": "korlantas",
        "jenis_cctv": "ANALYTIC",
        "nama_jalan_s": "Simpang Sempidi",
        "channel_id": "1000043$1$0$21",
        "cctv_in": "N",
        "cctv_out": "N",
        "masuk_kab": "N",
        "keluar_kab": "N",
        "keterangan": "checkpoint",
        "fungsi_jalan_cctv_id": 6,
        "masuk_prov": "N",
        "keluar_prov": "N",
        "is_active": 1,
        "channel_id_event": "1000036$1$0$21",
        "hls_cctv": "https://stream.elingbali.com:5051/live_cctv/107/playlist.m3u8",
        "cctv_category_id": 5,
        "kecamatan": "Mengwi",
        "kota": null,
        "nama_objek_vital": null,
        "channel_id_enforcement": null,
        "cctv_id": "d7a8d651-c314-4e67-bfe4-846f3a1ec9c9",
        "polda": "Polda Bali",
        "polres": "POLRES BADUNG",
        "fungsi_jalan": "ARTERI",
        "category": "DALAM KOTA",
        "in_out": null,
        "ket_in_out": null,
        "_region": "bali",
        "Satwil": "Polda Bali"
      }
    },
    {
      "type": "Feature",
      "geometry": {
        "type": "Point",
        "coordinates": [
          115.2821,
          -8.63725
        ]
      },
      "properties": {
        "rowid": 106,
        "nama_cctv": "CTV21 KORLAN SIMPANG KETEWEL GIANYAR",
        "polda_id": "17",
        "polres_id": "271",
        "status": "hidup",
        "ctdby": "4000ORGANIK",
        "ctddate": "2023-10-26T16:00:00.000Z",
        "ctdtime": "23:59:00",
        "rtsp_cctv": "rtsp://satansheir:letyur13@172.16.80.14/cam/realmonitor?channel=21&subtype=1",
        "channel_code": null,
        "ctdupd": null,
        "instansi": "korlantas",
        "jenis_cctv": "ANALYTIC",
        "nama_jalan_s": "Prof. Dr. Ida Bagus Mantra 300-99",
        "channel_id": "1000043$1$0$20",
        "cctv_in": "Y",
        "cctv_out": "N",
        "masuk_kab": "Y",
        "keluar_kab": "N",
        "keterangan": "perbatasan",
        "fungsi_jalan_cctv_id": 6,
        "masuk_prov": "N",
        "keluar_prov": "N",
        "is_active": 1,
        "channel_id_event": "1000036$1$0$20",
        "hls_cctv": "https://stream.elingbali.com:5051/live_cctv/106/playlist.m3u8",
        "cctv_category_id": 2,
        "kecamatan": "Sukawati",
        "kota": null,
        "nama_objek_vital": null,
        "channel_id_enforcement": null,
        "cctv_id": "5e9d31c4-13f7-452d-83a1-39305227d991",
        "polda": "Polda Bali",
        "polres": "POLRESTA DENPASAR",
        "fungsi_jalan": "ARTERI",
        "category": "BATAS KOTA",
        "in_out": "CCTV IN",
        "ket_in_out": "KOTA",
        "_region": "bali",
        "Satwil": "Polda Bali"
      }
    },
    {
      "type": "Feature",
      "geometry": {
        "type": "Point",
        "coordinates": [
          115.2073564,
          -8.6388284
        ]
      },
      "properties": {
        "rowid": 105,
        "nama_cctv": "CTV20 KORLAN SIMPANG COKROAMINOTO",
        "polda_id": "17",
        "polres_id": "271",
        "status": "mati",
        "ctdby": "4000ORGANIK",
        "ctddate": "2023-10-26T16:00:00.000Z",
        "ctdtime": "23:59:00",
        "rtsp_cctv": "rtsp://satansheir:letyur13@172.16.80.14/cam/realmonitor?channel=20&subtype=1",
        "channel_code": null,
        "ctdupd": null,
        "instansi": "korlantas",
        "jenis_cctv": "ANALYTIC",
        "nama_jalan_s": "Simpang Cokroaminoto",
        "channel_id": "1000043$1$0$19",
        "cctv_in": "N",
        "cctv_out": "N",
        "masuk_kab": "N",
        "keluar_kab": "N",
        "keterangan": "checkpoint",
        "fungsi_jalan_cctv_id": 6,
        "masuk_prov": "N",
        "keluar_prov": "N",
        "is_active": 1,
        "channel_id_event": null,
        "hls_cctv": "https://stream.elingbali.com:5051/live_cctv/105/playlist.m3u8",
        "cctv_category_id": 5,
        "kecamatan": "Denpasar Utara",
        "kota": null,
        "nama_objek_vital": null,
        "channel_id_enforcement": null,
        "cctv_id": "c889bfd4-e331-41aa-8143-75f1073717dd",
        "polda": "Polda Bali",
        "polres": "POLRESTA DENPASAR",
        "fungsi_jalan": "ARTERI",
        "category": "DALAM KOTA",
        "in_out": null,
        "ket_in_out": null,
        "_region": "bali",
        "Satwil": "Polda Bali"
      }
    },
    {
      "type": "Feature",
      "geometry": {
        "type": "Point",
        "coordinates": [
          115.2183504,
          -8.669946099999999
        ]
      },
      "properties": {
        "rowid": 104,
        "nama_cctv": "CTV19 KORLAN SIMPANG SUDIRMAN",
        "polda_id": "17",
        "polres_id": "271",
        "status": "mati",
        "ctdby": "4000ORGANIK",
        "ctddate": "2023-10-26T16:00:00.000Z",
        "ctdtime": "23:59:00",
        "rtsp_cctv": "rtsp://satansheir:letyur13@172.16.80.14:554/cam/realmonitor?channel=19&subtype=1",
        "channel_code": null,
        "ctdupd": null,
        "instansi": "korlantas",
        "jenis_cctv": "ANALYTIC",
        "nama_jalan_s": "Simpang Sudirman",
        "channel_id": "1000043$1$0$18",
        "cctv_in": "N",
        "cctv_out": "N",
        "masuk_kab": "N",
        "keluar_kab": "N",
        "keterangan": "checkpoint",
        "fungsi_jalan_cctv_id": 6,
        "masuk_prov": "N",
        "keluar_prov": "N",
        "is_active": 1,
        "channel_id_event": "1000036$1$0$14",
        "hls_cctv": "https://stream.elingbali.com:5051/live_cctv/104/playlist.m3u8",
        "cctv_category_id": 5,
        "kecamatan": "Denpasar Barat",
        "kota": null,
        "nama_objek_vital": null,
        "channel_id_enforcement": null,
        "cctv_id": "75996391-7fa7-4002-8fde-b2b2f12b84fe",
        "polda": "Polda Bali",
        "polres": "POLRESTA DENPASAR",
        "fungsi_jalan": "ARTERI",
        "category": "DALAM KOTA",
        "in_out": null,
        "ket_in_out": null,
        "_region": "bali",
        "Satwil": "Polda Bali"
      }
    },
    {
      "type": "Feature",
      "geometry": {
        "type": "Point",
        "coordinates": [
          114.437958,
          -8.161817
        ]
      },
      "properties": {
        "rowid": 103,
        "nama_cctv": "CTV18 KORLAN GILIMANUK PELABUHAN",
        "polda_id": "17",
        "polres_id": "264",
        "status": "hidup",
        "ctdby": "4000ORGANIK",
        "ctddate": "2023-10-26T16:00:00.000Z",
        "ctdtime": "23:59:00",
        "rtsp_cctv": "rtsp://satansheir:letyur13@172.16.80.14:554/cam/realmonitor?channel=18&subtype=1",
        "channel_code": null,
        "ctdupd": null,
        "instansi": "korlantas",
        "jenis_cctv": "ANALYTIC",
        "nama_jalan_s": "Pintu Masuk Pelabuhan Gilimanuk",
        "channel_id": "1000040$1$0$17",
        "cctv_in": "Y",
        "cctv_out": "N",
        "masuk_kab": "N",
        "keluar_kab": "N",
        "keterangan": "perbatasan",
        "fungsi_jalan_cctv_id": 6,
        "masuk_prov": "Y",
        "keluar_prov": "N",
        "is_active": 1,
        "channel_id_event": "1000036$1$0$5",
        "hls_cctv": "https://stream.elingbali.com:5051/live_cctv/103/playlist.m3u8",
        "cctv_category_id": 1,
        "kecamatan": "Melaya",
        "kota": null,
        "nama_objek_vital": null,
        "channel_id_enforcement": null,
        "cctv_id": "1e80a897-6025-461b-bf73-7c7c77ed74bd",
        "polda": "Polda Bali",
        "polres": "POLRES JEMBRANA",
        "fungsi_jalan": "ARTERI",
        "category": "BATAS PROVINSI",
        "in_out": "CCTV IN",
        "ket_in_out": "PROVINSI",
        "_region": "bali",
        "Satwil": "Polda Bali"
      }
    },
    {
      "type": "Feature",
      "geometry": {
        "type": "Point",
        "coordinates": [
          115.18209,
          -8.744865
        ]
      },
      "properties": {
        "rowid": 102,
        "nama_cctv": "CTV17 KORLAN BUNDARAN TAMAN NGURAH RAI",
        "polda_id": "17",
        "polres_id": "695",
        "status": "mati",
        "ctdby": "4000ORGANIK",
        "ctddate": "2023-10-26T16:00:00.000Z",
        "ctdtime": "23:59:00",
        "rtsp_cctv": "rtsp://satansheir:letyur13@172.16.80.14:554/cam/realmonitor?channel=17&subtype=1",
        "channel_code": null,
        "ctdupd": null,
        "instansi": "korlantas",
        "jenis_cctv": "Analytic Checkpoint",
        "nama_jalan_s": "Bundaran Bandra Ngurah Rai",
        "channel_id": "1000043$1$0$16",
        "cctv_in": "N",
        "cctv_out": "N",
        "masuk_kab": "N",
        "keluar_kab": "N",
        "keterangan": "checkpoint",
        "fungsi_jalan_cctv_id": 6,
        "masuk_prov": "N",
        "keluar_prov": "N",
        "is_active": 1,
        "channel_id_event": "1000036$1$0$23",
        "hls_cctv": "https://stream.elingbali.com:5051/live_cctv/102/playlist.m3u8",
        "cctv_category_id": 5,
        "kecamatan": "Kuta",
        "kota": null,
        "nama_objek_vital": null,
        "channel_id_enforcement": null,
        "cctv_id": "dd110ff6-0c29-4c8b-96d4-0b22774f4eab",
        "polda": "Polda Bali",
        "polres": "POLRES BANDARA I GUSTI NGURAH RAI",
        "fungsi_jalan": "ARTERI",
        "category": "DALAM KOTA",
        "in_out": null,
        "ket_in_out": null,
        "_region": "bali",
        "Satwil": "Polda Bali"
      }
    },
    {
      "type": "Feature",
      "geometry": {
        "type": "Point",
        "coordinates": [
          115.274013,
          -8.56456
        ]
      },
      "properties": {
        "rowid": 101,
        "nama_cctv": "CTV50 SMARTCITY GIANYAR SAKKAH",
        "polda_id": "17",
        "polres_id": "268",
        "status": "mati",
        "ctdby": "4000ORGANIK",
        "ctddate": "2023-10-26T16:00:00.000Z",
        "ctdtime": "23:59:00",
        "rtsp_cctv": "rtsp://satansheir:letyur13@172.16.80.14:554/cam/realmonitor?channel=50&subtype=1",
        "channel_code": null,
        "ctdupd": null,
        "instansi": "korlantas",
        "jenis_cctv": "ANALYTIC",
        "nama_jalan_s": "Jalan Raya Sakkah Gianyar (Simpang Patung Bayi)",
        "channel_id": "1000043$1$0$49",
        "cctv_in": "N",
        "cctv_out": "N",
        "masuk_kab": "N",
        "keluar_kab": "N",
        "keterangan": "checkpoint",
        "fungsi_jalan_cctv_id": 6,
        "masuk_prov": "N",
        "keluar_prov": "N",
        "is_active": 1,
        "channel_id_event": "1000036$1$0$25",
        "hls_cctv": "https://stream.elingbali.com:5051/live_cctv/101/playlist.m3u8",
        "cctv_category_id": 5,
        "kecamatan": "Sukawati",
        "kota": null,
        "nama_objek_vital": null,
        "channel_id_enforcement": "1000010$1$0$0",
        "cctv_id": "32d663ec-7324-46c2-ae8c-925636cd4348",
        "polda": "Polda Bali",
        "polres": "POLRES GIANYAR",
        "fungsi_jalan": "ARTERI",
        "category": "DALAM KOTA",
        "in_out": null,
        "ket_in_out": null,
        "_region": "bali",
        "Satwil": "Polda Bali"
      }
    },
    {
      "type": "Feature",
      "geometry": {
        "type": "Point",
        "coordinates": [
          115.207431,
          -8.638882
        ]
      },
      "properties": {
        "rowid": 100,
        "nama_cctv": "CTV49 SMARTCITY DENPASAR COKROAMINOTO",
        "polda_id": "17",
        "polres_id": "271",
        "status": "hidup",
        "ctdby": "4000ORGANIK",
        "ctddate": "2023-10-26T16:00:00.000Z",
        "ctdtime": "23:59:00",
        "rtsp_cctv": "rtsp://satansheir:letyur13@172.16.80.14:554/cam/realmonitor?channel=49&subtype=1",
        "channel_code": null,
        "ctdupd": null,
        "instansi": "korlantas",
        "jenis_cctv": "ANALYTIC",
        "nama_jalan_s": "Jalan Cokroaminoto (Ubung)",
        "channel_id": "1000043$1$0$48",
        "cctv_in": "N",
        "cctv_out": "N",
        "masuk_kab": "N",
        "keluar_kab": "N",
        "keterangan": "checkpoint",
        "fungsi_jalan_cctv_id": 6,
        "masuk_prov": "N",
        "keluar_prov": "N",
        "is_active": 1,
        "channel_id_event": "1000036$1$0$8",
        "hls_cctv": "https://stream.elingbali.com:5051/live_cctv/100/playlist.m3u8",
        "cctv_category_id": 5,
        "kecamatan": "Denpasar Utara",
        "kota": null,
        "nama_objek_vital": null,
        "channel_id_enforcement": "1000034$1$0$0",
        "cctv_id": "81d6ea0f-2f07-42f2-b5d6-642ba528f0f4",
        "polda": "Polda Bali",
        "polres": "POLRESTA DENPASAR",
        "fungsi_jalan": "ARTERI",
        "category": "DALAM KOTA",
        "in_out": null,
        "ket_in_out": null,
        "_region": "bali",
        "Satwil": "Polda Bali"
      }
    },
    {
      "type": "Feature",
      "geometry": {
        "type": "Point",
        "coordinates": [
          115.508211,
          -8.533311
        ]
      },
      "properties": {
        "rowid": 99,
        "nama_cctv": "CTV16 SMARTCITY KARANGASEM PADANG BAI",
        "polda_id": "17",
        "polres_id": "270",
        "status": "hidup",
        "ctdby": "4000ORGANIK",
        "ctddate": "2023-10-26T16:00:00.000Z",
        "ctdtime": "23:59:00",
        "rtsp_cctv": "rtsp://satansheir:letyur13@172.16.80.14/cam/realmonitor?channel=16&subtype=1",
        "channel_code": null,
        "ctdupd": null,
        "instansi": "korlantas",
        "jenis_cctv": "ANALYTIC",
        "nama_jalan_s": "Padang Bai",
        "channel_id": "1000043$1$0$15",
        "cctv_in": "N",
        "cctv_out": "N",
        "masuk_kab": "N",
        "keluar_kab": "N",
        "keterangan": "perbatasan",
        "fungsi_jalan_cctv_id": 6,
        "masuk_prov": "N",
        "keluar_prov": "N",
        "is_active": 1,
        "channel_id_event": null,
        "hls_cctv": "https://stream.elingbali.com:5051/live_cctv/99/playlist.m3u8",
        "cctv_category_id": 3,
        "kecamatan": "Manggis",
        "kota": null,
        "nama_objek_vital": "Pelabuhan Padang Bai",
        "channel_id_enforcement": null,
        "cctv_id": "be6fda7e-c704-464c-8432-333879ea9488",
        "polda": "Polda Bali",
        "polres": "POLRES KARANG ASEM",
        "fungsi_jalan": "ARTERI",
        "category": "OBJEK VITAL",
        "in_out": null,
        "ket_in_out": null,
        "_region": "bali",
        "Satwil": "Polda Bali"
      }
    },
    {
      "type": "Feature",
      "geometry": {
        "type": "Point",
        "coordinates": [
          114.437549,
          -8.162311
        ]
      },
      "properties": {
        "rowid": 98,
        "nama_cctv": "CTV15 SMARTCITY JEMBRANA GILIMANUK",
        "polda_id": "17",
        "polres_id": "264",
        "status": "hidup",
        "ctdby": "4000ORGANIK",
        "ctddate": "2023-10-26T16:00:00.000Z",
        "ctdtime": "23:59:00",
        "rtsp_cctv": "rtsp://satansheir:letyur13@172.16.80.14/cam/realmonitor?channel=15&subtype=1",
        "channel_code": null,
        "ctdupd": null,
        "instansi": "korlantas",
        "jenis_cctv": "ANALYTIC",
        "nama_jalan_s": "Gilimanuk",
        "channel_id": "1000043$1$0$14",
        "cctv_in": "N",
        "cctv_out": "N",
        "masuk_kab": "N",
        "keluar_kab": "N",
        "keterangan": "perbatasan",
        "fungsi_jalan_cctv_id": 6,
        "masuk_prov": "N",
        "keluar_prov": "N",
        "is_active": 1,
        "channel_id_event": null,
        "hls_cctv": "https://stream.elingbali.com:5051/live_cctv/98/playlist.m3u8",
        "cctv_category_id": 3,
        "kecamatan": "Melaya",
        "kota": null,
        "nama_objek_vital": "Pelabuhan Gilimanuk",
        "channel_id_enforcement": null,
        "cctv_id": "3d29db6c-f17a-41f0-9b99-d486b4df34df",
        "polda": "Polda Bali",
        "polres": "POLRES JEMBRANA",
        "fungsi_jalan": "ARTERI",
        "category": "OBJEK VITAL",
        "in_out": null,
        "ket_in_out": null,
        "_region": "bali",
        "Satwil": "Polda Bali"
      }
    },
    {
      "type": "Feature",
      "geometry": {
        "type": "Point",
        "coordinates": [
          115.192471,
          -8.612659
        ]
      },
      "properties": {
        "rowid": 97,
        "nama_cctv": "CTV14 SMARTCITY BADUNG HYNO",
        "polda_id": "17",
        "polres_id": "271",
        "status": "hidup",
        "ctdby": "4000ORGANIK",
        "ctddate": "2023-10-26T16:00:00.000Z",
        "ctdtime": "23:59:00",
        "rtsp_cctv": "rtsp://satansheir:letyur13@172.16.80.14:554/cam/realmonitor?channel=14&subtype=1",
        "channel_code": null,
        "ctdupd": null,
        "instansi": "korlantas",
        "jenis_cctv": "ANALYTIC",
        "nama_jalan_s": "Raya Denpasar - Gilimanuk 468",
        "channel_id": "1000043$1$0$13",
        "cctv_in": "N",
        "cctv_out": "Y",
        "masuk_kab": "N",
        "keluar_kab": "Y",
        "keterangan": "perbatasan",
        "fungsi_jalan_cctv_id": 6,
        "masuk_prov": "N",
        "keluar_prov": "N",
        "is_active": 1,
        "channel_id_event": "1000036$1$0$17",
        "hls_cctv": "https://stream.elingbali.com:5051/live_cctv/97/playlist.m3u8",
        "cctv_category_id": 2,
        "kecamatan": "Denpasar Utara",
        "kota": null,
        "nama_objek_vital": null,
        "channel_id_enforcement": null,
        "cctv_id": "04c3dbaa-40ce-489d-815c-0a7bfa05e01e",
        "polda": "Polda Bali",
        "polres": "POLRESTA DENPASAR",
        "fungsi_jalan": "ARTERI",
        "category": "BATAS KOTA",
        "in_out": "CCTV OUT",
        "ket_in_out": "KOTA",
        "_region": "bali",
        "Satwil": "Polda Bali"
      }
    },
    {
      "type": "Feature",
      "geometry": {
        "type": "Point",
        "coordinates": [
          115.160072,
          -8.561675
        ]
      },
      "properties": {
        "rowid": 96,
        "nama_cctv": "CTV13 SMARTCITY BADUNG MENGWI",
        "polda_id": "17",
        "polres_id": "265",
        "status": "hidup",
        "ctdby": "4000ORGANIK",
        "ctddate": "2023-10-26T16:00:00.000Z",
        "ctdtime": "23:59:00",
        "rtsp_cctv": "rtsp://satansheir:letyur13@172.16.80.14:554/cam/realmonitor?channel=13&subtype=1",
        "channel_code": null,
        "ctdupd": null,
        "instansi": "korlantas",
        "jenis_cctv": "ANALYTIC",
        "nama_jalan_s": "Raya Denpasar - Gilimanuk 176-90",
        "channel_id": "1000043$1$0$12",
        "cctv_in": "Y",
        "cctv_out": "N",
        "masuk_kab": "Y",
        "keluar_kab": "N",
        "keterangan": "perbatasan",
        "fungsi_jalan_cctv_id": 6,
        "masuk_prov": "N",
        "keluar_prov": "N",
        "is_active": 1,
        "channel_id_event": "1000036$1$0$13",
        "hls_cctv": "https://stream.elingbali.com:5051/live_cctv/96/playlist.m3u8",
        "cctv_category_id": 2,
        "kecamatan": "Mengwi",
        "kota": null,
        "nama_objek_vital": null,
        "channel_id_enforcement": null,
        "cctv_id": "53a72c81-41e9-4ec9-8590-181c8feb6f45",
        "polda": "Polda Bali",
        "polres": "POLRES BADUNG",
        "fungsi_jalan": "ARTERI",
        "category": "BATAS KOTA",
        "in_out": "CCTV IN",
        "ket_in_out": "KOTA",
        "_region": "bali",
        "Satwil": "Polda Bali"
      }
    },
    {
      "type": "Feature",
      "geometry": {
        "type": "Point",
        "coordinates": [
          115.282356,
          -8.636867
        ]
      },
      "properties": {
        "rowid": 95,
        "nama_cctv": "CTV12 SMARTCITY GIANYAR SIMPANG KETEWEL",
        "polda_id": "17",
        "polres_id": "271",
        "status": "hidup",
        "ctdby": "4000ORGANIK",
        "ctddate": "2023-10-26T16:00:00.000Z",
        "ctdtime": "23:59:00",
        "rtsp_cctv": "rtsp://satansheir:letyur13@172.16.80.14:554/cam/realmonitor?channel=12&subtype=1",
        "channel_code": null,
        "ctdupd": null,
        "instansi": "korlantas",
        "jenis_cctv": "ANALYTIC",
        "nama_jalan_s": "Prof. Dr. Ida Bagus Mantra 300",
        "channel_id": "1000043$1$0$11",
        "cctv_in": "N",
        "cctv_out": "Y",
        "masuk_kab": "N",
        "keluar_kab": "Y",
        "keterangan": "perbatasan",
        "fungsi_jalan_cctv_id": 6,
        "masuk_prov": "N",
        "keluar_prov": "N",
        "is_active": 1,
        "channel_id_event": "1000036$1$0$30",
        "hls_cctv": "https://stream.elingbali.com:5051/live_cctv/95/playlist.m3u8",
        "cctv_category_id": 2,
        "kecamatan": "Sukawati",
        "kota": null,
        "nama_objek_vital": null,
        "channel_id_enforcement": null,
        "cctv_id": "9061a12b-b7e9-405f-a47c-265f72cd57f9",
        "polda": "Polda Bali",
        "polres": "POLRESTA DENPASAR",
        "fungsi_jalan": "ARTERI",
        "category": "BATAS KOTA",
        "in_out": "CCTV OUT",
        "ket_in_out": "KOTA",
        "_region": "bali",
        "Satwil": "Polda Bali"
      }
    },
    {
      "type": "Feature",
      "geometry": {
        "type": "Point",
        "coordinates": [
          115.255628,
          -8.634706
        ]
      },
      "properties": {
        "rowid": 94,
        "nama_cctv": "CTV10 SMARTCITY DENPASAR WR SUPRATMAN",
        "polda_id": "17",
        "polres_id": "271",
        "status": "hidup",
        "ctdby": "4000ORGANIK",
        "ctddate": "2023-10-26T16:00:00.000Z",
        "ctdtime": "23:59:00",
        "rtsp_cctv": "rtsp://satansheir:letyur13@172.16.80.14:554/cam/realmonitor?channel=10&subtype=1",
        "channel_code": null,
        "ctdupd": null,
        "instansi": "korlantas",
        "jenis_cctv": "ANALYTIC",
        "nama_jalan_s": "WR Supratman 345",
        "channel_id": "1000043$1$0$9",
        "cctv_in": "Y",
        "cctv_out": "N",
        "masuk_kab": "Y",
        "keluar_kab": "N",
        "keterangan": "perbatasan",
        "fungsi_jalan_cctv_id": 6,
        "masuk_prov": "N",
        "keluar_prov": "N",
        "is_active": 1,
        "channel_id_event": "1000036$1$0$15",
        "hls_cctv": "https://stream.elingbali.com:5051/live_cctv/94/playlist.m3u8",
        "cctv_category_id": 2,
        "kecamatan": "Denpasar Timur",
        "kota": null,
        "nama_objek_vital": null,
        "channel_id_enforcement": null,
        "cctv_id": "d473ac99-6268-4668-9f3b-5a5a0cb6bab0",
        "polda": "Polda Bali",
        "polres": "POLRESTA DENPASAR",
        "fungsi_jalan": "ARTERI",
        "category": "BATAS KOTA",
        "in_out": "CCTV IN",
        "ket_in_out": "KOTA",
        "_region": "bali",
        "Satwil": "Polda Bali"
      }
    },
    {
      "type": "Feature",
      "geometry": {
        "type": "Point",
        "coordinates": [
          115.194084,
          -8.615861
        ]
      },
      "properties": {
        "rowid": 93,
        "nama_cctv": "CTV09 SMARTCITY DENPASAR TL UMANYAR",
        "polda_id": "17",
        "polres_id": "271",
        "status": "hidup",
        "ctdby": "4000ORGANIK",
        "ctddate": "2023-10-26T16:00:00.000Z",
        "ctdtime": "23:59:00",
        "rtsp_cctv": "rtsp://satansheir:letyur13@172.16.80.14:554/cam/realmonitor?channel=9&subtype=1",
        "channel_code": null,
        "ctdupd": null,
        "instansi": "korlantas",
        "jenis_cctv": "ANALYTIC",
        "nama_jalan_s": "Raya Denpasar - Gilimanuk 341-351",
        "channel_id": "1000043$1$0$8",
        "cctv_in": "Y",
        "cctv_out": "N",
        "masuk_kab": "Y",
        "keluar_kab": "N",
        "keterangan": "perbatasan",
        "fungsi_jalan_cctv_id": 6,
        "masuk_prov": "N",
        "keluar_prov": "N",
        "is_active": 1,
        "channel_id_event": "1000036$1$0$2",
        "hls_cctv": "https://stream.elingbali.com:5051/live_cctv/93/playlist.m3u8",
        "cctv_category_id": 2,
        "kecamatan": "Denpasar Utara",
        "kota": null,
        "nama_objek_vital": null,
        "channel_id_enforcement": null,
        "cctv_id": "95eefd7c-3986-43c8-8a51-09dff2d97eb2",
        "polda": "Polda Bali",
        "polres": "POLRESTA DENPASAR",
        "fungsi_jalan": "ARTERI",
        "category": "BATAS KOTA",
        "in_out": "CCTV IN",
        "ket_in_out": "KOTA",
        "_region": "bali",
        "Satwil": "Polda Bali"
      }
    }
  ]
}