{"type":"FeatureCollection","features":[{"type":"Feature","properties":{"tipe_zona":"Bandara","Satwil":"Polda Bali","geofence_limit":60,"jam_mulai":"00:00","jam_selesai":"23:59"},"geometry":{"type":"MultiPolygon","coordinates":[[[[115.16271,-8.7482],[115.1672,-8.74376],[115.17169,-8.7482],[115.1672,-8.75264],[115.16271,-8.7482]]],[[[114.61456,-8.14242],[114.61905,-8.13797],[114.62354,-8.14242],[114.61905,-8.14687],[114.61456,-8.14242]]]]}},{"type":"Feature","properties":{"tipe_zona":"Bandara","Satwil":"Polda DI Yogyakarta","geofence_limit":60,"jam_mulai":"00:00","jam_selesai":"23:59"},"geometry":{"type":"MultiPolygon","coordinates":[[[[110.05378,-7.90129],[110.05827,-7.89684],[110.06276,-7.90129],[110.05827,-7.90574],[110.05378,-7.90129]]],[[[110.42619,-7.78894],[110.43068,-7.78449],[110.43517,-7.78894],[110.43068,-7.79339],[110.42619,-7.78894]]]]}},{"type":"Feature","properties":{"tipe_zona":"Bandara","Satwil":"Polresta Surakarta","geofence_limit":60,"jam_mulai":"00:00","jam_selesai":"23:59"},"geometry":{"type":"MultiPolygon","coordinates":[[[[110.76059,-7.5158],[110.7561,-7.52025],[110.75161,-7.5158],[110.7561,-7.51135],[110.76059,-7.5158]]]]}},{"type":"Feature","properties":{"tipe_zona":"Bandara","Satwil":"Polrestabes Bandung","geofence_limit":60,"jam_mulai":"00:00","jam_selesai":"23:59"},"geometry":{"type":"MultiPolygon","coordinates":[[[[107.58059,-6.901],[107.5761,-6.90546],[107.57161,-6.901],[107.5761,-6.89654],[107.58059,-6.901]]]]}},{"type":"Feature","properties":{"tipe_zona":"Fasilitas Kesehatan","Satwil":"Polda Bali","geofence_limit":40,"jam_mulai":"00:00","jam_selesai":"23:59"},"geometry":{"type":"MultiPolygon","coordinates":[[[[115.08939,-8.5706],[115.08804,-8.57193],[115.0867,-8.5706],[115.08804,-8.56927],[115.08939,-8.5706]]],[[[115.13762,-8.56547],[115.13627,-8.5668],[115.13493,-8.56547],[115.13627,-8.56414],[115.13762,-8.56547]]],[[[115.17345,-8.56092],[115.1721,-8.56225],[115.17076,-8.56092],[115.1721,-8.55959],[115.17345,-8.56092]]],[[[115.1211,-8.54654],[115.11976,-8.54787],[115.11841,-8.54654],[115.11976,-8.54521],[115.1211,-8.54654]]],[[[115.13353,-8.53914],[115.13218,-8.54048],[115.13084,-8.53914],[115.13218,-8.53781],[115.13353,-8.53914]]],[[[115.09289,-8.51621],[115.09154,-8.51754],[115.09019,-8.51621],[115.09154,-8.51487],[115.09289,-8.51621]]],[[[115.02663,-8.50102],[115.02528,-8.50236],[115.02393,-8.50102],[115.02528,-8.49969],[115.02663,-8.50102]]],[[[115.04996,-8.4965],[115.05131,-8.49516],[115.05266,-8.4965],[115.05131,-8.49783],[115.04996,-8.4965]]],[[[114.96132,-8.49372],[114.96266,-8.49239],[114.96401,-8.49372],[114.96266,-8.49505],[114.96132,-8.49372]]],[[[115.17171,-8.48064],[115.17036,-8.48197],[115.16901,-8.48064],[115.17036,-8.4793],[115.17171,-8.48064]]],[[[115.14415,-8.4368],[115.14281,-8.43813],[115.14146,-8.4368],[115.14281,-8.43546],[115.14415,-8.4368]]],[[[114.823,-8.418],[114.82165,-8.41934],[114.8203,-8.418],[114.82165,-8.41667],[114.823,-8.418]]],[[[114.68141,-8.37375],[114.68275,-8.37241],[114.6841,-8.37375],[114.68275,-8.37508],[114.68141,-8.37375]]],[[[114.64743,-8.36221],[114.64878,-8.36088],[114.65013,-8.36221],[114.64878,-8.36355],[114.64743,-8.36221]]],[[[114.64717,-8.36096],[114.64582,-8.36229],[114.64447,-8.36096],[114.64582,-8.35962],[114.64717,-8.36096]]],[[[114.62295,-8.35495],[114.6216,-8.35628],[114.62025,-8.35495],[114.6216,-8.35361],[114.62295,-8.35495]]],[[[114.57859,-8.3475],[114.57724,-8.34883],[114.5759,-8.3475],[114.57724,-8.34616],[114.57859,-8.3475]]],[[[115.00143,-8.31305],[115.00278,-8.31171],[115.00413,-8.31305],[115.00278,-8.31438],[115.00143,-8.31305]]],[[[114.4963,-8.27377],[114.49765,-8.27244],[114.499,-8.27377],[114.49765,-8.27511],[114.4963,-8.27377]]],[[[114.97049,-8.25841],[114.96914,-8.25975],[114.9678,-8.25841],[114.96914,-8.25708],[114.97049,-8.25841]]],[[[114.93776,-8.19284],[114.93642,-8.19417],[114.93507,-8.19284],[114.93642,-8.19151],[114.93776,-8.19284]]],[[[114.96738,-8.18981],[114.96604,-8.19114],[114.96469,-8.18981],[114.96604,-8.18847],[114.96738,-8.18981]]],[[[114.7813,-8.18329],[114.78264,-8.18195],[114.78399,-8.18329],[114.78264,-8.18462],[114.7813,-8.18329]]],[[[115.09115,-8.11982],[115.09249,-8.11849],[115.09384,-8.11982],[115.09249,-8.12116],[115.09115,-8.11982]]],[[[115.08487,-8.10995],[115.08622,-8.10862],[115.08753,-8.10992],[115.08824,-8.10922],[115.08958,-8.11055],[115.08824,-8.11188],[115.08692,-8.11058],[115.08622,-8.11128],[115.08487,-8.10995]]],[[[115.12891,-8.08971],[115.12756,-8.09105],[115.12622,-8.08971],[115.12756,-8.08838],[115.12891,-8.08971]]],[[[115.22297,-8.80463],[115.22163,-8.8033],[115.22297,-8.80197],[115.22432,-8.8033],[115.22297,-8.80463]]],[[[115.17282,-8.79011],[115.17416,-8.78878],[115.17551,-8.79011],[115.17416,-8.79145],[115.17282,-8.79011]]],[[[115.17595,-8.7615],[115.1746,-8.76017],[115.17595,-8.75884],[115.1773,-8.76017],[115.17595,-8.7615]]],[[[115.17911,-8.72255],[115.17776,-8.72388],[115.17641,-8.72255],[115.17776,-8.72122],[115.17911,-8.72255]]],[[[115.18593,-8.72153],[115.18459,-8.72286],[115.18324,-8.72153],[115.18459,-8.7202],[115.18593,-8.72153]]],[[[115.18546,-8.71637],[115.18411,-8.71504],[115.18546,-8.71371],[115.18681,-8.71504],[115.18546,-8.71637]]],[[[115.21658,-8.70443],[115.21793,-8.7031],[115.21928,-8.70443],[115.21793,-8.70576],[115.21658,-8.70443]]],[[[115.21464,-8.67952],[115.21329,-8.67818],[115.21464,-8.67685],[115.21599,-8.67818],[115.21464,-8.67952]]],[[[115.20666,-8.67762],[115.20531,-8.67895],[115.20396,-8.67762],[115.20531,-8.67628],[115.20666,-8.67762]]],[[[115.21399,-8.67577],[115.21264,-8.6771],[115.21129,-8.67577],[115.21264,-8.67444],[115.21399,-8.67577]]],[[[115.22775,-8.66969],[115.22641,-8.66836],[115.22775,-8.66703],[115.2291,-8.66836],[115.22775,-8.66969]]],[[[115.1977,-8.6636],[115.19904,-8.66226],[115.20039,-8.6636],[115.19904,-8.66493],[115.1977,-8.6636]]],[[[115.22433,-8.65369],[115.22298,-8.65235],[115.22433,-8.65102],[115.22568,-8.65235],[115.22433,-8.65369]]],[[[115.23558,-8.64998],[115.23423,-8.65132],[115.23288,-8.64998],[115.23423,-8.64865],[115.23558,-8.64998]]],[[[115.22774,-8.64957],[115.22639,-8.6509],[115.22504,-8.64957],[115.22639,-8.64823],[115.22774,-8.64957]]],[[[115.21344,-8.65012],[115.21209,-8.64879],[115.21344,-8.64746],[115.21479,-8.64879],[115.21344,-8.65012]]],[[[115.17327,-8.6482],[115.17193,-8.64687],[115.17327,-8.64554],[115.17462,-8.64687],[115.17327,-8.6482]]],[[[115.18435,-8.57867],[115.183,-8.58],[115.18165,-8.57867],[115.183,-8.57733],[115.18435,-8.57867]]],[[[115.27466,-8.55217],[115.27331,-8.5535],[115.27196,-8.55217],[115.27331,-8.55084],[115.27466,-8.55217]]],[[[115.20779,-8.52363],[115.20645,-8.5223],[115.20779,-8.52097],[115.20914,-8.5223],[115.20779,-8.52363]]],[[[115.26134,-8.51012],[115.26268,-8.50879],[115.26403,-8.51012],[115.26268,-8.51145],[115.26134,-8.51012]]],[[[115.27928,-8.43951],[115.27793,-8.43818],[115.27928,-8.43685],[115.28063,-8.43818],[115.27928,-8.43951]]],[[[115.24744,-8.40506],[115.24609,-8.40639],[115.24474,-8.40506],[115.24609,-8.40373],[115.24744,-8.40506]]],[[[115.21916,-8.40062],[115.21781,-8.40196],[115.21646,-8.40062],[115.21781,-8.39929],[115.21916,-8.40062]]],[[[115.18637,-8.3316],[115.18502,-8.33026],[115.18637,-8.32893],[115.18772,-8.33026],[115.18637,-8.3316]]],[[[115.17415,-8.07743],[115.1755,-8.0761],[115.17685,-8.07743],[115.1755,-8.07876],[115.17415,-8.07743]]],[[[115.55934,-8.67503],[115.55799,-8.6737],[115.55934,-8.67237],[115.56069,-8.6737],[115.55934,-8.67503]]],[[[115.3149,-8.60508],[115.31355,-8.60641],[115.3122,-8.60508],[115.31355,-8.60375],[115.3149,-8.60508]]],[[[115.28182,-8.5938],[115.28048,-8.59513],[115.27913,-8.5938],[115.28048,-8.59246],[115.28182,-8.5938]]],[[[115.32794,-8.57172],[115.32659,-8.57306],[115.32524,-8.57172],[115.32659,-8.57039],[115.32794,-8.57172]]],[[[115.40299,-8.5567],[115.40433,-8.55537],[115.40568,-8.5567],[115.40433,-8.55803],[115.40299,-8.5567]]],[[[115.36553,-8.54461],[115.36688,-8.54328],[115.36823,-8.54461],[115.36688,-8.54594],[115.36553,-8.54461]]],[[[115.3489,-8.53847],[115.34755,-8.5398],[115.3462,-8.53847],[115.34755,-8.53714],[115.3489,-8.53847]]],[[[115.39601,-8.53847],[115.39466,-8.5398],[115.39332,-8.53847],[115.39466,-8.53714],[115.39601,-8.53847]]],[[[115.32394,-8.53728],[115.32259,-8.53861],[115.32124,-8.53728],[115.32259,-8.53595],[115.32394,-8.53728]]],[[[115.45647,-8.53624],[115.45782,-8.53491],[115.45917,-8.53624],[115.45782,-8.53757],[115.45647,-8.53624]]],[[[115.50189,-8.5075],[115.50323,-8.50616],[115.50458,-8.5075],[115.50323,-8.50883],[115.50189,-8.5075]]],[[[115.60179,-8.48616],[115.60044,-8.48749],[115.59909,-8.48616],[115.60044,-8.48483],[115.60179,-8.48616]]],[[[115.44634,-8.48408],[115.44499,-8.48542],[115.44365,-8.48408],[115.44499,-8.48275],[115.44634,-8.48408]]],[[[115.35273,-8.46585],[115.35139,-8.46718],[115.35004,-8.46585],[115.35139,-8.46452],[115.35273,-8.46585]]],[[[115.35113,-8.45649],[115.35248,-8.45516],[115.35383,-8.45649],[115.35248,-8.45783],[115.35113,-8.45649]]],[[[115.38243,-8.4514],[115.38377,-8.45007],[115.38512,-8.4514],[115.38377,-8.45274],[115.38243,-8.4514]]],[[[115.55697,-8.44046],[115.55562,-8.44179],[115.55427,-8.44046],[115.55562,-8.43913],[115.55697,-8.44046]]],[[[115.48152,-8.4388],[115.48017,-8.44013],[115.47882,-8.4388],[115.48017,-8.43747],[115.48152,-8.4388]]],[[[115.61407,-8.43613],[115.61272,-8.43746],[115.61137,-8.43613],[115.61272,-8.4348],[115.61407,-8.43613]]],[[[115.30767,-8.41922],[115.30902,-8.41789],[115.31037,-8.41922],[115.30902,-8.42056],[115.30767,-8.41922]]],[[[115.41968,-8.40937],[115.42102,-8.40804],[115.42237,-8.40937],[115.42102,-8.4107],[115.41968,-8.40937]]],[[[115.60864,-8.37554],[115.60729,-8.37687],[115.60594,-8.37554],[115.60729,-8.3742],[115.60864,-8.37554]]],[[[115.34777,-8.3618],[115.34642,-8.36313],[115.34507,-8.3618],[115.34642,-8.36046],[115.34777,-8.3618]]],[[[115.36522,-8.32857],[115.36387,-8.32991],[115.36252,-8.32857],[115.36387,-8.32724],[115.36522,-8.32857]]],[[[115.57005,-8.25342],[115.5714,-8.25208],[115.57274,-8.25342],[115.5714,-8.25475],[115.57005,-8.25342]]],[[[115.32783,-8.25119],[115.32918,-8.24985],[115.33053,-8.25119],[115.32918,-8.25252],[115.32783,-8.25119]]]]}},{"type":"Feature","properties":{"tipe_zona":"Fasilitas Kesehatan","Satwil":"Polda DI Yogyakarta","geofence_limit":40,"jam_mulai":"00:00","jam_selesai":"23:59"},"geometry":{"type":"MultiPolygon","coordinates":[[[[110.26362,-7.96666],[110.26497,-7.96533],[110.26632,-7.96666],[110.26497,-7.968],[110.26362,-7.96666]]],[[[110.2233,-7.94709],[110.22464,-7.94576],[110.22599,-7.94709],[110.22464,-7.94843],[110.2233,-7.94709]]],[[[110.23427,-7.94059],[110.23562,-7.93925],[110.23697,-7.94059],[110.23562,-7.94192],[110.23427,-7.94059]]],[[[110.25201,-7.93819],[110.25067,-7.93952],[110.24932,-7.93819],[110.25067,-7.93685],[110.25201,-7.93819]]],[[[110.20369,-7.92961],[110.20234,-7.93094],[110.20099,-7.92961],[110.20234,-7.92827],[110.20369,-7.92961]]],[[[110.24675,-7.92404],[110.24809,-7.9227],[110.24944,-7.92404],[110.24809,-7.92537],[110.24675,-7.92404]]],[[[110.28389,-7.91699],[110.28524,-7.91833],[110.28389,-7.91966],[110.28255,-7.91833],[110.28389,-7.91699]]],[[[110.16905,-7.90581],[110.1704,-7.90448],[110.17174,-7.90581],[110.1704,-7.90715],[110.16905,-7.90581]]],[[[110.20443,-7.90253],[110.20308,-7.90386],[110.20173,-7.90253],[110.20308,-7.90119],[110.20443,-7.90253]]],[[[110.29097,-7.89346],[110.28962,-7.8948],[110.28827,-7.89346],[110.28962,-7.89213],[110.29097,-7.89346]]],[[[110.13267,-7.89258],[110.13402,-7.89124],[110.13537,-7.89258],[110.13402,-7.89391],[110.13267,-7.89258]]],[[[110.05931,-7.88671],[110.06066,-7.88537],[110.062,-7.88671],[110.06066,-7.88804],[110.05931,-7.88671]]],[[[110.07286,-7.88639],[110.0742,-7.88506],[110.07555,-7.88639],[110.0742,-7.88773],[110.07286,-7.88639]]],[[[110.14784,-7.86078],[110.1465,-7.86212],[110.14515,-7.86078],[110.1465,-7.85945],[110.14784,-7.86078]]],[[[110.17005,-7.84214],[110.16871,-7.84347],[110.16736,-7.84214],[110.16871,-7.8408],[110.17005,-7.84214]]],[[[110.10019,-7.84022],[110.10154,-7.83888],[110.10288,-7.84022],[110.10154,-7.84155],[110.10019,-7.84022]]],[[[110.2203,-7.83409],[110.21896,-7.83542],[110.21761,-7.83409],[110.21802,-7.83368],[110.21767,-7.83333],[110.21902,-7.832],[110.22037,-7.83333],[110.21995,-7.83374],[110.2203,-7.83409]]],[[[110.16416,-7.83015],[110.16551,-7.83149],[110.16416,-7.83282],[110.16281,-7.83149],[110.16416,-7.83015]]],[[[110.22572,-7.81988],[110.22707,-7.82122],[110.22572,-7.82255],[110.22438,-7.82122],[110.22572,-7.81988]]],[[[110.25798,-7.81682],[110.25663,-7.81816],[110.25528,-7.81682],[110.25663,-7.81549],[110.25798,-7.81682]]],[[[110.28819,-7.80681],[110.28954,-7.80815],[110.28819,-7.80948],[110.28685,-7.80815],[110.28819,-7.80681]]],[[[110.27507,-7.80168],[110.27641,-7.80035],[110.27776,-7.80168],[110.27641,-7.80302],[110.27507,-7.80168]]],[[[110.11354,-7.79868],[110.11489,-7.79734],[110.11624,-7.79868],[110.11489,-7.80002],[110.11354,-7.79868]]],[[[110.25276,-7.77467],[110.25411,-7.77601],[110.25276,-7.77734],[110.25142,-7.77601],[110.25276,-7.77467]]],[[[110.21109,-7.77465],[110.20974,-7.77598],[110.20839,-7.77465],[110.20974,-7.77331],[110.21109,-7.77465]]],[[[110.1841,-7.77027],[110.18545,-7.7716],[110.1841,-7.77294],[110.18275,-7.7716],[110.1841,-7.77027]]],[[[110.24262,-7.75344],[110.24396,-7.75478],[110.24262,-7.75611],[110.24127,-7.75478],[110.24262,-7.75344]]],[[[110.21143,-7.75405],[110.21278,-7.75271],[110.21412,-7.75405],[110.21278,-7.75538],[110.21143,-7.75405]]],[[[110.14613,-7.74323],[110.14748,-7.74457],[110.14613,-7.7459],[110.14479,-7.74457],[110.14613,-7.74323]]],[[[110.24025,-7.72125],[110.23891,-7.72259],[110.23756,-7.72125],[110.23891,-7.71992],[110.24025,-7.72125]]],[[[110.22344,-7.69448],[110.22478,-7.69581],[110.22344,-7.69715],[110.22209,-7.69581],[110.22344,-7.69448]]],[[[110.25759,-7.68694],[110.25894,-7.68827],[110.25759,-7.68961],[110.25624,-7.68827],[110.25759,-7.68694]]],[[[110.13462,-7.67261],[110.13596,-7.67395],[110.13462,-7.67529],[110.13327,-7.67395],[110.13462,-7.67261]]],[[[110.1654,-7.67159],[110.16674,-7.67026],[110.16809,-7.67159],[110.16674,-7.67293],[110.1654,-7.67159]]],[[[110.32028,-7.97253],[110.31893,-7.97387],[110.31758,-7.97253],[110.31893,-7.9712],[110.32028,-7.97253]]],[[[110.34514,-7.95672],[110.3438,-7.95806],[110.34245,-7.95672],[110.3438,-7.95539],[110.34514,-7.95672]]],[[[110.34388,-7.93262],[110.34523,-7.93128],[110.34658,-7.93262],[110.34523,-7.93395],[110.34388,-7.93262]]],[[[110.31974,-7.92566],[110.31839,-7.92699],[110.31704,-7.92566],[110.31839,-7.92432],[110.31974,-7.92566]]],[[[110.31481,-7.92184],[110.31347,-7.92318],[110.31212,-7.92184],[110.31347,-7.92051],[110.31481,-7.92184]]],[[[110.31922,-7.90555],[110.32057,-7.90421],[110.32192,-7.90555],[110.32057,-7.90688],[110.31922,-7.90555]]],[[[110.31822,-7.90322],[110.31687,-7.90455],[110.31552,-7.90322],[110.31687,-7.90188],[110.31822,-7.90322]]],[[[110.34498,-7.887],[110.34363,-7.88834],[110.34228,-7.887],[110.34363,-7.88567],[110.34498,-7.887]]],[[[110.33624,-7.88565],[110.33758,-7.88432],[110.33893,-7.88565],[110.33758,-7.88699],[110.33624,-7.88565]]],[[[110.32919,-7.87853],[110.33054,-7.8772],[110.33189,-7.87853],[110.33054,-7.87987],[110.32919,-7.87853]]],[[[110.32419,-7.87482],[110.32554,-7.87348],[110.32688,-7.87482],[110.32554,-7.87615],[110.32419,-7.87482]]],[[[110.32851,-7.87178],[110.32716,-7.87311],[110.32581,-7.87178],[110.32716,-7.87044],[110.32851,-7.87178]]],[[[110.35476,-7.86089],[110.35341,-7.86222],[110.35206,-7.86089],[110.35341,-7.85955],[110.35476,-7.86089]]],[[[110.35915,-7.847],[110.36049,-7.84567],[110.36184,-7.847],[110.36049,-7.84834],[110.35915,-7.847]]],[[[110.31211,-7.83696],[110.31346,-7.83829],[110.31211,-7.83963],[110.31076,-7.83829],[110.31211,-7.83696]]],[[[110.36039,-7.83282],[110.36173,-7.83416],[110.36039,-7.83549],[110.35904,-7.83416],[110.36039,-7.83282]]],[[[110.34502,-7.82771],[110.34637,-7.82904],[110.34502,-7.83038],[110.34367,-7.82904],[110.34502,-7.82771]]],[[[110.3494,-7.81064],[110.34805,-7.81198],[110.3467,-7.81064],[110.34805,-7.80931],[110.3494,-7.81064]]],[[[110.35624,-7.80257],[110.35653,-7.80228],[110.35788,-7.80362],[110.35653,-7.80495],[110.35619,-7.80462],[110.3559,-7.80491],[110.35455,-7.80357],[110.3559,-7.80224],[110.35624,-7.80257]]],[[[110.31891,-7.80072],[110.32026,-7.79938],[110.32161,-7.80072],[110.32026,-7.80205],[110.31891,-7.80072]]],[[[110.31771,-7.79907],[110.31906,-7.80041],[110.31771,-7.80174],[110.31636,-7.80041],[110.31771,-7.79907]]],[[[110.35307,-7.79965],[110.35172,-7.80098],[110.35037,-7.79965],[110.35172,-7.79831],[110.35307,-7.79965]]],[[[110.35301,-7.79121],[110.35436,-7.79255],[110.35301,-7.79388],[110.35166,-7.79255],[110.35301,-7.79121]]],[[[110.33777,-7.78173],[110.33912,-7.78307],[110.33777,-7.7844],[110.33643,-7.78307],[110.33777,-7.78173]]],[[[110.29445,-7.76738],[110.2931,-7.76872],[110.29176,-7.76738],[110.2931,-7.76605],[110.29445,-7.76738]]],[[[110.29189,-7.76659],[110.29055,-7.76792],[110.2892,-7.76659],[110.29055,-7.76525],[110.29189,-7.76659]]],[[[110.29039,-7.76409],[110.29174,-7.76275],[110.29309,-7.76409],[110.29174,-7.76542],[110.29039,-7.76409]]],[[[110.33811,-7.76258],[110.33676,-7.76392],[110.33541,-7.76258],[110.33676,-7.76125],[110.33811,-7.76258]]],[[[110.35029,-7.74249],[110.35163,-7.74382],[110.35029,-7.74516],[110.34894,-7.74382],[110.35029,-7.74249]]],[[[110.32658,-7.73222],[110.32793,-7.73088],[110.32928,-7.73222],[110.32793,-7.73355],[110.32658,-7.73222]]],[[[110.29967,-7.7192],[110.30101,-7.71786],[110.30236,-7.7192],[110.30101,-7.72053],[110.29967,-7.7192]]],[[[110.34653,-7.70056],[110.34788,-7.7019],[110.34653,-7.70323],[110.34519,-7.7019],[110.34653,-7.70056]]],[[[110.34325,-7.68688],[110.3419,-7.68821],[110.34055,-7.68688],[110.3419,-7.68554],[110.34325,-7.68688]]],[[[110.32712,-7.65958],[110.32694,-7.6594],[110.32674,-7.6596],[110.3254,-7.65826],[110.32674,-7.65693],[110.32692,-7.65711],[110.32712,-7.65691],[110.32847,-7.65824],[110.32712,-7.65958]]],[[[110.37266,-7.94326],[110.37401,-7.94459],[110.37266,-7.94593],[110.37131,-7.94459],[110.37266,-7.94326]]],[[[110.37896,-7.91984],[110.38031,-7.9185],[110.38165,-7.91984],[110.38031,-7.92117],[110.37896,-7.91984]]],[[[110.38361,-7.84323],[110.38496,-7.84456],[110.38361,-7.8459],[110.38227,-7.84456],[110.38361,-7.84323]]],[[[110.3655,-7.8375],[110.36685,-7.83884],[110.3655,-7.84017],[110.36415,-7.83884],[110.3655,-7.8375]]],[[[110.37997,-7.82514],[110.37863,-7.82647],[110.37728,-7.82514],[110.37863,-7.8238],[110.37997,-7.82514]]],[[[110.36148,-7.81924],[110.36283,-7.82057],[110.36148,-7.82191],[110.36013,-7.82057],[110.36148,-7.81924]]],[[[110.37391,-7.81427],[110.37525,-7.8156],[110.37391,-7.81694],[110.37256,-7.8156],[110.37391,-7.81427]]],[[[110.38641,-7.81533],[110.38776,-7.81399],[110.3891,-7.81533],[110.38776,-7.81666],[110.38641,-7.81533]]],[[[110.38299,-7.81484],[110.38165,-7.81618],[110.3803,-7.81484],[110.38165,-7.81351],[110.38299,-7.81484]]],[[[110.37664,-7.81019],[110.37529,-7.81152],[110.37394,-7.81019],[110.37529,-7.80885],[110.37664,-7.81019]]],[[[110.36917,-7.80395],[110.37052,-7.80262],[110.37187,-7.80395],[110.37052,-7.80529],[110.36917,-7.80395]]],[[[110.3661,-7.80137],[110.36476,-7.8027],[110.36341,-7.80137],[110.36476,-7.80003],[110.3661,-7.80137]]],[[[110.36226,-7.7998],[110.3636,-7.80114],[110.36226,-7.80247],[110.36091,-7.80114],[110.36226,-7.7998]]],[[[110.37728,-7.79978],[110.37863,-7.80112],[110.37728,-7.80245],[110.37593,-7.80112],[110.37728,-7.79978]]],[[[110.37705,-7.79802],[110.3757,-7.79935],[110.37436,-7.79802],[110.3757,-7.79668],[110.37705,-7.79802]]],[[[110.37318,-7.79551],[110.37452,-7.79685],[110.37318,-7.79818],[110.37183,-7.79685],[110.37318,-7.79551]]],[[[110.37129,-7.79441],[110.37264,-7.79307],[110.37398,-7.79441],[110.37264,-7.79574],[110.37129,-7.79441]]],[[[110.37938,-7.79373],[110.38073,-7.79239],[110.38207,-7.79373],[110.38073,-7.79506],[110.37938,-7.79373]]],[[[110.36216,-7.79104],[110.36351,-7.79238],[110.36216,-7.79371],[110.36081,-7.79238],[110.36216,-7.79104]]],[[[110.37914,-7.78864],[110.37779,-7.78997],[110.37644,-7.78864],[110.37779,-7.7873],[110.37914,-7.78864]]],[[[110.37683,-7.78424],[110.37817,-7.78557],[110.37683,-7.78691],[110.37548,-7.78557],[110.37683,-7.78424]]],[[[110.36222,-7.7822],[110.36357,-7.78354],[110.36222,-7.78487],[110.36087,-7.78354],[110.36222,-7.7822]]],[[[110.37687,-7.78327],[110.37822,-7.78193],[110.37956,-7.78327],[110.37822,-7.7846],[110.37687,-7.78327]]],[[[110.375,-7.77945],[110.37635,-7.78079],[110.375,-7.78212],[110.37365,-7.78079],[110.375,-7.77945]]],[[[110.37241,-7.77867],[110.37106,-7.78],[110.36972,-7.77867],[110.37106,-7.77733],[110.37241,-7.77867]]],[[[110.38696,-7.7766],[110.3883,-7.77793],[110.38696,-7.77927],[110.38561,-7.77793],[110.38696,-7.7766]]],[[[110.37482,-7.77724],[110.37617,-7.7759],[110.37752,-7.77724],[110.37617,-7.77857],[110.37482,-7.77724]]],[[[110.36016,-7.77255],[110.3615,-7.77122],[110.36285,-7.77255],[110.3615,-7.77389],[110.36016,-7.77255]]],[[[110.3742,-7.76924],[110.37511,-7.77014],[110.37376,-7.77147],[110.37241,-7.77014],[110.37304,-7.76952],[110.37213,-7.76862],[110.37347,-7.76728],[110.37482,-7.76862],[110.3742,-7.76924]]],[[[110.36797,-7.76598],[110.36932,-7.76731],[110.36797,-7.76865],[110.36662,-7.76731],[110.36797,-7.76598]]],[[[110.36454,-7.75732],[110.3632,-7.75865],[110.36185,-7.75732],[110.3632,-7.75598],[110.36454,-7.75732]]],[[[110.36302,-7.75315],[110.36437,-7.75448],[110.36302,-7.75582],[110.36167,-7.75448],[110.36302,-7.75315]]],[[[110.38635,-7.70454],[110.3877,-7.70587],[110.38635,-7.70721],[110.385,-7.70587],[110.38635,-7.70454]]],[[[110.38109,-7.65397],[110.37974,-7.65531],[110.3784,-7.65397],[110.37974,-7.65264],[110.38109,-7.65397]]],[[[110.42046,-8.01223],[110.42181,-8.01356],[110.42046,-8.01489],[110.41911,-8.01356],[110.42046,-8.01223]]],[[[110.38936,-7.88624],[110.38802,-7.88757],[110.38667,-7.88624],[110.38802,-7.8849],[110.38936,-7.88624]]],[[[110.40815,-7.8643],[110.4095,-7.86564],[110.40815,-7.86697],[110.4068,-7.86564],[110.40815,-7.8643]]],[[[110.38833,-7.86429],[110.38968,-7.86295],[110.39102,-7.86429],[110.38968,-7.86562],[110.38833,-7.86429]]],[[[110.45721,-7.83106],[110.45856,-7.82972],[110.4599,-7.83106],[110.45856,-7.83239],[110.45721,-7.83106]]],[[[110.41395,-7.82796],[110.4153,-7.8293],[110.41395,-7.83063],[110.4126,-7.8293],[110.41395,-7.82796]]],[[[110.40191,-7.82218],[110.40056,-7.82351],[110.39921,-7.82218],[110.40056,-7.82084],[110.40191,-7.82218]]],[[[110.43007,-7.81899],[110.43142,-7.82032],[110.43007,-7.82166],[110.42872,-7.82032],[110.43007,-7.81899]]],[[[110.3946,-7.81232],[110.39595,-7.81365],[110.3946,-7.81498],[110.39325,-7.81365],[110.3946,-7.81232]]],[[[110.40212,-7.81096],[110.40347,-7.8123],[110.40212,-7.81363],[110.40077,-7.8123],[110.40212,-7.81096]]],[[[110.4047,-7.80779],[110.40605,-7.80645],[110.40739,-7.80779],[110.40605,-7.80912],[110.4047,-7.80779]]],[[[110.39601,-7.8063],[110.39466,-7.80764],[110.39331,-7.8063],[110.39466,-7.80497],[110.39601,-7.8063]]],[[[110.39101,-7.80016],[110.38967,-7.8015],[110.38832,-7.80016],[110.38967,-7.79883],[110.39101,-7.80016]]],[[[110.40908,-7.79732],[110.41043,-7.79599],[110.41178,-7.79732],[110.41043,-7.79866],[110.40908,-7.79732]]],[[[110.39192,-7.79263],[110.39327,-7.79397],[110.39192,-7.7953],[110.39057,-7.79397],[110.39192,-7.79263]]],[[[110.39088,-7.78209],[110.39223,-7.78343],[110.39088,-7.78476],[110.38953,-7.78343],[110.39088,-7.78209]]],[[[110.38953,-7.77697],[110.39088,-7.77831],[110.38953,-7.77964],[110.38818,-7.77831],[110.38953,-7.77697]]],[[[110.43273,-7.77498],[110.43139,-7.77631],[110.43004,-7.77498],[110.43139,-7.77364],[110.43273,-7.77498]]],[[[110.43277,-7.76892],[110.43412,-7.77025],[110.43277,-7.77159],[110.43143,-7.77025],[110.43277,-7.76892]]],[[[110.43461,-7.7611],[110.43596,-7.76244],[110.43461,-7.76378],[110.43326,-7.76244],[110.43461,-7.7611]]],[[[110.45063,-7.75847],[110.44929,-7.75981],[110.44794,-7.75847],[110.44929,-7.75714],[110.45063,-7.75847]]],[[[110.40357,-7.75622],[110.40492,-7.75756],[110.40357,-7.75889],[110.40222,-7.75756],[110.40357,-7.75622]]],[[[110.40816,-7.75531],[110.40951,-7.75665],[110.40816,-7.75798],[110.40681,-7.75665],[110.40816,-7.75531]]],[[[110.40709,-7.75443],[110.40575,-7.75577],[110.4044,-7.75443],[110.40575,-7.7531],[110.40709,-7.75443]]],[[[110.42508,-7.7458],[110.42642,-7.74713],[110.42508,-7.74847],[110.42373,-7.74713],[110.42508,-7.7458]]],[[[110.40103,-7.73252],[110.40238,-7.73119],[110.40372,-7.73252],[110.40238,-7.73386],[110.40103,-7.73252]]],[[[110.40272,-7.72086],[110.40275,-7.72083],[110.40409,-7.72216],[110.40275,-7.7235],[110.40258,-7.72333],[110.40255,-7.72337],[110.4012,-7.72203],[110.40255,-7.72069],[110.40272,-7.72086]]],[[[110.44949,-7.71419],[110.44815,-7.71553],[110.4468,-7.71419],[110.44815,-7.71286],[110.44949,-7.71419]]],[[[110.44604,-7.70297],[110.44469,-7.70431],[110.44334,-7.70297],[110.44469,-7.70163],[110.44604,-7.70297]]],[[[110.41701,-7.69984],[110.41836,-7.70118],[110.41701,-7.70251],[110.41567,-7.70118],[110.41701,-7.69984]]],[[[110.41148,-7.69152],[110.41283,-7.69019],[110.41417,-7.69152],[110.41283,-7.69286],[110.41148,-7.69152]]],[[[110.41718,-7.66745],[110.41853,-7.66878],[110.41718,-7.67012],[110.41583,-7.66878],[110.41718,-7.66745]]],[[[110.45783,-7.66485],[110.45648,-7.66619],[110.45514,-7.66485],[110.45648,-7.66352],[110.45783,-7.66485]]],[[[110.42188,-7.66105],[110.42246,-7.66163],[110.42112,-7.66297],[110.41977,-7.66163],[110.42066,-7.66075],[110.42008,-7.66017],[110.42142,-7.65883],[110.42277,-7.66017],[110.42188,-7.66105]]],[[[110.76915,-8.15925],[110.7705,-8.16058],[110.76915,-8.16191],[110.7678,-8.16058],[110.76915,-8.15925]]],[[[110.67619,-8.14778],[110.67754,-8.14645],[110.67889,-8.14778],[110.67754,-8.14911],[110.67619,-8.14778]]],[[[110.64559,-8.11584],[110.64694,-8.11718],[110.64559,-8.11851],[110.64424,-8.11718],[110.64559,-8.11584]]],[[[110.7652,-8.07568],[110.76385,-8.07701],[110.76251,-8.07568],[110.76385,-8.07435],[110.7652,-8.07568]]],[[[110.50386,-8.04367],[110.50521,-8.045],[110.50386,-8.04634],[110.50251,-8.045],[110.50386,-8.04367]]],[[[110.49302,-8.03645],[110.49437,-8.03778],[110.49302,-8.03912],[110.49167,-8.03778],[110.49302,-8.03645]]],[[[110.59927,-8.02353],[110.59792,-8.02486],[110.59657,-8.02353],[110.59792,-8.02219],[110.59927,-8.02353]]],[[[110.73559,-8.01535],[110.73694,-8.01668],[110.73559,-8.01801],[110.73424,-8.01668],[110.73559,-8.01535]]],[[[110.51409,-7.99807],[110.51543,-7.99941],[110.51409,-8.00074],[110.51274,-7.99941],[110.51409,-7.99807]]],[[[110.59674,-7.98615],[110.59539,-7.98748],[110.59405,-7.98615],[110.59539,-7.98481],[110.59674,-7.98615]]],[[[110.71206,-7.96968],[110.7134,-7.97102],[110.71206,-7.97235],[110.71071,-7.97102],[110.71206,-7.96968]]],[[[110.60157,-7.96184],[110.60292,-7.96051],[110.60427,-7.96184],[110.60292,-7.96317],[110.60157,-7.96184]]],[[[110.59887,-7.95951],[110.60022,-7.95818],[110.60157,-7.95951],[110.60022,-7.96085],[110.59887,-7.95951]]],[[[110.52105,-7.95662],[110.5224,-7.95795],[110.52105,-7.95928],[110.51971,-7.95795],[110.52105,-7.95662]]],[[[110.67259,-7.95311],[110.67124,-7.95444],[110.6699,-7.95311],[110.67124,-7.95177],[110.67259,-7.95311]]],[[[110.66874,-7.95038],[110.67008,-7.95172],[110.66874,-7.95305],[110.66739,-7.95172],[110.66874,-7.95038]]],[[[110.63851,-7.93782],[110.63986,-7.93916],[110.63851,-7.94049],[110.63716,-7.93916],[110.63851,-7.93782]]],[[[110.54499,-7.92874],[110.54634,-7.93008],[110.54499,-7.93141],[110.54364,-7.93008],[110.54499,-7.92874]]],[[[110.60355,-7.92697],[110.6049,-7.92564],[110.60624,-7.92697],[110.6049,-7.92831],[110.60355,-7.92697]]],[[[110.47002,-7.92556],[110.46868,-7.9269],[110.46733,-7.92556],[110.46868,-7.92423],[110.47002,-7.92556]]],[[[110.61993,-7.88987],[110.61858,-7.89121],[110.61724,-7.88987],[110.61858,-7.88854],[110.61993,-7.88987]]],[[[110.73223,-7.86645],[110.73358,-7.86512],[110.73493,-7.86645],[110.73358,-7.86779],[110.73223,-7.86645]]],[[[110.76555,-7.85892],[110.76689,-7.86026],[110.76555,-7.86159],[110.7642,-7.86026],[110.76555,-7.85892]]],[[[110.48955,-7.85048],[110.49089,-7.85182],[110.48955,-7.85315],[110.4882,-7.85182],[110.48955,-7.85048]]],[[[110.6604,-7.85115],[110.65906,-7.85249],[110.65771,-7.85115],[110.65906,-7.84982],[110.6604,-7.85115]]],[[[110.59361,-7.84339],[110.59226,-7.84472],[110.59092,-7.84339],[110.59226,-7.84205],[110.59361,-7.84339]]],[[[110.58891,-7.80734],[110.59026,-7.80601],[110.5916,-7.80734],[110.59026,-7.80868],[110.58891,-7.80734]]],[[[110.4845,-7.80464],[110.48315,-7.80598],[110.48181,-7.80464],[110.48315,-7.80331],[110.4845,-7.80464]]],[[[110.48376,-7.78015],[110.48241,-7.78149],[110.48107,-7.78015],[110.48241,-7.77882],[110.48376,-7.78015]]],[[[110.45768,-7.77665],[110.45902,-7.77532],[110.46037,-7.77665],[110.45902,-7.77799],[110.45768,-7.77665]]],[[[110.46811,-7.77216],[110.46676,-7.7735],[110.46541,-7.77216],[110.46676,-7.77083],[110.46811,-7.77216]]],[[[110.46679,-7.69967],[110.46545,-7.701],[110.4641,-7.69967],[110.46545,-7.69833],[110.46679,-7.69967]]]]}},{"type":"Feature","properties":{"tipe_zona":"Fasilitas Kesehatan","Satwil":"Polresta Surakarta","geofence_limit":40,"jam_mulai":"00:00","jam_selesai":"23:59"},"geometry":{"type":"MultiPolygon","coordinates":[[[[110.81741,-7.57471],[110.81876,-7.57338],[110.82011,-7.57471],[110.81876,-7.57605],[110.81741,-7.57471]]],[[[110.80232,-7.56984],[110.80097,-7.57117],[110.79962,-7.56984],[110.80097,-7.5685],[110.80232,-7.56984]]],[[[110.81793,-7.56554],[110.81658,-7.56688],[110.81523,-7.56554],[110.81658,-7.56421],[110.81793,-7.56554]]],[[[110.8004,-7.56299],[110.80175,-7.56166],[110.8031,-7.56299],[110.80175,-7.56433],[110.8004,-7.56299]]],[[[110.79243,-7.55987],[110.79108,-7.56121],[110.78973,-7.55987],[110.79108,-7.55854],[110.79243,-7.55987]]],[[[110.80124,-7.55709],[110.79989,-7.55842],[110.79855,-7.55709],[110.79989,-7.55575],[110.80124,-7.55709]]],[[[110.78848,-7.5502],[110.78983,-7.54886],[110.79118,-7.5502],[110.78983,-7.55154],[110.78848,-7.5502]]],[[[110.83514,-7.59202],[110.8338,-7.59335],[110.83245,-7.59202],[110.8338,-7.59068],[110.83514,-7.59202]]],[[[110.82692,-7.58331],[110.82557,-7.58464],[110.82422,-7.58331],[110.82557,-7.58197],[110.82692,-7.58331]]],[[[110.84347,-7.55847],[110.84212,-7.55981],[110.84077,-7.55847],[110.84212,-7.55714],[110.84347,-7.55847]]],[[[110.82633,-7.55785],[110.82499,-7.55919],[110.82364,-7.55785],[110.82499,-7.55651],[110.82633,-7.55785]]],[[[110.84006,-7.5555],[110.83872,-7.55683],[110.83737,-7.5555],[110.83872,-7.55416],[110.84006,-7.5555]]],[[[110.84724,-7.53595],[110.84589,-7.53729],[110.84455,-7.53595],[110.84589,-7.53461],[110.84724,-7.53595]]]]}},{"type":"Feature","properties":{"tipe_zona":"Fasilitas Kesehatan","Satwil":"Polrestabes Bandung","geofence_limit":40,"jam_mulai":"00:00","jam_selesai":"23:59"},"geometry":{"type":"MultiPolygon","coordinates":[[[[107.58517,-6.95261],[107.58652,-6.95128],[107.58787,-6.95261],[107.58652,-6.95395],[107.58517,-6.95261]]],[[[107.58713,-6.93849],[107.58848,-6.93716],[107.58983,-6.93849],[107.58848,-6.93983],[107.58713,-6.93849]]],[[[107.59474,-6.93558],[107.59608,-6.93424],[107.59743,-6.93558],[107.59608,-6.93692],[107.59474,-6.93558]]],[[[107.58387,-6.93341],[107.58253,-6.93475],[107.58118,-6.93341],[107.58253,-6.93208],[107.58387,-6.93341]]],[[[107.60175,-6.92933],[107.6004,-6.93067],[107.59905,-6.92933],[107.6004,-6.928],[107.60175,-6.92933]]],[[[107.56561,-6.92189],[107.56696,-6.92055],[107.56831,-6.92189],[107.56696,-6.92323],[107.56561,-6.92189]]],[[[107.59902,-6.9155],[107.60037,-6.91416],[107.60172,-6.9155],[107.60037,-6.91684],[107.59902,-6.9155]]],[[[107.57603,-6.91141],[107.57738,-6.91007],[107.57873,-6.91141],[107.57738,-6.91275],[107.57603,-6.91141]]],[[[107.59904,-6.90061],[107.59769,-6.90195],[107.59635,-6.90061],[107.59769,-6.89927],[107.59904,-6.90061]]],[[[107.59923,-6.8971],[107.59788,-6.89844],[107.59653,-6.8971],[107.59788,-6.89577],[107.59923,-6.8971]]],[[[107.58751,-6.89585],[107.58885,-6.89451],[107.5902,-6.89585],[107.58885,-6.89719],[107.58751,-6.89585]]],[[[107.59319,-6.89228],[107.59454,-6.89094],[107.59589,-6.89228],[107.59454,-6.89361],[107.59319,-6.89228]]],[[[107.60167,-6.87802],[107.60301,-6.87668],[107.60436,-6.87802],[107.60301,-6.87936],[107.60167,-6.87802]]],[[[107.58351,-6.86812],[107.58217,-6.86946],[107.58082,-6.86812],[107.58217,-6.86679],[107.58351,-6.86812]]],[[[107.63925,-6.96482],[107.63791,-6.96616],[107.63656,-6.96482],[107.63791,-6.96348],[107.63925,-6.96482]]],[[[107.61192,-6.95954],[107.61326,-6.95821],[107.61461,-6.95954],[107.61326,-6.96088],[107.61192,-6.95954]]],[[[107.61932,-6.95121],[107.62067,-6.94988],[107.62202,-6.95121],[107.62067,-6.95255],[107.61932,-6.95121]]],[[[107.64489,-6.94001],[107.64624,-6.93867],[107.64759,-6.94001],[107.64624,-6.94135],[107.64489,-6.94001]]],[[[107.62392,-6.92823],[107.62257,-6.92957],[107.62122,-6.92823],[107.62257,-6.92689],[107.62392,-6.92823]]],[[[107.64531,-6.91903],[107.64396,-6.92037],[107.64262,-6.91903],[107.64396,-6.9177],[107.64531,-6.91903]]],[[[107.6113,-6.91824],[107.61264,-6.9169],[107.61399,-6.91824],[107.61264,-6.91957],[107.6113,-6.91824]]],[[[107.60303,-6.91019],[107.60438,-6.90885],[107.60573,-6.91019],[107.60438,-6.91152],[107.60303,-6.91019]]],[[[107.61228,-6.90614],[107.61363,-6.9048],[107.61498,-6.90614],[107.61363,-6.90748],[107.61228,-6.90614]]],[[[107.62364,-6.89808],[107.62229,-6.89942],[107.62095,-6.89808],[107.62229,-6.89674],[107.62364,-6.89808]]],[[[107.60859,-6.89704],[107.60724,-6.89838],[107.60589,-6.89704],[107.60724,-6.8957],[107.60859,-6.89704]]],[[[107.61233,-6.89399],[107.61368,-6.89266],[107.61503,-6.89399],[107.61368,-6.89533],[107.61233,-6.89399]]],[[[107.60194,-6.89208],[107.60329,-6.89074],[107.60463,-6.89208],[107.60329,-6.89342],[107.60194,-6.89208]]],[[[107.62221,-6.8783],[107.62356,-6.87696],[107.62491,-6.8783],[107.62356,-6.87964],[107.62221,-6.8783]]],[[[107.68578,-6.94819],[107.68443,-6.94953],[107.68309,-6.94819],[107.68443,-6.94685],[107.68578,-6.94819]]],[[[107.6633,-6.94696],[107.66196,-6.94829],[107.66061,-6.94696],[107.66196,-6.94562],[107.6633,-6.94696]]],[[[107.67493,-6.94364],[107.67628,-6.9423],[107.67762,-6.94364],[107.67628,-6.94498],[107.67493,-6.94364]]],[[[107.69049,-6.94051],[107.69184,-6.93917],[107.69318,-6.94051],[107.69184,-6.94185],[107.69049,-6.94051]]],[[[107.71313,-6.93955],[107.71448,-6.93821],[107.71583,-6.93955],[107.71448,-6.94089],[107.71313,-6.93955]]],[[[107.72095,-6.9307],[107.7196,-6.93203],[107.71826,-6.9307],[107.7196,-6.92936],[107.72095,-6.9307]]],[[[107.656,-6.92422],[107.65466,-6.92556],[107.65331,-6.92422],[107.65466,-6.92288],[107.656,-6.92422]]],[[[107.69741,-6.91563],[107.69876,-6.91429],[107.7001,-6.91563],[107.69876,-6.91697],[107.69741,-6.91563]]],[[[107.68007,-6.91458],[107.67872,-6.91592],[107.67738,-6.91458],[107.67872,-6.91324],[107.68007,-6.91458]]],[[[107.66495,-6.9136],[107.6636,-6.91494],[107.66225,-6.9136],[107.6636,-6.91226],[107.66495,-6.9136]]],[[[107.69768,-6.91147],[107.69903,-6.91014],[107.70037,-6.91147],[107.69903,-6.91281],[107.69768,-6.91147]]],[[[107.65446,-6.90304],[107.65311,-6.90437],[107.65176,-6.90304],[107.65311,-6.9017],[107.65446,-6.90304]]],[[[107.66063,-6.90051],[107.65928,-6.90184],[107.65794,-6.90051],[107.65928,-6.89917],[107.66063,-6.90051]]]]}},{"type":"Feature","properties":{"tipe_zona":"Fasilitas Pendidikan","Satwil":"Polda Bali","geofence_limit":30,"jam_mulai":"06:30","jam_selesai":"14:00"},"geometry":{"type":"MultiPolygon","coordinates":[[[[114.61794,-8.40393],[114.61973,-8.40215],[114.62153,-8.40393],[114.61973,-8.40571],[114.61794,-8.40393]]],[[[114.61453,-8.40097],[114.61632,-8.40274],[114.61453,-8.40452],[114.61273,-8.40274],[114.61453,-8.40097]]],[[[114.64175,-8.40082],[114.64354,-8.4026],[114.64175,-8.40437],[114.63995,-8.4026],[114.64175,-8.40082]]],[[[114.64811,-8.40195],[114.64991,-8.40017],[114.6517,-8.40195],[114.64991,-8.40372],[114.64811,-8.40195]]],[[[114.59421,-8.39903],[114.59601,-8.40081],[114.59421,-8.40259],[114.59242,-8.40081],[114.59421,-8.39903]]],[[[114.64884,-8.39671],[114.65063,-8.39849],[114.64884,-8.40027],[114.64704,-8.39849],[114.64884,-8.39671]]],[[[114.66079,-8.39718],[114.66259,-8.3954],[114.66439,-8.39718],[114.66259,-8.39895],[114.66079,-8.39718]]],[[[114.58408,-8.39339],[114.58587,-8.39517],[114.58408,-8.39695],[114.58228,-8.39517],[114.58408,-8.39339]]],[[[114.65792,-8.39312],[114.65972,-8.3949],[114.65792,-8.39668],[114.65613,-8.3949],[114.65792,-8.39312]]],[[[114.60335,-8.3924],[114.60514,-8.39062],[114.60694,-8.3924],[114.60514,-8.39418],[114.60335,-8.3924]]],[[[114.6783,-8.39042],[114.6801,-8.3922],[114.6783,-8.39398],[114.6765,-8.3922],[114.6783,-8.39042]]],[[[114.58083,-8.38713],[114.58262,-8.38891],[114.58083,-8.39068],[114.57903,-8.38891],[114.58083,-8.38713]]],[[[114.64908,-8.38517],[114.65087,-8.38339],[114.65267,-8.38517],[114.65087,-8.38694],[114.64908,-8.38517]]],[[[114.60241,-8.38198],[114.60421,-8.38375],[114.60241,-8.38553],[114.60061,-8.38375],[114.60241,-8.38198]]],[[[114.6612,-8.37922],[114.663,-8.381],[114.6612,-8.38278],[114.6594,-8.381],[114.6612,-8.37922]]],[[[114.6864,-8.3805],[114.6846,-8.38228],[114.6828,-8.3805],[114.6846,-8.37872],[114.6864,-8.3805]]],[[[114.63515,-8.37784],[114.63695,-8.37961],[114.63515,-8.38139],[114.63336,-8.37961],[114.63515,-8.37784]]],[[[114.58033,-8.37506],[114.58212,-8.37684],[114.58033,-8.37862],[114.57853,-8.37684],[114.58033,-8.37506]]],[[[114.58993,-8.37454],[114.59172,-8.37631],[114.58993,-8.37809],[114.58813,-8.37631],[114.58993,-8.37454]]],[[[114.6817,-8.376],[114.6835,-8.37422],[114.6853,-8.376],[114.6835,-8.37778],[114.6817,-8.376]]],[[[114.59788,-8.37285],[114.59967,-8.37107],[114.60147,-8.37285],[114.59967,-8.37463],[114.59788,-8.37285]]],[[[114.6487,-8.37059],[114.6505,-8.37236],[114.6487,-8.37414],[114.64691,-8.37236],[114.6487,-8.37059]]],[[[114.67135,-8.3699],[114.67315,-8.37168],[114.67135,-8.37346],[114.66956,-8.37168],[114.67135,-8.3699]]],[[[114.62492,-8.37158],[114.62672,-8.3698],[114.62852,-8.37158],[114.62672,-8.37335],[114.62492,-8.37158]]],[[[114.6654,-8.3712],[114.6636,-8.37298],[114.6618,-8.3712],[114.6636,-8.36942],[114.6654,-8.3712]]],[[[114.67805,-8.36994],[114.6771,-8.37088],[114.6753,-8.3691],[114.6771,-8.36732],[114.67885,-8.36906],[114.6798,-8.36812],[114.6816,-8.3699],[114.6798,-8.37168],[114.67805,-8.36994]]],[[[114.6235,-8.3694],[114.6253,-8.36762],[114.6271,-8.3694],[114.6253,-8.37118],[114.6235,-8.3694]]],[[[114.57991,-8.36719],[114.58171,-8.36897],[114.57991,-8.37074],[114.57812,-8.36897],[114.57991,-8.36719]]],[[[114.56789,-8.36822],[114.56969,-8.36644],[114.57148,-8.36822],[114.56969,-8.37],[114.56789,-8.36822]]],[[[114.59253,-8.36575],[114.59433,-8.36753],[114.59253,-8.3693],[114.59073,-8.36753],[114.59253,-8.36575]]],[[[114.673,-8.367],[114.6748,-8.36522],[114.6766,-8.367],[114.6748,-8.36878],[114.673,-8.367]]],[[[114.62101,-8.36745],[114.62148,-8.36792],[114.62084,-8.36856],[114.6218,-8.3695],[114.62,-8.37128],[114.6182,-8.3695],[114.61885,-8.36887],[114.61789,-8.36792],[114.61819,-8.36763],[114.61728,-8.36674],[114.61908,-8.36496],[114.61951,-8.36538],[114.61962,-8.36528],[114.61961,-8.36527],[114.6196,-8.36528],[114.6178,-8.3635],[114.6196,-8.36172],[114.6206,-8.36271],[114.62061,-8.3627],[114.6224,-8.36448],[114.62167,-8.36521],[114.62248,-8.36601],[114.62101,-8.36745]]],[[[114.6376,-8.3655],[114.6394,-8.36372],[114.6412,-8.3655],[114.6394,-8.36728],[114.6376,-8.3655]]],[[[114.62834,-8.3655],[114.62654,-8.36727],[114.62475,-8.3655],[114.62654,-8.36372],[114.62834,-8.3655]]],[[[114.6482,-8.36262],[114.65,-8.3644],[114.6482,-8.36618],[114.6464,-8.3644],[114.6482,-8.36262]]],[[[114.6683,-8.36212],[114.6701,-8.3639],[114.6683,-8.36568],[114.6665,-8.3639],[114.6683,-8.36212]]],[[[114.6775,-8.3631],[114.6793,-8.36132],[114.6811,-8.3631],[114.6793,-8.36488],[114.6775,-8.3631]]],[[[114.62298,-8.35985],[114.62478,-8.36163],[114.62298,-8.3634],[114.62119,-8.36163],[114.62298,-8.35985]]],[[[114.63924,-8.36234],[114.6383,-8.36328],[114.63748,-8.36247],[114.63745,-8.3625],[114.63691,-8.36197],[114.6353,-8.36356],[114.63351,-8.36178],[114.6353,-8.36],[114.63576,-8.36045],[114.63753,-8.3587],[114.63914,-8.3603],[114.63996,-8.35949],[114.64175,-8.36127],[114.64165,-8.36137],[114.64286,-8.36256],[114.64106,-8.36434],[114.63926,-8.36256],[114.63936,-8.36246],[114.63924,-8.36234]]],[[[114.65725,-8.35964],[114.65905,-8.36141],[114.65725,-8.36319],[114.65545,-8.36141],[114.65725,-8.35964]]],[[[114.57025,-8.36115],[114.56936,-8.36027],[114.57116,-8.3585],[114.57296,-8.36027],[114.57261,-8.36062],[114.5735,-8.3615],[114.5717,-8.36328],[114.5699,-8.3615],[114.57025,-8.36115]]],[[[114.5569,-8.3604],[114.5587,-8.35862],[114.5605,-8.3604],[114.5587,-8.36218],[114.5569,-8.3604]]],[[[114.58526,-8.36017],[114.58346,-8.36195],[114.58167,-8.36017],[114.58346,-8.35839],[114.58526,-8.36017]]],[[[114.6452,-8.36078],[114.64411,-8.3597],[114.64246,-8.36133],[114.64066,-8.35956],[114.64246,-8.35778],[114.64355,-8.35886],[114.6452,-8.35722],[114.647,-8.359],[114.6452,-8.36078]]],[[[114.61039,-8.35836],[114.61219,-8.35659],[114.61398,-8.35836],[114.61219,-8.36014],[114.61039,-8.35836]]],[[[114.61762,-8.3594],[114.61595,-8.36105],[114.61416,-8.35928],[114.61566,-8.35779],[114.6153,-8.35743],[114.61709,-8.35566],[114.61793,-8.35649],[114.6181,-8.35632],[114.6199,-8.3581],[114.6181,-8.35988],[114.61762,-8.3594]]],[[[114.5959,-8.35652],[114.5977,-8.3583],[114.5959,-8.36008],[114.5941,-8.3583],[114.5959,-8.35652]]],[[[114.60017,-8.35637],[114.60196,-8.35815],[114.60017,-8.35993],[114.59837,-8.35815],[114.60017,-8.35637]]],[[[114.64875,-8.35544],[114.65054,-8.35722],[114.64875,-8.359],[114.64695,-8.35722],[114.64875,-8.35544]]],[[[114.62369,-8.35721],[114.62548,-8.35543],[114.62728,-8.35721],[114.62548,-8.35899],[114.62369,-8.35721]]],[[[114.57343,-8.3548],[114.57523,-8.35658],[114.57343,-8.35835],[114.57164,-8.35658],[114.57343,-8.3548]]],[[[114.62601,-8.35471],[114.62781,-8.35293],[114.62795,-8.35307],[114.628,-8.35302],[114.6298,-8.3548],[114.62923,-8.35536],[114.6295,-8.35563],[114.6277,-8.35741],[114.6259,-8.35563],[114.62642,-8.35512],[114.62601,-8.35471]]],[[[114.55844,-8.35453],[114.55665,-8.35631],[114.55485,-8.35453],[114.55665,-8.35275],[114.55844,-8.35453]]],[[[114.60764,-8.35318],[114.60943,-8.3514],[114.61123,-8.35318],[114.60943,-8.35496],[114.60764,-8.35318]]],[[[114.63499,-8.35138],[114.63679,-8.35316],[114.63499,-8.35494],[114.63319,-8.35316],[114.63499,-8.35138]]],[[[114.6255,-8.35418],[114.62482,-8.35351],[114.62361,-8.3547],[114.62182,-8.35293],[114.62361,-8.35115],[114.62429,-8.35182],[114.6255,-8.35062],[114.6273,-8.3524],[114.6255,-8.35418]]],[[[114.62954,-8.35256],[114.63134,-8.35079],[114.63313,-8.35256],[114.63134,-8.35434],[114.62954,-8.35256]]],[[[114.6188,-8.34882],[114.6206,-8.3506],[114.6188,-8.35238],[114.617,-8.3506],[114.6188,-8.34882]]],[[[114.64279,-8.34995],[114.64459,-8.34817],[114.64638,-8.34995],[114.64459,-8.35173],[114.64279,-8.34995]]],[[[114.58853,-8.3477],[114.59033,-8.34948],[114.58853,-8.35126],[114.58674,-8.34948],[114.58853,-8.3477]]],[[[114.57732,-8.34823],[114.57552,-8.35],[114.57372,-8.34823],[114.57552,-8.34645],[114.57732,-8.34823]]],[[[114.623,-8.3455],[114.62479,-8.34727],[114.623,-8.34905],[114.6212,-8.34727],[114.623,-8.3455]]],[[[114.62842,-8.34546],[114.63021,-8.34724],[114.62842,-8.34902],[114.62662,-8.34724],[114.62842,-8.34546]]],[[[114.60619,-8.34312],[114.60799,-8.3449],[114.60619,-8.34668],[114.60439,-8.3449],[114.60619,-8.34312]]],[[[114.55874,-8.34413],[114.56053,-8.34236],[114.56233,-8.34413],[114.56053,-8.34591],[114.55874,-8.34413]]],[[[114.62182,-8.34323],[114.62249,-8.34389],[114.6207,-8.34567],[114.6189,-8.34389],[114.62018,-8.34263],[114.61951,-8.34196],[114.6213,-8.34018],[114.6231,-8.34196],[114.62182,-8.34323]]],[[[114.65118,-8.34089],[114.65297,-8.33911],[114.65477,-8.34089],[114.65297,-8.34267],[114.65118,-8.34089]]],[[[114.66749,-8.33587],[114.66929,-8.33764],[114.66749,-8.33942],[114.6657,-8.33764],[114.66749,-8.33587]]],[[[114.53991,-8.33586],[114.54171,-8.33763],[114.53991,-8.33941],[114.53811,-8.33763],[114.53991,-8.33586]]],[[[114.62961,-8.33474],[114.63141,-8.33652],[114.62961,-8.3383],[114.62782,-8.33652],[114.62961,-8.33474]]],[[[114.60642,-8.33461],[114.60462,-8.33638],[114.60283,-8.33461],[114.60462,-8.33283],[114.60642,-8.33461]]],[[[114.5444,-8.33498],[114.5426,-8.3332],[114.5444,-8.33142],[114.5446,-8.33162],[114.5447,-8.33152],[114.5465,-8.3333],[114.5447,-8.33508],[114.5445,-8.33488],[114.5444,-8.33498]]],[[[114.571,-8.33142],[114.5728,-8.3332],[114.571,-8.33498],[114.5692,-8.3332],[114.571,-8.33142]]],[[[114.64014,-8.33104],[114.64194,-8.33282],[114.64014,-8.3346],[114.63835,-8.33282],[114.64014,-8.33104]]],[[[114.54573,-8.33061],[114.54752,-8.32883],[114.54932,-8.33061],[114.54752,-8.33239],[114.54573,-8.33061]]],[[[114.6759,-8.32752],[114.6777,-8.3293],[114.6759,-8.33108],[114.6741,-8.3293],[114.6759,-8.32752]]],[[[114.61071,-8.33047],[114.61067,-8.33043],[114.61062,-8.33048],[114.60883,-8.3287],[114.61062,-8.32693],[114.61066,-8.32697],[114.61071,-8.32692],[114.61251,-8.32869],[114.61071,-8.33047]]],[[[114.56001,-8.32606],[114.5618,-8.32784],[114.56001,-8.32962],[114.55821,-8.32784],[114.56001,-8.32606]]],[[[114.59961,-8.32764],[114.59781,-8.32942],[114.59601,-8.32764],[114.59781,-8.32586],[114.59961,-8.32764]]],[[[114.6389,-8.32292],[114.6407,-8.3247],[114.6389,-8.32648],[114.6371,-8.3247],[114.6389,-8.32292]]],[[[114.53507,-8.32519],[114.53494,-8.32507],[114.53379,-8.32621],[114.532,-8.32443],[114.53379,-8.32265],[114.53392,-8.32278],[114.53507,-8.32164],[114.53686,-8.32342],[114.53507,-8.32519]]],[[[114.66268,-8.32271],[114.66447,-8.32093],[114.66627,-8.32271],[114.66447,-8.32449],[114.66268,-8.32271]]],[[[114.57905,-8.32041],[114.58085,-8.32219],[114.57905,-8.32397],[114.57725,-8.32219],[114.57905,-8.32041]]],[[[114.6466,-8.31912],[114.6484,-8.3209],[114.6466,-8.32268],[114.6448,-8.3209],[114.6466,-8.31912]]],[[[114.61557,-8.32034],[114.61736,-8.31856],[114.61916,-8.32034],[114.61736,-8.32211],[114.61557,-8.32034]]],[[[114.62699,-8.31611],[114.62879,-8.31788],[114.62699,-8.31966],[114.6252,-8.31788],[114.62699,-8.31611]]],[[[114.54561,-8.31461],[114.5474,-8.31638],[114.54561,-8.31816],[114.54381,-8.31638],[114.54561,-8.31461]]],[[[114.6171,-8.31402],[114.6189,-8.3158],[114.6171,-8.31758],[114.6153,-8.3158],[114.6171,-8.31402]]],[[[114.52837,-8.31544],[114.52657,-8.31721],[114.52478,-8.31544],[114.52657,-8.31366],[114.52837,-8.31544]]],[[[114.5839,-8.31409],[114.5837,-8.3139],[114.5855,-8.31212],[114.5873,-8.3139],[114.58675,-8.31444],[114.58695,-8.31463],[114.58515,-8.31641],[114.58335,-8.31463],[114.5839,-8.31409]]],[[[114.60714,-8.311],[114.60894,-8.31278],[114.60714,-8.31455],[114.60535,-8.31278],[114.60714,-8.311]]],[[[114.5656,-8.30952],[114.5674,-8.3113],[114.5656,-8.31308],[114.5638,-8.3113],[114.5656,-8.30952]]],[[[114.55399,-8.3102],[114.55578,-8.30842],[114.55758,-8.3102],[114.55578,-8.31197],[114.55399,-8.3102]]],[[[114.61053,-8.30435],[114.61233,-8.30613],[114.61053,-8.30791],[114.60874,-8.30613],[114.61053,-8.30435]]],[[[114.57549,-8.30366],[114.57728,-8.30544],[114.57549,-8.30722],[114.57369,-8.30544],[114.57549,-8.30366]]],[[[114.51582,-8.30516],[114.51762,-8.30339],[114.51941,-8.30516],[114.51762,-8.30694],[114.51582,-8.30516]]],[[[114.59745,-8.30325],[114.59565,-8.30503],[114.59386,-8.30325],[114.59565,-8.30148],[114.59745,-8.30325]]],[[[114.53357,-8.3025],[114.53178,-8.30428],[114.52998,-8.3025],[114.53178,-8.30072],[114.53357,-8.3025]]],[[[114.5339,-8.2926],[114.5357,-8.29082],[114.5375,-8.2926],[114.5357,-8.29438],[114.5339,-8.2926]]],[[[114.51962,-8.28899],[114.52142,-8.29077],[114.51962,-8.29255],[114.51782,-8.29077],[114.51962,-8.28899]]],[[[114.54373,-8.28852],[114.54553,-8.2903],[114.54373,-8.29207],[114.54193,-8.2903],[114.54373,-8.28852]]],[[[114.55991,-8.28695],[114.5617,-8.28517],[114.5635,-8.28695],[114.5617,-8.28872],[114.55991,-8.28695]]],[[[114.5834,-8.28435],[114.58519,-8.28613],[114.5834,-8.2879],[114.5816,-8.28613],[114.5834,-8.28435]]],[[[114.5059,-8.28432],[114.5077,-8.2861],[114.5059,-8.28788],[114.5041,-8.2861],[114.5059,-8.28432]]],[[[114.52138,-8.28415],[114.52317,-8.28237],[114.52497,-8.28415],[114.52317,-8.28592],[114.52138,-8.28415]]],[[[114.59773,-8.28244],[114.59593,-8.28422],[114.59414,-8.28244],[114.59593,-8.28067],[114.59773,-8.28244]]],[[[114.50006,-8.28151],[114.49826,-8.28328],[114.49647,-8.28151],[114.49826,-8.27973],[114.50006,-8.28151]]],[[[114.5381,-8.2787],[114.5399,-8.27692],[114.5417,-8.2787],[114.5399,-8.28048],[114.5381,-8.2787]]],[[[114.5571,-8.27372],[114.5589,-8.2755],[114.5571,-8.27728],[114.5553,-8.2755],[114.5571,-8.27372]]],[[[114.54214,-8.27265],[114.54394,-8.27443],[114.54214,-8.2762],[114.54035,-8.27443],[114.54214,-8.27265]]],[[[114.4944,-8.27458],[114.49363,-8.27534],[114.49184,-8.27356],[114.49356,-8.27186],[114.49329,-8.2716],[114.49508,-8.26982],[114.49688,-8.2716],[114.49593,-8.27254],[114.4973,-8.2739],[114.49551,-8.27568],[114.4944,-8.27458]]],[[[114.50241,-8.27129],[114.5042,-8.26951],[114.506,-8.27129],[114.5042,-8.27307],[114.50241,-8.27129]]],[[[114.52973,-8.26103],[114.53152,-8.26281],[114.52973,-8.26459],[114.52831,-8.26319],[114.52785,-8.26364],[114.52606,-8.26187],[114.52785,-8.26009],[114.52927,-8.26149],[114.52973,-8.26103]]],[[[114.48937,-8.26067],[114.49117,-8.2589],[114.49296,-8.26067],[114.49117,-8.26245],[114.48937,-8.26067]]],[[[114.5063,-8.258],[114.5045,-8.25978],[114.5027,-8.258],[114.5045,-8.25622],[114.5063,-8.258]]],[[[114.54008,-8.25609],[114.53919,-8.25697],[114.53739,-8.25519],[114.53919,-8.25342],[114.53931,-8.25354],[114.5402,-8.25266],[114.54199,-8.25444],[114.5402,-8.25622],[114.54008,-8.25609]]],[[[114.52923,-8.25475],[114.53102,-8.25297],[114.53282,-8.25475],[114.53102,-8.25653],[114.52923,-8.25475]]],[[[114.48147,-8.25139],[114.48327,-8.25316],[114.48147,-8.25494],[114.47968,-8.25316],[114.48147,-8.25139]]],[[[114.51077,-8.25289],[114.51257,-8.25111],[114.51436,-8.25289],[114.51257,-8.25467],[114.51077,-8.25289]]],[[[114.47355,-8.24289],[114.47535,-8.24467],[114.47355,-8.24644],[114.47176,-8.24467],[114.47355,-8.24289]]],[[[114.50582,-8.2409],[114.50762,-8.24268],[114.50582,-8.24446],[114.50402,-8.24268],[114.50582,-8.2409]]],[[[114.51744,-8.23766],[114.51924,-8.23588],[114.52103,-8.23766],[114.51924,-8.23944],[114.51744,-8.23766]]],[[[114.43697,-8.17499],[114.43877,-8.17677],[114.43697,-8.17855],[114.43518,-8.17677],[114.43697,-8.17499]]],[[[114.4851,-8.175],[114.4833,-8.17678],[114.4815,-8.175],[114.4833,-8.17322],[114.4851,-8.175]]],[[[114.6577,-8.17182],[114.6595,-8.1736],[114.6577,-8.17538],[114.6559,-8.1736],[114.6577,-8.17182]]],[[[114.4952,-8.17152],[114.497,-8.1733],[114.4952,-8.17508],[114.4934,-8.1733],[114.4952,-8.17152]]],[[[114.43758,-8.17138],[114.43938,-8.17316],[114.43758,-8.17494],[114.43579,-8.17316],[114.43758,-8.17138]]],[[[114.43819,-8.16862],[114.4383,-8.16851],[114.44009,-8.17029],[114.4383,-8.17207],[114.43695,-8.17073],[114.43684,-8.17084],[114.43505,-8.16906],[114.43684,-8.16728],[114.43819,-8.16862]]],[[[114.5598,-8.16592],[114.5616,-8.1677],[114.5598,-8.16948],[114.558,-8.1677],[114.5598,-8.16592]]],[[[114.43905,-8.16504],[114.43725,-8.16682],[114.43703,-8.1666],[114.43652,-8.16711],[114.43472,-8.16534],[114.43652,-8.16356],[114.43674,-8.16378],[114.43725,-8.16327],[114.43905,-8.16504]]],[[[114.5925,-8.15432],[114.5943,-8.1561],[114.5925,-8.15788],[114.5907,-8.1561],[114.5925,-8.15432]]],[[[114.5755,-8.1559],[114.5773,-8.15412],[114.5791,-8.1559],[114.5773,-8.15768],[114.5755,-8.1559]]],[[[114.6756,-8.1488],[114.6738,-8.15058],[114.672,-8.1488],[114.6738,-8.14702],[114.6756,-8.1488]]],[[[114.6371,-8.1486],[114.6353,-8.15038],[114.6335,-8.1486],[114.6353,-8.14682],[114.6371,-8.1486]]],[[[114.6474,-8.1475],[114.64689,-8.148],[114.6469,-8.148],[114.6451,-8.14978],[114.6433,-8.148],[114.64381,-8.1475],[114.6438,-8.1475],[114.6456,-8.14572],[114.6474,-8.1475]]],[[[114.6614,-8.14572],[114.6632,-8.1475],[114.6614,-8.14928],[114.6596,-8.1475],[114.6614,-8.14572]]],[[[114.6246,-8.1467],[114.6264,-8.14492],[114.6282,-8.1467],[114.6264,-8.14848],[114.6246,-8.1467]]],[[[114.6035,-8.1453],[114.6035,-8.1453],[114.6017,-8.14708],[114.5999,-8.1453],[114.6,-8.1452],[114.6,-8.1452],[114.60006,-8.14514],[114.5983,-8.1434],[114.6001,-8.14162],[114.6019,-8.1434],[114.60184,-8.14346],[114.6036,-8.1452],[114.6035,-8.1453]]],[[[114.614,-8.14358],[114.61335,-8.14294],[114.6123,-8.14398],[114.6105,-8.1422],[114.6123,-8.14042],[114.61295,-8.14106],[114.614,-8.14002],[114.6158,-8.1418],[114.614,-8.14358]]],[[[114.5786,-8.1413],[114.5804,-8.13952],[114.5822,-8.1413],[114.5804,-8.14308],[114.5786,-8.1413]]],[[[114.5725,-8.13682],[114.5743,-8.1386],[114.5725,-8.14038],[114.57245,-8.14033],[114.5724,-8.14038],[114.5706,-8.1386],[114.5724,-8.13682],[114.57245,-8.13687],[114.5725,-8.13682]]],[[[114.618,-8.13642],[114.6198,-8.1382],[114.618,-8.13998],[114.6162,-8.1382],[114.618,-8.13642]]],[[[114.5846,-8.1348],[114.5828,-8.13658],[114.581,-8.1348],[114.5828,-8.13302],[114.5846,-8.1348]]],[[[114.9406,-8.47972],[114.9424,-8.4815],[114.9406,-8.48328],[114.9388,-8.4815],[114.9406,-8.47972]]],[[[114.9213,-8.4703],[114.9231,-8.46852],[114.9249,-8.4703],[114.9231,-8.47208],[114.9213,-8.4703]]],[[[114.936,-8.46232],[114.9378,-8.4641],[114.936,-8.46588],[114.9342,-8.4641],[114.936,-8.46232]]],[[[114.9037,-8.45482],[114.9055,-8.4566],[114.9037,-8.45838],[114.9019,-8.4566],[114.9037,-8.45482]]],[[[114.886,-8.4497],[114.8878,-8.44792],[114.8896,-8.4497],[114.8878,-8.45148],[114.886,-8.4497]]],[[[114.8886,-8.43942],[114.8904,-8.4412],[114.8886,-8.44298],[114.8868,-8.4412],[114.8886,-8.43942]]],[[[114.8793,-8.43892],[114.8811,-8.4407],[114.8793,-8.44248],[114.8775,-8.4407],[114.8793,-8.43892]]],[[[114.8562,-8.4324],[114.858,-8.43062],[114.8598,-8.4324],[114.858,-8.43418],[114.8562,-8.4324]]],[[[114.8462,-8.43028],[114.8444,-8.4285],[114.8462,-8.42672],[114.8464,-8.42692],[114.8468,-8.42652],[114.8486,-8.4283],[114.84834,-8.42855],[114.8485,-8.4287],[114.8467,-8.43048],[114.84635,-8.43013],[114.8462,-8.43028]]],[[[114.8332,-8.42442],[114.835,-8.4262],[114.8332,-8.42798],[114.8314,-8.4262],[114.8332,-8.42442]]],[[[114.9167,-8.42232],[114.9185,-8.4241],[114.9167,-8.42588],[114.9149,-8.4241],[114.9167,-8.42232]]],[[[114.8224,-8.4227],[114.8242,-8.42092],[114.826,-8.4227],[114.8242,-8.42448],[114.8224,-8.4227]]],[[[114.8135,-8.41812],[114.8153,-8.4199],[114.8135,-8.42168],[114.8117,-8.4199],[114.8135,-8.41812]]],[[[114.8469,-8.41782],[114.8487,-8.4196],[114.8469,-8.42138],[114.8451,-8.4196],[114.8469,-8.41782]]],[[[114.8085,-8.41702],[114.8103,-8.4188],[114.8085,-8.42058],[114.8067,-8.4188],[114.8085,-8.41702]]],[[[114.864,-8.4163],[114.8622,-8.41808],[114.8604,-8.4163],[114.8622,-8.41452],[114.864,-8.4163]]],[[[114.8252,-8.4153],[114.8234,-8.41708],[114.82224,-8.41593],[114.8221,-8.41608],[114.8203,-8.4143],[114.8221,-8.41252],[114.82326,-8.41367],[114.8234,-8.41352],[114.8252,-8.4153]]],[[[114.8291,-8.4034],[114.8309,-8.40162],[114.8327,-8.4034],[114.8309,-8.40518],[114.8291,-8.4034]]],[[[114.8013,-8.39642],[114.8031,-8.3982],[114.8013,-8.39998],[114.7995,-8.3982],[114.8013,-8.39642]]],[[[114.8524,-8.39602],[114.8542,-8.3978],[114.8524,-8.39958],[114.8506,-8.3978],[114.8524,-8.39602]]],[[[114.8165,-8.3975],[114.8183,-8.39572],[114.8201,-8.3975],[114.8183,-8.39928],[114.8165,-8.3975]]],[[[114.793,-8.39292],[114.7948,-8.3947],[114.793,-8.39648],[114.7912,-8.3947],[114.793,-8.39292]]],[[[114.8093,-8.39122],[114.8111,-8.393],[114.8093,-8.39478],[114.8075,-8.393],[114.8093,-8.39122]]],[[[114.7581,-8.3921],[114.7563,-8.39388],[114.75565,-8.39324],[114.7547,-8.39418],[114.7529,-8.3924],[114.7547,-8.39062],[114.75535,-8.39126],[114.7563,-8.39032],[114.7581,-8.3921]]],[[[114.8338,-8.3922],[114.832,-8.39398],[114.8302,-8.3922],[114.832,-8.39042],[114.8338,-8.3922]]],[[[114.9276,-8.39002],[114.9294,-8.3918],[114.9276,-8.39358],[114.9258,-8.3918],[114.9276,-8.39002]]],[[[114.8608,-8.38852],[114.8626,-8.3903],[114.8608,-8.39208],[114.859,-8.3903],[114.8608,-8.38852]]],[[[114.7515,-8.38762],[114.75165,-8.38777],[114.7524,-8.38702],[114.7542,-8.3888],[114.7524,-8.39058],[114.75225,-8.39043],[114.7515,-8.39118],[114.7497,-8.3894],[114.7515,-8.38762]]],[[[114.8037,-8.38702],[114.8055,-8.3888],[114.8037,-8.39058],[114.8019,-8.3888],[114.8037,-8.38702]]],[[[114.7766,-8.38612],[114.7784,-8.3879],[114.7766,-8.38968],[114.7748,-8.3879],[114.7766,-8.38612]]],[[[114.7855,-8.3876],[114.7873,-8.38582],[114.7891,-8.3876],[114.7873,-8.38938],[114.7855,-8.3876]]],[[[114.825,-8.38532],[114.8268,-8.3871],[114.825,-8.38888],[114.8232,-8.3871],[114.825,-8.38532]]],[[[114.7214,-8.38372],[114.7232,-8.3855],[114.7214,-8.38728],[114.7196,-8.3855],[114.7214,-8.38372]]],[[[114.9414,-8.38192],[114.9432,-8.3837],[114.9414,-8.38548],[114.9396,-8.3837],[114.9414,-8.38192]]],[[[114.7405,-8.3835],[114.7387,-8.38528],[114.7369,-8.3835],[114.7387,-8.38172],[114.7405,-8.3835]]],[[[114.7098,-8.3802],[114.708,-8.38198],[114.7078,-8.38178],[114.7074,-8.38218],[114.7056,-8.3804],[114.7074,-8.37862],[114.7076,-8.37882],[114.708,-8.37842],[114.7098,-8.3802]]],[[[114.9118,-8.37752],[114.9136,-8.3793],[114.9118,-8.38108],[114.91,-8.3793],[114.9118,-8.37752]]],[[[114.8083,-8.37692],[114.8101,-8.3787],[114.8083,-8.38048],[114.8065,-8.3787],[114.8083,-8.37692]]],[[[114.6931,-8.3787],[114.6949,-8.37692],[114.6967,-8.3787],[114.6949,-8.38048],[114.6931,-8.3787]]],[[[114.6988,-8.37632],[114.7006,-8.3781],[114.6988,-8.37988],[114.697,-8.3781],[114.6988,-8.37632]]],[[[114.7682,-8.378],[114.77,-8.37622],[114.7718,-8.378],[114.77,-8.37978],[114.7682,-8.378]]],[[[114.7082,-8.37818],[114.70795,-8.37793],[114.7073,-8.37858],[114.7055,-8.3768],[114.7073,-8.37502],[114.70755,-8.37527],[114.7082,-8.37462],[114.71,-8.3764],[114.7082,-8.37818]]],[[[114.7507,-8.3756],[114.7489,-8.37738],[114.7471,-8.3756],[114.7489,-8.37382],[114.7507,-8.3756]]],[[[114.6949,-8.3737],[114.6931,-8.37548],[114.69255,-8.37493],[114.6924,-8.37508],[114.6906,-8.3733],[114.69061,-8.3733],[114.6898,-8.3725],[114.6916,-8.37072],[114.69296,-8.37206],[114.6931,-8.37192],[114.6949,-8.3737]]],[[[114.72939,-8.37107],[114.73119,-8.37285],[114.72939,-8.37463],[114.7276,-8.37285],[114.72939,-8.37107]]],[[[114.7404,-8.3718],[114.7422,-8.37002],[114.744,-8.3718],[114.7422,-8.37358],[114.7404,-8.3718]]],[[[114.6984,-8.36552],[114.7002,-8.3673],[114.6984,-8.36908],[114.6966,-8.3673],[114.6984,-8.36552]]],[[[114.7782,-8.3666],[114.78,-8.36482],[114.7818,-8.3666],[114.78,-8.36838],[114.7782,-8.3666]]],[[[114.703,-8.36372],[114.7048,-8.3655],[114.703,-8.36728],[114.7012,-8.3655],[114.703,-8.36372]]],[[[114.7677,-8.36242],[114.7695,-8.3642],[114.7677,-8.36598],[114.7659,-8.3642],[114.7677,-8.36242]]],[[[114.916,-8.36022],[114.9178,-8.362],[114.916,-8.36378],[114.9142,-8.362],[114.916,-8.36022]]],[[[114.7189,-8.3598],[114.7171,-8.36158],[114.7153,-8.3598],[114.7171,-8.35802],[114.7189,-8.3598]]],[[[114.94303,-8.35623],[114.94482,-8.35801],[114.94303,-8.35979],[114.94123,-8.35801],[114.94303,-8.35623]]],[[[114.9163,-8.35552],[114.9181,-8.3573],[114.9163,-8.35908],[114.9145,-8.3573],[114.9163,-8.35552]]],[[[114.924,-8.35422],[114.9258,-8.356],[114.924,-8.35778],[114.9222,-8.356],[114.924,-8.35422]]],[[[114.6907,-8.3516],[114.6925,-8.34982],[114.6943,-8.3516],[114.6925,-8.35338],[114.6907,-8.3516]]],[[[114.7593,-8.34762],[114.7611,-8.3494],[114.7593,-8.35118],[114.7575,-8.3494],[114.7593,-8.34762]]],[[[114.9232,-8.3493],[114.9232,-8.3493],[114.9214,-8.35108],[114.9196,-8.3493],[114.9198,-8.3491],[114.9198,-8.3491],[114.9216,-8.34732],[114.9234,-8.3491],[114.9232,-8.3493]]],[[[114.7257,-8.34582],[114.7275,-8.3476],[114.7257,-8.34938],[114.7239,-8.3476],[114.7257,-8.34582]]],[[[114.7433,-8.34542],[114.7451,-8.3472],[114.7433,-8.34898],[114.7415,-8.3472],[114.7433,-8.34542]]],[[[114.7709,-8.34532],[114.7727,-8.3471],[114.7709,-8.34888],[114.7691,-8.3471],[114.7709,-8.34532]]],[[[114.9449,-8.34377],[114.9431,-8.34555],[114.94131,-8.34377],[114.9431,-8.34199],[114.9449,-8.34377]]],[[[114.9202,-8.34112],[114.922,-8.3429],[114.9202,-8.34468],[114.9184,-8.3429],[114.9202,-8.34112]]],[[[114.7224,-8.3393],[114.7242,-8.33752],[114.726,-8.3393],[114.7242,-8.34108],[114.7224,-8.3393]]],[[[114.7455,-8.33382],[114.7473,-8.3356],[114.7455,-8.33738],[114.7437,-8.3356],[114.7455,-8.33382]]],[[[114.7143,-8.33032],[114.7161,-8.3321],[114.7143,-8.33388],[114.7125,-8.3321],[114.7143,-8.33032]]],[[[114.9047,-8.3289],[114.9065,-8.32712],[114.9083,-8.3289],[114.9065,-8.33068],[114.9047,-8.3289]]],[[[114.6901,-8.32662],[114.6919,-8.3284],[114.6901,-8.33018],[114.6883,-8.3284],[114.6901,-8.32662]]],[[[114.936,-8.32462],[114.9378,-8.3264],[114.936,-8.32818],[114.9342,-8.3264],[114.936,-8.32462]]],[[[114.7048,-8.32392],[114.7066,-8.3257],[114.7048,-8.32748],[114.703,-8.3257],[114.7048,-8.32392]]],[[[114.6982,-8.3227],[114.6964,-8.32448],[114.6946,-8.3227],[114.6964,-8.32092],[114.6982,-8.3227]]],[[[114.8968,-8.31712],[114.8986,-8.3189],[114.8968,-8.32068],[114.895,-8.3189],[114.8968,-8.31712]]],[[[114.9188,-8.3189],[114.9206,-8.31712],[114.9224,-8.3189],[114.9206,-8.32068],[114.9188,-8.3189]]],[[[114.94613,-8.31635],[114.9479,-8.3181],[114.9461,-8.31988],[114.9452,-8.31898],[114.9451,-8.31908],[114.9433,-8.3173],[114.94497,-8.31565],[114.9441,-8.3148],[114.9459,-8.31302],[114.9477,-8.3148],[114.94613,-8.31635]]],[[[114.9158,-8.30912],[114.9176,-8.3109],[114.9158,-8.31268],[114.914,-8.3109],[114.9158,-8.30912]]],[[[114.9469,-8.30382],[114.9487,-8.3056],[114.9469,-8.30738],[114.9451,-8.3056],[114.9469,-8.30382]]],[[[114.9185,-8.30362],[114.9203,-8.3054],[114.9185,-8.30718],[114.9167,-8.3054],[114.9185,-8.30362]]],[[[114.9196,-8.3034],[114.9214,-8.30162],[114.9232,-8.3034],[114.9214,-8.30518],[114.9196,-8.3034]]],[[[114.9306,-8.3022],[114.9288,-8.30398],[114.927,-8.3022],[114.9288,-8.30042],[114.9306,-8.3022]]],[[[114.6942,-8.2856],[114.6924,-8.28738],[114.6906,-8.2856],[114.6924,-8.28382],[114.6942,-8.2856]]],[[[114.9339,-8.2499],[114.93268,-8.2511],[114.9343,-8.2527],[114.9325,-8.25448],[114.9307,-8.2527],[114.93192,-8.2515],[114.9303,-8.2499],[114.9321,-8.24812],[114.9339,-8.2499]]],[[[114.9389,-8.24062],[114.9407,-8.2424],[114.9389,-8.24418],[114.9371,-8.2424],[114.9389,-8.24062]]],[[[114.9278,-8.2376],[114.9296,-8.23582],[114.9314,-8.2376],[114.9296,-8.23938],[114.9278,-8.2376]]],[[[114.946,-8.232],[114.9478,-8.23378],[114.946,-8.23556],[114.94421,-8.23378],[114.946,-8.232]]],[[[114.8924,-8.22692],[114.8942,-8.2287],[114.8924,-8.23048],[114.8906,-8.2287],[114.8924,-8.22692]]],[[[114.9083,-8.22622],[114.9101,-8.228],[114.9083,-8.22978],[114.9065,-8.228],[114.9083,-8.22622]]],[[[114.9113,-8.2276],[114.9131,-8.22582],[114.9149,-8.2276],[114.9131,-8.22938],[114.9113,-8.2276]]],[[[114.9234,-8.2273],[114.9216,-8.22908],[114.9198,-8.2273],[114.9216,-8.22552],[114.9234,-8.2273]]],[[[114.86605,-8.22094],[114.86785,-8.22272],[114.86605,-8.2245],[114.86425,-8.22272],[114.86605,-8.22094]]],[[[114.94212,-8.22187],[114.94336,-8.22309],[114.94156,-8.22487],[114.93976,-8.22309],[114.94054,-8.22232],[114.9393,-8.2211],[114.9411,-8.21932],[114.9429,-8.2211],[114.94212,-8.22187]]],[[[114.9003,-8.21912],[114.9021,-8.2209],[114.9003,-8.22268],[114.8985,-8.2209],[114.9003,-8.21912]]],[[[114.9369,-8.2183],[114.9387,-8.21652],[114.9405,-8.2183],[114.9387,-8.22008],[114.9369,-8.2183]]],[[[114.85621,-8.21621],[114.858,-8.21799],[114.85621,-8.21976],[114.85441,-8.21799],[114.85621,-8.21621]]],[[[114.9128,-8.21492],[114.9146,-8.2167],[114.9128,-8.21848],[114.911,-8.2167],[114.9128,-8.21492]]],[[[114.8848,-8.2144],[114.8866,-8.21262],[114.8884,-8.2144],[114.8866,-8.21618],[114.8848,-8.2144]]],[[[114.8613,-8.20752],[114.8631,-8.2093],[114.8613,-8.21108],[114.8595,-8.2093],[114.8613,-8.20752]]],[[[114.93177,-8.20878],[114.92998,-8.21056],[114.92818,-8.20878],[114.92998,-8.207],[114.93177,-8.20878]]],[[[114.9354,-8.20652],[114.9372,-8.2083],[114.9354,-8.21008],[114.9336,-8.2083],[114.9354,-8.20652]]],[[[114.7524,-8.20612],[114.7542,-8.2079],[114.7524,-8.20968],[114.7506,-8.2079],[114.7524,-8.20612]]],[[[114.83674,-8.20603],[114.83853,-8.2078],[114.83674,-8.20958],[114.83494,-8.2078],[114.83674,-8.20603]]],[[[114.86856,-8.20518],[114.87036,-8.20696],[114.86856,-8.20874],[114.86676,-8.20696],[114.86856,-8.20518]]],[[[114.862,-8.20462],[114.8638,-8.2064],[114.862,-8.20818],[114.8602,-8.2064],[114.862,-8.20462]]],[[[114.9265,-8.20452],[114.9283,-8.2063],[114.9265,-8.20808],[114.92576,-8.20735],[114.92533,-8.20778],[114.92353,-8.206],[114.92533,-8.20422],[114.92607,-8.20495],[114.9265,-8.20452]]],[[[114.9365,-8.20274],[114.9383,-8.20451],[114.9365,-8.20629],[114.9347,-8.20451],[114.9365,-8.20274]]],[[[114.8903,-8.2054],[114.88994,-8.20575],[114.8901,-8.2059],[114.8883,-8.20768],[114.8865,-8.2059],[114.88686,-8.20555],[114.8867,-8.2054],[114.88747,-8.20465],[114.8858,-8.203],[114.8876,-8.20122],[114.8894,-8.203],[114.88863,-8.20375],[114.8903,-8.2054]]],[[[114.7613,-8.20242],[114.7631,-8.2042],[114.7613,-8.20598],[114.7595,-8.2042],[114.7613,-8.20242]]],[[[114.92429,-8.20377],[114.92249,-8.20555],[114.92069,-8.20377],[114.92249,-8.20199],[114.92429,-8.20377]]],[[[114.8948,-8.2027],[114.8966,-8.20092],[114.8984,-8.2027],[114.8966,-8.20448],[114.8948,-8.2027]]],[[[114.7932,-8.20092],[114.795,-8.2027],[114.7932,-8.20448],[114.7914,-8.2027],[114.7932,-8.20092]]],[[[114.7763,-8.2025],[114.7781,-8.20072],[114.7799,-8.2025],[114.7781,-8.20428],[114.7763,-8.2025]]],[[[114.9196,-8.20219],[114.92005,-8.20263],[114.91825,-8.20441],[114.91646,-8.20263],[114.91685,-8.20224],[114.9164,-8.2018],[114.9182,-8.20002],[114.92,-8.2018],[114.9196,-8.20219]]],[[[114.92811,-8.20351],[114.92631,-8.20173],[114.92811,-8.19995],[114.92894,-8.20078],[114.9294,-8.20032],[114.9312,-8.2021],[114.9294,-8.20388],[114.92857,-8.20305],[114.92811,-8.20351]]],[[[114.84541,-8.19983],[114.84721,-8.20161],[114.84541,-8.20338],[114.84362,-8.20161],[114.84541,-8.19983]]],[[[114.8298,-8.19972],[114.8316,-8.2015],[114.8298,-8.20328],[114.828,-8.2015],[114.8298,-8.19972]]],[[[114.93532,-8.19966],[114.93712,-8.20143],[114.93532,-8.20321],[114.93352,-8.20143],[114.93532,-8.19966]]],[[[114.8187,-8.201],[114.8169,-8.20278],[114.8151,-8.201],[114.8169,-8.19922],[114.8187,-8.201]]],[[[114.84074,-8.19905],[114.84254,-8.20083],[114.84074,-8.20261],[114.83894,-8.20083],[114.84074,-8.19905]]],[[[114.82219,-8.19793],[114.82398,-8.19971],[114.82219,-8.20149],[114.82039,-8.19971],[114.82219,-8.19793]]],[[[114.8782,-8.19782],[114.88,-8.1996],[114.8782,-8.20138],[114.8764,-8.1996],[114.8782,-8.19782]]],[[[114.86257,-8.1996],[114.86436,-8.19782],[114.86616,-8.1996],[114.86436,-8.20138],[114.86257,-8.1996]]],[[[114.8912,-8.1972],[114.89023,-8.19815],[114.892,-8.1999],[114.8902,-8.20168],[114.8884,-8.1999],[114.88937,-8.19895],[114.8876,-8.1972],[114.8894,-8.19542],[114.8912,-8.1972]]],[[[114.8298,-8.19602],[114.8316,-8.1978],[114.8298,-8.19958],[114.828,-8.1978],[114.8298,-8.19602]]],[[[114.93346,-8.19595],[114.9346,-8.19482],[114.9364,-8.1966],[114.9346,-8.19838],[114.93332,-8.19712],[114.93218,-8.19825],[114.93039,-8.19647],[114.93218,-8.19469],[114.93346,-8.19595]]],[[[114.9496,-8.1954],[114.9478,-8.19718],[114.946,-8.1954],[114.9478,-8.19362],[114.9496,-8.1954]]],[[[114.9196,-8.1948],[114.9178,-8.19658],[114.916,-8.1948],[114.9178,-8.19302],[114.9196,-8.1948]]],[[[114.9412,-8.1941],[114.943,-8.19232],[114.9448,-8.1941],[114.94474,-8.19415],[114.9453,-8.1947],[114.9435,-8.19648],[114.9417,-8.1947],[114.94176,-8.19465],[114.9412,-8.1941]]],[[[114.8096,-8.19192],[114.8114,-8.1937],[114.8096,-8.19548],[114.8078,-8.1937],[114.8096,-8.19192]]],[[[114.9361,-8.19488],[114.93585,-8.19463],[114.9355,-8.19498],[114.9337,-8.1932],[114.9355,-8.19142],[114.93575,-8.19167],[114.9361,-8.19132],[114.9379,-8.1931],[114.9361,-8.19488]]],[[[114.9252,-8.1931],[114.927,-8.19132],[114.9288,-8.1931],[114.927,-8.19488],[114.9252,-8.1931]]],[[[114.80817,-8.19158],[114.8086,-8.192],[114.8068,-8.19378],[114.805,-8.192],[114.80508,-8.19192],[114.80497,-8.19181],[114.8041,-8.19268],[114.8023,-8.1909],[114.8041,-8.18912],[114.80558,-8.19059],[114.80646,-8.18973],[114.80825,-8.1915],[114.80817,-8.19158]]],[[[114.7977,-8.1903],[114.79876,-8.18925],[114.7983,-8.1888],[114.8001,-8.18702],[114.80013,-8.18706],[114.80035,-8.18684],[114.80215,-8.18862],[114.80087,-8.18988],[114.8013,-8.1903],[114.7995,-8.19208],[114.7977,-8.1903]]],[[[114.93002,-8.18991],[114.9287,-8.1886],[114.92876,-8.18854],[114.92755,-8.18735],[114.92934,-8.18557],[114.93114,-8.18735],[114.93108,-8.1874],[114.9323,-8.1886],[114.9317,-8.18919],[114.93228,-8.18977],[114.93359,-8.18847],[114.93539,-8.19024],[114.93359,-8.19202],[114.93254,-8.19098],[114.93122,-8.19228],[114.92942,-8.1905],[114.93002,-8.18991]]],[[[114.78577,-8.18258],[114.78757,-8.18436],[114.78577,-8.18614],[114.78398,-8.18436],[114.78577,-8.18258]]],[[[114.7623,-8.1837],[114.7605,-8.18548],[114.7587,-8.1837],[114.7605,-8.18192],[114.7623,-8.1837]]],[[[114.7778,-8.18172],[114.7796,-8.1835],[114.7778,-8.18528],[114.776,-8.1835],[114.7778,-8.18172]]],[[[114.7567,-8.1818],[114.7585,-8.18002],[114.7603,-8.1818],[114.7585,-8.18358],[114.7567,-8.1818]]],[[[114.7489,-8.17782],[114.7507,-8.1796],[114.7489,-8.18138],[114.7471,-8.1796],[114.7489,-8.17782]]],[[[114.763,-8.17762],[114.7648,-8.1794],[114.763,-8.18118],[114.7612,-8.1794],[114.763,-8.17762]]],[[[114.7387,-8.1709],[114.7405,-8.16912],[114.7423,-8.1709],[114.7405,-8.17268],[114.7387,-8.1709]]],[[[114.728,-8.16842],[114.7298,-8.1702],[114.728,-8.17198],[114.7262,-8.1702],[114.728,-8.16842]]],[[[114.7144,-8.16182],[114.7162,-8.1636],[114.7144,-8.16538],[114.7126,-8.1636],[114.7144,-8.16182]]],[[[114.7272,-8.16152],[114.729,-8.1633],[114.7272,-8.16508],[114.7254,-8.1633],[114.7272,-8.16152]]],[[[114.6914,-8.1484],[114.6932,-8.14662],[114.69365,-8.14707],[114.6943,-8.14642],[114.6961,-8.1482],[114.6961,-8.1482],[114.6963,-8.1484],[114.69584,-8.14885],[114.6972,-8.1502],[114.6954,-8.15198],[114.6936,-8.1502],[114.69406,-8.14975],[114.69385,-8.14954],[114.6932,-8.15018],[114.6914,-8.1484]]],[[[115.0308,-8.53622],[115.0326,-8.538],[115.0308,-8.53978],[115.029,-8.538],[115.0308,-8.53622]]],[[[115.0392,-8.53162],[115.041,-8.5334],[115.0392,-8.53518],[115.0374,-8.5334],[115.0392,-8.53162]]],[[[115.0265,-8.5234],[115.0283,-8.52162],[115.0301,-8.5234],[115.0283,-8.52518],[115.0265,-8.5234]]],[[[115.0383,-8.51902],[115.0401,-8.5208],[115.0383,-8.52258],[115.0365,-8.5208],[115.0383,-8.51902]]],[[[115.0267,-8.51152],[115.0285,-8.5133],[115.0267,-8.51508],[115.0249,-8.5133],[115.0267,-8.51152]]],[[[115.012,-8.5074],[115.0138,-8.50562],[115.0156,-8.5074],[115.0138,-8.50918],[115.012,-8.5074]]],[[[115.025,-8.50302],[115.0268,-8.5048],[115.025,-8.50658],[115.0232,-8.5048],[115.025,-8.50302]]],[[[114.9831,-8.50202],[114.9849,-8.5038],[114.9831,-8.50558],[114.9813,-8.5038],[114.9831,-8.50202]]],[[[114.9721,-8.4982],[114.9739,-8.49642],[114.9757,-8.4982],[114.9739,-8.49998],[114.9721,-8.4982]]],[[[114.9694,-8.49622],[114.9712,-8.498],[114.9694,-8.49978],[114.9676,-8.498],[114.9694,-8.49622]]],[[[115.0095,-8.49462],[115.0113,-8.4964],[115.0095,-8.49818],[115.0077,-8.4964],[115.0095,-8.49462]]],[[[115.0194,-8.4953],[115.0212,-8.49352],[115.023,-8.4953],[115.0212,-8.49708],[115.0194,-8.4953]]],[[[114.9927,-8.49302],[114.9945,-8.4948],[114.9927,-8.49658],[114.9909,-8.4948],[114.9927,-8.49302]]],[[[114.9645,-8.49508],[114.96415,-8.49473],[114.9632,-8.49568],[114.9614,-8.4939],[114.9632,-8.49212],[114.96355,-8.49247],[114.9645,-8.49152],[114.9663,-8.4933],[114.9645,-8.49508]]],[[[115.0035,-8.49092],[115.0053,-8.4927],[115.0035,-8.49448],[115.0017,-8.4927],[115.0035,-8.49092]]],[[[114.9894,-8.4874],[114.9876,-8.48918],[114.9858,-8.4874],[114.9876,-8.48562],[114.9894,-8.4874]]],[[[115.002,-8.48212],[115.0038,-8.4839],[115.002,-8.48568],[115.0002,-8.4839],[115.002,-8.48212]]],[[[114.9662,-8.47592],[114.968,-8.4777],[114.9662,-8.47948],[114.9644,-8.4777],[114.9662,-8.47592]]],[[[115.0125,-8.47562],[115.0143,-8.4774],[115.0125,-8.47918],[115.0107,-8.4774],[115.0125,-8.47562]]],[[[115.0079,-8.471],[115.0097,-8.46922],[115.0115,-8.471],[115.0097,-8.47278],[115.0079,-8.471]]],[[[114.9826,-8.46692],[114.9844,-8.4687],[114.9826,-8.47048],[114.9808,-8.4687],[114.9826,-8.46692]]],[[[115.0238,-8.46142],[115.0256,-8.4632],[115.0238,-8.46498],[115.022,-8.4632],[115.0238,-8.46142]]],[[[114.9554,-8.4624],[114.9572,-8.46062],[114.959,-8.4624],[114.9572,-8.46418],[114.9554,-8.4624]]],[[[115.0165,-8.46012],[115.0183,-8.4619],[115.0165,-8.46368],[115.0147,-8.4619],[115.0165,-8.46012]]],[[[115.0276,-8.4433],[115.0258,-8.44508],[115.024,-8.4433],[115.0258,-8.44152],[115.0276,-8.4433]]],[[[114.978,-8.43902],[114.9798,-8.4408],[114.978,-8.44258],[114.9762,-8.4408],[114.978,-8.43902]]],[[[114.9733,-8.43192],[114.9751,-8.4337],[114.9733,-8.43548],[114.9715,-8.4337],[114.9733,-8.43192]]],[[[114.9755,-8.42192],[114.9773,-8.4237],[114.9755,-8.42548],[114.9737,-8.4237],[114.9755,-8.42192]]],[[[115.0342,-8.4185],[115.036,-8.41672],[115.0378,-8.4185],[115.036,-8.42028],[115.0342,-8.4185]]],[[[114.9879,-8.41272],[114.9897,-8.4145],[114.9879,-8.41628],[114.9861,-8.4145],[114.9879,-8.41272]]],[[[115.0372,-8.40742],[115.039,-8.4092],[115.0372,-8.41098],[115.0354,-8.4092],[115.0372,-8.40742]]],[[[115.0324,-8.4023],[115.0342,-8.40052],[115.036,-8.4023],[115.0342,-8.40408],[115.0324,-8.4023]]],[[[115.0414,-8.39982],[115.0432,-8.4016],[115.0414,-8.40338],[115.0396,-8.4016],[115.0414,-8.39982]]],[[[115.0238,-8.3967],[115.022,-8.39848],[115.0202,-8.3967],[115.022,-8.39492],[115.0238,-8.3967]]],[[[114.9644,-8.38602],[114.9662,-8.3878],[114.9644,-8.38958],[114.9626,-8.3878],[114.9644,-8.38602]]],[[[115.03306,-8.38795],[115.0323,-8.3872],[115.0341,-8.38542],[115.0359,-8.3872],[115.03574,-8.38735],[115.0365,-8.3881],[115.0347,-8.38988],[115.0329,-8.3881],[115.03306,-8.38795]]],[[[115.0307,-8.38482],[115.0325,-8.3866],[115.0307,-8.38838],[115.0289,-8.3866],[115.0307,-8.38482]]],[[[114.9536,-8.37872],[114.9554,-8.3805],[114.9536,-8.38228],[114.9518,-8.3805],[114.9536,-8.37872]]],[[[114.9989,-8.37182],[115.0007,-8.3736],[114.9989,-8.37538],[114.9971,-8.3736],[114.9989,-8.37182]]],[[[115.0231,-8.36642],[115.0249,-8.3682],[115.0231,-8.36998],[115.0213,-8.3682],[115.0231,-8.36642]]],[[[114.9622,-8.35832],[114.964,-8.3601],[114.9622,-8.36188],[114.9604,-8.3601],[114.9622,-8.35832]]],[[[115.0209,-8.3567],[115.0227,-8.35492],[115.0245,-8.3567],[115.0227,-8.35848],[115.0209,-8.3567]]],[[[115.0143,-8.3556],[115.0125,-8.35738],[115.0107,-8.3556],[115.0125,-8.35382],[115.0143,-8.3556]]],[[[115.0337,-8.3453],[115.0319,-8.34708],[115.0301,-8.3453],[115.0319,-8.34352],[115.0337,-8.3453]]],[[[114.9906,-8.3346],[114.9888,-8.33638],[114.9885,-8.33608],[114.9882,-8.33638],[114.9864,-8.3346],[114.9882,-8.33282],[114.9885,-8.33312],[114.9888,-8.33282],[114.9906,-8.3346]]],[[[115.0162,-8.33262],[115.018,-8.3344],[115.0162,-8.33618],[115.0144,-8.3344],[115.0162,-8.33262]]],[[[114.9672,-8.3325],[114.969,-8.33072],[114.9708,-8.3325],[114.969,-8.33428],[114.9672,-8.3325]]],[[[115.0299,-8.32862],[115.0317,-8.3304],[115.0299,-8.33218],[115.02895,-8.33124],[115.0283,-8.33188],[115.0265,-8.3301],[115.0283,-8.32832],[115.02925,-8.32926],[115.0299,-8.32862]]],[[[115.0398,-8.32402],[115.0416,-8.3258],[115.0398,-8.32758],[115.038,-8.3258],[115.0398,-8.32402]]],[[[115.0336,-8.3256],[115.0354,-8.32382],[115.0372,-8.3256],[115.0354,-8.32738],[115.0336,-8.3256]]],[[[114.9987,-8.32262],[115.0005,-8.3244],[114.9987,-8.32618],[114.9969,-8.3244],[114.9987,-8.32262]]],[[[115.0262,-8.3228],[115.028,-8.32102],[115.0298,-8.3228],[115.02974,-8.32285],[115.0301,-8.3232],[115.0283,-8.32498],[115.0265,-8.3232],[115.02656,-8.32315],[115.0262,-8.3228]]],[[[114.9647,-8.3198],[114.9629,-8.32158],[114.9611,-8.3198],[114.9629,-8.31802],[114.9647,-8.3198]]],[[[115.0064,-8.31492],[115.0082,-8.3167],[115.0064,-8.31848],[115.0046,-8.3167],[115.0064,-8.31492]]],[[[114.9525,-8.31432],[114.9543,-8.3161],[114.9525,-8.31788],[114.9507,-8.3161],[114.9525,-8.31432]]],[[[115.0227,-8.3153],[115.0245,-8.31352],[115.0263,-8.3153],[115.0245,-8.31708],[115.0227,-8.3153]]],[[[115.0197,-8.31252],[115.0215,-8.3143],[115.0197,-8.31608],[115.0179,-8.3143],[115.0197,-8.31252]]],[[[115.0017,-8.314],[115.0035,-8.31222],[115.0053,-8.314],[115.0035,-8.31578],[115.0017,-8.314]]],[[[115.0229,-8.30982],[115.0247,-8.3116],[115.0229,-8.31338],[115.0211,-8.3116],[115.0229,-8.30982]]],[[[115.0288,-8.30662],[115.0306,-8.3084],[115.0288,-8.31018],[115.027,-8.3084],[115.0288,-8.30662]]],[[[114.9894,-8.30462],[114.9912,-8.3064],[114.9894,-8.30818],[114.9876,-8.3064],[114.9894,-8.30462]]],[[[115.0153,-8.3003],[115.0135,-8.30208],[115.0117,-8.3003],[115.0135,-8.29852],[115.0153,-8.3003]]],[[[115.0295,-8.2937],[115.0313,-8.29192],[115.0331,-8.2937],[115.0313,-8.29548],[115.0295,-8.2937]]],[[[114.9782,-8.28842],[114.98,-8.2902],[114.9782,-8.29198],[114.9764,-8.2902],[114.9782,-8.28842]]],[[[114.986,-8.28898],[114.9842,-8.2872],[114.986,-8.28542],[114.98635,-8.28577],[114.9865,-8.28562],[114.9883,-8.2874],[114.9865,-8.28918],[114.98615,-8.28883],[114.986,-8.28898]]],[[[114.9959,-8.28382],[114.9977,-8.2856],[114.9959,-8.28738],[114.9941,-8.2856],[114.9959,-8.28382]]],[[[115.0373,-8.28002],[115.0391,-8.2818],[115.0373,-8.28358],[115.0355,-8.2818],[115.0373,-8.28002]]],[[[115.0231,-8.2801],[115.0249,-8.27832],[115.0267,-8.2801],[115.0249,-8.28188],[115.0231,-8.2801]]],[[[115.0266,-8.27592],[115.0284,-8.2777],[115.0266,-8.27948],[115.0248,-8.2777],[115.0266,-8.27592]]],[[[114.9984,-8.2772],[114.9966,-8.27898],[114.9948,-8.2772],[114.9966,-8.27542],[114.9984,-8.2772]]],[[[114.9644,-8.27462],[114.9662,-8.2764],[114.9644,-8.27818],[114.9626,-8.2764],[114.9644,-8.27462]]],[[[115.0045,-8.27432],[115.0063,-8.2761],[115.0045,-8.27788],[115.0027,-8.2761],[115.0045,-8.27432]]],[[[115.0378,-8.27012],[115.0396,-8.2719],[115.0378,-8.27368],[115.036,-8.2719],[115.0378,-8.27012]]],[[[114.9557,-8.2709],[114.9539,-8.27268],[114.9529,-8.27169],[114.9518,-8.27278],[114.95125,-8.27223],[114.9512,-8.27228],[114.9494,-8.2705],[114.9512,-8.26872],[114.95175,-8.26927],[114.9518,-8.26922],[114.9528,-8.27021],[114.9539,-8.26912],[114.9557,-8.2709]]],[[[114.9599,-8.2693],[114.9617,-8.26752],[114.9635,-8.2693],[114.9617,-8.27108],[114.9599,-8.2693]]],[[[114.9734,-8.26612],[114.9752,-8.2679],[114.9734,-8.26968],[114.9716,-8.2679],[114.9734,-8.26612]]],[[[114.9886,-8.26572],[114.9904,-8.2675],[114.9886,-8.26928],[114.9868,-8.2675],[114.9886,-8.26572]]],[[[114.9671,-8.2643],[114.9689,-8.26252],[114.9707,-8.2643],[114.97039,-8.26461],[114.9721,-8.2663],[114.9703,-8.26808],[114.9702,-8.26798],[114.9699,-8.26828],[114.9681,-8.2665],[114.96871,-8.26589],[114.9671,-8.2643]]],[[[115.0244,-8.2641],[115.0262,-8.26232],[115.028,-8.2641],[115.02779,-8.26431],[115.0292,-8.2657],[115.0274,-8.26748],[115.0256,-8.2657],[115.02581,-8.26549],[115.0244,-8.2641]]],[[[115.0132,-8.26272],[115.015,-8.2645],[115.0132,-8.26628],[115.0114,-8.2645],[115.0132,-8.26272]]],[[[114.9609,-8.26192],[114.9627,-8.2637],[114.9609,-8.26548],[114.9591,-8.2637],[114.9609,-8.26192]]],[[[115.0405,-8.2634],[115.0387,-8.26518],[115.03775,-8.26424],[115.0363,-8.26568],[115.0345,-8.2639],[115.03622,-8.2622],[115.0347,-8.2607],[115.0365,-8.25892],[115.0383,-8.2607],[115.03658,-8.2624],[115.03725,-8.26306],[115.0387,-8.26162],[115.0405,-8.2634]]],[[[114.99956,-8.25879],[115.00135,-8.26057],[114.99956,-8.26235],[114.99776,-8.26057],[114.99956,-8.25879]]],[[[115.026,-8.25792],[115.0278,-8.2597],[115.026,-8.26148],[115.0242,-8.2597],[115.026,-8.25792]]],[[[114.9689,-8.2583],[114.9671,-8.26008],[114.96695,-8.25993],[114.9664,-8.26048],[114.9646,-8.2587],[114.9664,-8.25692],[114.96655,-8.25707],[114.9671,-8.25652],[114.9689,-8.2583]]],[[[114.9572,-8.25642],[114.959,-8.2582],[114.9572,-8.25998],[114.9554,-8.2582],[114.9572,-8.25642]]],[[[115.0291,-8.2573],[115.0309,-8.25552],[115.0327,-8.2573],[115.0309,-8.25908],[115.0291,-8.2573]]],[[[114.9719,-8.2571],[114.9701,-8.25888],[114.9683,-8.2571],[114.9701,-8.25532],[114.9719,-8.2571]]],[[[114.9921,-8.2561],[114.9903,-8.25788],[114.9885,-8.2561],[114.9903,-8.25432],[114.9921,-8.2561]]],[[[114.9636,-8.25262],[114.9638,-8.25242],[114.9656,-8.2542],[114.9638,-8.25598],[114.9634,-8.25558],[114.9632,-8.25578],[114.9614,-8.254],[114.9632,-8.25222],[114.9636,-8.25262]]],[[[114.9527,-8.25232],[114.9545,-8.2541],[114.9527,-8.25588],[114.9509,-8.2541],[114.9527,-8.25232]]],[[[115.0097,-8.2536],[115.0115,-8.25182],[115.0133,-8.2536],[115.0115,-8.25538],[115.0097,-8.2536]]],[[[114.9594,-8.25142],[114.9612,-8.2532],[114.9594,-8.25498],[114.9576,-8.2532],[114.9594,-8.25142]]],[[[115.0181,-8.25062],[115.0199,-8.2524],[115.0181,-8.25418],[115.0163,-8.2524],[115.0181,-8.25062]]],[[[114.9538,-8.2517],[114.9556,-8.24992],[114.9574,-8.2517],[114.9556,-8.25348],[114.9538,-8.2517]]],[[[114.9783,-8.24858],[114.9774,-8.24769],[114.9759,-8.24918],[114.9741,-8.2474],[114.9759,-8.24562],[114.9768,-8.24651],[114.9783,-8.24502],[114.9801,-8.2468],[114.9783,-8.24858]]],[[[114.9638,-8.24412],[114.9656,-8.2459],[114.9638,-8.24768],[114.962,-8.2459],[114.9638,-8.24412]]],[[[115.0022,-8.2459],[115.0004,-8.24768],[114.9986,-8.2459],[115.0004,-8.24412],[115.0022,-8.2459]]],[[[114.98312,-8.24234],[114.98491,-8.24411],[114.98312,-8.24589],[114.98132,-8.24411],[114.98312,-8.24234]]],[[[115.0115,-8.2379],[115.0133,-8.23612],[115.0151,-8.2379],[115.0133,-8.23968],[115.0115,-8.2379]]],[[[114.9547,-8.23552],[114.9565,-8.2373],[114.9547,-8.23908],[114.9529,-8.2373],[114.9547,-8.23552]]],[[[114.96557,-8.23472],[114.96736,-8.2365],[114.96557,-8.23828],[114.96377,-8.2365],[114.96557,-8.23472]]],[[[115.0236,-8.2358],[115.0254,-8.23402],[115.0272,-8.2358],[115.0254,-8.23758],[115.0236,-8.2358]]],[[[114.9821,-8.23052],[114.9839,-8.2323],[114.9821,-8.23408],[114.9803,-8.2323],[114.9821,-8.23052]]],[[[115.0254,-8.2267],[115.0272,-8.22492],[115.029,-8.2267],[115.0272,-8.22848],[115.0254,-8.2267]]],[[[114.9801,-8.22199],[114.9783,-8.22377],[114.97651,-8.22199],[114.9783,-8.22021],[114.9801,-8.22199]]],[[[115.011,-8.2195],[115.0092,-8.22128],[115.0074,-8.2195],[115.0092,-8.21772],[115.011,-8.2195]]],[[[114.9952,-8.2181],[114.997,-8.21632],[114.9988,-8.2181],[114.997,-8.21988],[114.9952,-8.2181]]],[[[114.9587,-8.21552],[114.9605,-8.2173],[114.9587,-8.21908],[114.9569,-8.2173],[114.9587,-8.21552]]],[[[114.9902,-8.21402],[114.992,-8.2158],[114.9902,-8.21758],[114.9884,-8.2158],[114.9902,-8.21402]]],[[[114.983,-8.2149],[114.9848,-8.21312],[114.9866,-8.2149],[114.9848,-8.21668],[114.983,-8.2149]]],[[[115.0261,-8.21288],[115.02605,-8.21283],[115.0259,-8.21298],[115.0241,-8.2112],[115.0259,-8.20942],[115.02595,-8.20947],[115.0261,-8.20932],[115.0279,-8.2111],[115.0261,-8.21288]]],[[[114.9595,-8.2074],[114.9613,-8.20562],[114.9631,-8.2074],[114.9613,-8.20918],[114.9595,-8.2074]]],[[[114.9632,-8.20342],[114.965,-8.2052],[114.9632,-8.20698],[114.9614,-8.2052],[114.9632,-8.20342]]],[[[114.9688,-8.2051],[114.967,-8.20688],[114.9652,-8.2051],[114.967,-8.20332],[114.9688,-8.2051]]],[[[115.0044,-8.20332],[115.0062,-8.2051],[115.0044,-8.20688],[115.0026,-8.2051],[115.0044,-8.20332]]],[[[114.9754,-8.20242],[114.9772,-8.2042],[114.9754,-8.20598],[114.9736,-8.2042],[114.9754,-8.20242]]],[[[114.9618,-8.19992],[114.9636,-8.2017],[114.9618,-8.20348],[114.96,-8.2017],[114.9618,-8.19992]]],[[[115.0229,-8.19922],[115.0247,-8.201],[115.0229,-8.20278],[115.02265,-8.20253],[115.0226,-8.20258],[115.0208,-8.2008],[115.0226,-8.19902],[115.02285,-8.19927],[115.0229,-8.19922]]],[[[114.9714,-8.1998],[114.97084,-8.20035],[114.9718,-8.2013],[114.97,-8.20308],[114.9682,-8.2013],[114.96876,-8.20075],[114.968,-8.19999],[114.967,-8.20098],[114.9652,-8.1992],[114.967,-8.19742],[114.9686,-8.19901],[114.9696,-8.19802],[114.9714,-8.1998]]],[[[114.95268,-8.19913],[114.95266,-8.19911],[114.95446,-8.19733],[114.95625,-8.19911],[114.95598,-8.19938],[114.956,-8.1994],[114.9542,-8.20118],[114.9524,-8.1994],[114.95268,-8.19913]]],[[[114.9662,-8.1974],[114.96594,-8.19765],[114.9663,-8.198],[114.9645,-8.19978],[114.9627,-8.198],[114.96296,-8.19775],[114.9626,-8.1974],[114.9644,-8.19562],[114.9662,-8.1974]]],[[[114.961,-8.20058],[114.96031,-8.19989],[114.95904,-8.20115],[114.95725,-8.19937],[114.95904,-8.19759],[114.95974,-8.19827],[114.96097,-8.19705],[114.9596,-8.1957],[114.9614,-8.19392],[114.9632,-8.1957],[114.96143,-8.19745],[114.9628,-8.1988],[114.961,-8.20058]]],[[[114.97,-8.1961],[114.9718,-8.19432],[114.9724,-8.19492],[114.9729,-8.19442],[114.9747,-8.1962],[114.9729,-8.19798],[114.9723,-8.19738],[114.9718,-8.19788],[114.97,-8.1961]]],[[[114.9741,-8.1923],[114.9723,-8.19408],[114.9705,-8.1923],[114.9723,-8.19052],[114.9741,-8.1923]]],[[[114.94736,-8.19166],[114.9472,-8.19151],[114.949,-8.18973],[114.95079,-8.19151],[114.9507,-8.1916],[114.95085,-8.19175],[114.94906,-8.19353],[114.94726,-8.19175],[114.94736,-8.19166]]],[[[114.9658,-8.18422],[114.9676,-8.186],[114.9658,-8.18778],[114.964,-8.186],[114.9658,-8.18422]]],[[[114.9945,-8.18162],[114.9963,-8.1834],[114.9945,-8.18518],[114.9927,-8.1834],[114.9945,-8.18162]]],[[[114.9981,-8.183],[114.9999,-8.18122],[115.0017,-8.183],[114.9999,-8.18478],[114.9981,-8.183]]],[[[115.04295,-8.18205],[115.0432,-8.1823],[115.0414,-8.18408],[115.0396,-8.1823],[115.03965,-8.18225],[115.0394,-8.182],[115.0412,-8.18022],[115.043,-8.182],[115.04295,-8.18205]]],[[[115.0334,-8.17912],[115.0352,-8.1809],[115.0334,-8.18268],[115.0316,-8.1809],[115.0334,-8.17912]]],[[[115.0185,-8.17822],[115.0203,-8.18],[115.0185,-8.18178],[115.0167,-8.18],[115.0185,-8.17822]]],[[[115.0295,-8.17662],[115.0313,-8.1784],[115.0295,-8.18018],[115.0277,-8.1784],[115.0295,-8.17662]]],[[[115.0085,-8.1777],[115.0067,-8.17948],[115.0049,-8.1777],[115.0067,-8.17592],[115.0085,-8.1777]]],[[[115.0014,-8.17582],[115.0032,-8.1776],[115.0014,-8.17938],[114.9996,-8.1776],[115.0014,-8.17582]]],[[[114.9957,-8.1772],[114.9975,-8.17542],[114.9993,-8.1772],[114.9975,-8.17898],[114.9957,-8.1772]]],[[[115.0174,-8.17342],[115.0192,-8.1752],[115.0174,-8.17698],[115.0156,-8.1752],[115.0174,-8.17342]]],[[[115.024,-8.17172],[115.0258,-8.1735],[115.024,-8.17528],[115.0222,-8.1735],[115.024,-8.17172]]],[[[115.0344,-8.1704],[115.0362,-8.16862],[115.038,-8.1704],[115.0362,-8.17218],[115.0344,-8.1704]]],[[[115.022,-8.16732],[115.0238,-8.1691],[115.022,-8.17088],[115.0202,-8.1691],[115.022,-8.16732]]],[[[115.03078,-8.16706],[115.03258,-8.16883],[115.03078,-8.17061],[115.02899,-8.16883],[115.03078,-8.16706]]],[[[115.0319,-8.15682],[115.0337,-8.1586],[115.0319,-8.16038],[115.0301,-8.1586],[115.0319,-8.15682]]],[[[115.0388,-8.1579],[115.037,-8.15968],[115.0352,-8.1579],[115.03617,-8.15695],[115.0346,-8.1554],[115.0364,-8.15362],[115.0382,-8.1554],[115.03723,-8.15635],[115.0388,-8.1579]]],[[[115.093,-8.8329],[115.0948,-8.83112],[115.0966,-8.8329],[115.0948,-8.83468],[115.093,-8.8329]]],[[[115.08714,-8.82953],[115.08894,-8.83131],[115.08714,-8.83308],[115.08534,-8.83131],[115.08714,-8.82953]]],[[[115.0769,-8.59512],[115.0787,-8.5969],[115.0769,-8.59868],[115.0751,-8.5969],[115.0769,-8.59512]]],[[[115.0915,-8.5955],[115.0897,-8.59728],[115.0882,-8.59579],[115.0867,-8.59728],[115.0849,-8.5955],[115.0867,-8.59372],[115.0882,-8.59521],[115.0897,-8.59372],[115.0915,-8.5955]]],[[[115.08,-8.58812],[115.0818,-8.5899],[115.08,-8.59168],[115.0782,-8.5899],[115.08,-8.58812]]],[[[115.0874,-8.5871],[115.08603,-8.58845],[115.087,-8.5894],[115.0852,-8.59118],[115.0834,-8.5894],[115.08477,-8.58805],[115.0838,-8.5871],[115.0856,-8.58532],[115.0874,-8.5871]]],[[[115.0942,-8.58102],[115.096,-8.5828],[115.0942,-8.58458],[115.0924,-8.5828],[115.0942,-8.58102]]],[[[115.0817,-8.5805],[115.0835,-8.57872],[115.0853,-8.5805],[115.0835,-8.58228],[115.0817,-8.5805]]],[[[115.0882,-8.57132],[115.09,-8.5731],[115.0882,-8.57488],[115.0864,-8.5731],[115.0882,-8.57132]]],[[[115.06331,-8.57065],[115.06511,-8.57242],[115.06331,-8.5742],[115.06152,-8.57242],[115.06331,-8.57065]]],[[[115.1012,-8.57218],[115.10106,-8.57204],[115.0995,-8.57358],[115.0977,-8.5718],[115.0995,-8.57002],[115.09964,-8.57016],[115.1012,-8.56862],[115.103,-8.5704],[115.1012,-8.57218]]],[[[115.07019,-8.56516],[115.07199,-8.56339],[115.07378,-8.56516],[115.07199,-8.56694],[115.07019,-8.56516]]],[[[115.06529,-8.56338],[115.06708,-8.56516],[115.06529,-8.56693],[115.06349,-8.56516],[115.06529,-8.56338]]],[[[115.0934,-8.56272],[115.0952,-8.5645],[115.0934,-8.56628],[115.0916,-8.5645],[115.0934,-8.56272]]],[[[115.0861,-8.5637],[115.0879,-8.56192],[115.0897,-8.5637],[115.0879,-8.56548],[115.0861,-8.5637]]],[[[115.0989,-8.5609],[115.0971,-8.56268],[115.0953,-8.5609],[115.0971,-8.55912],[115.0989,-8.5609]]],[[[115.07577,-8.56029],[115.07397,-8.56206],[115.07218,-8.56029],[115.07397,-8.55851],[115.07577,-8.56029]]],[[[115.04596,-8.55607],[115.04775,-8.55785],[115.04596,-8.55963],[115.04416,-8.55785],[115.04596,-8.55607]]],[[[115.0831,-8.5577],[115.0849,-8.55592],[115.0867,-8.5577],[115.0849,-8.55948],[115.0831,-8.5577]]],[[[115.0921,-8.55572],[115.0939,-8.5575],[115.0921,-8.55928],[115.0903,-8.5575],[115.0921,-8.55572]]],[[[115.0545,-8.54822],[115.0563,-8.55],[115.0545,-8.55178],[115.0527,-8.55],[115.0545,-8.54822]]],[[[115.09035,-8.54909],[115.09215,-8.54731],[115.09394,-8.54909],[115.09215,-8.55087],[115.09035,-8.54909]]],[[[115.0822,-8.54859],[115.08254,-8.54892],[115.08074,-8.55069],[115.07895,-8.54892],[115.07965,-8.54822],[115.07931,-8.54789],[115.08111,-8.54611],[115.08291,-8.54789],[115.0822,-8.54859]]],[[[115.06479,-8.54601],[115.06659,-8.54424],[115.06839,-8.54601],[115.06659,-8.54779],[115.06479,-8.54601]]],[[[115.08504,-8.54547],[115.08324,-8.54725],[115.08145,-8.54547],[115.08222,-8.54471],[115.0818,-8.5443],[115.0836,-8.54252],[115.0854,-8.5443],[115.08463,-8.54506],[115.08504,-8.54547]]],[[[115.07467,-8.54187],[115.07646,-8.54365],[115.07467,-8.54542],[115.07287,-8.54365],[115.07467,-8.54187]]],[[[115.09973,-8.54307],[115.10152,-8.5413],[115.10332,-8.54307],[115.10152,-8.54485],[115.09973,-8.54307]]],[[[115.08177,-8.53985],[115.08356,-8.54163],[115.08177,-8.5434],[115.07997,-8.54163],[115.08177,-8.53985]]],[[[115.0527,-8.53812],[115.0545,-8.5399],[115.0527,-8.54168],[115.0509,-8.5399],[115.0527,-8.53812]]],[[[115.0846,-8.5395],[115.0864,-8.53772],[115.0882,-8.5395],[115.0864,-8.54128],[115.0846,-8.5395]]],[[[115.09932,-8.53028],[115.10112,-8.5285],[115.10292,-8.53028],[115.10112,-8.53206],[115.09932,-8.53028]]],[[[115.08385,-8.52784],[115.08565,-8.52962],[115.08385,-8.53139],[115.08205,-8.52962],[115.08385,-8.52784]]],[[[115.09265,-8.5182],[115.09445,-8.51642],[115.09625,-8.5182],[115.09445,-8.51997],[115.09265,-8.5182]]],[[[115.0523,-8.5149],[115.0505,-8.51668],[115.0487,-8.5149],[115.0505,-8.51312],[115.0523,-8.5149]]],[[[115.09242,-8.51101],[115.09063,-8.51279],[115.08883,-8.51101],[115.09063,-8.50923],[115.09242,-8.51101]]],[[[115.0501,-8.511],[115.0519,-8.50922],[115.0537,-8.511],[115.0519,-8.51278],[115.0501,-8.511]]],[[[115.08246,-8.50997],[115.08257,-8.51008],[115.08077,-8.51186],[115.07898,-8.51008],[115.07898,-8.51007],[115.07888,-8.50996],[115.08067,-8.50819],[115.08247,-8.50996],[115.08246,-8.50997]]],[[[115.0833,-8.5089],[115.0851,-8.50712],[115.0869,-8.5089],[115.0851,-8.51068],[115.0833,-8.5089]]],[[[115.10175,-8.50466],[115.10354,-8.50644],[115.10175,-8.50821],[115.09995,-8.50644],[115.10175,-8.50466]]],[[[115.0904,-8.50448],[115.09219,-8.50625],[115.0904,-8.50803],[115.0886,-8.50625],[115.0904,-8.50448]]],[[[115.06102,-8.5051],[115.0596,-8.5037],[115.0614,-8.50192],[115.0632,-8.5037],[115.06198,-8.5049],[115.0634,-8.5063],[115.0616,-8.50808],[115.0598,-8.5063],[115.06102,-8.5051]]],[[[115.0538,-8.505],[115.0556,-8.50322],[115.0574,-8.505],[115.0556,-8.50678],[115.0538,-8.505]]],[[[115.0694,-8.503],[115.0676,-8.50478],[115.0658,-8.503],[115.0676,-8.50122],[115.0694,-8.503]]],[[[115.0493,-8.50072],[115.0511,-8.5025],[115.0493,-8.50428],[115.0475,-8.5025],[115.0493,-8.50072]]],[[[115.09047,-8.48918],[115.09227,-8.49096],[115.09047,-8.49273],[115.08868,-8.49096],[115.09047,-8.48918]]],[[[115.0419,-8.48822],[115.0437,-8.49],[115.0419,-8.49178],[115.0401,-8.49],[115.0419,-8.48822]]],[[[115.0506,-8.4896],[115.0524,-8.48782],[115.0542,-8.4896],[115.0524,-8.49138],[115.0506,-8.4896]]],[[[115.09248,-8.48706],[115.09428,-8.48884],[115.09248,-8.49062],[115.09069,-8.48884],[115.09248,-8.48706]]],[[[115.0763,-8.48302],[115.0781,-8.4848],[115.0763,-8.48658],[115.0745,-8.4848],[115.0763,-8.48302]]],[[[115.0609,-8.484],[115.0627,-8.48222],[115.0645,-8.484],[115.0627,-8.48578],[115.0609,-8.484]]],[[[115.0551,-8.47692],[115.0569,-8.4787],[115.0551,-8.48048],[115.0533,-8.4787],[115.0551,-8.47692]]],[[[115.0795,-8.4784],[115.0777,-8.48018],[115.0759,-8.4784],[115.0777,-8.47662],[115.0795,-8.4784]]],[[[115.0664,-8.47352],[115.0682,-8.4753],[115.0664,-8.47708],[115.0646,-8.4753],[115.0664,-8.47352]]],[[[115.0631,-8.46952],[115.0649,-8.4713],[115.0631,-8.47308],[115.0613,-8.4713],[115.0631,-8.46952]]],[[[115.0525,-8.45492],[115.0543,-8.4567],[115.0525,-8.45848],[115.0507,-8.4567],[115.0525,-8.45492]]],[[[115.1011,-8.44722],[115.1029,-8.449],[115.1011,-8.45078],[115.0993,-8.449],[115.1011,-8.44722]]],[[[115.0608,-8.44542],[115.0626,-8.4472],[115.0608,-8.44898],[115.059,-8.4472],[115.0608,-8.44542]]],[[[115.047,-8.43802],[115.0488,-8.4398],[115.047,-8.44158],[115.0452,-8.4398],[115.047,-8.43802]]],[[[115.0804,-8.43782],[115.0822,-8.4396],[115.0804,-8.44138],[115.0786,-8.4396],[115.0804,-8.43782]]],[[[115.0708,-8.43512],[115.0726,-8.4369],[115.0708,-8.43868],[115.069,-8.4369],[115.0708,-8.43512]]],[[[115.0476,-8.43502],[115.0494,-8.4368],[115.0476,-8.43858],[115.0458,-8.4368],[115.0476,-8.43502]]],[[[115.051,-8.4293],[115.0492,-8.43108],[115.0474,-8.4293],[115.0492,-8.42752],[115.051,-8.4293]]],[[[115.0872,-8.41312],[115.089,-8.4149],[115.0872,-8.41668],[115.0854,-8.4149],[115.0872,-8.41312]]],[[[115.0907,-8.4126],[115.0925,-8.41082],[115.0943,-8.4126],[115.0925,-8.41438],[115.0907,-8.4126]]],[[[115.0463,-8.41072],[115.0481,-8.4125],[115.0463,-8.41428],[115.0445,-8.4125],[115.0463,-8.41072]]],[[[115.0694,-8.3989],[115.0712,-8.39712],[115.073,-8.3989],[115.0712,-8.40068],[115.0694,-8.3989]]],[[[115.0683,-8.39572],[115.0701,-8.3975],[115.0683,-8.39928],[115.0665,-8.3975],[115.0683,-8.39572]]],[[[115.0953,-8.39242],[115.0971,-8.3942],[115.0953,-8.39598],[115.0935,-8.3942],[115.0953,-8.39242]]],[[[115.0831,-8.30466],[115.0849,-8.30288],[115.08669,-8.30466],[115.0849,-8.30644],[115.0831,-8.30466]]],[[[115.08303,-8.30211],[115.08123,-8.30388],[115.07944,-8.30211],[115.08123,-8.30033],[115.08303,-8.30211]]],[[[115.057,-8.3001],[115.0552,-8.30188],[115.0534,-8.3001],[115.0552,-8.29832],[115.057,-8.3001]]],[[[115.0655,-8.2953],[115.0673,-8.29352],[115.0691,-8.2953],[115.0673,-8.29708],[115.0655,-8.2953]]],[[[115.0515,-8.27622],[115.0533,-8.278],[115.0515,-8.27978],[115.0497,-8.278],[115.0515,-8.27622]]],[[[115.0529,-8.27332],[115.0547,-8.2751],[115.0529,-8.27688],[115.0511,-8.2751],[115.0529,-8.27332]]],[[[115.0711,-8.2733],[115.0729,-8.27152],[115.0747,-8.2733],[115.0729,-8.27508],[115.0711,-8.2733]]],[[[115.0907,-8.26962],[115.0925,-8.2714],[115.0907,-8.27318],[115.0889,-8.2714],[115.0907,-8.26962]]],[[[115.0605,-8.26792],[115.0623,-8.2697],[115.0605,-8.27148],[115.0587,-8.2697],[115.0605,-8.26792]]],[[[115.0548,-8.2662],[115.0566,-8.26442],[115.0584,-8.2662],[115.0566,-8.26798],[115.0548,-8.2662]]],[[[115.0504,-8.2643],[115.0486,-8.26608],[115.0468,-8.2643],[115.0486,-8.26252],[115.0504,-8.2643]]],[[[115.0861,-8.2607],[115.0843,-8.26248],[115.0825,-8.2607],[115.0843,-8.25892],[115.0861,-8.2607]]],[[[115.047,-8.2575],[115.0488,-8.25572],[115.0506,-8.2575],[115.0488,-8.25928],[115.047,-8.2575]]],[[[115.0425,-8.24992],[115.0443,-8.2517],[115.0425,-8.25348],[115.0407,-8.2517],[115.0425,-8.24992]]],[[[115.0872,-8.24772],[115.089,-8.2495],[115.0872,-8.25128],[115.0854,-8.2495],[115.0872,-8.24772]]],[[[115.0564,-8.2489],[115.0582,-8.24712],[115.06,-8.2489],[115.0582,-8.25068],[115.0564,-8.2489]]],[[[115.079,-8.24182],[115.0808,-8.2436],[115.079,-8.24538],[115.0772,-8.2436],[115.079,-8.24182]]],[[[115.0737,-8.23792],[115.0755,-8.2397],[115.0737,-8.24148],[115.0719,-8.2397],[115.0737,-8.23792]]],[[[115.0696,-8.2362],[115.0714,-8.23442],[115.0732,-8.2362],[115.0714,-8.23798],[115.0696,-8.2362]]],[[[115.044,-8.228],[115.0422,-8.22978],[115.0404,-8.228],[115.0422,-8.22622],[115.044,-8.228]]],[[[115.07638,-8.2213],[115.07818,-8.22308],[115.07638,-8.22486],[115.07458,-8.22308],[115.07638,-8.2213]]],[[[115.0916,-8.21432],[115.0934,-8.2161],[115.0916,-8.21788],[115.0898,-8.2161],[115.0916,-8.21432]]],[[[115.0573,-8.19692],[115.0591,-8.1987],[115.0573,-8.20048],[115.0555,-8.1987],[115.0573,-8.19692]]],[[[115.046,-8.1827],[115.0478,-8.18092],[115.0496,-8.1827],[115.0478,-8.18448],[115.046,-8.1827]]],[[[115.0681,-8.1796],[115.0699,-8.17782],[115.0717,-8.1796],[115.0699,-8.18138],[115.0681,-8.1796]]],[[[115.059,-8.17602],[115.0608,-8.1778],[115.059,-8.17958],[115.0572,-8.1778],[115.059,-8.17602]]],[[[115.0489,-8.1769],[115.0507,-8.17512],[115.0525,-8.1769],[115.0507,-8.17868],[115.0489,-8.1769]]],[[[115.06531,-8.1769],[115.0644,-8.176],[115.0662,-8.17422],[115.06625,-8.17427],[115.0663,-8.17422],[115.0681,-8.176],[115.06784,-8.17625],[115.0687,-8.1771],[115.0669,-8.17888],[115.0651,-8.1771],[115.06531,-8.1769]]],[[[115.0633,-8.16982],[115.0651,-8.1716],[115.0633,-8.17338],[115.0615,-8.1716],[115.0633,-8.16982]]],[[[115.0795,-8.1677],[115.0777,-8.16948],[115.0759,-8.1677],[115.0777,-8.16592],[115.0795,-8.1677]]],[[[115.0928,-8.16492],[115.0946,-8.1667],[115.0928,-8.16848],[115.091,-8.1667],[115.0928,-8.16492]]],[[[115.0506,-8.16122],[115.0524,-8.163],[115.0506,-8.16478],[115.0488,-8.163],[115.0506,-8.16122]]],[[[115.0809,-8.163],[115.0827,-8.16122],[115.0845,-8.163],[115.0827,-8.16478],[115.0809,-8.163]]],[[[115.0668,-8.16042],[115.0686,-8.1622],[115.0668,-8.16398],[115.065,-8.1622],[115.0668,-8.16042]]],[[[115.0963,-8.15902],[115.0981,-8.1608],[115.0963,-8.16258],[115.0945,-8.1608],[115.0963,-8.15902]]],[[[115.07277,-8.15501],[115.07457,-8.15679],[115.07277,-8.15857],[115.07098,-8.15679],[115.07277,-8.15501]]],[[[115.0448,-8.1555],[115.04347,-8.15681],[115.04356,-8.1569],[115.04176,-8.15868],[115.03996,-8.1569],[115.04129,-8.15559],[115.0412,-8.1555],[115.043,-8.15372],[115.0448,-8.1555]]],[[[115.0572,-8.15212],[115.059,-8.1539],[115.0572,-8.15568],[115.0554,-8.1539],[115.0572,-8.15212]]],[[[115.051,-8.1531],[115.0492,-8.15488],[115.0474,-8.1531],[115.0492,-8.15132],[115.051,-8.1531]]],[[[115.0994,-8.14922],[115.1012,-8.151],[115.0994,-8.15278],[115.0976,-8.151],[115.0994,-8.14922]]],[[[115.0528,-8.14772],[115.0546,-8.1495],[115.0528,-8.15128],[115.051,-8.1495],[115.0528,-8.14772]]],[[[115.0564,-8.1491],[115.0582,-8.14732],[115.06,-8.1491],[115.0582,-8.15088],[115.0564,-8.1491]]],[[[115.0869,-8.14712],[115.0887,-8.1489],[115.0869,-8.15068],[115.0851,-8.1489],[115.0869,-8.14712]]],[[[115.04571,-8.15025],[115.04557,-8.15011],[115.0454,-8.15028],[115.0436,-8.1485],[115.0454,-8.14672],[115.04554,-8.14686],[115.04571,-8.14669],[115.04593,-8.1469],[115.04642,-8.14641],[115.04822,-8.14819],[115.04642,-8.14997],[115.04621,-8.14976],[115.04571,-8.15025]]],[[[115.07066,-8.14502],[115.07246,-8.1468],[115.07066,-8.14857],[115.06886,-8.1468],[115.07066,-8.14502]]],[[[115.0491,-8.1465],[115.0509,-8.14472],[115.0527,-8.1465],[115.0509,-8.14828],[115.0491,-8.1465]]],[[[115.0865,-8.146],[115.0847,-8.14778],[115.0829,-8.146],[115.0847,-8.14422],[115.0865,-8.146]]],[[[115.07294,-8.14372],[115.07115,-8.1455],[115.06935,-8.14372],[115.07115,-8.14194],[115.07294,-8.14372]]],[[[115.0612,-8.1434],[115.063,-8.14162],[115.0648,-8.1434],[115.063,-8.14518],[115.0612,-8.1434]]],[[[115.0936,-8.13962],[115.0954,-8.1414],[115.0936,-8.14318],[115.0918,-8.1414],[115.0936,-8.13962]]],[[[115.0825,-8.13842],[115.0843,-8.1402],[115.0825,-8.14198],[115.0807,-8.1402],[115.0825,-8.13842]]],[[[115.0724,-8.14],[115.0742,-8.13822],[115.076,-8.14],[115.0742,-8.14178],[115.0724,-8.14]]],[[[115.10234,-8.13705],[115.1029,-8.1376],[115.1011,-8.13938],[115.0993,-8.1376],[115.09936,-8.13755],[115.0988,-8.137],[115.1006,-8.13522],[115.1024,-8.137],[115.10234,-8.13705]]],[[[115.09189,-8.1368],[115.0925,-8.1374],[115.0907,-8.13918],[115.0889,-8.1374],[115.08921,-8.1371],[115.0886,-8.1365],[115.0904,-8.13472],[115.0922,-8.1365],[115.09189,-8.1368]]],[[[115.0645,-8.13798],[115.0627,-8.1362],[115.0645,-8.13442],[115.06605,-8.13596],[115.0669,-8.13512],[115.0687,-8.1369],[115.0669,-8.13868],[115.06535,-8.13714],[115.0645,-8.13798]]],[[[115.0801,-8.1362],[115.0783,-8.13798],[115.0765,-8.1362],[115.0783,-8.13442],[115.0801,-8.1362]]],[[[115.1003,-8.134],[115.0985,-8.13578],[115.0967,-8.134],[115.0985,-8.13222],[115.1003,-8.134]]],[[[115.0963,-8.12992],[115.0981,-8.1317],[115.0963,-8.13348],[115.0945,-8.1317],[115.0963,-8.12992]]],[[[115.0869,-8.1282],[115.08659,-8.1285],[115.0869,-8.1288],[115.0851,-8.13058],[115.0833,-8.1288],[115.08361,-8.1285],[115.0833,-8.1282],[115.0851,-8.12642],[115.0869,-8.1282]]],[[[115.0986,-8.12672],[115.1004,-8.1285],[115.0986,-8.13028],[115.0968,-8.1285],[115.0986,-8.12672]]],[[[115.0912,-8.12492],[115.09234,-8.12605],[115.09322,-8.12519],[115.09302,-8.125],[115.09482,-8.12322],[115.09662,-8.125],[115.09519,-8.12641],[115.09538,-8.1266],[115.09359,-8.12838],[115.09244,-8.12725],[115.0912,-8.12848],[115.0894,-8.1267],[115.0912,-8.12492]]],[[[115.0987,-8.12488],[115.0985,-8.12468],[115.098,-8.12518],[115.0962,-8.1234],[115.098,-8.12162],[115.0982,-8.12182],[115.0987,-8.12132],[115.1005,-8.1231],[115.0987,-8.12488]]],[[[115.08728,-8.12094],[115.08908,-8.12272],[115.08728,-8.1245],[115.08548,-8.12272],[115.08728,-8.12094]]],[[[115.0959,-8.11862],[115.0977,-8.1204],[115.0959,-8.12218],[115.0941,-8.1204],[115.0959,-8.11862]]],[[[115.0935,-8.1233],[115.0917,-8.12508],[115.0899,-8.1233],[115.09144,-8.12178],[115.09016,-8.12052],[115.09062,-8.12006],[115.09032,-8.11976],[115.091,-8.11908],[115.09,-8.1181],[115.09086,-8.11725],[115.0899,-8.1163],[115.0917,-8.11452],[115.0935,-8.1163],[115.09264,-8.11715],[115.0936,-8.1181],[115.09292,-8.11877],[115.09391,-8.11976],[115.09345,-8.12022],[115.09375,-8.12052],[115.09222,-8.12203],[115.0935,-8.1233]]],[[[115.07894,-8.11881],[115.07714,-8.12059],[115.07534,-8.11881],[115.07714,-8.11703],[115.07894,-8.11881]]],[[[115.0835,-8.11908],[115.0817,-8.1173],[115.08271,-8.1163],[115.0821,-8.11569],[115.0806,-8.11718],[115.0788,-8.1154],[115.07911,-8.1151],[115.0788,-8.1148],[115.0806,-8.11302],[115.0822,-8.11461],[115.0834,-8.11342],[115.08355,-8.11357],[115.0838,-8.11332],[115.0856,-8.1151],[115.08559,-8.1151],[115.08624,-8.11574],[115.08498,-8.11699],[115.0853,-8.1173],[115.0835,-8.11908]]],[[[115.0755,-8.11272],[115.0773,-8.1145],[115.0755,-8.11628],[115.0737,-8.1145],[115.0755,-8.11272]]],[[[115.0875,-8.1137],[115.0893,-8.11192],[115.0911,-8.1137],[115.0893,-8.11548],[115.0875,-8.1137]]],[[[115.096,-8.11152],[115.0978,-8.1133],[115.096,-8.11508],[115.0942,-8.1133],[115.096,-8.11152]]],[[[115.08351,-8.1103],[115.0832,-8.11],[115.085,-8.10822],[115.08565,-8.10886],[115.0864,-8.10812],[115.0882,-8.1099],[115.0864,-8.11168],[115.08575,-8.11104],[115.08569,-8.1111],[115.086,-8.1114],[115.0842,-8.11318],[115.0824,-8.1114],[115.08351,-8.1103]]],[[[115.0792,-8.11058],[115.079,-8.11078],[115.0772,-8.109],[115.079,-8.10722],[115.07935,-8.10757],[115.0796,-8.10732],[115.0801,-8.10781],[115.0814,-8.10652],[115.08145,-8.10657],[115.0815,-8.10652],[115.0833,-8.1083],[115.08324,-8.10836],[115.08346,-8.10858],[115.08337,-8.10868],[115.0835,-8.1088],[115.0817,-8.11058],[115.08115,-8.11004],[115.0799,-8.11128],[115.0792,-8.11058]]],[[[115.09242,-8.10976],[115.09244,-8.10978],[115.0935,-8.10872],[115.0953,-8.1105],[115.0935,-8.11228],[115.09272,-8.11151],[115.09166,-8.11256],[115.09164,-8.11255],[115.0909,-8.11328],[115.0891,-8.1115],[115.08931,-8.1113],[115.0885,-8.1105],[115.0886,-8.1104],[115.0886,-8.1104],[115.0904,-8.10862],[115.09122,-8.10944],[115.09144,-8.10922],[115.0904,-8.1082],[115.09051,-8.1081],[115.0895,-8.1071],[115.09091,-8.1057],[115.0903,-8.1051],[115.0921,-8.10332],[115.09225,-8.10347],[115.0925,-8.10322],[115.0943,-8.105],[115.09264,-8.10664],[115.0931,-8.1071],[115.09299,-8.1072],[115.094,-8.1082],[115.09242,-8.10976]]],[[[115.0878,-8.1048],[115.086,-8.10658],[115.0842,-8.1048],[115.086,-8.10302],[115.0878,-8.1048]]],[[[115.0932,-8.1017],[115.095,-8.09992],[115.0968,-8.1017],[115.09644,-8.10205],[115.0973,-8.1029],[115.09704,-8.10315],[115.0978,-8.1039],[115.09759,-8.1041],[115.0979,-8.1044],[115.0961,-8.10618],[115.0943,-8.1044],[115.09451,-8.1042],[115.0942,-8.1039],[115.09431,-8.1038],[115.0932,-8.1027],[115.09371,-8.1022],[115.0932,-8.1017]]],[[[115.1108,-8.835],[115.1126,-8.83322],[115.1144,-8.835],[115.1126,-8.83678],[115.1108,-8.835]]],[[[115.1279,-8.83102],[115.1284,-8.83052],[115.1302,-8.8323],[115.12843,-8.83404],[115.1289,-8.8345],[115.1271,-8.83628],[115.1253,-8.8345],[115.12657,-8.83325],[115.1254,-8.8321],[115.1272,-8.83032],[115.1279,-8.83102]]],[[[115.1306,-8.82672],[115.1324,-8.8285],[115.1306,-8.83028],[115.1288,-8.8285],[115.1306,-8.82672]]],[[[115.11322,-8.81491],[115.11501,-8.81668],[115.11322,-8.81846],[115.11142,-8.81668],[115.11322,-8.81491]]],[[[115.12859,-8.65449],[115.13039,-8.65271],[115.13219,-8.65449],[115.13039,-8.65626],[115.12859,-8.65449]]],[[[115.1348,-8.64922],[115.1366,-8.651],[115.1348,-8.65278],[115.133,-8.651],[115.1348,-8.64922]]],[[[115.1312,-8.63712],[115.133,-8.6389],[115.1312,-8.64068],[115.1294,-8.6389],[115.1312,-8.63712]]],[[[115.1204,-8.63462],[115.1222,-8.6364],[115.1204,-8.63818],[115.1186,-8.6364],[115.1204,-8.63462]]],[[[115.132,-8.6323],[115.1338,-8.63052],[115.1356,-8.6323],[115.1338,-8.63408],[115.132,-8.6323]]],[[[115.1101,-8.6289],[115.1119,-8.62712],[115.1137,-8.6289],[115.1119,-8.63068],[115.1101,-8.6289]]],[[[115.1208,-8.62598],[115.12025,-8.62543],[115.1193,-8.62638],[115.1175,-8.6246],[115.1193,-8.62282],[115.11985,-8.62337],[115.1208,-8.62242],[115.1226,-8.6242],[115.1208,-8.62598]]],[[[115.1241,-8.6196],[115.1259,-8.61782],[115.1277,-8.6196],[115.1259,-8.62138],[115.1241,-8.6196]]],[[[115.1156,-8.61762],[115.1174,-8.6194],[115.1156,-8.62118],[115.1138,-8.6194],[115.1156,-8.61762]]],[[[115.12591,-8.6148],[115.1258,-8.6147],[115.1276,-8.61292],[115.1294,-8.6147],[115.12899,-8.6151],[115.1291,-8.6152],[115.1273,-8.61698],[115.1255,-8.6152],[115.12591,-8.6148]]],[[[115.13476,-8.61136],[115.1354,-8.61072],[115.1372,-8.6125],[115.1354,-8.61428],[115.13374,-8.61264],[115.1331,-8.61328],[115.1313,-8.6115],[115.1331,-8.60972],[115.13476,-8.61136]]],[[[115.11017,-8.60538],[115.10837,-8.60716],[115.10658,-8.60538],[115.10837,-8.6036],[115.11017,-8.60538]]],[[[115.1132,-8.6042],[115.1114,-8.60598],[115.1096,-8.6042],[115.1114,-8.60242],[115.1132,-8.6042]]],[[[115.1253,-8.5993],[115.12525,-8.59935],[115.1254,-8.5995],[115.1236,-8.60128],[115.12315,-8.60084],[115.12279,-8.60119],[115.1228,-8.6012],[115.121,-8.60298],[115.1192,-8.6012],[115.12021,-8.60021],[115.1202,-8.6002],[115.122,-8.59842],[115.12229,-8.59872],[115.1235,-8.59752],[115.1253,-8.5993]]],[[[115.1311,-8.59662],[115.1329,-8.5984],[115.1311,-8.60018],[115.1293,-8.5984],[115.1311,-8.59662]]],[[[115.1177,-8.59562],[115.1195,-8.5974],[115.1177,-8.59918],[115.1159,-8.5974],[115.1177,-8.59562]]],[[[115.1391,-8.59222],[115.1409,-8.594],[115.1391,-8.59578],[115.1373,-8.594],[115.1391,-8.59222]]],[[[115.1234,-8.5929],[115.1252,-8.59112],[115.127,-8.5929],[115.1252,-8.59468],[115.1234,-8.5929]]],[[[115.1351,-8.57922],[115.1369,-8.581],[115.1351,-8.58278],[115.1333,-8.581],[115.1351,-8.57922]]],[[[115.1383,-8.57722],[115.1401,-8.579],[115.1383,-8.58078],[115.1365,-8.579],[115.1383,-8.57722]]],[[[115.1104,-8.5763],[115.1086,-8.57808],[115.1068,-8.5763],[115.1086,-8.57452],[115.1104,-8.5763]]],[[[115.1057,-8.5723],[115.1075,-8.57052],[115.1093,-8.5723],[115.10904,-8.57255],[115.1091,-8.5726],[115.1073,-8.57438],[115.1055,-8.5726],[115.10576,-8.57235],[115.1057,-8.5723]]],[[[115.1337,-8.56592],[115.1355,-8.5677],[115.1337,-8.56948],[115.1319,-8.5677],[115.1337,-8.56592]]],[[[115.1263,-8.5654],[115.1281,-8.56362],[115.1299,-8.5654],[115.1281,-8.56718],[115.1263,-8.5654]]],[[[115.1176,-8.56232],[115.1194,-8.5641],[115.1176,-8.56588],[115.1158,-8.5641],[115.1176,-8.56232]]],[[[115.1235,-8.56072],[115.1253,-8.5625],[115.1235,-8.56428],[115.1217,-8.5625],[115.1235,-8.56072]]],[[[115.1374,-8.5623],[115.1392,-8.56052],[115.141,-8.5623],[115.1392,-8.56408],[115.1374,-8.5623]]],[[[115.1181,-8.561],[115.1199,-8.55922],[115.1217,-8.561],[115.1199,-8.56278],[115.1181,-8.561]]],[[[115.1132,-8.55812],[115.115,-8.5599],[115.1132,-8.56168],[115.1114,-8.5599],[115.1132,-8.55812]]],[[[115.1091,-8.55712],[115.1109,-8.5589],[115.1091,-8.56068],[115.1073,-8.5589],[115.1091,-8.55712]]],[[[115.1185,-8.5578],[115.1167,-8.55958],[115.1149,-8.5578],[115.1167,-8.55602],[115.1185,-8.5578]]],[[[115.1076,-8.55482],[115.1094,-8.5566],[115.1076,-8.55838],[115.1058,-8.5566],[115.1076,-8.55482]]],[[[115.1207,-8.5529],[115.1189,-8.55468],[115.11856,-8.55434],[115.117,-8.55588],[115.1152,-8.5541],[115.117,-8.55232],[115.11734,-8.55266],[115.1189,-8.55112],[115.1207,-8.5529]]],[[[115.12338,-8.55468],[115.12334,-8.55464],[115.1231,-8.55488],[115.1213,-8.5531],[115.1231,-8.55132],[115.12314,-8.55136],[115.12338,-8.55112],[115.12517,-8.5529],[115.12338,-8.55468]]],[[[115.1309,-8.54992],[115.1327,-8.5517],[115.1309,-8.55348],[115.1291,-8.5517],[115.1309,-8.54992]]],[[[115.1107,-8.54852],[115.1125,-8.5503],[115.1107,-8.55208],[115.1089,-8.5503],[115.1107,-8.54852]]],[[[115.1191,-8.5503],[115.1209,-8.54852],[115.1227,-8.5503],[115.1209,-8.55208],[115.1191,-8.5503]]],[[[115.1151,-8.54642],[115.1169,-8.5482],[115.1151,-8.54998],[115.1133,-8.5482],[115.1151,-8.54642]]],[[[115.1166,-8.5465],[115.1184,-8.54472],[115.11975,-8.54606],[115.1205,-8.54532],[115.1223,-8.5471],[115.1205,-8.54888],[115.11915,-8.54754],[115.1184,-8.54828],[115.1166,-8.5465]]],[[[115.1061,-8.5464],[115.1043,-8.54818],[115.1025,-8.5464],[115.1043,-8.54462],[115.1061,-8.5464]]],[[[115.1334,-8.54748],[115.13285,-8.54694],[115.1319,-8.54788],[115.1301,-8.5461],[115.1319,-8.54432],[115.13245,-8.54486],[115.1334,-8.54392],[115.1352,-8.5457],[115.1334,-8.54748]]],[[[115.1357,-8.54062],[115.1375,-8.5424],[115.1357,-8.54418],[115.1339,-8.5424],[115.1357,-8.54062]]],[[[115.1157,-8.54042],[115.1175,-8.5422],[115.1157,-8.54398],[115.1139,-8.5422],[115.1157,-8.54042]]],[[[115.1397,-8.53922],[115.1415,-8.541],[115.1397,-8.54278],[115.1379,-8.541],[115.1397,-8.53922]]],[[[115.1191,-8.53862],[115.1209,-8.5404],[115.1191,-8.54218],[115.1173,-8.5404],[115.1191,-8.53862]]],[[[115.10992,-8.53854],[115.11003,-8.53843],[115.11,-8.5384],[115.1118,-8.53662],[115.11183,-8.53665],[115.11221,-8.53627],[115.114,-8.53805],[115.11351,-8.53854],[115.11351,-8.53854],[115.11172,-8.54032],[115.10992,-8.53854]]],[[[115.1361,-8.53642],[115.1379,-8.5382],[115.1361,-8.53998],[115.1343,-8.5382],[115.1361,-8.53642]]],[[[115.13296,-8.53734],[115.13284,-8.53745],[115.1331,-8.5377],[115.1313,-8.53948],[115.13095,-8.53913],[115.1309,-8.53918],[115.1291,-8.5374],[115.13046,-8.53606],[115.13025,-8.53585],[115.13205,-8.53407],[115.1329,-8.53492],[115.1335,-8.53432],[115.1353,-8.5361],[115.1335,-8.53788],[115.13296,-8.53734]]],[[[115.1219,-8.5351],[115.1201,-8.53688],[115.1183,-8.5351],[115.1201,-8.53332],[115.1219,-8.5351]]],[[[115.1242,-8.53162],[115.12535,-8.53276],[115.1266,-8.53152],[115.1284,-8.5333],[115.12753,-8.53415],[115.1289,-8.5355],[115.1271,-8.53728],[115.1253,-8.5355],[115.12617,-8.53465],[115.12545,-8.53394],[115.1242,-8.53518],[115.1224,-8.5334],[115.1242,-8.53162]]],[[[115.131,-8.52991],[115.1328,-8.53168],[115.131,-8.53346],[115.1292,-8.53168],[115.131,-8.52991]]],[[[115.1333,-8.5308],[115.1333,-8.5308],[115.1351,-8.52902],[115.1369,-8.5308],[115.1368,-8.5309],[115.1368,-8.5309],[115.135,-8.53268],[115.1332,-8.5309],[115.1333,-8.5308]]],[[[115.11127,-8.52683],[115.11307,-8.52861],[115.11127,-8.53038],[115.10947,-8.52861],[115.11127,-8.52683]]],[[[115.1172,-8.52682],[115.119,-8.5286],[115.1172,-8.53038],[115.1154,-8.5286],[115.1172,-8.52682]]],[[[115.1359,-8.52532],[115.1377,-8.5271],[115.1359,-8.52888],[115.1341,-8.5271],[115.1359,-8.52532]]],[[[115.1289,-8.5268],[115.1307,-8.52502],[115.1325,-8.5268],[115.1307,-8.52858],[115.1289,-8.5268]]],[[[115.1328,-8.5232],[115.131,-8.52498],[115.1292,-8.5232],[115.131,-8.52142],[115.1328,-8.5232]]],[[[115.1099,-8.5223],[115.1081,-8.52408],[115.1063,-8.5223],[115.1081,-8.52052],[115.1099,-8.5223]]],[[[115.1271,-8.5206],[115.1289,-8.51882],[115.1307,-8.5206],[115.1289,-8.52238],[115.1271,-8.5206]]],[[[115.13928,-8.52089],[115.1399,-8.5215],[115.1381,-8.52328],[115.1363,-8.5215],[115.13792,-8.51991],[115.1373,-8.5193],[115.1391,-8.51752],[115.1409,-8.5193],[115.13928,-8.52089]]],[[[115.11014,-8.5126],[115.11194,-8.51437],[115.11014,-8.51615],[115.10834,-8.51437],[115.11014,-8.5126]]],[[[115.10691,-8.50599],[115.10871,-8.50422],[115.11051,-8.50599],[115.10871,-8.50777],[115.10691,-8.50599]]],[[[115.1162,-8.50032],[115.118,-8.5021],[115.1162,-8.50388],[115.1144,-8.5021],[115.1162,-8.50032]]],[[[115.1241,-8.49232],[115.1259,-8.4941],[115.1241,-8.49588],[115.1223,-8.4941],[115.1241,-8.49232]]],[[[115.1253,-8.48802],[115.1271,-8.4898],[115.1253,-8.49158],[115.1235,-8.4898],[115.1253,-8.48802]]],[[[115.1413,-8.489],[115.1395,-8.49078],[115.1377,-8.489],[115.1395,-8.48722],[115.1413,-8.489]]],[[[115.1087,-8.4889],[115.1069,-8.49068],[115.1051,-8.4889],[115.1069,-8.48712],[115.1087,-8.4889]]],[[[115.1316,-8.48392],[115.1334,-8.4857],[115.1316,-8.48748],[115.1298,-8.4857],[115.1316,-8.48392]]],[[[115.1166,-8.48292],[115.1184,-8.4847],[115.1166,-8.48648],[115.1148,-8.4847],[115.1166,-8.48292]]],[[[115.10857,-8.48065],[115.11036,-8.47887],[115.11216,-8.48065],[115.11036,-8.48243],[115.10857,-8.48065]]],[[[115.1179,-8.47052],[115.1197,-8.4723],[115.1179,-8.47408],[115.1161,-8.4723],[115.1179,-8.47052]]],[[[115.1378,-8.46752],[115.1396,-8.4693],[115.1378,-8.47108],[115.136,-8.4693],[115.1378,-8.46752]]],[[[115.1373,-8.4584],[115.1391,-8.45662],[115.1409,-8.4584],[115.1391,-8.46018],[115.1373,-8.4584]]],[[[115.1167,-8.4391],[115.1185,-8.43732],[115.1203,-8.4391],[115.1185,-8.44088],[115.1167,-8.4391]]],[[[115.1397,-8.4321],[115.1379,-8.43388],[115.1361,-8.4321],[115.1379,-8.43032],[115.1397,-8.4321]]],[[[115.10641,-8.42337],[115.10461,-8.42514],[115.10282,-8.42337],[115.10461,-8.42159],[115.10641,-8.42337]]],[[[115.1318,-8.4101],[115.1336,-8.40832],[115.1354,-8.4101],[115.1336,-8.41188],[115.1318,-8.4101]]],[[[115.1067,-8.39772],[115.1085,-8.3995],[115.1067,-8.40128],[115.1049,-8.3995],[115.1067,-8.39772]]],[[[115.1224,-8.398],[115.1242,-8.39622],[115.126,-8.398],[115.1242,-8.39978],[115.1224,-8.398]]],[[[115.1117,-8.39042],[115.1135,-8.3922],[115.1117,-8.39398],[115.1099,-8.3922],[115.1117,-8.39042]]],[[[115.1251,-8.3893],[115.1269,-8.38752],[115.1287,-8.3893],[115.1269,-8.39108],[115.1251,-8.3893]]],[[[115.1316,-8.38162],[115.1334,-8.3834],[115.1316,-8.38518],[115.1298,-8.3834],[115.1316,-8.38162]]],[[[115.1181,-8.37972],[115.1199,-8.3815],[115.1181,-8.38328],[115.1163,-8.3815],[115.1181,-8.37972]]],[[[115.1262,-8.37582],[115.128,-8.3776],[115.1262,-8.37938],[115.1244,-8.3776],[115.1262,-8.37582]]],[[[115.1085,-8.3622],[115.1067,-8.36398],[115.1049,-8.3622],[115.1067,-8.36042],[115.1085,-8.3622]]],[[[115.1365,-8.35282],[115.1383,-8.3546],[115.1365,-8.35638],[115.1347,-8.3546],[115.1365,-8.35282]]],[[[115.118,-8.35112],[115.1198,-8.3529],[115.118,-8.35468],[115.1162,-8.3529],[115.118,-8.35112]]],[[[115.1056,-8.3517],[115.1074,-8.34992],[115.1092,-8.3517],[115.1074,-8.35348],[115.1056,-8.3517]]],[[[115.138,-8.34302],[115.1398,-8.3448],[115.138,-8.34658],[115.1362,-8.3448],[115.138,-8.34302]]],[[[115.1107,-8.33902],[115.1125,-8.3408],[115.1107,-8.34258],[115.1089,-8.3408],[115.1107,-8.33902]]],[[[115.1379,-8.24592],[115.1397,-8.2477],[115.1379,-8.24948],[115.1361,-8.2477],[115.1379,-8.24592]]],[[[115.109,-8.23712],[115.1108,-8.2389],[115.109,-8.24068],[115.1072,-8.2389],[115.109,-8.23712]]],[[[115.1161,-8.23582],[115.1179,-8.2376],[115.1161,-8.23938],[115.1143,-8.2376],[115.1161,-8.23582]]],[[[115.1231,-8.2203],[115.1213,-8.22208],[115.1195,-8.2203],[115.1213,-8.21852],[115.1231,-8.2203]]],[[[115.1221,-8.21112],[115.1239,-8.2129],[115.1221,-8.21468],[115.1203,-8.2129],[115.1221,-8.21112]]],[[[115.1233,-8.193],[115.1251,-8.19122],[115.1269,-8.193],[115.1251,-8.19478],[115.1233,-8.193]]],[[[115.1332,-8.17982],[115.135,-8.1816],[115.1332,-8.18338],[115.1314,-8.1816],[115.1332,-8.17982]]],[[[115.1158,-8.17642],[115.1176,-8.1782],[115.1158,-8.17998],[115.114,-8.1782],[115.1158,-8.17642]]],[[[115.1189,-8.17582],[115.1207,-8.1776],[115.1189,-8.17938],[115.1171,-8.1776],[115.1189,-8.17582]]],[[[115.1056,-8.1766],[115.1074,-8.17482],[115.1092,-8.1766],[115.1074,-8.17838],[115.1056,-8.1766]]],[[[115.1373,-8.1735],[115.13639,-8.1744],[115.1364,-8.1744],[115.1346,-8.17618],[115.1328,-8.1744],[115.13371,-8.1735],[115.13371,-8.1735],[115.1355,-8.17172],[115.1373,-8.1735]]],[[[115.1066,-8.1728],[115.1048,-8.17458],[115.103,-8.1728],[115.1048,-8.17102],[115.1066,-8.1728]]],[[[115.1403,-8.1725],[115.1385,-8.17428],[115.1367,-8.1725],[115.1385,-8.17072],[115.1403,-8.1725]]],[[[115.1198,-8.16842],[115.1216,-8.1702],[115.1198,-8.17198],[115.118,-8.1702],[115.1198,-8.16842]]],[[[115.1244,-8.1668],[115.1262,-8.16502],[115.128,-8.1668],[115.1262,-8.16858],[115.1244,-8.1668]]],[[[115.1372,-8.1645],[115.139,-8.16272],[115.1408,-8.1645],[115.139,-8.16628],[115.1372,-8.1645]]],[[[115.1109,-8.16222],[115.1127,-8.164],[115.1109,-8.16578],[115.1091,-8.164],[115.1109,-8.16222]]],[[[115.1207,-8.1604],[115.1225,-8.15862],[115.1243,-8.1604],[115.1225,-8.16218],[115.1207,-8.1604]]],[[[115.1121,-8.15522],[115.1139,-8.157],[115.1121,-8.15878],[115.1103,-8.157],[115.1121,-8.15522]]],[[[115.1176,-8.15442],[115.1194,-8.1562],[115.1176,-8.15798],[115.1158,-8.1562],[115.1176,-8.15442]]],[[[115.1082,-8.15188],[115.10999,-8.15366],[115.1082,-8.15544],[115.1064,-8.15366],[115.1082,-8.15188]]],[[[115.1323,-8.1508],[115.1305,-8.15258],[115.1287,-8.1508],[115.1305,-8.14902],[115.1323,-8.1508]]],[[[115.1211,-8.1499],[115.1229,-8.14812],[115.1247,-8.1499],[115.1229,-8.15168],[115.1211,-8.1499]]],[[[115.10556,-8.14167],[115.1065,-8.1426],[115.1047,-8.14438],[115.1029,-8.1426],[115.10432,-8.1412],[115.1037,-8.14059],[115.1032,-8.14108],[115.1014,-8.1393],[115.1032,-8.13752],[115.10468,-8.13898],[115.10517,-8.13849],[115.10697,-8.14027],[115.10556,-8.14167]]],[[[115.1312,-8.13842],[115.133,-8.1402],[115.1312,-8.14198],[115.1294,-8.1402],[115.1312,-8.13842]]],[[[115.12405,-8.14076],[115.12235,-8.13908],[115.12415,-8.1373],[115.12594,-8.13908],[115.1257,-8.13932],[115.1274,-8.141],[115.1256,-8.14278],[115.1238,-8.141],[115.12405,-8.14076]]],[[[115.1149,-8.13632],[115.1167,-8.1381],[115.1149,-8.13988],[115.1131,-8.1381],[115.1149,-8.13632]]],[[[115.1106,-8.13372],[115.1124,-8.1355],[115.1106,-8.13728],[115.1088,-8.1355],[115.1106,-8.13372]]],[[[115.1016,-8.133],[115.1034,-8.13122],[115.1052,-8.133],[115.1034,-8.13478],[115.1016,-8.133]]],[[[115.13933,-8.12465],[115.141,-8.1263],[115.1392,-8.12808],[115.1374,-8.1263],[115.13827,-8.12545],[115.1366,-8.1238],[115.1384,-8.12202],[115.1402,-8.1238],[115.13933,-8.12465]]],[[[115.1109,-8.123],[115.1091,-8.12478],[115.1073,-8.123],[115.1091,-8.12122],[115.1109,-8.123]]],[[[115.122,-8.12508],[115.12069,-8.12379],[115.1205,-8.12398],[115.1187,-8.1222],[115.11875,-8.12215],[115.1185,-8.1219],[115.1203,-8.12012],[115.12186,-8.12166],[115.122,-8.12152],[115.12345,-8.12296],[115.1251,-8.12132],[115.1269,-8.1231],[115.1251,-8.12488],[115.12365,-8.12344],[115.122,-8.12508]]],[[[115.127,-8.1199],[115.1288,-8.11812],[115.1306,-8.1199],[115.1288,-8.12168],[115.127,-8.1199]]],[[[115.12729,-8.1162],[115.1281,-8.117],[115.1263,-8.11878],[115.1245,-8.117],[115.12511,-8.1164],[115.1243,-8.1156],[115.1261,-8.11382],[115.1279,-8.1156],[115.12729,-8.1162]]],[[[115.1026,-8.11658],[115.1013,-8.11529],[115.1005,-8.11608],[115.09985,-8.11544],[115.09944,-8.11585],[115.1006,-8.117],[115.09993,-8.11766],[115.1013,-8.11902],[115.0995,-8.1208],[115.0977,-8.11902],[115.09837,-8.11836],[115.097,-8.117],[115.09766,-8.11635],[115.0965,-8.1152],[115.09731,-8.1144],[115.097,-8.1141],[115.0988,-8.11232],[115.09975,-8.11326],[115.1005,-8.11252],[115.1018,-8.11381],[115.1026,-8.11302],[115.10355,-8.11396],[115.10516,-8.11236],[115.1049,-8.1121],[115.1067,-8.11032],[115.1085,-8.1121],[115.10684,-8.11374],[115.1071,-8.114],[115.1053,-8.11578],[115.10435,-8.11484],[115.1026,-8.11658]]],[[[115.109,-8.1111],[115.1108,-8.10932],[115.1126,-8.1111],[115.1108,-8.11288],[115.109,-8.1111]]],[[[115.1312,-8.10582],[115.133,-8.1076],[115.1312,-8.10938],[115.1294,-8.1076],[115.1312,-8.10582]]],[[[115.1155,-8.10492],[115.1173,-8.1067],[115.1155,-8.10848],[115.1137,-8.1067],[115.1155,-8.10492]]],[[[115.1382,-8.10432],[115.14,-8.1061],[115.1382,-8.10788],[115.1364,-8.1061],[115.1382,-8.10432]]],[[[115.1203,-8.10302],[115.1221,-8.1048],[115.1203,-8.10658],[115.1185,-8.1048],[115.1203,-8.10302]]],[[[115.1387,-8.09732],[115.1405,-8.0991],[115.1387,-8.10088],[115.1369,-8.0991],[115.1387,-8.09732]]],[[[115.1031,-8.0988],[115.1049,-8.09702],[115.1067,-8.0988],[115.1049,-8.10058],[115.1031,-8.0988]]],[[[115.1229,-8.09552],[115.1247,-8.0973],[115.1229,-8.09908],[115.1211,-8.0973],[115.1229,-8.09552]]],[[[115.11738,-8.09391],[115.11918,-8.09569],[115.11738,-8.09747],[115.11558,-8.09569],[115.11738,-8.09391]]],[[[115.1386,-8.08982],[115.1404,-8.0916],[115.1386,-8.09338],[115.1368,-8.0916],[115.1386,-8.08982]]],[[[115.1177,-8.0899],[115.11694,-8.09065],[115.1182,-8.0919],[115.1164,-8.09368],[115.1146,-8.0919],[115.11536,-8.09115],[115.1141,-8.0899],[115.1159,-8.08812],[115.1177,-8.0899]]],[[[115.1308,-8.0888],[115.129,-8.09058],[115.12854,-8.09013],[115.12793,-8.09073],[115.12614,-8.08895],[115.12793,-8.08717],[115.12839,-8.08762],[115.129,-8.08702],[115.1308,-8.0888]]],[[[115.1387,-8.08107],[115.14049,-8.08284],[115.1387,-8.08462],[115.1369,-8.08284],[115.1387,-8.08107]]],[[[115.1297,-8.0796],[115.1315,-8.07782],[115.1333,-8.0796],[115.1332,-8.0797],[115.1334,-8.0799],[115.1316,-8.08168],[115.1298,-8.0799],[115.1299,-8.0798],[115.1297,-8.0796]]],[[[115.1505,-8.83442],[115.1523,-8.8362],[115.1505,-8.83798],[115.1487,-8.8362],[115.1505,-8.83442]]],[[[115.1501,-8.82802],[115.1519,-8.8298],[115.1501,-8.83158],[115.1483,-8.8298],[115.1501,-8.82802]]],[[[115.16649,-8.8287],[115.1676,-8.8298],[115.1658,-8.83158],[115.16414,-8.82994],[115.1638,-8.83028],[115.162,-8.8285],[115.1638,-8.82672],[115.16435,-8.82726],[115.1655,-8.82612],[115.1673,-8.8279],[115.16649,-8.8287]]],[[[115.1423,-8.8245],[115.1441,-8.82272],[115.1459,-8.8245],[115.1441,-8.82628],[115.1423,-8.8245]]],[[[115.1542,-8.81642],[115.156,-8.8182],[115.1542,-8.81998],[115.1524,-8.8182],[115.1542,-8.81642]]],[[[115.1616,-8.81052],[115.1634,-8.8123],[115.1616,-8.81408],[115.1598,-8.8123],[115.1616,-8.81052]]],[[[115.1597,-8.8058],[115.1615,-8.80402],[115.1633,-8.8058],[115.1615,-8.80758],[115.1597,-8.8058]]],[[[115.14943,-8.80294],[115.15123,-8.80471],[115.14943,-8.80649],[115.14764,-8.80471],[115.14943,-8.80294]]],[[[115.14774,-8.80085],[115.1481,-8.8012],[115.1463,-8.80298],[115.1445,-8.8012],[115.14456,-8.80115],[115.1442,-8.8008],[115.146,-8.79902],[115.1478,-8.8008],[115.14774,-8.80085]]],[[[115.1611,-8.79742],[115.1629,-8.7992],[115.1611,-8.80098],[115.1593,-8.7992],[115.1611,-8.79742]]],[[[115.1552,-8.79732],[115.157,-8.7991],[115.1552,-8.80088],[115.1534,-8.7991],[115.1552,-8.79732]]],[[[115.147,-8.799],[115.1488,-8.79722],[115.1506,-8.799],[115.1488,-8.80078],[115.147,-8.799]]],[[[115.158,-8.79582],[115.1598,-8.7976],[115.158,-8.79938],[115.1562,-8.7976],[115.158,-8.79582]]],[[[115.1633,-8.79422],[115.1651,-8.796],[115.1633,-8.79778],[115.1615,-8.796],[115.1633,-8.79422]]],[[[115.1661,-8.79232],[115.1679,-8.7941],[115.1661,-8.79588],[115.1643,-8.7941],[115.1661,-8.79232]]],[[[115.157,-8.792],[115.1552,-8.79378],[115.1534,-8.792],[115.1552,-8.79022],[115.157,-8.792]]],[[[115.1626,-8.78452],[115.1628,-8.78472],[115.1633,-8.78422],[115.1651,-8.786],[115.1633,-8.78778],[115.1631,-8.78758],[115.1626,-8.78808],[115.1608,-8.7863],[115.1626,-8.78452]]],[[[115.1644,-8.78042],[115.1662,-8.7822],[115.1644,-8.78398],[115.1626,-8.7822],[115.1644,-8.78042]]],[[[115.167,-8.68968],[115.16665,-8.68933],[115.1662,-8.68978],[115.1644,-8.688],[115.1662,-8.68622],[115.16655,-8.68657],[115.167,-8.68612],[115.1688,-8.6879],[115.167,-8.68968]]],[[[115.1639,-8.67368],[115.16385,-8.67363],[115.1638,-8.67368],[115.162,-8.6719],[115.1638,-8.67012],[115.16385,-8.67017],[115.1639,-8.67012],[115.1657,-8.6719],[115.1639,-8.67368]]],[[[115.1555,-8.66932],[115.1573,-8.6711],[115.1555,-8.67288],[115.1537,-8.6711],[115.1555,-8.66932]]],[[[115.1576,-8.66632],[115.1594,-8.6681],[115.1576,-8.66988],[115.1558,-8.6681],[115.1576,-8.66632]]],[[[115.1466,-8.6644],[115.1484,-8.66262],[115.1502,-8.6644],[115.1484,-8.66618],[115.1466,-8.6644]]],[[[115.1637,-8.6617],[115.1655,-8.66348],[115.1637,-8.66526],[115.16191,-8.66348],[115.1637,-8.6617]]],[[[115.1672,-8.6616],[115.1654,-8.66338],[115.1636,-8.6616],[115.1654,-8.65982],[115.1672,-8.6616]]],[[[115.1491,-8.6581],[115.1473,-8.65988],[115.1455,-8.6581],[115.1473,-8.65632],[115.1491,-8.6581]]],[[[115.1626,-8.65422],[115.1644,-8.656],[115.1626,-8.65778],[115.1608,-8.656],[115.1626,-8.65422]]],[[[115.14418,-8.65309],[115.14598,-8.65132],[115.14778,-8.65309],[115.14598,-8.65487],[115.14418,-8.65309]]],[[[115.1531,-8.65082],[115.1549,-8.6526],[115.1531,-8.65438],[115.1513,-8.6526],[115.1531,-8.65082]]],[[[115.1607,-8.6488],[115.1625,-8.64702],[115.1643,-8.6488],[115.1625,-8.65058],[115.1607,-8.6488]]],[[[115.15956,-8.6463],[115.16135,-8.64808],[115.15956,-8.64985],[115.15776,-8.64808],[115.15956,-8.6463]]],[[[115.1499,-8.64592],[115.1517,-8.6477],[115.1499,-8.64948],[115.1481,-8.6477],[115.1499,-8.64592]]],[[[115.1387,-8.6476],[115.1405,-8.64582],[115.1423,-8.6476],[115.1405,-8.64938],[115.1387,-8.6476]]],[[[115.1576,-8.6452],[115.1558,-8.64698],[115.154,-8.6452],[115.1558,-8.64342],[115.1576,-8.6452]]],[[[115.15067,-8.64024],[115.15246,-8.63846],[115.15302,-8.63901],[115.1532,-8.63882],[115.155,-8.6406],[115.1532,-8.64238],[115.15265,-8.64183],[115.15246,-8.64201],[115.15067,-8.64024]]],[[[115.1622,-8.63812],[115.164,-8.6399],[115.1622,-8.64168],[115.1604,-8.6399],[115.1622,-8.63812]]],[[[115.148,-8.63362],[115.1498,-8.6354],[115.148,-8.63718],[115.1462,-8.6354],[115.148,-8.63362]]],[[[115.1606,-8.63042],[115.1624,-8.6322],[115.1606,-8.63398],[115.1588,-8.6322],[115.1606,-8.63042]]],[[[115.1512,-8.62772],[115.153,-8.6295],[115.1512,-8.63128],[115.1494,-8.6295],[115.1512,-8.62772]]],[[[115.1424,-8.6263],[115.1442,-8.62452],[115.146,-8.6263],[115.1442,-8.62808],[115.1424,-8.6263]]],[[[115.1646,-8.626],[115.1664,-8.62422],[115.1682,-8.626],[115.1664,-8.62778],[115.1646,-8.626]]],[[[115.1433,-8.61522],[115.1451,-8.617],[115.1433,-8.61878],[115.1415,-8.617],[115.1433,-8.61522]]],[[[115.1533,-8.6153],[115.1515,-8.61708],[115.1497,-8.6153],[115.1515,-8.61352],[115.1533,-8.6153]]],[[[115.1625,-8.6063],[115.1607,-8.60808],[115.1589,-8.6063],[115.15966,-8.60555],[115.1584,-8.6043],[115.1602,-8.60252],[115.1614,-8.60371],[115.162,-8.60312],[115.1638,-8.6049],[115.16244,-8.60624],[115.1625,-8.6063]]],[[[115.1403,-8.5889],[115.1421,-8.58712],[115.1439,-8.5889],[115.1421,-8.59068],[115.1403,-8.5889]]],[[[115.1669,-8.5879],[115.16574,-8.58905],[115.1665,-8.5898],[115.1647,-8.59158],[115.1629,-8.5898],[115.16406,-8.58865],[115.1633,-8.5879],[115.1651,-8.58612],[115.1669,-8.5879]]],[[[115.1592,-8.58492],[115.161,-8.5867],[115.1592,-8.58848],[115.1574,-8.5867],[115.1592,-8.58492]]],[[[115.1655,-8.5862],[115.1673,-8.58442],[115.1691,-8.5862],[115.1673,-8.58798],[115.1655,-8.5862]]],[[[115.1443,-8.58412],[115.1461,-8.5859],[115.1443,-8.58768],[115.1425,-8.5859],[115.1443,-8.58412]]],[[[115.1388,-8.5856],[115.1406,-8.58382],[115.1424,-8.5856],[115.1406,-8.58738],[115.1388,-8.5856]]],[[[115.1622,-8.58112],[115.164,-8.5829],[115.1622,-8.58468],[115.1604,-8.5829],[115.1622,-8.58112]]],[[[115.1576,-8.57882],[115.1594,-8.5806],[115.1576,-8.58238],[115.1558,-8.5806],[115.1576,-8.57882]]],[[[115.1477,-8.5739],[115.1459,-8.57568],[115.1441,-8.5739],[115.1459,-8.57212],[115.1477,-8.5739]]],[[[115.16649,-8.572],[115.167,-8.5725],[115.1652,-8.57428],[115.1634,-8.5725],[115.16401,-8.5719],[115.1635,-8.5714],[115.1653,-8.56962],[115.1671,-8.5714],[115.16649,-8.572]]],[[[115.1583,-8.5711],[115.1601,-8.56932],[115.1619,-8.5711],[115.1601,-8.57288],[115.1583,-8.5711]]],[[[115.1631,-8.56812],[115.1649,-8.5699],[115.1631,-8.57168],[115.1613,-8.5699],[115.1631,-8.56812]]],[[[115.1436,-8.5658],[115.1454,-8.56402],[115.1472,-8.5658],[115.1454,-8.56758],[115.1436,-8.5658]]],[[[115.1428,-8.56202],[115.1446,-8.5638],[115.1428,-8.56558],[115.141,-8.5638],[115.1428,-8.56202]]],[[[115.1515,-8.56112],[115.1533,-8.5629],[115.1515,-8.56468],[115.1497,-8.5629],[115.1515,-8.56112]]],[[[115.1476,-8.55772],[115.1494,-8.5595],[115.1476,-8.56128],[115.1458,-8.5595],[115.1476,-8.55772]]],[[[115.154,-8.559],[115.1522,-8.56078],[115.1504,-8.559],[115.1522,-8.55722],[115.154,-8.559]]],[[[115.1673,-8.5585],[115.1655,-8.56028],[115.1637,-8.5585],[115.1655,-8.55672],[115.1673,-8.5585]]],[[[115.1424,-8.5543],[115.14128,-8.5554],[115.1427,-8.5568],[115.1409,-8.55858],[115.1391,-8.5568],[115.14022,-8.5557],[115.1388,-8.5543],[115.1406,-8.55252],[115.1424,-8.5543]]],[[[115.1596,-8.55122],[115.1614,-8.553],[115.1596,-8.55478],[115.1578,-8.553],[115.1596,-8.55122]]],[[[115.141,-8.5524],[115.1428,-8.55062],[115.1446,-8.5524],[115.1428,-8.55418],[115.141,-8.5524]]],[[[115.1502,-8.54882],[115.152,-8.5506],[115.1502,-8.55238],[115.1484,-8.5506],[115.1502,-8.54882]]],[[[115.1674,-8.54872],[115.1692,-8.5505],[115.1674,-8.55228],[115.1656,-8.5505],[115.1674,-8.54872]]],[[[115.1463,-8.54832],[115.1481,-8.5501],[115.1463,-8.55188],[115.1445,-8.5501],[115.1463,-8.54832]]],[[[115.1465,-8.5462],[115.14594,-8.54675],[115.1467,-8.5475],[115.1449,-8.54928],[115.1431,-8.5475],[115.14366,-8.54695],[115.1429,-8.5462],[115.1447,-8.54442],[115.1465,-8.5462]]],[[[115.1416,-8.5462],[115.1398,-8.54798],[115.138,-8.5462],[115.1398,-8.54442],[115.1416,-8.5462]]],[[[115.1647,-8.54182],[115.1665,-8.5436],[115.1647,-8.54538],[115.1629,-8.5436],[115.1647,-8.54182]]],[[[115.1651,-8.53742],[115.1669,-8.5392],[115.1651,-8.54098],[115.1633,-8.5392],[115.1651,-8.53742]]],[[[115.145,-8.5386],[115.14536,-8.53825],[115.1445,-8.5374],[115.1463,-8.53562],[115.1481,-8.5374],[115.14774,-8.53775],[115.1486,-8.5386],[115.1468,-8.54038],[115.145,-8.5386]]],[[[115.1542,-8.53612],[115.156,-8.5379],[115.1542,-8.53968],[115.1524,-8.5379],[115.1542,-8.53612]]],[[[115.1407,-8.53562],[115.1425,-8.5374],[115.1407,-8.53918],[115.1389,-8.5374],[115.1407,-8.53562]]],[[[115.1411,-8.5316],[115.1429,-8.52982],[115.1447,-8.5316],[115.1429,-8.53338],[115.1411,-8.5316]]],[[[115.1596,-8.52952],[115.1614,-8.5313],[115.1596,-8.53308],[115.1578,-8.5313],[115.1596,-8.52952]]],[[[115.152,-8.52452],[115.1538,-8.5263],[115.152,-8.52808],[115.1502,-8.5263],[115.152,-8.52452]]],[[[115.1458,-8.52212],[115.1476,-8.5239],[115.1458,-8.52568],[115.144,-8.5239],[115.1458,-8.52212]]],[[[115.1664,-8.5188],[115.1646,-8.52058],[115.1628,-8.5188],[115.1646,-8.51702],[115.1664,-8.5188]]],[[[115.1397,-8.5176],[115.1415,-8.51582],[115.1433,-8.5176],[115.1415,-8.51938],[115.1397,-8.5176]]],[[[115.1527,-8.51552],[115.1545,-8.5173],[115.1527,-8.51908],[115.15094,-8.51734],[115.1501,-8.51818],[115.1483,-8.5164],[115.1501,-8.51462],[115.15186,-8.51636],[115.1527,-8.51552]]],[[[115.1531,-8.5155],[115.1549,-8.51372],[115.1567,-8.5155],[115.1549,-8.51728],[115.1531,-8.5155]]],[[[115.1517,-8.51132],[115.1535,-8.5131],[115.1517,-8.51488],[115.1499,-8.5131],[115.1517,-8.51132]]],[[[115.1569,-8.51042],[115.1587,-8.5122],[115.1569,-8.51398],[115.1551,-8.5122],[115.1569,-8.51042]]],[[[115.1579,-8.5057],[115.1597,-8.50392],[115.1615,-8.5057],[115.1597,-8.50748],[115.1579,-8.5057]]],[[[115.163,-8.5025],[115.1648,-8.50072],[115.1666,-8.5025],[115.1648,-8.50428],[115.163,-8.5025]]],[[[115.1694,-8.493],[115.1676,-8.49478],[115.1658,-8.493],[115.1676,-8.49122],[115.1694,-8.493]]],[[[115.1644,-8.49022],[115.1662,-8.492],[115.1644,-8.49378],[115.1626,-8.492],[115.1644,-8.49022]]],[[[115.1626,-8.47132],[115.1644,-8.4731],[115.1626,-8.47488],[115.1608,-8.4731],[115.1626,-8.47132]]],[[[115.1447,-8.46742],[115.1465,-8.4692],[115.1447,-8.47098],[115.1429,-8.4692],[115.1447,-8.46742]]],[[[115.1646,-8.4688],[115.1664,-8.46702],[115.1682,-8.4688],[115.1664,-8.47058],[115.1646,-8.4688]]],[[[115.1565,-8.46602],[115.1583,-8.4678],[115.1565,-8.46958],[115.1547,-8.4678],[115.1565,-8.46602]]],[[[115.1442,-8.45792],[115.146,-8.4597],[115.1442,-8.46148],[115.1424,-8.4597],[115.1442,-8.45792]]],[[[115.1628,-8.447],[115.1646,-8.44522],[115.1664,-8.447],[115.1646,-8.44878],[115.1628,-8.447]]],[[[115.1489,-8.43922],[115.1507,-8.441],[115.1489,-8.44278],[115.1471,-8.441],[115.1489,-8.43922]]],[[[115.1411,-8.42642],[115.1429,-8.4282],[115.1411,-8.42998],[115.1393,-8.4282],[115.1411,-8.42642]]],[[[115.1449,-8.4231],[115.1431,-8.42488],[115.1413,-8.4231],[115.1431,-8.42132],[115.1449,-8.4231]]],[[[115.1584,-8.41142],[115.1602,-8.4132],[115.1584,-8.41498],[115.1566,-8.4132],[115.1584,-8.41142]]],[[[115.1558,-8.40252],[115.1576,-8.4043],[115.1558,-8.40608],[115.154,-8.4043],[115.1558,-8.40252]]],[[[115.1647,-8.39742],[115.1665,-8.3992],[115.1647,-8.40098],[115.1629,-8.3992],[115.1647,-8.39742]]],[[[115.1547,-8.39522],[115.1565,-8.397],[115.1547,-8.39878],[115.1529,-8.397],[115.1547,-8.39522]]],[[[115.1401,-8.3955],[115.1419,-8.39372],[115.1437,-8.3955],[115.1419,-8.39728],[115.1401,-8.3955]]],[[[115.1652,-8.39152],[115.167,-8.3933],[115.1652,-8.39508],[115.1634,-8.3933],[115.1652,-8.39152]]],[[[115.1604,-8.38352],[115.1622,-8.3853],[115.1604,-8.38708],[115.1586,-8.3853],[115.1604,-8.38352]]],[[[115.1415,-8.3826],[115.1397,-8.38438],[115.1379,-8.3826],[115.1397,-8.38082],[115.1415,-8.3826]]],[[[115.1672,-8.3798],[115.1654,-8.38158],[115.1636,-8.3798],[115.1654,-8.37802],[115.1672,-8.3798]]],[[[115.1452,-8.3603],[115.147,-8.35852],[115.1488,-8.3603],[115.147,-8.36208],[115.1452,-8.3603]]],[[[115.1533,-8.3178],[115.1551,-8.31602],[115.1569,-8.3178],[115.1551,-8.31958],[115.1533,-8.3178]]],[[[115.1624,-8.28692],[115.1633,-8.28782],[115.1635,-8.28762],[115.1639,-8.28802],[115.1646,-8.28732],[115.1664,-8.2891],[115.1646,-8.29088],[115.1642,-8.29048],[115.1635,-8.29118],[115.1626,-8.29028],[115.1624,-8.29048],[115.1606,-8.2887],[115.1624,-8.28692]]],[[[115.15991,-8.2781],[115.1596,-8.2778],[115.15966,-8.27775],[115.1592,-8.2773],[115.161,-8.27552],[115.16105,-8.27557],[115.1615,-8.27512],[115.1633,-8.2769],[115.1632,-8.277],[115.1634,-8.2772],[115.16339,-8.2772],[115.1638,-8.2776],[115.16289,-8.2785],[115.163,-8.2786],[115.1612,-8.28038],[115.1594,-8.2786],[115.15991,-8.2781]]],[[[115.1614,-8.2712],[115.1632,-8.26942],[115.165,-8.2712],[115.1632,-8.27298],[115.1614,-8.2712]]],[[[115.1619,-8.26502],[115.1637,-8.2668],[115.1619,-8.26858],[115.1601,-8.2668],[115.1619,-8.26502]]],[[[115.1495,-8.24722],[115.14976,-8.24696],[115.14915,-8.24636],[115.15095,-8.24458],[115.15275,-8.24636],[115.15149,-8.2476],[115.1521,-8.2482],[115.15159,-8.2487],[115.1518,-8.2489],[115.15,-8.25068],[115.1497,-8.25038],[115.1491,-8.25098],[115.1473,-8.2492],[115.14761,-8.2489],[115.14749,-8.24879],[115.14929,-8.24701],[115.1495,-8.24722]]],[[[115.1404,-8.23512],[115.1422,-8.2369],[115.1404,-8.23868],[115.1386,-8.2369],[115.1404,-8.23512]]],[[[115.15026,-8.22356],[115.14847,-8.22534],[115.14667,-8.22356],[115.14847,-8.22178],[115.15026,-8.22356]]],[[[115.1428,-8.21472],[115.1446,-8.2165],[115.1428,-8.21828],[115.141,-8.2165],[115.1428,-8.21472]]],[[[115.1531,-8.2135],[115.1549,-8.21172],[115.1567,-8.2135],[115.1549,-8.21528],[115.1531,-8.2135]]],[[[115.1507,-8.20852],[115.1525,-8.2103],[115.1507,-8.21208],[115.1489,-8.2103],[115.1507,-8.20852]]],[[[115.1465,-8.20002],[115.1483,-8.2018],[115.1465,-8.20358],[115.1447,-8.2018],[115.1465,-8.20002]]],[[[115.1382,-8.1933],[115.14,-8.19152],[115.1418,-8.1933],[115.14,-8.19508],[115.1382,-8.1933]]],[[[115.1612,-8.18802],[115.163,-8.1898],[115.1612,-8.19158],[115.1594,-8.1898],[115.1612,-8.18802]]],[[[115.1492,-8.18472],[115.151,-8.1865],[115.1492,-8.18828],[115.1474,-8.1865],[115.1492,-8.18472]]],[[[115.1466,-8.18002],[115.1484,-8.1818],[115.1466,-8.18358],[115.1448,-8.1818],[115.1466,-8.18002]]],[[[115.1468,-8.1756],[115.145,-8.17738],[115.1432,-8.1756],[115.145,-8.17382],[115.1468,-8.1756]]],[[[115.1605,-8.16152],[115.1623,-8.1633],[115.1605,-8.16508],[115.1587,-8.1633],[115.1605,-8.16152]]],[[[115.1618,-8.1534],[115.1636,-8.15162],[115.1654,-8.1534],[115.1636,-8.15518],[115.1618,-8.1534]]],[[[115.1676,-8.15132],[115.1694,-8.1531],[115.1676,-8.15488],[115.1658,-8.1531],[115.1676,-8.15132]]],[[[115.149,-8.15102],[115.1508,-8.1528],[115.149,-8.15458],[115.1472,-8.1528],[115.149,-8.15102]]],[[[115.13881,-8.14657],[115.1406,-8.14479],[115.1424,-8.14657],[115.1406,-8.14835],[115.13881,-8.14657]]],[[[115.1484,-8.13912],[115.1502,-8.1409],[115.1484,-8.14268],[115.1466,-8.1409],[115.1484,-8.13912]]],[[[115.1605,-8.13152],[115.1623,-8.1333],[115.1605,-8.13508],[115.1587,-8.1333],[115.1605,-8.13152]]],[[[115.1552,-8.13152],[115.157,-8.1333],[115.1552,-8.13508],[115.15365,-8.13354],[115.153,-8.13418],[115.1512,-8.1324],[115.153,-8.13062],[115.15455,-8.13216],[115.1552,-8.13152]]],[[[115.1483,-8.1278],[115.1465,-8.12958],[115.1447,-8.1278],[115.1465,-8.12602],[115.1483,-8.1278]]],[[[115.1705,-8.1256],[115.1687,-8.12738],[115.16797,-8.12665],[115.16695,-8.12766],[115.16515,-8.12588],[115.16695,-8.1241],[115.16768,-8.12483],[115.16817,-8.12435],[115.1666,-8.1228],[115.1684,-8.12102],[115.1702,-8.1228],[115.16893,-8.12405],[115.1705,-8.1256]]],[[[115.1513,-8.11962],[115.1531,-8.1214],[115.1513,-8.12318],[115.1495,-8.1214],[115.1513,-8.11962]]],[[[115.1594,-8.1103],[115.1612,-8.10852],[115.163,-8.1103],[115.1612,-8.11208],[115.1594,-8.1103]]],[[[115.1548,-8.10662],[115.1566,-8.1084],[115.1548,-8.11018],[115.153,-8.1084],[115.1548,-8.10662]]],[[[115.1607,-8.10492],[115.1625,-8.1067],[115.1607,-8.10848],[115.1589,-8.1067],[115.1607,-8.10492]]],[[[115.1471,-8.0906],[115.1489,-8.08882],[115.1507,-8.0906],[115.1489,-8.09238],[115.1471,-8.0906]]],[[[115.16064,-8.08375],[115.1621,-8.0852],[115.1603,-8.08698],[115.1585,-8.0852],[115.15916,-8.08455],[115.1577,-8.0831],[115.1595,-8.08132],[115.1613,-8.0831],[115.16064,-8.08375]]],[[[115.15473,-8.08017],[115.15293,-8.08194],[115.15114,-8.08017],[115.15151,-8.0798],[115.1512,-8.0795],[115.153,-8.07772],[115.1548,-8.0795],[115.15443,-8.07987],[115.15473,-8.08017]]],[[[115.16,-8.07998],[115.15977,-8.07975],[115.15946,-8.08006],[115.15766,-8.07828],[115.15946,-8.0765],[115.15969,-8.07673],[115.16,-8.07642],[115.1618,-8.0782],[115.16,-8.07998]]],[[[115.1787,-8.83018],[115.17719,-8.82869],[115.177,-8.82888],[115.1752,-8.8271],[115.177,-8.82532],[115.17851,-8.82681],[115.1787,-8.82662],[115.1805,-8.8284],[115.1787,-8.83018]]],[[[115.18,-8.8277],[115.1818,-8.82592],[115.1836,-8.8277],[115.1818,-8.82948],[115.18,-8.8277]]],[[[115.1847,-8.82312],[115.1865,-8.8249],[115.1847,-8.82668],[115.1829,-8.8249],[115.1847,-8.82312]]],[[[115.1712,-8.8178],[115.173,-8.81602],[115.1748,-8.8178],[115.173,-8.81958],[115.1712,-8.8178]]],[[[115.18254,-8.80127],[115.18434,-8.80305],[115.18254,-8.80482],[115.18075,-8.80305],[115.18254,-8.80127]]],[[[115.1746,-8.79762],[115.1764,-8.7994],[115.1746,-8.80118],[115.1728,-8.7994],[115.1746,-8.79762]]],[[[115.1872,-8.7974],[115.18659,-8.798],[115.1877,-8.7991],[115.1859,-8.80088],[115.1841,-8.7991],[115.18471,-8.7985],[115.1836,-8.7974],[115.1854,-8.79562],[115.1872,-8.7974]]],[[[115.1687,-8.7955],[115.1705,-8.79372],[115.1723,-8.7955],[115.1705,-8.79728],[115.1687,-8.7955]]],[[[115.1765,-8.7951],[115.1783,-8.79332],[115.1801,-8.7951],[115.1783,-8.79688],[115.1765,-8.7951]]],[[[115.1869,-8.79222],[115.1887,-8.794],[115.1869,-8.79578],[115.1851,-8.794],[115.1869,-8.79222]]],[[[115.1878,-8.7888],[115.18759,-8.78901],[115.189,-8.7904],[115.1872,-8.79218],[115.1854,-8.7904],[115.18561,-8.79019],[115.1842,-8.7888],[115.186,-8.78702],[115.1878,-8.7888]]],[[[115.17509,-8.78561],[115.175,-8.78552],[115.1768,-8.78375],[115.1786,-8.78552],[115.17851,-8.78561],[115.1786,-8.7857],[115.17814,-8.78616],[115.1795,-8.7875],[115.1777,-8.78928],[115.1773,-8.78888],[115.1767,-8.78948],[115.1749,-8.7877],[115.17495,-8.78765],[115.1749,-8.7876],[115.17591,-8.7866],[115.175,-8.7857],[115.17509,-8.78561]]],[[[115.1766,-8.7825],[115.17665,-8.78245],[115.1766,-8.7824],[115.1784,-8.78062],[115.17885,-8.78107],[115.1795,-8.78042],[115.1813,-8.7822],[115.1795,-8.78398],[115.1791,-8.78358],[115.1784,-8.78428],[115.1766,-8.7825]]],[[[115.1687,-8.7776],[115.1705,-8.77582],[115.1723,-8.7776],[115.1705,-8.77938],[115.1687,-8.7776]]],[[[115.1763,-8.76892],[115.1781,-8.7707],[115.1763,-8.77248],[115.1745,-8.7707],[115.1763,-8.76892]]],[[[115.1742,-8.7703],[115.1724,-8.77208],[115.1706,-8.7703],[115.1724,-8.76852],[115.1742,-8.7703]]],[[[115.1795,-8.76642],[115.1813,-8.7682],[115.1795,-8.76998],[115.1777,-8.7682],[115.1795,-8.76642]]],[[[115.1733,-8.7682],[115.17482,-8.7667],[115.1739,-8.7658],[115.1757,-8.76402],[115.17614,-8.76446],[115.17784,-8.76279],[115.17963,-8.76456],[115.17784,-8.76634],[115.1774,-8.7659],[115.17598,-8.7673],[115.1769,-8.7682],[115.1751,-8.76998],[115.1733,-8.7682]]],[[[115.17888,-8.7524],[115.1806,-8.7541],[115.1788,-8.75588],[115.177,-8.7541],[115.17822,-8.7529],[115.1765,-8.7512],[115.1783,-8.74942],[115.1801,-8.7512],[115.17888,-8.7524]]],[[[115.177,-8.74202],[115.1773,-8.74232],[115.1776,-8.74202],[115.1785,-8.74291],[115.18,-8.74142],[115.1818,-8.7432],[115.18,-8.74498],[115.1791,-8.74409],[115.1776,-8.74558],[115.1773,-8.74528],[115.177,-8.74558],[115.1752,-8.7438],[115.177,-8.74202]]],[[[115.17101,-8.7419],[115.1707,-8.7416],[115.1725,-8.73982],[115.1726,-8.73992],[115.1727,-8.73982],[115.1745,-8.7416],[115.17429,-8.7418],[115.1745,-8.742],[115.1727,-8.74378],[115.1709,-8.742],[115.17101,-8.7419]]],[[[115.1802,-8.7407],[115.1784,-8.74248],[115.17665,-8.74074],[115.1755,-8.74188],[115.1737,-8.7401],[115.1755,-8.73832],[115.17725,-8.74006],[115.1784,-8.73892],[115.1802,-8.7407]]],[[[115.1732,-8.73242],[115.175,-8.7342],[115.1732,-8.73598],[115.1717,-8.73449],[115.1707,-8.73548],[115.1689,-8.7337],[115.1707,-8.73192],[115.1722,-8.73341],[115.1732,-8.73242]]],[[[115.17824,-8.73211],[115.18004,-8.73034],[115.18183,-8.73211],[115.18004,-8.73389],[115.17824,-8.73211]]],[[[115.1733,-8.72892],[115.1751,-8.7307],[115.1733,-8.73248],[115.1715,-8.7307],[115.1733,-8.72892]]],[[[115.173,-8.7265],[115.1712,-8.72828],[115.17105,-8.72813],[115.1709,-8.72828],[115.1691,-8.7265],[115.1692,-8.7264],[115.1691,-8.7263],[115.1709,-8.72452],[115.17115,-8.72477],[115.1712,-8.72472],[115.173,-8.7265]]],[[[115.17769,-8.7255],[115.1782,-8.726],[115.1764,-8.72778],[115.17464,-8.72604],[115.17443,-8.72625],[115.1757,-8.7275],[115.1739,-8.72928],[115.1721,-8.7275],[115.17347,-8.72615],[115.1722,-8.7249],[115.17236,-8.72474],[115.1708,-8.7232],[115.1726,-8.72142],[115.17368,-8.72249],[115.17461,-8.72158],[115.173,-8.72],[115.1748,-8.71822],[115.17485,-8.71827],[115.175,-8.71812],[115.1768,-8.7199],[115.17562,-8.72107],[115.17717,-8.7226],[115.17677,-8.72299],[115.1785,-8.7247],[115.17769,-8.7255]],[[115.1753,-8.72431],[115.17429,-8.72331],[115.17424,-8.72336],[115.17525,-8.72436],[115.1753,-8.72431]]],[[[115.1857,-8.71042],[115.1875,-8.7122],[115.1857,-8.71398],[115.1839,-8.7122],[115.1857,-8.71042]]],[[[115.173,-8.7115],[115.1748,-8.70972],[115.1766,-8.7115],[115.1748,-8.71328],[115.173,-8.7115]]],[[[115.1813,-8.70432],[115.1831,-8.7061],[115.1813,-8.70788],[115.1795,-8.7061],[115.1813,-8.70432]]],[[[115.1743,-8.70372],[115.1761,-8.7055],[115.1743,-8.70728],[115.1725,-8.7055],[115.1743,-8.70372]]],[[[115.1861,-8.7047],[115.18574,-8.70505],[115.186,-8.7053],[115.1842,-8.70708],[115.1824,-8.7053],[115.18276,-8.70495],[115.1825,-8.7047],[115.1843,-8.70292],[115.1861,-8.7047]]],[[[115.1728,-8.69542],[115.1746,-8.6972],[115.1728,-8.69898],[115.171,-8.6972],[115.1728,-8.69542]]],[[[115.18612,-8.6947],[115.18792,-8.69648],[115.18612,-8.69826],[115.18433,-8.69648],[115.18612,-8.6947]]],[[[115.1707,-8.69362],[115.1725,-8.6954],[115.1707,-8.69718],[115.1689,-8.6954],[115.1707,-8.69362]]],[[[115.1742,-8.69242],[115.176,-8.6942],[115.1742,-8.69598],[115.1724,-8.6942],[115.1742,-8.69242]]],[[[115.18634,-8.6873],[115.18813,-8.68908],[115.18634,-8.69085],[115.18454,-8.68908],[115.18634,-8.6873]]],[[[115.17329,-8.6835],[115.174,-8.6842],[115.1722,-8.68598],[115.1704,-8.6842],[115.17121,-8.6834],[115.1705,-8.6827],[115.1723,-8.68092],[115.1741,-8.6827],[115.17329,-8.6835]]],[[[115.17712,-8.68116],[115.1765,-8.68178],[115.1747,-8.68],[115.1765,-8.67822],[115.17828,-8.67998],[115.17836,-8.6799],[115.17786,-8.67941],[115.17965,-8.67763],[115.18145,-8.67941],[115.18125,-8.6796],[115.18175,-8.6801],[115.1807,-8.68114],[115.1807,-8.68114],[115.1789,-8.68292],[115.17712,-8.68116]]],[[[115.18247,-8.67286],[115.18427,-8.67464],[115.18247,-8.67641],[115.18068,-8.67464],[115.18247,-8.67286]]],[[[115.17826,-8.67393],[115.17835,-8.67402],[115.17656,-8.67579],[115.17476,-8.67402],[115.17499,-8.67379],[115.1749,-8.6737],[115.1767,-8.67192],[115.1785,-8.6737],[115.17826,-8.67393]]],[[[115.1704,-8.6728],[115.1722,-8.67102],[115.174,-8.6728],[115.1722,-8.67458],[115.1704,-8.6728]]],[[[115.16646,-8.66472],[115.16807,-8.6663],[115.16874,-8.66564],[115.16895,-8.66585],[115.1707,-8.66412],[115.1725,-8.6659],[115.1707,-8.66768],[115.17049,-8.66747],[115.17032,-8.66763],[115.171,-8.6683],[115.1692,-8.67008],[115.1674,-8.6683],[115.16762,-8.66809],[115.16713,-8.66761],[115.16646,-8.66827],[115.16467,-8.66649],[115.16646,-8.66472]]],[[[115.1825,-8.6619],[115.1807,-8.66368],[115.1789,-8.6619],[115.1807,-8.66012],[115.1825,-8.6619]]],[[[115.18146,-8.65939],[115.17966,-8.65761],[115.1811,-8.65619],[115.18,-8.6551],[115.1818,-8.65332],[115.1836,-8.6551],[115.18216,-8.65652],[115.18298,-8.65734],[115.183,-8.65732],[115.1848,-8.6591],[115.183,-8.66088],[115.18148,-8.65937],[115.18146,-8.65939]]],[[[115.1756,-8.6553],[115.1774,-8.65352],[115.1792,-8.6553],[115.1774,-8.65708],[115.1756,-8.6553]]],[[[115.1867,-8.65122],[115.1885,-8.653],[115.1867,-8.65478],[115.1849,-8.653],[115.1867,-8.65122]]],[[[115.1852,-8.64832],[115.187,-8.6501],[115.1852,-8.65188],[115.1834,-8.6501],[115.1852,-8.64832]]],[[[115.18509,-8.64745],[115.18689,-8.64568],[115.18869,-8.64745],[115.18689,-8.64923],[115.18509,-8.64745]]],[[[115.17449,-8.6467],[115.1748,-8.647],[115.173,-8.64878],[115.1712,-8.647],[115.17131,-8.6469],[115.171,-8.6466],[115.1711,-8.6465],[115.171,-8.6464],[115.1728,-8.64462],[115.1746,-8.6464],[115.1745,-8.6465],[115.1746,-8.6466],[115.17449,-8.6467]]],[[[115.1773,-8.64092],[115.1791,-8.6427],[115.1773,-8.64448],[115.17675,-8.64393],[115.17673,-8.64395],[115.178,-8.6452],[115.1762,-8.64698],[115.1744,-8.6452],[115.17587,-8.64375],[115.1746,-8.6425],[115.1764,-8.64072],[115.17695,-8.64127],[115.1773,-8.64092]]],[[[115.17203,-8.64235],[115.17023,-8.64412],[115.16844,-8.64235],[115.17023,-8.64057],[115.17203,-8.64235]]],[[[115.18807,-8.64148],[115.18628,-8.64325],[115.18448,-8.64148],[115.18628,-8.6397],[115.18807,-8.64148]]],[[[115.1764,-8.6403],[115.1746,-8.64208],[115.17327,-8.64076],[115.17213,-8.6419],[115.17033,-8.64012],[115.17213,-8.63834],[115.17295,-8.63916],[115.1746,-8.63752],[115.1764,-8.6393],[115.17589,-8.6398],[115.1764,-8.6403]]],[[[115.1694,-8.63612],[115.1712,-8.6379],[115.1694,-8.63968],[115.1676,-8.6379],[115.1694,-8.63612]]],[[[115.171,-8.6342],[115.1728,-8.63242],[115.1746,-8.6342],[115.1728,-8.63598],[115.171,-8.6342]]],[[[115.1694,-8.63082],[115.1712,-8.6326],[115.1694,-8.63438],[115.1676,-8.6326],[115.1694,-8.63082]]],[[[115.18456,-8.63047],[115.18635,-8.6287],[115.18815,-8.63047],[115.18635,-8.63225],[115.18456,-8.63047]]],[[[115.17531,-8.6281],[115.1752,-8.628],[115.177,-8.62622],[115.1788,-8.628],[115.17809,-8.6287],[115.1782,-8.6288],[115.17723,-8.62975],[115.1786,-8.6311],[115.17855,-8.63115],[115.1786,-8.6312],[115.1768,-8.63298],[115.175,-8.6312],[115.17505,-8.63115],[115.175,-8.6311],[115.17597,-8.63015],[115.1746,-8.6288],[115.17531,-8.6281]]],[[[115.1816,-8.62502],[115.1834,-8.6268],[115.1816,-8.62858],[115.1798,-8.6268],[115.1816,-8.62502]]],[[[115.1868,-8.6252],[115.1869,-8.6253],[115.1851,-8.62708],[115.1833,-8.6253],[115.1833,-8.6253],[115.1832,-8.6252],[115.18334,-8.62507],[115.18327,-8.625],[115.18507,-8.62322],[115.18687,-8.625],[115.18673,-8.62513],[115.1868,-8.6252],[115.1868,-8.6252]]],[[[115.1797,-8.62272],[115.1815,-8.6245],[115.1797,-8.62628],[115.1779,-8.6245],[115.1797,-8.62272]]],[[[115.1694,-8.62252],[115.1712,-8.6243],[115.1694,-8.62608],[115.1676,-8.6243],[115.1694,-8.62252]]],[[[115.18377,-8.62203],[115.18198,-8.62025],[115.18377,-8.61848],[115.18461,-8.6193],[115.18474,-8.61917],[115.18654,-8.62095],[115.18474,-8.62272],[115.18391,-8.6219],[115.18377,-8.62203]]],[[[115.172,-8.61562],[115.1738,-8.6174],[115.172,-8.61918],[115.1702,-8.6174],[115.172,-8.61562]]],[[[115.1675,-8.6153],[115.1693,-8.61352],[115.1711,-8.6153],[115.1693,-8.61708],[115.1675,-8.6153]]],[[[115.1774,-8.61222],[115.1792,-8.614],[115.1774,-8.61578],[115.1756,-8.614],[115.1774,-8.61222]]],[[[115.1712,-8.61538],[115.1694,-8.6136],[115.1712,-8.61182],[115.17205,-8.61267],[115.1725,-8.61222],[115.1743,-8.614],[115.1725,-8.61578],[115.17165,-8.61493],[115.1712,-8.61538]]],[[[115.1738,-8.60982],[115.1756,-8.6116],[115.1738,-8.61338],[115.172,-8.6116],[115.1738,-8.60982]]],[[[115.1863,-8.60792],[115.1881,-8.6097],[115.1863,-8.61148],[115.1845,-8.6097],[115.1863,-8.60792]]],[[[115.1817,-8.6095],[115.1799,-8.61128],[115.1781,-8.6095],[115.1799,-8.60772],[115.1817,-8.6095]]],[[[115.1822,-8.60442],[115.184,-8.6062],[115.1822,-8.60798],[115.18094,-8.60674],[115.1806,-8.60708],[115.1788,-8.6053],[115.1806,-8.60352],[115.18186,-8.60476],[115.1822,-8.60442]]],[[[115.1763,-8.58972],[115.1781,-8.5915],[115.1763,-8.59328],[115.1745,-8.5915],[115.1763,-8.58972]]],[[[115.1698,-8.58752],[115.1716,-8.5893],[115.1698,-8.59108],[115.168,-8.5893],[115.1698,-8.58752]]],[[[115.1712,-8.58112],[115.173,-8.5829],[115.1712,-8.58468],[115.16985,-8.58334],[115.1693,-8.58388],[115.1675,-8.5821],[115.1693,-8.58032],[115.17065,-8.58166],[115.1712,-8.58112]]],[[[115.1742,-8.5789],[115.176,-8.57712],[115.1778,-8.5789],[115.176,-8.58068],[115.1742,-8.5789]]],[[[115.1763,-8.5709],[115.1781,-8.56912],[115.1799,-8.5709],[115.1781,-8.57268],[115.1763,-8.5709]]],[[[115.1786,-8.5685],[115.1784,-8.5683],[115.1802,-8.56652],[115.182,-8.5683],[115.182,-8.5683],[115.1822,-8.5685],[115.1804,-8.57028],[115.1786,-8.5685],[115.1786,-8.5685]]],[[[115.1702,-8.5637],[115.1684,-8.56548],[115.1666,-8.5637],[115.1684,-8.56192],[115.1702,-8.5637]]],[[[115.1701,-8.5602],[115.1719,-8.55842],[115.1731,-8.55961],[115.1737,-8.55902],[115.1755,-8.5608],[115.1737,-8.56258],[115.1725,-8.56139],[115.1719,-8.56198],[115.1701,-8.5602]]],[[[115.1745,-8.55392],[115.1763,-8.5557],[115.1745,-8.55748],[115.1727,-8.5557],[115.1745,-8.55392]]],[[[115.1745,-8.5519],[115.1763,-8.55012],[115.1781,-8.5519],[115.1763,-8.55368],[115.1745,-8.5519]]],[[[115.1723,-8.5486],[115.17372,-8.5472],[115.1726,-8.5461],[115.1744,-8.54432],[115.1762,-8.5461],[115.17478,-8.5475],[115.1759,-8.5486],[115.1741,-8.55038],[115.1723,-8.5486]]],[[[115.1676,-8.54748],[115.1658,-8.5457],[115.1676,-8.54392],[115.16815,-8.54446],[115.1695,-8.54312],[115.1713,-8.5449],[115.17003,-8.54615],[115.1718,-8.5479],[115.17109,-8.5486],[115.1715,-8.549],[115.1697,-8.55078],[115.1679,-8.549],[115.16861,-8.5483],[115.1682,-8.5479],[115.16947,-8.54665],[115.16895,-8.54614],[115.1676,-8.54748]]],[[[115.18314,-8.54635],[115.1835,-8.5467],[115.1817,-8.54848],[115.1799,-8.5467],[115.18116,-8.54545],[115.1808,-8.5451],[115.1826,-8.54332],[115.1844,-8.5451],[115.18314,-8.54635]]],[[[115.1763,-8.53762],[115.1781,-8.5394],[115.1763,-8.54118],[115.1745,-8.5394],[115.1763,-8.53762]]],[[[115.1699,-8.5379],[115.1717,-8.53612],[115.1735,-8.5379],[115.1717,-8.53968],[115.1699,-8.5379]]],[[[115.1769,-8.5303],[115.1751,-8.53208],[115.1733,-8.5303],[115.1751,-8.52852],[115.1769,-8.5303]]],[[[115.1823,-8.52332],[115.1841,-8.5251],[115.1823,-8.52688],[115.1805,-8.5251],[115.1823,-8.52332]]],[[[115.17564,-8.52325],[115.1763,-8.5239],[115.1745,-8.52568],[115.1727,-8.5239],[115.17316,-8.52345],[115.1725,-8.5228],[115.1743,-8.52102],[115.1761,-8.5228],[115.17564,-8.52325]]],[[[115.1697,-8.513],[115.1699,-8.5132],[115.1681,-8.51498],[115.1663,-8.5132],[115.1663,-8.5132],[115.1661,-8.513],[115.1679,-8.51122],[115.1697,-8.513],[115.1697,-8.513]]],[[[115.1866,-8.50192],[115.1884,-8.5037],[115.1866,-8.50548],[115.1848,-8.5037],[115.1866,-8.50192]]],[[[115.18494,-8.50295],[115.185,-8.503],[115.1832,-8.50478],[115.1814,-8.503],[115.18166,-8.50275],[115.1816,-8.5027],[115.1834,-8.50092],[115.1852,-8.5027],[115.18494,-8.50295]]],[[[115.1745,-8.49702],[115.1763,-8.4988],[115.1745,-8.50058],[115.1727,-8.4988],[115.1745,-8.49702]]],[[[115.1782,-8.49562],[115.18,-8.4974],[115.1782,-8.49918],[115.1764,-8.4974],[115.1782,-8.49562]]],[[[115.168,-8.49562],[115.1698,-8.4974],[115.168,-8.49918],[115.1662,-8.4974],[115.168,-8.49562]]],[[[115.1759,-8.49432],[115.1777,-8.4961],[115.1759,-8.49788],[115.1741,-8.4961],[115.1759,-8.49432]]],[[[115.1718,-8.4945],[115.17,-8.49628],[115.1682,-8.4945],[115.17,-8.49272],[115.1718,-8.4945]]],[[[115.176,-8.48102],[115.1778,-8.4828],[115.176,-8.48458],[115.1742,-8.4828],[115.176,-8.48102]]],[[[115.1719,-8.47832],[115.1737,-8.4801],[115.1719,-8.48188],[115.1701,-8.4801],[115.1719,-8.47832]]],[[[115.18579,-8.47521],[115.1874,-8.4768],[115.1856,-8.47858],[115.1838,-8.4768],[115.18401,-8.47659],[115.1824,-8.475],[115.1842,-8.47322],[115.186,-8.475],[115.18579,-8.47521]]],[[[115.1834,-8.46892],[115.1852,-8.4707],[115.1834,-8.47248],[115.1816,-8.4707],[115.1834,-8.46892]]],[[[115.1842,-8.4655],[115.186,-8.46372],[115.1878,-8.4655],[115.186,-8.46728],[115.1842,-8.4655]]],[[[115.17359,-8.4641],[115.1739,-8.4644],[115.1721,-8.46618],[115.1703,-8.4644],[115.17111,-8.4636],[115.1708,-8.4633],[115.1726,-8.46152],[115.1744,-8.4633],[115.17359,-8.4641]]],[[[115.1812,-8.4587],[115.183,-8.45692],[115.1848,-8.4587],[115.183,-8.46048],[115.1812,-8.4587]]],[[[115.1812,-8.4514],[115.1794,-8.45318],[115.1776,-8.4514],[115.1794,-8.44962],[115.1812,-8.4514]]],[[[115.1813,-8.4458],[115.1795,-8.44758],[115.1777,-8.4458],[115.1795,-8.44402],[115.1813,-8.4458]]],[[[115.169,-8.41102],[115.1708,-8.4128],[115.169,-8.41458],[115.1672,-8.4128],[115.169,-8.41102]]],[[[115.1696,-8.396],[115.1714,-8.39422],[115.1732,-8.396],[115.1714,-8.39778],[115.1696,-8.396]]],[[[115.1685,-8.379],[115.1703,-8.37722],[115.1721,-8.379],[115.1703,-8.38078],[115.1685,-8.379]]],[[[115.1732,-8.37482],[115.175,-8.3766],[115.1732,-8.37838],[115.1714,-8.3766],[115.1732,-8.37482]]],[[[115.1818,-8.37362],[115.1836,-8.3754],[115.1818,-8.37718],[115.18,-8.3754],[115.1818,-8.37362]]],[[[115.1765,-8.3672],[115.1783,-8.36542],[115.1801,-8.3672],[115.1783,-8.36898],[115.1765,-8.3672]]],[[[115.1854,-8.36492],[115.1872,-8.3667],[115.1854,-8.36848],[115.1836,-8.3667],[115.1854,-8.36492]]],[[[115.1725,-8.3597],[115.1707,-8.36148],[115.1689,-8.3597],[115.1707,-8.35792],[115.1725,-8.3597]]],[[[115.1862,-8.3529],[115.1844,-8.35468],[115.1826,-8.3529],[115.1844,-8.35112],[115.1862,-8.3529]]],[[[115.1756,-8.3463],[115.1774,-8.34452],[115.1792,-8.3463],[115.1774,-8.34808],[115.1756,-8.3463]]],[[[115.1834,-8.34001],[115.1841,-8.33932],[115.1859,-8.3411],[115.1841,-8.34288],[115.1826,-8.34139],[115.1819,-8.34208],[115.1801,-8.3403],[115.1819,-8.33852],[115.1834,-8.34001]]],[[[115.1728,-8.33402],[115.1746,-8.3358],[115.1728,-8.33758],[115.171,-8.3358],[115.1728,-8.33402]]],[[[115.1782,-8.33082],[115.18,-8.3326],[115.1782,-8.33438],[115.1764,-8.3326],[115.1782,-8.33082]]],[[[115.1696,-8.32572],[115.1714,-8.3275],[115.1696,-8.32928],[115.1678,-8.3275],[115.1696,-8.32572]]],[[[115.185,-8.31782],[115.1868,-8.3196],[115.185,-8.32138],[115.1832,-8.3196],[115.185,-8.31782]]],[[[115.1665,-8.3154],[115.1683,-8.31362],[115.1701,-8.3154],[115.1683,-8.31718],[115.1665,-8.3154]]],[[[115.1885,-8.3153],[115.1867,-8.31708],[115.1849,-8.3153],[115.1867,-8.31352],[115.1885,-8.3153]]],[[[115.1771,-8.2072],[115.1753,-8.20898],[115.1735,-8.2072],[115.1753,-8.20542],[115.1771,-8.2072]]],[[[115.1765,-8.19752],[115.1783,-8.1993],[115.1765,-8.20108],[115.1747,-8.1993],[115.1765,-8.19752]]],[[[115.1868,-8.19222],[115.1886,-8.194],[115.1868,-8.19578],[115.185,-8.194],[115.1868,-8.19222]]],[[[115.1765,-8.1833],[115.1783,-8.18152],[115.1801,-8.1833],[115.1783,-8.18508],[115.1765,-8.1833]]],[[[115.1734,-8.1818],[115.1752,-8.18002],[115.177,-8.1818],[115.1752,-8.18358],[115.1734,-8.1818]]],[[[115.1784,-8.1769],[115.1802,-8.17512],[115.182,-8.1769],[115.1802,-8.17868],[115.1784,-8.1769]]],[[[115.1762,-8.17432],[115.178,-8.1761],[115.1762,-8.17788],[115.1744,-8.1761],[115.1762,-8.17432]]],[[[115.1782,-8.16182],[115.18,-8.1636],[115.1782,-8.16538],[115.1764,-8.1636],[115.1782,-8.16182]]],[[[115.1785,-8.1574],[115.1767,-8.15918],[115.1749,-8.1574],[115.1767,-8.15562],[115.1785,-8.1574]]],[[[115.1797,-8.1549],[115.1779,-8.15668],[115.1761,-8.1549],[115.1779,-8.15312],[115.1797,-8.1549]]],[[[115.1855,-8.14992],[115.1873,-8.1517],[115.1855,-8.15348],[115.1837,-8.1517],[115.1855,-8.14992]]],[[[115.1772,-8.13522],[115.179,-8.137],[115.17879,-8.1372],[115.1799,-8.1383],[115.1781,-8.14008],[115.1763,-8.1383],[115.17651,-8.1381],[115.1754,-8.137],[115.1772,-8.13522]]],[[[115.1756,-8.1196],[115.1774,-8.11782],[115.1792,-8.1196],[115.1774,-8.12138],[115.1756,-8.1196]]],[[[115.17628,-8.11505],[115.17595,-8.11472],[115.17479,-8.11587],[115.17299,-8.11409],[115.17479,-8.11231],[115.17512,-8.11264],[115.17628,-8.11149],[115.17808,-8.11327],[115.17628,-8.11505]]],[[[115.1681,-8.0845],[115.1699,-8.08272],[115.1717,-8.0845],[115.1699,-8.08628],[115.1681,-8.0845]]],[[[115.17498,-8.08229],[115.17678,-8.08407],[115.17498,-8.08585],[115.17319,-8.08407],[115.17498,-8.08229]]],[[[115.16721,-8.07798],[115.16785,-8.07861],[115.16948,-8.077],[115.17075,-8.07825],[115.1725,-8.07652],[115.1743,-8.0783],[115.1725,-8.08008],[115.17123,-8.07882],[115.16948,-8.08055],[115.16884,-8.07992],[115.16847,-8.08028],[115.169,-8.0808],[115.1672,-8.08258],[115.16715,-8.08253],[115.1669,-8.08278],[115.1651,-8.081],[115.16589,-8.08022],[115.16541,-8.07975],[115.16721,-8.07798]]],[[[115.1771,-8.0775],[115.1753,-8.07928],[115.1735,-8.0775],[115.1753,-8.07572],[115.1771,-8.0775]]],[[[115.18149,-8.07753],[115.18098,-8.07703],[115.17996,-8.07804],[115.17817,-8.07626],[115.17996,-8.07448],[115.18047,-8.07498],[115.18149,-8.07397],[115.18153,-8.07402],[115.18173,-8.07382],[115.18352,-8.0756],[115.18173,-8.07738],[115.18168,-8.07734],[115.18149,-8.07753]]],[[[115.1881,-8.82562],[115.1899,-8.8274],[115.1881,-8.82918],[115.1863,-8.8274],[115.1881,-8.82562]]],[[[115.2105,-8.82432],[115.2123,-8.8261],[115.2105,-8.82788],[115.2087,-8.8261],[115.2105,-8.82432]]],[[[115.1948,-8.8058],[115.1966,-8.80402],[115.1984,-8.8058],[115.1966,-8.80758],[115.1948,-8.8058]]],[[[115.1895,-8.80372],[115.1913,-8.8055],[115.1895,-8.80728],[115.1877,-8.8055],[115.1895,-8.80372]]],[[[115.19033,-8.79573],[115.19213,-8.79751],[115.19033,-8.79928],[115.18854,-8.79751],[115.19033,-8.79573]]],[[[115.19853,-8.79722],[115.20032,-8.79544],[115.20212,-8.79722],[115.20032,-8.79899],[115.19853,-8.79722]]],[[[115.2004,-8.79052],[115.2022,-8.7923],[115.2004,-8.79408],[115.1986,-8.7923],[115.2004,-8.79052]]],[[[115.20848,-8.78709],[115.21028,-8.78887],[115.20848,-8.79064],[115.20668,-8.78887],[115.20848,-8.78709]]],[[[115.2018,-8.7852],[115.2019,-8.7851],[115.2018,-8.785],[115.2036,-8.78322],[115.2054,-8.785],[115.2053,-8.7851],[115.2054,-8.7852],[115.20469,-8.7859],[115.20506,-8.78626],[115.2055,-8.78582],[115.2073,-8.7876],[115.2055,-8.78938],[115.20374,-8.78764],[115.2033,-8.78808],[115.2015,-8.7863],[115.20221,-8.7856],[115.2018,-8.7852]]],[[[115.19576,-8.78605],[115.1954,-8.7857],[115.19672,-8.7844],[115.1953,-8.783],[115.1971,-8.78122],[115.1976,-8.78172],[115.1981,-8.78122],[115.1999,-8.783],[115.1981,-8.78478],[115.1976,-8.78428],[115.19758,-8.7843],[115.199,-8.7857],[115.19864,-8.78605],[115.199,-8.7864],[115.1972,-8.78818],[115.1954,-8.7864],[115.19576,-8.78605]]],[[[115.1939,-8.78232],[115.1957,-8.7841],[115.1939,-8.78588],[115.1921,-8.7841],[115.1939,-8.78232]]],[[[115.19121,-8.72031],[115.19121,-8.72032],[115.18942,-8.7221],[115.18762,-8.72032],[115.18763,-8.72031],[115.18762,-8.7203],[115.18942,-8.71853],[115.19121,-8.7203],[115.19121,-8.72031]]],[[[115.19572,-8.71905],[115.19751,-8.71727],[115.19931,-8.71905],[115.19751,-8.72082],[115.19572,-8.71905]]],[[[115.1998,-8.71352],[115.2016,-8.71529],[115.1998,-8.71707],[115.19801,-8.71529],[115.1998,-8.71352]]],[[[115.2077,-8.7145],[115.2095,-8.71272],[115.2113,-8.7145],[115.2095,-8.71628],[115.2077,-8.7145]]],[[[115.20297,-8.70916],[115.20476,-8.70739],[115.20656,-8.70916],[115.20511,-8.71059],[115.20614,-8.7116],[115.20434,-8.71338],[115.20254,-8.7116],[115.20399,-8.71017],[115.20297,-8.70916]]],[[[115.1912,-8.7089],[115.1894,-8.71068],[115.1888,-8.71008],[115.1881,-8.71078],[115.18644,-8.70914],[115.18475,-8.71082],[115.18295,-8.70904],[115.18475,-8.70726],[115.1864,-8.7089],[115.1881,-8.70722],[115.1887,-8.70782],[115.1894,-8.70712],[115.1912,-8.7089]]],[[[115.1931,-8.70352],[115.1949,-8.7053],[115.1931,-8.70708],[115.1913,-8.7053],[115.1931,-8.70352]]],[[[115.21385,-8.69909],[115.21564,-8.70086],[115.21385,-8.70264],[115.21205,-8.70086],[115.21385,-8.69909]]],[[[115.20904,-8.69598],[115.20817,-8.69512],[115.2085,-8.69479],[115.2075,-8.6938],[115.2093,-8.69202],[115.2111,-8.6938],[115.21076,-8.69413],[115.21176,-8.69512],[115.21073,-8.69614],[115.2116,-8.697],[115.20981,-8.69877],[115.20801,-8.697],[115.20904,-8.69598]]],[[[115.19797,-8.69258],[115.19977,-8.69435],[115.19797,-8.69613],[115.19618,-8.69435],[115.19797,-8.69258]]],[[[115.1919,-8.69249],[115.19369,-8.69427],[115.1919,-8.69605],[115.1901,-8.69427],[115.1919,-8.69249]]],[[[115.20745,-8.68851],[115.20925,-8.69028],[115.20745,-8.69206],[115.20566,-8.69028],[115.20745,-8.68851]]],[[[115.20035,-8.68832],[115.20199,-8.68994],[115.2002,-8.69172],[115.1984,-8.68994],[115.19993,-8.68844],[115.19828,-8.68681],[115.20008,-8.68503],[115.20187,-8.68681],[115.20035,-8.68832]]],[[[115.1965,-8.68652],[115.19685,-8.68687],[115.1969,-8.68682],[115.1987,-8.6886],[115.1969,-8.69038],[115.19655,-8.69003],[115.1965,-8.69008],[115.19641,-8.68999],[115.19629,-8.6901],[115.19573,-8.68955],[115.1957,-8.68958],[115.1939,-8.6878],[115.1957,-8.68602],[115.19595,-8.68627],[115.19598,-8.68624],[115.19638,-8.68664],[115.1965,-8.68652]]],[[[115.20625,-8.68605],[115.20805,-8.68782],[115.20625,-8.6896],[115.20446,-8.68782],[115.20625,-8.68605]]],[[[115.2111,-8.68592],[115.2129,-8.6877],[115.2111,-8.68948],[115.2093,-8.6877],[115.2111,-8.68592]]],[[[115.20447,-8.6828],[115.20436,-8.68291],[115.20446,-8.683],[115.20266,-8.68478],[115.20086,-8.683],[115.20097,-8.6829],[115.20087,-8.6828],[115.20267,-8.68103],[115.20447,-8.6828]]],[[[115.19624,-8.68086],[115.19803,-8.68264],[115.19624,-8.68441],[115.19444,-8.68264],[115.19624,-8.68086]]],[[[115.19153,-8.68062],[115.19163,-8.68052],[115.1914,-8.6803],[115.1932,-8.67852],[115.19335,-8.67868],[115.19339,-8.67864],[115.19399,-8.67923],[115.19489,-8.67834],[115.19669,-8.68012],[115.19489,-8.68189],[115.19436,-8.68137],[115.19333,-8.6824],[115.19153,-8.68062]]],[[[115.2049,-8.67472],[115.20527,-8.67509],[115.20565,-8.67472],[115.20744,-8.6765],[115.20565,-8.67827],[115.20527,-8.67791],[115.2049,-8.67828],[115.2031,-8.6765],[115.2049,-8.67472]]],[[[115.1991,-8.6743],[115.2009,-8.67608],[115.1991,-8.67785],[115.19731,-8.67608],[115.1991,-8.6743]]],[[[115.20844,-8.67355],[115.2097,-8.6748],[115.2079,-8.67658],[115.2061,-8.6748],[115.20686,-8.67405],[115.20685,-8.67403],[115.206,-8.67488],[115.2042,-8.6731],[115.206,-8.67132],[115.20655,-8.67187],[115.2074,-8.67102],[115.2092,-8.6728],[115.20844,-8.67355]]],[[[115.1876,-8.6734],[115.1894,-8.67162],[115.1912,-8.6734],[115.19079,-8.6738],[115.1909,-8.6739],[115.1891,-8.67568],[115.1873,-8.6739],[115.18771,-8.6735],[115.1876,-8.6734]]],[[[115.21568,-8.66763],[115.21388,-8.66941],[115.21208,-8.66763],[115.21388,-8.66585],[115.21568,-8.66763]]],[[[115.19685,-8.66538],[115.19865,-8.66716],[115.19685,-8.66894],[115.19506,-8.66716],[115.19685,-8.66538]]],[[[115.20326,-8.66568],[115.2023,-8.66474],[115.2041,-8.66296],[115.2059,-8.66474],[115.2054,-8.66523],[115.20635,-8.66617],[115.20456,-8.66795],[115.20276,-8.66617],[115.20326,-8.66568]]],[[[115.20126,-8.66452],[115.20181,-8.66507],[115.20115,-8.66572],[115.20181,-8.66637],[115.20001,-8.66814],[115.19822,-8.66637],[115.19834,-8.66625],[115.19719,-8.66511],[115.19782,-8.66448],[115.19773,-8.66439],[115.19615,-8.66596],[115.19524,-8.66505],[115.1939,-8.66638],[115.1921,-8.6646],[115.1939,-8.66282],[115.19454,-8.66346],[115.19562,-8.6624],[115.194,-8.6608],[115.19404,-8.66077],[115.19396,-8.66069],[115.19575,-8.65891],[115.19644,-8.65959],[115.19717,-8.65887],[115.19897,-8.66064],[115.19717,-8.66242],[115.19657,-8.66182],[115.19638,-8.662],[115.198,-8.6636],[115.19768,-8.66391],[115.19781,-8.66404],[115.19939,-8.66248],[115.19956,-8.66265],[115.20047,-8.66175],[115.20227,-8.66353],[115.20126,-8.66452]]],[[[115.2126,-8.66022],[115.2144,-8.662],[115.2126,-8.66378],[115.2108,-8.662],[115.2126,-8.66022]]],[[[115.18658,-8.66101],[115.18838,-8.65923],[115.19017,-8.66101],[115.18838,-8.66278],[115.18658,-8.66101]]],[[[115.20507,-8.65875],[115.20361,-8.65731],[115.20541,-8.65554],[115.20556,-8.65568],[115.20583,-8.65542],[115.20762,-8.6572],[115.20589,-8.65891],[115.2072,-8.6602],[115.20669,-8.6607],[115.20719,-8.6612],[115.2078,-8.66059],[115.20766,-8.66045],[115.20801,-8.6601],[115.2071,-8.6592],[115.2089,-8.65742],[115.2107,-8.6592],[115.21034,-8.65955],[115.21125,-8.66045],[115.21059,-8.6611],[115.21074,-8.66125],[115.20894,-8.66302],[115.20759,-8.66169],[115.20584,-8.66342],[115.20548,-8.66306],[115.20535,-8.66319],[115.20356,-8.66142],[115.20419,-8.66078],[115.2036,-8.6602],[115.20507,-8.65875]]],[[[115.20446,-8.65437],[115.2049,-8.6548],[115.2031,-8.65658],[115.2013,-8.6548],[115.20249,-8.65363],[115.20178,-8.65292],[115.20229,-8.65242],[115.20227,-8.6524],[115.20264,-8.65203],[115.2025,-8.6519],[115.2043,-8.65012],[115.2045,-8.65033],[115.20451,-8.65032],[115.20606,-8.65186],[115.20763,-8.65031],[115.20942,-8.65208],[115.2093,-8.65221],[115.2103,-8.6532],[115.2085,-8.65498],[115.2067,-8.6532],[115.20683,-8.65307],[115.20607,-8.65232],[115.2058,-8.65259],[115.20603,-8.65282],[115.20446,-8.65437]]],[[[115.20128,-8.65162],[115.19949,-8.6534],[115.19893,-8.65285],[115.19876,-8.65302],[115.19696,-8.65124],[115.19876,-8.64947],[115.19932,-8.65002],[115.19949,-8.64985],[115.20128,-8.65162]]],[[[115.20834,-8.64791],[115.20655,-8.64968],[115.20475,-8.64791],[115.20655,-8.64613],[115.20834,-8.64791]]],[[[115.2111,-8.64492],[115.2129,-8.6467],[115.2111,-8.64848],[115.2093,-8.6467],[115.2111,-8.64492]]],[[[115.19198,-8.64231],[115.19377,-8.64408],[115.19198,-8.64586],[115.19018,-8.64408],[115.19198,-8.64231]]],[[[115.20608,-8.64087],[115.2053,-8.6401],[115.20677,-8.63865],[115.20586,-8.63776],[115.20766,-8.63598],[115.20945,-8.63776],[115.20799,-8.6392],[115.2089,-8.6401],[115.20859,-8.6404],[115.2095,-8.6413],[115.2077,-8.64308],[115.20757,-8.64295],[115.20641,-8.64409],[115.20625,-8.64393],[115.2059,-8.64428],[115.2041,-8.6425],[115.2059,-8.64072],[115.20606,-8.64088],[115.20608,-8.64087]]],[[[115.1956,-8.6392],[115.1974,-8.63742],[115.1992,-8.6392],[115.1974,-8.64098],[115.1956,-8.6392]]],[[[115.21659,-8.63873],[115.21479,-8.64051],[115.21418,-8.6399],[115.2134,-8.64068],[115.2116,-8.6389],[115.21226,-8.63825],[115.2119,-8.6379],[115.21293,-8.63689],[115.21254,-8.6365],[115.21123,-8.6378],[115.20943,-8.63603],[115.21059,-8.63488],[115.2101,-8.6344],[115.2119,-8.63262],[115.2137,-8.6344],[115.21254,-8.63555],[115.21275,-8.63576],[115.21407,-8.63446],[115.2141,-8.63449],[115.21424,-8.63436],[115.21604,-8.63613],[115.21593,-8.63624],[115.2171,-8.6374],[115.21617,-8.63831],[115.21659,-8.63873]]],[[[115.19167,-8.63612],[115.19173,-8.63618],[115.18993,-8.63796],[115.18814,-8.63618],[115.18907,-8.63526],[115.189,-8.6352],[115.1908,-8.63342],[115.1926,-8.6352],[115.19167,-8.63612]]],[[[115.2103,-8.63247],[115.20978,-8.63299],[115.21,-8.6332],[115.2082,-8.63498],[115.2064,-8.6332],[115.20692,-8.63269],[115.20671,-8.63247],[115.2085,-8.6307],[115.2103,-8.63247]]],[[[115.19915,-8.63276],[115.19875,-8.63236],[115.1982,-8.63291],[115.1964,-8.63113],[115.19739,-8.63015],[115.19717,-8.62994],[115.19897,-8.62816],[115.20077,-8.62994],[115.19978,-8.63092],[115.19993,-8.63106],[115.20048,-8.63052],[115.20154,-8.63157],[115.2026,-8.63052],[115.2044,-8.6323],[115.2026,-8.63408],[115.202,-8.63349],[115.2008,-8.63468],[115.199,-8.6329],[115.19915,-8.63276]]],[[[115.1928,-8.628],[115.191,-8.62978],[115.1892,-8.628],[115.191,-8.62622],[115.1928,-8.628]]],[[[115.20438,-8.62236],[115.20618,-8.62413],[115.20608,-8.62423],[115.20624,-8.62438],[115.2072,-8.62342],[115.209,-8.6252],[115.2072,-8.62698],[115.20549,-8.62529],[115.20453,-8.62624],[115.20273,-8.62447],[115.20283,-8.62437],[115.20259,-8.62413],[115.20438,-8.62236]]],[[[115.19,-8.62258],[115.18975,-8.62233],[115.1892,-8.62288],[115.1874,-8.6211],[115.1892,-8.61932],[115.18945,-8.61957],[115.19,-8.61902],[115.1918,-8.6208],[115.19,-8.62258]]],[[[115.20004,-8.62032],[115.20047,-8.62075],[115.19867,-8.62252],[115.19687,-8.62075],[115.19707,-8.62055],[115.19664,-8.62013],[115.19844,-8.61835],[115.20023,-8.62013],[115.20004,-8.62032]]],[[[115.20648,-8.61827],[115.20828,-8.62005],[115.20648,-8.62183],[115.20469,-8.62005],[115.20648,-8.61827]]],[[[115.1996,-8.6181],[115.2014,-8.61632],[115.2032,-8.6181],[115.2014,-8.61988],[115.1996,-8.6181]]],[[[115.2124,-8.61516],[115.2142,-8.61693],[115.2124,-8.61871],[115.21061,-8.61693],[115.2124,-8.61516]]],[[[115.1974,-8.61432],[115.1992,-8.6161],[115.1974,-8.61788],[115.1956,-8.6161],[115.1974,-8.61432]]],[[[115.2133,-8.6115],[115.2131,-8.61169],[115.21322,-8.6118],[115.2135,-8.61152],[115.2153,-8.6133],[115.2135,-8.61508],[115.2132,-8.61478],[115.21292,-8.61506],[115.21112,-8.61328],[115.21131,-8.61309],[115.2097,-8.6115],[115.2115,-8.60972],[115.2133,-8.6115]]],[[[115.20127,-8.61126],[115.19948,-8.61303],[115.19768,-8.61126],[115.19948,-8.60948],[115.20127,-8.61126]]],[[[115.1875,-8.60412],[115.1893,-8.6059],[115.1875,-8.60768],[115.1857,-8.6059],[115.1875,-8.60412]]],[[[115.1939,-8.6055],[115.1921,-8.60728],[115.19185,-8.60703],[115.191,-8.60788],[115.1892,-8.6061],[115.191,-8.60432],[115.19125,-8.60457],[115.1921,-8.60372],[115.1939,-8.6055]]],[[[115.20604,-8.60476],[115.20784,-8.60299],[115.20964,-8.60476],[115.20784,-8.60654],[115.20604,-8.60476]]],[[[115.2005,-8.59862],[115.2023,-8.6004],[115.2005,-8.60218],[115.1987,-8.6004],[115.2005,-8.59862]]],[[[115.191,-8.59852],[115.1928,-8.6003],[115.191,-8.60208],[115.1892,-8.6003],[115.191,-8.59852]]],[[[115.2134,-8.60138],[115.2116,-8.5996],[115.2134,-8.59782],[115.2143,-8.59871],[115.21471,-8.5983],[115.21651,-8.60007],[115.21471,-8.60185],[115.21382,-8.60096],[115.2134,-8.60138]]],[[[115.2067,-8.59492],[115.2085,-8.5967],[115.2067,-8.59848],[115.2049,-8.5967],[115.2067,-8.59492]]],[[[115.1983,-8.59162],[115.2001,-8.5934],[115.1983,-8.59518],[115.1965,-8.5934],[115.1983,-8.59162]]],[[[115.2111,-8.5921],[115.2093,-8.59388],[115.2075,-8.5921],[115.2093,-8.59032],[115.2111,-8.5921]]],[[[115.2024,-8.58762],[115.2042,-8.5894],[115.2024,-8.59118],[115.2006,-8.5894],[115.2024,-8.58762]]],[[[115.20405,-8.58883],[115.204,-8.58888],[115.2022,-8.5871],[115.2022,-8.5871],[115.2021,-8.587],[115.2039,-8.58522],[115.20405,-8.58537],[115.2041,-8.58532],[115.2059,-8.5871],[115.2041,-8.58888],[115.20405,-8.58883]]],[[[115.1897,-8.58238],[115.18945,-8.58213],[115.189,-8.58258],[115.1872,-8.5808],[115.189,-8.57902],[115.18925,-8.57927],[115.1897,-8.57882],[115.1915,-8.5806],[115.1897,-8.58238]]],[[[115.194,-8.57692],[115.1958,-8.5787],[115.194,-8.58048],[115.1922,-8.5787],[115.194,-8.57692]]],[[[115.1941,-8.57072],[115.1959,-8.5725],[115.1941,-8.57428],[115.1923,-8.5725],[115.1941,-8.57072]]],[[[115.213,-8.5516],[115.21285,-8.55175],[115.2129,-8.5518],[115.2111,-8.55358],[115.2093,-8.5518],[115.20945,-8.55165],[115.2094,-8.5516],[115.2112,-8.54982],[115.213,-8.5516]]],[[[115.1883,-8.55098],[115.18816,-8.55083],[115.1871,-8.55188],[115.1853,-8.5501],[115.1871,-8.54832],[115.18724,-8.54847],[115.1883,-8.54742],[115.1901,-8.5492],[115.1883,-8.55098]]],[[[115.2152,-8.5464],[115.2134,-8.54818],[115.2116,-8.5464],[115.2134,-8.54462],[115.2152,-8.5464]]],[[[115.198,-8.54182],[115.1998,-8.5436],[115.198,-8.54538],[115.1962,-8.5436],[115.198,-8.54182]]],[[[115.2036,-8.5412],[115.2054,-8.53942],[115.2072,-8.5412],[115.2054,-8.54298],[115.2036,-8.5412]]],[[[115.1964,-8.54108],[115.1949,-8.53959],[115.1933,-8.54118],[115.1915,-8.5394],[115.1933,-8.53762],[115.1948,-8.53911],[115.19501,-8.5389],[115.1945,-8.5384],[115.1963,-8.53662],[115.1981,-8.5384],[115.19769,-8.5388],[115.1982,-8.5393],[115.1964,-8.54108]]],[[[115.2141,-8.53603],[115.2159,-8.53781],[115.2141,-8.53958],[115.2123,-8.53781],[115.2141,-8.53603]]],[[[115.19709,-8.53499],[115.1971,-8.535],[115.1953,-8.53678],[115.1935,-8.535],[115.19501,-8.53351],[115.195,-8.5335],[115.1968,-8.53172],[115.1986,-8.5335],[115.19709,-8.53499]]],[[[115.2137,-8.53192],[115.2155,-8.5337],[115.2137,-8.53548],[115.2119,-8.5337],[115.2137,-8.53192]]],[[[115.2105,-8.531],[115.2123,-8.52922],[115.2141,-8.531],[115.2123,-8.53278],[115.2105,-8.531]]],[[[115.2072,-8.52912],[115.209,-8.5309],[115.2072,-8.53268],[115.2054,-8.5309],[115.2072,-8.52912]]],[[[115.213,-8.5261],[115.2112,-8.52788],[115.2094,-8.5261],[115.2112,-8.52432],[115.213,-8.5261]]],[[[115.20926,-8.52434],[115.20976,-8.52483],[115.20797,-8.52661],[115.20617,-8.52483],[115.20621,-8.5248],[115.2057,-8.5243],[115.2075,-8.52252],[115.2093,-8.5243],[115.20926,-8.52434]]],[[[115.2029,-8.52192],[115.2047,-8.5237],[115.2029,-8.52548],[115.2011,-8.5237],[115.2029,-8.52192]]],[[[115.1983,-8.5172],[115.2001,-8.51542],[115.2019,-8.5172],[115.2001,-8.51898],[115.1983,-8.5172]]],[[[115.20814,-8.51305],[115.2088,-8.5137],[115.207,-8.51548],[115.2052,-8.5137],[115.20546,-8.51345],[115.2048,-8.5128],[115.2066,-8.51102],[115.2084,-8.5128],[115.20814,-8.51305]]],[[[115.2103,-8.50872],[115.2121,-8.5105],[115.2103,-8.51228],[115.2085,-8.5105],[115.2103,-8.50872]]],[[[115.2083,-8.50702],[115.2101,-8.5088],[115.2083,-8.51058],[115.2065,-8.5088],[115.2083,-8.50702]]],[[[115.1974,-8.5065],[115.1992,-8.50472],[115.201,-8.5065],[115.1992,-8.50828],[115.1974,-8.5065]]],[[[115.1896,-8.49642],[115.1914,-8.4982],[115.1896,-8.49998],[115.1878,-8.4982],[115.1896,-8.49642]]],[[[115.2014,-8.4952],[115.1996,-8.49698],[115.1978,-8.4952],[115.1996,-8.49342],[115.2014,-8.4952]]],[[[115.2118,-8.4927],[115.21,-8.49448],[115.2082,-8.4927],[115.21,-8.49092],[115.2118,-8.4927]]],[[[115.2046,-8.4899],[115.2064,-8.48812],[115.2082,-8.4899],[115.2064,-8.49168],[115.2046,-8.4899]]],[[[115.2092,-8.48532],[115.211,-8.4871],[115.2092,-8.48888],[115.2074,-8.4871],[115.2092,-8.48532]]],[[[115.18925,-8.48057],[115.1894,-8.48042],[115.1912,-8.4822],[115.1894,-8.48398],[115.18895,-8.48353],[115.1888,-8.48368],[115.187,-8.4819],[115.1888,-8.48012],[115.18925,-8.48057]]],[[[115.187,-8.4751],[115.1888,-8.47332],[115.1906,-8.4751],[115.1888,-8.47688],[115.187,-8.4751]]],[[[115.2117,-8.46232],[115.2135,-8.4641],[115.2117,-8.46588],[115.2099,-8.4641],[115.2117,-8.46232]]],[[[115.19319,-8.4611],[115.1935,-8.4614],[115.1917,-8.46318],[115.1899,-8.4614],[115.19001,-8.4613],[115.1897,-8.461],[115.1915,-8.45922],[115.1933,-8.461],[115.19319,-8.4611]]],[[[115.20211,-8.43179],[115.2039,-8.43001],[115.2057,-8.43179],[115.2039,-8.43357],[115.20211,-8.43179]]],[[[115.1902,-8.42842],[115.192,-8.4302],[115.1902,-8.43198],[115.1884,-8.4302],[115.1902,-8.42842]]],[[[115.212,-8.4274],[115.2102,-8.42918],[115.2084,-8.4274],[115.2102,-8.42562],[115.212,-8.4274]]],[[[115.2024,-8.42492],[115.2042,-8.4267],[115.2024,-8.42848],[115.2006,-8.4267],[115.2024,-8.42492]]],[[[115.1879,-8.42032],[115.1897,-8.4221],[115.1879,-8.42388],[115.1861,-8.4221],[115.1879,-8.42032]]],[[[115.1957,-8.41862],[115.1975,-8.4204],[115.1957,-8.42218],[115.1939,-8.4204],[115.1957,-8.41862]]],[[[115.20871,-8.41886],[115.2105,-8.41708],[115.2123,-8.41886],[115.2105,-8.42064],[115.20871,-8.41886]]],[[[115.187,-8.40362],[115.1888,-8.4054],[115.187,-8.40718],[115.1852,-8.4054],[115.187,-8.40362]]],[[[115.19553,-8.38304],[115.196,-8.3835],[115.1942,-8.38528],[115.1924,-8.3835],[115.19417,-8.38176],[115.1937,-8.3813],[115.1955,-8.37952],[115.1973,-8.3813],[115.19553,-8.38304]]],[[[115.2103,-8.37672],[115.2121,-8.3785],[115.2103,-8.38028],[115.2085,-8.3785],[115.2103,-8.37672]]],[[[115.2129,-8.35532],[115.2147,-8.3571],[115.2129,-8.35888],[115.2111,-8.3571],[115.2129,-8.35532]]],[[[115.2078,-8.3527],[115.206,-8.35448],[115.2042,-8.3527],[115.206,-8.35092],[115.2078,-8.3527]]],[[[115.1862,-8.3283],[115.188,-8.32652],[115.1898,-8.3283],[115.188,-8.33008],[115.1862,-8.3283]]],[[[115.2014,-8.32132],[115.2032,-8.3231],[115.2014,-8.32488],[115.1996,-8.3231],[115.2014,-8.32132]]],[[[115.2116,-8.3142],[115.2134,-8.31242],[115.2152,-8.3142],[115.2134,-8.31598],[115.2116,-8.3142]]],[[[115.2118,-8.28902],[115.2136,-8.2908],[115.2118,-8.29258],[115.21,-8.2908],[115.2118,-8.28902]]],[[[115.2115,-8.27652],[115.2133,-8.2783],[115.2115,-8.28008],[115.2097,-8.2783],[115.2115,-8.27652]]],[[[115.1878,-8.2082],[115.1896,-8.20642],[115.1914,-8.2082],[115.1896,-8.20998],[115.1878,-8.2082]]],[[[115.2017,-8.1934],[115.2035,-8.19162],[115.2053,-8.1934],[115.2035,-8.19518],[115.2017,-8.1934]]],[[[115.1945,-8.1836],[115.1927,-8.18538],[115.1909,-8.1836],[115.1927,-8.18182],[115.1945,-8.1836]]],[[[115.1989,-8.181],[115.1971,-8.18278],[115.1953,-8.181],[115.1971,-8.17922],[115.1989,-8.181]]],[[[115.1968,-8.17532],[115.1986,-8.1771],[115.1968,-8.17888],[115.195,-8.1771],[115.1968,-8.17532]]],[[[115.2034,-8.16992],[115.2052,-8.1717],[115.2034,-8.17348],[115.2016,-8.1717],[115.2034,-8.16992]]],[[[115.1899,-8.16292],[115.1917,-8.1647],[115.1899,-8.16648],[115.1881,-8.1647],[115.1899,-8.16292]]],[[[115.1963,-8.1555],[115.1981,-8.15372],[115.1999,-8.1555],[115.1981,-8.15728],[115.1963,-8.1555]]],[[[115.2055,-8.15358],[115.2037,-8.1518],[115.2055,-8.15002],[115.20585,-8.15037],[115.2062,-8.15002],[115.208,-8.1518],[115.2062,-8.15358],[115.20585,-8.15323],[115.2055,-8.15358]]],[[[115.20193,-8.14857],[115.20373,-8.15035],[115.20193,-8.15213],[115.20148,-8.15168],[115.20146,-8.15169],[115.19967,-8.14991],[115.20146,-8.14813],[115.20192,-8.14858],[115.20193,-8.14857]]],[[[115.2016,-8.1418],[115.20109,-8.1423],[115.20143,-8.14264],[115.19963,-8.14442],[115.19784,-8.14264],[115.19834,-8.14214],[115.198,-8.1418],[115.1998,-8.14002],[115.2016,-8.1418]]],[[[115.20224,-8.13395],[115.20045,-8.13572],[115.19865,-8.13395],[115.20045,-8.13217],[115.20224,-8.13395]]],[[[115.20684,-8.13337],[115.20505,-8.13515],[115.20427,-8.13438],[115.20382,-8.13484],[115.20202,-8.13306],[115.20382,-8.13128],[115.20459,-8.13205],[115.20505,-8.1316],[115.20684,-8.13337]]],[[[115.191,-8.13132],[115.1928,-8.1331],[115.191,-8.13488],[115.1892,-8.1331],[115.191,-8.13132]]],[[[115.19811,-8.12811],[115.1981,-8.1281],[115.1999,-8.12632],[115.2017,-8.1281],[115.20009,-8.12969],[115.2001,-8.1297],[115.1983,-8.13148],[115.1965,-8.1297],[115.19811,-8.12811]]],[[[115.2078,-8.12574],[115.20959,-8.12752],[115.2078,-8.1293],[115.206,-8.12752],[115.2078,-8.12574]]],[[[115.19179,-8.12405],[115.19359,-8.12583],[115.19179,-8.12761],[115.19,-8.12583],[115.19179,-8.12405]]],[[[115.20133,-8.11537],[115.20211,-8.11613],[115.20032,-8.11791],[115.19852,-8.11613],[115.1986,-8.11606],[115.19782,-8.11529],[115.19962,-8.11351],[115.20141,-8.11529],[115.20133,-8.11537]]],[[[115.20967,-8.11165],[115.21146,-8.11343],[115.20967,-8.11521],[115.20787,-8.11343],[115.20967,-8.11165]]],[[[115.20594,-8.08238],[115.20493,-8.08138],[115.20673,-8.07961],[115.20853,-8.08138],[115.20683,-8.08307],[115.20783,-8.08406],[115.20604,-8.08584],[115.20424,-8.08406],[115.20594,-8.08238]]],[[[115.2101,-8.0769],[115.2083,-8.07868],[115.2065,-8.0769],[115.2083,-8.07512],[115.2101,-8.0769]]],[[[115.19076,-8.07466],[115.1908,-8.0747],[115.189,-8.07648],[115.1872,-8.0747],[115.18816,-8.07376],[115.18812,-8.07372],[115.18991,-8.07194],[115.19171,-8.07372],[115.19076,-8.07466]]],[[[115.2158,-8.80402],[115.2176,-8.8058],[115.2158,-8.80758],[115.214,-8.8058],[115.2158,-8.80402]]],[[[115.2248,-8.8005],[115.223,-8.80228],[115.2223,-8.80159],[115.2209,-8.80298],[115.2191,-8.8012],[115.2209,-8.79942],[115.2216,-8.80011],[115.223,-8.79872],[115.2248,-8.8005]]],[[[115.21549,-8.79612],[115.21534,-8.79597],[115.21571,-8.79561],[115.2157,-8.7956],[115.2175,-8.79382],[115.2193,-8.7956],[115.21929,-8.7956],[115.2198,-8.7961],[115.218,-8.79788],[115.2179,-8.79778],[115.2174,-8.79828],[115.21715,-8.79803],[115.2171,-8.79808],[115.2153,-8.7963],[115.21549,-8.79612]]],[[[115.2213,-8.77762],[115.2231,-8.7794],[115.2213,-8.78118],[115.2195,-8.7794],[115.2213,-8.77762]]],[[[115.22117,-8.76235],[115.2203,-8.7615],[115.2221,-8.75972],[115.2239,-8.7615],[115.22273,-8.76265],[115.2236,-8.7635],[115.2218,-8.76528],[115.22,-8.7635],[115.22117,-8.76235]]],[[[115.2206,-8.75232],[115.2224,-8.7541],[115.2206,-8.75588],[115.2188,-8.7541],[115.2206,-8.75232]]],[[[115.2369,-8.7248],[115.2371,-8.725],[115.2353,-8.72678],[115.2335,-8.725],[115.2335,-8.725],[115.2333,-8.7248],[115.2351,-8.72302],[115.2369,-8.7248],[115.2369,-8.7248]]],[[[115.22888,-8.72432],[115.23067,-8.72255],[115.23247,-8.72432],[115.23067,-8.7261],[115.22888,-8.72432]]],[[[115.2157,-8.71252],[115.2175,-8.7143],[115.2157,-8.71608],[115.2139,-8.7143],[115.2157,-8.71252]]],[[[115.22669,-8.7113],[115.22849,-8.70952],[115.23028,-8.7113],[115.22849,-8.71308],[115.22669,-8.7113]]],[[[115.21454,-8.70886],[115.21634,-8.71063],[115.21454,-8.71241],[115.21275,-8.71063],[115.21454,-8.70886]]],[[[115.2271,-8.70722],[115.2289,-8.709],[115.2271,-8.71078],[115.2253,-8.709],[115.2271,-8.70722]]],[[[115.2179,-8.7042],[115.2197,-8.70242],[115.2215,-8.7042],[115.2197,-8.70598],[115.2179,-8.7042]]],[[[115.22731,-8.70394],[115.22676,-8.7034],[115.22856,-8.70162],[115.23035,-8.7034],[115.22985,-8.7039],[115.23039,-8.70444],[115.2286,-8.70622],[115.2268,-8.70444],[115.22731,-8.70394]]],[[[115.2173,-8.70428],[115.21721,-8.70419],[115.2156,-8.70578],[115.2138,-8.704],[115.2156,-8.70222],[115.21569,-8.70231],[115.2173,-8.70072],[115.2191,-8.7025],[115.2173,-8.70428]]],[[[115.2358,-8.70438],[115.23567,-8.70425],[115.2347,-8.70521],[115.23299,-8.70353],[115.23254,-8.70397],[115.23074,-8.70219],[115.23254,-8.70042],[115.23424,-8.70211],[115.2347,-8.70166],[115.23482,-8.70179],[115.2358,-8.70082],[115.2376,-8.7026],[115.2358,-8.70438]]],[[[115.221,-8.7005],[115.2192,-8.70228],[115.2174,-8.7005],[115.2192,-8.69872],[115.221,-8.7005]]],[[[115.22084,-8.69674],[115.22263,-8.69851],[115.22084,-8.70029],[115.21904,-8.69851],[115.22084,-8.69674]]],[[[115.22591,-8.6982],[115.2277,-8.69642],[115.2295,-8.6982],[115.2277,-8.69998],[115.22591,-8.6982]]],[[[115.21824,-8.69812],[115.21645,-8.6999],[115.21569,-8.69915],[115.2149,-8.69994],[115.2131,-8.69816],[115.2149,-8.69638],[115.21565,-8.69713],[115.21645,-8.69635],[115.21824,-8.69812]]],[[[115.23886,-8.69532],[115.24066,-8.69709],[115.23886,-8.69887],[115.23833,-8.69835],[115.2381,-8.69858],[115.2363,-8.6968],[115.2381,-8.69502],[115.23863,-8.69555],[115.23886,-8.69532]]],[[[115.236,-8.69679],[115.23607,-8.69686],[115.23427,-8.69864],[115.23248,-8.69686],[115.23257,-8.69677],[115.2325,-8.6967],[115.2343,-8.69492],[115.2361,-8.6967],[115.236,-8.69679]]],[[[115.23274,-8.69145],[115.23454,-8.69323],[115.23274,-8.695],[115.23094,-8.69323],[115.23274,-8.69145]]],[[[115.22082,-8.68863],[115.22262,-8.69041],[115.22082,-8.69218],[115.21902,-8.69041],[115.22082,-8.68863]]],[[[115.22742,-8.69312],[115.22715,-8.69339],[115.22536,-8.69162],[115.22715,-8.68984],[115.22737,-8.69006],[115.22765,-8.68979],[115.22813,-8.69027],[115.22899,-8.68942],[115.22806,-8.6885],[115.22985,-8.68673],[115.23165,-8.6885],[115.23076,-8.68938],[115.2317,-8.6903],[115.2299,-8.69208],[115.22941,-8.69159],[115.22765,-8.69334],[115.22742,-8.69312]]],[[[115.2283,-8.6866],[115.2265,-8.68838],[115.2247,-8.6866],[115.2265,-8.68482],[115.2283,-8.6866]]],[[[115.2187,-8.685],[115.2205,-8.68322],[115.2223,-8.685],[115.2205,-8.68678],[115.2187,-8.685]]],[[[115.23577,-8.68479],[115.23666,-8.68391],[115.23846,-8.68568],[115.23666,-8.68746],[115.23569,-8.6865],[115.2348,-8.68738],[115.233,-8.6856],[115.23357,-8.68504],[115.232,-8.6835],[115.2338,-8.68172],[115.2356,-8.6835],[115.23503,-8.68406],[115.23577,-8.68479]]],[[[115.22,-8.6833],[115.2182,-8.68508],[115.21815,-8.68503],[115.2181,-8.68508],[115.21697,-8.68396],[115.21693,-8.684],[115.21725,-8.68432],[115.21546,-8.68609],[115.21499,-8.68564],[115.21481,-8.68582],[115.21301,-8.68405],[115.21312,-8.68394],[115.2131,-8.68393],[115.21352,-8.68352],[115.2135,-8.6835],[115.2153,-8.68173],[115.2166,-8.68301],[115.2181,-8.68152],[115.21815,-8.68157],[115.2182,-8.68152],[115.22,-8.6833]]],[[[115.2262,-8.67862],[115.228,-8.6804],[115.2262,-8.68218],[115.2244,-8.6804],[115.2262,-8.67862]]],[[[115.21745,-8.68018],[115.21925,-8.6784],[115.22105,-8.68018],[115.21925,-8.68195],[115.21745,-8.68018]]],[[[115.23238,-8.68198],[115.23164,-8.68125],[115.2304,-8.68248],[115.2286,-8.6807],[115.2304,-8.67892],[115.23114,-8.67965],[115.2313,-8.67949],[115.231,-8.6792],[115.2328,-8.67742],[115.2346,-8.6792],[115.23388,-8.67991],[115.23418,-8.6802],[115.23238,-8.68198]]],[[[115.22747,-8.67553],[115.22763,-8.67568],[115.22912,-8.67421],[115.22916,-8.67425],[115.2301,-8.67332],[115.2319,-8.6751],[115.2301,-8.67688],[115.23006,-8.67683],[115.22912,-8.67776],[115.22896,-8.67761],[115.22747,-8.67908],[115.22713,-8.67874],[115.22694,-8.67893],[115.22514,-8.67715],[115.22694,-8.67538],[115.22728,-8.67571],[115.22747,-8.67553]]],[[[115.22358,-8.67425],[115.22537,-8.67248],[115.22717,-8.67425],[115.22705,-8.67437],[115.22714,-8.67445],[115.22634,-8.67524],[115.2266,-8.6755],[115.2264,-8.6757],[115.2264,-8.6757],[115.2246,-8.67748],[115.2228,-8.6757],[115.223,-8.6755],[115.223,-8.6755],[115.2238,-8.67471],[115.22354,-8.67445],[115.22366,-8.67434],[115.22358,-8.67425]]],[[[115.23412,-8.67468],[115.23591,-8.6729],[115.23596,-8.67295],[115.23598,-8.67294],[115.23777,-8.67471],[115.23598,-8.67649],[115.23593,-8.67644],[115.23591,-8.67646],[115.23412,-8.67468]]],[[[115.21799,-8.67298],[115.21733,-8.67232],[115.21685,-8.67279],[115.21672,-8.67265],[115.21653,-8.67284],[115.21638,-8.67269],[115.2163,-8.67278],[115.21624,-8.67272],[115.21612,-8.67284],[115.21713,-8.67384],[115.21736,-8.6736],[115.21916,-8.67538],[115.21886,-8.67568],[115.21944,-8.67626],[115.22078,-8.67494],[115.22096,-8.67513],[115.2211,-8.67499],[115.2229,-8.67676],[115.2211,-8.67854],[115.22092,-8.67835],[115.22078,-8.67849],[115.21983,-8.67756],[115.2185,-8.67888],[115.2167,-8.6771],[115.217,-8.6768],[115.21686,-8.67666],[115.2164,-8.67711],[115.2146,-8.67533],[115.21467,-8.67527],[115.21382,-8.67443],[115.21503,-8.67324],[115.21502,-8.67323],[115.21353,-8.67471],[115.21173,-8.67293],[115.21259,-8.67208],[115.2123,-8.6718],[115.2141,-8.67002],[115.21434,-8.67026],[115.21466,-8.66995],[115.21505,-8.67034],[115.21537,-8.67002],[115.21543,-8.67008],[115.2163,-8.66922],[115.21645,-8.66937],[115.21653,-8.66929],[115.21666,-8.66942],[115.21685,-8.66923],[115.21752,-8.6699],[115.21799,-8.66943],[115.21979,-8.67121],[115.21799,-8.67298]]],[[[115.2204,-8.6734],[115.2222,-8.67162],[115.224,-8.6734],[115.2222,-8.67518],[115.2204,-8.6734]]],[[[115.2203,-8.66681],[115.2203,-8.6668],[115.2221,-8.66858],[115.2203,-8.67035],[115.22029,-8.67034],[115.22028,-8.67035],[115.21849,-8.66857],[115.22028,-8.66679],[115.2203,-8.66681]]],[[[115.2242,-8.66472],[115.226,-8.6665],[115.2242,-8.66828],[115.2224,-8.6665],[115.2242,-8.66472]]],[[[115.23231,-8.66543],[115.2341,-8.66365],[115.2359,-8.66543],[115.2341,-8.66721],[115.23231,-8.66543]]],[[[115.2375,-8.65802],[115.2393,-8.6598],[115.2375,-8.66158],[115.2357,-8.6598],[115.2375,-8.65802]]],[[[115.232,-8.6591],[115.23203,-8.65907],[115.23156,-8.65861],[115.23336,-8.65683],[115.23362,-8.6571],[115.2339,-8.65682],[115.2357,-8.6586],[115.23539,-8.6589],[115.2356,-8.6591],[115.2338,-8.66088],[115.232,-8.6591]]],[[[115.22947,-8.65579],[115.23127,-8.65756],[115.22947,-8.65934],[115.22767,-8.65756],[115.22947,-8.65579]]],[[[115.22154,-8.656],[115.22056,-8.65503],[115.22235,-8.65326],[115.22347,-8.65436],[115.22353,-8.65429],[115.22257,-8.65334],[115.22261,-8.6533],[115.2223,-8.653],[115.22346,-8.65185],[115.2231,-8.6515],[115.2249,-8.64972],[115.22618,-8.65099],[115.22623,-8.65093],[115.22629,-8.65099],[115.22634,-8.65094],[115.22695,-8.65154],[115.22776,-8.65074],[115.2283,-8.65128],[115.22958,-8.65002],[115.23025,-8.65069],[115.23198,-8.64897],[115.23301,-8.64999],[115.2344,-8.64862],[115.2362,-8.6504],[115.2344,-8.65218],[115.23381,-8.65159],[115.2321,-8.65328],[115.23099,-8.65218],[115.22997,-8.65318],[115.2303,-8.6535],[115.2285,-8.65528],[115.22786,-8.65464],[115.2262,-8.65628],[115.22593,-8.65601],[115.22548,-8.65646],[115.22521,-8.65619],[115.22402,-8.65736],[115.22459,-8.65793],[115.22596,-8.65658],[115.22776,-8.65835],[115.22596,-8.66013],[115.2253,-8.65947],[115.22393,-8.66083],[115.2239,-8.6608],[115.22345,-8.66124],[115.22336,-8.66115],[115.22229,-8.66221],[115.224,-8.6639],[115.2222,-8.66568],[115.2204,-8.6639],[115.22148,-8.66283],[115.22097,-8.66233],[115.2194,-8.66388],[115.2176,-8.6621],[115.21764,-8.66206],[115.2174,-8.66182],[115.21919,-8.66004],[115.22004,-8.66088],[115.22157,-8.65937],[115.22166,-8.65946],[115.22177,-8.65935],[115.22146,-8.65904],[115.22019,-8.66029],[115.21839,-8.65852],[115.21892,-8.658],[115.2174,-8.65649],[115.21919,-8.65471],[115.2197,-8.65522],[115.2201,-8.65482],[115.22142,-8.65612],[115.22154,-8.656]],[[115.22351,-8.65769],[115.22348,-8.65771],[115.22348,-8.65772],[115.22351,-8.65769],[115.22351,-8.65769]]],[[[115.23611,-8.65535],[115.23791,-8.65712],[115.23611,-8.6589],[115.23431,-8.65712],[115.23611,-8.65535]]],[[[115.23863,-8.65049],[115.2388,-8.65032],[115.2406,-8.6521],[115.2388,-8.65388],[115.2381,-8.65318],[115.23793,-8.65335],[115.23614,-8.65157],[115.23793,-8.6498],[115.23863,-8.65049]]],[[[115.21725,-8.65173],[115.21715,-8.65164],[115.2155,-8.65328],[115.2137,-8.6515],[115.2155,-8.64972],[115.21559,-8.64982],[115.21725,-8.64818],[115.21904,-8.64996],[115.21725,-8.65173]]],[[[115.22509,-8.64718],[115.22689,-8.6454],[115.22868,-8.64718],[115.22689,-8.64895],[115.22509,-8.64718]]],[[[115.23344,-8.64384],[115.23448,-8.64281],[115.23627,-8.64459],[115.2355,-8.64535],[115.23587,-8.64572],[115.23534,-8.64625],[115.236,-8.6469],[115.2342,-8.64868],[115.2324,-8.6469],[115.23267,-8.64663],[115.23161,-8.64558],[115.2334,-8.64381],[115.23344,-8.64384]]],[[[115.2313,-8.6453],[115.23094,-8.64565],[115.23106,-8.64577],[115.22927,-8.64754],[115.22747,-8.64577],[115.22768,-8.64557],[115.2271,-8.645],[115.2289,-8.64322],[115.22935,-8.64367],[115.2295,-8.64352],[115.2313,-8.6453]]],[[[115.21473,-8.64455],[115.21468,-8.6446],[115.21495,-8.64487],[115.21315,-8.64664],[115.21135,-8.64487],[115.21287,-8.64337],[115.2126,-8.6431],[115.2144,-8.64132],[115.21502,-8.64193],[115.21535,-8.6416],[115.21691,-8.64314],[115.21859,-8.64148],[115.22038,-8.64325],[115.21859,-8.64503],[115.21703,-8.64349],[115.21535,-8.64516],[115.21473,-8.64455]]],[[[115.2255,-8.6418],[115.2237,-8.64358],[115.2219,-8.6418],[115.2237,-8.64002],[115.2255,-8.6418]]],[[[115.2361,-8.6399],[115.2343,-8.64168],[115.2325,-8.6399],[115.2343,-8.63812],[115.2361,-8.6399]]],[[[115.2255,-8.63732],[115.2273,-8.6391],[115.2255,-8.64088],[115.2237,-8.6391],[115.2255,-8.63732]]],[[[115.2299,-8.63572],[115.2317,-8.6375],[115.23089,-8.6383],[115.2322,-8.63959],[115.23168,-8.6401],[115.23188,-8.6403],[115.23009,-8.64208],[115.22829,-8.6403],[115.2288,-8.63979],[115.22861,-8.63959],[115.22941,-8.6388],[115.2281,-8.6375],[115.2299,-8.63572]]],[[[115.22171,-8.63697],[115.22351,-8.6352],[115.2253,-8.63697],[115.22351,-8.63875],[115.22171,-8.63697]]],[[[115.2281,-8.63222],[115.22875,-8.63286],[115.2297,-8.63192],[115.2315,-8.6337],[115.2297,-8.63548],[115.2293,-8.63509],[115.2281,-8.63628],[115.2263,-8.6345],[115.22656,-8.63425],[115.2263,-8.634],[115.2281,-8.63222]]],[[[115.21493,-8.63026],[115.21672,-8.63203],[115.21493,-8.63381],[115.21313,-8.63203],[115.21493,-8.63026]]],[[[115.2198,-8.6319],[115.2216,-8.63012],[115.2234,-8.6319],[115.2216,-8.63368],[115.2198,-8.6319]]],[[[115.2268,-8.62932],[115.2286,-8.6311],[115.2268,-8.63288],[115.225,-8.6311],[115.2268,-8.62932]]],[[[115.2262,-8.6276],[115.228,-8.62582],[115.2298,-8.6276],[115.22934,-8.62805],[115.23062,-8.62932],[115.22882,-8.6311],[115.22703,-8.62932],[115.22749,-8.62887],[115.2262,-8.6276]]],[[[115.2237,-8.62469],[115.2221,-8.62628],[115.2203,-8.6245],[115.2221,-8.62272],[115.2233,-8.62391],[115.2249,-8.62232],[115.22568,-8.6231],[115.22703,-8.62177],[115.22883,-8.62354],[115.22703,-8.62532],[115.22625,-8.62454],[115.2249,-8.62588],[115.2237,-8.62469]]],[[[115.22945,-8.62048],[115.23124,-8.62225],[115.22945,-8.62403],[115.22765,-8.62225],[115.22945,-8.62048]]],[[[115.2279,-8.61642],[115.2297,-8.6182],[115.2279,-8.61998],[115.2261,-8.6182],[115.2279,-8.61642]]],[[[115.22162,-8.60951],[115.22341,-8.61129],[115.22162,-8.61307],[115.21982,-8.61129],[115.22162,-8.60951]]],[[[115.2139,-8.6063],[115.2157,-8.60452],[115.2175,-8.6063],[115.2157,-8.60808],[115.2139,-8.6063]]],[[[115.2334,-8.59812],[115.2352,-8.5999],[115.2334,-8.60168],[115.2316,-8.5999],[115.2334,-8.59812]]],[[[115.223,-8.59672],[115.2248,-8.5985],[115.223,-8.60028],[115.22235,-8.59963],[115.2221,-8.59988],[115.2203,-8.5981],[115.2221,-8.59632],[115.22275,-8.59697],[115.223,-8.59672]]],[[[115.2252,-8.5979],[115.227,-8.59612],[115.2288,-8.5979],[115.227,-8.59968],[115.2252,-8.5979]]],[[[115.2206,-8.5921],[115.2188,-8.59388],[115.217,-8.5921],[115.2188,-8.59032],[115.2206,-8.5921]]],[[[115.2203,-8.5833],[115.2185,-8.58508],[115.2167,-8.5833],[115.2185,-8.58152],[115.2203,-8.5833]]],[[[115.2139,-8.5817],[115.2157,-8.57992],[115.2175,-8.5817],[115.2157,-8.58348],[115.2139,-8.5817]]],[[[115.239,-8.57642],[115.2408,-8.5782],[115.239,-8.57998],[115.2372,-8.5782],[115.239,-8.57642]]],[[[115.2193,-8.57552],[115.2211,-8.5773],[115.2193,-8.57908],[115.2175,-8.5773],[115.2193,-8.57552]]],[[[115.2174,-8.57102],[115.2192,-8.5728],[115.2174,-8.57458],[115.2156,-8.5728],[115.2174,-8.57102]]],[[[115.2314,-8.56892],[115.2332,-8.5707],[115.2314,-8.57248],[115.2296,-8.5707],[115.2314,-8.56892]]],[[[115.2207,-8.5694],[115.22049,-8.56961],[115.2219,-8.571],[115.2201,-8.57278],[115.2183,-8.571],[115.21851,-8.57079],[115.2171,-8.5694],[115.2189,-8.56762],[115.2207,-8.5694]]],[[[115.22217,-8.56755],[115.2204,-8.5658],[115.2222,-8.56402],[115.224,-8.5658],[115.22263,-8.56715],[115.2244,-8.5689],[115.2226,-8.57068],[115.2208,-8.5689],[115.22217,-8.56755]]],[[[115.2358,-8.56588],[115.23535,-8.56543],[115.2346,-8.56618],[115.2328,-8.5644],[115.2346,-8.56262],[115.23505,-8.56307],[115.2358,-8.56232],[115.2376,-8.5641],[115.2358,-8.56588]]],[[[115.2207,-8.5616],[115.2189,-8.56338],[115.2171,-8.5616],[115.2189,-8.55982],[115.2207,-8.5616]]],[[[115.2311,-8.54912],[115.2329,-8.5509],[115.2311,-8.55268],[115.2293,-8.5509],[115.2311,-8.54912]]],[[[115.2231,-8.55098],[115.2213,-8.5492],[115.2231,-8.54742],[115.22481,-8.54911],[115.2251,-8.54882],[115.2269,-8.5506],[115.2251,-8.55238],[115.22339,-8.55069],[115.2231,-8.55098]]],[[[115.2302,-8.54622],[115.232,-8.548],[115.2302,-8.54978],[115.2284,-8.548],[115.2302,-8.54622]]],[[[115.2214,-8.53972],[115.2232,-8.5415],[115.2214,-8.54328],[115.2196,-8.5415],[115.2214,-8.53972]]],[[[115.236,-8.5388],[115.2378,-8.53702],[115.2396,-8.5388],[115.2378,-8.54058],[115.236,-8.5388]]],[[[115.2184,-8.53262],[115.2202,-8.5344],[115.2184,-8.53618],[115.2166,-8.5344],[115.2184,-8.53262]]],[[[115.22725,-8.53046],[115.2284,-8.52932],[115.2302,-8.5311],[115.2284,-8.53288],[115.22715,-8.53164],[115.226,-8.53278],[115.2242,-8.531],[115.226,-8.52922],[115.22725,-8.53046]]],[[[115.21457,-8.53087],[115.21637,-8.52909],[115.21805,-8.53076],[115.2197,-8.52912],[115.2215,-8.5309],[115.2197,-8.53268],[115.21802,-8.53101],[115.21637,-8.53265],[115.21457,-8.53087]]],[[[115.2369,-8.52812],[115.2387,-8.5299],[115.2369,-8.53168],[115.2351,-8.5299],[115.2369,-8.52812]]],[[[115.2169,-8.52072],[115.2187,-8.5225],[115.2169,-8.52428],[115.2151,-8.5225],[115.2169,-8.52072]]],[[[115.2125,-8.511],[115.2143,-8.50922],[115.2161,-8.511],[115.2143,-8.51278],[115.2125,-8.511]]],[[[115.2292,-8.50882],[115.231,-8.5106],[115.2292,-8.51238],[115.2274,-8.5106],[115.2292,-8.50882]]],[[[115.2269,-8.5052],[115.2287,-8.50342],[115.2305,-8.5052],[115.2287,-8.50698],[115.2269,-8.5052]]],[[[115.2209,-8.50172],[115.2227,-8.5035],[115.2209,-8.50528],[115.2191,-8.5035],[115.2209,-8.50172]]],[[[115.2308,-8.5031],[115.2326,-8.50132],[115.2344,-8.5031],[115.2326,-8.50488],[115.2308,-8.5031]]],[[[115.2201,-8.49782],[115.2219,-8.4996],[115.2201,-8.50138],[115.2183,-8.4996],[115.2201,-8.49782]]],[[[115.233,-8.49112],[115.2348,-8.4929],[115.233,-8.49468],[115.2312,-8.4929],[115.233,-8.49112]]],[[[115.226,-8.48892],[115.2278,-8.4907],[115.226,-8.49248],[115.2242,-8.4907],[115.226,-8.48892]]],[[[115.2388,-8.48652],[115.2406,-8.4883],[115.2388,-8.49008],[115.237,-8.4883],[115.2388,-8.48652]]],[[[115.2261,-8.48392],[115.2279,-8.4857],[115.2261,-8.48748],[115.2243,-8.4857],[115.2261,-8.48392]]],[[[115.2275,-8.48032],[115.2293,-8.4821],[115.2275,-8.48388],[115.2257,-8.4821],[115.2275,-8.48032]]],[[[115.2286,-8.4731],[115.2268,-8.47488],[115.22675,-8.47483],[115.2267,-8.47488],[115.2249,-8.4731],[115.2267,-8.47132],[115.22675,-8.47137],[115.2268,-8.47132],[115.2286,-8.4731]]],[[[115.2166,-8.45932],[115.2184,-8.4611],[115.2166,-8.46288],[115.2148,-8.4611],[115.2166,-8.45932]]],[[[115.2281,-8.45301],[115.2291,-8.45202],[115.2309,-8.4538],[115.2291,-8.45558],[115.2277,-8.45419],[115.2267,-8.45518],[115.2249,-8.4534],[115.2267,-8.45162],[115.2281,-8.45301]]],[[[115.2331,-8.4505],[115.2349,-8.44872],[115.2367,-8.4505],[115.2349,-8.45228],[115.2331,-8.4505]]],[[[115.2231,-8.4505],[115.2213,-8.45228],[115.2195,-8.4505],[115.2213,-8.44872],[115.2231,-8.4505]]],[[[115.2185,-8.44702],[115.2203,-8.4488],[115.2185,-8.45058],[115.2167,-8.4488],[115.2185,-8.44702]]],[[[115.2385,-8.44602],[115.2403,-8.4478],[115.2385,-8.44958],[115.2367,-8.4478],[115.2385,-8.44602]]],[[[115.2225,-8.43512],[115.2243,-8.4369],[115.2225,-8.43868],[115.2207,-8.4369],[115.2225,-8.43512]]],[[[115.2231,-8.43202],[115.2249,-8.4338],[115.2231,-8.43558],[115.2213,-8.4338],[115.2231,-8.43202]]],[[[115.2351,-8.42282],[115.2369,-8.4246],[115.2351,-8.42638],[115.2333,-8.4246],[115.2351,-8.42282]]],[[[115.2213,-8.4246],[115.2231,-8.42282],[115.2249,-8.4246],[115.2231,-8.42638],[115.2213,-8.4246]]],[[[115.2245,-8.41412],[115.2263,-8.4159],[115.2245,-8.41768],[115.2227,-8.4159],[115.2245,-8.41412]]],[[[115.2218,-8.41252],[115.2236,-8.4143],[115.2218,-8.41608],[115.22,-8.4143],[115.2218,-8.41252]]],[[[115.2391,-8.4117],[115.2373,-8.41348],[115.2355,-8.4117],[115.2373,-8.40992],[115.2391,-8.4117]]],[[[115.2181,-8.39962],[115.2199,-8.4014],[115.2181,-8.40318],[115.2163,-8.4014],[115.2181,-8.39962]]],[[[115.221,-8.39602],[115.2228,-8.3978],[115.221,-8.39958],[115.2192,-8.3978],[115.221,-8.39602]]],[[[115.2368,-8.39362],[115.2386,-8.3954],[115.2368,-8.39718],[115.235,-8.3954],[115.2368,-8.39362]]],[[[115.2141,-8.39112],[115.2159,-8.3929],[115.2141,-8.39468],[115.2123,-8.3929],[115.2141,-8.39112]]],[[[115.2197,-8.38812],[115.2215,-8.3899],[115.2197,-8.39168],[115.2179,-8.3899],[115.2197,-8.38812]]],[[[115.2378,-8.37762],[115.2396,-8.3794],[115.2378,-8.38118],[115.236,-8.3794],[115.2378,-8.37762]]],[[[115.2269,-8.3538],[115.2287,-8.35202],[115.2305,-8.3538],[115.2287,-8.35558],[115.2269,-8.3538]]],[[[115.2161,-8.34962],[115.2179,-8.3514],[115.2161,-8.35318],[115.2143,-8.3514],[115.2161,-8.34962]]],[[[115.2363,-8.3458],[115.2345,-8.34758],[115.2327,-8.3458],[115.2345,-8.34402],[115.2363,-8.3458]]],[[[115.2216,-8.317],[115.2198,-8.31878],[115.218,-8.317],[115.2198,-8.31522],[115.2216,-8.317]]],[[[115.2391,-8.29302],[115.2409,-8.2948],[115.2391,-8.29658],[115.2373,-8.2948],[115.2391,-8.29302]]],[[[115.2274,-8.2947],[115.22739,-8.2947],[115.2279,-8.2952],[115.2261,-8.29698],[115.2243,-8.2952],[115.22431,-8.2952],[115.2238,-8.2947],[115.22391,-8.2946],[115.2236,-8.2943],[115.2254,-8.29252],[115.2272,-8.2943],[115.22709,-8.2944],[115.2274,-8.2947]]],[[[115.2373,-8.287],[115.2391,-8.28522],[115.2409,-8.287],[115.2391,-8.28878],[115.2373,-8.287]]],[[[115.2327,-8.26722],[115.2345,-8.269],[115.2327,-8.27078],[115.2309,-8.269],[115.2327,-8.26722]]],[[[115.234,-8.2496],[115.2358,-8.24782],[115.2376,-8.2496],[115.2358,-8.25138],[115.234,-8.2496]]],[[[115.2326,-8.22128],[115.2308,-8.2195],[115.2326,-8.21772],[115.23292,-8.21804],[115.23305,-8.21791],[115.23485,-8.21968],[115.23305,-8.22146],[115.23273,-8.22115],[115.2326,-8.22128]]],[[[115.2263,-8.1937],[115.2281,-8.19192],[115.2299,-8.1937],[115.2281,-8.19548],[115.2263,-8.1937]]],[[[115.2288,-8.1666],[115.227,-8.16838],[115.22659,-8.16797],[115.22654,-8.16801],[115.22475,-8.16624],[115.22654,-8.16446],[115.22696,-8.16487],[115.227,-8.16482],[115.2288,-8.1666]]],[[[115.23854,-8.14697],[115.23674,-8.14875],[115.23494,-8.14697],[115.23674,-8.1452],[115.23854,-8.14697]]],[[[115.2165,-8.14024],[115.2183,-8.13846],[115.22009,-8.14024],[115.2183,-8.14202],[115.2165,-8.14024]]],[[[115.22684,-8.13298],[115.22864,-8.13476],[115.22684,-8.13654],[115.22504,-8.13476],[115.22684,-8.13298]]],[[[115.21447,-8.1289],[115.21627,-8.13068],[115.21447,-8.13246],[115.21268,-8.13068],[115.21447,-8.1289]]],[[[115.22758,-8.12086],[115.22937,-8.12264],[115.22758,-8.12442],[115.22578,-8.12264],[115.22758,-8.12086]]],[[[115.21648,-8.11978],[115.21828,-8.118],[115.22008,-8.11978],[115.21828,-8.12156],[115.21648,-8.11978]]],[[[115.22349,-8.11417],[115.22529,-8.11595],[115.22349,-8.11773],[115.2217,-8.11595],[115.22349,-8.11417]]],[[[115.22914,-8.11279],[115.23094,-8.11457],[115.22914,-8.11635],[115.22735,-8.11457],[115.22914,-8.11279]]],[[[115.23555,-8.08446],[115.23734,-8.08268],[115.23748,-8.08282],[115.23757,-8.08273],[115.23937,-8.08451],[115.23757,-8.08629],[115.23743,-8.08615],[115.23734,-8.08624],[115.23555,-8.08446]]],[[[115.22417,-8.08075],[115.22597,-8.08253],[115.22417,-8.08431],[115.22238,-8.08253],[115.22417,-8.08075]]],[[[115.25014,-8.70623],[115.25194,-8.708],[115.25014,-8.70978],[115.24834,-8.708],[115.25014,-8.70623]]],[[[115.23912,-8.70531],[115.24092,-8.70709],[115.23912,-8.70886],[115.23733,-8.70709],[115.23912,-8.70531]]],[[[115.25537,-8.70233],[115.2537,-8.70067],[115.25285,-8.70151],[115.25106,-8.69973],[115.25285,-8.69796],[115.25453,-8.69961],[115.25537,-8.69877],[115.25717,-8.70055],[115.25537,-8.70233]]],[[[115.24166,-8.69653],[115.24346,-8.69831],[115.24166,-8.70008],[115.23986,-8.69831],[115.24166,-8.69653]]],[[[115.25661,-8.69604],[115.25841,-8.69782],[115.25661,-8.6996],[115.25481,-8.69782],[115.25661,-8.69604]]],[[[115.25726,-8.6898],[115.25906,-8.68803],[115.26086,-8.6898],[115.25906,-8.69158],[115.25726,-8.6898]]],[[[115.2415,-8.68802],[115.2433,-8.6898],[115.2415,-8.69158],[115.23985,-8.68995],[115.23871,-8.69108],[115.23691,-8.6893],[115.23871,-8.68752],[115.24036,-8.68915],[115.2415,-8.68802]]],[[[115.2511,-8.68532],[115.2529,-8.6871],[115.2511,-8.68888],[115.2493,-8.6871],[115.2511,-8.68532]]],[[[115.2433,-8.68432],[115.2451,-8.6861],[115.2433,-8.68788],[115.2415,-8.6861],[115.2433,-8.68432]]],[[[115.25648,-8.6847],[115.2579,-8.6861],[115.2561,-8.68788],[115.2543,-8.6861],[115.25473,-8.68568],[115.25331,-8.68428],[115.25342,-8.68417],[115.25202,-8.68278],[115.25381,-8.681],[115.25561,-8.68278],[115.2555,-8.68289],[115.25691,-8.68428],[115.25648,-8.6847]]],[[[115.2601,-8.68042],[115.2619,-8.6822],[115.2601,-8.68398],[115.2583,-8.6822],[115.2601,-8.68042]]],[[[115.2466,-8.6811],[115.2484,-8.67932],[115.2502,-8.6811],[115.2484,-8.68288],[115.2466,-8.6811]]],[[[115.25015,-8.6773],[115.25195,-8.67907],[115.25015,-8.68085],[115.24836,-8.67907],[115.25015,-8.6773]]],[[[115.25445,-8.67519],[115.25625,-8.67697],[115.25445,-8.67874],[115.25266,-8.67697],[115.25445,-8.67519]]],[[[115.24203,-8.67698],[115.2404,-8.67537],[115.2422,-8.67359],[115.24399,-8.67537],[115.24296,-8.67638],[115.2446,-8.678],[115.2428,-8.67978],[115.241,-8.678],[115.24203,-8.67698]]],[[[115.257,-8.67478],[115.25687,-8.67464],[115.25548,-8.67601],[115.25369,-8.67423],[115.25548,-8.67246],[115.25562,-8.67259],[115.257,-8.67122],[115.2588,-8.673],[115.257,-8.67478]]],[[[115.24192,-8.67366],[115.24013,-8.67544],[115.23833,-8.67366],[115.23939,-8.67261],[115.23765,-8.67089],[115.23944,-8.66912],[115.24124,-8.67089],[115.24018,-8.67194],[115.24192,-8.67366]]],[[[115.24065,-8.66106],[115.24244,-8.66284],[115.24065,-8.66462],[115.23885,-8.66284],[115.24065,-8.66106]]],[[[115.24162,-8.65551],[115.24342,-8.65728],[115.24162,-8.65906],[115.23983,-8.65728],[115.24162,-8.65551]]],[[[115.2599,-8.6512],[115.2599,-8.6512],[115.2581,-8.65298],[115.2563,-8.6512],[115.2565,-8.651],[115.2565,-8.651],[115.2583,-8.64922],[115.2601,-8.651],[115.2599,-8.6512]]],[[[115.25074,-8.64842],[115.24999,-8.64768],[115.24868,-8.64898],[115.24838,-8.64868],[115.24725,-8.6498],[115.24689,-8.64945],[115.24662,-8.64973],[115.24637,-8.64948],[115.24553,-8.65032],[115.24651,-8.65129],[115.24472,-8.65306],[115.24292,-8.65129],[115.24392,-8.6503],[115.24294,-8.64933],[115.24474,-8.64755],[115.24498,-8.64779],[115.24662,-8.64617],[115.24697,-8.64652],[115.24711,-8.64639],[115.24591,-8.64521],[115.24563,-8.64549],[115.24383,-8.64371],[115.24563,-8.64193],[115.24742,-8.6437],[115.2477,-8.64342],[115.2481,-8.64382],[115.2484,-8.64352],[115.2502,-8.6453],[115.24938,-8.64611],[115.24943,-8.64616],[115.25074,-8.64487],[115.25253,-8.64664],[115.25074,-8.64842]]],[[[115.26285,-8.64684],[115.2625,-8.6465],[115.2643,-8.64472],[115.2661,-8.6465],[115.26541,-8.64718],[115.26576,-8.64752],[115.26397,-8.6493],[115.26217,-8.64752],[115.26285,-8.64684]]],[[[115.26916,-8.64502],[115.27095,-8.6468],[115.26916,-8.64858],[115.26736,-8.6468],[115.26916,-8.64502]]],[[[115.24041,-8.64661],[115.24007,-8.64628],[115.23913,-8.64721],[115.23734,-8.64543],[115.23913,-8.64366],[115.24045,-8.64496],[115.24099,-8.64442],[115.23984,-8.64328],[115.24164,-8.6415],[115.24343,-8.64328],[115.24203,-8.64466],[115.24318,-8.6458],[115.2415,-8.64747],[115.24231,-8.64828],[115.24052,-8.65006],[115.23872,-8.64828],[115.24041,-8.64661]]],[[[115.257,-8.6433],[115.2552,-8.64508],[115.2534,-8.6433],[115.2552,-8.64152],[115.257,-8.6433]]],[[[115.26539,-8.64257],[115.2636,-8.64435],[115.2618,-8.64257],[115.2636,-8.6408],[115.26539,-8.64257]]],[[[115.2692,-8.63782],[115.271,-8.6396],[115.2692,-8.64138],[115.2674,-8.6396],[115.2692,-8.63782]]],[[[115.26019,-8.63916],[115.25839,-8.63739],[115.26019,-8.63561],[115.26085,-8.63626],[115.26091,-8.6362],[115.26271,-8.63798],[115.26091,-8.63975],[115.26025,-8.6391],[115.26019,-8.63916]]],[[[115.25707,-8.63386],[115.25886,-8.63564],[115.25707,-8.63741],[115.25527,-8.63564],[115.25707,-8.63386]]],[[[115.24291,-8.63192],[115.24471,-8.6337],[115.24291,-8.63548],[115.24112,-8.6337],[115.24291,-8.63192]]],[[[115.2633,-8.6313],[115.2651,-8.62952],[115.2669,-8.6313],[115.2651,-8.63308],[115.2633,-8.6313]]],[[[115.2616,-8.62592],[115.2634,-8.6277],[115.2616,-8.62948],[115.2598,-8.6277],[115.2616,-8.62592]]],[[[115.2675,-8.62332],[115.2693,-8.6251],[115.2675,-8.62688],[115.2657,-8.6251],[115.2675,-8.62332]]],[[[115.24075,-8.62384],[115.2395,-8.62508],[115.2377,-8.6233],[115.2395,-8.62152],[115.23978,-8.6218],[115.24113,-8.62046],[115.24125,-8.62058],[115.2413,-8.62052],[115.2431,-8.6223],[115.24295,-8.62245],[115.243,-8.6225],[115.2412,-8.62428],[115.24075,-8.62384]]],[[[115.2626,-8.6213],[115.2608,-8.62308],[115.259,-8.6213],[115.2608,-8.61952],[115.2626,-8.6213]]],[[[115.2491,-8.6213],[115.2509,-8.61952],[115.2527,-8.6213],[115.2509,-8.62308],[115.2491,-8.6213]]],[[[115.2393,-8.61812],[115.2411,-8.6199],[115.2393,-8.62168],[115.2375,-8.6199],[115.2393,-8.61812]]],[[[115.2581,-8.61612],[115.2599,-8.6179],[115.2581,-8.61968],[115.2563,-8.6179],[115.2581,-8.61612]]],[[[115.24496,-8.61524],[115.24675,-8.61701],[115.24496,-8.61879],[115.24316,-8.61701],[115.24496,-8.61524]]],[[[115.2479,-8.6122],[115.2497,-8.61042],[115.2515,-8.6122],[115.2497,-8.61398],[115.2479,-8.6122]]],[[[115.2591,-8.60952],[115.2609,-8.6113],[115.2591,-8.61308],[115.2573,-8.6113],[115.2591,-8.60952]]],[[[115.2631,-8.60652],[115.2649,-8.6083],[115.2631,-8.61008],[115.2613,-8.6083],[115.2631,-8.60652]]],[[[115.2556,-8.6087],[115.25652,-8.6078],[115.25525,-8.60655],[115.2535,-8.60828],[115.2517,-8.6065],[115.25191,-8.6063],[115.2517,-8.6061],[115.2535,-8.60432],[115.2553,-8.6061],[115.25509,-8.6063],[115.25515,-8.60635],[115.2569,-8.60462],[115.2587,-8.6064],[115.25783,-8.60725],[115.2594,-8.6088],[115.2576,-8.61058],[115.25745,-8.61043],[115.2574,-8.61048],[115.2556,-8.6087]]],[[[115.26823,-8.6021],[115.26644,-8.60388],[115.26464,-8.6021],[115.26644,-8.60033],[115.26823,-8.6021]]],[[[115.2498,-8.6],[115.2516,-8.59822],[115.2534,-8.6],[115.2516,-8.60178],[115.2498,-8.6]]],[[[115.2397,-8.59682],[115.2415,-8.5986],[115.2397,-8.60038],[115.2379,-8.5986],[115.2397,-8.59682]]],[[[115.2689,-8.5983],[115.2707,-8.59652],[115.2725,-8.5983],[115.2707,-8.60008],[115.2689,-8.5983]]],[[[115.2449,-8.595],[115.2467,-8.59322],[115.2485,-8.595],[115.2467,-8.59678],[115.2449,-8.595]]],[[[115.2413,-8.59222],[115.2431,-8.594],[115.2413,-8.59578],[115.2395,-8.594],[115.2413,-8.59222]]],[[[115.256,-8.59478],[115.25525,-8.59403],[115.2545,-8.59478],[115.2527,-8.593],[115.2545,-8.59122],[115.25525,-8.59197],[115.256,-8.59122],[115.2578,-8.593],[115.256,-8.59478]]],[[[115.25,-8.58892],[115.2518,-8.5907],[115.25,-8.59248],[115.2482,-8.5907],[115.25,-8.58892]]],[[[115.2551,-8.58162],[115.2569,-8.5834],[115.2551,-8.58518],[115.2533,-8.5834],[115.2551,-8.58162]]],[[[115.2394,-8.58022],[115.2412,-8.582],[115.2394,-8.58378],[115.2376,-8.582],[115.2394,-8.58022]]],[[[115.27065,-8.57975],[115.27245,-8.58152],[115.27065,-8.5833],[115.26885,-8.58152],[115.27065,-8.57975]]],[[[115.2595,-8.5757],[115.25884,-8.57635],[115.2602,-8.5777],[115.2584,-8.57948],[115.2566,-8.5777],[115.25726,-8.57705],[115.2559,-8.5757],[115.2577,-8.57392],[115.2595,-8.5757]]],[[[115.26091,-8.57212],[115.26271,-8.5739],[115.26091,-8.57567],[115.25912,-8.5739],[115.26091,-8.57212]]],[[[115.23756,-8.57155],[115.2374,-8.5714],[115.2392,-8.56962],[115.241,-8.5714],[115.24084,-8.57155],[115.241,-8.5717],[115.2392,-8.57348],[115.2374,-8.5717],[115.23756,-8.57155]]],[[[115.25305,-8.56822],[115.25485,-8.56999],[115.25305,-8.57177],[115.25126,-8.56999],[115.25305,-8.56822]]],[[[115.2614,-8.56692],[115.2632,-8.5687],[115.2614,-8.57048],[115.2596,-8.5687],[115.2614,-8.56692]]],[[[115.2546,-8.56342],[115.2564,-8.5652],[115.2546,-8.56698],[115.2528,-8.5652],[115.2546,-8.56342]]],[[[115.2414,-8.5639],[115.2396,-8.56568],[115.2378,-8.5639],[115.2396,-8.56212],[115.2414,-8.5639]]],[[[115.2578,-8.56102],[115.2596,-8.5628],[115.2578,-8.56458],[115.256,-8.5628],[115.2578,-8.56102]]],[[[115.26041,-8.55973],[115.26221,-8.5615],[115.26041,-8.56328],[115.25861,-8.5615],[115.26041,-8.55973]]],[[[115.2693,-8.55512],[115.2711,-8.5569],[115.2693,-8.55868],[115.2675,-8.5569],[115.2693,-8.55512]]],[[[115.2548,-8.5559],[115.2566,-8.55412],[115.2584,-8.5559],[115.2566,-8.55768],[115.2548,-8.5559]]],[[[115.2545,-8.5554],[115.2527,-8.55718],[115.25265,-8.55713],[115.2526,-8.55718],[115.2508,-8.5554],[115.2526,-8.55362],[115.25265,-8.55367],[115.2527,-8.55362],[115.2545,-8.5554]]],[[[115.2478,-8.55012],[115.2496,-8.5519],[115.2478,-8.55368],[115.246,-8.5519],[115.2478,-8.55012]]],[[[115.2414,-8.54642],[115.2432,-8.5482],[115.2414,-8.54998],[115.2396,-8.5482],[115.2414,-8.54642]]],[[[115.26358,-8.54523],[115.26234,-8.54645],[115.2635,-8.5476],[115.26279,-8.5483],[115.264,-8.5495],[115.2622,-8.55128],[115.2604,-8.5495],[115.26111,-8.5488],[115.2599,-8.5476],[115.26114,-8.54637],[115.25998,-8.54523],[115.26178,-8.54345],[115.26358,-8.54523]]],[[[115.2522,-8.5443],[115.2504,-8.54608],[115.2486,-8.5443],[115.2504,-8.54252],[115.2522,-8.5443]]],[[[115.2616,-8.5409],[115.2598,-8.54268],[115.258,-8.5409],[115.2598,-8.53912],[115.2616,-8.5409]]],[[[115.2651,-8.5368],[115.2669,-8.53502],[115.2687,-8.5368],[115.2669,-8.53858],[115.2651,-8.5368]]],[[[115.2444,-8.53192],[115.2462,-8.5337],[115.2444,-8.53548],[115.2426,-8.5337],[115.2444,-8.53192]]],[[[115.2512,-8.52822],[115.253,-8.53],[115.2512,-8.53178],[115.2494,-8.53],[115.2512,-8.52822]]],[[[115.2638,-8.52692],[115.2656,-8.5287],[115.2638,-8.53048],[115.262,-8.5287],[115.2638,-8.52692]]],[[[115.2417,-8.52838],[115.2399,-8.5266],[115.2417,-8.52482],[115.24346,-8.52656],[115.2435,-8.52652],[115.2442,-8.52721],[115.2454,-8.52602],[115.2472,-8.5278],[115.2454,-8.52958],[115.2447,-8.52889],[115.2435,-8.53008],[115.24174,-8.52834],[115.2417,-8.52838]]],[[[115.25701,-8.52258],[115.2588,-8.52436],[115.25701,-8.52613],[115.25521,-8.52436],[115.25701,-8.52258]]],[[[115.26644,-8.52274],[115.2661,-8.52308],[115.2643,-8.5213],[115.2661,-8.51952],[115.2673,-8.52071],[115.2678,-8.52022],[115.2696,-8.522],[115.26944,-8.52215],[115.2697,-8.5224],[115.2679,-8.52418],[115.26644,-8.52274]]],[[[115.2417,-8.5192],[115.2399,-8.52098],[115.2381,-8.5192],[115.2399,-8.51742],[115.2417,-8.5192]]],[[[115.2705,-8.51332],[115.2723,-8.5151],[115.2705,-8.51688],[115.2687,-8.5151],[115.2705,-8.51332]]],[[[115.2647,-8.51282],[115.2665,-8.5146],[115.2647,-8.51638],[115.2629,-8.5146],[115.2647,-8.51282]]],[[[115.27124,-8.51055],[115.2714,-8.5107],[115.2696,-8.51248],[115.2678,-8.5107],[115.26826,-8.51025],[115.2681,-8.5101],[115.2699,-8.50832],[115.2717,-8.5101],[115.27124,-8.51055]]],[[[115.2409,-8.50812],[115.2427,-8.5099],[115.2409,-8.51168],[115.2391,-8.5099],[115.2409,-8.50812]]],[[[115.2594,-8.5096],[115.2612,-8.50782],[115.263,-8.5096],[115.2612,-8.51138],[115.2594,-8.5096]]],[[[115.25949,-8.50416],[115.26129,-8.50594],[115.25949,-8.50772],[115.25769,-8.50594],[115.25949,-8.50416]]],[[[115.2689,-8.50412],[115.2707,-8.5059],[115.2689,-8.50768],[115.2671,-8.5059],[115.2689,-8.50412]]],[[[115.24397,-8.50435],[115.2441,-8.50422],[115.2459,-8.506],[115.2441,-8.50778],[115.24315,-8.50684],[115.24303,-8.50697],[115.24123,-8.50519],[115.24303,-8.50341],[115.24397,-8.50435]]],[[[115.2486,-8.5039],[115.2468,-8.50568],[115.245,-8.5039],[115.2468,-8.50212],[115.2486,-8.5039]]],[[[115.27,-8.50142],[115.2718,-8.5032],[115.27,-8.50498],[115.2682,-8.5032],[115.27,-8.50142]]],[[[115.26639,-8.4979],[115.2666,-8.4981],[115.2648,-8.49988],[115.263,-8.4981],[115.26391,-8.4972],[115.2637,-8.497],[115.2655,-8.49522],[115.2673,-8.497],[115.26639,-8.4979]]],[[[115.2532,-8.49572],[115.255,-8.4975],[115.2532,-8.49928],[115.2514,-8.4975],[115.2532,-8.49572]]],[[[115.2455,-8.49241],[115.2473,-8.49418],[115.2455,-8.49596],[115.24371,-8.49418],[115.2455,-8.49241]]],[[[115.2669,-8.48602],[115.2687,-8.4878],[115.2669,-8.48958],[115.2651,-8.4878],[115.2669,-8.48602]]],[[[115.2519,-8.48572],[115.2537,-8.4875],[115.2519,-8.48928],[115.2501,-8.4875],[115.2519,-8.48572]]],[[[115.2445,-8.4815],[115.2463,-8.47972],[115.2481,-8.4815],[115.2463,-8.48328],[115.2445,-8.4815]]],[[[115.2657,-8.47832],[115.2675,-8.4801],[115.2657,-8.48188],[115.2639,-8.4801],[115.2657,-8.47832]]],[[[115.2507,-8.4795],[115.2489,-8.48128],[115.2471,-8.4795],[115.2489,-8.47772],[115.2507,-8.4795]]],[[[115.2407,-8.48038],[115.2405,-8.48058],[115.2387,-8.4788],[115.2405,-8.47702],[115.2406,-8.47712],[115.2408,-8.47692],[115.2426,-8.4787],[115.2408,-8.48048],[115.2407,-8.48038]]],[[[115.2483,-8.46972],[115.2501,-8.4715],[115.2483,-8.47328],[115.2465,-8.4715],[115.2483,-8.46972]]],[[[115.2581,-8.4701],[115.2599,-8.46832],[115.2617,-8.4701],[115.2599,-8.47188],[115.2581,-8.4701]]],[[[115.26525,-8.46721],[115.26705,-8.46899],[115.26525,-8.47077],[115.26345,-8.46899],[115.26525,-8.46721]]],[[[115.24799,-8.4633],[115.24979,-8.46508],[115.24799,-8.46685],[115.2462,-8.46508],[115.24799,-8.4633]]],[[[115.26216,-8.44826],[115.2618,-8.4479],[115.2636,-8.44612],[115.2654,-8.4479],[115.26374,-8.44954],[115.2641,-8.4499],[115.2623,-8.45168],[115.2605,-8.4499],[115.26216,-8.44826]]],[[[115.2418,-8.44392],[115.2436,-8.4457],[115.2418,-8.44748],[115.24,-8.4457],[115.2418,-8.44392]]],[[[115.2656,-8.43992],[115.2674,-8.4417],[115.2656,-8.44348],[115.2638,-8.4417],[115.2656,-8.43992]]],[[[115.2559,-8.44228],[115.2556,-8.44258],[115.2538,-8.4408],[115.2556,-8.43902],[115.2557,-8.43912],[115.256,-8.43882],[115.2578,-8.4406],[115.256,-8.44238],[115.2559,-8.44228]]],[[[115.2463,-8.43882],[115.2481,-8.4406],[115.2463,-8.44238],[115.2445,-8.4406],[115.2463,-8.43882]]],[[[115.2489,-8.43662],[115.2507,-8.4384],[115.2489,-8.44018],[115.2471,-8.4384],[115.2489,-8.43662]]],[[[115.24736,-8.43227],[115.24916,-8.43405],[115.24736,-8.43582],[115.24556,-8.43405],[115.24736,-8.43227]]],[[[115.2426,-8.4325],[115.2444,-8.43072],[115.2462,-8.4325],[115.2444,-8.43428],[115.2426,-8.4325]]],[[[115.2418,-8.42872],[115.2436,-8.4305],[115.2418,-8.43228],[115.24,-8.4305],[115.2418,-8.42872]]],[[[115.24658,-8.429],[115.2477,-8.4301],[115.2459,-8.43188],[115.2441,-8.4301],[115.24552,-8.4287],[115.2444,-8.4276],[115.2462,-8.42582],[115.248,-8.4276],[115.24658,-8.429]]],[[[115.2607,-8.4173],[115.2625,-8.41552],[115.2643,-8.4173],[115.2625,-8.41908],[115.2607,-8.4173]]],[[[115.2651,-8.40692],[115.2669,-8.4087],[115.2651,-8.41048],[115.2633,-8.4087],[115.2651,-8.40692]]],[[[115.2609,-8.40282],[115.2627,-8.4046],[115.2609,-8.40638],[115.2591,-8.4046],[115.2609,-8.40282]]],[[[115.2503,-8.39522],[115.2521,-8.397],[115.2503,-8.39878],[115.2485,-8.397],[115.2503,-8.39522]]],[[[115.26031,-8.38743],[115.26211,-8.38921],[115.26031,-8.39099],[115.25851,-8.38921],[115.26031,-8.38743]]],[[[115.2602,-8.3858],[115.262,-8.38402],[115.2638,-8.3858],[115.262,-8.38758],[115.2602,-8.3858]]],[[[115.2539,-8.38282],[115.2557,-8.3846],[115.2539,-8.38638],[115.2521,-8.3846],[115.2539,-8.38282]]],[[[115.2654,-8.37852],[115.26575,-8.37887],[115.2661,-8.37852],[115.2679,-8.3803],[115.2661,-8.38208],[115.2659,-8.38188],[115.2651,-8.38268],[115.2633,-8.3809],[115.26376,-8.38045],[115.2636,-8.3803],[115.2654,-8.37852]]],[[[115.2386,-8.3671],[115.2404,-8.36532],[115.2422,-8.3671],[115.2404,-8.36888],[115.2386,-8.3671]]],[[[115.2504,-8.35322],[115.2522,-8.355],[115.2504,-8.35678],[115.2486,-8.355],[115.2504,-8.35322]]],[[[115.2514,-8.3421],[115.2532,-8.34032],[115.255,-8.3421],[115.2532,-8.34388],[115.2514,-8.3421]]],[[[115.2651,-8.3388],[115.2633,-8.34058],[115.2615,-8.3388],[115.2633,-8.33702],[115.2651,-8.3388]]],[[[115.2665,-8.33072],[115.2683,-8.3325],[115.2665,-8.33428],[115.2647,-8.3325],[115.2665,-8.33072]]],[[[115.2395,-8.32022],[115.2413,-8.322],[115.2395,-8.32378],[115.2377,-8.322],[115.2395,-8.32022]]],[[[115.26312,-8.29751],[115.26492,-8.29928],[115.26312,-8.30106],[115.26133,-8.29928],[115.26312,-8.29751]]],[[[115.25498,-8.285],[115.25678,-8.28678],[115.25498,-8.28856],[115.25319,-8.28678],[115.25498,-8.285]]],[[[115.2421,-8.26582],[115.2439,-8.2676],[115.2421,-8.26938],[115.2403,-8.2676],[115.2421,-8.26582]]],[[[115.2586,-8.26032],[115.2604,-8.2621],[115.2586,-8.26388],[115.2568,-8.2621],[115.2586,-8.26032]]],[[[115.2684,-8.25022],[115.2702,-8.252],[115.2684,-8.25378],[115.2666,-8.252],[115.2684,-8.25022]]],[[[115.2692,-8.22798],[115.2674,-8.2262],[115.2692,-8.22442],[115.26971,-8.22493],[115.26998,-8.22467],[115.27177,-8.22645],[115.26998,-8.22823],[115.26946,-8.22772],[115.2692,-8.22798]]],[[[115.2464,-8.2232],[115.2446,-8.22498],[115.2428,-8.2232],[115.2446,-8.22142],[115.2464,-8.2232]]],[[[115.2671,-8.2224],[115.2653,-8.22418],[115.2635,-8.2224],[115.2635,-8.2224],[115.2634,-8.2223],[115.2652,-8.22052],[115.267,-8.2223],[115.267,-8.2223],[115.2671,-8.2224]]],[[[115.2661,-8.2214],[115.2679,-8.21962],[115.2697,-8.2214],[115.2679,-8.22318],[115.2661,-8.2214]]],[[[115.2654,-8.1786],[115.26509,-8.1789],[115.2654,-8.1792],[115.2636,-8.18098],[115.2618,-8.1792],[115.26211,-8.1789],[115.2618,-8.1786],[115.2636,-8.17682],[115.2654,-8.1786]]],[[[115.2471,-8.16222],[115.2489,-8.164],[115.2471,-8.16578],[115.2453,-8.164],[115.2471,-8.16222]]],[[[115.25263,-8.13693],[115.25257,-8.13699],[115.25281,-8.13723],[115.25101,-8.13901],[115.24922,-8.13723],[115.24928,-8.13717],[115.24904,-8.13693],[115.24929,-8.13668],[115.2482,-8.1356],[115.25,-8.13382],[115.2518,-8.1356],[115.25154,-8.13585],[115.25263,-8.13693]]],[[[115.259,-8.127],[115.2608,-8.12522],[115.2626,-8.127],[115.2608,-8.12878],[115.259,-8.127]]],[[[115.2455,-8.1254],[115.2438,-8.12708],[115.24487,-8.12813],[115.24307,-8.12991],[115.24128,-8.12813],[115.24297,-8.12646],[115.2419,-8.1254],[115.2437,-8.12362],[115.2455,-8.1254]]],[[[115.26028,-8.12139],[115.26208,-8.12317],[115.26028,-8.12495],[115.25849,-8.12317],[115.26028,-8.12139]]],[[[115.24392,-8.11417],[115.24213,-8.11595],[115.24033,-8.11417],[115.24213,-8.11239],[115.24392,-8.11417]]],[[[115.24641,-8.1024],[115.2482,-8.10418],[115.24641,-8.10596],[115.24622,-8.10577],[115.24621,-8.10577],[115.24442,-8.10399],[115.24621,-8.10221],[115.2464,-8.1024],[115.24641,-8.1024]]],[[[115.2752,-8.64272],[115.277,-8.6445],[115.2752,-8.64628],[115.2734,-8.6445],[115.2752,-8.64272]]],[[[115.2779,-8.64305],[115.2797,-8.64127],[115.28149,-8.64305],[115.2797,-8.64482],[115.2779,-8.64305]]],[[[115.2845,-8.64052],[115.2863,-8.6423],[115.2845,-8.64408],[115.2827,-8.6423],[115.2845,-8.64052]]],[[[115.2737,-8.6406],[115.2755,-8.63882],[115.2773,-8.6406],[115.2755,-8.64238],[115.2737,-8.6406]]],[[[115.284,-8.63112],[115.2858,-8.6329],[115.284,-8.63468],[115.2822,-8.6329],[115.284,-8.63112]]],[[[115.293,-8.62682],[115.2948,-8.6286],[115.293,-8.63038],[115.2912,-8.6286],[115.293,-8.62682]]],[[[115.2808,-8.62552],[115.2826,-8.6273],[115.2808,-8.62908],[115.279,-8.6273],[115.2808,-8.62552]]],[[[115.2839,-8.62252],[115.2857,-8.6243],[115.2839,-8.62608],[115.2821,-8.6243],[115.2839,-8.62252]]],[[[115.29965,-8.62329],[115.29917,-8.62282],[115.2985,-8.62348],[115.2967,-8.6217],[115.2985,-8.61992],[115.29898,-8.6204],[115.29965,-8.61973],[115.30144,-8.62151],[115.29965,-8.62329]]],[[[115.274,-8.61922],[115.2758,-8.621],[115.274,-8.62278],[115.27375,-8.62253],[115.2736,-8.62268],[115.2718,-8.6209],[115.2736,-8.61912],[115.27385,-8.61937],[115.274,-8.61922]]],[[[115.2911,-8.61862],[115.2929,-8.6204],[115.2911,-8.62218],[115.2893,-8.6204],[115.2911,-8.61862]]],[[[115.2833,-8.61792],[115.2851,-8.6197],[115.2833,-8.62148],[115.2815,-8.6197],[115.2833,-8.61792]]],[[[115.2705,-8.6168],[115.2723,-8.61502],[115.2741,-8.6168],[115.2723,-8.61858],[115.2705,-8.6168]]],[[[115.2952,-8.61312],[115.297,-8.6149],[115.2952,-8.61668],[115.2934,-8.6149],[115.2952,-8.61312]]],[[[115.286,-8.6142],[115.2878,-8.61242],[115.2896,-8.6142],[115.2878,-8.61598],[115.286,-8.6142]]],[[[115.2854,-8.6099],[115.2836,-8.61168],[115.2818,-8.6099],[115.2836,-8.60812],[115.2854,-8.6099]]],[[[115.2857,-8.6062],[115.2839,-8.60798],[115.2821,-8.6062],[115.2839,-8.60442],[115.2857,-8.6062]]],[[[115.2737,-8.60032],[115.27475,-8.60136],[115.2765,-8.59962],[115.2783,-8.6014],[115.27658,-8.60309],[115.2774,-8.6039],[115.2756,-8.60568],[115.2738,-8.6039],[115.27552,-8.60221],[115.27545,-8.60214],[115.2737,-8.60388],[115.2719,-8.6021],[115.2737,-8.60032]]],[[[115.3098,-8.59992],[115.3116,-8.6017],[115.3098,-8.60348],[115.308,-8.6017],[115.3098,-8.59992]]],[[[115.2814,-8.6026],[115.28302,-8.601],[115.2819,-8.5999],[115.2837,-8.59812],[115.2855,-8.5999],[115.28473,-8.60066],[115.2864,-8.6023],[115.2846,-8.60408],[115.28405,-8.60353],[115.2832,-8.60438],[115.2814,-8.6026]]],[[[115.297,-8.59942],[115.2988,-8.6012],[115.297,-8.60298],[115.2952,-8.6012],[115.297,-8.59942]]],[[[115.2897,-8.6001],[115.2915,-8.59832],[115.2933,-8.6001],[115.2915,-8.60188],[115.2897,-8.6001]]],[[[115.2786,-8.59302],[115.2804,-8.5948],[115.2786,-8.59658],[115.2783,-8.59628],[115.2782,-8.59638],[115.2764,-8.5946],[115.2782,-8.59282],[115.2785,-8.59312],[115.2786,-8.59302]]],[[[115.2818,-8.594],[115.2836,-8.59222],[115.2854,-8.594],[115.2836,-8.59578],[115.2818,-8.594]]],[[[115.2881,-8.5924],[115.2863,-8.59418],[115.2845,-8.5924],[115.2863,-8.59062],[115.2881,-8.5924]]],[[[115.2985,-8.5915],[115.2967,-8.59328],[115.2949,-8.5915],[115.2967,-8.58972],[115.2985,-8.5915]]],[[[115.2815,-8.5867],[115.28018,-8.588],[115.2815,-8.5893],[115.2797,-8.59108],[115.2779,-8.5893],[115.27922,-8.588],[115.2779,-8.5867],[115.27801,-8.5866],[115.2778,-8.5864],[115.2796,-8.58462],[115.2814,-8.5864],[115.28129,-8.5865],[115.2815,-8.5867]]],[[[115.2905,-8.5868],[115.2923,-8.58502],[115.2941,-8.5868],[115.2923,-8.58858],[115.2905,-8.5868]]],[[[115.2735,-8.58072],[115.2753,-8.5825],[115.2735,-8.58428],[115.2717,-8.5825],[115.2735,-8.58072]]],[[[115.295,-8.57972],[115.2952,-8.57952],[115.297,-8.5813],[115.2952,-8.58308],[115.295,-8.58288],[115.2948,-8.58308],[115.293,-8.5813],[115.2948,-8.57952],[115.295,-8.57972]]],[[[115.3013,-8.57932],[115.3031,-8.5811],[115.3013,-8.58288],[115.2995,-8.5811],[115.3013,-8.57932]]],[[[115.3055,-8.57962],[115.30559,-8.57971],[115.3072,-8.57812],[115.309,-8.5799],[115.3072,-8.58168],[115.30711,-8.58159],[115.3055,-8.58318],[115.3037,-8.5814],[115.3055,-8.57962]]],[[[115.2927,-8.5747],[115.2945,-8.57292],[115.2963,-8.5747],[115.2945,-8.57648],[115.2927,-8.5747]]],[[[115.288,-8.5726],[115.2862,-8.57438],[115.2844,-8.5726],[115.2862,-8.57082],[115.288,-8.5726]]],[[[115.2787,-8.56702],[115.2805,-8.5688],[115.2787,-8.57058],[115.2769,-8.5688],[115.2787,-8.56702]]],[[[115.2926,-8.5679],[115.2944,-8.56612],[115.29455,-8.56627],[115.2946,-8.56622],[115.29465,-8.56627],[115.2953,-8.56562],[115.2971,-8.5674],[115.29624,-8.56825],[115.2963,-8.5683],[115.2945,-8.57008],[115.29435,-8.56993],[115.2943,-8.56998],[115.2925,-8.5682],[115.29271,-8.568],[115.2926,-8.5679]]],[[[115.3089,-8.56362],[115.3107,-8.5654],[115.3089,-8.56718],[115.3071,-8.5654],[115.3089,-8.56362]]],[[[115.306,-8.5648],[115.3042,-8.56658],[115.30415,-8.56653],[115.3039,-8.56678],[115.3021,-8.565],[115.3039,-8.56322],[115.30395,-8.56327],[115.3042,-8.56302],[115.306,-8.5648]]],[[[115.3008,-8.56358],[115.3004,-8.56318],[115.2998,-8.56378],[115.298,-8.562],[115.2998,-8.56022],[115.3002,-8.56062],[115.3008,-8.56002],[115.3026,-8.5618],[115.3008,-8.56358]]],[[[115.3047,-8.56308],[115.30465,-8.56303],[115.3045,-8.56318],[115.3027,-8.5614],[115.3045,-8.55962],[115.30455,-8.55967],[115.3047,-8.55952],[115.3065,-8.5613],[115.3047,-8.56308]]],[[[115.2854,-8.5607],[115.2872,-8.55892],[115.289,-8.5607],[115.2872,-8.56248],[115.2854,-8.5607]]],[[[115.3096,-8.55592],[115.3114,-8.5577],[115.3096,-8.55948],[115.3078,-8.5577],[115.3096,-8.55592]]],[[[115.2863,-8.5538],[115.2845,-8.55558],[115.2827,-8.5538],[115.2845,-8.55202],[115.2863,-8.5538]]],[[[115.3038,-8.55002],[115.3056,-8.5518],[115.3038,-8.55358],[115.302,-8.5518],[115.3038,-8.55002]]],[[[115.2738,-8.54512],[115.2756,-8.5469],[115.2738,-8.54868],[115.272,-8.5469],[115.2738,-8.54512]]],[[[115.3019,-8.54232],[115.3037,-8.5441],[115.3019,-8.54588],[115.3001,-8.5441],[115.3019,-8.54232]]],[[[115.3067,-8.5432],[115.3085,-8.54142],[115.3103,-8.5432],[115.3085,-8.54498],[115.3067,-8.5432]]],[[[115.2745,-8.54278],[115.2733,-8.54159],[115.2722,-8.54268],[115.27145,-8.54194],[115.27119,-8.5422],[115.2717,-8.5427],[115.27038,-8.544],[115.2716,-8.5452],[115.2698,-8.54698],[115.268,-8.5452],[115.26932,-8.5439],[115.2681,-8.5427],[115.26856,-8.54225],[115.2679,-8.5416],[115.2697,-8.53982],[115.26985,-8.53997],[115.2699,-8.53992],[115.27065,-8.54066],[115.2722,-8.53912],[115.2734,-8.54031],[115.2745,-8.53922],[115.2763,-8.541],[115.2745,-8.54278]]],[[[115.28,-8.53802],[115.2818,-8.5398],[115.28,-8.54158],[115.2782,-8.5398],[115.28,-8.53802]]],[[[115.2823,-8.53032],[115.2841,-8.5321],[115.2823,-8.53388],[115.2805,-8.5321],[115.2823,-8.53032]]],[[[115.3032,-8.532],[115.305,-8.53022],[115.3068,-8.532],[115.305,-8.53378],[115.3032,-8.532]]],[[[115.29929,-8.5282],[115.2995,-8.5284],[115.2977,-8.53018],[115.2959,-8.5284],[115.29601,-8.5283],[115.2958,-8.5281],[115.2976,-8.52632],[115.2994,-8.5281],[115.29929,-8.5282]]],[[[115.2923,-8.5278],[115.2905,-8.52958],[115.2887,-8.5278],[115.2905,-8.52602],[115.2923,-8.5278]]],[[[115.2838,-8.5273],[115.2856,-8.52552],[115.2874,-8.5273],[115.2856,-8.52908],[115.2838,-8.5273]]],[[[115.2934,-8.52362],[115.2952,-8.5254],[115.2934,-8.52718],[115.2916,-8.5254],[115.2934,-8.52362]]],[[[115.2721,-8.52162],[115.2739,-8.5234],[115.2721,-8.52518],[115.2703,-8.5234],[115.2721,-8.52162]]],[[[115.3008,-8.5167],[115.3026,-8.51492],[115.3044,-8.5167],[115.3026,-8.51848],[115.3008,-8.5167]]],[[[115.286,-8.51342],[115.2878,-8.5152],[115.286,-8.51698],[115.2842,-8.5152],[115.286,-8.51342]]],[[[115.30701,-8.51342],[115.30881,-8.51519],[115.30701,-8.51697],[115.30522,-8.51519],[115.30701,-8.51342]]],[[[115.2916,-8.5128],[115.2934,-8.51102],[115.2952,-8.5128],[115.2934,-8.51458],[115.2916,-8.5128]]],[[[115.2827,-8.511],[115.2809,-8.51278],[115.2791,-8.511],[115.2809,-8.50922],[115.2827,-8.511]]],[[[115.2844,-8.50912],[115.2862,-8.5109],[115.2844,-8.51268],[115.2826,-8.5109],[115.2844,-8.50912]]],[[[115.29108,-8.5094],[115.2925,-8.5108],[115.2907,-8.51258],[115.2889,-8.5108],[115.28972,-8.51],[115.2883,-8.5086],[115.2901,-8.50682],[115.2919,-8.5086],[115.29108,-8.5094]]],[[[115.293,-8.50592],[115.2948,-8.5077],[115.293,-8.50948],[115.2912,-8.5077],[115.293,-8.50592]]],[[[115.3024,-8.50592],[115.3042,-8.5077],[115.3024,-8.50948],[115.3006,-8.5077],[115.3024,-8.50592]]],[[[115.28031,-8.49601],[115.2821,-8.49778],[115.28031,-8.49956],[115.27851,-8.49778],[115.28031,-8.49601]]],[[[115.2704,-8.4976],[115.2722,-8.49582],[115.274,-8.4976],[115.2722,-8.49938],[115.2704,-8.4976]]],[[[115.2911,-8.49382],[115.2929,-8.4956],[115.2911,-8.49738],[115.2893,-8.4956],[115.2911,-8.49382]]],[[[115.30491,-8.48847],[115.30671,-8.49025],[115.30491,-8.49203],[115.30311,-8.49025],[115.30491,-8.48847]]],[[[115.2978,-8.48582],[115.2996,-8.4876],[115.2978,-8.48938],[115.296,-8.4876],[115.2978,-8.48582]]],[[[115.301,-8.4827],[115.3028,-8.48092],[115.3036,-8.48172],[115.3041,-8.48122],[115.3059,-8.483],[115.3041,-8.48478],[115.3033,-8.48398],[115.3028,-8.48448],[115.301,-8.4827]]],[[[115.2776,-8.4806],[115.2794,-8.47882],[115.2812,-8.4806],[115.2794,-8.48238],[115.2776,-8.4806]]],[[[115.2861,-8.47772],[115.2879,-8.4795],[115.2861,-8.48128],[115.2843,-8.4795],[115.2861,-8.47772]]],[[[115.2938,-8.47192],[115.2956,-8.4737],[115.2938,-8.47548],[115.292,-8.4737],[115.2938,-8.47192]]],[[[115.2775,-8.47162],[115.2793,-8.4734],[115.2775,-8.47518],[115.2757,-8.4734],[115.2775,-8.47162]]],[[[115.3069,-8.46662],[115.3087,-8.4684],[115.3069,-8.47018],[115.3051,-8.4684],[115.3069,-8.46662]]],[[[115.2855,-8.46592],[115.2873,-8.4677],[115.2855,-8.46948],[115.2837,-8.4677],[115.2855,-8.46592]]],[[[115.2976,-8.4631],[115.2976,-8.4631],[115.29776,-8.46295],[115.2972,-8.4624],[115.29731,-8.4623],[115.2971,-8.4621],[115.2989,-8.46032],[115.3007,-8.4621],[115.30059,-8.4622],[115.3008,-8.4624],[115.30064,-8.46255],[115.3012,-8.4631],[115.3011,-8.4632],[115.3011,-8.4632],[115.2993,-8.46498],[115.2975,-8.4632],[115.2976,-8.4631]]],[[[115.2762,-8.45782],[115.278,-8.4596],[115.2762,-8.46138],[115.2744,-8.4596],[115.2762,-8.45782]]],[[[115.2826,-8.4521],[115.2808,-8.45388],[115.279,-8.4521],[115.2808,-8.45032],[115.2826,-8.4521]]],[[[115.27889,-8.4522],[115.28044,-8.45373],[115.27864,-8.45551],[115.27685,-8.45373],[115.27725,-8.45333],[115.2757,-8.4518],[115.27712,-8.4504],[115.2759,-8.4492],[115.2777,-8.44742],[115.2795,-8.4492],[115.27808,-8.4506],[115.2793,-8.4518],[115.27889,-8.4522]]],[[[115.3048,-8.44892],[115.3066,-8.4507],[115.3048,-8.45248],[115.303,-8.4507],[115.3048,-8.44892]]],[[[115.2883,-8.449],[115.2901,-8.44722],[115.2919,-8.449],[115.2901,-8.45078],[115.2883,-8.449]]],[[[115.2799,-8.43862],[115.2817,-8.4404],[115.2799,-8.44218],[115.2781,-8.4404],[115.2799,-8.43862]]],[[[115.307,-8.4399],[115.3088,-8.43812],[115.3106,-8.4399],[115.3088,-8.44168],[115.307,-8.4399]]],[[[115.2916,-8.4354],[115.2934,-8.43362],[115.2952,-8.4354],[115.2934,-8.43718],[115.2916,-8.4354]]],[[[115.2723,-8.42992],[115.2741,-8.4317],[115.2723,-8.43348],[115.2705,-8.4317],[115.2723,-8.42992]]],[[[115.307,-8.4313],[115.3052,-8.43308],[115.3034,-8.4313],[115.3052,-8.42952],[115.307,-8.4313]]],[[[115.3058,-8.42592],[115.3076,-8.4277],[115.3058,-8.42948],[115.304,-8.4277],[115.3058,-8.42592]]],[[[115.3084,-8.42422],[115.3102,-8.426],[115.3084,-8.42778],[115.3066,-8.426],[115.3084,-8.42422]]],[[[115.2914,-8.42222],[115.2932,-8.424],[115.2914,-8.42578],[115.2896,-8.424],[115.2914,-8.42222]]],[[[115.271,-8.42192],[115.2728,-8.4237],[115.271,-8.42548],[115.2692,-8.4237],[115.271,-8.42192]]],[[[115.2942,-8.4202],[115.2924,-8.42198],[115.2911,-8.42069],[115.2898,-8.42198],[115.288,-8.4202],[115.2898,-8.41842],[115.2911,-8.41971],[115.2924,-8.41842],[115.2942,-8.4202]]],[[[115.2979,-8.41832],[115.2997,-8.4201],[115.2979,-8.42188],[115.2961,-8.4201],[115.2979,-8.41832]]],[[[115.2852,-8.406],[115.287,-8.40422],[115.2888,-8.406],[115.287,-8.40778],[115.2852,-8.406]]],[[[115.2797,-8.40402],[115.2815,-8.4058],[115.2797,-8.40758],[115.2779,-8.4058],[115.2797,-8.40402]]],[[[115.2982,-8.404],[115.2964,-8.40578],[115.2946,-8.404],[115.2964,-8.40222],[115.2982,-8.404]]],[[[115.3069,-8.39782],[115.3087,-8.3996],[115.3069,-8.40138],[115.3051,-8.3996],[115.3069,-8.39782]]],[[[115.2775,-8.39602],[115.2793,-8.3978],[115.2775,-8.39958],[115.2757,-8.3978],[115.2775,-8.39602]]],[[[115.2924,-8.39242],[115.2942,-8.3942],[115.2924,-8.39598],[115.2906,-8.3942],[115.2924,-8.39242]]],[[[115.2787,-8.38182],[115.2805,-8.3836],[115.2787,-8.38538],[115.2769,-8.3836],[115.2787,-8.38182]]],[[[115.2694,-8.3825],[115.2712,-8.38072],[115.273,-8.3825],[115.2712,-8.38428],[115.2694,-8.3825]]],[[[115.3001,-8.3805],[115.3019,-8.37872],[115.3037,-8.3805],[115.3019,-8.38228],[115.3001,-8.3805]]],[[[115.3066,-8.36932],[115.3084,-8.3711],[115.3066,-8.37288],[115.3048,-8.3711],[115.3066,-8.36932]]],[[[115.29364,-8.36921],[115.29543,-8.37099],[115.29364,-8.37277],[115.29184,-8.37099],[115.29364,-8.36921]]],[[[115.2971,-8.3685],[115.2953,-8.37028],[115.2935,-8.3685],[115.2953,-8.36672],[115.2971,-8.3685]]],[[[115.2896,-8.3562],[115.2878,-8.35798],[115.286,-8.3562],[115.2878,-8.35442],[115.2896,-8.3562]]],[[[115.3072,-8.34982],[115.309,-8.3516],[115.3072,-8.35338],[115.3054,-8.3516],[115.3072,-8.34982]]],[[[115.2992,-8.34522],[115.301,-8.347],[115.2992,-8.34878],[115.2974,-8.347],[115.2992,-8.34522]]],[[[115.2841,-8.33522],[115.2859,-8.337],[115.2841,-8.33878],[115.2823,-8.337],[115.2841,-8.33522]]],[[[115.2848,-8.3323],[115.2866,-8.33052],[115.2884,-8.3323],[115.2866,-8.33408],[115.2848,-8.3323]]],[[[115.29463,-8.32423],[115.29643,-8.32601],[115.29463,-8.32779],[115.29284,-8.32601],[115.29463,-8.32423]]],[[[115.2721,-8.31212],[115.2739,-8.3139],[115.2721,-8.31568],[115.2703,-8.3139],[115.2721,-8.31212]]],[[[115.30244,-8.31166],[115.30424,-8.30988],[115.30603,-8.31166],[115.30424,-8.31343],[115.30244,-8.31166]]],[[[115.3034,-8.2961],[115.3016,-8.29788],[115.2998,-8.2961],[115.3016,-8.29432],[115.3034,-8.2961]]],[[[115.2888,-8.29368],[115.29059,-8.29546],[115.2888,-8.29723],[115.287,-8.29546],[115.2888,-8.29368]]],[[[115.28107,-8.28958],[115.28287,-8.2878],[115.28466,-8.28958],[115.28287,-8.29136],[115.28107,-8.28958]]],[[[115.28469,-8.28202],[115.28649,-8.2838],[115.28469,-8.28558],[115.28289,-8.2838],[115.28469,-8.28202]]],[[[115.2864,-8.2775],[115.2882,-8.27572],[115.29,-8.2775],[115.2882,-8.27928],[115.2864,-8.2775]]],[[[115.27108,-8.27714],[115.27288,-8.27536],[115.27467,-8.27714],[115.27288,-8.27892],[115.27108,-8.27714]]],[[[115.27796,-8.25875],[115.2779,-8.2587],[115.2797,-8.25692],[115.2815,-8.2587],[115.28147,-8.25872],[115.28153,-8.25878],[115.27973,-8.26055],[115.27794,-8.25878],[115.27796,-8.25875]]],[[[115.2911,-8.24702],[115.2929,-8.2488],[115.2911,-8.25058],[115.2893,-8.2488],[115.2911,-8.24702]]],[[[115.3075,-8.23012],[115.3093,-8.2319],[115.3075,-8.23368],[115.3057,-8.2319],[115.3075,-8.23012]]],[[[115.30035,-8.21875],[115.29856,-8.22052],[115.29676,-8.21875],[115.29856,-8.21697],[115.30035,-8.21875]]],[[[115.2791,-8.2064],[115.2773,-8.20818],[115.2755,-8.2064],[115.2773,-8.20462],[115.2791,-8.2064]]],[[[115.3045,-8.20282],[115.3063,-8.2046],[115.3045,-8.20638],[115.3027,-8.2046],[115.3045,-8.20282]]],[[[115.29228,-8.19699],[115.29134,-8.19605],[115.2907,-8.19668],[115.2889,-8.1949],[115.2907,-8.19312],[115.29165,-8.19406],[115.29228,-8.19343],[115.2925,-8.19364],[115.29254,-8.1936],[115.29434,-8.19538],[115.29254,-8.19716],[115.29233,-8.19694],[115.29228,-8.19699]]],[[[115.27817,-8.19081],[115.27996,-8.19258],[115.27817,-8.19436],[115.27637,-8.19258],[115.27817,-8.19081]]],[[[115.27648,-8.1766],[115.27827,-8.17838],[115.27648,-8.18016],[115.27468,-8.17838],[115.27648,-8.1766]]],[[[115.2714,-8.1528],[115.2732,-8.15102],[115.275,-8.1528],[115.2732,-8.15458],[115.2714,-8.1528]]],[[[115.3025,-8.1526],[115.3043,-8.15082],[115.3061,-8.1526],[115.3043,-8.15438],[115.3025,-8.1526]]],[[[115.3063,-8.14732],[115.3081,-8.1491],[115.3063,-8.15088],[115.3045,-8.1491],[115.3063,-8.14732]]],[[[115.2746,-8.1388],[115.2728,-8.14058],[115.271,-8.1388],[115.2728,-8.13702],[115.2746,-8.1388]]],[[[115.2981,-8.13322],[115.2999,-8.135],[115.2981,-8.13678],[115.2963,-8.135],[115.2981,-8.13322]]],[[[115.2906,-8.13312],[115.2924,-8.1349],[115.2906,-8.13668],[115.2888,-8.1349],[115.2906,-8.13312]]],[[[115.2737,-8.12992],[115.2755,-8.1317],[115.2737,-8.13348],[115.2719,-8.1317],[115.2737,-8.12992]]],[[[115.2875,-8.12982],[115.2893,-8.1316],[115.2875,-8.13338],[115.2857,-8.1316],[115.2875,-8.12982]]],[[[115.2732,-8.12132],[115.275,-8.1231],[115.2732,-8.12488],[115.2714,-8.1231],[115.2732,-8.12132]]],[[[115.2895,-8.1207],[115.2913,-8.11892],[115.2931,-8.1207],[115.2913,-8.12248],[115.2895,-8.1207]]],[[[115.3061,-8.1166],[115.3079,-8.11482],[115.3097,-8.1166],[115.3079,-8.11838],[115.3061,-8.1166]]],[[[115.2937,-8.11122],[115.2955,-8.113],[115.2937,-8.11478],[115.2919,-8.113],[115.2937,-8.11122]]],[[[115.3017,-8.1125],[115.2999,-8.11428],[115.2981,-8.1125],[115.2999,-8.11072],[115.3017,-8.1125]]],[[[115.2751,-8.09522],[115.2769,-8.097],[115.2751,-8.09878],[115.2733,-8.097],[115.2751,-8.09522]]],[[[115.3212,-8.58312],[115.323,-8.5849],[115.3212,-8.58668],[115.3194,-8.5849],[115.3212,-8.58312]]],[[[115.3192,-8.58],[115.3174,-8.58178],[115.31735,-8.58173],[115.3172,-8.58188],[115.3154,-8.5801],[115.3172,-8.57832],[115.31725,-8.57837],[115.3174,-8.57822],[115.3192,-8.58]]],[[[115.3518,-8.57617],[115.35359,-8.5744],[115.35539,-8.57617],[115.35359,-8.57795],[115.3518,-8.57617]]],[[[115.33585,-8.57605],[115.3359,-8.5761],[115.3341,-8.57788],[115.3323,-8.5761],[115.33235,-8.57605],[115.3323,-8.576],[115.3341,-8.57422],[115.3359,-8.576],[115.33585,-8.57605]]],[[[115.32697,-8.5751],[115.3281,-8.57621],[115.32927,-8.57506],[115.3286,-8.5744],[115.3304,-8.57262],[115.3322,-8.5744],[115.33063,-8.57594],[115.3313,-8.5766],[115.3295,-8.57838],[115.32837,-8.57726],[115.32697,-8.57865],[115.32517,-8.57687],[115.32697,-8.5751]]],[[[115.32091,-8.572],[115.3203,-8.5714],[115.3221,-8.56962],[115.3239,-8.5714],[115.32249,-8.5728],[115.3231,-8.5734],[115.3213,-8.57518],[115.3195,-8.5734],[115.32091,-8.572]]],[[[115.324,-8.5718],[115.3258,-8.57002],[115.3276,-8.5718],[115.3258,-8.57358],[115.324,-8.5718]]],[[[115.3476,-8.56712],[115.3494,-8.5689],[115.3476,-8.57068],[115.3458,-8.5689],[115.3476,-8.56712]]],[[[115.3155,-8.56552],[115.3173,-8.5673],[115.3155,-8.56908],[115.3137,-8.5673],[115.3155,-8.56552]]],[[[115.3431,-8.56322],[115.3449,-8.565],[115.3431,-8.56678],[115.3413,-8.565],[115.3431,-8.56322]]],[[[115.33554,-8.56363],[115.3353,-8.56388],[115.3335,-8.5621],[115.3353,-8.56032],[115.33535,-8.56037],[115.3356,-8.56012],[115.3374,-8.5619],[115.33739,-8.56191],[115.3386,-8.5631],[115.3368,-8.56488],[115.33554,-8.56363]]],[[[115.3278,-8.56032],[115.3296,-8.5621],[115.3278,-8.56388],[115.326,-8.5621],[115.3278,-8.56032]]],[[[115.3138,-8.55612],[115.3156,-8.5579],[115.3138,-8.55968],[115.312,-8.5579],[115.3138,-8.55612]]],[[[115.3162,-8.5566],[115.318,-8.55482],[115.3198,-8.5566],[115.318,-8.55838],[115.3162,-8.5566]]],[[[115.3165,-8.55062],[115.3183,-8.5524],[115.3165,-8.55418],[115.3147,-8.5524],[115.3165,-8.55062]]],[[[115.3364,-8.552],[115.3346,-8.55378],[115.3328,-8.552],[115.3346,-8.55022],[115.3364,-8.552]]],[[[115.32776,-8.55283],[115.32834,-8.5534],[115.32654,-8.55517],[115.32474,-8.5534],[115.32508,-8.55306],[115.3241,-8.5521],[115.3259,-8.55032],[115.3263,-8.55072],[115.32637,-8.55065],[115.32504,-8.54934],[115.3249,-8.54948],[115.3231,-8.5477],[115.3249,-8.54592],[115.3258,-8.54681],[115.3265,-8.54612],[115.3283,-8.5479],[115.32774,-8.54845],[115.3282,-8.5489],[115.32673,-8.55035],[115.3285,-8.5521],[115.32776,-8.55283]]],[[[115.3296,-8.5505],[115.3314,-8.54872],[115.3332,-8.5505],[115.3314,-8.55228],[115.3296,-8.5505]]],[[[115.3533,-8.54742],[115.3551,-8.5492],[115.3533,-8.55098],[115.3515,-8.5492],[115.3533,-8.54742]]],[[[115.3399,-8.54682],[115.3417,-8.5486],[115.3399,-8.55038],[115.3381,-8.5486],[115.3399,-8.54682]]],[[[115.3311,-8.5463],[115.3312,-8.5464],[115.3294,-8.54818],[115.3276,-8.5464],[115.3276,-8.5464],[115.3275,-8.5463],[115.3293,-8.54452],[115.3311,-8.5463],[115.3311,-8.5463]]],[[[115.3301,-8.5453],[115.3319,-8.54352],[115.3337,-8.5453],[115.3319,-8.54708],[115.3301,-8.5453]]],[[[115.3503,-8.54292],[115.3521,-8.5447],[115.3503,-8.54648],[115.3485,-8.5447],[115.3503,-8.54292]]],[[[115.3305,-8.5418],[115.3323,-8.54002],[115.33335,-8.54107],[115.3336,-8.54082],[115.33415,-8.54137],[115.3344,-8.54112],[115.3362,-8.5429],[115.3344,-8.54468],[115.33385,-8.54413],[115.3336,-8.54438],[115.33335,-8.54413],[115.333,-8.54448],[115.3312,-8.5427],[115.33131,-8.5426],[115.3305,-8.5418]]],[[[115.3449,-8.5416],[115.3467,-8.53982],[115.34755,-8.54066],[115.3483,-8.53992],[115.3501,-8.5417],[115.3483,-8.54348],[115.34745,-8.54264],[115.3467,-8.54338],[115.3449,-8.5416]]],[[[115.3218,-8.5379],[115.3236,-8.53612],[115.3254,-8.5379],[115.32378,-8.5395],[115.3248,-8.5405],[115.323,-8.54228],[115.3217,-8.54099],[115.321,-8.54168],[115.3192,-8.5399],[115.31946,-8.53965],[115.319,-8.5392],[115.3208,-8.53742],[115.32256,-8.53916],[115.32282,-8.5389],[115.3218,-8.5379]]],[[[115.346,-8.5369],[115.3478,-8.53512],[115.3496,-8.5369],[115.3478,-8.53868],[115.346,-8.5369]]],[[[115.3299,-8.53452],[115.3317,-8.5363],[115.3299,-8.53808],[115.3288,-8.53699],[115.3283,-8.53748],[115.3265,-8.5357],[115.3283,-8.53392],[115.3294,-8.53501],[115.3299,-8.53452]]],[[[115.31714,-8.53585],[115.3175,-8.5362],[115.3157,-8.53798],[115.3139,-8.5362],[115.31506,-8.53505],[115.3147,-8.5347],[115.3165,-8.53292],[115.3183,-8.5347],[115.31714,-8.53585]]],[[[115.3466,-8.5326],[115.3484,-8.53082],[115.3502,-8.5326],[115.3484,-8.53438],[115.3466,-8.5326]]],[[[115.3382,-8.53012],[115.34,-8.5319],[115.3382,-8.53368],[115.3364,-8.5319],[115.3382,-8.53012]]],[[[115.31255,-8.53115],[115.3127,-8.5313],[115.3109,-8.53308],[115.3091,-8.5313],[115.30915,-8.53125],[115.309,-8.5311],[115.3108,-8.52932],[115.3126,-8.5311],[115.31255,-8.53115]]],[[[115.3281,-8.52912],[115.3299,-8.5309],[115.3281,-8.53268],[115.3263,-8.5309],[115.3281,-8.52912]]],[[[115.3267,-8.52682],[115.3285,-8.5286],[115.3267,-8.53038],[115.3249,-8.5286],[115.3267,-8.52682]]],[[[115.3324,-8.5285],[115.3306,-8.53028],[115.3288,-8.5285],[115.3306,-8.52672],[115.3324,-8.5285]]],[[[115.31721,-8.52776],[115.319,-8.52598],[115.3208,-8.52776],[115.319,-8.52954],[115.31721,-8.52776]]],[[[115.3348,-8.52572],[115.3366,-8.5275],[115.3348,-8.52928],[115.333,-8.5275],[115.3348,-8.52572]]],[[[115.3519,-8.52462],[115.3537,-8.5264],[115.3519,-8.52818],[115.3501,-8.5264],[115.3519,-8.52462]]],[[[115.312,-8.52222],[115.3138,-8.524],[115.312,-8.52578],[115.3102,-8.524],[115.312,-8.52222]]],[[[115.34535,-8.51613],[115.34714,-8.5179],[115.34535,-8.51968],[115.34355,-8.5179],[115.34535,-8.51613]]],[[[115.3295,-8.51312],[115.3313,-8.5149],[115.3295,-8.51668],[115.3277,-8.5149],[115.3295,-8.51312]]],[[[115.3106,-8.5081],[115.3124,-8.50632],[115.3142,-8.5081],[115.3124,-8.50988],[115.3106,-8.5081]]],[[[115.3195,-8.50592],[115.3213,-8.5077],[115.3195,-8.50948],[115.31935,-8.50933],[115.3192,-8.50948],[115.3174,-8.5077],[115.3192,-8.50592],[115.31935,-8.50607],[115.3195,-8.50592]]],[[[115.34636,-8.50663],[115.34616,-8.50643],[115.3448,-8.50778],[115.343,-8.506],[115.3448,-8.50422],[115.345,-8.50442],[115.34636,-8.50307],[115.34815,-8.50485],[115.34636,-8.50663]]],[[[115.338,-8.50302],[115.3398,-8.5048],[115.338,-8.50658],[115.3362,-8.5048],[115.338,-8.50302]]],[[[115.34809,-8.50477],[115.34988,-8.50299],[115.35168,-8.50477],[115.34988,-8.50655],[115.34809,-8.50477]]],[[[115.35105,-8.50045],[115.35128,-8.50068],[115.34949,-8.50246],[115.34769,-8.50068],[115.34784,-8.50053],[115.3476,-8.5003],[115.3494,-8.49852],[115.3512,-8.5003],[115.35105,-8.50045]]],[[[115.3132,-8.49812],[115.315,-8.4999],[115.3132,-8.50168],[115.3114,-8.4999],[115.3132,-8.49812]]],[[[115.35326,-8.49793],[115.35505,-8.49971],[115.35326,-8.50149],[115.35146,-8.49971],[115.35326,-8.49793]]],[[[115.3199,-8.4996],[115.3217,-8.49782],[115.3235,-8.4996],[115.3217,-8.50138],[115.3199,-8.4996]]],[[[115.33348,-8.49479],[115.33528,-8.49656],[115.33348,-8.49834],[115.33169,-8.49656],[115.33348,-8.49479]]],[[[115.3491,-8.49312],[115.3509,-8.4949],[115.3491,-8.49668],[115.3473,-8.4949],[115.3491,-8.49312]]],[[[115.3524,-8.4874],[115.3506,-8.48918],[115.3488,-8.4874],[115.3506,-8.48562],[115.3524,-8.4874]]],[[[115.3146,-8.48282],[115.3164,-8.4846],[115.3146,-8.48638],[115.3128,-8.4846],[115.3146,-8.48282]]],[[[115.33286,-8.47757],[115.33465,-8.47935],[115.33286,-8.48113],[115.33106,-8.47935],[115.33286,-8.47757]]],[[[115.3102,-8.47752],[115.312,-8.4793],[115.3102,-8.48108],[115.3084,-8.4793],[115.3102,-8.47752]]],[[[115.3204,-8.4787],[115.3222,-8.47692],[115.324,-8.4787],[115.3222,-8.48048],[115.3204,-8.4787]]],[[[115.3399,-8.4781],[115.3417,-8.47632],[115.3435,-8.4781],[115.3417,-8.47988],[115.3399,-8.4781]]],[[[115.3298,-8.47632],[115.3316,-8.4781],[115.3298,-8.47988],[115.328,-8.4781],[115.3298,-8.47632]]],[[[115.3244,-8.47452],[115.3262,-8.4763],[115.3244,-8.47808],[115.3226,-8.4763],[115.3244,-8.47452]]],[[[115.35404,-8.47603],[115.35225,-8.47781],[115.35045,-8.47603],[115.35225,-8.47425],[115.35404,-8.47603]]],[[[115.33835,-8.47587],[115.33655,-8.47764],[115.33476,-8.47587],[115.33655,-8.47409],[115.33835,-8.47587]]],[[[115.34948,-8.4719],[115.35127,-8.47367],[115.34948,-8.47545],[115.34768,-8.47367],[115.34948,-8.4719]]],[[[115.3121,-8.4733],[115.3139,-8.47152],[115.3157,-8.4733],[115.3139,-8.47508],[115.3121,-8.4733]]],[[[115.3524,-8.46912],[115.3542,-8.4709],[115.3524,-8.47268],[115.3506,-8.4709],[115.3524,-8.46912]]],[[[115.33759,-8.46484],[115.3358,-8.46661],[115.33553,-8.46635],[115.3352,-8.46668],[115.3334,-8.4649],[115.3352,-8.46312],[115.33547,-8.46339],[115.3358,-8.46306],[115.33759,-8.46484]]],[[[115.35041,-8.46394],[115.35013,-8.46422],[115.34834,-8.46244],[115.35013,-8.46066],[115.35141,-8.46192],[115.35225,-8.46109],[115.35405,-8.46287],[115.35348,-8.46342],[115.35378,-8.46372],[115.35199,-8.46549],[115.35041,-8.46394]]],[[[115.3533,-8.4619],[115.3551,-8.46012],[115.3569,-8.4619],[115.3551,-8.46368],[115.3533,-8.4619]]],[[[115.3342,-8.45992],[115.336,-8.4617],[115.3342,-8.46348],[115.3324,-8.4617],[115.3342,-8.45992]]],[[[115.31715,-8.45673],[115.31895,-8.45851],[115.31715,-8.46029],[115.31535,-8.45851],[115.31715,-8.45673]]],[[[115.3541,-8.4578],[115.3523,-8.45958],[115.3505,-8.4578],[115.35222,-8.45611],[115.3516,-8.4555],[115.3534,-8.45372],[115.3552,-8.4555],[115.35348,-8.45719],[115.3541,-8.4578]]],[[[115.3497,-8.45202],[115.3515,-8.4538],[115.3497,-8.45558],[115.3479,-8.4538],[115.3497,-8.45202]]],[[[115.3411,-8.45142],[115.3429,-8.4532],[115.3411,-8.45498],[115.3393,-8.4532],[115.3411,-8.45142]]],[[[115.32861,-8.45139],[115.33041,-8.45317],[115.32861,-8.45495],[115.32681,-8.45317],[115.32861,-8.45139]]],[[[115.3184,-8.45092],[115.3202,-8.4527],[115.3184,-8.45448],[115.3166,-8.4527],[115.3184,-8.45092]]],[[[115.3452,-8.44712],[115.347,-8.4489],[115.3452,-8.45068],[115.3434,-8.4489],[115.3452,-8.44712]]],[[[115.3188,-8.44472],[115.3206,-8.4465],[115.3188,-8.44828],[115.317,-8.4465],[115.3188,-8.44472]]],[[[115.3102,-8.44442],[115.312,-8.4462],[115.3102,-8.44798],[115.3084,-8.4462],[115.3102,-8.44442]]],[[[115.35643,-8.44202],[115.35463,-8.4438],[115.35284,-8.44202],[115.35463,-8.44024],[115.35643,-8.44202]]],[[[115.32596,-8.43917],[115.32416,-8.44095],[115.32237,-8.43917],[115.32416,-8.43739],[115.32596,-8.43917]]],[[[115.33531,-8.43476],[115.3371,-8.43653],[115.33531,-8.43831],[115.33351,-8.43653],[115.33531,-8.43476]]],[[[115.32261,-8.43392],[115.32441,-8.4357],[115.32261,-8.43747],[115.32082,-8.4357],[115.32261,-8.43392]]],[[[115.33256,-8.43383],[115.33302,-8.43428],[115.33122,-8.43606],[115.32942,-8.43428],[115.33046,-8.43326],[115.33,-8.4328],[115.3318,-8.43102],[115.3336,-8.4328],[115.33256,-8.43383]]],[[[115.3109,-8.42622],[115.3127,-8.428],[115.3109,-8.42978],[115.3091,-8.428],[115.3109,-8.42622]]],[[[115.3454,-8.41982],[115.34614,-8.42055],[115.34664,-8.42006],[115.34707,-8.4205],[115.34847,-8.41911],[115.35027,-8.42089],[115.34962,-8.42153],[115.3504,-8.4223],[115.3486,-8.42408],[115.34845,-8.42393],[115.3474,-8.42498],[115.3456,-8.4232],[115.34591,-8.4229],[115.3459,-8.42289],[115.3454,-8.42338],[115.3436,-8.4216],[115.3454,-8.41982]]],[[[115.33348,-8.41705],[115.33528,-8.41883],[115.33348,-8.42061],[115.33169,-8.41883],[115.33348,-8.41705]]],[[[115.3508,-8.41392],[115.3526,-8.4157],[115.3508,-8.41748],[115.349,-8.4157],[115.3508,-8.41392]]],[[[115.34874,-8.41367],[115.34694,-8.41545],[115.34515,-8.41367],[115.34694,-8.41189],[115.34874,-8.41367]]],[[[115.3217,-8.4119],[115.3199,-8.41368],[115.3181,-8.4119],[115.3199,-8.41012],[115.3217,-8.4119]]],[[[115.3131,-8.41299],[115.3118,-8.41428],[115.31,-8.4125],[115.31102,-8.4115],[115.31085,-8.41134],[115.3099,-8.41228],[115.3081,-8.4105],[115.3099,-8.40872],[115.31065,-8.40946],[115.3116,-8.40852],[115.31336,-8.41026],[115.314,-8.40962],[115.3158,-8.4114],[115.31544,-8.41175],[115.3159,-8.4122],[115.3141,-8.41398],[115.3131,-8.41299]]],[[[115.34753,-8.40492],[115.34932,-8.4067],[115.34753,-8.40847],[115.34573,-8.4067],[115.34753,-8.40492]]],[[[115.325,-8.40302],[115.3268,-8.4048],[115.325,-8.40658],[115.3232,-8.4048],[115.325,-8.40302]]],[[[115.34228,-8.39993],[115.34213,-8.40008],[115.34234,-8.40028],[115.34054,-8.40206],[115.33874,-8.40028],[115.3389,-8.40013],[115.33869,-8.39993],[115.34049,-8.39815],[115.34228,-8.39993]]],[[[115.3283,-8.3952],[115.3301,-8.39342],[115.3319,-8.3952],[115.3301,-8.39698],[115.3283,-8.3952]]],[[[115.3535,-8.39042],[115.3553,-8.3922],[115.3535,-8.39398],[115.3517,-8.3922],[115.3535,-8.39042]]],[[[115.3315,-8.38418],[115.33145,-8.38413],[115.3314,-8.38418],[115.3296,-8.3824],[115.3314,-8.38062],[115.33145,-8.38067],[115.3315,-8.38062],[115.3333,-8.3824],[115.3315,-8.38418]]],[[[115.3117,-8.3806],[115.3099,-8.38238],[115.3081,-8.3806],[115.3099,-8.37882],[115.3117,-8.3806]]],[[[115.34414,-8.37722],[115.34593,-8.379],[115.34414,-8.38078],[115.34234,-8.379],[115.34414,-8.37722]]],[[[115.3535,-8.37582],[115.3553,-8.3776],[115.3535,-8.37938],[115.3517,-8.3776],[115.3535,-8.37582]]],[[[115.3209,-8.3698],[115.3227,-8.36802],[115.3245,-8.3698],[115.3227,-8.37158],[115.3209,-8.3698]]],[[[115.3439,-8.36222],[115.3457,-8.364],[115.3439,-8.36578],[115.3421,-8.364],[115.3439,-8.36222]]],[[[115.35198,-8.35641],[115.35378,-8.35819],[115.35198,-8.35997],[115.35019,-8.35819],[115.35198,-8.35641]]],[[[115.33464,-8.35518],[115.33644,-8.35695],[115.33464,-8.35873],[115.33284,-8.35695],[115.33464,-8.35518]]],[[[115.34216,-8.35265],[115.34396,-8.35087],[115.34576,-8.35265],[115.34396,-8.35442],[115.34216,-8.35265]]],[[[115.311,-8.3524],[115.3128,-8.35062],[115.3146,-8.3524],[115.3128,-8.35418],[115.311,-8.3524]]],[[[115.3295,-8.3418],[115.3277,-8.34358],[115.3259,-8.3418],[115.3277,-8.34002],[115.3295,-8.3418]]],[[[115.3421,-8.33432],[115.3439,-8.3361],[115.3421,-8.33788],[115.3403,-8.3361],[115.3421,-8.33432]]],[[[115.32503,-8.32589],[115.32683,-8.32411],[115.32862,-8.32589],[115.32683,-8.32766],[115.32503,-8.32589]]],[[[115.31284,-8.31992],[115.31464,-8.3217],[115.31284,-8.32347],[115.31104,-8.3217],[115.31284,-8.31992]]],[[[115.33688,-8.314],[115.33868,-8.31578],[115.33688,-8.31756],[115.33508,-8.31578],[115.33688,-8.314]]],[[[115.3481,-8.312],[115.3499,-8.31022],[115.3517,-8.312],[115.3499,-8.31378],[115.3481,-8.312]]],[[[115.32413,-8.30825],[115.32593,-8.31002],[115.32413,-8.3118],[115.32234,-8.31002],[115.32413,-8.30825]]],[[[115.3282,-8.29042],[115.33,-8.2922],[115.3282,-8.29398],[115.3264,-8.2922],[115.3282,-8.29042]]],[[[115.33356,-8.2891],[115.33176,-8.29087],[115.33174,-8.29085],[115.3312,-8.29138],[115.3294,-8.2896],[115.3312,-8.28782],[115.33123,-8.28785],[115.33176,-8.28732],[115.33356,-8.2891]]],[[[115.32543,-8.28524],[115.32364,-8.28702],[115.32184,-8.28524],[115.32364,-8.28346],[115.32543,-8.28524]]],[[[115.3537,-8.27722],[115.3555,-8.279],[115.3537,-8.28078],[115.3519,-8.279],[115.3537,-8.27722]]],[[[115.3105,-8.27692],[115.3123,-8.2787],[115.3105,-8.28048],[115.3087,-8.2787],[115.3105,-8.27692]]],[[[115.3372,-8.26058],[115.33715,-8.26053],[115.33708,-8.2606],[115.33528,-8.25883],[115.33708,-8.25705],[115.33713,-8.2571],[115.3372,-8.25702],[115.339,-8.2588],[115.3372,-8.26058]]],[[[115.311,-8.25202],[115.3128,-8.2538],[115.311,-8.25558],[115.3092,-8.2538],[115.311,-8.25202]]],[[[115.332,-8.2514],[115.33111,-8.25228],[115.3317,-8.25287],[115.32991,-8.25465],[115.32811,-8.25287],[115.329,-8.25199],[115.3284,-8.2514],[115.3287,-8.25111],[115.32771,-8.25013],[115.32951,-8.24835],[115.33131,-8.25013],[115.33101,-8.25043],[115.332,-8.2514]]],[[[115.32826,-8.2398],[115.33005,-8.23802],[115.33185,-8.2398],[115.33005,-8.24158],[115.32826,-8.2398]]],[[[115.3237,-8.2367],[115.3255,-8.23492],[115.3273,-8.2367],[115.3255,-8.23848],[115.3237,-8.2367]]],[[[115.3532,-8.218],[115.355,-8.21623],[115.35679,-8.218],[115.355,-8.21978],[115.3532,-8.218]]],[[[115.3279,-8.2102],[115.3261,-8.21198],[115.3243,-8.2102],[115.3261,-8.20842],[115.3279,-8.2102]]],[[[115.33098,-8.20698],[115.32918,-8.20875],[115.32739,-8.20698],[115.32918,-8.2052],[115.33098,-8.20698]]],[[[115.32967,-8.19896],[115.33147,-8.20074],[115.32967,-8.20251],[115.32787,-8.20074],[115.32967,-8.19896]]],[[[115.32171,-8.18002],[115.3235,-8.1818],[115.32171,-8.18358],[115.31991,-8.1818],[115.32171,-8.18002]]],[[[115.34401,-8.1626],[115.3458,-8.16438],[115.34401,-8.16616],[115.34221,-8.16438],[115.34401,-8.1626]]],[[[115.32016,-8.16134],[115.32196,-8.16312],[115.32016,-8.1649],[115.31837,-8.16312],[115.32016,-8.16134]]],[[[115.3173,-8.14202],[115.3191,-8.1438],[115.3173,-8.14558],[115.3155,-8.1438],[115.3173,-8.14202]]],[[[115.3153,-8.13272],[115.3171,-8.1345],[115.3153,-8.13628],[115.3135,-8.1345],[115.3153,-8.13272]]],[[[115.3179,-8.1341],[115.3197,-8.13232],[115.3215,-8.1341],[115.3197,-8.13588],[115.3179,-8.1341]]],[[[115.3504,-8.1314],[115.3522,-8.12962],[115.35345,-8.13086],[115.3544,-8.12992],[115.3562,-8.1317],[115.3544,-8.13348],[115.35315,-8.13224],[115.3522,-8.13318],[115.3504,-8.1314]]],[[[115.3318,-8.1289],[115.33,-8.13068],[115.3282,-8.1289],[115.33,-8.12712],[115.3318,-8.1289]]],[[[115.3415,-8.12778],[115.3397,-8.126],[115.3415,-8.12422],[115.342,-8.12472],[115.3422,-8.12452],[115.344,-8.1263],[115.3422,-8.12808],[115.3417,-8.12758],[115.3415,-8.12778]]],[[[115.33551,-8.1226],[115.3354,-8.1225],[115.33576,-8.12215],[115.3355,-8.1219],[115.3373,-8.12012],[115.3391,-8.1219],[115.33874,-8.12225],[115.339,-8.1225],[115.33859,-8.1229],[115.3387,-8.123],[115.3369,-8.12478],[115.3351,-8.123],[115.33551,-8.1226]]],[[[115.3125,-8.12032],[115.3143,-8.1221],[115.3125,-8.12388],[115.3107,-8.1221],[115.3125,-8.12032]]],[[[115.3413,-8.11762],[115.3431,-8.1194],[115.3413,-8.12118],[115.3395,-8.1194],[115.3413,-8.11762]]],[[[115.32,-8.11752],[115.3218,-8.1193],[115.32,-8.12108],[115.3182,-8.1193],[115.32,-8.11752]]],[[[115.3121,-8.11692],[115.3139,-8.1187],[115.3121,-8.12048],[115.3103,-8.1187],[115.3121,-8.11692]]],[[[115.3132,-8.1143],[115.315,-8.11252],[115.3168,-8.1143],[115.315,-8.11608],[115.3132,-8.1143]]],[[[115.3232,-8.1143],[115.3214,-8.11608],[115.3196,-8.1143],[115.3214,-8.11252],[115.3232,-8.1143]]],[[[115.3083,-8.1124],[115.3101,-8.11062],[115.3119,-8.1124],[115.31113,-8.11316],[115.3129,-8.1149],[115.3111,-8.11668],[115.3093,-8.1149],[115.31007,-8.11414],[115.3083,-8.1124]]],[[[115.37531,-8.57106],[115.3771,-8.57283],[115.37531,-8.57461],[115.37351,-8.57283],[115.37531,-8.57106]]],[[[115.39044,-8.5684],[115.39223,-8.57018],[115.39044,-8.57195],[115.38864,-8.57018],[115.39044,-8.5684]]],[[[115.38473,-8.56511],[115.38653,-8.56689],[115.38473,-8.56866],[115.38294,-8.56689],[115.38473,-8.56511]]],[[[115.37578,-8.5667],[115.37757,-8.56492],[115.37937,-8.5667],[115.37757,-8.56847],[115.37578,-8.5667]]],[[[115.38186,-8.55628],[115.38366,-8.55805],[115.38186,-8.55983],[115.38006,-8.55805],[115.38186,-8.55628]]],[[[115.3611,-8.55562],[115.3629,-8.5574],[115.3611,-8.55918],[115.3593,-8.5574],[115.3611,-8.55562]]],[[[115.4071,-8.5572],[115.4075,-8.55759],[115.4057,-8.55937],[115.40391,-8.55759],[115.40445,-8.55705],[115.40406,-8.55666],[115.40585,-8.55488],[115.40765,-8.55666],[115.4071,-8.5572]]],[[[115.3857,-8.5569],[115.3875,-8.55512],[115.3893,-8.5569],[115.3875,-8.55868],[115.3857,-8.5569]]],[[[115.398,-8.5565],[115.3998,-8.55472],[115.4016,-8.5565],[115.3998,-8.55828],[115.398,-8.5565]]],[[[115.39018,-8.5506],[115.39197,-8.55238],[115.39018,-8.55415],[115.38838,-8.55238],[115.39018,-8.5506]]],[[[115.40243,-8.55009],[115.40423,-8.55187],[115.40243,-8.55364],[115.40064,-8.55187],[115.40243,-8.55009]]],[[[115.37613,-8.54983],[115.37793,-8.5516],[115.37613,-8.55338],[115.37469,-8.55195],[115.37402,-8.55261],[115.37223,-8.55084],[115.37402,-8.54906],[115.37547,-8.55049],[115.37613,-8.54983]]],[[[115.3676,-8.54917],[115.3694,-8.55094],[115.3676,-8.55272],[115.3658,-8.55094],[115.3676,-8.54917]]],[[[115.3573,-8.54782],[115.3591,-8.5496],[115.3573,-8.55138],[115.3555,-8.5496],[115.3573,-8.54782]]],[[[115.40618,-8.54892],[115.40798,-8.54714],[115.40977,-8.54892],[115.40798,-8.55069],[115.40618,-8.54892]]],[[[115.36615,-8.54593],[115.36795,-8.54771],[115.36615,-8.54949],[115.36436,-8.54771],[115.36615,-8.54593]]],[[[115.3591,-8.5448],[115.3573,-8.54658],[115.3555,-8.5448],[115.3573,-8.54302],[115.3591,-8.5448]]],[[[115.3734,-8.54213],[115.3752,-8.54391],[115.3734,-8.54569],[115.37161,-8.54391],[115.3734,-8.54213]]],[[[115.41304,-8.54268],[115.41484,-8.5409],[115.41663,-8.54268],[115.41484,-8.54446],[115.41304,-8.54268]]],[[[115.40878,-8.54043],[115.41057,-8.54221],[115.40878,-8.54398],[115.40698,-8.54221],[115.40878,-8.54043]]],[[[115.3669,-8.5405],[115.36653,-8.54087],[115.36766,-8.54199],[115.36586,-8.54377],[115.36407,-8.54199],[115.36444,-8.54162],[115.3633,-8.5405],[115.3651,-8.53873],[115.3669,-8.5405]]],[[[115.3564,-8.53802],[115.3582,-8.5398],[115.3564,-8.54158],[115.3546,-8.5398],[115.3564,-8.53802]]],[[[115.39371,-8.5409],[115.3933,-8.5405],[115.39351,-8.5403],[115.3934,-8.5402],[115.39467,-8.53895],[115.3931,-8.5374],[115.3949,-8.53562],[115.3967,-8.5374],[115.39543,-8.53865],[115.39591,-8.53913],[115.39659,-8.53845],[115.39839,-8.54023],[115.39659,-8.54201],[115.39639,-8.5418],[115.39503,-8.54314],[115.39324,-8.54137],[115.39371,-8.5409]]],[[[115.40954,-8.53768],[115.4083,-8.5389],[115.40883,-8.53942],[115.40703,-8.5412],[115.40524,-8.53942],[115.40647,-8.5382],[115.40594,-8.53768],[115.40774,-8.5359],[115.40954,-8.53768]]],[[[115.4028,-8.5352],[115.40219,-8.5358],[115.40257,-8.53618],[115.40333,-8.53543],[115.40513,-8.53721],[115.40333,-8.53898],[115.40236,-8.53802],[115.4016,-8.53878],[115.3998,-8.537],[115.40041,-8.5364],[115.3992,-8.5352],[115.401,-8.53342],[115.4028,-8.5352]]],[[[115.38309,-8.53418],[115.38489,-8.53595],[115.38309,-8.53773],[115.3813,-8.53595],[115.38309,-8.53418]]],[[[115.3933,-8.534],[115.3951,-8.53222],[115.3969,-8.534],[115.3951,-8.53578],[115.3933,-8.534]]],[[[115.4058,-8.53258],[115.40566,-8.53244],[115.4043,-8.53378],[115.4025,-8.532],[115.4043,-8.53022],[115.40444,-8.53036],[115.4058,-8.52902],[115.4076,-8.5308],[115.4058,-8.53258]]],[[[115.3989,-8.53139],[115.3984,-8.5309],[115.4002,-8.52912],[115.402,-8.5309],[115.40181,-8.53108],[115.40231,-8.53157],[115.40051,-8.53335],[115.39872,-8.53157],[115.3989,-8.53139]]],[[[115.3832,-8.52802],[115.385,-8.5298],[115.3832,-8.53158],[115.3814,-8.5298],[115.3832,-8.52802]]],[[[115.37811,-8.5258],[115.37991,-8.52758],[115.37811,-8.52936],[115.37632,-8.52758],[115.37811,-8.5258]]],[[[115.3542,-8.5271],[115.356,-8.52532],[115.3578,-8.5271],[115.356,-8.52888],[115.3542,-8.5271]]],[[[115.40125,-8.52715],[115.40174,-8.52667],[115.40052,-8.52546],[115.40231,-8.52368],[115.40411,-8.52546],[115.40302,-8.52654],[115.40424,-8.52775],[115.40244,-8.52953],[115.4011,-8.52819],[115.3999,-8.52938],[115.3981,-8.5276],[115.39826,-8.52745],[115.39754,-8.52674],[115.39934,-8.52496],[115.40113,-8.52674],[115.40098,-8.52689],[115.40125,-8.52715]]],[[[115.3978,-8.52383],[115.396,-8.52561],[115.39421,-8.52383],[115.396,-8.52205],[115.3978,-8.52383]]],[[[115.38118,-8.52161],[115.38284,-8.52326],[115.38104,-8.52504],[115.37925,-8.52326],[115.37957,-8.52294],[115.3779,-8.5213],[115.3797,-8.51952],[115.3815,-8.5213],[115.38118,-8.52161]]],[[[115.3592,-8.51965],[115.36099,-8.52143],[115.3592,-8.5232],[115.3574,-8.52143],[115.3592,-8.51965]]],[[[115.41013,-8.51953],[115.41193,-8.5213],[115.41013,-8.52308],[115.40833,-8.5213],[115.41013,-8.51953]]],[[[115.36342,-8.52008],[115.36521,-8.5183],[115.36701,-8.52008],[115.36521,-8.52185],[115.36342,-8.52008]]],[[[115.37363,-8.51781],[115.37543,-8.51604],[115.37723,-8.51781],[115.37543,-8.51959],[115.37363,-8.51781]]],[[[115.39046,-8.51514],[115.39225,-8.51336],[115.39405,-8.51514],[115.39225,-8.51692],[115.39046,-8.51514]]],[[[115.40282,-8.5143],[115.40369,-8.51515],[115.40189,-8.51693],[115.40009,-8.51515],[115.40028,-8.51497],[115.39942,-8.51411],[115.40122,-8.51234],[115.40301,-8.51411],[115.40282,-8.5143]]],[[[115.3801,-8.50931],[115.3819,-8.51109],[115.3801,-8.51287],[115.3783,-8.51109],[115.3801,-8.50931]]],[[[115.37497,-8.50563],[115.37317,-8.50741],[115.37137,-8.50563],[115.37317,-8.50386],[115.37497,-8.50563]]],[[[115.3699,-8.504],[115.3681,-8.50578],[115.3663,-8.504],[115.3681,-8.50222],[115.3699,-8.504]]],[[[115.37631,-8.49949],[115.3781,-8.50127],[115.37631,-8.50304],[115.37451,-8.50127],[115.37631,-8.49949]]],[[[115.36,-8.49791],[115.36179,-8.49968],[115.36,-8.50146],[115.3582,-8.49968],[115.36,-8.49791]]],[[[115.40368,-8.49785],[115.40548,-8.49962],[115.40368,-8.5014],[115.40189,-8.49962],[115.40368,-8.49785]]],[[[115.39671,-8.49896],[115.39851,-8.49718],[115.4003,-8.49896],[115.39851,-8.50074],[115.39671,-8.49896]]],[[[115.37148,-8.49982],[115.36969,-8.50159],[115.36789,-8.49982],[115.36795,-8.49976],[115.36617,-8.49799],[115.36796,-8.49621],[115.36976,-8.49799],[115.3697,-8.49805],[115.37148,-8.49982]]],[[[115.36195,-8.49486],[115.36375,-8.49664],[115.36195,-8.49842],[115.36016,-8.49664],[115.36195,-8.49486]]],[[[115.40903,-8.49228],[115.41083,-8.49406],[115.40903,-8.49584],[115.40724,-8.49406],[115.40903,-8.49228]]],[[[115.40544,-8.49214],[115.40723,-8.49392],[115.40544,-8.49569],[115.40364,-8.49392],[115.40544,-8.49214]]],[[[115.39058,-8.49086],[115.38879,-8.49263],[115.38699,-8.49086],[115.38879,-8.48908],[115.39058,-8.49086]]],[[[115.40149,-8.48061],[115.40329,-8.48238],[115.40149,-8.48416],[115.3997,-8.48238],[115.40149,-8.48061]]],[[[115.38191,-8.48214],[115.38371,-8.48037],[115.38551,-8.48214],[115.38371,-8.48392],[115.38191,-8.48214]]],[[[115.4145,-8.47822],[115.4163,-8.48],[115.4145,-8.48178],[115.4127,-8.48],[115.4145,-8.47822]]],[[[115.37265,-8.48075],[115.37259,-8.48068],[115.37252,-8.48076],[115.37072,-8.47898],[115.37252,-8.4772],[115.37258,-8.47727],[115.37265,-8.47719],[115.37445,-8.47897],[115.37265,-8.48075]]],[[[115.3867,-8.47918],[115.38664,-8.47912],[115.38642,-8.47934],[115.38462,-8.47756],[115.38642,-8.47578],[115.38648,-8.47584],[115.3867,-8.47562],[115.3885,-8.4774],[115.3867,-8.47918]]],[[[115.37356,-8.47634],[115.37535,-8.47456],[115.37715,-8.47634],[115.37535,-8.47812],[115.37356,-8.47634]]],[[[115.3563,-8.47222],[115.3581,-8.474],[115.3563,-8.47578],[115.3545,-8.474],[115.3563,-8.47222]]],[[[115.40142,-8.46847],[115.40322,-8.4667],[115.40501,-8.46847],[115.40363,-8.46984],[115.4048,-8.471],[115.403,-8.47278],[115.4012,-8.471],[115.40259,-8.46963],[115.40142,-8.46847]]],[[[115.3838,-8.465],[115.382,-8.46678],[115.3802,-8.465],[115.382,-8.46322],[115.3838,-8.465]]],[[[115.36654,-8.46246],[115.36834,-8.46423],[115.36654,-8.46601],[115.36475,-8.46423],[115.36654,-8.46246]]],[[[115.36683,-8.46127],[115.36863,-8.45949],[115.37043,-8.46127],[115.36863,-8.46305],[115.36683,-8.46127]]],[[[115.39721,-8.46116],[115.39783,-8.46177],[115.39603,-8.46355],[115.39423,-8.46177],[115.39602,-8.46001],[115.3954,-8.4594],[115.3972,-8.45762],[115.399,-8.4594],[115.39721,-8.46116]]],[[[115.3603,-8.45252],[115.3621,-8.4543],[115.3603,-8.45608],[115.3585,-8.4543],[115.3603,-8.45252]]],[[[115.409,-8.45222],[115.4108,-8.454],[115.409,-8.45578],[115.4072,-8.454],[115.409,-8.45222]]],[[[115.35473,-8.45354],[115.35653,-8.45176],[115.35832,-8.45354],[115.35653,-8.45532],[115.35473,-8.45354]]],[[[115.38618,-8.45264],[115.38654,-8.45299],[115.38474,-8.45477],[115.38294,-8.45299],[115.3839,-8.45204],[115.38354,-8.45169],[115.38534,-8.44992],[115.38714,-8.45169],[115.38618,-8.45264]]],[[[115.4122,-8.4495],[115.4104,-8.45128],[115.4086,-8.4495],[115.4104,-8.44772],[115.4122,-8.4495]]],[[[115.35818,-8.44911],[115.3596,-8.45052],[115.3578,-8.4523],[115.35601,-8.45052],[115.35627,-8.45026],[115.35485,-8.44885],[115.35617,-8.44755],[115.3547,-8.4461],[115.3565,-8.44432],[115.3583,-8.4461],[115.35698,-8.4474],[115.35844,-8.44885],[115.35818,-8.44911]]],[[[115.3763,-8.44604],[115.37809,-8.44782],[115.3763,-8.4496],[115.3745,-8.44782],[115.3763,-8.44604]]],[[[115.3931,-8.4472],[115.3949,-8.44542],[115.3967,-8.4472],[115.3949,-8.44898],[115.3931,-8.4472]]],[[[115.40395,-8.44494],[115.40575,-8.44672],[115.40395,-8.44849],[115.40215,-8.44672],[115.40395,-8.44494]]],[[[115.3697,-8.44482],[115.3715,-8.4466],[115.3697,-8.44838],[115.3679,-8.4466],[115.3697,-8.44482]]],[[[115.36241,-8.44619],[115.3642,-8.44441],[115.366,-8.44619],[115.3642,-8.44796],[115.36241,-8.44619]]],[[[115.3833,-8.4457],[115.3851,-8.44392],[115.3869,-8.4457],[115.3851,-8.44748],[115.3833,-8.4457]]],[[[115.39516,-8.44165],[115.39695,-8.44343],[115.39516,-8.4452],[115.39336,-8.44343],[115.39516,-8.44165]]],[[[115.4035,-8.4428],[115.4053,-8.44102],[115.4064,-8.44211],[115.4072,-8.44132],[115.409,-8.4431],[115.4072,-8.44488],[115.4061,-8.44379],[115.4053,-8.44458],[115.4035,-8.4428]]],[[[115.37753,-8.44185],[115.37573,-8.44362],[115.37393,-8.44185],[115.37573,-8.44007],[115.37753,-8.44185]]],[[[115.3938,-8.4399],[115.3956,-8.43812],[115.3974,-8.4399],[115.3956,-8.44168],[115.3938,-8.4399]]],[[[115.4144,-8.43812],[115.4162,-8.4399],[115.4144,-8.44168],[115.4126,-8.4399],[115.4144,-8.43812]]],[[[115.40889,-8.43527],[115.41069,-8.43704],[115.40889,-8.43882],[115.4071,-8.43704],[115.40889,-8.43527]]],[[[115.35935,-8.43658],[115.35962,-8.43632],[115.3596,-8.4363],[115.36011,-8.4358],[115.3601,-8.4358],[115.36066,-8.43525],[115.3601,-8.4347],[115.36127,-8.43354],[115.36091,-8.43318],[115.3627,-8.4314],[115.3645,-8.43318],[115.36333,-8.43434],[115.3637,-8.4347],[115.36314,-8.43525],[115.3637,-8.4358],[115.36319,-8.4363],[115.3632,-8.4363],[115.36293,-8.43657],[115.36295,-8.43658],[115.36115,-8.43836],[115.35935,-8.43658]]],[[[115.37945,-8.43483],[115.38125,-8.43305],[115.38304,-8.43483],[115.38125,-8.43661],[115.37945,-8.43483]]],[[[115.39938,-8.43166],[115.40118,-8.43344],[115.39938,-8.43522],[115.39759,-8.43344],[115.39938,-8.43166]]],[[[115.3788,-8.43052],[115.38059,-8.42875],[115.38239,-8.43052],[115.38059,-8.4323],[115.3788,-8.43052]]],[[[115.3857,-8.4277],[115.3839,-8.42948],[115.3821,-8.4277],[115.3839,-8.42592],[115.3857,-8.4277]]],[[[115.3661,-8.4273],[115.3643,-8.42908],[115.3625,-8.4273],[115.3643,-8.42552],[115.3661,-8.4273]]],[[[115.38865,-8.42695],[115.39045,-8.42517],[115.39224,-8.42695],[115.39045,-8.42872],[115.38865,-8.42695]]],[[[115.35522,-8.42415],[115.35701,-8.42237],[115.35881,-8.42415],[115.35701,-8.42593],[115.35522,-8.42415]]],[[[115.3719,-8.42152],[115.3737,-8.4233],[115.3719,-8.42508],[115.3701,-8.4233],[115.3719,-8.42152]]],[[[115.3629,-8.4199],[115.3647,-8.41812],[115.3665,-8.4199],[115.3647,-8.42168],[115.3629,-8.4199]]],[[[115.40003,-8.41812],[115.39896,-8.41917],[115.4,-8.4202],[115.3982,-8.42198],[115.3964,-8.4202],[115.39747,-8.41914],[115.39643,-8.41812],[115.39654,-8.41801],[115.39589,-8.41736],[115.39768,-8.41558],[115.39948,-8.41736],[115.39937,-8.41747],[115.40003,-8.41812]]],[[[115.36198,-8.41562],[115.36378,-8.41385],[115.36558,-8.41562],[115.36378,-8.4174],[115.36198,-8.41562]]],[[[115.40934,-8.4113],[115.41113,-8.41308],[115.40934,-8.41486],[115.40754,-8.41308],[115.40934,-8.4113]]],[[[115.38019,-8.40932],[115.38198,-8.4111],[115.38019,-8.41287],[115.37839,-8.4111],[115.38019,-8.40932]]],[[[115.38829,-8.40678],[115.38649,-8.40856],[115.3847,-8.40678],[115.38649,-8.405],[115.38829,-8.40678]]],[[[115.37386,-8.40146],[115.37566,-8.39969],[115.37745,-8.40146],[115.37566,-8.40324],[115.37386,-8.40146]]],[[[115.3828,-8.39772],[115.3846,-8.3995],[115.3828,-8.40128],[115.38231,-8.40079],[115.38222,-8.40088],[115.38042,-8.3991],[115.38222,-8.39732],[115.38271,-8.39781],[115.3828,-8.39772]]],[[[115.3626,-8.39682],[115.3644,-8.3986],[115.3626,-8.40038],[115.3608,-8.3986],[115.3626,-8.39682]]],[[[115.40058,-8.39386],[115.40238,-8.39563],[115.40058,-8.39741],[115.39879,-8.39563],[115.40058,-8.39386]]],[[[115.4121,-8.39112],[115.4139,-8.3929],[115.4121,-8.39468],[115.4103,-8.3929],[115.4121,-8.39112]]],[[[115.36512,-8.38477],[115.36521,-8.38485],[115.36551,-8.38456],[115.3673,-8.38634],[115.36551,-8.38811],[115.36542,-8.38803],[115.36512,-8.38832],[115.36332,-8.38655],[115.36512,-8.38477]]],[[[115.37978,-8.38503],[115.38158,-8.38325],[115.38337,-8.38503],[115.38158,-8.38681],[115.37978,-8.38503]]],[[[115.4024,-8.3822],[115.4006,-8.38398],[115.3988,-8.3822],[115.4006,-8.38042],[115.4024,-8.3822]]],[[[115.38092,-8.38012],[115.38272,-8.3819],[115.38092,-8.38368],[115.37913,-8.3819],[115.38092,-8.38012]]],[[[115.4114,-8.38002],[115.4132,-8.3818],[115.4114,-8.38358],[115.4096,-8.3818],[115.4114,-8.38002]]],[[[115.39246,-8.36817],[115.39066,-8.36995],[115.3905,-8.36979],[115.3901,-8.37018],[115.3883,-8.3684],[115.3901,-8.36662],[115.39026,-8.36678],[115.39066,-8.36639],[115.39246,-8.36817]]],[[[115.4046,-8.36072],[115.4064,-8.3625],[115.4046,-8.36428],[115.4028,-8.3625],[115.4046,-8.36072]]],[[[115.36471,-8.36107],[115.36651,-8.35929],[115.36831,-8.36107],[115.36651,-8.36285],[115.36471,-8.36107]]],[[[115.38019,-8.35775],[115.38199,-8.35597],[115.38379,-8.35775],[115.38199,-8.35952],[115.38019,-8.35775]]],[[[115.36618,-8.34065],[115.36797,-8.34243],[115.36618,-8.34421],[115.36438,-8.34243],[115.36618,-8.34065]]],[[[115.3728,-8.33512],[115.3746,-8.3369],[115.3728,-8.33868],[115.371,-8.3369],[115.3728,-8.33512]]],[[[115.4135,-8.32812],[115.4153,-8.3299],[115.4135,-8.33168],[115.4117,-8.3299],[115.4135,-8.32812]]],[[[115.3645,-8.3279],[115.3627,-8.32968],[115.3609,-8.3279],[115.36146,-8.32735],[115.3614,-8.3273],[115.3632,-8.32552],[115.365,-8.3273],[115.36444,-8.32785],[115.3645,-8.3279]]],[[[115.3627,-8.32172],[115.3645,-8.3235],[115.3627,-8.32528],[115.3609,-8.3235],[115.3627,-8.32172]]],[[[115.3966,-8.31602],[115.3984,-8.3178],[115.3966,-8.31958],[115.3948,-8.3178],[115.3966,-8.31602]]],[[[115.3992,-8.31308],[115.3974,-8.3113],[115.3992,-8.30952],[115.39924,-8.30956],[115.39926,-8.30954],[115.40106,-8.31132],[115.39926,-8.31309],[115.39922,-8.31306],[115.3992,-8.31308]]],[[[115.39466,-8.30852],[115.39646,-8.3103],[115.39466,-8.31208],[115.39287,-8.3103],[115.39466,-8.30852]]],[[[115.3833,-8.30062],[115.3851,-8.3024],[115.3833,-8.30418],[115.3815,-8.3024],[115.3833,-8.30062]]],[[[115.36348,-8.29894],[115.36528,-8.30072],[115.36348,-8.3025],[115.36169,-8.30072],[115.36348,-8.29894]]],[[[115.38784,-8.28614],[115.38964,-8.28436],[115.39144,-8.28614],[115.38964,-8.28792],[115.38784,-8.28614]]],[[[115.36271,-8.28179],[115.36091,-8.28357],[115.35911,-8.28179],[115.36091,-8.28001],[115.36271,-8.28179]]],[[[115.3855,-8.2808],[115.3837,-8.28258],[115.3819,-8.2808],[115.3837,-8.27902],[115.3855,-8.2808]]],[[[115.41481,-8.27066],[115.4166,-8.27244],[115.41481,-8.27422],[115.41301,-8.27244],[115.41481,-8.27066]]],[[[115.39887,-8.2387],[115.40067,-8.23692],[115.40246,-8.2387],[115.40067,-8.24048],[115.39887,-8.2387]]],[[[115.36386,-8.22785],[115.36565,-8.22963],[115.36386,-8.23141],[115.36206,-8.22963],[115.36386,-8.22785]]],[[[115.41,-8.23013],[115.40988,-8.23001],[115.4086,-8.23128],[115.4068,-8.2295],[115.40703,-8.22928],[115.40682,-8.22907],[115.40809,-8.22782],[115.40787,-8.2276],[115.40967,-8.22582],[115.41146,-8.2276],[115.41125,-8.22781],[115.4118,-8.22835],[115.41,-8.23013]]],[[[115.39441,-8.22313],[115.39621,-8.22491],[115.39441,-8.22669],[115.39261,-8.22491],[115.39441,-8.22313]]],[[[115.36264,-8.21922],[115.36444,-8.22099],[115.36264,-8.22277],[115.36085,-8.22099],[115.36264,-8.21922]]],[[[115.37711,-8.21712],[115.37891,-8.21535],[115.38071,-8.21712],[115.37891,-8.2189],[115.37711,-8.21712]]],[[[115.4058,-8.2164],[115.404,-8.21818],[115.4022,-8.2164],[115.404,-8.21462],[115.4058,-8.2164]]],[[[115.38876,-8.20358],[115.38707,-8.20525],[115.38528,-8.20347],[115.38707,-8.2017],[115.38824,-8.20285],[115.38993,-8.20118],[115.39173,-8.20296],[115.38993,-8.20474],[115.38876,-8.20358]]],[[[115.36789,-8.18043],[115.36781,-8.18051],[115.3679,-8.18059],[115.36611,-8.18237],[115.36431,-8.18059],[115.36438,-8.18052],[115.36429,-8.18043],[115.36609,-8.17865],[115.36789,-8.18043]]],[[[115.395,-8.15012],[115.3968,-8.1519],[115.395,-8.15368],[115.3932,-8.1519],[115.395,-8.15012]]],[[[115.3991,-8.14292],[115.4009,-8.1447],[115.3991,-8.14648],[115.3973,-8.1447],[115.3991,-8.14292]]],[[[115.3664,-8.1421],[115.3682,-8.14032],[115.37,-8.1421],[115.3682,-8.14388],[115.3664,-8.1421]]],[[[115.3898,-8.1399],[115.388,-8.14168],[115.38775,-8.14144],[115.3867,-8.14248],[115.3849,-8.1407],[115.3867,-8.13892],[115.38695,-8.13916],[115.388,-8.13812],[115.3898,-8.1399]]],[[[115.3748,-8.13762],[115.3766,-8.1394],[115.3748,-8.14118],[115.373,-8.1394],[115.3748,-8.13762]]],[[[115.3591,-8.13702],[115.3609,-8.1388],[115.3591,-8.14058],[115.3573,-8.1388],[115.3591,-8.13702]]],[[[115.3798,-8.13652],[115.3816,-8.1383],[115.3798,-8.14008],[115.378,-8.1383],[115.3798,-8.13652]]],[[[115.37075,-8.13674],[115.3691,-8.13838],[115.3673,-8.1366],[115.3691,-8.13482],[115.37005,-8.13576],[115.3717,-8.13412],[115.3735,-8.1359],[115.3717,-8.13768],[115.37075,-8.13674]]],[[[115.47774,-8.73931],[115.47954,-8.74109],[115.47774,-8.74286],[115.47595,-8.74109],[115.47774,-8.73931]]],[[[115.47037,-8.72933],[115.47216,-8.73111],[115.47037,-8.73288],[115.46857,-8.73111],[115.47037,-8.72933]]],[[[115.47971,-8.70605],[115.48151,-8.70427],[115.48331,-8.70605],[115.48151,-8.70782],[115.47971,-8.70605]]],[[[115.4513,-8.69401],[115.45306,-8.69575],[115.45126,-8.69752],[115.44947,-8.69575],[115.4506,-8.69462],[115.44885,-8.69289],[115.45065,-8.69111],[115.45244,-8.69289],[115.4513,-8.69401]]],[[[115.48749,-8.69277],[115.48929,-8.691],[115.49109,-8.69277],[115.48929,-8.69455],[115.48749,-8.69277]]],[[[115.44093,-8.69088],[115.44272,-8.69266],[115.44093,-8.69443],[115.43913,-8.69266],[115.44093,-8.69088]]],[[[115.4322,-8.68775],[115.434,-8.68952],[115.4322,-8.6913],[115.4304,-8.68952],[115.4322,-8.68775]]],[[[115.44496,-8.6857],[115.44317,-8.68748],[115.44309,-8.6874],[115.44245,-8.68804],[115.44065,-8.68626],[115.44245,-8.68448],[115.44253,-8.68456],[115.44317,-8.68393],[115.44496,-8.6857]]],[[[115.4601,-8.68012],[115.4619,-8.6819],[115.4601,-8.68368],[115.4583,-8.6819],[115.4601,-8.68012]]],[[[115.4504,-8.6742],[115.4522,-8.67242],[115.454,-8.6742],[115.4522,-8.67598],[115.4504,-8.6742]]],[[[115.41723,-8.57133],[115.41903,-8.56956],[115.42082,-8.57133],[115.41903,-8.57311],[115.41723,-8.57133]]],[[[115.44611,-8.56268],[115.44791,-8.56446],[115.44611,-8.56623],[115.44431,-8.56446],[115.44611,-8.56268]]],[[[115.4454,-8.55954],[115.44719,-8.56131],[115.4454,-8.56309],[115.4436,-8.56131],[115.4454,-8.55954]]],[[[115.4571,-8.5592],[115.45696,-8.55933],[115.45741,-8.55978],[115.45562,-8.56155],[115.45382,-8.55978],[115.45395,-8.55964],[115.4535,-8.5592],[115.4553,-8.55742],[115.4571,-8.5592]]],[[[115.421,-8.55506],[115.4228,-8.55683],[115.421,-8.55861],[115.41921,-8.55683],[115.421,-8.55506]]],[[[115.46108,-8.5506],[115.46184,-8.54984],[115.46364,-8.55162],[115.46362,-8.55165],[115.46469,-8.5527],[115.46289,-8.55448],[115.46109,-8.5527],[115.46112,-8.55268],[115.46021,-8.55178],[115.45944,-8.55253],[115.45764,-8.55076],[115.45944,-8.54898],[115.46108,-8.5506]]],[[[115.41555,-8.54991],[115.41734,-8.55169],[115.41555,-8.55346],[115.41375,-8.55169],[115.41555,-8.54991]]],[[[115.46035,-8.54608],[115.46215,-8.54786],[115.46035,-8.54963],[115.45856,-8.54786],[115.46035,-8.54608]]],[[[115.4887,-8.5459],[115.4869,-8.54768],[115.4868,-8.54758],[115.4867,-8.54768],[115.4849,-8.5459],[115.4867,-8.54412],[115.4868,-8.54422],[115.4869,-8.54412],[115.4887,-8.5459]]],[[[115.42111,-8.54641],[115.41931,-8.54463],[115.42111,-8.54285],[115.42259,-8.54431],[115.42374,-8.54318],[115.42527,-8.54469],[115.42632,-8.54365],[115.42812,-8.54543],[115.42632,-8.5472],[115.42531,-8.5462],[115.42385,-8.54765],[115.42205,-8.54587],[115.42246,-8.54547],[115.42226,-8.54527],[115.42111,-8.54641]]],[[[115.44261,-8.54104],[115.44396,-8.54238],[115.44217,-8.54415],[115.44037,-8.54238],[115.4412,-8.54156],[115.43984,-8.54022],[115.44164,-8.53844],[115.44213,-8.53893],[115.4434,-8.53767],[115.4452,-8.53945],[115.4434,-8.54122],[115.44291,-8.54074],[115.44261,-8.54104]]],[[[115.41764,-8.53719],[115.41943,-8.53896],[115.41764,-8.54074],[115.41584,-8.53896],[115.41764,-8.53719]]],[[[115.42562,-8.5376],[115.42536,-8.53734],[115.42715,-8.53556],[115.42895,-8.53734],[115.42733,-8.53894],[115.4276,-8.5392],[115.4258,-8.54098],[115.424,-8.5392],[115.42562,-8.5376]]],[[[115.45867,-8.53519],[115.46047,-8.53697],[115.45867,-8.53875],[115.45688,-8.53697],[115.45867,-8.53519]]],[[[115.42355,-8.5363],[115.42176,-8.53808],[115.41996,-8.5363],[115.42176,-8.53452],[115.42355,-8.5363]]],[[[115.41709,-8.53712],[115.41529,-8.5389],[115.4135,-8.53712],[115.41362,-8.537],[115.41348,-8.53686],[115.41489,-8.53547],[115.4135,-8.5341],[115.4153,-8.53232],[115.4171,-8.5341],[115.41569,-8.53549],[115.41707,-8.53686],[115.41695,-8.53698],[115.41709,-8.53712]]],[[[115.4424,-8.5317],[115.4442,-8.52992],[115.446,-8.5317],[115.4442,-8.53348],[115.4424,-8.5317]]],[[[115.4858,-8.52692],[115.4876,-8.5287],[115.4858,-8.53048],[115.484,-8.5287],[115.4858,-8.52692]]],[[[115.46297,-8.52666],[115.46476,-8.52843],[115.46297,-8.53021],[115.46117,-8.52843],[115.46297,-8.52666]]],[[[115.4844,-8.5213],[115.4862,-8.51952],[115.488,-8.5213],[115.4862,-8.52308],[115.4844,-8.5213]]],[[[115.48895,-8.51707],[115.4893,-8.51672],[115.4911,-8.5185],[115.4893,-8.52028],[115.48895,-8.51993],[115.4886,-8.52028],[115.4868,-8.5185],[115.4886,-8.51672],[115.48895,-8.51707]]],[[[115.45115,-8.51586],[115.45294,-8.51763],[115.45115,-8.51941],[115.44935,-8.51763],[115.45115,-8.51586]]],[[[115.4216,-8.51452],[115.4234,-8.5163],[115.4216,-8.51808],[115.4198,-8.5163],[115.4216,-8.51452]]],[[[115.4899,-8.51212],[115.4917,-8.5139],[115.4899,-8.51568],[115.4881,-8.5139],[115.4899,-8.51212]]],[[[115.423,-8.50722],[115.4248,-8.509],[115.423,-8.51078],[115.4212,-8.509],[115.423,-8.50722]]],[[[115.47096,-8.5079],[115.46916,-8.50968],[115.46913,-8.50965],[115.469,-8.50978],[115.4672,-8.508],[115.469,-8.50622],[115.46903,-8.50625],[115.46916,-8.50612],[115.47096,-8.5079]]],[[[115.4282,-8.50132],[115.43,-8.5031],[115.42985,-8.50325],[115.4299,-8.5033],[115.42949,-8.5037],[115.4298,-8.504],[115.428,-8.50578],[115.4262,-8.504],[115.42661,-8.5036],[115.4263,-8.5033],[115.42645,-8.50315],[115.4264,-8.5031],[115.4282,-8.50132]]],[[[115.48012,-8.5015],[115.4789,-8.5003],[115.4807,-8.49852],[115.48075,-8.49857],[115.4809,-8.49842],[115.4827,-8.5002],[115.48113,-8.50175],[115.4823,-8.5029],[115.4805,-8.50468],[115.4787,-8.5029],[115.48012,-8.5015]]],[[[115.4346,-8.49732],[115.4364,-8.4991],[115.4346,-8.50088],[115.4328,-8.4991],[115.4346,-8.49732]]],[[[115.4159,-8.49682],[115.4177,-8.4986],[115.4159,-8.50038],[115.4141,-8.4986],[115.4159,-8.49682]]],[[[115.4402,-8.498],[115.442,-8.49622],[115.4438,-8.498],[115.442,-8.49978],[115.4402,-8.498]]],[[[115.4529,-8.49472],[115.4547,-8.4965],[115.4529,-8.49828],[115.4511,-8.4965],[115.4529,-8.49472]]],[[[115.41975,-8.49579],[115.42154,-8.49402],[115.42212,-8.49459],[115.423,-8.49372],[115.4248,-8.4955],[115.42354,-8.49674],[115.4238,-8.497],[115.422,-8.49878],[115.4202,-8.497],[115.42059,-8.49662],[115.41975,-8.49579]]],[[[115.45784,-8.49125],[115.45604,-8.49302],[115.45424,-8.49125],[115.45604,-8.48947],[115.45784,-8.49125]]],[[[115.475,-8.4858],[115.4768,-8.48402],[115.4786,-8.4858],[115.4768,-8.48758],[115.475,-8.4858]]],[[[115.4449,-8.48042],[115.4467,-8.4822],[115.4449,-8.48398],[115.4431,-8.4822],[115.4449,-8.48042]]],[[[115.45773,-8.48006],[115.45953,-8.48184],[115.45773,-8.48362],[115.45594,-8.48184],[115.45773,-8.48006]]],[[[115.4521,-8.4794],[115.4539,-8.47762],[115.4557,-8.4794],[115.4539,-8.48118],[115.4521,-8.4794]]],[[[115.44427,-8.47386],[115.44429,-8.47388],[115.44249,-8.47566],[115.4407,-8.47388],[115.44072,-8.47386],[115.4407,-8.47384],[115.44249,-8.47206],[115.44429,-8.47384],[115.44427,-8.47386]]],[[[115.4217,-8.46802],[115.4235,-8.4698],[115.4217,-8.47158],[115.4199,-8.4698],[115.4217,-8.46802]]],[[[115.4332,-8.469],[115.435,-8.46722],[115.4368,-8.469],[115.435,-8.47078],[115.4332,-8.469]]],[[[115.4308,-8.466],[115.429,-8.46778],[115.4272,-8.466],[115.429,-8.46422],[115.4308,-8.466]]],[[[115.4489,-8.4654],[115.4471,-8.46718],[115.44695,-8.46703],[115.4469,-8.46708],[115.4451,-8.4653],[115.44644,-8.46398],[115.4462,-8.46375],[115.448,-8.46197],[115.44979,-8.46375],[115.44851,-8.46502],[115.4489,-8.4654]]],[[[115.437,-8.45782],[115.4388,-8.4596],[115.437,-8.46138],[115.4352,-8.4596],[115.437,-8.45782]]],[[[115.44904,-8.45981],[115.45029,-8.45857],[115.4491,-8.4574],[115.4509,-8.45562],[115.4527,-8.4574],[115.45145,-8.45864],[115.45263,-8.45981],[115.45084,-8.46159],[115.44904,-8.45981]]],[[[115.43188,-8.45844],[115.43185,-8.45842],[115.43364,-8.45664],[115.43544,-8.45842],[115.43542,-8.45843],[115.43545,-8.45846],[115.43366,-8.46024],[115.43186,-8.45846],[115.43188,-8.45844]]],[[[115.4175,-8.45638],[115.4157,-8.4546],[115.4175,-8.45282],[115.41795,-8.45327],[115.418,-8.45322],[115.4198,-8.455],[115.418,-8.45678],[115.41755,-8.45633],[115.4175,-8.45638]]],[[[115.4607,-8.4521],[115.4625,-8.45032],[115.4643,-8.4521],[115.4625,-8.45388],[115.4607,-8.4521]]],[[[115.44277,-8.44696],[115.44457,-8.44873],[115.44277,-8.45051],[115.44098,-8.44873],[115.44277,-8.44696]]],[[[115.423,-8.44622],[115.4248,-8.448],[115.423,-8.44978],[115.4212,-8.448],[115.423,-8.44622]]],[[[115.4927,-8.4478],[115.4909,-8.44958],[115.4891,-8.4478],[115.4909,-8.44602],[115.4927,-8.4478]]],[[[115.47987,-8.44583],[115.48167,-8.44761],[115.47987,-8.44939],[115.47808,-8.44761],[115.47987,-8.44583]]],[[[115.44302,-8.44258],[115.44482,-8.44436],[115.44302,-8.44613],[115.44123,-8.44436],[115.44302,-8.44258]]],[[[115.48502,-8.44154],[115.48521,-8.44135],[115.48701,-8.44313],[115.48521,-8.44491],[115.48469,-8.44439],[115.4845,-8.44458],[115.4827,-8.4428],[115.4845,-8.44102],[115.48502,-8.44154]]],[[[115.41987,-8.44077],[115.42166,-8.44254],[115.41987,-8.44432],[115.41807,-8.44254],[115.41987,-8.44077]]],[[[115.46541,-8.43576],[115.4672,-8.43753],[115.46541,-8.43931],[115.46361,-8.43753],[115.46541,-8.43576]]],[[[115.475,-8.4368],[115.4768,-8.43502],[115.4786,-8.4368],[115.4768,-8.43858],[115.475,-8.4368]]],[[[115.47226,-8.43398],[115.47405,-8.43576],[115.47226,-8.43754],[115.47046,-8.43576],[115.47226,-8.43398]]],[[[115.44969,-8.43335],[115.45148,-8.43513],[115.44969,-8.43691],[115.44789,-8.43513],[115.44969,-8.43335]]],[[[115.4676,-8.43292],[115.4694,-8.4347],[115.4676,-8.43648],[115.4658,-8.4347],[115.4676,-8.43292]]],[[[115.42,-8.43421],[115.4182,-8.43599],[115.41641,-8.43421],[115.4182,-8.43244],[115.42,-8.43421]]],[[[115.4253,-8.43082],[115.4271,-8.4326],[115.4253,-8.43438],[115.4235,-8.4326],[115.4253,-8.43082]]],[[[115.47398,-8.43196],[115.47577,-8.43019],[115.47757,-8.43196],[115.47577,-8.43374],[115.47398,-8.43196]]],[[[115.47189,-8.42761],[115.47369,-8.42939],[115.47189,-8.43117],[115.4701,-8.42939],[115.47189,-8.42761]]],[[[115.4366,-8.42642],[115.4384,-8.4282],[115.4366,-8.42998],[115.4348,-8.4282],[115.4366,-8.42642]]],[[[115.41962,-8.4257],[115.42142,-8.42748],[115.41962,-8.42926],[115.41783,-8.42748],[115.41962,-8.4257]]],[[[115.4293,-8.42562],[115.4311,-8.4274],[115.4293,-8.42918],[115.4275,-8.4274],[115.4293,-8.42562]]],[[[115.4756,-8.4273],[115.4774,-8.42552],[115.4792,-8.4273],[115.4774,-8.42908],[115.4756,-8.4273]]],[[[115.4436,-8.42412],[115.4454,-8.4259],[115.44502,-8.42627],[115.44554,-8.42678],[115.44487,-8.42744],[115.4457,-8.42826],[115.4439,-8.43004],[115.4421,-8.42826],[115.44277,-8.4276],[115.44195,-8.42678],[115.44232,-8.42641],[115.4418,-8.4259],[115.4436,-8.42412]]],[[[115.4848,-8.427],[115.483,-8.42878],[115.4812,-8.427],[115.483,-8.42522],[115.4848,-8.427]]],[[[115.4199,-8.42122],[115.4217,-8.423],[115.4199,-8.42478],[115.4181,-8.423],[115.4199,-8.42122]]],[[[115.44741,-8.41944],[115.4492,-8.42122],[115.44741,-8.42299],[115.44561,-8.42122],[115.44741,-8.41944]]],[[[115.4602,-8.41932],[115.462,-8.4211],[115.4602,-8.42288],[115.4584,-8.4211],[115.4602,-8.41932]]],[[[115.48794,-8.41905],[115.48973,-8.41727],[115.49153,-8.41905],[115.48973,-8.42082],[115.48794,-8.41905]]],[[[115.41898,-8.4173],[115.42077,-8.41553],[115.42257,-8.4173],[115.42077,-8.41908],[115.41898,-8.4173]]],[[[115.45686,-8.41415],[115.45866,-8.41593],[115.45686,-8.41771],[115.45506,-8.41593],[115.45686,-8.41415]]],[[[115.4474,-8.41312],[115.4492,-8.4149],[115.4474,-8.41668],[115.4456,-8.4149],[115.4474,-8.41312]]],[[[115.42041,-8.41281],[115.41862,-8.41459],[115.41682,-8.41281],[115.41862,-8.41104],[115.42041,-8.41281]]],[[[115.43879,-8.41061],[115.437,-8.41238],[115.4352,-8.41061],[115.437,-8.40883],[115.43879,-8.41061]]],[[[115.423,-8.40822],[115.4248,-8.41],[115.423,-8.41178],[115.4212,-8.41],[115.423,-8.40822]]],[[[115.4836,-8.40722],[115.4854,-8.409],[115.4836,-8.41078],[115.4818,-8.409],[115.4836,-8.40722]]],[[[115.4615,-8.40562],[115.4633,-8.4074],[115.4615,-8.40918],[115.4597,-8.4074],[115.4615,-8.40562]]],[[[115.43945,-8.40491],[115.44125,-8.40669],[115.43945,-8.40846],[115.43766,-8.40669],[115.43945,-8.40491]]],[[[115.42969,-8.40667],[115.43148,-8.4049],[115.43328,-8.40667],[115.43148,-8.40845],[115.42969,-8.40667]]],[[[115.449,-8.40322],[115.4508,-8.405],[115.449,-8.40678],[115.4472,-8.405],[115.449,-8.40322]]],[[[115.4752,-8.39932],[115.477,-8.4011],[115.4752,-8.40288],[115.4734,-8.4011],[115.4752,-8.39932]]],[[[115.4198,-8.39462],[115.4216,-8.3964],[115.4198,-8.39818],[115.418,-8.3964],[115.4198,-8.39462]]],[[[115.459,-8.39122],[115.4608,-8.393],[115.459,-8.39478],[115.4572,-8.393],[115.459,-8.39122]]],[[[115.44027,-8.38231],[115.44206,-8.38408],[115.44027,-8.38586],[115.44009,-8.38569],[115.44,-8.38578],[115.4382,-8.384],[115.44,-8.38222],[115.44018,-8.3824],[115.44027,-8.38231]]],[[[115.42652,-8.38329],[115.42832,-8.38151],[115.43011,-8.38329],[115.42832,-8.38507],[115.42652,-8.38329]]],[[[115.4725,-8.38142],[115.4743,-8.3832],[115.4725,-8.38498],[115.4707,-8.3832],[115.4725,-8.38142]]],[[[115.41929,-8.3818],[115.4196,-8.3821],[115.4178,-8.38388],[115.416,-8.3821],[115.41631,-8.3818],[115.416,-8.3815],[115.4178,-8.37972],[115.4196,-8.3815],[115.41929,-8.3818]]],[[[115.454,-8.37922],[115.4558,-8.381],[115.454,-8.38278],[115.4522,-8.381],[115.454,-8.37922]]],[[[115.4452,-8.3793],[115.447,-8.37752],[115.4488,-8.3793],[115.447,-8.38108],[115.4452,-8.3793]]],[[[115.43772,-8.37189],[115.43952,-8.37367],[115.43772,-8.37545],[115.43592,-8.37367],[115.43772,-8.37189]]],[[[115.4668,-8.373],[115.465,-8.37478],[115.4632,-8.373],[115.465,-8.37122],[115.4668,-8.373]]],[[[115.4253,-8.35992],[115.4271,-8.3617],[115.4253,-8.36348],[115.4235,-8.3617],[115.4253,-8.35992]]],[[[115.41532,-8.35013],[115.41712,-8.35191],[115.41532,-8.35369],[115.41352,-8.35191],[115.41532,-8.35013]]],[[[115.4295,-8.34402],[115.4313,-8.3458],[115.4295,-8.34758],[115.4277,-8.3458],[115.4295,-8.34402]]],[[[115.4628,-8.30152],[115.4646,-8.3033],[115.4628,-8.30508],[115.461,-8.3033],[115.4628,-8.30152]]],[[[115.48222,-8.28529],[115.48402,-8.28706],[115.48222,-8.28884],[115.48043,-8.28706],[115.48222,-8.28529]]],[[[115.48262,-8.27692],[115.48442,-8.2787],[115.48262,-8.28048],[115.48082,-8.2787],[115.48262,-8.27692]]],[[[115.4831,-8.26942],[115.4849,-8.2712],[115.4831,-8.27298],[115.48285,-8.27273],[115.4827,-8.27288],[115.4809,-8.2711],[115.4827,-8.26932],[115.48295,-8.26957],[115.4831,-8.26942]]],[[[115.4241,-8.2516],[115.4259,-8.24982],[115.4277,-8.2516],[115.4259,-8.25338],[115.4241,-8.2516]]],[[[115.4481,-8.2483],[115.4463,-8.25008],[115.4445,-8.2483],[115.4463,-8.24652],[115.4481,-8.2483]]],[[[115.4777,-8.248],[115.4759,-8.24978],[115.4741,-8.248],[115.4759,-8.24622],[115.4777,-8.248]]],[[[115.4702,-8.2367],[115.472,-8.23492],[115.4738,-8.2367],[115.472,-8.23848],[115.4702,-8.2367]]],[[[115.48775,-8.22315],[115.4878,-8.2232],[115.486,-8.22498],[115.4842,-8.2232],[115.48425,-8.22315],[115.4842,-8.2231],[115.486,-8.22132],[115.4878,-8.2231],[115.48775,-8.22315]]],[[[115.43239,-8.21923],[115.43419,-8.221],[115.43239,-8.22278],[115.4306,-8.221],[115.43239,-8.21923]]],[[[115.46715,-8.22163],[115.467,-8.22178],[115.4652,-8.22],[115.46525,-8.21995],[115.465,-8.2197],[115.4668,-8.21792],[115.4671,-8.21822],[115.4672,-8.21812],[115.469,-8.2199],[115.4672,-8.22168],[115.46715,-8.22163]]],[[[115.4843,-8.21382],[115.4861,-8.2156],[115.4843,-8.21738],[115.4825,-8.2156],[115.4843,-8.21382]]],[[[115.455,-8.2106],[115.4568,-8.20882],[115.4586,-8.2106],[115.4568,-8.21238],[115.455,-8.2106]]],[[[115.42814,-8.20784],[115.42993,-8.20961],[115.42814,-8.21139],[115.42786,-8.21112],[115.4278,-8.21118],[115.426,-8.2094],[115.4278,-8.20762],[115.42808,-8.2079],[115.42814,-8.20784]]],[[[115.4757,-8.20592],[115.4775,-8.2077],[115.4757,-8.20948],[115.4739,-8.2077],[115.4757,-8.20592]]],[[[115.4908,-8.204],[115.489,-8.20578],[115.4872,-8.204],[115.489,-8.20222],[115.4908,-8.204]]],[[[115.4661,-8.19912],[115.4679,-8.2009],[115.4661,-8.20268],[115.4643,-8.2009],[115.4661,-8.19912]]],[[[115.4231,-8.2004],[115.4249,-8.19862],[115.4267,-8.2004],[115.4249,-8.20218],[115.4231,-8.2004]]],[[[115.4852,-8.19],[115.487,-8.18822],[115.4888,-8.19],[115.487,-8.19178],[115.4852,-8.19]]],[[[115.44325,-8.18864],[115.44327,-8.18866],[115.44147,-8.19044],[115.43968,-8.18866],[115.43982,-8.18852],[115.4398,-8.1885],[115.4416,-8.18672],[115.4434,-8.1885],[115.44325,-8.18864]]],[[[115.4707,-8.1875],[115.4725,-8.18572],[115.4743,-8.1875],[115.4725,-8.18928],[115.4707,-8.1875]]],[[[115.4594,-8.18462],[115.4612,-8.1864],[115.4594,-8.18818],[115.4576,-8.1864],[115.4594,-8.18462]]],[[[115.479,-8.18272],[115.4808,-8.1845],[115.479,-8.18628],[115.4772,-8.1845],[115.479,-8.18272]]],[[[115.466,-8.18022],[115.4678,-8.182],[115.466,-8.18378],[115.4642,-8.182],[115.466,-8.18022]]],[[[115.4569,-8.1808],[115.4551,-8.18258],[115.4533,-8.1808],[115.4551,-8.17902],[115.4569,-8.1808]]],[[[115.4668,-8.17712],[115.4686,-8.1789],[115.4668,-8.18068],[115.465,-8.1789],[115.4668,-8.17712]]],[[[115.44942,-8.17678],[115.45121,-8.175],[115.45301,-8.17678],[115.45121,-8.17856],[115.44942,-8.17678]]],[[[115.4554,-8.16822],[115.4572,-8.17],[115.4554,-8.17178],[115.4536,-8.17],[115.4554,-8.16822]]],[[[115.4304,-8.16802],[115.4322,-8.1698],[115.4304,-8.17158],[115.4286,-8.1698],[115.4304,-8.16802]]],[[[115.4337,-8.1619],[115.4355,-8.16012],[115.4373,-8.1619],[115.4355,-8.16368],[115.4337,-8.1619]]],[[[115.4443,-8.15972],[115.4461,-8.1615],[115.4443,-8.16328],[115.4425,-8.1615],[115.4443,-8.15972]]],[[[115.4342,-8.15572],[115.436,-8.1575],[115.4342,-8.15928],[115.4324,-8.1575],[115.4342,-8.15572]]],[[[115.4214,-8.1551],[115.4196,-8.15688],[115.4178,-8.1551],[115.4196,-8.15332],[115.4214,-8.1551]]],[[[115.4154,-8.15398],[115.4152,-8.15418],[115.4134,-8.1524],[115.4152,-8.15062],[115.4154,-8.15082],[115.4156,-8.15062],[115.4174,-8.1524],[115.4156,-8.15418],[115.4154,-8.15398]]],[[[115.56721,-8.8015],[115.56901,-8.79973],[115.5708,-8.8015],[115.56901,-8.80328],[115.56721,-8.8015]]],[[[115.54138,-8.78161],[115.54318,-8.78338],[115.54138,-8.78516],[115.53959,-8.78338],[115.54138,-8.78161]]],[[[115.55782,-8.78124],[115.55962,-8.78301],[115.55782,-8.78479],[115.55602,-8.78301],[115.55782,-8.78124]]],[[[115.51995,-8.77032],[115.52175,-8.76854],[115.52354,-8.77032],[115.52175,-8.77209],[115.51995,-8.77032]]],[[[115.54031,-8.76629],[115.54211,-8.76806],[115.54031,-8.76984],[115.53851,-8.76806],[115.54031,-8.76629]]],[[[115.54516,-8.76327],[115.54696,-8.76505],[115.54516,-8.76682],[115.54336,-8.76505],[115.54516,-8.76327]]],[[[115.5631,-8.76362],[115.5649,-8.76185],[115.56669,-8.76362],[115.5649,-8.7654],[115.5631,-8.76362]]],[[[115.51579,-8.75604],[115.51759,-8.75781],[115.51579,-8.75959],[115.51399,-8.75781],[115.51579,-8.75604]]],[[[115.53667,-8.75657],[115.5369,-8.7568],[115.5351,-8.75858],[115.5333,-8.7568],[115.53352,-8.75659],[115.53329,-8.75636],[115.53508,-8.75458],[115.53688,-8.75636],[115.53667,-8.75657]]],[[[115.48989,-8.75282],[115.49168,-8.75104],[115.49348,-8.75282],[115.49168,-8.75459],[115.48989,-8.75282]]],[[[115.5066,-8.74462],[115.5084,-8.7464],[115.5066,-8.74818],[115.5048,-8.7464],[115.5066,-8.74462]]],[[[115.5161,-8.73792],[115.5179,-8.7397],[115.5161,-8.74148],[115.5143,-8.7397],[115.5161,-8.73792]]],[[[115.51631,-8.73683],[115.51811,-8.73505],[115.5199,-8.73683],[115.51811,-8.73861],[115.51631,-8.73683]]],[[[115.57111,-8.73447],[115.5729,-8.73625],[115.57111,-8.73803],[115.56931,-8.73625],[115.57111,-8.73447]]],[[[115.49503,-8.73513],[115.49526,-8.73535],[115.49346,-8.73712],[115.49166,-8.73535],[115.49174,-8.73527],[115.49152,-8.73505],[115.49332,-8.73327],[115.49511,-8.73505],[115.49503,-8.73513]]],[[[115.51746,-8.73412],[115.51566,-8.73589],[115.51387,-8.73412],[115.51566,-8.73234],[115.51746,-8.73412]]],[[[115.54097,-8.73197],[115.54276,-8.73375],[115.54097,-8.73552],[115.53917,-8.73375],[115.54097,-8.73197]]],[[[115.57173,-8.7227],[115.57352,-8.72448],[115.57173,-8.72626],[115.56993,-8.72448],[115.57173,-8.7227]]],[[[115.51533,-8.71703],[115.51712,-8.7188],[115.51533,-8.72058],[115.51353,-8.7188],[115.51533,-8.71703]]],[[[115.53468,-8.71871],[115.53648,-8.71693],[115.53827,-8.71871],[115.53648,-8.72048],[115.53468,-8.71871]]],[[[115.5236,-8.71523],[115.5254,-8.71701],[115.5236,-8.71879],[115.52181,-8.71701],[115.5236,-8.71523]]],[[[115.56136,-8.71106],[115.56316,-8.71283],[115.56136,-8.71461],[115.55957,-8.71283],[115.56136,-8.71106]]],[[[115.54391,-8.70692],[115.5457,-8.7087],[115.54391,-8.71047],[115.54211,-8.7087],[115.54391,-8.70692]]],[[[115.56097,-8.70696],[115.56066,-8.70726],[115.56238,-8.70896],[115.56059,-8.71074],[115.55879,-8.70896],[115.55909,-8.70866],[115.55738,-8.70696],[115.55917,-8.70518],[115.56097,-8.70696]]],[[[115.49402,-8.70729],[115.49222,-8.70907],[115.49043,-8.70729],[115.49222,-8.70552],[115.49402,-8.70729]]],[[[115.52867,-8.70174],[115.52688,-8.70352],[115.52508,-8.70174],[115.52688,-8.69997],[115.52867,-8.70174]]],[[[115.56756,-8.69837],[115.56935,-8.70014],[115.56756,-8.70192],[115.56576,-8.70014],[115.56756,-8.69837]]],[[[115.55168,-8.69977],[115.55347,-8.69799],[115.55527,-8.69977],[115.55347,-8.70154],[115.55168,-8.69977]]],[[[115.51483,-8.69138],[115.51663,-8.69316],[115.51483,-8.69493],[115.51304,-8.69316],[115.51483,-8.69138]]],[[[115.53101,-8.68574],[115.53281,-8.68751],[115.53101,-8.68929],[115.52922,-8.68751],[115.53101,-8.68574]]],[[[115.522,-8.67582],[115.5238,-8.6776],[115.522,-8.67938],[115.5202,-8.6776],[115.522,-8.67582]]],[[[115.49277,-8.67484],[115.49456,-8.67662],[115.49444,-8.67674],[115.49456,-8.67686],[115.495,-8.67642],[115.4968,-8.6782],[115.495,-8.67998],[115.49364,-8.67864],[115.4932,-8.67908],[115.49146,-8.67736],[115.49086,-8.67795],[115.48906,-8.67618],[115.49086,-8.6744],[115.49204,-8.67556],[115.49277,-8.67484]]],[[[115.54379,-8.67497],[115.54559,-8.67674],[115.54379,-8.67852],[115.54199,-8.67674],[115.54379,-8.67497]]],[[[115.56892,-8.6748],[115.56713,-8.67657],[115.56533,-8.6748],[115.56713,-8.67302],[115.56892,-8.6748]]],[[[115.50785,-8.67385],[115.50606,-8.67563],[115.50426,-8.67385],[115.50606,-8.67208],[115.50785,-8.67385]]],[[[115.55132,-8.67197],[115.55311,-8.67374],[115.55132,-8.67552],[115.54952,-8.67374],[115.55132,-8.67197]]],[[[115.5642,-8.67162],[115.566,-8.6734],[115.5642,-8.67518],[115.5624,-8.6734],[115.5642,-8.67162]]],[[[115.55702,-8.67323],[115.55882,-8.67145],[115.56061,-8.67323],[115.55882,-8.675],[115.55702,-8.67323]]],[[[115.4951,-8.53432],[115.4969,-8.5361],[115.4951,-8.53788],[115.4933,-8.5361],[115.4951,-8.53432]]],[[[115.5083,-8.52842],[115.5101,-8.5302],[115.5083,-8.53198],[115.5065,-8.5302],[115.5083,-8.52842]]],[[[115.5034,-8.52392],[115.5052,-8.5257],[115.5034,-8.52748],[115.5016,-8.5257],[115.5034,-8.52392]]],[[[115.4978,-8.51822],[115.4996,-8.52],[115.4978,-8.52178],[115.4975,-8.52148],[115.4974,-8.52158],[115.4956,-8.5198],[115.4974,-8.51802],[115.4977,-8.51832],[115.4978,-8.51822]]],[[[115.4997,-8.5135],[115.4979,-8.51528],[115.4961,-8.5135],[115.49616,-8.51345],[115.4959,-8.5132],[115.4977,-8.51142],[115.4995,-8.5132],[115.49944,-8.51325],[115.4997,-8.5135]]],[[[115.5717,-8.50872],[115.5735,-8.5105],[115.5717,-8.51228],[115.5699,-8.5105],[115.5717,-8.50872]]],[[[115.50638,-8.50609],[115.50458,-8.50431],[115.50475,-8.50415],[115.5045,-8.5039],[115.5063,-8.50212],[115.5081,-8.5039],[115.50794,-8.50405],[115.5087,-8.5048],[115.5069,-8.50658],[115.50639,-8.50608],[115.50638,-8.50609]]],[[[115.5556,-8.4994],[115.55537,-8.49962],[115.55568,-8.49993],[115.55388,-8.50171],[115.55208,-8.49993],[115.55226,-8.49975],[115.55188,-8.49938],[115.55368,-8.49761],[115.55375,-8.49767],[115.5538,-8.49762],[115.5556,-8.4994]]],[[[115.5081,-8.50138],[115.50805,-8.50133],[115.508,-8.50138],[115.5062,-8.4996],[115.508,-8.49782],[115.50805,-8.49787],[115.5081,-8.49782],[115.5099,-8.4996],[115.5081,-8.50138]]],[[[115.5649,-8.49682],[115.5667,-8.4986],[115.5649,-8.50038],[115.5631,-8.4986],[115.5649,-8.49682]]],[[[115.54526,-8.49818],[115.54706,-8.4964],[115.54886,-8.49818],[115.54706,-8.49996],[115.54526,-8.49818]]],[[[115.5399,-8.49142],[115.5417,-8.4932],[115.5399,-8.49498],[115.5381,-8.4932],[115.5399,-8.49142]]],[[[115.5246,-8.49102],[115.5264,-8.4928],[115.5246,-8.49458],[115.5228,-8.4928],[115.5246,-8.49102]]],[[[115.5661,-8.49052],[115.5679,-8.4923],[115.5661,-8.49408],[115.5643,-8.4923],[115.5661,-8.49052]]],[[[115.5067,-8.4901],[115.5049,-8.49188],[115.5031,-8.4901],[115.5049,-8.48832],[115.5067,-8.4901]]],[[[115.5286,-8.48522],[115.53005,-8.48666],[115.5316,-8.48512],[115.5334,-8.4869],[115.53324,-8.48705],[115.534,-8.4878],[115.5322,-8.48958],[115.5304,-8.4878],[115.53056,-8.48765],[115.53015,-8.48724],[115.5286,-8.48878],[115.5268,-8.487],[115.5286,-8.48522]]],[[[115.5612,-8.487],[115.563,-8.48522],[115.5648,-8.487],[115.563,-8.48878],[115.5612,-8.487]]],[[[115.5243,-8.48522],[115.5261,-8.487],[115.5243,-8.48878],[115.5225,-8.487],[115.5243,-8.48522]]],[[[115.5136,-8.48471],[115.51539,-8.48648],[115.5136,-8.48826],[115.5118,-8.48648],[115.5136,-8.48471]]],[[[115.5448,-8.48232],[115.5466,-8.4841],[115.5448,-8.48588],[115.543,-8.4841],[115.5448,-8.48232]]],[[[115.5217,-8.4825],[115.5235,-8.48072],[115.5253,-8.4825],[115.5235,-8.48428],[115.5217,-8.4825]]],[[[115.5658,-8.47962],[115.5676,-8.4814],[115.5658,-8.48318],[115.564,-8.4814],[115.5658,-8.47962]]],[[[115.5355,-8.48278],[115.5354,-8.48268],[115.5353,-8.48278],[115.5335,-8.481],[115.5353,-8.47922],[115.5354,-8.47932],[115.5355,-8.47922],[115.5373,-8.481],[115.5355,-8.48278]]],[[[115.5221,-8.4791],[115.5203,-8.48088],[115.5185,-8.4791],[115.5203,-8.47732],[115.5221,-8.4791]]],[[[115.5446,-8.4763],[115.5464,-8.47452],[115.5482,-8.4763],[115.5464,-8.47808],[115.5446,-8.4763]]],[[[115.5373,-8.47362],[115.5391,-8.4754],[115.5373,-8.47718],[115.5355,-8.4754],[115.5373,-8.47362]]],[[[115.5667,-8.47222],[115.5685,-8.474],[115.5667,-8.47578],[115.5649,-8.474],[115.5667,-8.47222]]],[[[115.5364,-8.4705],[115.5382,-8.46872],[115.54,-8.4705],[115.5382,-8.47228],[115.5364,-8.4705]]],[[[115.49333,-8.46301],[115.49512,-8.46479],[115.49333,-8.46656],[115.49153,-8.46479],[115.49333,-8.46301]]],[[[115.50824,-8.45768],[115.51004,-8.45946],[115.50824,-8.46124],[115.50645,-8.45946],[115.50824,-8.45768]]],[[[115.49779,-8.4563],[115.49959,-8.45808],[115.49779,-8.45986],[115.49599,-8.45808],[115.49779,-8.4563]]],[[[115.5598,-8.4551],[115.558,-8.45688],[115.5562,-8.4551],[115.558,-8.45332],[115.5598,-8.4551]]],[[[115.52228,-8.45254],[115.52407,-8.45432],[115.52228,-8.4561],[115.52048,-8.45432],[115.52228,-8.45254]]],[[[115.51283,-8.45035],[115.51463,-8.45213],[115.51283,-8.45391],[115.51103,-8.45213],[115.51283,-8.45035]]],[[[115.53511,-8.44873],[115.53691,-8.45051],[115.53511,-8.45229],[115.53332,-8.45051],[115.53511,-8.44873]]],[[[115.5061,-8.4504],[115.5079,-8.44862],[115.5097,-8.4504],[115.5079,-8.45218],[115.5061,-8.4504]]],[[[115.4994,-8.44572],[115.5012,-8.4475],[115.4994,-8.44928],[115.4976,-8.4475],[115.4994,-8.44572]]],[[[115.5274,-8.44552],[115.5292,-8.4473],[115.5274,-8.44908],[115.5256,-8.4473],[115.5274,-8.44552]]],[[[115.5628,-8.4472],[115.5646,-8.44542],[115.5664,-8.4472],[115.5646,-8.44898],[115.5628,-8.4472]]],[[[115.53251,-8.44466],[115.5343,-8.44644],[115.53251,-8.44822],[115.53071,-8.44644],[115.53251,-8.44466]]],[[[115.49422,-8.44553],[115.49242,-8.44731],[115.49062,-8.44553],[115.49242,-8.44376],[115.49422,-8.44553]]],[[[115.51849,-8.44351],[115.51669,-8.44528],[115.51489,-8.44351],[115.51669,-8.44173],[115.51849,-8.44351]]],[[[115.5474,-8.44152],[115.5492,-8.4433],[115.5474,-8.44508],[115.5456,-8.4433],[115.5474,-8.44152]]],[[[115.5423,-8.4417],[115.54114,-8.44285],[115.5419,-8.4436],[115.5401,-8.44538],[115.5383,-8.4436],[115.53946,-8.44245],[115.5387,-8.4417],[115.5405,-8.43992],[115.5423,-8.4417]]],[[[115.56039,-8.43966],[115.56219,-8.44144],[115.56039,-8.44322],[115.5586,-8.44144],[115.56039,-8.43966]]],[[[115.5045,-8.4402],[115.5063,-8.43842],[115.5081,-8.4402],[115.5063,-8.44198],[115.5045,-8.4402]]],[[[115.5288,-8.43652],[115.5306,-8.4383],[115.5288,-8.44008],[115.527,-8.4383],[115.5288,-8.43652]]],[[[115.5635,-8.43538],[115.56376,-8.43565],[115.56403,-8.43539],[115.56568,-8.43702],[115.56584,-8.43686],[115.56764,-8.43863],[115.56584,-8.44041],[115.56419,-8.43878],[115.56403,-8.43894],[115.56376,-8.43868],[115.5635,-8.43894],[115.5617,-8.43716],[115.5635,-8.43538]]],[[[115.5382,-8.4376],[115.54,-8.43582],[115.5418,-8.4376],[115.54,-8.43938],[115.5382,-8.4376]]],[[[115.5671,-8.43252],[115.5689,-8.4343],[115.5671,-8.43608],[115.5653,-8.4343],[115.5671,-8.43252]]],[[[115.50304,-8.43425],[115.50125,-8.43602],[115.49945,-8.43425],[115.50125,-8.43247],[115.50304,-8.43425]]],[[[115.5366,-8.43082],[115.5384,-8.4326],[115.5366,-8.43438],[115.5348,-8.4326],[115.5366,-8.43082]]],[[[115.54956,-8.43241],[115.55136,-8.43063],[115.55315,-8.43241],[115.55136,-8.43419],[115.54956,-8.43241]]],[[[115.5442,-8.43062],[115.546,-8.4324],[115.5442,-8.43418],[115.5424,-8.4324],[115.5442,-8.43062]]],[[[115.49636,-8.43048],[115.49815,-8.43225],[115.49636,-8.43403],[115.49456,-8.43225],[115.49636,-8.43048]]],[[[115.4924,-8.42892],[115.4942,-8.4307],[115.4924,-8.43248],[115.4906,-8.4307],[115.4924,-8.42892]]],[[[115.5717,-8.42732],[115.5735,-8.4291],[115.5717,-8.43088],[115.5699,-8.4291],[115.5717,-8.42732]]],[[[115.5064,-8.4275],[115.5082,-8.42572],[115.51,-8.4275],[115.5082,-8.42928],[115.5064,-8.4275]]],[[[115.53581,-8.42709],[115.53447,-8.42842],[115.53268,-8.42664],[115.53447,-8.42486],[115.53516,-8.42554],[115.5365,-8.42422],[115.5383,-8.426],[115.5365,-8.42778],[115.53581,-8.42709]]],[[[115.5576,-8.4263],[115.5558,-8.42808],[115.554,-8.4263],[115.5558,-8.42452],[115.5576,-8.4263]]],[[[115.5472,-8.426],[115.549,-8.42422],[115.5508,-8.426],[115.549,-8.42778],[115.5472,-8.426]]],[[[115.5682,-8.422],[115.57,-8.42022],[115.5718,-8.422],[115.57,-8.42378],[115.5682,-8.422]]],[[[115.50277,-8.41443],[115.50456,-8.41621],[115.50277,-8.41799],[115.50097,-8.41621],[115.50277,-8.41443]]],[[[115.56269,-8.41381],[115.56449,-8.41558],[115.56269,-8.41736],[115.56089,-8.41558],[115.56269,-8.41381]]],[[[115.5396,-8.4145],[115.5414,-8.41272],[115.5432,-8.4145],[115.5414,-8.41628],[115.5396,-8.4145]]],[[[115.5704,-8.40882],[115.5722,-8.4106],[115.5704,-8.41238],[115.5686,-8.4106],[115.5704,-8.40882]]],[[[115.5353,-8.4083],[115.5371,-8.40652],[115.5389,-8.4083],[115.5371,-8.41008],[115.5353,-8.4083]]],[[[115.5703,-8.4073],[115.5685,-8.40908],[115.5667,-8.4073],[115.56673,-8.40728],[115.56661,-8.40717],[115.56841,-8.40539],[115.57021,-8.40717],[115.57018,-8.40719],[115.5703,-8.4073]]],[[[115.55378,-8.40513],[115.55558,-8.4069],[115.55378,-8.40868],[115.55198,-8.4069],[115.55378,-8.40513]]],[[[115.51562,-8.39941],[115.5155,-8.3993],[115.5173,-8.39752],[115.5191,-8.3993],[115.51905,-8.39935],[115.51916,-8.39946],[115.51736,-8.40124],[115.51557,-8.39946],[115.51562,-8.39941]]],[[[115.5629,-8.39604],[115.5647,-8.39781],[115.5629,-8.39959],[115.56111,-8.39781],[115.5629,-8.39604]]],[[[115.52861,-8.39479],[115.53041,-8.39656],[115.52861,-8.39834],[115.52682,-8.39656],[115.52861,-8.39479]]],[[[115.54144,-8.38935],[115.54324,-8.39112],[115.54144,-8.3929],[115.53965,-8.39112],[115.54144,-8.38935]]],[[[115.5704,-8.38142],[115.5722,-8.3832],[115.5704,-8.38498],[115.5686,-8.3832],[115.5704,-8.38142]]],[[[115.5449,-8.375],[115.5467,-8.37322],[115.5485,-8.375],[115.5467,-8.37678],[115.5449,-8.375]]],[[[115.5615,-8.34122],[115.5633,-8.343],[115.5615,-8.34478],[115.5597,-8.343],[115.5615,-8.34122]]],[[[115.571,-8.29322],[115.5728,-8.295],[115.571,-8.29678],[115.5692,-8.295],[115.571,-8.29322]]],[[[115.49728,-8.28752],[115.49908,-8.2893],[115.49728,-8.29108],[115.49549,-8.2893],[115.49728,-8.28752]]],[[[115.56511,-8.28586],[115.56691,-8.28764],[115.56511,-8.28942],[115.56331,-8.28764],[115.56511,-8.28586]]],[[[115.5523,-8.27962],[115.5541,-8.2814],[115.5523,-8.28318],[115.5505,-8.2814],[115.5523,-8.27962]]],[[[115.5352,-8.2813],[115.537,-8.27952],[115.5388,-8.2813],[115.537,-8.28308],[115.5352,-8.2813]]],[[[115.551,-8.27222],[115.5528,-8.274],[115.551,-8.27578],[115.5492,-8.274],[115.551,-8.27222]]],[[[115.4892,-8.2716],[115.491,-8.26982],[115.4928,-8.2716],[115.491,-8.27338],[115.4892,-8.2716]]],[[[115.5367,-8.2694],[115.5385,-8.26762],[115.5403,-8.2694],[115.5385,-8.27118],[115.5367,-8.2694]]],[[[115.50198,-8.26179],[115.50378,-8.26357],[115.50198,-8.26535],[115.50019,-8.26357],[115.50198,-8.26179]]],[[[115.563,-8.26122],[115.5648,-8.263],[115.563,-8.26478],[115.5612,-8.263],[115.563,-8.26122]]],[[[115.5398,-8.262],[115.538,-8.26378],[115.5362,-8.262],[115.538,-8.26022],[115.5398,-8.262]]],[[[115.5565,-8.2535],[115.5583,-8.25172],[115.5601,-8.2535],[115.5583,-8.25528],[115.5565,-8.2535]]],[[[115.5672,-8.24992],[115.569,-8.2517],[115.56744,-8.25324],[115.5676,-8.2534],[115.56737,-8.25362],[115.56751,-8.25376],[115.56571,-8.25554],[115.56391,-8.25376],[115.56414,-8.25354],[115.564,-8.2534],[115.56556,-8.25186],[115.5654,-8.2517],[115.5672,-8.24992]]],[[[115.564,-8.24422],[115.5658,-8.246],[115.564,-8.24778],[115.5622,-8.246],[115.564,-8.24422]]],[[[115.5433,-8.24152],[115.5451,-8.2433],[115.5433,-8.24508],[115.5415,-8.2433],[115.5433,-8.24152]]],[[[115.5075,-8.2371],[115.5093,-8.23532],[115.5111,-8.2371],[115.5093,-8.23888],[115.5075,-8.2371]]],[[[115.555,-8.23422],[115.5568,-8.236],[115.555,-8.23778],[115.5532,-8.236],[115.555,-8.23422]]],[[[115.4921,-8.23142],[115.4939,-8.2332],[115.4921,-8.23498],[115.4903,-8.2332],[115.4921,-8.23142]]],[[[115.5442,-8.2251],[115.5424,-8.22688],[115.5406,-8.2251],[115.5424,-8.22332],[115.5442,-8.2251]]],[[[115.5125,-8.22092],[115.5143,-8.2227],[115.5125,-8.22448],[115.5107,-8.2227],[115.5125,-8.22092]]],[[[115.4999,-8.21642],[115.5017,-8.2182],[115.4999,-8.21998],[115.4981,-8.2182],[115.4999,-8.21642]]],[[[115.5122,-8.21352],[115.514,-8.2153],[115.5122,-8.21708],[115.5104,-8.2153],[115.5122,-8.21352]]],[[[115.5218,-8.2143],[115.5236,-8.21252],[115.5254,-8.2143],[115.5236,-8.21608],[115.5218,-8.2143]]],[[[115.5028,-8.21142],[115.5046,-8.2132],[115.5028,-8.21498],[115.501,-8.2132],[115.5028,-8.21142]]],[[[115.5174,-8.21002],[115.5192,-8.2118],[115.5174,-8.21358],[115.5156,-8.2118],[115.5174,-8.21002]]],[[[115.4991,-8.2078],[115.5009,-8.20602],[115.5027,-8.2078],[115.5009,-8.20958],[115.4991,-8.2078]]],[[[115.501,-8.20022],[115.5028,-8.202],[115.501,-8.20378],[115.4992,-8.202],[115.501,-8.20022]]],[[[115.5009,-8.1997],[115.4991,-8.20148],[115.4973,-8.1997],[115.4991,-8.19792],[115.5009,-8.1997]]],[[[115.4927,-8.1942],[115.4909,-8.19598],[115.4891,-8.1942],[115.48936,-8.19395],[115.4892,-8.1938],[115.491,-8.19202],[115.4928,-8.1938],[115.49254,-8.19405],[115.4927,-8.1942]]],[[[115.59998,-8.79735],[115.60178,-8.79558],[115.60357,-8.79735],[115.60178,-8.79913],[115.59998,-8.79735]]],[[[115.60809,-8.77582],[115.60989,-8.7776],[115.60809,-8.77938],[115.6063,-8.7776],[115.60809,-8.77582]]],[[[115.58179,-8.77364],[115.58107,-8.77435],[115.57928,-8.77257],[115.57943,-8.77242],[115.5789,-8.7719],[115.5807,-8.77012],[115.58217,-8.77158],[115.58274,-8.77102],[115.58453,-8.77279],[115.58274,-8.77457],[115.58179,-8.77364]]],[[[115.60944,-8.75402],[115.61124,-8.75579],[115.60944,-8.75757],[115.60765,-8.75579],[115.60944,-8.75402]]],[[[115.6029,-8.75472],[115.6047,-8.75295],[115.60649,-8.75472],[115.6047,-8.7565],[115.6029,-8.75472]]],[[[115.59149,-8.74688],[115.59176,-8.74715],[115.58996,-8.74893],[115.58817,-8.74715],[115.58836,-8.74696],[115.58808,-8.74669],[115.58988,-8.74492],[115.59167,-8.74669],[115.59149,-8.74688]]],[[[115.61026,-8.73773],[115.61205,-8.73595],[115.61385,-8.73773],[115.61205,-8.73951],[115.61026,-8.73773]]],[[[115.59864,-8.72557],[115.60043,-8.72734],[115.59864,-8.72912],[115.59684,-8.72734],[115.59864,-8.72557]]],[[[115.58309,-8.70648],[115.58488,-8.70471],[115.58668,-8.70648],[115.58488,-8.70826],[115.58309,-8.70648]]],[[[115.57137,-8.67941],[115.57317,-8.67764],[115.57496,-8.67941],[115.57317,-8.68119],[115.57137,-8.67941]]],[[[115.5828,-8.5038],[115.581,-8.50558],[115.5806,-8.50518],[115.58,-8.50578],[115.5782,-8.504],[115.58,-8.50222],[115.5804,-8.50262],[115.581,-8.50202],[115.5828,-8.5038]]],[[[115.59571,-8.49675],[115.59751,-8.49853],[115.59571,-8.5003],[115.59391,-8.49853],[115.59571,-8.49675]]],[[[115.59267,-8.48896],[115.5927,-8.48892],[115.5945,-8.4907],[115.5927,-8.49248],[115.59244,-8.49222],[115.59241,-8.49225],[115.59061,-8.49048],[115.59171,-8.48939],[115.59,-8.4877],[115.5918,-8.48592],[115.5936,-8.4877],[115.5925,-8.48879],[115.59267,-8.48896]]],[[[115.59551,-8.48767],[115.59731,-8.4859],[115.5991,-8.48767],[115.59731,-8.48945],[115.59551,-8.48767]]],[[[115.60112,-8.48725],[115.60094,-8.48707],[115.60061,-8.4874],[115.59881,-8.48563],[115.60061,-8.48385],[115.60078,-8.48402],[115.60112,-8.48369],[115.60291,-8.48547],[115.60112,-8.48725]]],[[[115.60516,-8.48221],[115.60696,-8.48399],[115.60516,-8.48577],[115.60337,-8.48399],[115.60516,-8.48221]]],[[[115.5745,-8.481],[115.5727,-8.48278],[115.5709,-8.481],[115.5727,-8.47922],[115.5745,-8.481]]],[[[115.597,-8.47722],[115.5988,-8.479],[115.597,-8.48078],[115.5952,-8.479],[115.597,-8.47722]]],[[[115.61651,-8.4734],[115.6162,-8.4731],[115.618,-8.47132],[115.6198,-8.4731],[115.61846,-8.47442],[115.61877,-8.47472],[115.61697,-8.4765],[115.61518,-8.47472],[115.61651,-8.4734]]],[[[115.61455,-8.46835],[115.61635,-8.47013],[115.61455,-8.47191],[115.61275,-8.47013],[115.61455,-8.46835]]],[[[115.59199,-8.46798],[115.59378,-8.46976],[115.59199,-8.47153],[115.59019,-8.46976],[115.59199,-8.46798]]],[[[115.5718,-8.46072],[115.5736,-8.4625],[115.5718,-8.46428],[115.57,-8.4625],[115.5718,-8.46072]]],[[[115.59592,-8.46178],[115.59772,-8.46],[115.59952,-8.46178],[115.59772,-8.46356],[115.59592,-8.46178]]],[[[115.581,-8.45992],[115.5828,-8.4617],[115.581,-8.46348],[115.5792,-8.4617],[115.581,-8.45992]]],[[[115.60778,-8.46024],[115.60598,-8.46201],[115.60418,-8.46024],[115.60598,-8.45846],[115.60778,-8.46024]]],[[[115.62934,-8.46018],[115.62754,-8.46195],[115.62575,-8.46018],[115.62754,-8.4584],[115.62934,-8.46018]]],[[[115.5829,-8.46084],[115.58399,-8.45977],[115.5822,-8.458],[115.584,-8.45622],[115.58446,-8.45668],[115.58448,-8.45666],[115.58628,-8.45843],[115.58517,-8.45953],[115.58649,-8.46084],[115.5847,-8.46262],[115.5829,-8.46084]]],[[[115.5799,-8.45732],[115.5817,-8.4591],[115.5799,-8.46088],[115.5781,-8.4591],[115.5799,-8.45732]]],[[[115.59286,-8.45793],[115.59466,-8.45616],[115.59646,-8.45793],[115.59466,-8.45971],[115.59286,-8.45793]]],[[[115.615,-8.45422],[115.6168,-8.456],[115.615,-8.45778],[115.6132,-8.456],[115.615,-8.45422]]],[[[115.60208,-8.45413],[115.60387,-8.4559],[115.60208,-8.45768],[115.60028,-8.4559],[115.60208,-8.45413]]],[[[115.6262,-8.454],[115.628,-8.45222],[115.6298,-8.454],[115.628,-8.45578],[115.6262,-8.454]]],[[[115.64869,-8.45218],[115.65048,-8.45396],[115.64869,-8.45573],[115.64689,-8.45396],[115.64869,-8.45218]]],[[[115.6004,-8.4511],[115.6022,-8.44932],[115.604,-8.4511],[115.60253,-8.45255],[115.60264,-8.45266],[115.60084,-8.45444],[115.59904,-8.45266],[115.60051,-8.45121],[115.6004,-8.4511]]],[[[115.61849,-8.45072],[115.61669,-8.4525],[115.6149,-8.45072],[115.61669,-8.44895],[115.61849,-8.45072]]],[[[115.6057,-8.45268],[115.6039,-8.4509],[115.60556,-8.44926],[115.6054,-8.4491],[115.6072,-8.44732],[115.6077,-8.44782],[115.60781,-8.4477],[115.6073,-8.4472],[115.60781,-8.4467],[115.6075,-8.4464],[115.6093,-8.44462],[115.6111,-8.4464],[115.61059,-8.4469],[115.6109,-8.4472],[115.60969,-8.4484],[115.6102,-8.4489],[115.6102,-8.4489],[115.6103,-8.449],[115.6085,-8.45078],[115.6079,-8.45018],[115.60734,-8.45074],[115.6075,-8.4509],[115.6057,-8.45268]]],[[[115.63624,-8.44805],[115.63804,-8.44627],[115.63984,-8.44805],[115.63804,-8.44983],[115.63624,-8.44805]]],[[[115.6046,-8.44602],[115.6064,-8.4478],[115.6046,-8.44958],[115.6028,-8.4478],[115.6046,-8.44602]]],[[[115.61279,-8.44601],[115.61459,-8.44779],[115.61279,-8.44956],[115.61099,-8.44779],[115.61279,-8.44601]]],[[[115.5865,-8.44758],[115.58518,-8.44628],[115.58354,-8.4479],[115.58175,-8.44612],[115.58354,-8.44435],[115.58486,-8.44565],[115.5865,-8.44402],[115.5883,-8.4458],[115.5865,-8.44758]]],[[[115.6215,-8.4453],[115.6233,-8.44352],[115.6251,-8.4453],[115.6233,-8.44708],[115.6215,-8.4453]]],[[[115.60174,-8.44266],[115.60354,-8.44444],[115.60174,-8.44621],[115.6003,-8.44479],[115.5993,-8.44578],[115.5975,-8.444],[115.5993,-8.44222],[115.60074,-8.44365],[115.60174,-8.44266]]],[[[115.6371,-8.44142],[115.6389,-8.4432],[115.6371,-8.44498],[115.6353,-8.4432],[115.6371,-8.44142]]],[[[115.65419,-8.44286],[115.65239,-8.44463],[115.6506,-8.44286],[115.65239,-8.44108],[115.65419,-8.44286]]],[[[115.58997,-8.44097],[115.59177,-8.44274],[115.58997,-8.44452],[115.58817,-8.44274],[115.58997,-8.44097]]],[[[115.57272,-8.4397],[115.57452,-8.44147],[115.57272,-8.44325],[115.57092,-8.44147],[115.57272,-8.4397]]],[[[115.5986,-8.4387],[115.59744,-8.43985],[115.59755,-8.43996],[115.59819,-8.43932],[115.59999,-8.4411],[115.59884,-8.44224],[115.5989,-8.4423],[115.5971,-8.44408],[115.5953,-8.4423],[115.59581,-8.44179],[115.5942,-8.4402],[115.59536,-8.43905],[115.595,-8.4387],[115.5968,-8.43692],[115.5986,-8.4387]]],[[[115.61494,-8.44046],[115.61673,-8.43868],[115.61853,-8.44046],[115.61673,-8.44223],[115.61494,-8.44046]]],[[[115.6174,-8.4393],[115.6192,-8.43752],[115.621,-8.4393],[115.6192,-8.44108],[115.6174,-8.4393]]],[[[115.66446,-8.43915],[115.6643,-8.439],[115.6661,-8.43722],[115.6679,-8.439],[115.66774,-8.43915],[115.6679,-8.4393],[115.6661,-8.44108],[115.6643,-8.4393],[115.66446,-8.43915]]],[[[115.60447,-8.43597],[115.60627,-8.43775],[115.60447,-8.43952],[115.60268,-8.43775],[115.60447,-8.43597]]],[[[115.61435,-8.43675],[115.61361,-8.43748],[115.61419,-8.43806],[115.61305,-8.43919],[115.6144,-8.44052],[115.6126,-8.4423],[115.61081,-8.44052],[115.61195,-8.43939],[115.6106,-8.43806],[115.61134,-8.43733],[115.61076,-8.43675],[115.61147,-8.43605],[115.61,-8.4346],[115.61031,-8.4343],[115.6096,-8.4336],[115.6114,-8.43182],[115.61245,-8.43286],[115.614,-8.43132],[115.6158,-8.4331],[115.614,-8.43488],[115.61295,-8.43384],[115.61289,-8.4339],[115.6136,-8.4346],[115.61289,-8.4353],[115.61435,-8.43675]]],[[[115.6229,-8.436],[115.6211,-8.43778],[115.6193,-8.436],[115.6211,-8.43422],[115.6229,-8.436]]],[[[115.67094,-8.43543],[115.67274,-8.43365],[115.67454,-8.43543],[115.67274,-8.43721],[115.67094,-8.43543]]],[[[115.65024,-8.43332],[115.65204,-8.4351],[115.65024,-8.43688],[115.64845,-8.4351],[115.65024,-8.43332]]],[[[115.5879,-8.4345],[115.5897,-8.43272],[115.5915,-8.4345],[115.5897,-8.43628],[115.5879,-8.4345]]],[[[115.65947,-8.43108],[115.65893,-8.43162],[115.6606,-8.43327],[115.65881,-8.43504],[115.65712,-8.43338],[115.6554,-8.43508],[115.6536,-8.4333],[115.65507,-8.43185],[115.6542,-8.431],[115.656,-8.42922],[115.65688,-8.43009],[115.65768,-8.42931],[115.65947,-8.43108]],[[115.65633,-8.43245],[115.65709,-8.43319],[115.65755,-8.43273],[115.6568,-8.43199],[115.65633,-8.43245]]],[[[115.6076,-8.42922],[115.6094,-8.431],[115.6076,-8.43278],[115.6058,-8.431],[115.6076,-8.42922]]],[[[115.5907,-8.42862],[115.5925,-8.4304],[115.5907,-8.43218],[115.5889,-8.4304],[115.5907,-8.42862]]],[[[115.627,-8.4298],[115.6288,-8.42802],[115.6306,-8.4298],[115.6288,-8.43158],[115.627,-8.4298]]],[[[115.67952,-8.42973],[115.67772,-8.43151],[115.67592,-8.42973],[115.67772,-8.42795],[115.67952,-8.42973]]],[[[115.62543,-8.42963],[115.62364,-8.43141],[115.62184,-8.42963],[115.62364,-8.42786],[115.62543,-8.42963]]],[[[115.6649,-8.4281],[115.6667,-8.42632],[115.6685,-8.4281],[115.6667,-8.42988],[115.6649,-8.4281]]],[[[115.614,-8.42622],[115.6158,-8.428],[115.614,-8.42978],[115.6122,-8.428],[115.614,-8.42622]]],[[[115.6345,-8.42502],[115.6363,-8.4268],[115.6345,-8.42858],[115.6327,-8.4268],[115.6345,-8.42502]]],[[[115.5944,-8.4252],[115.5962,-8.42342],[115.598,-8.4252],[115.5962,-8.42698],[115.5944,-8.4252]]],[[[115.6808,-8.42242],[115.6826,-8.4242],[115.6808,-8.42598],[115.679,-8.4242],[115.6808,-8.42242]]],[[[115.59243,-8.42082],[115.59423,-8.42259],[115.59243,-8.42437],[115.59063,-8.42259],[115.59243,-8.42082]]],[[[115.57818,-8.42063],[115.57998,-8.4224],[115.57818,-8.42418],[115.57639,-8.4224],[115.57818,-8.42063]]],[[[115.6624,-8.42032],[115.6642,-8.4221],[115.6624,-8.42388],[115.6606,-8.4221],[115.6624,-8.42032]]],[[[115.6338,-8.422],[115.632,-8.42378],[115.6302,-8.422],[115.632,-8.42022],[115.6338,-8.422]]],[[[115.6913,-8.41982],[115.6931,-8.4216],[115.6913,-8.42338],[115.6895,-8.4216],[115.6913,-8.41982]]],[[[115.6152,-8.419],[115.617,-8.41722],[115.6188,-8.419],[115.617,-8.42078],[115.6152,-8.419]]],[[[115.67356,-8.41712],[115.67535,-8.41889],[115.67356,-8.42067],[115.67176,-8.41889],[115.67356,-8.41712]]],[[[115.65066,-8.41645],[115.65246,-8.41823],[115.65066,-8.42],[115.64886,-8.41823],[115.65066,-8.41645]]],[[[115.60295,-8.41604],[115.60474,-8.41426],[115.60654,-8.41604],[115.60474,-8.41781],[115.60295,-8.41604]]],[[[115.631,-8.41322],[115.6328,-8.415],[115.631,-8.41678],[115.6292,-8.415],[115.631,-8.41322]]],[[[115.6393,-8.41222],[115.6411,-8.414],[115.6393,-8.41578],[115.6375,-8.414],[115.6393,-8.41222]]],[[[115.5811,-8.4138],[115.5793,-8.41558],[115.5775,-8.4138],[115.5793,-8.41202],[115.5811,-8.4138]]],[[[115.6171,-8.41172],[115.6189,-8.4135],[115.6171,-8.41528],[115.6153,-8.4135],[115.6171,-8.41172]]],[[[115.6868,-8.41032],[115.6886,-8.4121],[115.6868,-8.41388],[115.685,-8.4121],[115.6868,-8.41032]]],[[[115.5991,-8.41048],[115.599,-8.41038],[115.5988,-8.41058],[115.597,-8.4088],[115.5988,-8.40702],[115.5989,-8.40712],[115.5991,-8.40692],[115.6009,-8.4087],[115.5991,-8.41048]]],[[[115.626,-8.40622],[115.6278,-8.408],[115.626,-8.40978],[115.6242,-8.408],[115.626,-8.40622]]],[[[115.58757,-8.40264],[115.58757,-8.40264],[115.5879,-8.40232],[115.5897,-8.4041],[115.5879,-8.40588],[115.58789,-8.40587],[115.58757,-8.40619],[115.58577,-8.40442],[115.58757,-8.40264]]],[[[115.7017,-8.40202],[115.7035,-8.4038],[115.7017,-8.40558],[115.6999,-8.4038],[115.7017,-8.40202]]],[[[115.5723,-8.40192],[115.5741,-8.4037],[115.5723,-8.40548],[115.5705,-8.4037],[115.5723,-8.40192]]],[[[115.59619,-8.40175],[115.59799,-8.40352],[115.59619,-8.4053],[115.59439,-8.40352],[115.59619,-8.40175]]],[[[115.6178,-8.39612],[115.6196,-8.3979],[115.6178,-8.39968],[115.616,-8.3979],[115.6178,-8.39612]]],[[[115.5843,-8.3971],[115.5825,-8.39888],[115.5807,-8.3971],[115.5825,-8.39532],[115.5843,-8.3971]]],[[[115.59663,-8.39665],[115.5979,-8.3979],[115.5961,-8.39968],[115.5943,-8.3979],[115.59547,-8.39675],[115.5942,-8.3955],[115.596,-8.39372],[115.5964,-8.39411],[115.5976,-8.39292],[115.5994,-8.3947],[115.5976,-8.39648],[115.5972,-8.39609],[115.59663,-8.39665]]],[[[115.619,-8.39222],[115.6208,-8.394],[115.619,-8.39578],[115.6172,-8.394],[115.619,-8.39222]]],[[[115.586,-8.38872],[115.5878,-8.3905],[115.586,-8.39228],[115.5842,-8.3905],[115.586,-8.38872]]],[[[115.6228,-8.3875],[115.62243,-8.38786],[115.62253,-8.38795],[115.62073,-8.38973],[115.61894,-8.38795],[115.6193,-8.38759],[115.6192,-8.3875],[115.621,-8.38572],[115.6228,-8.3875]]],[[[115.6156,-8.38562],[115.6174,-8.3874],[115.6156,-8.38918],[115.6138,-8.3874],[115.6156,-8.38562]]],[[[115.6072,-8.386],[115.609,-8.38422],[115.6108,-8.386],[115.609,-8.38778],[115.6072,-8.386]]],[[[115.7097,-8.38342],[115.7115,-8.3852],[115.7097,-8.38698],[115.7079,-8.3852],[115.7097,-8.38342]]],[[[115.5948,-8.383],[115.593,-8.38478],[115.5912,-8.383],[115.593,-8.38122],[115.5948,-8.383]]],[[[115.6777,-8.38082],[115.6795,-8.3826],[115.6777,-8.38438],[115.6759,-8.3826],[115.6777,-8.38082]]],[[[115.64224,-8.38155],[115.6426,-8.3819],[115.6408,-8.38368],[115.639,-8.3819],[115.63986,-8.38105],[115.6395,-8.3807],[115.6413,-8.37892],[115.6431,-8.3807],[115.64224,-8.38155]]],[[[115.6092,-8.3794],[115.611,-8.37762],[115.6128,-8.3794],[115.611,-8.38118],[115.6092,-8.3794]]],[[[115.6598,-8.37742],[115.6616,-8.3792],[115.6598,-8.38098],[115.658,-8.3792],[115.6598,-8.37742]]],[[[115.5771,-8.37702],[115.5789,-8.3788],[115.5771,-8.38058],[115.5753,-8.3788],[115.5771,-8.37702]]],[[[115.60319,-8.37926],[115.60312,-8.37919],[115.6028,-8.37951],[115.601,-8.37774],[115.6028,-8.37596],[115.60286,-8.37602],[115.60319,-8.3757],[115.60498,-8.37748],[115.60319,-8.37926]]],[[[115.6001,-8.37502],[115.6019,-8.3768],[115.6001,-8.37858],[115.5983,-8.3768],[115.6001,-8.37502]]],[[[115.5951,-8.37502],[115.5969,-8.3768],[115.5951,-8.37858],[115.5933,-8.3768],[115.5951,-8.37502]]],[[[115.58632,-8.37469],[115.58812,-8.37646],[115.58632,-8.37824],[115.58453,-8.37646],[115.58632,-8.37469]]],[[[115.6089,-8.3759],[115.6071,-8.37768],[115.6053,-8.3759],[115.6071,-8.37412],[115.6089,-8.3759]]],[[[115.61856,-8.37315],[115.62035,-8.37493],[115.61856,-8.3767],[115.61676,-8.37493],[115.61856,-8.37315]]],[[[115.5885,-8.3721],[115.5903,-8.37032],[115.5921,-8.3721],[115.5903,-8.37388],[115.5885,-8.3721]]],[[[115.6343,-8.36872],[115.6361,-8.3705],[115.6343,-8.37228],[115.6325,-8.3705],[115.6343,-8.36872]]],[[[115.57945,-8.36767],[115.58124,-8.36945],[115.57945,-8.37122],[115.57765,-8.36945],[115.57945,-8.36767]]],[[[115.6994,-8.36742],[115.7012,-8.3692],[115.6994,-8.37098],[115.6976,-8.3692],[115.6994,-8.36742]]],[[[115.62218,-8.36257],[115.62398,-8.36079],[115.62578,-8.36257],[115.62398,-8.36434],[115.62218,-8.36257]]],[[[115.59513,-8.35911],[115.59692,-8.36088],[115.59513,-8.36266],[115.59333,-8.36088],[115.59513,-8.35911]]],[[[115.6631,-8.3599],[115.6613,-8.36168],[115.6595,-8.3599],[115.6613,-8.35812],[115.6631,-8.3599]]],[[[115.6121,-8.35712],[115.6139,-8.3589],[115.6121,-8.36068],[115.6103,-8.3589],[115.6121,-8.35712]]],[[[115.59053,-8.35396],[115.59232,-8.35574],[115.59053,-8.35752],[115.58873,-8.35574],[115.59053,-8.35396]]],[[[115.6878,-8.35232],[115.6896,-8.3541],[115.6878,-8.35588],[115.686,-8.3541],[115.6878,-8.35232]]],[[[115.61652,-8.34817],[115.61493,-8.34974],[115.6159,-8.3507],[115.61537,-8.35122],[115.61594,-8.35178],[115.61414,-8.35355],[115.61408,-8.3535],[115.614,-8.35358],[115.6122,-8.3518],[115.61281,-8.3512],[115.6123,-8.3507],[115.61389,-8.34913],[115.61292,-8.34817],[115.61472,-8.3464],[115.61652,-8.34817]]],[[[115.58275,-8.34895],[115.5828,-8.349],[115.581,-8.35078],[115.5792,-8.349],[115.57925,-8.34895],[115.5792,-8.3489],[115.581,-8.34712],[115.5828,-8.3489],[115.58275,-8.34895]]],[[[115.6745,-8.34342],[115.6763,-8.3452],[115.6745,-8.34698],[115.6727,-8.3452],[115.6745,-8.34342]]],[[[115.6164,-8.34242],[115.6182,-8.3442],[115.6164,-8.34598],[115.6146,-8.3442],[115.6164,-8.34242]]],[[[115.5967,-8.343],[115.5949,-8.34478],[115.59481,-8.34468],[115.59383,-8.34565],[115.59203,-8.34387],[115.59383,-8.3421],[115.59392,-8.34219],[115.5949,-8.34122],[115.5967,-8.343]]],[[[115.614,-8.33922],[115.6158,-8.341],[115.614,-8.34278],[115.6122,-8.341],[115.614,-8.33922]]],[[[115.5998,-8.341],[115.598,-8.34278],[115.5962,-8.341],[115.598,-8.33922],[115.5998,-8.341]]],[[[115.635,-8.33822],[115.6368,-8.34],[115.635,-8.34178],[115.6332,-8.34],[115.635,-8.33822]]],[[[115.60177,-8.33823],[115.60166,-8.33813],[115.60346,-8.33635],[115.60525,-8.33813],[115.60519,-8.33819],[115.6053,-8.3383],[115.6035,-8.34008],[115.6017,-8.3383],[115.60177,-8.33823]]],[[[115.64893,-8.33545],[115.65073,-8.33722],[115.64893,-8.339],[115.64714,-8.33722],[115.64893,-8.33545]]],[[[115.6285,-8.33502],[115.6303,-8.3368],[115.6285,-8.33858],[115.6267,-8.3368],[115.6285,-8.33502]]],[[[115.6402,-8.336],[115.642,-8.33422],[115.6438,-8.336],[115.642,-8.33778],[115.6402,-8.336]]],[[[115.59321,-8.33271],[115.59501,-8.33449],[115.59321,-8.33627],[115.59142,-8.33449],[115.59321,-8.33271]]],[[[115.611,-8.32922],[115.6128,-8.331],[115.611,-8.33278],[115.6092,-8.331],[115.611,-8.32922]]],[[[115.62359,-8.32903],[115.62539,-8.3308],[115.62359,-8.33258],[115.62179,-8.3308],[115.62359,-8.32903]]],[[[115.6204,-8.323],[115.6186,-8.32478],[115.6168,-8.323],[115.6186,-8.32122],[115.6204,-8.323]]],[[[115.592,-8.31722],[115.5938,-8.319],[115.592,-8.32078],[115.5902,-8.319],[115.592,-8.31722]]],[[[115.61004,-8.31694],[115.61183,-8.31872],[115.61004,-8.3205],[115.60824,-8.31872],[115.61004,-8.31694]]],[[[115.58,-8.30522],[115.5818,-8.307],[115.58,-8.30878],[115.5782,-8.307],[115.58,-8.30522]]],[[[115.592,-8.29722],[115.5938,-8.299],[115.592,-8.30078],[115.5902,-8.299],[115.592,-8.29722]]],[[[115.61,-8.29722],[115.6118,-8.299],[115.61,-8.30078],[115.6082,-8.299],[115.61,-8.29722]]],[[[115.5879,-8.27622],[115.5897,-8.278],[115.5879,-8.27978],[115.5861,-8.278],[115.5879,-8.27622]]],[[[115.5744,-8.27332],[115.5762,-8.2751],[115.5744,-8.27688],[115.5726,-8.2751],[115.5744,-8.27332]]],[[[115.5845,-8.2644],[115.5827,-8.26618],[115.5809,-8.2644],[115.5827,-8.26262],[115.5845,-8.2644]]],[[[115.573,-8.24662],[115.5748,-8.2484],[115.573,-8.25018],[115.5712,-8.2484],[115.573,-8.24662]]]]}},{"type":"Feature","properties":{"tipe_zona":"Fasilitas Pendidikan","Satwil":"Polda DI Yogyakarta","geofence_limit":30,"jam_mulai":"06:30","jam_selesai":"14:00"},"geometry":{"type":"MultiPolygon","coordinates":[[[[110.147,-7.93638],[110.1452,-7.9346],[110.147,-7.93282],[110.1488,-7.9346],[110.147,-7.93638]]],[[[110.1487,-7.92478],[110.1469,-7.923],[110.1487,-7.92122],[110.1505,-7.923],[110.1487,-7.92478]]],[[[110.1522,-7.92458],[110.1504,-7.9228],[110.1522,-7.92102],[110.154,-7.9228],[110.1522,-7.92458]]],[[[110.1346,-7.9177],[110.1364,-7.91592],[110.1382,-7.9177],[110.1364,-7.91948],[110.1346,-7.9177]]],[[[110.09327,-7.91363],[110.09506,-7.91185],[110.09686,-7.91363],[110.09506,-7.91541],[110.09327,-7.91363]]],[[[110.1341,-7.91538],[110.1323,-7.9136],[110.1341,-7.91182],[110.1359,-7.9136],[110.1341,-7.91538]]],[[[110.1431,-7.9128],[110.1449,-7.91102],[110.1467,-7.9128],[110.1449,-7.91458],[110.1431,-7.9128]]],[[[110.1497,-7.9124],[110.1515,-7.91062],[110.1533,-7.9124],[110.1515,-7.91418],[110.1497,-7.9124]]],[[[110.1586,-7.91258],[110.1568,-7.9108],[110.1586,-7.90902],[110.1604,-7.9108],[110.1586,-7.91258]]],[[[110.1516,-7.9104],[110.1534,-7.90862],[110.1552,-7.9104],[110.1534,-7.91218],[110.1516,-7.9104]]],[[[110.12938,-7.90667],[110.13118,-7.90489],[110.13297,-7.90667],[110.13118,-7.90845],[110.12938,-7.90667]]],[[[110.1264,-7.90838],[110.1246,-7.9066],[110.1264,-7.90482],[110.1282,-7.9066],[110.1264,-7.90838]]],[[[110.0807,-7.90838],[110.0789,-7.9066],[110.0807,-7.90482],[110.0825,-7.9066],[110.0807,-7.90838]]],[[[110.1525,-7.90738],[110.1507,-7.9056],[110.1525,-7.90382],[110.1543,-7.9056],[110.1525,-7.90738]]],[[[110.0711,-7.9027],[110.0729,-7.90092],[110.0747,-7.9027],[110.0729,-7.90448],[110.0711,-7.9027]]],[[[110.1423,-7.9013],[110.1441,-7.89952],[110.1459,-7.9013],[110.1441,-7.90308],[110.1423,-7.9013]]],[[[110.13594,-7.90303],[110.13414,-7.90125],[110.13594,-7.89947],[110.13773,-7.90125],[110.13594,-7.90303]]],[[[110.07337,-7.9002],[110.07517,-7.89842],[110.07697,-7.9002],[110.07517,-7.90198],[110.07337,-7.9002]]],[[[110.1027,-7.8981],[110.1045,-7.89632],[110.1063,-7.8981],[110.1045,-7.89988],[110.1027,-7.8981]]],[[[110.1068,-7.89818],[110.105,-7.8964],[110.1068,-7.89462],[110.1086,-7.8964],[110.1068,-7.89818]]],[[[110.12167,-7.89491],[110.12346,-7.89313],[110.12526,-7.89491],[110.12346,-7.89669],[110.12167,-7.89491]]],[[[110.0877,-7.8949],[110.0895,-7.89312],[110.0913,-7.8949],[110.0895,-7.89668],[110.0877,-7.8949]]],[[[110.14728,-7.89274],[110.1475,-7.89296],[110.14742,-7.89304],[110.14851,-7.89412],[110.14804,-7.89459],[110.1484,-7.89494],[110.14682,-7.89652],[110.14722,-7.89691],[110.14542,-7.89869],[110.14363,-7.89691],[110.14521,-7.89534],[110.14481,-7.89494],[110.14528,-7.89448],[110.14492,-7.89412],[110.145,-7.89404],[110.14482,-7.89386],[110.14384,-7.89482],[110.14317,-7.89417],[110.14195,-7.89537],[110.14016,-7.89359],[110.1402,-7.89355],[110.13967,-7.89302],[110.14147,-7.89124],[110.14267,-7.89243],[110.14384,-7.89127],[110.14451,-7.89193],[110.14587,-7.89057],[110.14767,-7.89235],[110.14728,-7.89274]]],[[[110.0541,-7.89518],[110.0523,-7.8934],[110.0541,-7.89162],[110.0559,-7.8934],[110.0541,-7.89518]]],[[[110.0254,-7.89508],[110.0236,-7.8933],[110.0254,-7.89152],[110.0272,-7.8933],[110.0254,-7.89508]]],[[[110.15072,-7.89306],[110.15252,-7.89128],[110.15432,-7.89306],[110.15252,-7.89484],[110.15072,-7.89306]]],[[[110.12991,-7.89057],[110.1317,-7.89234],[110.12991,-7.89412],[110.12811,-7.89234],[110.12991,-7.89057]]],[[[110.141,-7.89108],[110.1392,-7.8893],[110.141,-7.88752],[110.1428,-7.8893],[110.141,-7.89108]]],[[[110.1572,-7.8878],[110.159,-7.88602],[110.1608,-7.8878],[110.159,-7.88958],[110.1572,-7.8878]]],[[[110.08505,-7.88656],[110.086,-7.88562],[110.0878,-7.8874],[110.086,-7.88918],[110.08475,-7.88794],[110.0838,-7.88888],[110.082,-7.8871],[110.0838,-7.88532],[110.08505,-7.88656]]],[[[110.076,-7.88828],[110.0753,-7.88758],[110.075,-7.88788],[110.0732,-7.8861],[110.075,-7.88432],[110.0757,-7.88502],[110.076,-7.88472],[110.0775,-7.88621],[110.0792,-7.88452],[110.081,-7.8863],[110.0792,-7.88808],[110.0777,-7.88659],[110.076,-7.88828]]],[[[110.0596,-7.886],[110.05953,-7.88606],[110.05963,-7.88616],[110.05783,-7.88794],[110.05604,-7.88616],[110.0561,-7.8861],[110.056,-7.886],[110.0578,-7.88422],[110.0596,-7.886]]],[[[110.1399,-7.8858],[110.1417,-7.88402],[110.1435,-7.8858],[110.1417,-7.88758],[110.1399,-7.8858]]],[[[110.0985,-7.88748],[110.0967,-7.8857],[110.0985,-7.88392],[110.1003,-7.8857],[110.0985,-7.88748]]],[[[110.0652,-7.8854],[110.067,-7.88362],[110.0688,-7.8854],[110.067,-7.88718],[110.0652,-7.8854]]],[[[110.0378,-7.8852],[110.0396,-7.88342],[110.0414,-7.8852],[110.0396,-7.88698],[110.0378,-7.8852]]],[[[110.1302,-7.88693],[110.12841,-7.88515],[110.1302,-7.88337],[110.132,-7.88515],[110.1302,-7.88693]]],[[[110.14837,-7.88384],[110.15017,-7.88206],[110.15197,-7.88384],[110.15017,-7.88562],[110.14837,-7.88384]]],[[[110.101,-7.8846],[110.10171,-7.8839],[110.1004,-7.8826],[110.1022,-7.88082],[110.104,-7.8826],[110.10329,-7.8833],[110.1046,-7.8846],[110.1028,-7.88638],[110.101,-7.8846]]],[[[110.0764,-7.8831],[110.0782,-7.88132],[110.08,-7.8831],[110.0782,-7.88488],[110.0764,-7.8831]]],[[[110.11,-7.88102],[110.1118,-7.8828],[110.11,-7.88458],[110.1082,-7.8828],[110.11,-7.88102]]],[[[110.0451,-7.8823],[110.0469,-7.88052],[110.0487,-7.8823],[110.0469,-7.88408],[110.0451,-7.8823]]],[[[110.1571,-7.88398],[110.1553,-7.8822],[110.1571,-7.88042],[110.1589,-7.8822],[110.1571,-7.88398]]],[[[110.0932,-7.8819],[110.095,-7.88012],[110.0968,-7.8819],[110.095,-7.88368],[110.0932,-7.8819]]],[[[110.0738,-7.8808],[110.0756,-7.87902],[110.0774,-7.8808],[110.0756,-7.88258],[110.0738,-7.8808]]],[[[110.1261,-7.88248],[110.1243,-7.8807],[110.1261,-7.87892],[110.1279,-7.8807],[110.1261,-7.88248]]],[[[110.0714,-7.87822],[110.072,-7.87881],[110.0726,-7.87822],[110.0744,-7.88],[110.0726,-7.88178],[110.072,-7.88119],[110.0714,-7.88178],[110.0696,-7.88],[110.0714,-7.87822]]],[[[110.0454,-7.87868],[110.0436,-7.8769],[110.0454,-7.87512],[110.0472,-7.8769],[110.0454,-7.87868]]],[[[110.14722,-7.87663],[110.14901,-7.87485],[110.15081,-7.87663],[110.14901,-7.87841],[110.14722,-7.87663]]],[[[110.06101,-7.87541],[110.0612,-7.87522],[110.063,-7.877],[110.0612,-7.87878],[110.05949,-7.87709],[110.0593,-7.87728],[110.0575,-7.8755],[110.0593,-7.87372],[110.06101,-7.87541]]],[[[110.0753,-7.87718],[110.0735,-7.8754],[110.0753,-7.87362],[110.0771,-7.8754],[110.0753,-7.87718]]],[[[110.0895,-7.87092],[110.0913,-7.8727],[110.0895,-7.87448],[110.0877,-7.8727],[110.0895,-7.87092]]],[[[110.058,-7.87082],[110.0598,-7.8726],[110.058,-7.87438],[110.0562,-7.8726],[110.058,-7.87082]]],[[[110.1497,-7.87468],[110.1479,-7.8729],[110.1497,-7.87112],[110.1499,-7.87132],[110.15076,-7.87047],[110.15256,-7.87225],[110.15076,-7.87402],[110.15056,-7.87383],[110.1497,-7.87468]]],[[[110.1032,-7.8735],[110.10416,-7.87255],[110.1028,-7.8712],[110.1046,-7.86942],[110.1064,-7.8712],[110.10544,-7.87215],[110.1068,-7.8735],[110.105,-7.87528],[110.1032,-7.8735]]],[[[110.1552,-7.8722],[110.157,-7.87042],[110.1588,-7.8722],[110.157,-7.87398],[110.1552,-7.8722]]],[[[110.14095,-7.86898],[110.14275,-7.87076],[110.14235,-7.87115],[110.14241,-7.87121],[110.14061,-7.87298],[110.13882,-7.87121],[110.13921,-7.87082],[110.13915,-7.87076],[110.14095,-7.86898]]],[[[110.1304,-7.87098],[110.1286,-7.8692],[110.1304,-7.86742],[110.1322,-7.8692],[110.1304,-7.87098]]],[[[110.0554,-7.87018],[110.0544,-7.86919],[110.0537,-7.86988],[110.0519,-7.8681],[110.0537,-7.86632],[110.0547,-7.86731],[110.0554,-7.86662],[110.0572,-7.8684],[110.0554,-7.87018]]],[[[110.0589,-7.8681],[110.0607,-7.86632],[110.0625,-7.8681],[110.0607,-7.86988],[110.0589,-7.8681]]],[[[110.15,-7.8691],[110.14995,-7.86915],[110.14815,-7.86737],[110.14995,-7.86559],[110.15093,-7.86657],[110.15099,-7.86652],[110.15102,-7.86654],[110.15104,-7.86651],[110.15284,-7.86829],[110.15104,-7.87007],[110.15102,-7.87005],[110.15099,-7.87007],[110.15,-7.8691]]],[[[110.1383,-7.86678],[110.1365,-7.865],[110.1383,-7.86322],[110.1401,-7.865],[110.1383,-7.86678]]],[[[110.0729,-7.8636],[110.0747,-7.86182],[110.0765,-7.8636],[110.0747,-7.86538],[110.0729,-7.8636]]],[[[110.0585,-7.8614],[110.0603,-7.85962],[110.0621,-7.8614],[110.0603,-7.86318],[110.0585,-7.8614]]],[[[110.0787,-7.86198],[110.0769,-7.8602],[110.0787,-7.85842],[110.0805,-7.8602],[110.0787,-7.86198]]],[[[110.1599,-7.85699],[110.16109,-7.85581],[110.16288,-7.85759],[110.16271,-7.85776],[110.16288,-7.85792],[110.16108,-7.8597],[110.15929,-7.85793],[110.15829,-7.85892],[110.1597,-7.86032],[110.1579,-7.8621],[110.15734,-7.86154],[110.15676,-7.86212],[110.15763,-7.86298],[110.1589,-7.86172],[110.15901,-7.86183],[110.15906,-7.86178],[110.15995,-7.86266],[110.16173,-7.86089],[110.16353,-7.86267],[110.1622,-7.86398],[110.16292,-7.8647],[110.16113,-7.86648],[110.16057,-7.86592],[110.1597,-7.86678],[110.15868,-7.86577],[110.15855,-7.86589],[110.15738,-7.86473],[110.15659,-7.86551],[110.1548,-7.86373],[110.15653,-7.86201],[110.15615,-7.86163],[110.1559,-7.86188],[110.1541,-7.8601],[110.1552,-7.85901],[110.15344,-7.85727],[110.15476,-7.85596],[110.15465,-7.85585],[110.15645,-7.85407],[110.1571,-7.85471],[110.1583,-7.85352],[110.1601,-7.8553],[110.15935,-7.85604],[110.15964,-7.85634],[110.15944,-7.85653],[110.1599,-7.85699]],[[110.1567,-7.85862],[110.15726,-7.85918],[110.15789,-7.85856],[110.15681,-7.85748],[110.15593,-7.85835],[110.15645,-7.85887],[110.1567,-7.85862]]],[[[110.0673,-7.8593],[110.0691,-7.85752],[110.0709,-7.8593],[110.0691,-7.86108],[110.0673,-7.8593]]],[[[110.1458,-7.86018],[110.144,-7.8584],[110.1458,-7.85662],[110.1476,-7.8584],[110.1458,-7.86018]]],[[[110.0823,-7.85788],[110.0805,-7.8561],[110.0823,-7.85432],[110.0841,-7.8561],[110.0823,-7.85788]]],[[[110.14724,-7.85783],[110.14545,-7.85605],[110.14724,-7.85427],[110.14904,-7.85605],[110.14724,-7.85783]]],[[[110.0544,-7.856],[110.0562,-7.85422],[110.058,-7.856],[110.0562,-7.85778],[110.0544,-7.856]]],[[[110.0633,-7.8425],[110.0651,-7.84072],[110.0669,-7.8425],[110.0651,-7.84428],[110.0633,-7.8425]]],[[[110.1531,-7.84218],[110.1513,-7.8404],[110.1531,-7.83862],[110.1549,-7.8404],[110.1531,-7.84218]]],[[[110.139,-7.838],[110.1408,-7.83622],[110.1426,-7.838],[110.1408,-7.83978],[110.139,-7.838]]],[[[110.1553,-7.8378],[110.1571,-7.83602],[110.1589,-7.8378],[110.1571,-7.83958],[110.1553,-7.8378]]],[[[110.1359,-7.83848],[110.1341,-7.8367],[110.1359,-7.83492],[110.1377,-7.8367],[110.1359,-7.83848]]],[[[110.1567,-7.8303],[110.1585,-7.82852],[110.1603,-7.8303],[110.1585,-7.83208],[110.1567,-7.8303]]],[[[110.0828,-7.82682],[110.0846,-7.8286],[110.0828,-7.83038],[110.081,-7.8286],[110.0828,-7.82682]]],[[[110.1535,-7.83038],[110.1517,-7.8286],[110.1535,-7.82682],[110.1553,-7.8286],[110.1535,-7.83038]]],[[[110.0703,-7.82712],[110.0721,-7.8289],[110.0703,-7.83068],[110.06955,-7.82993],[110.0695,-7.82998],[110.0677,-7.8282],[110.0695,-7.82642],[110.07025,-7.82717],[110.0703,-7.82712]]],[[[110.1526,-7.825],[110.1544,-7.82322],[110.1562,-7.825],[110.1544,-7.82678],[110.1526,-7.825]]],[[[110.1354,-7.82648],[110.1336,-7.8247],[110.1354,-7.82292],[110.1372,-7.8247],[110.1354,-7.82648]]],[[[110.0998,-7.8239],[110.1016,-7.82212],[110.1034,-7.8239],[110.1016,-7.82568],[110.0998,-7.8239]]],[[[110.0625,-7.8224],[110.0643,-7.82062],[110.0661,-7.8224],[110.0643,-7.82418],[110.0625,-7.8224]]],[[[110.0884,-7.82418],[110.0866,-7.8224],[110.0884,-7.82062],[110.0902,-7.8224],[110.0884,-7.82418]]],[[[110.1501,-7.8181],[110.1519,-7.81632],[110.1537,-7.8181],[110.1519,-7.81988],[110.1501,-7.8181]]],[[[110.1031,-7.8178],[110.1049,-7.81602],[110.1067,-7.8178],[110.1049,-7.81958],[110.1031,-7.8178]]],[[[110.1467,-7.81738],[110.1449,-7.8156],[110.1467,-7.81382],[110.1485,-7.8156],[110.1467,-7.81738]]],[[[110.1177,-7.813],[110.1195,-7.81122],[110.1213,-7.813],[110.1195,-7.81478],[110.1177,-7.813]]],[[[110.1061,-7.8101],[110.1079,-7.80832],[110.1097,-7.8101],[110.1079,-7.81188],[110.1061,-7.8101]]],[[[110.1013,-7.80702],[110.1031,-7.8088],[110.10204,-7.80985],[110.1034,-7.8112],[110.1016,-7.81298],[110.0998,-7.8112],[110.10086,-7.81015],[110.0995,-7.8088],[110.1013,-7.80702]]],[[[110.1094,-7.80928],[110.1076,-7.8075],[110.1094,-7.80572],[110.1112,-7.8075],[110.1094,-7.80928]]],[[[110.079,-7.8066],[110.0808,-7.80482],[110.0826,-7.8066],[110.0808,-7.80838],[110.079,-7.8066]]],[[[110.092,-7.80482],[110.0938,-7.8066],[110.092,-7.80838],[110.0902,-7.8066],[110.092,-7.80482]]],[[[110.1421,-7.8043],[110.1439,-7.80252],[110.1457,-7.8043],[110.1439,-7.80608],[110.1421,-7.8043]]],[[[110.1585,-7.80278],[110.1567,-7.801],[110.1585,-7.79922],[110.1603,-7.801],[110.1585,-7.80278]]],[[[110.113,-7.7999],[110.1148,-7.79812],[110.1166,-7.7999],[110.1148,-7.80168],[110.113,-7.7999]]],[[[110.0915,-7.7986],[110.0933,-7.79682],[110.0951,-7.7986],[110.0933,-7.80038],[110.0915,-7.7986]]],[[[110.1258,-7.80018],[110.124,-7.7984],[110.1258,-7.79662],[110.1276,-7.7984],[110.1258,-7.80018]]],[[[110.0898,-7.7934],[110.0916,-7.79162],[110.0934,-7.7934],[110.0916,-7.79518],[110.0898,-7.7934]]],[[[110.1022,-7.7927],[110.104,-7.79092],[110.1058,-7.7927],[110.104,-7.79448],[110.1022,-7.7927]]],[[[110.1522,-7.79108],[110.1504,-7.7893],[110.1522,-7.78752],[110.154,-7.7893],[110.1522,-7.79108]]],[[[110.1217,-7.78898],[110.1199,-7.7872],[110.1217,-7.78542],[110.1235,-7.7872],[110.1217,-7.78898]]],[[[110.1051,-7.78548],[110.1033,-7.7837],[110.1051,-7.78192],[110.1069,-7.7837],[110.1051,-7.78548]]],[[[110.1335,-7.7718],[110.1353,-7.77002],[110.1371,-7.7718],[110.1353,-7.77358],[110.1335,-7.7718]]],[[[110.1557,-7.7517],[110.1575,-7.74992],[110.1593,-7.7517],[110.1575,-7.75348],[110.1557,-7.7517]]],[[[110.147,-7.75238],[110.1452,-7.7506],[110.147,-7.74882],[110.1488,-7.7506],[110.147,-7.75238]]],[[[110.1443,-7.7433],[110.1461,-7.74152],[110.1479,-7.7433],[110.1461,-7.74508],[110.1443,-7.7433]]],[[[110.1312,-7.7255],[110.133,-7.72372],[110.1348,-7.7255],[110.133,-7.72728],[110.1312,-7.7255]]],[[[110.1482,-7.72232],[110.15,-7.7241],[110.14984,-7.72425],[110.1505,-7.7249],[110.1487,-7.72668],[110.1469,-7.7249],[110.14706,-7.72475],[110.1464,-7.7241],[110.1482,-7.72232]]],[[[110.1571,-7.69822],[110.1589,-7.7],[110.1571,-7.70178],[110.1553,-7.7],[110.1571,-7.69822]]],[[[110.1429,-7.6965],[110.1411,-7.69828],[110.1408,-7.69798],[110.1405,-7.69828],[110.1387,-7.6965],[110.1405,-7.69472],[110.1408,-7.69502],[110.1411,-7.69472],[110.1429,-7.6965]]],[[[110.1537,-7.69288],[110.1519,-7.6911],[110.1537,-7.68932],[110.1555,-7.6911],[110.1537,-7.69288]]],[[[110.1421,-7.68598],[110.1403,-7.6842],[110.1421,-7.68242],[110.1439,-7.6842],[110.1421,-7.68598]]],[[[110.1422,-7.67718],[110.1404,-7.6754],[110.1422,-7.67362],[110.144,-7.6754],[110.1422,-7.67718]]],[[[110.1328,-7.6743],[110.1346,-7.67252],[110.1364,-7.6743],[110.1346,-7.67608],[110.1328,-7.6743]]],[[[110.1464,-7.6666],[110.1482,-7.66482],[110.15,-7.6666],[110.1482,-7.66838],[110.1464,-7.6666]]],[[[110.1533,-7.66258],[110.1515,-7.6608],[110.1533,-7.65902],[110.1551,-7.6608],[110.1533,-7.66258]]],[[[110.1558,-7.6603],[110.15751,-7.65861],[110.15653,-7.65763],[110.15832,-7.65585],[110.16012,-7.65763],[110.15841,-7.65932],[110.1594,-7.6603],[110.1576,-7.66208],[110.1558,-7.6603]]],[[[110.153,-7.6581],[110.1548,-7.65632],[110.1566,-7.6581],[110.1548,-7.65988],[110.153,-7.6581]]],[[[110.227,-7.98268],[110.2252,-7.9809],[110.227,-7.97912],[110.2288,-7.9809],[110.227,-7.98268]]],[[[110.2342,-7.9766],[110.236,-7.97482],[110.2378,-7.9766],[110.236,-7.97838],[110.2342,-7.9766]]],[[[110.2248,-7.9749],[110.2266,-7.97312],[110.2284,-7.9749],[110.2266,-7.97668],[110.2248,-7.9749]]],[[[110.199,-7.96962],[110.19721,-7.96784],[110.199,-7.96606],[110.2008,-7.96784],[110.199,-7.96962]]],[[[110.21544,-7.96224],[110.21724,-7.96046],[110.21904,-7.96224],[110.21724,-7.96402],[110.21544,-7.96224]]],[[[110.23775,-7.95867],[110.2378,-7.95862],[110.2396,-7.9604],[110.2378,-7.96218],[110.23765,-7.96203],[110.2376,-7.96208],[110.2358,-7.9603],[110.2376,-7.95852],[110.23775,-7.95867]]],[[[110.2195,-7.96178],[110.2177,-7.96],[110.2195,-7.95822],[110.2213,-7.96],[110.2195,-7.96178]]],[[[110.22356,-7.95442],[110.22535,-7.95265],[110.22715,-7.95442],[110.22535,-7.9562],[110.22356,-7.95442]]],[[[110.21925,-7.95391],[110.22105,-7.95213],[110.22284,-7.95391],[110.22105,-7.95569],[110.21925,-7.95391]]],[[[110.18573,-7.95342],[110.18393,-7.95164],[110.18573,-7.94986],[110.18753,-7.95164],[110.18573,-7.95342]]],[[[110.21471,-7.95108],[110.2165,-7.9493],[110.2183,-7.95108],[110.2165,-7.95286],[110.21471,-7.95108]]],[[[110.22768,-7.94893],[110.22947,-7.94716],[110.23127,-7.94893],[110.22947,-7.95071],[110.22768,-7.94893]]],[[[110.22425,-7.94891],[110.22246,-7.94713],[110.22425,-7.94535],[110.22605,-7.94713],[110.22425,-7.94891]]],[[[110.21885,-7.94531],[110.22065,-7.94353],[110.22244,-7.94531],[110.22065,-7.94709],[110.21885,-7.94531]]],[[[110.1682,-7.945],[110.17,-7.94322],[110.1718,-7.945],[110.17,-7.94678],[110.1682,-7.945]]],[[[110.23544,-7.94586],[110.23365,-7.94408],[110.23544,-7.9423],[110.23724,-7.94408],[110.23544,-7.94586]]],[[[110.2322,-7.94478],[110.2304,-7.943],[110.2322,-7.94122],[110.234,-7.943],[110.2322,-7.94478]]],[[[110.1643,-7.94268],[110.1625,-7.9409],[110.1643,-7.93912],[110.1661,-7.9409],[110.1643,-7.94268]]],[[[110.23543,-7.94132],[110.23483,-7.94192],[110.23303,-7.94014],[110.23458,-7.9386],[110.23436,-7.93837],[110.23482,-7.93791],[110.2346,-7.9377],[110.23626,-7.93605],[110.2356,-7.9354],[110.2374,-7.93362],[110.2392,-7.9354],[110.23754,-7.93705],[110.2382,-7.9377],[110.23773,-7.93816],[110.23795,-7.93837],[110.23728,-7.93904],[110.2378,-7.93956],[110.23752,-7.93983],[110.238,-7.9403],[110.2362,-7.94208],[110.23543,-7.94132]]],[[[110.2339,-7.929],[110.2321,-7.93078],[110.23195,-7.93064],[110.2309,-7.93168],[110.2291,-7.9299],[110.2309,-7.92812],[110.23105,-7.92826],[110.2321,-7.92722],[110.2339,-7.929]]],[[[110.1595,-7.92648],[110.1577,-7.9247],[110.1595,-7.92292],[110.1613,-7.9247],[110.1595,-7.92648]]],[[[110.1691,-7.92],[110.1709,-7.91822],[110.1727,-7.92],[110.1709,-7.92178],[110.1691,-7.92]]],[[[110.2274,-7.9179],[110.2292,-7.91612],[110.231,-7.9179],[110.2292,-7.91968],[110.2274,-7.9179]]],[[[110.216,-7.91478],[110.2142,-7.913],[110.216,-7.91122],[110.2178,-7.913],[110.216,-7.91478]]],[[[110.1654,-7.913],[110.1672,-7.91122],[110.169,-7.913],[110.1672,-7.91478],[110.1654,-7.913]]],[[[110.1702,-7.9064],[110.172,-7.90462],[110.1738,-7.9064],[110.172,-7.90818],[110.1702,-7.9064]]],[[[110.1771,-7.90438],[110.1753,-7.9026],[110.1771,-7.90082],[110.1789,-7.9026],[110.1771,-7.90438]]],[[[110.1759,-7.8991],[110.1777,-7.89732],[110.1795,-7.8991],[110.1777,-7.90088],[110.1759,-7.8991]]],[[[110.1685,-7.8983],[110.1667,-7.90008],[110.16665,-7.90003],[110.1665,-7.90018],[110.16615,-7.89983],[110.166,-7.89998],[110.1642,-7.8982],[110.166,-7.89642],[110.16635,-7.89677],[110.1665,-7.89662],[110.16655,-7.89667],[110.1667,-7.89652],[110.1685,-7.8983]]],[[[110.22113,-7.89704],[110.22292,-7.89526],[110.22472,-7.89704],[110.22292,-7.89882],[110.22113,-7.89704]]],[[[110.2326,-7.8968],[110.2344,-7.89502],[110.2362,-7.8968],[110.2344,-7.89858],[110.2326,-7.8968]]],[[[110.1884,-7.89808],[110.1866,-7.8963],[110.1884,-7.89452],[110.1902,-7.8963],[110.1884,-7.89808]]],[[[110.2176,-7.8958],[110.2194,-7.89402],[110.2212,-7.8958],[110.2194,-7.89758],[110.2176,-7.8958]]],[[[110.1751,-7.8956],[110.1769,-7.89382],[110.1787,-7.8956],[110.1769,-7.89738],[110.1751,-7.8956]]],[[[110.1599,-7.89588],[110.1581,-7.8941],[110.1599,-7.89232],[110.1617,-7.8941],[110.1599,-7.89588]]],[[[110.1811,-7.893],[110.1829,-7.89122],[110.1847,-7.893],[110.1829,-7.89478],[110.1811,-7.893]]],[[[110.1909,-7.8912],[110.1927,-7.88942],[110.1945,-7.8912],[110.1927,-7.89298],[110.1909,-7.8912]]],[[[110.2052,-7.88748],[110.2034,-7.8857],[110.2052,-7.88392],[110.207,-7.8857],[110.2052,-7.88748]]],[[[110.1698,-7.88348],[110.168,-7.8817],[110.1698,-7.87992],[110.1716,-7.8817],[110.1698,-7.88348]]],[[[110.207,-7.87958],[110.2052,-7.8778],[110.207,-7.87602],[110.2088,-7.8778],[110.207,-7.87958]]],[[[110.1844,-7.8765],[110.1862,-7.87472],[110.188,-7.8765],[110.1862,-7.87828],[110.1844,-7.8765]]],[[[110.2367,-7.8754],[110.2349,-7.87718],[110.23435,-7.87664],[110.233,-7.87798],[110.2312,-7.8762],[110.233,-7.87442],[110.23355,-7.87496],[110.2349,-7.87362],[110.2367,-7.8754]]],[[[110.17155,-7.87262],[110.16976,-7.87085],[110.17155,-7.86907],[110.17335,-7.87085],[110.17155,-7.87262]]],[[[110.2278,-7.86582],[110.2296,-7.8676],[110.2278,-7.86938],[110.226,-7.8676],[110.2278,-7.86582]]],[[[110.17084,-7.86575],[110.17264,-7.86753],[110.17084,-7.86931],[110.16905,-7.86753],[110.17084,-7.86575]]],[[[110.1646,-7.86851],[110.16281,-7.86673],[110.1646,-7.86495],[110.1664,-7.86673],[110.1646,-7.86851]]],[[[110.2172,-7.8646],[110.219,-7.86282],[110.2208,-7.8646],[110.219,-7.86638],[110.2172,-7.8646]]],[[[110.2153,-7.85942],[110.2154,-7.85932],[110.2172,-7.8611],[110.2154,-7.86288],[110.2151,-7.86258],[110.215,-7.86268],[110.2132,-7.8609],[110.215,-7.85912],[110.2153,-7.85942]]],[[[110.1821,-7.86128],[110.1803,-7.8595],[110.1821,-7.85772],[110.1839,-7.8595],[110.1821,-7.86128]]],[[[110.16245,-7.85847],[110.16425,-7.85669],[110.16605,-7.85847],[110.16425,-7.86025],[110.16245,-7.85847]]],[[[110.1727,-7.8576],[110.17306,-7.85725],[110.1726,-7.8568],[110.1744,-7.85502],[110.1762,-7.8568],[110.17584,-7.85715],[110.1763,-7.8576],[110.1745,-7.85938],[110.1727,-7.8576]]],[[[110.16041,-7.85462],[110.15862,-7.85284],[110.16041,-7.85106],[110.16221,-7.85284],[110.16041,-7.85462]]],[[[110.2298,-7.8506],[110.2316,-7.84882],[110.2334,-7.8506],[110.2316,-7.85238],[110.2298,-7.8506]]],[[[110.1664,-7.8436],[110.16736,-7.84265],[110.1665,-7.8418],[110.1683,-7.84002],[110.1701,-7.8418],[110.16959,-7.8423],[110.1707,-7.8434],[110.1689,-7.84518],[110.16865,-7.84493],[110.1682,-7.84538],[110.1664,-7.8436]]],[[[110.1713,-7.83658],[110.1695,-7.8348],[110.1713,-7.83302],[110.1731,-7.8348],[110.1713,-7.83658]]],[[[110.1769,-7.8333],[110.1787,-7.83152],[110.1805,-7.8333],[110.1787,-7.83508],[110.1769,-7.8333]]],[[[110.2287,-7.8273],[110.22804,-7.82795],[110.2286,-7.8285],[110.2268,-7.83028],[110.225,-7.8285],[110.22566,-7.82785],[110.2251,-7.8273],[110.2269,-7.82552],[110.2287,-7.8273]]],[[[110.1902,-7.82998],[110.1891,-7.82889],[110.1888,-7.82918],[110.187,-7.8274],[110.1888,-7.82562],[110.1899,-7.82671],[110.1902,-7.82642],[110.192,-7.8282],[110.1902,-7.82998]]],[[[110.2263,-7.8256],[110.2262,-7.8257],[110.2262,-7.8257],[110.2244,-7.82748],[110.2226,-7.8257],[110.2227,-7.8256],[110.2227,-7.8256],[110.2245,-7.82382],[110.2263,-7.8256]]],[[[110.2279,-7.8196],[110.2297,-7.81782],[110.2315,-7.8196],[110.2297,-7.82138],[110.2279,-7.8196]]],[[[110.1856,-7.82028],[110.1838,-7.8185],[110.1856,-7.81672],[110.1874,-7.8185],[110.1856,-7.82028]]],[[[110.2265,-7.81402],[110.2268,-7.81432],[110.227,-7.81412],[110.2288,-7.8159],[110.227,-7.81768],[110.2267,-7.81738],[110.2265,-7.81758],[110.2247,-7.8158],[110.2265,-7.81402]]],[[[110.1714,-7.81498],[110.1696,-7.8132],[110.1714,-7.81142],[110.1732,-7.8132],[110.1714,-7.81498]]],[[[110.16655,-7.80977],[110.1667,-7.80962],[110.1685,-7.8114],[110.1667,-7.81318],[110.16645,-7.81293],[110.1663,-7.81308],[110.1645,-7.8113],[110.1663,-7.80952],[110.16655,-7.80977]]],[[[110.2242,-7.8097],[110.226,-7.80792],[110.2278,-7.8097],[110.226,-7.81148],[110.2242,-7.8097]]],[[[110.1935,-7.80908],[110.1917,-7.8073],[110.1935,-7.80552],[110.1953,-7.8073],[110.1935,-7.80908]]],[[[110.23422,-7.80554],[110.23601,-7.80376],[110.23781,-7.80554],[110.23601,-7.80732],[110.23422,-7.80554]]],[[[110.1614,-7.8024],[110.1632,-7.80062],[110.165,-7.8024],[110.1632,-7.80418],[110.1614,-7.8024]]],[[[110.188,-7.79742],[110.1898,-7.7992],[110.18889,-7.8001],[110.1898,-7.801],[110.188,-7.80278],[110.1862,-7.801],[110.18711,-7.8001],[110.1862,-7.7992],[110.188,-7.79742]]],[[[110.2083,-7.7961],[110.2101,-7.79432],[110.2119,-7.7961],[110.2101,-7.79788],[110.2083,-7.7961]]],[[[110.2287,-7.7958],[110.2305,-7.79402],[110.2323,-7.7958],[110.2305,-7.79758],[110.2287,-7.7958]]],[[[110.226,-7.79318],[110.2242,-7.7914],[110.226,-7.78962],[110.2278,-7.7914],[110.226,-7.79318]]],[[[110.1608,-7.78712],[110.1626,-7.7889],[110.16245,-7.78905],[110.1625,-7.7891],[110.1607,-7.79088],[110.1589,-7.7891],[110.15905,-7.78895],[110.159,-7.7889],[110.1608,-7.78712]]],[[[110.1932,-7.7888],[110.195,-7.78702],[110.1968,-7.7888],[110.195,-7.79058],[110.1932,-7.7888]]],[[[110.1718,-7.7883],[110.1736,-7.78652],[110.1754,-7.7883],[110.1736,-7.79008],[110.1718,-7.7883]]],[[[110.196,-7.7861],[110.1978,-7.78432],[110.1996,-7.7861],[110.1978,-7.78788],[110.196,-7.7861]]],[[[110.21894,-7.78265],[110.2193,-7.783],[110.21909,-7.7832],[110.2196,-7.7837],[110.2178,-7.78548],[110.216,-7.7837],[110.21621,-7.7835],[110.2157,-7.783],[110.21626,-7.78245],[110.2159,-7.7821],[110.2177,-7.78032],[110.2195,-7.7821],[110.21894,-7.78265]]],[[[110.1974,-7.7823],[110.1992,-7.78052],[110.201,-7.7823],[110.1992,-7.78408],[110.1974,-7.7823]]],[[[110.23601,-7.78178],[110.2378,-7.78],[110.2396,-7.78178],[110.2378,-7.78356],[110.23601,-7.78178]]],[[[110.22909,-7.78079],[110.2273,-7.77901],[110.22909,-7.77723],[110.23089,-7.77901],[110.22909,-7.78079]]],[[[110.1903,-7.773],[110.1921,-7.77122],[110.1939,-7.773],[110.1921,-7.77478],[110.1903,-7.773]]],[[[110.16,-7.7717],[110.1618,-7.76992],[110.1636,-7.7717],[110.1618,-7.77348],[110.16,-7.7717]]],[[[110.1818,-7.77012],[110.18195,-7.77026],[110.1831,-7.76912],[110.18466,-7.77066],[110.1849,-7.77042],[110.18505,-7.77057],[110.1859,-7.76972],[110.1877,-7.7715],[110.1859,-7.77328],[110.18575,-7.77313],[110.1849,-7.77398],[110.18334,-7.77244],[110.1831,-7.77268],[110.18295,-7.77254],[110.1818,-7.77368],[110.18,-7.7719],[110.1818,-7.77012]]],[[[110.226,-7.77323],[110.22421,-7.77145],[110.226,-7.76967],[110.2278,-7.77145],[110.226,-7.77323]]],[[[110.22812,-7.77103],[110.22992,-7.76925],[110.23171,-7.77103],[110.22992,-7.77282],[110.22812,-7.77103]]],[[[110.23037,-7.76891],[110.23217,-7.76713],[110.23396,-7.76891],[110.23217,-7.77069],[110.23037,-7.76891]]],[[[110.23077,-7.75314],[110.23257,-7.75136],[110.23436,-7.75314],[110.23257,-7.75492],[110.23077,-7.75314]]],[[[110.2214,-7.74836],[110.2196,-7.74658],[110.2214,-7.7448],[110.22319,-7.74658],[110.2214,-7.74836]]],[[[110.18849,-7.7447],[110.1894,-7.7456],[110.1876,-7.74738],[110.1858,-7.7456],[110.18621,-7.7452],[110.1853,-7.7443],[110.1871,-7.74252],[110.1889,-7.7443],[110.18849,-7.7447]]],[[[110.23225,-7.74468],[110.23404,-7.7429],[110.23584,-7.74468],[110.23404,-7.74646],[110.23225,-7.74468]]],[[[110.22752,-7.73963],[110.22572,-7.73785],[110.22752,-7.73607],[110.22932,-7.73785],[110.22752,-7.73963]]],[[[110.17,-7.7331],[110.1718,-7.73132],[110.1736,-7.7331],[110.1718,-7.73488],[110.17,-7.7331]]],[[[110.2265,-7.73148],[110.22829,-7.7297],[110.23009,-7.73148],[110.22829,-7.73326],[110.2265,-7.73148]]],[[[110.1621,-7.73188],[110.1603,-7.7301],[110.1621,-7.72832],[110.1639,-7.7301],[110.1621,-7.73188]]],[[[110.2179,-7.7273],[110.2197,-7.72552],[110.2215,-7.7273],[110.2197,-7.72908],[110.2179,-7.7273]]],[[[110.2321,-7.72598],[110.2339,-7.7242],[110.23569,-7.72598],[110.2339,-7.72776],[110.2321,-7.72598]]],[[[110.1736,-7.72628],[110.1718,-7.7245],[110.1736,-7.72272],[110.1754,-7.7245],[110.1736,-7.72628]]],[[[110.209,-7.7216],[110.2108,-7.71982],[110.2126,-7.7216],[110.2108,-7.72338],[110.209,-7.7216]]],[[[110.2203,-7.7188],[110.2221,-7.71702],[110.2239,-7.7188],[110.2221,-7.72058],[110.2203,-7.7188]]],[[[110.179,-7.71532],[110.1808,-7.7171],[110.1807,-7.7172],[110.1808,-7.7173],[110.179,-7.71908],[110.1772,-7.7173],[110.1773,-7.7172],[110.1772,-7.7171],[110.179,-7.71532]]],[[[110.2277,-7.7165],[110.22744,-7.71675],[110.2277,-7.717],[110.2259,-7.71878],[110.2241,-7.717],[110.22436,-7.71675],[110.2241,-7.7165],[110.22421,-7.7164],[110.2233,-7.7155],[110.2251,-7.71372],[110.2269,-7.7155],[110.22679,-7.7156],[110.2277,-7.7165]]],[[[110.2174,-7.7131],[110.21664,-7.71385],[110.2168,-7.714],[110.215,-7.71578],[110.2132,-7.714],[110.21396,-7.71325],[110.2138,-7.7131],[110.21421,-7.7127],[110.2127,-7.7112],[110.2145,-7.70942],[110.2163,-7.7112],[110.21589,-7.7116],[110.2174,-7.7131]]],[[[110.1586,-7.7104],[110.1604,-7.70862],[110.1622,-7.7104],[110.1604,-7.71218],[110.1586,-7.7104]]],[[[110.2306,-7.708],[110.2324,-7.70622],[110.2342,-7.708],[110.2324,-7.70978],[110.2306,-7.708]]],[[[110.1686,-7.7079],[110.1704,-7.70612],[110.1722,-7.7079],[110.1704,-7.70968],[110.1686,-7.7079]]],[[[110.17914,-7.70728],[110.17735,-7.7055],[110.17914,-7.70372],[110.18094,-7.7055],[110.17914,-7.70728]]],[[[110.1954,-7.70058],[110.1936,-7.6988],[110.1954,-7.69702],[110.1972,-7.6988],[110.1954,-7.70058]]],[[[110.2252,-7.69748],[110.22445,-7.69674],[110.2239,-7.69728],[110.2221,-7.6955],[110.2239,-7.69372],[110.22465,-7.69446],[110.2252,-7.69392],[110.227,-7.6957],[110.2252,-7.69748]]],[[[110.1889,-7.6907],[110.1907,-7.68892],[110.1925,-7.6907],[110.1907,-7.69248],[110.1889,-7.6907]]],[[[110.2351,-7.6877],[110.2369,-7.68592],[110.2387,-7.6877],[110.2369,-7.68948],[110.2351,-7.6877]]],[[[110.1839,-7.68758],[110.1821,-7.6858],[110.1839,-7.68402],[110.1857,-7.6858],[110.1839,-7.68758]]],[[[110.2258,-7.6842],[110.2276,-7.68242],[110.2294,-7.6842],[110.2276,-7.68598],[110.2258,-7.6842]]],[[[110.1678,-7.6842],[110.1696,-7.68242],[110.1714,-7.6842],[110.1696,-7.68598],[110.1678,-7.6842]]],[[[110.1816,-7.68548],[110.1798,-7.6837],[110.1816,-7.68192],[110.1834,-7.6837],[110.1816,-7.68548]]],[[[110.1686,-7.6734],[110.1704,-7.67162],[110.1722,-7.6734],[110.1704,-7.67518],[110.1686,-7.6734]]],[[[110.1653,-7.6655],[110.1671,-7.66372],[110.1689,-7.6655],[110.1671,-7.66728],[110.1653,-7.6655]]],[[[110.1648,-7.66528],[110.163,-7.6635],[110.1648,-7.66172],[110.1666,-7.6635],[110.1648,-7.66528]]],[[[110.1745,-7.66368],[110.1727,-7.6619],[110.1745,-7.66012],[110.1763,-7.6619],[110.1745,-7.66368]]],[[[110.2279,-7.66038],[110.2261,-7.6586],[110.2279,-7.65682],[110.2297,-7.6586],[110.2279,-7.66038]]],[[[110.1869,-7.6485],[110.1887,-7.64672],[110.1905,-7.6485],[110.1887,-7.65028],[110.1869,-7.6485]]],[[[110.2758,-7.99122],[110.2776,-7.993],[110.2758,-7.99478],[110.274,-7.993],[110.2758,-7.99122]]],[[[110.2502,-7.98858],[110.2484,-7.9868],[110.2502,-7.98502],[110.252,-7.9868],[110.2502,-7.98858]]],[[[110.2721,-7.9867],[110.2739,-7.98492],[110.2757,-7.9867],[110.2739,-7.98848],[110.2721,-7.9867]]],[[[110.2653,-7.9866],[110.2671,-7.98482],[110.2689,-7.9866],[110.2671,-7.98838],[110.2653,-7.9866]]],[[[110.2651,-7.98208],[110.2633,-7.9803],[110.2651,-7.97852],[110.2669,-7.9803],[110.2651,-7.98208]]],[[[110.2504,-7.9782],[110.2522,-7.97642],[110.254,-7.9782],[110.2522,-7.97998],[110.2504,-7.9782]]],[[[110.2531,-7.9739],[110.2549,-7.97212],[110.2567,-7.9739],[110.2549,-7.97568],[110.2531,-7.9739]]],[[[110.2471,-7.97298],[110.2453,-7.9712],[110.2471,-7.96942],[110.2489,-7.9712],[110.2471,-7.97298]]],[[[110.2715,-7.9696],[110.2733,-7.96782],[110.2751,-7.9696],[110.2733,-7.97138],[110.2715,-7.9696]]],[[[110.2551,-7.97088],[110.2533,-7.9691],[110.2551,-7.96732],[110.2569,-7.9691],[110.2551,-7.97088]]],[[[110.2587,-7.9684],[110.2605,-7.96662],[110.2623,-7.9684],[110.2605,-7.97018],[110.2587,-7.9684]]],[[[110.2668,-7.9659],[110.26657,-7.96612],[110.26759,-7.96713],[110.26735,-7.96737],[110.2682,-7.9682],[110.26669,-7.96969],[110.2667,-7.9697],[110.2649,-7.97148],[110.2631,-7.9697],[110.26401,-7.9688],[110.2628,-7.9676],[110.26386,-7.96655],[110.2632,-7.9659],[110.265,-7.96412],[110.2668,-7.9659]]],[[[110.2381,-7.96698],[110.2363,-7.9652],[110.2381,-7.96342],[110.2399,-7.9652],[110.2381,-7.96698]]],[[[110.2488,-7.96132],[110.2506,-7.9631],[110.2488,-7.96488],[110.247,-7.9631],[110.2488,-7.96132]]],[[[110.2583,-7.95892],[110.2601,-7.9607],[110.2583,-7.96248],[110.2565,-7.9607],[110.2583,-7.95892]]],[[[110.2705,-7.96238],[110.2687,-7.9606],[110.2705,-7.95882],[110.2723,-7.9606],[110.2705,-7.96238]]],[[[110.2673,-7.95542],[110.2674,-7.95532],[110.2692,-7.9571],[110.2674,-7.95888],[110.267,-7.95848],[110.2669,-7.95858],[110.2651,-7.9568],[110.2669,-7.95502],[110.2673,-7.95542]]],[[[110.2395,-7.9541],[110.2413,-7.95232],[110.2431,-7.9541],[110.2413,-7.95588],[110.2395,-7.9541]]],[[[110.2512,-7.95388],[110.2494,-7.9521],[110.2512,-7.95032],[110.253,-7.9521],[110.2512,-7.95388]]],[[[110.246,-7.9516],[110.2478,-7.94982],[110.2496,-7.9516],[110.2478,-7.95338],[110.246,-7.9516]]],[[[110.2673,-7.9496],[110.2691,-7.94782],[110.2709,-7.9496],[110.2691,-7.95138],[110.2673,-7.9496]]],[[[110.2653,-7.94968],[110.2635,-7.9479],[110.2653,-7.94612],[110.2671,-7.9479],[110.2653,-7.94968]]],[[[110.24446,-7.94656],[110.2447,-7.94632],[110.2465,-7.9481],[110.2447,-7.94988],[110.24294,-7.94814],[110.2427,-7.94838],[110.2409,-7.9466],[110.2427,-7.94482],[110.24446,-7.94656]]],[[[110.2533,-7.945],[110.2515,-7.94678],[110.25091,-7.94619],[110.2492,-7.94788],[110.2474,-7.9461],[110.2492,-7.94432],[110.24979,-7.94491],[110.2515,-7.94322],[110.2533,-7.945]]],[[[110.2443,-7.94458],[110.2425,-7.9428],[110.2443,-7.94102],[110.2461,-7.9428],[110.2443,-7.94458]]],[[[110.2464,-7.9411],[110.2482,-7.93932],[110.25,-7.9411],[110.2482,-7.94288],[110.2464,-7.9411]]],[[[110.2679,-7.9403],[110.2697,-7.93852],[110.2715,-7.9403],[110.2697,-7.94208],[110.2679,-7.9403]]],[[[110.2607,-7.93998],[110.2589,-7.9382],[110.2607,-7.93642],[110.2625,-7.9382],[110.2607,-7.93998]]],[[[110.253,-7.9383],[110.2512,-7.94008],[110.25055,-7.93944],[110.2495,-7.94048],[110.2477,-7.9387],[110.24927,-7.93715],[110.248,-7.9359],[110.2498,-7.93412],[110.2516,-7.9359],[110.25003,-7.93745],[110.25015,-7.93756],[110.2512,-7.93652],[110.253,-7.9383]]],[[[110.2558,-7.9316],[110.2576,-7.92982],[110.2594,-7.9316],[110.2576,-7.93338],[110.2558,-7.9316]]],[[[110.2535,-7.92908],[110.2517,-7.9273],[110.2535,-7.92552],[110.2553,-7.9273],[110.2535,-7.92908]]],[[[110.2444,-7.92728],[110.2426,-7.9255],[110.2444,-7.92372],[110.2462,-7.9255],[110.2444,-7.92728]]],[[[110.2761,-7.92718],[110.2743,-7.9254],[110.2761,-7.92362],[110.2779,-7.9254],[110.2761,-7.92718]]],[[[110.2465,-7.9244],[110.2483,-7.92262],[110.2501,-7.9244],[110.2483,-7.92618],[110.2465,-7.9244]]],[[[110.2379,-7.9194],[110.2397,-7.91762],[110.2415,-7.9194],[110.2397,-7.92118],[110.2379,-7.9194]]],[[[110.2654,-7.91592],[110.2672,-7.9177],[110.2654,-7.91948],[110.26485,-7.91894],[110.2633,-7.92048],[110.2615,-7.9187],[110.2633,-7.91692],[110.26385,-7.91746],[110.2654,-7.91592]]],[[[110.2478,-7.91132],[110.2496,-7.9131],[110.2478,-7.91488],[110.246,-7.9131],[110.2478,-7.91132]]],[[[110.2604,-7.9117],[110.2622,-7.90992],[110.264,-7.9117],[110.2622,-7.91348],[110.2604,-7.9117]]],[[[110.25132,-7.9094],[110.25311,-7.91118],[110.25275,-7.91154],[110.25275,-7.91154],[110.25096,-7.91332],[110.24916,-7.91154],[110.24952,-7.91118],[110.24952,-7.91118],[110.25132,-7.9094]]],[[[110.2544,-7.9064],[110.2562,-7.90462],[110.258,-7.9064],[110.2562,-7.90818],[110.2544,-7.9064]]],[[[110.2662,-7.9039],[110.268,-7.90212],[110.2698,-7.9039],[110.268,-7.90568],[110.2662,-7.9039]]],[[[110.2446,-7.90378],[110.2428,-7.902],[110.2446,-7.90022],[110.2464,-7.902],[110.2446,-7.90378]]],[[[110.2647,-7.90308],[110.2629,-7.9013],[110.2647,-7.89952],[110.2665,-7.9013],[110.2647,-7.90308]]],[[[110.2595,-7.89792],[110.2613,-7.8997],[110.26059,-7.9004],[110.2606,-7.9004],[110.2588,-7.90218],[110.257,-7.9004],[110.25771,-7.8997],[110.2577,-7.8997],[110.2595,-7.89792]]],[[[110.2519,-7.8971],[110.2537,-7.89532],[110.2555,-7.8971],[110.2537,-7.89888],[110.2519,-7.8971]]],[[[110.2706,-7.8936],[110.26944,-7.89475],[110.27,-7.8953],[110.2682,-7.89708],[110.2664,-7.8953],[110.26756,-7.89415],[110.267,-7.8936],[110.2688,-7.89182],[110.2706,-7.8936]]],[[[110.2736,-7.88482],[110.2754,-7.8866],[110.27509,-7.8869],[110.2757,-7.8875],[110.2739,-7.88928],[110.2721,-7.8875],[110.27241,-7.8872],[110.2718,-7.8866],[110.2736,-7.88482]]],[[[110.2386,-7.8868],[110.2404,-7.88502],[110.2422,-7.8868],[110.2404,-7.88858],[110.2386,-7.8868]]],[[[110.2467,-7.8807],[110.2485,-7.87892],[110.2503,-7.8807],[110.2485,-7.88248],[110.2467,-7.8807]]],[[[110.2411,-7.87358],[110.2393,-7.8718],[110.2411,-7.87002],[110.2429,-7.8718],[110.2411,-7.87358]]],[[[110.2619,-7.8698],[110.2637,-7.86802],[110.2655,-7.8698],[110.2637,-7.87158],[110.2619,-7.8698]]],[[[110.2514,-7.8643],[110.2496,-7.86608],[110.248,-7.8645],[110.2463,-7.86618],[110.2445,-7.8644],[110.2463,-7.86262],[110.2479,-7.8642],[110.2496,-7.86252],[110.2514,-7.8643]]],[[[110.2696,-7.86298],[110.2678,-7.8612],[110.2696,-7.85942],[110.2714,-7.8612],[110.2696,-7.86298]]],[[[110.2658,-7.86148],[110.264,-7.8597],[110.2658,-7.85792],[110.2676,-7.8597],[110.2658,-7.86148]]],[[[110.2727,-7.85998],[110.2709,-7.8582],[110.2727,-7.85642],[110.2745,-7.8582],[110.2727,-7.85998]]],[[[110.2468,-7.8552],[110.2486,-7.85342],[110.2504,-7.8552],[110.2486,-7.85698],[110.2468,-7.8552]]],[[[110.2568,-7.8533],[110.2586,-7.85152],[110.2604,-7.8533],[110.2586,-7.85508],[110.2568,-7.8533]]],[[[110.2383,-7.84858],[110.2365,-7.8468],[110.2383,-7.84502],[110.2401,-7.8468],[110.2383,-7.84858]]],[[[110.248,-7.8466],[110.2498,-7.84482],[110.2516,-7.8466],[110.2498,-7.84838],[110.248,-7.8466]]],[[[110.2501,-7.8385],[110.2519,-7.83672],[110.2537,-7.8385],[110.2519,-7.84028],[110.2501,-7.8385]]],[[[110.2633,-7.83978],[110.2615,-7.838],[110.2633,-7.83622],[110.2651,-7.838],[110.2633,-7.83978]]],[[[110.24,-7.8322],[110.2418,-7.83042],[110.2436,-7.8322],[110.2418,-7.83398],[110.24,-7.8322]]],[[[110.2532,-7.8286],[110.255,-7.82682],[110.2568,-7.8286],[110.255,-7.83038],[110.2532,-7.8286]]],[[[110.2374,-7.81992],[110.23871,-7.82121],[110.2389,-7.82102],[110.2407,-7.8228],[110.2389,-7.82458],[110.23759,-7.82329],[110.2374,-7.82348],[110.2356,-7.8217],[110.2374,-7.81992]]],[[[110.2656,-7.8221],[110.2674,-7.82032],[110.2692,-7.8221],[110.2674,-7.82388],[110.2656,-7.8221]]],[[[110.2732,-7.8219],[110.275,-7.82012],[110.2768,-7.8219],[110.275,-7.82368],[110.2732,-7.8219]]],[[[110.2605,-7.8193],[110.2623,-7.81752],[110.2641,-7.8193],[110.2623,-7.82108],[110.2605,-7.8193]]],[[[110.2568,-7.81592],[110.2586,-7.8177],[110.2568,-7.81948],[110.255,-7.8177],[110.2568,-7.81592]]],[[[110.247,-7.8164],[110.2488,-7.81462],[110.2506,-7.8164],[110.2488,-7.81818],[110.247,-7.8164]]],[[[110.2418,-7.81468],[110.24,-7.8129],[110.2418,-7.81112],[110.2436,-7.8129],[110.2418,-7.81468]]],[[[110.2711,-7.81082],[110.2729,-7.8126],[110.2711,-7.81438],[110.2693,-7.8126],[110.2711,-7.81082]]],[[[110.2606,-7.8121],[110.2624,-7.81032],[110.2642,-7.8121],[110.2624,-7.81388],[110.2606,-7.8121]]],[[[110.257,-7.81188],[110.2552,-7.8101],[110.257,-7.80832],[110.2588,-7.8101],[110.257,-7.81188]]],[[[110.2757,-7.8035],[110.27484,-7.80435],[110.275,-7.8045],[110.2732,-7.80628],[110.2714,-7.8045],[110.27226,-7.80365],[110.2721,-7.8035],[110.2739,-7.80172],[110.2757,-7.8035]]],[[[110.2583,-7.8036],[110.2601,-7.80182],[110.2619,-7.8036],[110.2601,-7.80538],[110.2583,-7.8036]]],[[[110.2577,-7.80268],[110.2559,-7.8009],[110.2577,-7.79912],[110.2595,-7.8009],[110.2577,-7.80268]]],[[[110.24586,-7.80124],[110.24406,-7.79946],[110.24429,-7.79924],[110.244,-7.79896],[110.2458,-7.79718],[110.2476,-7.79896],[110.24737,-7.79918],[110.24765,-7.79946],[110.24586,-7.80124]]],[[[110.25792,-7.79452],[110.25612,-7.79274],[110.25792,-7.79095],[110.25972,-7.79274],[110.25792,-7.79452]]],[[[110.27774,-7.79037],[110.27704,-7.79106],[110.2784,-7.7924],[110.2766,-7.79418],[110.2748,-7.7924],[110.2755,-7.79171],[110.27415,-7.79037],[110.27594,-7.78858],[110.27774,-7.79037]]],[[[110.23713,-7.78894],[110.23893,-7.78716],[110.24072,-7.78894],[110.23893,-7.79072],[110.23713,-7.78894]]],[[[110.27059,-7.78381],[110.27239,-7.78559],[110.27059,-7.78737],[110.27046,-7.78724],[110.27003,-7.78767],[110.26823,-7.78589],[110.27003,-7.78411],[110.27016,-7.78424],[110.27059,-7.78381]]],[[[110.256,-7.77933],[110.25779,-7.77755],[110.25959,-7.77933],[110.25779,-7.78111],[110.256,-7.77933]]],[[[110.27051,-7.77904],[110.27231,-7.77726],[110.2741,-7.77904],[110.27231,-7.78082],[110.27051,-7.77904]]],[[[110.25265,-7.77828],[110.25085,-7.7765],[110.25265,-7.77472],[110.25444,-7.7765],[110.25265,-7.77828]]],[[[110.2477,-7.77352],[110.2495,-7.7753],[110.2477,-7.77708],[110.2459,-7.7753],[110.2477,-7.77352]]],[[[110.24756,-7.76947],[110.24646,-7.77056],[110.24665,-7.77074],[110.24485,-7.77252],[110.24306,-7.77074],[110.24415,-7.76966],[110.24397,-7.76947],[110.24576,-7.76769],[110.24756,-7.76947]]],[[[110.24131,-7.76976],[110.23951,-7.76798],[110.24131,-7.7662],[110.24311,-7.76798],[110.24131,-7.76976]]],[[[110.2623,-7.76258],[110.2605,-7.7608],[110.2623,-7.75902],[110.2641,-7.7608],[110.2623,-7.76258]]],[[[110.25622,-7.75857],[110.25689,-7.75924],[110.25759,-7.75855],[110.25761,-7.75856],[110.25802,-7.75816],[110.25981,-7.75994],[110.25802,-7.76172],[110.258,-7.7617],[110.25759,-7.76211],[110.25692,-7.76144],[110.25622,-7.76213],[110.25535,-7.76126],[110.25438,-7.76222],[110.25259,-7.76044],[110.25438,-7.75866],[110.25526,-7.75952],[110.25622,-7.75857]]],[[[110.2413,-7.7559],[110.2431,-7.75412],[110.2449,-7.7559],[110.2431,-7.75768],[110.2413,-7.7559]]],[[[110.24063,-7.7529],[110.24242,-7.75112],[110.24422,-7.7529],[110.24242,-7.75468],[110.24063,-7.7529]]],[[[110.26609,-7.75414],[110.2643,-7.75236],[110.26609,-7.75058],[110.26789,-7.75236],[110.26609,-7.75414]]],[[[110.26931,-7.75121],[110.2711,-7.74943],[110.2729,-7.75121],[110.2711,-7.75299],[110.26931,-7.75121]]],[[[110.25343,-7.74384],[110.25523,-7.74206],[110.25702,-7.74384],[110.25523,-7.74562],[110.25343,-7.74384]]],[[[110.2361,-7.7392],[110.2379,-7.73742],[110.2397,-7.7392],[110.2379,-7.74098],[110.2361,-7.7392]]],[[[110.2632,-7.73592],[110.265,-7.7377],[110.2632,-7.73948],[110.2614,-7.7377],[110.2632,-7.73592]]],[[[110.27495,-7.73461],[110.27675,-7.73283],[110.27855,-7.73461],[110.27675,-7.73639],[110.27495,-7.73461]]],[[[110.25813,-7.73485],[110.25633,-7.73307],[110.25813,-7.73129],[110.25992,-7.73307],[110.25813,-7.73485]]],[[[110.23898,-7.73275],[110.23719,-7.73097],[110.23898,-7.72919],[110.24078,-7.73097],[110.23898,-7.73275]]],[[[110.24902,-7.72985],[110.24722,-7.72807],[110.24902,-7.72629],[110.25082,-7.72807],[110.24902,-7.72985]]],[[[110.26403,-7.72786],[110.26582,-7.72608],[110.26762,-7.72786],[110.26582,-7.72964],[110.26403,-7.72786]]],[[[110.26999,-7.71916],[110.26886,-7.72028],[110.26944,-7.72086],[110.26764,-7.72264],[110.26584,-7.72086],[110.26697,-7.71974],[110.26639,-7.71916],[110.26819,-7.71738],[110.26999,-7.71916]]],[[[110.23869,-7.72067],[110.23689,-7.71889],[110.23869,-7.71711],[110.24049,-7.71889],[110.23869,-7.72067]]],[[[110.2403,-7.7167],[110.2421,-7.71492],[110.2439,-7.7167],[110.2421,-7.71848],[110.2403,-7.7167]]],[[[110.25954,-7.71666],[110.26134,-7.71488],[110.26313,-7.71666],[110.26134,-7.71844],[110.25954,-7.71666]]],[[[110.27065,-7.71838],[110.26886,-7.71659],[110.27065,-7.71481],[110.27245,-7.71659],[110.27065,-7.71838]]],[[[110.2432,-7.71543],[110.245,-7.71365],[110.24679,-7.71543],[110.245,-7.71721],[110.2432,-7.71543]]],[[[110.25406,-7.71542],[110.25586,-7.71364],[110.25766,-7.71542],[110.25586,-7.7172],[110.25406,-7.71542]]],[[[110.26373,-7.71674],[110.26194,-7.71496],[110.26373,-7.71317],[110.26553,-7.71496],[110.26373,-7.71674]]],[[[110.26082,-7.71165],[110.25963,-7.71284],[110.2608,-7.714],[110.259,-7.71578],[110.2572,-7.714],[110.2584,-7.71281],[110.25723,-7.71165],[110.25903,-7.70987],[110.26082,-7.71165]]],[[[110.2629,-7.6953],[110.2647,-7.69352],[110.2665,-7.6953],[110.2647,-7.69708],[110.2629,-7.6953]]],[[[110.2553,-7.69678],[110.2535,-7.695],[110.2553,-7.69322],[110.2571,-7.695],[110.2553,-7.69678]]],[[[110.2586,-7.6934],[110.2604,-7.69162],[110.2622,-7.6934],[110.2604,-7.69518],[110.2586,-7.6934]]],[[[110.2576,-7.68771],[110.2579,-7.68742],[110.2597,-7.6892],[110.2579,-7.69098],[110.2571,-7.69019],[110.2568,-7.69048],[110.255,-7.6887],[110.2568,-7.68692],[110.2576,-7.68771]]],[[[110.2521,-7.68178],[110.2503,-7.68],[110.2521,-7.67822],[110.2539,-7.68],[110.2521,-7.68178]]],[[[110.2608,-7.6759],[110.26151,-7.6752],[110.2611,-7.6748],[110.2629,-7.67302],[110.26295,-7.67307],[110.2635,-7.67252],[110.2653,-7.6743],[110.26404,-7.67555],[110.2644,-7.6759],[110.2626,-7.67768],[110.2608,-7.6759]]],[[[110.2451,-7.6629],[110.2469,-7.66112],[110.2487,-7.6629],[110.2469,-7.66468],[110.2451,-7.6629]]],[[[110.2578,-7.65668],[110.256,-7.6549],[110.2578,-7.65312],[110.2596,-7.6549],[110.2578,-7.65668]]],[[[110.2463,-7.6527],[110.2481,-7.65092],[110.2499,-7.6527],[110.2481,-7.65448],[110.2463,-7.6527]]],[[[110.2541,-7.6478],[110.2559,-7.64602],[110.2577,-7.6478],[110.2559,-7.64958],[110.2541,-7.6478]]],[[[110.32367,-8.01955],[110.32187,-8.01777],[110.32367,-8.01599],[110.32546,-8.01777],[110.32367,-8.01955]]],[[[110.3199,-8.01208],[110.31811,-8.0103],[110.3199,-8.00852],[110.3217,-8.0103],[110.3199,-8.01208]]],[[[110.27861,-8.00417],[110.27682,-8.00239],[110.27861,-8.00061],[110.28041,-8.00239],[110.27861,-8.00417]]],[[[110.288,-7.9987],[110.2898,-7.99692],[110.2916,-7.9987],[110.2898,-8.00048],[110.288,-7.9987]]],[[[110.31338,-7.99449],[110.31359,-7.99428],[110.31539,-7.99606],[110.31359,-7.99783],[110.31271,-7.99697],[110.3125,-7.99718],[110.3107,-7.9954],[110.3125,-7.99362],[110.31338,-7.99449]]],[[[110.29853,-7.99089],[110.30032,-7.98911],[110.30212,-7.99089],[110.30032,-7.99267],[110.29853,-7.99089]]],[[[110.30555,-7.99084],[110.30734,-7.98906],[110.30914,-7.99084],[110.30734,-7.99262],[110.30555,-7.99084]]],[[[110.3143,-7.9848],[110.3161,-7.98302],[110.3179,-7.9848],[110.3161,-7.98658],[110.3143,-7.9848]]],[[[110.3054,-7.98648],[110.3036,-7.9847],[110.3054,-7.98292],[110.3072,-7.9847],[110.3054,-7.98648]]],[[[110.29606,-7.98277],[110.29785,-7.98099],[110.29965,-7.98277],[110.29785,-7.98455],[110.29606,-7.98277]]],[[[110.3137,-7.9814],[110.31456,-7.98055],[110.31301,-7.979],[110.31288,-7.97913],[110.31108,-7.97735],[110.31288,-7.97557],[110.31309,-7.97578],[110.31334,-7.97553],[110.31501,-7.97719],[110.31565,-7.97656],[110.31744,-7.97833],[110.31582,-7.97995],[110.31729,-7.9814],[110.31719,-7.9815],[110.3173,-7.9816],[110.3155,-7.98338],[110.3137,-7.9816],[110.3138,-7.98151],[110.3137,-7.9814]]],[[[110.32033,-7.9811],[110.31853,-7.97932],[110.32033,-7.97754],[110.32213,-7.97932],[110.32033,-7.9811]]],[[[110.2854,-7.97918],[110.284,-7.97779],[110.2836,-7.97818],[110.2818,-7.9764],[110.2836,-7.97462],[110.285,-7.97601],[110.2854,-7.97562],[110.2872,-7.9774],[110.2854,-7.97918]]],[[[110.3101,-7.97728],[110.3083,-7.9755],[110.3101,-7.97372],[110.3119,-7.9755],[110.3101,-7.97728]]],[[[110.2984,-7.96832],[110.2988,-7.96871],[110.2998,-7.96772],[110.3016,-7.9695],[110.2998,-7.97128],[110.2994,-7.97089],[110.2984,-7.97188],[110.2966,-7.9701],[110.2984,-7.96832]]],[[[110.2786,-7.9694],[110.2804,-7.96762],[110.2822,-7.9694],[110.2804,-7.97118],[110.2786,-7.9694]]],[[[110.2904,-7.96718],[110.2886,-7.9654],[110.2904,-7.96362],[110.2922,-7.9654],[110.2904,-7.96718]]],[[[110.3187,-7.965],[110.3205,-7.96322],[110.3223,-7.965],[110.3205,-7.96678],[110.3187,-7.965]]],[[[110.305,-7.9619],[110.3068,-7.96012],[110.3086,-7.9619],[110.3068,-7.96368],[110.305,-7.9619]]],[[[110.2874,-7.96058],[110.2856,-7.9588],[110.2874,-7.95702],[110.2892,-7.9588],[110.2874,-7.96058]]],[[[110.3066,-7.9565],[110.3048,-7.95828],[110.30445,-7.95794],[110.3035,-7.95888],[110.3017,-7.9571],[110.3035,-7.95532],[110.30385,-7.95566],[110.3048,-7.95472],[110.3066,-7.9565]]],[[[110.2766,-7.9557],[110.2784,-7.95392],[110.2802,-7.9557],[110.2784,-7.95748],[110.2766,-7.9557]]],[[[110.3141,-7.95488],[110.3123,-7.9531],[110.3141,-7.95132],[110.3159,-7.9531],[110.3141,-7.95488]]],[[[110.3148,-7.94502],[110.3166,-7.9468],[110.31655,-7.94685],[110.3166,-7.9469],[110.3148,-7.94868],[110.313,-7.9469],[110.31305,-7.94685],[110.313,-7.9468],[110.3148,-7.94502]]],[[[110.2781,-7.9451],[110.2799,-7.94332],[110.2817,-7.9451],[110.2799,-7.94688],[110.2781,-7.9451]]],[[[110.3209,-7.94578],[110.3191,-7.944],[110.3209,-7.94222],[110.32205,-7.94336],[110.3228,-7.94262],[110.3246,-7.9444],[110.3228,-7.94618],[110.32165,-7.94504],[110.3209,-7.94578]]],[[[110.28338,-7.91258],[110.28518,-7.9108],[110.28697,-7.91258],[110.28518,-7.91436],[110.28338,-7.91258]]],[[[110.3202,-7.90722],[110.322,-7.909],[110.32195,-7.90905],[110.322,-7.9091],[110.3202,-7.91088],[110.3184,-7.9091],[110.31845,-7.90905],[110.3184,-7.909],[110.3202,-7.90722]]],[[[110.2804,-7.9041],[110.2822,-7.90232],[110.284,-7.9041],[110.2822,-7.90588],[110.2804,-7.9041]]],[[[110.2908,-7.9017],[110.2926,-7.89992],[110.2944,-7.9017],[110.2926,-7.90348],[110.2908,-7.9017]]],[[[110.3177,-7.90088],[110.3159,-7.8991],[110.3177,-7.89732],[110.3195,-7.8991],[110.3177,-7.90088]]],[[[110.3206,-7.898],[110.3224,-7.89622],[110.3242,-7.898],[110.3224,-7.89978],[110.3206,-7.898]]],[[[110.3217,-7.8952],[110.3235,-7.89342],[110.3253,-7.8952],[110.3235,-7.89698],[110.3217,-7.8952]]],[[[110.3248,-7.88668],[110.323,-7.8849],[110.3248,-7.88312],[110.3266,-7.8849],[110.3248,-7.88668]]],[[[110.3195,-7.8845],[110.31929,-7.8847],[110.3196,-7.885],[110.3178,-7.88678],[110.316,-7.885],[110.31621,-7.8848],[110.3159,-7.8845],[110.3177,-7.88272],[110.3195,-7.8845]]],[[[110.3147,-7.8808],[110.3165,-7.87902],[110.3183,-7.8808],[110.3165,-7.88258],[110.3147,-7.8808]]],[[[110.3145,-7.88078],[110.3127,-7.879],[110.3145,-7.87722],[110.3163,-7.879],[110.3145,-7.88078]]],[[[110.2834,-7.8779],[110.2852,-7.87612],[110.287,-7.8779],[110.2852,-7.87968],[110.2834,-7.8779]]],[[[110.3222,-7.8751],[110.324,-7.87332],[110.3258,-7.8751],[110.324,-7.87688],[110.3222,-7.8751]]],[[[110.2821,-7.87488],[110.2803,-7.8731],[110.2821,-7.87132],[110.2839,-7.8731],[110.2821,-7.87488]]],[[[110.2763,-7.8681],[110.2781,-7.86632],[110.2799,-7.8681],[110.2781,-7.86988],[110.2763,-7.8681]]],[[[110.323,-7.8573],[110.3248,-7.85552],[110.3266,-7.8573],[110.3248,-7.85908],[110.323,-7.8573]]],[[[110.323,-7.85158],[110.3212,-7.8498],[110.323,-7.84802],[110.3248,-7.8498],[110.323,-7.85158]]],[[[110.313,-7.8497],[110.3148,-7.84792],[110.3166,-7.8497],[110.3148,-7.85148],[110.313,-7.8497]]],[[[110.3093,-7.8436],[110.3111,-7.84182],[110.3129,-7.8436],[110.3111,-7.84538],[110.3093,-7.8436]]],[[[110.3129,-7.84148],[110.3111,-7.8397],[110.3129,-7.83792],[110.3147,-7.8397],[110.3129,-7.84148]]],[[[110.3012,-7.83432],[110.303,-7.8361],[110.30143,-7.83765],[110.3032,-7.8394],[110.3014,-7.84118],[110.2996,-7.8394],[110.30117,-7.83785],[110.2994,-7.8361],[110.3012,-7.83432]]],[[[110.3214,-7.83778],[110.3196,-7.836],[110.3214,-7.83422],[110.3232,-7.836],[110.3214,-7.83778]]],[[[110.3035,-7.8357],[110.3053,-7.83392],[110.3071,-7.8357],[110.3053,-7.83748],[110.3035,-7.8357]]],[[[110.3073,-7.8356],[110.3091,-7.83382],[110.3109,-7.8356],[110.3091,-7.83738],[110.3073,-7.8356]]],[[[110.3125,-7.82808],[110.3107,-7.8263],[110.3125,-7.82452],[110.3143,-7.8263],[110.3125,-7.82808]]],[[[110.3186,-7.8259],[110.3204,-7.82412],[110.3222,-7.8259],[110.3204,-7.82768],[110.3186,-7.8259]]],[[[110.2906,-7.8223],[110.2924,-7.82052],[110.2942,-7.8223],[110.2924,-7.82408],[110.2906,-7.8223]]],[[[110.30617,-7.81906],[110.30437,-7.81728],[110.30617,-7.8155],[110.30796,-7.81728],[110.30617,-7.81906]]],[[[110.3198,-7.8153],[110.3216,-7.81352],[110.3234,-7.8153],[110.3216,-7.81708],[110.3198,-7.8153]]],[[[110.31276,-7.81492],[110.31456,-7.81314],[110.31635,-7.81492],[110.31456,-7.8167],[110.31276,-7.81492]]],[[[110.31193,-7.81525],[110.31014,-7.81347],[110.31193,-7.81169],[110.31373,-7.81347],[110.31193,-7.81525]]],[[[110.3236,-7.81488],[110.3218,-7.8131],[110.3236,-7.81132],[110.3254,-7.8131],[110.3236,-7.81488]]],[[[110.275,-7.8129],[110.2768,-7.81112],[110.2786,-7.8129],[110.2768,-7.81468],[110.275,-7.8129]]],[[[110.2798,-7.8099],[110.2816,-7.80812],[110.2834,-7.8099],[110.2816,-7.81168],[110.2798,-7.8099]]],[[[110.3035,-7.80415],[110.30381,-7.80385],[110.30561,-7.80563],[110.30381,-7.80741],[110.30276,-7.80637],[110.30245,-7.80668],[110.30066,-7.8049],[110.30245,-7.80312],[110.3035,-7.80415]]],[[[110.3093,-7.80212],[110.3111,-7.8039],[110.31089,-7.8041],[110.3111,-7.8043],[110.3093,-7.80608],[110.3075,-7.8043],[110.30771,-7.8041],[110.3075,-7.8039],[110.3093,-7.80212]]],[[[110.2756,-7.8016],[110.2774,-7.79982],[110.2792,-7.8016],[110.2774,-7.80338],[110.2756,-7.8016]]],[[[110.30259,-7.80122],[110.30439,-7.79944],[110.30619,-7.80122],[110.30439,-7.803],[110.30259,-7.80122]]],[[[110.31369,-7.80029],[110.3119,-7.7985],[110.31369,-7.79672],[110.31549,-7.7985],[110.31369,-7.80029]]],[[[110.2825,-7.7976],[110.2843,-7.79582],[110.2861,-7.7976],[110.2843,-7.79938],[110.2825,-7.7976]]],[[[110.306,-7.7969],[110.3078,-7.79512],[110.3096,-7.7969],[110.3078,-7.79868],[110.306,-7.7969]]],[[[110.31963,-7.79596],[110.32142,-7.79418],[110.32322,-7.79596],[110.32142,-7.79774],[110.31963,-7.79596]]],[[[110.2819,-7.79268],[110.2801,-7.7909],[110.2819,-7.78912],[110.2837,-7.7909],[110.2819,-7.79268]]],[[[110.29549,-7.78864],[110.29729,-7.78686],[110.29908,-7.78864],[110.29729,-7.79042],[110.29549,-7.78864]]],[[[110.30732,-7.78496],[110.30911,-7.78674],[110.30732,-7.78852],[110.30552,-7.78674],[110.30732,-7.78496]]],[[[110.30079,-7.78614],[110.30258,-7.78436],[110.30438,-7.78614],[110.30258,-7.78793],[110.30079,-7.78614]]],[[[110.31219,-7.78564],[110.31039,-7.78386],[110.31219,-7.78208],[110.31398,-7.78386],[110.31219,-7.78564]]],[[[110.3162,-7.783],[110.31629,-7.78291],[110.31504,-7.78167],[110.31683,-7.77989],[110.31786,-7.78091],[110.31797,-7.7808],[110.31976,-7.78258],[110.31957,-7.78277],[110.3198,-7.783],[110.31914,-7.78365],[110.32006,-7.78457],[110.31826,-7.78635],[110.31647,-7.78457],[110.31713,-7.78391],[110.3162,-7.783]]],[[[110.2962,-7.7814],[110.298,-7.77962],[110.2998,-7.7814],[110.298,-7.78318],[110.2962,-7.7814]]],[[[110.3239,-7.78168],[110.3221,-7.7799],[110.3239,-7.77812],[110.3257,-7.7799],[110.3239,-7.78168]]],[[[110.31304,-7.77736],[110.31484,-7.77558],[110.31664,-7.77736],[110.31484,-7.77914],[110.31304,-7.77736]]],[[[110.30026,-7.7759],[110.30206,-7.77412],[110.30386,-7.7759],[110.30206,-7.77768],[110.30026,-7.7759]]],[[[110.3068,-7.77406],[110.305,-7.77228],[110.3068,-7.7705],[110.3086,-7.77228],[110.3068,-7.77406]]],[[[110.30927,-7.77186],[110.31107,-7.77008],[110.31287,-7.77186],[110.31107,-7.77364],[110.30927,-7.77186]]],[[[110.2941,-7.7685],[110.2959,-7.76672],[110.2977,-7.7685],[110.2959,-7.77028],[110.2941,-7.7685]]],[[[110.31574,-7.76242],[110.31753,-7.7642],[110.31574,-7.76598],[110.31542,-7.76566],[110.3151,-7.76598],[110.3133,-7.7642],[110.3151,-7.76242],[110.31542,-7.76273],[110.31574,-7.76242]]],[[[110.30998,-7.76388],[110.31178,-7.7621],[110.31358,-7.76388],[110.31178,-7.76566],[110.30998,-7.76388]]],[[[110.2931,-7.75962],[110.2949,-7.7614],[110.2931,-7.76318],[110.2913,-7.7614],[110.2931,-7.75962]]],[[[110.2946,-7.7602],[110.2964,-7.75842],[110.2982,-7.7602],[110.2964,-7.76198],[110.2946,-7.7602]]],[[[110.30261,-7.76017],[110.30441,-7.75839],[110.3062,-7.76017],[110.30441,-7.76195],[110.30261,-7.76017]]],[[[110.3081,-7.759],[110.3099,-7.75722],[110.3117,-7.759],[110.3099,-7.76078],[110.3081,-7.759]]],[[[110.3208,-7.75958],[110.319,-7.7578],[110.3208,-7.75602],[110.3226,-7.7578],[110.3208,-7.75958]]],[[[110.29798,-7.75664],[110.29977,-7.75486],[110.30157,-7.75664],[110.29977,-7.75842],[110.29798,-7.75664]]],[[[110.31806,-7.75132],[110.31986,-7.74953],[110.32165,-7.75132],[110.31986,-7.7531],[110.31806,-7.75132]]],[[[110.29767,-7.75291],[110.29587,-7.75112],[110.29767,-7.74934],[110.29946,-7.75112],[110.29767,-7.75291]]],[[[110.31351,-7.75086],[110.31171,-7.74908],[110.31351,-7.7473],[110.3153,-7.74908],[110.31351,-7.75086]]],[[[110.32552,-7.74866],[110.32473,-7.74788],[110.32349,-7.7491],[110.3243,-7.7499],[110.3225,-7.75168],[110.3207,-7.7499],[110.32215,-7.74847],[110.32135,-7.74767],[110.32314,-7.74589],[110.32393,-7.74668],[110.32552,-7.7451],[110.32732,-7.74688],[110.32552,-7.74866]]],[[[110.29206,-7.74791],[110.29386,-7.74613],[110.29565,-7.74791],[110.29386,-7.74969],[110.29206,-7.74791]]],[[[110.30566,-7.74457],[110.30745,-7.74279],[110.30925,-7.74457],[110.30745,-7.74635],[110.30566,-7.74457]]],[[[110.28234,-7.74452],[110.28055,-7.74274],[110.28234,-7.74096],[110.28414,-7.74274],[110.28234,-7.74452]]],[[[110.321,-7.7417],[110.3228,-7.73992],[110.32284,-7.73995],[110.32352,-7.73928],[110.32531,-7.74106],[110.32352,-7.74284],[110.32348,-7.7428],[110.3228,-7.74348],[110.321,-7.7417]]],[[[110.3003,-7.74015],[110.30209,-7.73837],[110.30389,-7.74015],[110.30209,-7.74193],[110.3003,-7.74015]]],[[[110.29893,-7.73982],[110.29714,-7.73804],[110.29893,-7.73626],[110.30073,-7.73804],[110.29893,-7.73982]]],[[[110.31294,-7.73793],[110.31474,-7.73615],[110.31653,-7.73793],[110.31474,-7.73971],[110.31294,-7.73793]]],[[[110.31119,-7.73338],[110.31299,-7.7316],[110.31478,-7.73338],[110.31299,-7.73516],[110.31119,-7.73338]]],[[[110.3168,-7.73278],[110.315,-7.731],[110.3168,-7.72922],[110.3186,-7.731],[110.3168,-7.73278]]],[[[110.27862,-7.73087],[110.27683,-7.72909],[110.27862,-7.72731],[110.28042,-7.72909],[110.27862,-7.73087]]],[[[110.31164,-7.72976],[110.30984,-7.72798],[110.31164,-7.7262],[110.31343,-7.72798],[110.31164,-7.72976]]],[[[110.28387,-7.72782],[110.28567,-7.72604],[110.28747,-7.72782],[110.28567,-7.7296],[110.28387,-7.72782]]],[[[110.3143,-7.72631],[110.3161,-7.72453],[110.31789,-7.72631],[110.3161,-7.72809],[110.3143,-7.72631]]],[[[110.31998,-7.72219],[110.31818,-7.72041],[110.31998,-7.71863],[110.32177,-7.72041],[110.31998,-7.72219]]],[[[110.29111,-7.71557],[110.28931,-7.71735],[110.28875,-7.7168],[110.28787,-7.71768],[110.28607,-7.7159],[110.28787,-7.71412],[110.28842,-7.71467],[110.28931,-7.71379],[110.29111,-7.71557]]],[[[110.31417,-7.71474],[110.31597,-7.71296],[110.31777,-7.71474],[110.31597,-7.71652],[110.31417,-7.71474]]],[[[110.32178,-7.71136],[110.31999,-7.70958],[110.32178,-7.7078],[110.32358,-7.70958],[110.32178,-7.71136]]],[[[110.31283,-7.70815],[110.31463,-7.70637],[110.31642,-7.70815],[110.31463,-7.70993],[110.31283,-7.70815]]],[[[110.27667,-7.70359],[110.27846,-7.70181],[110.28026,-7.70359],[110.27846,-7.70537],[110.27667,-7.70359]]],[[[110.2837,-7.70002],[110.2855,-7.7018],[110.28519,-7.7021],[110.2861,-7.703],[110.2843,-7.70478],[110.2825,-7.703],[110.28281,-7.7027],[110.2819,-7.7018],[110.2837,-7.70002]]],[[[110.31945,-7.7039],[110.31765,-7.70212],[110.31945,-7.70034],[110.32125,-7.70212],[110.31945,-7.7039]]],[[[110.29231,-7.70388],[110.29051,-7.7021],[110.29231,-7.70032],[110.2941,-7.7021],[110.29231,-7.70388]]],[[[110.28827,-7.69789],[110.29006,-7.69968],[110.28827,-7.70146],[110.28647,-7.69968],[110.28827,-7.69789]]],[[[110.2787,-7.69673],[110.2805,-7.69495],[110.28229,-7.69673],[110.2805,-7.69851],[110.2787,-7.69673]]],[[[110.31371,-7.69732],[110.31192,-7.69554],[110.31371,-7.69376],[110.31551,-7.69554],[110.31371,-7.69732]]],[[[110.29026,-7.69549],[110.29206,-7.69371],[110.29385,-7.69549],[110.29206,-7.69727],[110.29026,-7.69549]]],[[[110.31745,-7.6493],[110.31924,-7.64752],[110.32104,-7.6493],[110.31924,-7.65108],[110.31745,-7.6493]]],[[[110.34511,-8.0004],[110.34691,-8.00218],[110.34645,-8.00264],[110.34692,-8.00311],[110.34512,-8.00489],[110.34333,-8.00311],[110.34379,-8.00265],[110.34332,-8.00218],[110.34511,-8.0004]]],[[[110.33375,-7.98664],[110.33195,-7.98842],[110.33186,-7.98832],[110.3314,-7.98878],[110.3296,-7.987],[110.3314,-7.98522],[110.33149,-7.98531],[110.33195,-7.98486],[110.33375,-7.98664]]],[[[110.33292,-7.98447],[110.33472,-7.98269],[110.33651,-7.98447],[110.33472,-7.98624],[110.33292,-7.98447]]],[[[110.3437,-7.97948],[110.3419,-7.9777],[110.3437,-7.97592],[110.3455,-7.9777],[110.3437,-7.97948]]],[[[110.32918,-7.97507],[110.33098,-7.97329],[110.33278,-7.97507],[110.33098,-7.97685],[110.32918,-7.97507]]],[[[110.32444,-7.97473],[110.32623,-7.97295],[110.32803,-7.97473],[110.32623,-7.97651],[110.32444,-7.97473]]],[[[110.3425,-7.963],[110.3443,-7.96122],[110.3461,-7.963],[110.3443,-7.96478],[110.3425,-7.963]]],[[[110.33025,-7.95855],[110.33205,-7.95677],[110.33384,-7.95855],[110.33205,-7.96033],[110.33025,-7.95855]]],[[[110.34547,-7.95648],[110.34608,-7.95588],[110.34787,-7.95766],[110.34608,-7.95944],[110.34541,-7.95878],[110.3448,-7.95938],[110.343,-7.9576],[110.3448,-7.95582],[110.34547,-7.95648]]],[[[110.3348,-7.95778],[110.333,-7.956],[110.3348,-7.95422],[110.3366,-7.956],[110.3348,-7.95778]]],[[[110.3236,-7.9494],[110.3254,-7.94762],[110.3272,-7.9494],[110.3254,-7.95118],[110.3236,-7.9494]]],[[[110.3457,-7.9475],[110.34514,-7.94805],[110.3454,-7.9483],[110.3436,-7.95008],[110.3418,-7.9483],[110.34236,-7.94775],[110.3421,-7.9475],[110.3439,-7.94572],[110.3457,-7.9475]]],[[[110.33646,-7.9477],[110.33825,-7.94592],[110.34005,-7.9477],[110.33825,-7.94948],[110.33646,-7.9477]]],[[[110.34914,-7.93766],[110.34888,-7.9374],[110.3484,-7.93788],[110.3466,-7.9361],[110.34661,-7.9361],[110.346,-7.9355],[110.3478,-7.93372],[110.34866,-7.93458],[110.34914,-7.9341],[110.35094,-7.93588],[110.34914,-7.93766]]],[[[110.33986,-7.93456],[110.34166,-7.93278],[110.34346,-7.93456],[110.34166,-7.93634],[110.33986,-7.93456]]],[[[110.3381,-7.90942],[110.3399,-7.9112],[110.33909,-7.912],[110.3401,-7.913],[110.3383,-7.91478],[110.3365,-7.913],[110.33731,-7.9122],[110.3363,-7.9112],[110.3381,-7.90942]]],[[[110.3405,-7.91168],[110.3387,-7.9099],[110.3405,-7.90812],[110.3423,-7.9099],[110.3405,-7.91168]]],[[[110.3477,-7.91038],[110.3459,-7.9086],[110.3477,-7.90682],[110.3495,-7.9086],[110.3477,-7.91038]]],[[[110.3311,-7.90342],[110.3312,-7.90332],[110.333,-7.9051],[110.33289,-7.9052],[110.3336,-7.9059],[110.33223,-7.90725],[110.3339,-7.9089],[110.3321,-7.91068],[110.3303,-7.9089],[110.33167,-7.90755],[110.33,-7.9059],[110.33001,-7.90589],[110.3288,-7.9047],[110.3306,-7.90292],[110.3311,-7.90342]]],[[[110.3473,-7.9023],[110.3491,-7.90052],[110.3509,-7.9023],[110.3491,-7.90408],[110.3473,-7.9023]]],[[[110.33696,-7.89465],[110.3365,-7.8942],[110.3383,-7.89242],[110.3401,-7.8942],[110.34004,-7.89425],[110.3405,-7.8947],[110.33984,-7.89535],[110.34,-7.8955],[110.33909,-7.8964],[110.34,-7.8973],[110.3382,-7.89908],[110.3364,-7.8973],[110.33731,-7.8964],[110.3364,-7.8955],[110.33706,-7.89485],[110.3369,-7.8947],[110.33696,-7.89465]]],[[[110.326,-7.8955],[110.3278,-7.89372],[110.3296,-7.8955],[110.3278,-7.89728],[110.326,-7.8955]]],[[[110.3327,-7.89302],[110.3345,-7.8948],[110.3327,-7.89658],[110.3309,-7.8948],[110.3327,-7.89302]]],[[[110.3403,-7.8912],[110.3421,-7.88942],[110.3439,-7.8912],[110.3421,-7.89298],[110.3403,-7.8912]]],[[[110.3324,-7.8908],[110.3342,-7.88902],[110.336,-7.8908],[110.3342,-7.89258],[110.3324,-7.8908]]],[[[110.3244,-7.8887],[110.32496,-7.88815],[110.3246,-7.8878],[110.3264,-7.88602],[110.3282,-7.8878],[110.32764,-7.88835],[110.32781,-7.88851],[110.3282,-7.88812],[110.33,-7.8899],[110.32884,-7.89105],[110.3291,-7.8913],[110.3273,-7.89308],[110.3255,-7.8913],[110.32666,-7.89015],[110.32659,-7.89009],[110.3262,-7.89048],[110.3244,-7.8887]]],[[[110.3392,-7.89028],[110.3374,-7.8885],[110.3392,-7.88672],[110.341,-7.8885],[110.3392,-7.89028]]],[[[110.3426,-7.88778],[110.3408,-7.886],[110.3426,-7.88422],[110.3444,-7.886],[110.3426,-7.88778]]],[[[110.3313,-7.88538],[110.3295,-7.8836],[110.3313,-7.88182],[110.33145,-7.88197],[110.3316,-7.88182],[110.3329,-7.88311],[110.33315,-7.88286],[110.33287,-7.88259],[110.33467,-7.88081],[110.33647,-7.88259],[110.33522,-7.88382],[110.3355,-7.8841],[110.3337,-7.88588],[110.3324,-7.88459],[110.3316,-7.88538],[110.33145,-7.88523],[110.3313,-7.88538]]],[[[110.341,-7.8816],[110.3428,-7.87982],[110.3446,-7.8816],[110.3428,-7.88338],[110.341,-7.8816]]],[[[110.3344,-7.8804],[110.3362,-7.87862],[110.338,-7.8804],[110.3362,-7.88218],[110.3344,-7.8804]]],[[[110.3485,-7.88068],[110.3467,-7.8789],[110.3485,-7.87712],[110.3503,-7.8789],[110.3485,-7.88068]]],[[[110.3345,-7.8751],[110.3363,-7.87332],[110.3381,-7.8751],[110.3363,-7.87688],[110.3345,-7.8751]]],[[[110.3355,-7.8706],[110.3373,-7.86882],[110.3391,-7.8706],[110.3373,-7.87238],[110.3355,-7.8706]]],[[[110.3271,-7.87118],[110.3253,-7.8694],[110.3271,-7.86762],[110.3289,-7.8694],[110.3271,-7.87118]]],[[[110.34075,-7.86444],[110.3403,-7.86488],[110.34016,-7.86474],[110.3387,-7.86618],[110.3369,-7.8644],[110.3387,-7.86262],[110.33884,-7.86276],[110.3403,-7.86132],[110.34165,-7.86266],[110.3421,-7.86222],[110.3439,-7.864],[110.3421,-7.86578],[110.34075,-7.86444]]],[[[110.3279,-7.8626],[110.3297,-7.86082],[110.3315,-7.8626],[110.3297,-7.86438],[110.3279,-7.8626]]],[[[110.3422,-7.86008],[110.3404,-7.8583],[110.3422,-7.85652],[110.344,-7.8583],[110.3422,-7.86008]]],[[[110.3344,-7.85258],[110.3326,-7.8508],[110.3344,-7.84902],[110.3362,-7.8508],[110.3344,-7.85258]]],[[[110.3451,-7.84832],[110.3464,-7.84961],[110.3467,-7.84932],[110.3485,-7.8511],[110.3467,-7.85288],[110.3454,-7.85159],[110.3451,-7.85188],[110.3433,-7.8501],[110.3451,-7.84832]]],[[[110.3366,-7.8503],[110.3384,-7.84852],[110.3402,-7.8503],[110.3384,-7.85208],[110.3366,-7.8503]]],[[[110.3278,-7.8469],[110.3296,-7.84512],[110.3314,-7.8469],[110.3296,-7.84868],[110.3278,-7.8469]]],[[[110.3331,-7.84508],[110.3313,-7.8433],[110.3331,-7.84152],[110.3349,-7.8433],[110.3331,-7.84508]]],[[[110.345,-7.8425],[110.3468,-7.84072],[110.3486,-7.8425],[110.3468,-7.84428],[110.345,-7.8425]]],[[[110.34365,-7.84017],[110.3438,-7.84002],[110.3456,-7.8418],[110.3438,-7.84358],[110.34365,-7.84343],[110.3435,-7.84358],[110.3417,-7.8418],[110.3435,-7.84002],[110.34365,-7.84017]]],[[[110.3362,-7.83928],[110.3344,-7.8375],[110.3362,-7.83572],[110.338,-7.8375],[110.3362,-7.83928]]],[[[110.3326,-7.8301],[110.33239,-7.8303],[110.3328,-7.8307],[110.331,-7.83248],[110.3292,-7.8307],[110.32941,-7.8305],[110.329,-7.8301],[110.3308,-7.82832],[110.3326,-7.8301]]],[[[110.3434,-7.8284],[110.3452,-7.82662],[110.347,-7.8284],[110.3452,-7.83018],[110.3434,-7.8284]]],[[[110.3322,-7.82908],[110.3304,-7.8273],[110.3322,-7.82552],[110.334,-7.8273],[110.3322,-7.82908]]],[[[110.3281,-7.82402],[110.3299,-7.8258],[110.3281,-7.82758],[110.32755,-7.82703],[110.3271,-7.82748],[110.3253,-7.8257],[110.3271,-7.82392],[110.32765,-7.82447],[110.3281,-7.82402]]],[[[110.3429,-7.8232],[110.3447,-7.82142],[110.3465,-7.8232],[110.3447,-7.82498],[110.3429,-7.8232]]],[[[110.3323,-7.82218],[110.3305,-7.8204],[110.3323,-7.81862],[110.3341,-7.8204],[110.3323,-7.82218]]],[[[110.3395,-7.8198],[110.3413,-7.81802],[110.3431,-7.8198],[110.3413,-7.82158],[110.3395,-7.8198]]],[[[110.3458,-7.81502],[110.3476,-7.8168],[110.3458,-7.81858],[110.344,-7.8168],[110.3458,-7.81502]]],[[[110.33794,-7.81335],[110.3383,-7.8137],[110.33759,-7.8144],[110.3381,-7.8149],[110.3363,-7.81668],[110.3345,-7.8149],[110.33521,-7.8142],[110.3347,-7.8137],[110.33596,-7.81245],[110.3356,-7.8121],[110.3374,-7.81032],[110.3392,-7.8121],[110.33794,-7.81335]]],[[[110.3265,-7.8126],[110.3283,-7.81082],[110.3301,-7.8126],[110.3283,-7.81438],[110.3265,-7.8126]]],[[[110.33998,-7.8128],[110.3401,-7.81268],[110.3385,-7.8111],[110.33951,-7.8101],[110.3385,-7.8091],[110.33916,-7.80845],[110.3375,-7.8068],[110.3393,-7.80502],[110.3411,-7.8068],[110.34044,-7.80745],[110.3416,-7.80861],[110.3433,-7.80692],[110.3451,-7.8087],[110.3433,-7.81048],[110.342,-7.80919],[110.34109,-7.8101],[110.3421,-7.8111],[110.34198,-7.81122],[110.34358,-7.8128],[110.34178,-7.81458],[110.33998,-7.8128]]],[[[110.3276,-7.80898],[110.3258,-7.8072],[110.3276,-7.80542],[110.3294,-7.8072],[110.3276,-7.80898]]],[[[110.3308,-7.8052],[110.3326,-7.80342],[110.3344,-7.8052],[110.3326,-7.80698],[110.3308,-7.8052]]],[[[110.3272,-7.8018],[110.329,-7.80002],[110.3308,-7.8018],[110.329,-7.80358],[110.3272,-7.8018]]],[[[110.3393,-7.79862],[110.3411,-7.8004],[110.3393,-7.80218],[110.33925,-7.80213],[110.3386,-7.80278],[110.3368,-7.801],[110.3386,-7.79922],[110.33865,-7.79927],[110.3393,-7.79862]]],[[[110.348,-7.80048],[110.3462,-7.7987],[110.348,-7.79692],[110.3498,-7.7987],[110.348,-7.80048]]],[[[110.32632,-7.79587],[110.32811,-7.79765],[110.32772,-7.79804],[110.32794,-7.79826],[110.32615,-7.80004],[110.32435,-7.79826],[110.32474,-7.79787],[110.32452,-7.79765],[110.32632,-7.79587]]],[[[110.33368,-7.79631],[110.33233,-7.79765],[110.3338,-7.7991],[110.332,-7.80088],[110.3302,-7.7991],[110.33157,-7.79775],[110.3301,-7.7963],[110.3319,-7.79452],[110.33361,-7.79622],[110.3354,-7.79445],[110.33719,-7.79623],[110.3354,-7.79801],[110.33368,-7.79631]]],[[[110.3275,-7.79332],[110.3293,-7.7951],[110.3275,-7.79688],[110.3257,-7.7951],[110.3275,-7.79332]]],[[[110.3465,-7.79508],[110.3447,-7.7933],[110.3465,-7.79152],[110.3483,-7.7933],[110.3465,-7.79508]]],[[[110.32412,-7.79187],[110.32591,-7.79009],[110.32771,-7.79187],[110.32591,-7.79366],[110.32412,-7.79187]]],[[[110.33461,-7.79043],[110.3364,-7.78865],[110.3382,-7.79043],[110.3364,-7.79221],[110.33461,-7.79043]]],[[[110.3322,-7.78712],[110.334,-7.7889],[110.33275,-7.79013],[110.33358,-7.79096],[110.33179,-7.79274],[110.32999,-7.79096],[110.33123,-7.78972],[110.3304,-7.7889],[110.3322,-7.78712]]],[[[110.32316,-7.78747],[110.32496,-7.78569],[110.32675,-7.78747],[110.32496,-7.78925],[110.32316,-7.78747]]],[[[110.33777,-7.78358],[110.33957,-7.7818],[110.34136,-7.78358],[110.33957,-7.78536],[110.33777,-7.78358]]],[[[110.3479,-7.78072],[110.34797,-7.78079],[110.34803,-7.78073],[110.34983,-7.78251],[110.34803,-7.78429],[110.34796,-7.78422],[110.3479,-7.78428],[110.3461,-7.7825],[110.3479,-7.78072]]],[[[110.32817,-7.78424],[110.32637,-7.78246],[110.32817,-7.78068],[110.32996,-7.78246],[110.32817,-7.78424]]],[[[110.3327,-7.78178],[110.3309,-7.78],[110.3327,-7.77822],[110.3345,-7.78],[110.3327,-7.78178]]],[[[110.34379,-7.77812],[110.34558,-7.77634],[110.34738,-7.77812],[110.34558,-7.77991],[110.34379,-7.77812]]],[[[110.33504,-7.77804],[110.33684,-7.77626],[110.33864,-7.77804],[110.33684,-7.77982],[110.33504,-7.77804]]],[[[110.3386,-7.77738],[110.3368,-7.7756],[110.3386,-7.77382],[110.3404,-7.7756],[110.3386,-7.77738]]],[[[110.34389,-7.77274],[110.34361,-7.77302],[110.3441,-7.7735],[110.3423,-7.77528],[110.34211,-7.7751],[110.34194,-7.77527],[110.34014,-7.77349],[110.3406,-7.77304],[110.3403,-7.77274],[110.34209,-7.77096],[110.34389,-7.77274]]],[[[110.33437,-7.77215],[110.33341,-7.7731],[110.33391,-7.77359],[110.33211,-7.77537],[110.33031,-7.77359],[110.33127,-7.77264],[110.33077,-7.77215],[110.33257,-7.77037],[110.33437,-7.77215]]],[[[110.33815,-7.77258],[110.33635,-7.7708],[110.33815,-7.76902],[110.33995,-7.7708],[110.33815,-7.77258]]],[[[110.32504,-7.76591],[110.32684,-7.76769],[110.32504,-7.76947],[110.32325,-7.76769],[110.32504,-7.76591]]],[[[110.33179,-7.76904],[110.33071,-7.76797],[110.32975,-7.76892],[110.32914,-7.76832],[110.32894,-7.76852],[110.32714,-7.76674],[110.32894,-7.76496],[110.32955,-7.76556],[110.32955,-7.76556],[110.32939,-7.7654],[110.33119,-7.76362],[110.33298,-7.7654],[110.33234,-7.76603],[110.33359,-7.76726],[110.33179,-7.76904]]],[[[110.34615,-7.76758],[110.34435,-7.7658],[110.34615,-7.76402],[110.34794,-7.7658],[110.34615,-7.76758]]],[[[110.33726,-7.76151],[110.33906,-7.76329],[110.3382,-7.76414],[110.33901,-7.76493],[110.33721,-7.76671],[110.33542,-7.76493],[110.33627,-7.76408],[110.33547,-7.76329],[110.33726,-7.76151]]],[[[110.33301,-7.76517],[110.33121,-7.76339],[110.33301,-7.76161],[110.33481,-7.76339],[110.33301,-7.76517]]],[[[110.3478,-7.7614],[110.346,-7.76318],[110.34568,-7.76287],[110.34504,-7.76351],[110.34325,-7.76172],[110.34504,-7.75994],[110.34536,-7.76026],[110.346,-7.75962],[110.3478,-7.7614]]],[[[110.34509,-7.75385],[110.34689,-7.75207],[110.34868,-7.75385],[110.34689,-7.75563],[110.34509,-7.75385]]],[[[110.32747,-7.74732],[110.32927,-7.7491],[110.32901,-7.74935],[110.3304,-7.75073],[110.3286,-7.75251],[110.32681,-7.75073],[110.32707,-7.75047],[110.32568,-7.7491],[110.32747,-7.74732]]],[[[110.33737,-7.74853],[110.33916,-7.74674],[110.34096,-7.74853],[110.33916,-7.75031],[110.33737,-7.74853]]],[[[110.3392,-7.7434],[110.33821,-7.74438],[110.33904,-7.7452],[110.33724,-7.74699],[110.33545,-7.7452],[110.33644,-7.74422],[110.3356,-7.7434],[110.3374,-7.74162],[110.3392,-7.7434]]],[[[110.34766,-7.74383],[110.34587,-7.74205],[110.34766,-7.74027],[110.34946,-7.74205],[110.34766,-7.74383]]],[[[110.33571,-7.73339],[110.3375,-7.73161],[110.33906,-7.73316],[110.34032,-7.73191],[110.34123,-7.73282],[110.34194,-7.73211],[110.34374,-7.73389],[110.34194,-7.73567],[110.34103,-7.73477],[110.34032,-7.73547],[110.33876,-7.73393],[110.3375,-7.73517],[110.33571,-7.73339]]],[[[110.32569,-7.73186],[110.32749,-7.73008],[110.32876,-7.73134],[110.3302,-7.72992],[110.33154,-7.73125],[110.33184,-7.73096],[110.33363,-7.73274],[110.33184,-7.73452],[110.33049,-7.73319],[110.3302,-7.73348],[110.32892,-7.73221],[110.32749,-7.73364],[110.32569,-7.73186]]],[[[110.33264,-7.72813],[110.33085,-7.72635],[110.33264,-7.72457],[110.33444,-7.72635],[110.33264,-7.72813]]],[[[110.32365,-7.72444],[110.32544,-7.72266],[110.32724,-7.72444],[110.32544,-7.72622],[110.32365,-7.72444]]],[[[110.34705,-7.72404],[110.34884,-7.72226],[110.35064,-7.72404],[110.34884,-7.72582],[110.34705,-7.72404]]],[[[110.34195,-7.72451],[110.34016,-7.72272],[110.34195,-7.72094],[110.34375,-7.72272],[110.34195,-7.72451]]],[[[110.33132,-7.71684],[110.33022,-7.71793],[110.33102,-7.71872],[110.32922,-7.7205],[110.32742,-7.71872],[110.32852,-7.71763],[110.32773,-7.71684],[110.32952,-7.71506],[110.33132,-7.71684]]],[[[110.33444,-7.71671],[110.33624,-7.71493],[110.33803,-7.71671],[110.33624,-7.7185],[110.33444,-7.71671]]],[[[110.3445,-7.71748],[110.3427,-7.7157],[110.3445,-7.71392],[110.3463,-7.7157],[110.3445,-7.71748]]],[[[110.3298,-7.713],[110.3316,-7.71122],[110.3334,-7.713],[110.3316,-7.71478],[110.3298,-7.713]]],[[[110.34437,-7.7108],[110.34616,-7.70902],[110.34796,-7.7108],[110.34616,-7.71258],[110.34437,-7.7108]]],[[[110.32986,-7.71156],[110.32807,-7.70978],[110.32986,-7.708],[110.33166,-7.70978],[110.32986,-7.71156]]],[[[110.34966,-7.70136],[110.35142,-7.7031],[110.34963,-7.70489],[110.34956,-7.70482],[110.34931,-7.70507],[110.34856,-7.70432],[110.34771,-7.70517],[110.34631,-7.70379],[110.34527,-7.70482],[110.34347,-7.70304],[110.34412,-7.7024],[110.34378,-7.70206],[110.34557,-7.70028],[110.3468,-7.70149],[110.34705,-7.70124],[110.34604,-7.70025],[110.34784,-7.69847],[110.34841,-7.69904],[110.34876,-7.69869],[110.35056,-7.70047],[110.34966,-7.70136]]],[[[110.34148,-7.69862],[110.34328,-7.7004],[110.34148,-7.70218],[110.33968,-7.7004],[110.34148,-7.69862]]],[[[110.3439,-7.69263],[110.34547,-7.69419],[110.34548,-7.69418],[110.34728,-7.69596],[110.34548,-7.69774],[110.34391,-7.69618],[110.3439,-7.69619],[110.3421,-7.69441],[110.3439,-7.69263]]],[[[110.33047,-7.69501],[110.33226,-7.69323],[110.33406,-7.69501],[110.33226,-7.69679],[110.33047,-7.69501]]],[[[110.32478,-7.69405],[110.32658,-7.69226],[110.32837,-7.69405],[110.32658,-7.69583],[110.32478,-7.69405]]],[[[110.34393,-7.68963],[110.34453,-7.69023],[110.34274,-7.69201],[110.34227,-7.69155],[110.34221,-7.69161],[110.34041,-7.68983],[110.34068,-7.68956],[110.34054,-7.68943],[110.34234,-7.68765],[110.34414,-7.68943],[110.34393,-7.68963]]],[[[110.33647,-7.68423],[110.33691,-7.6838],[110.3367,-7.6836],[110.33744,-7.68287],[110.33691,-7.68233],[110.3387,-7.68055],[110.3405,-7.68233],[110.33992,-7.6829],[110.3408,-7.68377],[110.339,-7.68555],[110.33887,-7.68542],[110.33827,-7.68601],[110.33647,-7.68423]]],[[[110.34436,-7.67831],[110.34616,-7.68009],[110.34612,-7.68013],[110.34614,-7.68015],[110.34434,-7.68193],[110.34254,-7.68015],[110.34258,-7.68011],[110.34257,-7.68009],[110.34436,-7.67831]]],[[[110.34157,-7.66224],[110.34337,-7.66046],[110.34516,-7.66224],[110.34337,-7.66402],[110.34157,-7.66224]]],[[[110.33458,-7.65898],[110.33637,-7.6572],[110.33817,-7.65898],[110.33637,-7.66076],[110.33458,-7.65898]]],[[[110.3261,-7.66008],[110.3243,-7.6583],[110.3261,-7.65652],[110.32682,-7.65723],[110.3272,-7.65686],[110.32761,-7.65727],[110.32774,-7.65715],[110.32953,-7.65893],[110.32774,-7.66071],[110.32732,-7.6603],[110.3272,-7.66042],[110.32648,-7.65971],[110.3261,-7.66008]]],[[[110.325,-7.6515],[110.3268,-7.64972],[110.3286,-7.6515],[110.3268,-7.65328],[110.325,-7.6515]]],[[[110.32315,-7.64925],[110.32494,-7.64747],[110.32674,-7.64925],[110.32494,-7.65103],[110.32315,-7.64925]]],[[[110.33853,-7.64842],[110.34033,-7.64664],[110.34213,-7.64842],[110.34033,-7.65021],[110.33853,-7.64842]]],[[[110.33267,-7.64324],[110.33447,-7.64502],[110.33412,-7.64537],[110.33416,-7.64541],[110.33236,-7.6472],[110.33057,-7.64541],[110.33092,-7.64506],[110.33088,-7.64502],[110.33267,-7.64324]]],[[[110.32989,-7.64322],[110.32809,-7.64144],[110.32989,-7.63966],[110.33168,-7.64144],[110.32989,-7.64322]]],[[[110.3393,-7.6359],[110.3411,-7.63412],[110.3429,-7.6359],[110.3411,-7.63768],[110.3393,-7.6359]]],[[[110.36792,-8.03594],[110.36971,-8.03416],[110.37151,-8.03594],[110.36971,-8.03772],[110.36792,-8.03594]]],[[[110.36485,-7.99639],[110.36305,-7.99461],[110.36485,-7.99284],[110.36664,-7.99461],[110.36485,-7.99639]]],[[[110.3745,-7.99242],[110.3763,-7.9942],[110.3745,-7.99598],[110.3727,-7.9942],[110.3745,-7.99242]]],[[[110.3585,-7.9798],[110.3603,-7.97802],[110.3621,-7.9798],[110.3603,-7.98158],[110.3585,-7.9798]]],[[[110.3738,-7.97318],[110.372,-7.9714],[110.3738,-7.96962],[110.3756,-7.9714],[110.3738,-7.97318]]],[[[110.35293,-7.96902],[110.35473,-7.96724],[110.35652,-7.96902],[110.35473,-7.9708],[110.35293,-7.96902]]],[[[110.34983,-7.95898],[110.35163,-7.96076],[110.34983,-7.96254],[110.34804,-7.96076],[110.34983,-7.95898]]],[[[110.3581,-7.96178],[110.3563,-7.96],[110.3581,-7.95822],[110.3599,-7.96],[110.3581,-7.96178]]],[[[110.3521,-7.95938],[110.3503,-7.9576],[110.3521,-7.95582],[110.3539,-7.9576],[110.3521,-7.95938]]],[[[110.3725,-7.95898],[110.3707,-7.9572],[110.3725,-7.95542],[110.3743,-7.9572],[110.3725,-7.95898]]],[[[110.35463,-7.95178],[110.35642,-7.95],[110.35822,-7.95178],[110.35642,-7.95356],[110.35463,-7.95178]]],[[[110.3491,-7.94979],[110.348,-7.95088],[110.3462,-7.9491],[110.348,-7.94732],[110.3493,-7.94861],[110.3504,-7.94752],[110.3522,-7.9493],[110.3504,-7.95108],[110.3491,-7.94979]]],[[[110.3563,-7.93848],[110.3545,-7.9367],[110.3563,-7.93492],[110.3581,-7.9367],[110.3563,-7.93848]]],[[[110.3597,-7.9076],[110.3615,-7.90582],[110.3633,-7.9076],[110.3615,-7.90938],[110.3597,-7.9076]]],[[[110.3587,-7.9038],[110.3605,-7.90202],[110.3623,-7.9038],[110.3605,-7.90558],[110.3587,-7.9038]]],[[[110.3677,-7.90418],[110.3659,-7.9024],[110.3677,-7.90062],[110.3695,-7.9024],[110.3677,-7.90418]]],[[[110.3548,-7.9003],[110.3566,-7.89852],[110.3584,-7.9003],[110.3566,-7.90208],[110.3548,-7.9003]]],[[[110.3638,-7.8999],[110.3656,-7.89812],[110.3674,-7.8999],[110.3656,-7.90168],[110.3638,-7.8999]]],[[[110.3506,-7.90028],[110.3488,-7.8985],[110.3506,-7.89672],[110.3524,-7.8985],[110.3506,-7.90028]]],[[[110.3524,-7.8899],[110.3542,-7.88812],[110.35435,-7.88827],[110.3548,-7.88782],[110.35535,-7.88837],[110.3556,-7.88812],[110.3574,-7.8899],[110.3556,-7.89168],[110.35505,-7.89113],[110.3548,-7.89138],[110.35465,-7.89123],[110.3542,-7.89168],[110.3524,-7.8899]]],[[[110.3714,-7.8875],[110.3732,-7.88572],[110.375,-7.8875],[110.3732,-7.88928],[110.3714,-7.8875]]],[[[110.352,-7.88978],[110.35105,-7.88883],[110.351,-7.88888],[110.3492,-7.8871],[110.3494,-7.8869],[110.3494,-7.8869],[110.3512,-7.88512],[110.353,-7.8869],[110.35284,-7.88705],[110.3538,-7.888],[110.352,-7.88978]]],[[[110.3596,-7.88412],[110.3614,-7.8859],[110.3596,-7.88768],[110.3578,-7.8859],[110.3596,-7.88412]]],[[[110.34877,-7.87632],[110.35057,-7.87454],[110.35237,-7.87632],[110.35057,-7.8781],[110.34877,-7.87632]]],[[[110.3519,-7.87118],[110.3501,-7.8694],[110.3519,-7.86762],[110.3537,-7.8694],[110.3519,-7.87118]]],[[[110.3555,-7.8611],[110.35534,-7.86125],[110.3562,-7.8621],[110.3544,-7.86388],[110.3526,-7.8621],[110.35276,-7.86195],[110.3519,-7.8611],[110.3537,-7.85932],[110.3555,-7.8611]]],[[[110.358,-7.8561],[110.35719,-7.8569],[110.3588,-7.8585],[110.357,-7.86028],[110.3552,-7.8585],[110.35601,-7.8577],[110.3544,-7.8561],[110.3562,-7.85432],[110.358,-7.8561]]],[[[110.3708,-7.85748],[110.369,-7.8557],[110.3708,-7.85392],[110.3726,-7.8557],[110.3708,-7.85748]]],[[[110.3627,-7.8546],[110.3645,-7.85282],[110.3663,-7.8546],[110.3645,-7.85638],[110.3627,-7.8546]]],[[[110.3713,-7.8528],[110.3731,-7.85102],[110.3749,-7.8528],[110.3731,-7.85458],[110.3713,-7.8528]]],[[[110.3587,-7.84572],[110.3605,-7.8475],[110.35914,-7.84885],[110.3602,-7.8499],[110.3584,-7.85168],[110.3566,-7.8499],[110.35796,-7.84855],[110.3569,-7.8475],[110.3587,-7.84572]]],[[[110.3554,-7.84838],[110.3536,-7.8466],[110.3554,-7.84482],[110.3572,-7.8466],[110.3554,-7.84838]]],[[[110.3494,-7.84788],[110.3476,-7.8461],[110.3494,-7.84432],[110.3512,-7.8461],[110.3494,-7.84788]]],[[[110.3657,-7.8421],[110.3639,-7.84388],[110.3638,-7.84378],[110.36282,-7.84476],[110.36102,-7.84298],[110.36282,-7.8412],[110.36291,-7.8413],[110.3639,-7.84032],[110.3657,-7.8421]]],[[[110.3724,-7.8404],[110.3742,-7.83862],[110.376,-7.8404],[110.3742,-7.84218],[110.3724,-7.8404]]],[[[110.3541,-7.84178],[110.3523,-7.84],[110.3541,-7.83822],[110.3559,-7.84],[110.3541,-7.84178]]],[[[110.3723,-7.8349],[110.3741,-7.83312],[110.3759,-7.8349],[110.3741,-7.83668],[110.3723,-7.8349]]],[[[110.3518,-7.8342],[110.3536,-7.83242],[110.3554,-7.8342],[110.3536,-7.83598],[110.3518,-7.8342]]],[[[110.3706,-7.83158],[110.3688,-7.8298],[110.3706,-7.82802],[110.3724,-7.8298],[110.3706,-7.83158]]],[[[110.3672,-7.829],[110.36659,-7.8296],[110.3667,-7.8297],[110.3649,-7.83148],[110.3631,-7.8297],[110.36371,-7.8291],[110.3636,-7.829],[110.3654,-7.82722],[110.3672,-7.829]]],[[[110.3622,-7.8284],[110.3604,-7.83018],[110.36035,-7.83013],[110.3602,-7.83028],[110.3584,-7.8285],[110.3602,-7.82672],[110.36025,-7.82677],[110.3604,-7.82662],[110.3622,-7.8284]]],[[[110.3619,-7.82332],[110.3637,-7.8251],[110.3619,-7.82688],[110.36185,-7.82683],[110.3618,-7.82688],[110.36,-7.8251],[110.3618,-7.82332],[110.36185,-7.82337],[110.3619,-7.82332]]],[[[110.3728,-7.82608],[110.371,-7.8243],[110.3728,-7.82252],[110.3729,-7.82262],[110.373,-7.82252],[110.37355,-7.82306],[110.3742,-7.82242],[110.3753,-7.82351],[110.376,-7.82282],[110.3778,-7.8246],[110.3775,-7.8249],[110.3775,-7.8249],[110.3757,-7.82668],[110.3746,-7.82559],[110.3742,-7.82598],[110.37365,-7.82544],[110.373,-7.82608],[110.3729,-7.82598],[110.3728,-7.82608]]],[[[110.3508,-7.82172],[110.3526,-7.8235],[110.35099,-7.82509],[110.3513,-7.8254],[110.3495,-7.82718],[110.3477,-7.8254],[110.34931,-7.82381],[110.349,-7.8235],[110.3508,-7.82172]]],[[[110.3646,-7.8234],[110.3664,-7.82162],[110.3682,-7.8234],[110.3664,-7.82518],[110.3646,-7.8234]]],[[[110.36965,-7.81826],[110.3707,-7.81722],[110.3725,-7.819],[110.3707,-7.82078],[110.36945,-7.81954],[110.3684,-7.82058],[110.3666,-7.8188],[110.36696,-7.81845],[110.3657,-7.8172],[110.3675,-7.81542],[110.3693,-7.8172],[110.36894,-7.81755],[110.36965,-7.81826]]],[[[110.3752,-7.81988],[110.374,-7.81869],[110.3735,-7.81918],[110.3717,-7.8174],[110.3735,-7.81562],[110.3747,-7.81681],[110.3752,-7.81632],[110.377,-7.8181],[110.3752,-7.81988]]],[[[110.3472,-7.8151],[110.3471,-7.815],[110.3489,-7.81322],[110.34915,-7.81346],[110.3501,-7.81252],[110.3519,-7.8143],[110.3501,-7.81608],[110.34995,-7.81594],[110.34938,-7.8165],[110.3507,-7.8178],[110.3489,-7.81958],[110.3471,-7.8178],[110.34852,-7.8164],[110.3472,-7.8151],[110.3472,-7.8151]]],[[[110.35565,-7.81486],[110.3558,-7.81472],[110.35685,-7.81576],[110.35766,-7.81495],[110.3567,-7.814],[110.35842,-7.8123],[110.3576,-7.8115],[110.3594,-7.80972],[110.3602,-7.81051],[110.3605,-7.81022],[110.36221,-7.81191],[110.3626,-7.81152],[110.3644,-7.8133],[110.36287,-7.81481],[110.36324,-7.81518],[110.36144,-7.81696],[110.35965,-7.81518],[110.35967,-7.81516],[110.3594,-7.81489],[110.35894,-7.81535],[110.3599,-7.8163],[110.35813,-7.81805],[110.3584,-7.81831],[110.3597,-7.81702],[110.3601,-7.81742],[110.3603,-7.81722],[110.36115,-7.81806],[110.3617,-7.81752],[110.3635,-7.8193],[110.3617,-7.82108],[110.36125,-7.82064],[110.3598,-7.82208],[110.3594,-7.82168],[110.3588,-7.82228],[110.357,-7.8205],[110.35701,-7.82049],[110.35605,-7.81954],[110.3544,-7.82118],[110.35375,-7.82053],[110.3535,-7.82078],[110.3517,-7.819],[110.3535,-7.81722],[110.35415,-7.81787],[110.3544,-7.81762],[110.35454,-7.81776],[110.35491,-7.8174],[110.35475,-7.81724],[110.3546,-7.81738],[110.3528,-7.8156],[110.3546,-7.81382],[110.35565,-7.81486]]],[[[110.3762,-7.81618],[110.37454,-7.81454],[110.3741,-7.81498],[110.3737,-7.81458],[110.3731,-7.81518],[110.37295,-7.81503],[110.3728,-7.81518],[110.371,-7.8134],[110.3728,-7.81162],[110.37295,-7.81177],[110.3731,-7.81162],[110.3735,-7.81202],[110.3741,-7.81142],[110.37576,-7.81306],[110.3762,-7.81262],[110.378,-7.8144],[110.3762,-7.81618]]],[[[110.3709,-7.8121],[110.37014,-7.81285],[110.3717,-7.8144],[110.3699,-7.81618],[110.3681,-7.8144],[110.36886,-7.81365],[110.3673,-7.8121],[110.3691,-7.81032],[110.3709,-7.8121]]],[[[110.3489,-7.8111],[110.3507,-7.80932],[110.3515,-7.81011],[110.35171,-7.8099],[110.3508,-7.809],[110.3526,-7.80722],[110.3544,-7.809],[110.35409,-7.8093],[110.3548,-7.81001],[110.3558,-7.80902],[110.3576,-7.8108],[110.35689,-7.8115],[110.3575,-7.8121],[110.3557,-7.81388],[110.3539,-7.8121],[110.35461,-7.8114],[110.3542,-7.81099],[110.3532,-7.81198],[110.3524,-7.81119],[110.3507,-7.81288],[110.3489,-7.8111]]],[[[110.3699,-7.8102],[110.37096,-7.80915],[110.3706,-7.8088],[110.3724,-7.80702],[110.3742,-7.8088],[110.37314,-7.80985],[110.3735,-7.8102],[110.3717,-7.81198],[110.3699,-7.8102]]],[[[110.3681,-7.81078],[110.3663,-7.809],[110.3681,-7.80722],[110.3699,-7.809],[110.3681,-7.81078]]],[[[110.3583,-7.81068],[110.3565,-7.8089],[110.3583,-7.80712],[110.3601,-7.8089],[110.3583,-7.81068]]],[[[110.3603,-7.8044],[110.3621,-7.80262],[110.3639,-7.8044],[110.3621,-7.80618],[110.3603,-7.8044]]],[[[110.3754,-7.8027],[110.3736,-7.80448],[110.3728,-7.80369],[110.3712,-7.80528],[110.36975,-7.80384],[110.3691,-7.80448],[110.3683,-7.80369],[110.3669,-7.80508],[110.36575,-7.80394],[110.36573,-7.80395],[110.3671,-7.8053],[110.3653,-7.80708],[110.3635,-7.8053],[110.36497,-7.80385],[110.3636,-7.8025],[110.3654,-7.80072],[110.3658,-7.80111],[110.3669,-7.80002],[110.36745,-7.80057],[110.3678,-7.80022],[110.36825,-7.80067],[110.3688,-7.80012],[110.37025,-7.80156],[110.3719,-7.79992],[110.37205,-7.80007],[110.3721,-7.80002],[110.3733,-7.80121],[110.3736,-7.80092],[110.3754,-7.8027]],[[110.37034,-7.80215],[110.37055,-7.80236],[110.37066,-7.80225],[110.37045,-7.80204],[110.37034,-7.80215]]],[[[110.3629,-7.79612],[110.3647,-7.7979],[110.36424,-7.79835],[110.3651,-7.7992],[110.36374,-7.80054],[110.3639,-7.8007],[110.3621,-7.80248],[110.36191,-7.80229],[110.36079,-7.8034],[110.361,-7.8036],[110.36014,-7.80445],[110.3616,-7.8059],[110.3598,-7.80768],[110.358,-7.8059],[110.35886,-7.80505],[110.3583,-7.80449],[110.357,-7.80578],[110.3552,-7.804],[110.35556,-7.80364],[110.354,-7.8021],[110.3558,-7.80032],[110.3576,-7.8021],[110.35724,-7.80246],[110.3579,-7.80311],[110.35861,-7.8024],[110.3584,-7.8022],[110.3602,-7.80042],[110.36039,-7.80061],[110.36166,-7.79936],[110.3615,-7.7992],[110.36196,-7.79875],[110.3611,-7.7979],[110.3629,-7.79612]]],[[[110.35795,-7.79787],[110.358,-7.79782],[110.35835,-7.79816],[110.3591,-7.79742],[110.3609,-7.7992],[110.3591,-7.80098],[110.35875,-7.80064],[110.3579,-7.80148],[110.3561,-7.7997],[110.3561,-7.7997],[110.356,-7.7996],[110.3578,-7.79782],[110.35785,-7.79787],[110.3579,-7.79782],[110.35795,-7.79787]]],[[[110.3518,-7.7978],[110.35236,-7.79725],[110.3522,-7.79709],[110.3507,-7.79858],[110.3489,-7.7968],[110.34956,-7.79615],[110.3486,-7.7952],[110.3504,-7.79342],[110.3522,-7.7952],[110.35154,-7.79585],[110.3519,-7.79621],[110.35322,-7.7949],[110.3518,-7.7935],[110.3536,-7.79172],[110.35525,-7.79336],[110.35576,-7.79285],[110.3553,-7.7924],[110.35656,-7.79115],[110.3561,-7.7907],[110.35712,-7.7897],[110.3554,-7.788],[110.3572,-7.78622],[110.359,-7.788],[110.35798,-7.789],[110.3597,-7.7907],[110.35844,-7.79195],[110.3589,-7.7924],[110.35804,-7.79325],[110.35835,-7.79356],[110.3595,-7.79242],[110.3613,-7.7942],[110.3595,-7.79598],[110.359,-7.79549],[110.3576,-7.79688],[110.3558,-7.7951],[110.35606,-7.79485],[110.35505,-7.79384],[110.35378,-7.7951],[110.3552,-7.7965],[110.35464,-7.79705],[110.3554,-7.7978],[110.35389,-7.79929],[110.3543,-7.7997],[110.35405,-7.79995],[110.3541,-7.8],[110.35289,-7.8012],[110.3532,-7.8015],[110.35269,-7.802],[110.3535,-7.8028],[110.35188,-7.8044],[110.353,-7.8055],[110.35239,-7.8061],[110.353,-7.8067],[110.3512,-7.80848],[110.35085,-7.80813],[110.3503,-7.80868],[110.34925,-7.80764],[110.3486,-7.80828],[110.3468,-7.8065],[110.3469,-7.8064],[110.3468,-7.8063],[110.3486,-7.80452],[110.3495,-7.80541],[110.35102,-7.8039],[110.35055,-7.80344],[110.3497,-7.80428],[110.3479,-7.8025],[110.3497,-7.80072],[110.35005,-7.80106],[110.35081,-7.8003],[110.3505,-7.8],[110.35075,-7.79975],[110.3507,-7.7997],[110.35221,-7.79821],[110.3518,-7.7978]]],[[[110.36336,-7.79515],[110.3628,-7.7946],[110.36301,-7.79439],[110.36285,-7.79424],[110.3623,-7.79478],[110.3605,-7.793],[110.36156,-7.79195],[110.3614,-7.7918],[110.3632,-7.79002],[110.364,-7.79081],[110.3648,-7.79002],[110.3666,-7.7918],[110.36523,-7.79315],[110.3666,-7.7945],[110.36589,-7.7952],[110.3664,-7.7957],[110.3646,-7.79748],[110.3628,-7.7957],[110.36336,-7.79515]]],[[[110.3718,-7.79132],[110.372,-7.79112],[110.3738,-7.7929],[110.37258,-7.7941],[110.3743,-7.7958],[110.3725,-7.79758],[110.37105,-7.79614],[110.3706,-7.79658],[110.3688,-7.7948],[110.37011,-7.7935],[110.3698,-7.7932],[110.36996,-7.79305],[110.3697,-7.7928],[110.37082,-7.7917],[110.37045,-7.79133],[110.3704,-7.79138],[110.3686,-7.7896],[110.3704,-7.78782],[110.37105,-7.78847],[110.3711,-7.78842],[110.3729,-7.7902],[110.37178,-7.7913],[110.3718,-7.79132]]],[[[110.35065,-7.78997],[110.3509,-7.78972],[110.3527,-7.7915],[110.3509,-7.79328],[110.35065,-7.79303],[110.3504,-7.79328],[110.3486,-7.7915],[110.3504,-7.78972],[110.35065,-7.78997]]],[[[110.3503,-7.7863],[110.3521,-7.78452],[110.3539,-7.7863],[110.3521,-7.78808],[110.3503,-7.7863]]],[[[110.3621,-7.7841],[110.36179,-7.7844],[110.3626,-7.7852],[110.36239,-7.7854],[110.3631,-7.7861],[110.3613,-7.78788],[110.3609,-7.78749],[110.3597,-7.78868],[110.3579,-7.7869],[110.35876,-7.78605],[110.3583,-7.7856],[110.3584,-7.7855],[110.3584,-7.7855],[110.35916,-7.78475],[110.359,-7.78459],[110.358,-7.78558],[110.3566,-7.78419],[110.35644,-7.78435],[110.3569,-7.7848],[110.3551,-7.78658],[110.3533,-7.7848],[110.35376,-7.78435],[110.3533,-7.7839],[110.3551,-7.78212],[110.3565,-7.78351],[110.358,-7.78202],[110.3593,-7.78331],[110.3603,-7.78232],[110.3621,-7.7841]]],[[[110.36605,-7.77914],[110.3659,-7.77928],[110.3641,-7.7775],[110.3659,-7.77572],[110.3665,-7.77631],[110.3679,-7.77492],[110.3691,-7.77611],[110.3703,-7.77492],[110.37155,-7.77616],[110.37201,-7.7757],[110.37366,-7.77734],[110.37411,-7.7769],[110.3736,-7.7764],[110.3754,-7.77462],[110.3756,-7.77482],[110.3758,-7.77462],[110.3776,-7.7764],[110.37659,-7.7774],[110.3769,-7.7777],[110.37624,-7.77835],[110.3766,-7.7787],[110.3748,-7.78048],[110.373,-7.7787],[110.37366,-7.77805],[110.37345,-7.77784],[110.37201,-7.77926],[110.37076,-7.77802],[110.3703,-7.77848],[110.3695,-7.77769],[110.36949,-7.7777],[110.3696,-7.7778],[110.36929,-7.7781],[110.3698,-7.7786],[110.36979,-7.7786],[110.3705,-7.7793],[110.36939,-7.7804],[110.3697,-7.7807],[110.36949,-7.7809],[110.3707,-7.7821],[110.37019,-7.7826],[110.3708,-7.7832],[110.369,-7.78498],[110.3672,-7.7832],[110.36771,-7.7827],[110.36735,-7.78234],[110.36603,-7.78365],[110.3671,-7.7847],[110.36589,-7.7859],[110.3663,-7.78631],[110.3669,-7.78572],[110.3675,-7.78631],[110.3688,-7.78502],[110.3699,-7.78611],[110.37081,-7.7852],[110.37,-7.7844],[110.3718,-7.78262],[110.3736,-7.7844],[110.37229,-7.7857],[110.37245,-7.78586],[110.3736,-7.78472],[110.37485,-7.78596],[110.3757,-7.78512],[110.37625,-7.78566],[110.3769,-7.78502],[110.3787,-7.7868],[110.3769,-7.78858],[110.37635,-7.78804],[110.3757,-7.78868],[110.37445,-7.78744],[110.3736,-7.78828],[110.37245,-7.78714],[110.3713,-7.78828],[110.3702,-7.78719],[110.3686,-7.78878],[110.368,-7.78819],[110.3669,-7.78928],[110.3654,-7.78779],[110.3648,-7.78838],[110.363,-7.7866],[110.36421,-7.7854],[110.3635,-7.7847],[110.36507,-7.78315],[110.36415,-7.78224],[110.364,-7.78238],[110.36385,-7.78223],[110.3638,-7.78228],[110.362,-7.7805],[110.3638,-7.77872],[110.36395,-7.77887],[110.364,-7.77882],[110.36515,-7.77996],[110.3653,-7.77982],[110.36549,-7.78001],[110.36621,-7.7793],[110.36605,-7.77914]]],[[[110.3615,-7.78018],[110.3597,-7.7784],[110.3615,-7.77662],[110.3633,-7.7784],[110.3615,-7.78018]]],[[[110.3593,-7.7789],[110.3575,-7.78068],[110.3557,-7.7789],[110.35606,-7.77854],[110.355,-7.77749],[110.35471,-7.77778],[110.35497,-7.77804],[110.35317,-7.77982],[110.35137,-7.77804],[110.35176,-7.77766],[110.3515,-7.7774],[110.3533,-7.77562],[110.3545,-7.77681],[110.35537,-7.77595],[110.3537,-7.7743],[110.3555,-7.77252],[110.3573,-7.7743],[110.35633,-7.77525],[110.358,-7.7769],[110.35764,-7.77726],[110.3593,-7.7789]]],[[[110.3581,-7.7752],[110.35886,-7.77445],[110.3574,-7.773],[110.3592,-7.77122],[110.361,-7.773],[110.36024,-7.77375],[110.3617,-7.7752],[110.3599,-7.77698],[110.3581,-7.7752]]],[[[110.3678,-7.77132],[110.3696,-7.7731],[110.36864,-7.77405],[110.3687,-7.7741],[110.3669,-7.77588],[110.3651,-7.7741],[110.36606,-7.77315],[110.366,-7.7731],[110.3678,-7.77132]]],[[[110.37083,-7.773],[110.37262,-7.77122],[110.37442,-7.773],[110.37262,-7.77478],[110.37083,-7.773]]],[[[110.3636,-7.7708],[110.36339,-7.771],[110.3644,-7.772],[110.3626,-7.77378],[110.3608,-7.772],[110.36101,-7.7718],[110.36,-7.7708],[110.3618,-7.76902],[110.3636,-7.7708]]],[[[110.3576,-7.77208],[110.3558,-7.7703],[110.3576,-7.76852],[110.3594,-7.7703],[110.3576,-7.77208]]],[[[110.36759,-7.77009],[110.36759,-7.7701],[110.3683,-7.7708],[110.3665,-7.77258],[110.3647,-7.7708],[110.36631,-7.7692],[110.3656,-7.7685],[110.3674,-7.76672],[110.36799,-7.7673],[110.36818,-7.76711],[110.36998,-7.76889],[110.36818,-7.77067],[110.36759,-7.77009]]],[[[110.353,-7.769],[110.3548,-7.76722],[110.3566,-7.769],[110.3548,-7.77078],[110.353,-7.769]]],[[[110.35949,-7.76878],[110.35769,-7.767],[110.35949,-7.76522],[110.36128,-7.767],[110.35949,-7.76878]]],[[[110.36359,-7.76484],[110.36539,-7.76662],[110.36359,-7.7684],[110.36348,-7.76829],[110.36325,-7.76852],[110.36145,-7.76674],[110.36325,-7.76496],[110.36336,-7.76507],[110.36359,-7.76484]]],[[[110.3704,-7.76588],[110.3686,-7.7641],[110.3704,-7.76232],[110.3722,-7.7641],[110.3704,-7.76588]]],[[[110.35303,-7.76351],[110.35482,-7.76173],[110.35662,-7.76351],[110.35482,-7.76529],[110.35303,-7.76351]]],[[[110.3624,-7.762],[110.3642,-7.76022],[110.366,-7.762],[110.3642,-7.76378],[110.3624,-7.762]]],[[[110.36605,-7.75768],[110.36785,-7.75946],[110.36772,-7.75959],[110.36782,-7.75969],[110.36602,-7.76147],[110.36422,-7.75969],[110.36435,-7.75956],[110.36425,-7.75946],[110.36605,-7.75768]]],[[[110.356,-7.7588],[110.35779,-7.75702],[110.35959,-7.7588],[110.35779,-7.76058],[110.356,-7.7588]]],[[[110.37002,-7.75906],[110.37181,-7.75728],[110.3732,-7.75865],[110.37443,-7.75744],[110.37553,-7.75853],[110.37594,-7.75812],[110.37436,-7.75655],[110.37615,-7.75477],[110.37795,-7.75655],[110.37621,-7.75827],[110.3778,-7.75984],[110.376,-7.76162],[110.3749,-7.76053],[110.37443,-7.761],[110.37304,-7.75963],[110.37181,-7.76084],[110.37002,-7.75906]]],[[[110.36852,-7.75767],[110.36672,-7.75589],[110.36852,-7.75411],[110.37032,-7.75589],[110.36852,-7.75767]]],[[[110.3564,-7.75367],[110.35819,-7.75189],[110.35999,-7.75367],[110.35819,-7.75545],[110.3564,-7.75367]]],[[[110.36274,-7.75341],[110.36309,-7.75307],[110.36274,-7.75273],[110.36454,-7.75095],[110.36521,-7.75162],[110.36609,-7.75075],[110.36789,-7.75253],[110.36753,-7.75288],[110.36788,-7.75322],[110.36608,-7.755],[110.36541,-7.75433],[110.36454,-7.75519],[110.36274,-7.75341]]],[[[110.35097,-7.75415],[110.34918,-7.75237],[110.35097,-7.75059],[110.35277,-7.75237],[110.35097,-7.75415]]],[[[110.37669,-7.75053],[110.37672,-7.75056],[110.37647,-7.75081],[110.3768,-7.75114],[110.375,-7.75292],[110.37321,-7.75114],[110.37346,-7.75089],[110.37313,-7.75056],[110.37318,-7.75051],[110.37314,-7.75048],[110.37315,-7.75047],[110.37314,-7.75046],[110.37367,-7.74994],[110.37189,-7.74817],[110.37359,-7.74648],[110.3728,-7.7457],[110.3746,-7.74392],[110.3764,-7.7457],[110.37589,-7.7462],[110.37678,-7.74709],[110.37506,-7.7488],[110.37674,-7.75046],[110.37673,-7.75047],[110.37674,-7.75048],[110.37669,-7.75053]]],[[[110.3667,-7.74828],[110.3649,-7.7465],[110.3667,-7.74472],[110.3685,-7.7465],[110.3667,-7.74828]]],[[[110.3596,-7.7457],[110.3614,-7.74392],[110.3632,-7.7457],[110.3614,-7.74748],[110.3596,-7.7457]]],[[[110.3537,-7.7442],[110.3555,-7.74242],[110.3573,-7.7442],[110.3555,-7.74598],[110.3537,-7.7442]]],[[[110.37429,-7.74037],[110.37609,-7.74215],[110.37429,-7.74394],[110.37364,-7.74329],[110.37225,-7.74467],[110.37045,-7.74289],[110.37225,-7.74111],[110.3729,-7.74175],[110.37429,-7.74037]]],[[[110.35039,-7.74131],[110.35219,-7.73953],[110.35398,-7.74131],[110.35219,-7.74309],[110.35039,-7.74131]]],[[[110.36373,-7.73736],[110.36348,-7.73761],[110.3637,-7.73783],[110.3619,-7.73961],[110.36011,-7.73783],[110.36036,-7.73758],[110.36014,-7.73736],[110.36193,-7.73558],[110.36373,-7.73736]]],[[[110.36429,-7.73685],[110.3625,-7.73507],[110.36429,-7.73329],[110.36609,-7.73507],[110.36429,-7.73685]]],[[[110.35634,-7.72855],[110.35814,-7.72677],[110.35993,-7.72855],[110.35814,-7.73033],[110.35634,-7.72855]]],[[[110.35191,-7.72747],[110.35371,-7.72569],[110.35551,-7.72747],[110.35371,-7.72925],[110.35191,-7.72747]]],[[[110.36005,-7.72072],[110.36185,-7.7225],[110.36177,-7.72258],[110.3628,-7.7236],[110.361,-7.72538],[110.3592,-7.7236],[110.35929,-7.72352],[110.35826,-7.7225],[110.36005,-7.72072]]],[[[110.37003,-7.72009],[110.37182,-7.72187],[110.37013,-7.72355],[110.37055,-7.72397],[110.36875,-7.72575],[110.36696,-7.72397],[110.36865,-7.72229],[110.36823,-7.72187],[110.37003,-7.72009]]],[[[110.35879,-7.71422],[110.36058,-7.716],[110.35956,-7.71701],[110.36017,-7.71762],[110.35837,-7.7194],[110.35658,-7.71762],[110.3576,-7.7166],[110.35699,-7.716],[110.35879,-7.71422]]],[[[110.36785,-7.7152],[110.36965,-7.71341],[110.37144,-7.7152],[110.36965,-7.71698],[110.36785,-7.7152]]],[[[110.35385,-7.70894],[110.35362,-7.70872],[110.35542,-7.70694],[110.35722,-7.70872],[110.35666,-7.70926],[110.35689,-7.70949],[110.3551,-7.71127],[110.3533,-7.70949],[110.35385,-7.70894]]],[[[110.3592,-7.70022],[110.361,-7.702],[110.3599,-7.70309],[110.36036,-7.70354],[110.35856,-7.70532],[110.35676,-7.70354],[110.35786,-7.70245],[110.3574,-7.702],[110.3592,-7.70022]]],[[[110.37089,-7.70192],[110.37269,-7.70014],[110.37448,-7.70192],[110.37269,-7.7037],[110.37089,-7.70192]]],[[[110.3629,-7.70104],[110.36175,-7.70218],[110.35995,-7.7004],[110.36175,-7.69862],[110.36344,-7.7003],[110.3646,-7.69916],[110.3664,-7.70094],[110.3646,-7.70272],[110.3629,-7.70104]]],[[[110.36071,-7.69077],[110.35892,-7.68899],[110.36071,-7.68721],[110.36251,-7.68899],[110.36071,-7.69077]]],[[[110.35261,-7.68796],[110.3544,-7.68618],[110.3562,-7.68796],[110.3544,-7.68974],[110.35261,-7.68796]]],[[[110.3575,-7.68345],[110.3593,-7.68167],[110.36109,-7.68345],[110.3593,-7.68523],[110.3575,-7.68345]]],[[[110.35155,-7.6797],[110.35334,-7.68148],[110.35316,-7.68166],[110.3532,-7.6817],[110.35141,-7.68348],[110.34961,-7.6817],[110.34979,-7.68152],[110.34975,-7.68148],[110.35155,-7.6797]]],[[[110.35152,-7.65913],[110.35331,-7.65735],[110.35511,-7.65913],[110.35331,-7.66091],[110.35152,-7.65913]]],[[[110.35368,-7.65046],[110.35482,-7.65159],[110.3555,-7.65092],[110.3573,-7.6527],[110.35722,-7.65277],[110.3582,-7.65375],[110.35641,-7.65553],[110.35461,-7.65375],[110.35469,-7.65367],[110.35436,-7.65335],[110.35368,-7.65402],[110.35188,-7.65224],[110.35368,-7.65046]]],[[[110.3714,-7.6498],[110.3708,-7.65039],[110.37129,-7.65087],[110.36949,-7.65265],[110.36925,-7.65242],[110.36914,-7.65254],[110.36734,-7.65075],[110.36755,-7.65055],[110.36643,-7.64943],[110.36785,-7.64802],[110.36614,-7.64632],[110.36794,-7.64454],[110.36973,-7.64632],[110.36831,-7.64773],[110.3691,-7.64852],[110.3696,-7.64802],[110.3714,-7.6498]]],[[[110.3557,-7.64419],[110.3575,-7.64241],[110.35929,-7.64419],[110.3575,-7.64597],[110.3557,-7.64419]]],[[[110.3486,-7.6413],[110.3504,-7.63952],[110.3522,-7.6413],[110.3504,-7.64308],[110.3486,-7.6413]]],[[[110.3518,-7.63877],[110.35001,-7.63699],[110.3518,-7.63521],[110.3536,-7.63699],[110.3518,-7.63877]]],[[[110.348,-7.6327],[110.3498,-7.63092],[110.3516,-7.6327],[110.3498,-7.63448],[110.348,-7.6327]]],[[[110.3603,-7.63021],[110.36209,-7.62843],[110.36389,-7.63021],[110.36209,-7.632],[110.3603,-7.63021]]],[[[110.36383,-7.62812],[110.36203,-7.62634],[110.36383,-7.62455],[110.36562,-7.62634],[110.36383,-7.62812]]],[[[110.35672,-7.62369],[110.35852,-7.62191],[110.36031,-7.62369],[110.35852,-7.62547],[110.35672,-7.62369]]],[[[110.3733,-7.6141],[110.37509,-7.61232],[110.37689,-7.6141],[110.37509,-7.61588],[110.3733,-7.6141]]],[[[110.41,-8.03708],[110.4082,-8.0353],[110.41,-8.03352],[110.4118,-8.0353],[110.41,-8.03708]]],[[[110.37997,-7.99912],[110.37817,-7.99734],[110.37997,-7.99556],[110.38177,-7.99734],[110.37997,-7.99912]]],[[[110.4024,-7.98518],[110.4006,-7.9834],[110.4024,-7.98162],[110.4042,-7.9834],[110.4024,-7.98518]]],[[[110.38,-7.97732],[110.3818,-7.9791],[110.38,-7.98088],[110.3782,-7.9791],[110.38,-7.97732]]],[[[110.4085,-7.9657],[110.4103,-7.96392],[110.4121,-7.9657],[110.4103,-7.96748],[110.4085,-7.9657]]],[[[110.4062,-7.94848],[110.4044,-7.9467],[110.4062,-7.94492],[110.408,-7.9467],[110.4062,-7.94848]]],[[[110.4033,-7.9078],[110.4051,-7.90602],[110.4069,-7.9078],[110.4051,-7.90958],[110.4033,-7.9078]]],[[[110.4052,-7.8822],[110.407,-7.88042],[110.4088,-7.8822],[110.407,-7.88398],[110.4052,-7.8822]]],[[[110.4021,-7.88348],[110.4003,-7.8817],[110.4021,-7.87992],[110.4039,-7.8817],[110.4021,-7.88348]]],[[[110.3882,-7.881],[110.39,-7.87922],[110.3918,-7.881],[110.39,-7.88278],[110.3882,-7.881]]],[[[110.396,-7.8799],[110.3978,-7.87812],[110.3996,-7.8799],[110.3978,-7.88168],[110.396,-7.8799]]],[[[110.394,-7.87578],[110.3936,-7.87538],[110.3934,-7.87558],[110.3916,-7.8738],[110.3934,-7.87202],[110.3938,-7.87242],[110.394,-7.87222],[110.3958,-7.874],[110.394,-7.87578]]],[[[110.4039,-7.87558],[110.4021,-7.8738],[110.4039,-7.87202],[110.4057,-7.8738],[110.4039,-7.87558]]],[[[110.3989,-7.87078],[110.39749,-7.86939],[110.3974,-7.86948],[110.3956,-7.8677],[110.3957,-7.8676],[110.3956,-7.8675],[110.3974,-7.86572],[110.3992,-7.8675],[110.39919,-7.86751],[110.4007,-7.869],[110.3989,-7.87078]]],[[[110.40935,-7.86813],[110.409,-7.86848],[110.40835,-7.86784],[110.4073,-7.86888],[110.4055,-7.8671],[110.4073,-7.86532],[110.40795,-7.86596],[110.409,-7.86492],[110.40955,-7.86547],[110.4099,-7.86512],[110.4117,-7.8669],[110.4099,-7.86868],[110.40935,-7.86813]]],[[[110.4017,-7.8659],[110.4035,-7.86412],[110.4053,-7.8659],[110.4035,-7.86768],[110.4017,-7.8659]]],[[[110.3829,-7.85928],[110.3811,-7.8575],[110.3829,-7.85572],[110.3847,-7.8575],[110.3829,-7.85928]]],[[[110.3959,-7.8523],[110.3977,-7.85052],[110.3995,-7.8523],[110.3977,-7.85408],[110.3959,-7.8523]]],[[[110.4085,-7.8512],[110.4103,-7.84942],[110.4121,-7.8512],[110.4103,-7.85298],[110.4085,-7.8512]]],[[[110.3825,-7.85108],[110.3807,-7.8493],[110.3825,-7.84752],[110.3843,-7.8493],[110.3825,-7.85108]]],[[[110.4045,-7.8469],[110.4027,-7.84868],[110.40235,-7.84833],[110.4016,-7.84908],[110.3998,-7.8473],[110.4016,-7.84552],[110.40195,-7.84587],[110.4027,-7.84512],[110.4045,-7.8469]]],[[[110.382,-7.8468],[110.3838,-7.84502],[110.3856,-7.8468],[110.3838,-7.84858],[110.382,-7.8468]]],[[[110.3779,-7.84718],[110.3761,-7.8454],[110.3779,-7.84362],[110.3797,-7.8454],[110.3779,-7.84718]]],[[[110.3814,-7.84078],[110.3796,-7.839],[110.3814,-7.83722],[110.3832,-7.839],[110.3814,-7.84078]]],[[[110.3901,-7.83748],[110.3883,-7.8357],[110.3901,-7.83392],[110.3919,-7.8357],[110.3901,-7.83748]]],[[[110.4041,-7.83382],[110.4059,-7.8356],[110.4041,-7.83738],[110.4023,-7.8356],[110.4041,-7.83382]]],[[[110.3974,-7.8334],[110.3992,-7.83162],[110.401,-7.8334],[110.40099,-7.83341],[110.4021,-7.8345],[110.4003,-7.83628],[110.3985,-7.8345],[110.39851,-7.83449],[110.3974,-7.8334]]],[[[110.3865,-7.83388],[110.3847,-7.8321],[110.3865,-7.83032],[110.3883,-7.8321],[110.3865,-7.83388]]],[[[110.3868,-7.8304],[110.3886,-7.82862],[110.3904,-7.8304],[110.3886,-7.83218],[110.3868,-7.8304]]],[[[110.41095,-7.83034],[110.4105,-7.83078],[110.4087,-7.829],[110.40916,-7.82855],[110.4087,-7.8281],[110.4105,-7.82632],[110.4123,-7.8281],[110.41229,-7.82811],[110.4137,-7.8295],[110.4119,-7.83128],[110.41095,-7.83034]]],[[[110.40241,-7.83049],[110.4008,-7.8289],[110.4026,-7.82712],[110.4035,-7.82801],[110.40376,-7.82775],[110.4027,-7.8267],[110.4045,-7.82492],[110.4063,-7.8267],[110.40574,-7.82725],[110.4068,-7.8283],[110.40659,-7.8285],[110.4068,-7.8287],[110.40659,-7.8289],[110.4073,-7.8296],[110.4055,-7.83138],[110.4053,-7.83119],[110.4042,-7.83228],[110.4024,-7.8305],[110.40241,-7.83049]]],[[[110.37785,-7.83033],[110.3775,-7.83068],[110.3757,-7.8289],[110.37671,-7.8279],[110.3756,-7.8268],[110.3774,-7.82502],[110.3792,-7.8268],[110.37854,-7.82745],[110.3801,-7.829],[110.3783,-7.83078],[110.37785,-7.83033]]],[[[110.3893,-7.8253],[110.38844,-7.82615],[110.3894,-7.8271],[110.3876,-7.82888],[110.3858,-7.8271],[110.38666,-7.82625],[110.3857,-7.8253],[110.3875,-7.82352],[110.3893,-7.8253]]],[[[110.3994,-7.82082],[110.4012,-7.8226],[110.40109,-7.8227],[110.4021,-7.8237],[110.40174,-7.82405],[110.4021,-7.8244],[110.40094,-7.82555],[110.402,-7.8266],[110.4002,-7.82838],[110.3993,-7.82749],[110.3976,-7.82918],[110.3965,-7.82809],[110.3948,-7.82978],[110.3934,-7.82839],[110.3929,-7.82888],[110.3911,-7.8271],[110.3929,-7.82532],[110.3943,-7.82671],[110.39446,-7.82655],[110.3935,-7.8256],[110.39381,-7.8253],[110.3926,-7.8241],[110.39391,-7.8228],[110.3933,-7.8222],[110.3951,-7.82042],[110.3968,-7.82211],[110.39737,-7.82155],[110.3957,-7.8199],[110.3975,-7.81812],[110.3993,-7.8199],[110.39843,-7.82075],[110.39895,-7.82126],[110.3994,-7.82082]],[[110.39589,-7.8244],[110.3971,-7.8256],[110.39564,-7.82705],[110.3959,-7.82731],[110.3976,-7.82562],[110.3985,-7.82651],[110.39956,-7.82545],[110.3985,-7.8244],[110.39886,-7.82405],[110.39864,-7.82384],[110.3983,-7.82418],[110.3966,-7.82249],[110.39559,-7.8235],[110.3962,-7.8241],[110.39589,-7.8244]]],[[[110.37735,-7.82374],[110.37914,-7.82197],[110.38094,-7.82374],[110.37914,-7.82552],[110.37735,-7.82374]]],[[[110.4028,-7.8229],[110.4046,-7.82112],[110.4064,-7.8229],[110.4046,-7.82468],[110.4028,-7.8229]]],[[[110.3911,-7.82498],[110.38965,-7.82354],[110.3892,-7.82398],[110.3874,-7.8222],[110.3892,-7.82042],[110.39065,-7.82186],[110.3911,-7.82142],[110.3929,-7.8232],[110.3911,-7.82498]]],[[[110.3881,-7.821],[110.3863,-7.82278],[110.3858,-7.82229],[110.3851,-7.82298],[110.38405,-7.82194],[110.38369,-7.8223],[110.3839,-7.8225],[110.3821,-7.82428],[110.3803,-7.8225],[110.38101,-7.8218],[110.3808,-7.8216],[110.38156,-7.82085],[110.381,-7.82029],[110.3797,-7.82158],[110.3779,-7.8198],[110.3797,-7.81802],[110.381,-7.81931],[110.3823,-7.81802],[110.3841,-7.8198],[110.38334,-7.82055],[110.38365,-7.82086],[110.38501,-7.81951],[110.3846,-7.8191],[110.3864,-7.81732],[110.3882,-7.8191],[110.38719,-7.8201],[110.3881,-7.821]]],[[[110.4072,-7.81892],[110.409,-7.8207],[110.4072,-7.82248],[110.4054,-7.8207],[110.4072,-7.81892]]],[[[110.3946,-7.81582],[110.3964,-7.8176],[110.39509,-7.8189],[110.3957,-7.8195],[110.3939,-7.82128],[110.3921,-7.8195],[110.39341,-7.8182],[110.3928,-7.8176],[110.3946,-7.81582]]],[[[110.3961,-7.8163],[110.3979,-7.81452],[110.3997,-7.8163],[110.3979,-7.81808],[110.3961,-7.8163]]],[[[110.38875,-7.81654],[110.388,-7.81728],[110.3862,-7.8155],[110.38661,-7.8151],[110.3864,-7.8149],[110.3882,-7.81312],[110.38986,-7.81476],[110.3902,-7.81442],[110.392,-7.8162],[110.3902,-7.81798],[110.38875,-7.81654]]],[[[110.4004,-7.81698],[110.3986,-7.8152],[110.4004,-7.81342],[110.4022,-7.8152],[110.4004,-7.81698]]],[[[110.38206,-7.81465],[110.3818,-7.8144],[110.3836,-7.81262],[110.3854,-7.8144],[110.38514,-7.81465],[110.3854,-7.8149],[110.3836,-7.81668],[110.3818,-7.8149],[110.38206,-7.81465]]],[[[110.3935,-7.8136],[110.3953,-7.81182],[110.3971,-7.8136],[110.3953,-7.81538],[110.3935,-7.8136]]],[[[110.3814,-7.81308],[110.3796,-7.8113],[110.3814,-7.80952],[110.3832,-7.8113],[110.3814,-7.81308]]],[[[110.4014,-7.81248],[110.3996,-7.8107],[110.4014,-7.80892],[110.4032,-7.8107],[110.4014,-7.81248]]],[[[110.40744,-7.80856],[110.4091,-7.8102],[110.40864,-7.81065],[110.4091,-7.8111],[110.4073,-7.81288],[110.4055,-7.8111],[110.40596,-7.81065],[110.4055,-7.8102],[110.40576,-7.80994],[110.4041,-7.8083],[110.4059,-7.80652],[110.4077,-7.8083],[110.40744,-7.80856]]],[[[110.39491,-7.80801],[110.3938,-7.80911],[110.3955,-7.8108],[110.3937,-7.81258],[110.3933,-7.81218],[110.393,-7.81248],[110.39235,-7.81183],[110.3921,-7.81208],[110.39155,-7.81154],[110.3907,-7.81238],[110.38905,-7.81074],[110.3877,-7.81208],[110.3859,-7.8103],[110.3877,-7.80852],[110.38935,-7.81016],[110.3907,-7.80882],[110.39125,-7.80936],[110.39197,-7.80865],[110.39132,-7.80801],[110.39312,-7.80623],[110.39491,-7.80801]]],[[[110.4093,-7.8075],[110.4111,-7.80572],[110.4129,-7.8075],[110.4111,-7.80928],[110.4093,-7.8075]]],[[[110.3788,-7.80718],[110.37825,-7.80664],[110.3774,-7.80748],[110.3756,-7.8057],[110.37651,-7.8048],[110.3757,-7.804],[110.3775,-7.80222],[110.37891,-7.80361],[110.379,-7.80352],[110.37945,-7.80396],[110.3801,-7.80332],[110.3819,-7.8051],[110.3819,-7.8051],[110.3822,-7.8054],[110.38199,-7.80561],[110.3836,-7.8072],[110.3818,-7.80898],[110.38,-7.8072],[110.38021,-7.80699],[110.37965,-7.80644],[110.379,-7.80708],[110.37895,-7.80703],[110.3788,-7.80718]]],[[[110.3889,-7.8054],[110.3907,-7.80362],[110.3925,-7.8054],[110.3907,-7.80718],[110.3889,-7.8054]]],[[[110.3976,-7.805],[110.3994,-7.80322],[110.4012,-7.805],[110.3994,-7.80678],[110.3976,-7.805]]],[[[110.3862,-7.80658],[110.3844,-7.8048],[110.3862,-7.80302],[110.388,-7.8048],[110.3862,-7.80658]]],[[[110.4071,-7.8028],[110.40589,-7.804],[110.407,-7.8051],[110.4052,-7.80688],[110.4034,-7.8051],[110.40461,-7.8039],[110.4035,-7.8028],[110.4053,-7.80102],[110.4071,-7.8028]]],[[[110.3996,-7.8028],[110.4014,-7.80102],[110.4032,-7.8028],[110.4014,-7.80458],[110.3996,-7.8028]]],[[[110.3953,-7.80158],[110.3951,-7.80178],[110.39435,-7.80104],[110.3937,-7.80168],[110.3919,-7.7999],[110.3937,-7.79812],[110.39445,-7.79886],[110.3951,-7.79822],[110.3954,-7.79852],[110.3956,-7.79832],[110.3974,-7.8001],[110.3956,-7.80188],[110.3953,-7.80158]]],[[[110.3869,-7.80138],[110.3851,-7.7996],[110.3869,-7.79782],[110.3887,-7.7996],[110.3869,-7.80138]]],[[[110.38485,-7.79975],[110.3849,-7.7998],[110.38424,-7.80045],[110.3844,-7.8006],[110.3826,-7.80238],[110.38215,-7.80194],[110.381,-7.80308],[110.3799,-7.80199],[110.3795,-7.80238],[110.3777,-7.8006],[110.37886,-7.79945],[110.3784,-7.799],[110.3802,-7.79722],[110.38155,-7.79856],[110.38176,-7.79835],[110.381,-7.7976],[110.3828,-7.79582],[110.3846,-7.7976],[110.38379,-7.7984],[110.385,-7.7996],[110.38485,-7.79975]]],[[[110.3972,-7.7985],[110.39892,-7.7968],[110.398,-7.7959],[110.3998,-7.79412],[110.4016,-7.7959],[110.39988,-7.7976],[110.4008,-7.7985],[110.399,-7.80028],[110.3972,-7.7985]]],[[[110.393,-7.7967],[110.3948,-7.79492],[110.3966,-7.7967],[110.3948,-7.79848],[110.393,-7.7967]]],[[[110.39015,-7.80013],[110.3901,-7.80018],[110.3883,-7.7984],[110.38956,-7.79715],[110.3889,-7.7965],[110.38946,-7.79595],[110.3881,-7.7946],[110.38977,-7.79295],[110.3887,-7.7919],[110.3905,-7.79012],[110.3923,-7.7919],[110.39063,-7.79355],[110.3917,-7.7946],[110.39114,-7.79515],[110.3925,-7.7965],[110.39129,-7.7977],[110.392,-7.7984],[110.3902,-7.80018],[110.39015,-7.80013]]],[[[110.378,-7.7916],[110.37648,-7.7931],[110.37705,-7.79366],[110.3774,-7.79332],[110.3781,-7.79401],[110.3785,-7.79362],[110.37945,-7.79456],[110.3804,-7.79362],[110.38069,-7.79391],[110.3824,-7.79222],[110.38255,-7.79237],[110.3831,-7.79182],[110.3838,-7.79251],[110.3842,-7.79212],[110.386,-7.7939],[110.3842,-7.79568],[110.38395,-7.79543],[110.3832,-7.79618],[110.3826,-7.79558],[110.3824,-7.79578],[110.38211,-7.79549],[110.3804,-7.79718],[110.38011,-7.79689],[110.37959,-7.7974],[110.3798,-7.7976],[110.378,-7.79938],[110.37785,-7.79923],[110.3776,-7.79948],[110.37715,-7.79904],[110.3757,-7.80048],[110.3754,-7.80018],[110.3752,-7.80038],[110.3734,-7.7986],[110.3752,-7.79682],[110.3755,-7.79712],[110.3757,-7.79692],[110.37615,-7.79736],[110.37686,-7.79665],[110.3768,-7.7966],[110.37696,-7.79644],[110.37665,-7.79614],[110.3763,-7.79648],[110.3745,-7.7947],[110.37602,-7.7932],[110.3744,-7.7916],[110.37445,-7.79155],[110.3743,-7.7914],[110.3761,-7.78962],[110.3779,-7.7914],[110.37785,-7.79145],[110.378,-7.7916]]],[[[110.4005,-7.793],[110.4023,-7.79122],[110.4041,-7.793],[110.4023,-7.79478],[110.4005,-7.793]]],[[[110.3865,-7.78942],[110.3869,-7.78982],[110.3873,-7.78942],[110.3891,-7.7912],[110.3873,-7.79298],[110.3869,-7.79258],[110.3865,-7.79298],[110.3847,-7.7912],[110.3865,-7.78942]]],[[[110.40825,-7.78926],[110.4095,-7.78802],[110.41055,-7.78906],[110.4108,-7.78882],[110.41108,-7.7891],[110.41139,-7.78879],[110.41166,-7.78906],[110.4119,-7.78882],[110.4137,-7.7906],[110.4119,-7.79238],[110.41173,-7.79221],[110.41081,-7.79312],[110.40913,-7.79146],[110.408,-7.79258],[110.4062,-7.7908],[110.408,-7.78902],[110.40825,-7.78926]]],[[[110.3945,-7.7892],[110.3963,-7.78742],[110.3981,-7.7892],[110.3963,-7.79098],[110.3945,-7.7892]]],[[[110.3871,-7.78808],[110.3853,-7.7863],[110.3871,-7.78452],[110.3889,-7.7863],[110.3871,-7.78808]]],[[[110.40041,-7.78317],[110.4022,-7.78495],[110.40041,-7.78673],[110.40008,-7.78641],[110.3985,-7.78798],[110.3967,-7.7862],[110.3985,-7.78442],[110.39882,-7.78474],[110.40041,-7.78317]]],[[[110.3846,-7.78282],[110.3864,-7.7846],[110.38559,-7.7854],[110.3859,-7.7857],[110.3841,-7.78748],[110.3823,-7.7857],[110.38236,-7.78565],[110.382,-7.7853],[110.38261,-7.7847],[110.3819,-7.784],[110.3837,-7.78222],[110.38445,-7.78297],[110.3846,-7.78282]]],[[[110.3872,-7.78082],[110.389,-7.7826],[110.3872,-7.78438],[110.3854,-7.7826],[110.3872,-7.78082]]],[[[110.3953,-7.77749],[110.3935,-7.77927],[110.39312,-7.77889],[110.39293,-7.77908],[110.39347,-7.77962],[110.39192,-7.78115],[110.39214,-7.78136],[110.39341,-7.7801],[110.39385,-7.78054],[110.39454,-7.77986],[110.39634,-7.78164],[110.39454,-7.78342],[110.3941,-7.78298],[110.39402,-7.78306],[110.39515,-7.78418],[110.39384,-7.78548],[110.3943,-7.78594],[110.3943,-7.78594],[110.39431,-7.78595],[110.39251,-7.78773],[110.39072,-7.78595],[110.39072,-7.78595],[110.3907,-7.78594],[110.39202,-7.78463],[110.39156,-7.78418],[110.39274,-7.783],[110.39206,-7.78233],[110.39079,-7.78359],[110.38899,-7.78181],[110.39054,-7.78028],[110.38987,-7.77962],[110.39021,-7.77929],[110.38927,-7.77835],[110.39106,-7.77657],[110.39144,-7.77695],[110.39149,-7.77689],[110.39152,-7.77692],[110.39182,-7.77662],[110.3922,-7.777],[110.3935,-7.77571],[110.3953,-7.77749]]],[[[110.37864,-7.78214],[110.3791,-7.7826],[110.3773,-7.78438],[110.3755,-7.7826],[110.37571,-7.7824],[110.3755,-7.78219],[110.3738,-7.78388],[110.372,-7.7821],[110.37206,-7.78205],[110.3713,-7.7813],[110.3731,-7.77952],[110.37475,-7.78115],[110.3764,-7.77952],[110.37664,-7.77976],[110.3782,-7.77822],[110.38,-7.78],[110.37999,-7.78],[110.3804,-7.7804],[110.37864,-7.78214]]],[[[110.39704,-7.78074],[110.39883,-7.77896],[110.40063,-7.78074],[110.39883,-7.78252],[110.39704,-7.78074]]],[[[110.40914,-7.77993],[110.41093,-7.77815],[110.41273,-7.77993],[110.41093,-7.78171],[110.40914,-7.77993]]],[[[110.4029,-7.77959],[110.4011,-7.77781],[110.4029,-7.77603],[110.4047,-7.77781],[110.4029,-7.77959]]],[[[110.3795,-7.77709],[110.38129,-7.77531],[110.38309,-7.77709],[110.38129,-7.77887],[110.3795,-7.77709]]],[[[110.38714,-7.774],[110.38894,-7.77222],[110.39073,-7.774],[110.38894,-7.77578],[110.38714,-7.774]]],[[[110.40294,-7.77071],[110.40474,-7.77249],[110.4047,-7.77253],[110.4047,-7.77253],[110.40291,-7.77431],[110.40111,-7.77253],[110.40115,-7.77249],[110.40115,-7.77249],[110.40294,-7.77071]]],[[[110.39096,-7.77223],[110.39276,-7.77045],[110.39455,-7.77223],[110.39276,-7.77401],[110.39096,-7.77223]]],[[[110.40765,-7.76806],[110.40944,-7.76628],[110.41124,-7.76806],[110.40944,-7.76984],[110.40765,-7.76806]]],[[[110.3958,-7.76928],[110.394,-7.7675],[110.3958,-7.76572],[110.3976,-7.7675],[110.3958,-7.76928]]],[[[110.3866,-7.7672],[110.3884,-7.76542],[110.3902,-7.7672],[110.3884,-7.76898],[110.3866,-7.7672]]],[[[110.37969,-7.76318],[110.379,-7.7625],[110.3808,-7.76072],[110.3826,-7.7625],[110.38183,-7.76326],[110.38252,-7.76394],[110.38072,-7.76572],[110.37893,-7.76394],[110.37969,-7.76318]]],[[[110.40536,-7.75976],[110.40631,-7.76069],[110.40691,-7.76009],[110.40871,-7.76187],[110.40691,-7.76365],[110.40597,-7.76272],[110.40536,-7.76332],[110.40356,-7.76154],[110.40536,-7.75976]]],[[[110.38966,-7.76025],[110.39026,-7.76085],[110.39101,-7.76011],[110.38965,-7.75876],[110.39145,-7.75698],[110.39325,-7.75876],[110.39164,-7.76036],[110.393,-7.7617],[110.39129,-7.76339],[110.3913,-7.7634],[110.3895,-7.76518],[110.3877,-7.7634],[110.38847,-7.76264],[110.38787,-7.76203],[110.38966,-7.76025]]],[[[110.388,-7.7588],[110.38689,-7.7599],[110.3874,-7.7604],[110.3856,-7.76218],[110.3838,-7.7604],[110.38491,-7.7593],[110.3844,-7.7588],[110.3862,-7.75702],[110.388,-7.7588]]],[[[110.39574,-7.75501],[110.39754,-7.75679],[110.39726,-7.75706],[110.3975,-7.7573],[110.3957,-7.75908],[110.3939,-7.7573],[110.39418,-7.75702],[110.39395,-7.75679],[110.39574,-7.75501]]],[[[110.40936,-7.75537],[110.411,-7.75375],[110.41103,-7.75378],[110.41148,-7.75334],[110.41327,-7.75512],[110.41148,-7.7569],[110.41144,-7.75686],[110.411,-7.75731],[110.40933,-7.75566],[110.40914,-7.75585],[110.4094,-7.7561],[110.4076,-7.75788],[110.4058,-7.7561],[110.40616,-7.75575],[110.4059,-7.7555],[110.4077,-7.75372],[110.40936,-7.75537]]],[[[110.3931,-7.75247],[110.3949,-7.75069],[110.3967,-7.75247],[110.3949,-7.75425],[110.3931,-7.75247]]],[[[110.37927,-7.75287],[110.37747,-7.75109],[110.37927,-7.74931],[110.38107,-7.75109],[110.37927,-7.75287]]],[[[110.40859,-7.7497],[110.40679,-7.75148],[110.40557,-7.75027],[110.40407,-7.75175],[110.40228,-7.74997],[110.40407,-7.74819],[110.40529,-7.7494],[110.40679,-7.74792],[110.40859,-7.7497]]],[[[110.38725,-7.74771],[110.38765,-7.7481],[110.38772,-7.74803],[110.38951,-7.74982],[110.38772,-7.7516],[110.38732,-7.7512],[110.38725,-7.75127],[110.38546,-7.74949],[110.38725,-7.74771]]],[[[110.39479,-7.7479],[110.39658,-7.74612],[110.39838,-7.7479],[110.39658,-7.74968],[110.39479,-7.7479]]],[[[110.3822,-7.7462],[110.38111,-7.74728],[110.38252,-7.74868],[110.38072,-7.75046],[110.37893,-7.74868],[110.38002,-7.7476],[110.3786,-7.7462],[110.37862,-7.74618],[110.37854,-7.74611],[110.38034,-7.74433],[110.38214,-7.74611],[110.38212,-7.74613],[110.3822,-7.7462]]],[[[110.40551,-7.74519],[110.40561,-7.74529],[110.40563,-7.74526],[110.40743,-7.74704],[110.40563,-7.74882],[110.40553,-7.74873],[110.40551,-7.74875],[110.40371,-7.74697],[110.40551,-7.74519]]],[[[110.38996,-7.74642],[110.39176,-7.74464],[110.39356,-7.74642],[110.39176,-7.7482],[110.38996,-7.74642]]],[[[110.38572,-7.73985],[110.38752,-7.74163],[110.38572,-7.74341],[110.38392,-7.74163],[110.38572,-7.73985]]],[[[110.3972,-7.73928],[110.39729,-7.73937],[110.3974,-7.73925],[110.39756,-7.73941],[110.39769,-7.73928],[110.39948,-7.74106],[110.39939,-7.74115],[110.39943,-7.74119],[110.39764,-7.74297],[110.39744,-7.74277],[110.3974,-7.74281],[110.39732,-7.74273],[110.3972,-7.74284],[110.39541,-7.74106],[110.3972,-7.73928]]],[[[110.4071,-7.741],[110.4089,-7.73922],[110.4107,-7.741],[110.4089,-7.74278],[110.4071,-7.741]]],[[[110.38197,-7.73784],[110.3832,-7.73662],[110.385,-7.7384],[110.3832,-7.74018],[110.38169,-7.73869],[110.38046,-7.73991],[110.37867,-7.73813],[110.38046,-7.73635],[110.38197,-7.73784]]],[[[110.40341,-7.73676],[110.40161,-7.73498],[110.40341,-7.7332],[110.40521,-7.73498],[110.40341,-7.73676]]],[[[110.39109,-7.73536],[110.3893,-7.73358],[110.39109,-7.7318],[110.39289,-7.73358],[110.39109,-7.73536]]],[[[110.40365,-7.72576],[110.40185,-7.72398],[110.40365,-7.7222],[110.40545,-7.72398],[110.40365,-7.72576]]],[[[110.4051,-7.71911],[110.4062,-7.71802],[110.408,-7.7198],[110.4062,-7.72158],[110.4049,-7.72029],[110.4038,-7.72138],[110.402,-7.7196],[110.4038,-7.71782],[110.4051,-7.71911]]],[[[110.39808,-7.71968],[110.39987,-7.7179],[110.40167,-7.71968],[110.39987,-7.72146],[110.39808,-7.71968]]],[[[110.40701,-7.71826],[110.40522,-7.71648],[110.40701,-7.7147],[110.40881,-7.71648],[110.40701,-7.71826]]],[[[110.39249,-7.71408],[110.39428,-7.7123],[110.39608,-7.71408],[110.39428,-7.71586],[110.39249,-7.71408]]],[[[110.4035,-7.7104],[110.4017,-7.71218],[110.40161,-7.7121],[110.40105,-7.71266],[110.39925,-7.71088],[110.40105,-7.70909],[110.40113,-7.70918],[110.4017,-7.70862],[110.4035,-7.7104]]],[[[110.40459,-7.70133],[110.40539,-7.70054],[110.40407,-7.69923],[110.40476,-7.69855],[110.4047,-7.6985],[110.4065,-7.69672],[110.4083,-7.6985],[110.40761,-7.69918],[110.40766,-7.69923],[110.40686,-7.70003],[110.40818,-7.70133],[110.40638,-7.70311],[110.40459,-7.70133]]],[[[110.40701,-7.65823],[110.40881,-7.65645],[110.41061,-7.65823],[110.40881,-7.66001],[110.40701,-7.65823]]],[[[110.40376,-7.64607],[110.40556,-7.64429],[110.40735,-7.64607],[110.40556,-7.64785],[110.40376,-7.64607]]],[[[110.40056,-7.63402],[110.39876,-7.63224],[110.40056,-7.63046],[110.40236,-7.63224],[110.40056,-7.63402]]],[[[110.3783,-7.63138],[110.3765,-7.6296],[110.3783,-7.62782],[110.3801,-7.6296],[110.3783,-7.63138]]],[[[110.3833,-7.62769],[110.3815,-7.62591],[110.3833,-7.62413],[110.38509,-7.62591],[110.3833,-7.62769]]],[[[110.3909,-7.62333],[110.39117,-7.62306],[110.39297,-7.62484],[110.39117,-7.62662],[110.3908,-7.62626],[110.39053,-7.62652],[110.38873,-7.62474],[110.39053,-7.62296],[110.3909,-7.62333]]],[[[110.4017,-7.6235],[110.4035,-7.62172],[110.4053,-7.6235],[110.4035,-7.62528],[110.4017,-7.6235]]],[[[110.39936,-7.61749],[110.39756,-7.61571],[110.39936,-7.61393],[110.40115,-7.61571],[110.39936,-7.61749]]],[[[110.4064,-7.613],[110.4082,-7.61122],[110.41,-7.613],[110.4082,-7.61478],[110.4064,-7.613]]],[[[110.39423,-7.60564],[110.39603,-7.60386],[110.39782,-7.60564],[110.39603,-7.60742],[110.39423,-7.60564]]],[[[110.441,-8.07298],[110.4392,-8.0712],[110.441,-8.06942],[110.4428,-8.0712],[110.441,-8.07298]]],[[[110.4332,-8.063],[110.43309,-8.0631],[110.4334,-8.0634],[110.4316,-8.06518],[110.4298,-8.0634],[110.42991,-8.0633],[110.4296,-8.063],[110.4314,-8.06122],[110.4332,-8.063]]],[[[110.4318,-8.0462],[110.4336,-8.04442],[110.4354,-8.0462],[110.4336,-8.04798],[110.4318,-8.0462]]],[[[110.4214,-8.04258],[110.4196,-8.0408],[110.4214,-8.03902],[110.4232,-8.0408],[110.4214,-8.04258]]],[[[110.431,-8.0365],[110.4328,-8.03472],[110.4346,-8.0365],[110.4328,-8.03828],[110.431,-8.0365]]],[[[110.4374,-8.0349],[110.4392,-8.03312],[110.441,-8.0349],[110.4392,-8.03668],[110.4374,-8.0349]]],[[[110.4214,-8.02858],[110.4196,-8.0268],[110.4214,-8.02502],[110.4232,-8.0268],[110.4214,-8.02858]]],[[[110.4183,-8.01412],[110.4185,-8.01392],[110.41859,-8.01401],[110.4201,-8.01252],[110.4219,-8.0143],[110.42144,-8.01475],[110.4228,-8.0161],[110.421,-8.01788],[110.41955,-8.01644],[110.4185,-8.01748],[110.4181,-8.01708],[110.4179,-8.01728],[110.4161,-8.0155],[110.4179,-8.01372],[110.4183,-8.01412]]],[[[110.4268,-8.00382],[110.4286,-8.0056],[110.4268,-8.00738],[110.425,-8.0056],[110.4268,-8.00382]]],[[[110.4332,-7.98018],[110.4314,-7.9784],[110.4332,-7.97662],[110.435,-7.9784],[110.4332,-7.98018]]],[[[110.4153,-7.9763],[110.4171,-7.97452],[110.4189,-7.9763],[110.4171,-7.97808],[110.4153,-7.9763]]],[[[110.4202,-7.9738],[110.422,-7.97202],[110.4238,-7.9738],[110.422,-7.97558],[110.4202,-7.9738]]],[[[110.4222,-7.96828],[110.4204,-7.9665],[110.4222,-7.96472],[110.424,-7.9665],[110.4222,-7.96828]]],[[[110.4144,-7.9444],[110.4162,-7.94262],[110.418,-7.9444],[110.4162,-7.94618],[110.4144,-7.9444]]],[[[110.4306,-7.9422],[110.4324,-7.94042],[110.4342,-7.9422],[110.4324,-7.94398],[110.4306,-7.9422]]],[[[110.4352,-7.93558],[110.4334,-7.9338],[110.4352,-7.93202],[110.437,-7.9338],[110.4352,-7.93558]]],[[[110.4289,-7.93518],[110.4271,-7.9334],[110.4271,-7.9334],[110.427,-7.9333],[110.4288,-7.93152],[110.42935,-7.93206],[110.43,-7.93142],[110.4318,-7.9332],[110.43,-7.93498],[110.42955,-7.93453],[110.4289,-7.93518]]],[[[110.4426,-7.93418],[110.4408,-7.9324],[110.4426,-7.93062],[110.4444,-7.9324],[110.4426,-7.93418]]],[[[110.4185,-7.9295],[110.4203,-7.92772],[110.4221,-7.9295],[110.4203,-7.93128],[110.4185,-7.9295]]],[[[110.4403,-7.9063],[110.4421,-7.90452],[110.4439,-7.9063],[110.4421,-7.90808],[110.4403,-7.9063]]],[[[110.4184,-7.90378],[110.4166,-7.902],[110.4184,-7.90022],[110.4202,-7.902],[110.4184,-7.90378]]],[[[110.4277,-7.8952],[110.4295,-7.89342],[110.4313,-7.8952],[110.4295,-7.89698],[110.4277,-7.8952]]],[[[110.4155,-7.89092],[110.4173,-7.8927],[110.4155,-7.89448],[110.4137,-7.8927],[110.4155,-7.89092]]],[[[110.41363,-7.8892],[110.41543,-7.88742],[110.41723,-7.8892],[110.41543,-7.89098],[110.41363,-7.8892]]],[[[110.4231,-7.8834],[110.4249,-7.88162],[110.4267,-7.8834],[110.4249,-7.88518],[110.4231,-7.8834]]],[[[110.4123,-7.8833],[110.4141,-7.88152],[110.4159,-7.8833],[110.4141,-7.88508],[110.4123,-7.8833]]],[[[110.4293,-7.8826],[110.4311,-7.88082],[110.4329,-7.8826],[110.4311,-7.88438],[110.4293,-7.8826]]],[[[110.4425,-7.88228],[110.4407,-7.8805],[110.4425,-7.87872],[110.4443,-7.8805],[110.4425,-7.88228]]],[[[110.4128,-7.88168],[110.411,-7.8799],[110.4128,-7.87812],[110.4146,-7.8799],[110.4128,-7.88168]]],[[[110.413,-7.8745],[110.4148,-7.87272],[110.4166,-7.8745],[110.4148,-7.87628],[110.413,-7.8745]]],[[[110.425,-7.8591],[110.4268,-7.85732],[110.4286,-7.8591],[110.4268,-7.86088],[110.425,-7.8591]]],[[[110.4169,-7.85928],[110.4151,-7.8575],[110.4169,-7.85572],[110.4187,-7.8575],[110.4169,-7.85928]]],[[[110.423,-7.8533],[110.4248,-7.85152],[110.4266,-7.8533],[110.4248,-7.85508],[110.423,-7.8533]]],[[[110.4331,-7.8498],[110.4349,-7.84802],[110.4367,-7.8498],[110.4349,-7.85158],[110.4331,-7.8498]]],[[[110.4275,-7.84748],[110.4257,-7.8457],[110.4275,-7.84392],[110.4293,-7.8457],[110.4275,-7.84748]]],[[[110.4285,-7.8442],[110.4303,-7.84242],[110.4321,-7.8442],[110.4303,-7.84598],[110.4285,-7.8442]]],[[[110.444,-7.8436],[110.4422,-7.84538],[110.44195,-7.84513],[110.4413,-7.84578],[110.4395,-7.844],[110.4413,-7.84222],[110.44155,-7.84247],[110.4422,-7.84182],[110.444,-7.8436]]],[[[110.4253,-7.84528],[110.4235,-7.8435],[110.4253,-7.84172],[110.4271,-7.8435],[110.4253,-7.84528]]],[[[110.4201,-7.83988],[110.4183,-7.8381],[110.4201,-7.83632],[110.4219,-7.8381],[110.4201,-7.83988]]],[[[110.4365,-7.83768],[110.4347,-7.8359],[110.4365,-7.83412],[110.4383,-7.8359],[110.4365,-7.83768]]],[[[110.41437,-7.83565],[110.4127,-7.834],[110.4145,-7.83222],[110.4163,-7.834],[110.41483,-7.83545],[110.4165,-7.8371],[110.4147,-7.83888],[110.4129,-7.8371],[110.41437,-7.83565]]],[[[110.42858,-7.82935],[110.43038,-7.82757],[110.43217,-7.82935],[110.43038,-7.83113],[110.42858,-7.82935]]],[[[110.4221,-7.83058],[110.4203,-7.8288],[110.4221,-7.82702],[110.4239,-7.8288],[110.4221,-7.83058]]],[[[110.4165,-7.8281],[110.4183,-7.82632],[110.4201,-7.8281],[110.4183,-7.82988],[110.4165,-7.8281]]],[[[110.4348,-7.82398],[110.4366,-7.82576],[110.4348,-7.82754],[110.433,-7.82576],[110.4348,-7.82398]]],[[[110.42602,-7.81955],[110.42781,-7.82133],[110.42602,-7.82311],[110.42549,-7.82259],[110.4248,-7.82328],[110.423,-7.8215],[110.42329,-7.82122],[110.42261,-7.82054],[110.42279,-7.82037],[110.42258,-7.82017],[110.42438,-7.81839],[110.42579,-7.81978],[110.42602,-7.81955]]],[[[110.4201,-7.81802],[110.4219,-7.8198],[110.4201,-7.82158],[110.4183,-7.8198],[110.4201,-7.81802]]],[[[110.4132,-7.8195],[110.415,-7.81772],[110.4168,-7.8195],[110.415,-7.82128],[110.4132,-7.8195]]],[[[110.42711,-7.81799],[110.42531,-7.81621],[110.42711,-7.81443],[110.4289,-7.81621],[110.42711,-7.81799]]],[[[110.42817,-7.81437],[110.42997,-7.81259],[110.43176,-7.81437],[110.42997,-7.81615],[110.42817,-7.81437]]],[[[110.4136,-7.8141],[110.4154,-7.81232],[110.4172,-7.8141],[110.4154,-7.81588],[110.4136,-7.8141]]],[[[110.4166,-7.81098],[110.4148,-7.8092],[110.4166,-7.80742],[110.4184,-7.8092],[110.4166,-7.81098]]],[[[110.42277,-7.80784],[110.42457,-7.80606],[110.42636,-7.80784],[110.42457,-7.80962],[110.42277,-7.80784]]],[[[110.4173,-7.8072],[110.4191,-7.80542],[110.4209,-7.8072],[110.4191,-7.80898],[110.4173,-7.8072]]],[[[110.43683,-7.80609],[110.43504,-7.80431],[110.43683,-7.80253],[110.43863,-7.80431],[110.43683,-7.80609]]],[[[110.44032,-7.80629],[110.44017,-7.80644],[110.43838,-7.80466],[110.43916,-7.80388],[110.43876,-7.80349],[110.44056,-7.80171],[110.44236,-7.80349],[110.44173,-7.80412],[110.44234,-7.80473],[110.44055,-7.80651],[110.44032,-7.80629]]],[[[110.4138,-7.8035],[110.4156,-7.80172],[110.4174,-7.8035],[110.4156,-7.80528],[110.4138,-7.8035]]],[[[110.4189,-7.80438],[110.4171,-7.8026],[110.4189,-7.80082],[110.4207,-7.8026],[110.4189,-7.80438]]],[[[110.41023,-7.78451],[110.41202,-7.78273],[110.41382,-7.78451],[110.41202,-7.78629],[110.41023,-7.78451]]],[[[110.43837,-7.78379],[110.44016,-7.78201],[110.44196,-7.78379],[110.44016,-7.78557],[110.43837,-7.78379]]],[[[110.42634,-7.78537],[110.42454,-7.78359],[110.42634,-7.78181],[110.42813,-7.78359],[110.42634,-7.78537]]],[[[110.41751,-7.78303],[110.41571,-7.78125],[110.41751,-7.77947],[110.4193,-7.78125],[110.41751,-7.78303]]],[[[110.42164,-7.77842],[110.42207,-7.77885],[110.4225,-7.77842],[110.4243,-7.7802],[110.4225,-7.78198],[110.42207,-7.78155],[110.42164,-7.78198],[110.41984,-7.7802],[110.42164,-7.77842]]],[[[110.4407,-7.7792],[110.44101,-7.7789],[110.4409,-7.7788],[110.4427,-7.77702],[110.4445,-7.7788],[110.44419,-7.7791],[110.4443,-7.7792],[110.4425,-7.78098],[110.4407,-7.7792]]],[[[110.417,-7.778],[110.4188,-7.77622],[110.4206,-7.778],[110.4188,-7.77978],[110.417,-7.778]]],[[[110.4215,-7.77838],[110.4197,-7.7766],[110.4215,-7.77482],[110.4233,-7.7766],[110.4215,-7.77838]]],[[[110.43086,-7.77327],[110.4309,-7.77323],[110.43269,-7.77501],[110.4309,-7.77679],[110.43084,-7.77674],[110.4308,-7.77678],[110.429,-7.775],[110.4308,-7.77322],[110.43086,-7.77327]]],[[[110.4146,-7.7737],[110.4128,-7.77548],[110.41262,-7.7753],[110.4125,-7.77542],[110.41243,-7.77535],[110.4124,-7.77538],[110.4106,-7.7736],[110.41195,-7.77227],[110.41155,-7.77187],[110.41335,-7.77009],[110.41434,-7.77107],[110.41579,-7.76963],[110.41759,-7.77141],[110.41579,-7.77319],[110.4148,-7.77221],[110.41395,-7.77306],[110.4146,-7.7737]]],[[[110.43452,-7.77403],[110.43272,-7.77225],[110.43452,-7.77047],[110.43632,-7.77225],[110.43452,-7.77403]]],[[[110.43162,-7.77077],[110.43159,-7.7708],[110.43162,-7.77083],[110.42983,-7.77261],[110.42803,-7.77083],[110.42806,-7.77081],[110.42802,-7.77077],[110.42982,-7.76899],[110.43162,-7.77077]]],[[[110.43737,-7.76583],[110.43917,-7.76405],[110.44096,-7.76583],[110.43917,-7.76761],[110.43737,-7.76583]]],[[[110.43088,-7.76715],[110.42908,-7.76537],[110.43088,-7.76359],[110.43267,-7.76537],[110.43088,-7.76715]]],[[[110.4334,-7.76458],[110.4316,-7.7628],[110.43246,-7.76195],[110.431,-7.7605],[110.43279,-7.75872],[110.43459,-7.7605],[110.43373,-7.76135],[110.4352,-7.7628],[110.4334,-7.76458]]],[[[110.42908,-7.75908],[110.43088,-7.76086],[110.42908,-7.76264],[110.42896,-7.76252],[110.4285,-7.76298],[110.4267,-7.7612],[110.4285,-7.75942],[110.42862,-7.75954],[110.42908,-7.75908]]],[[[110.4422,-7.7597],[110.4404,-7.76148],[110.44036,-7.76144],[110.44018,-7.76162],[110.43838,-7.75984],[110.44018,-7.75806],[110.44022,-7.7581],[110.4404,-7.75792],[110.4422,-7.7597]]],[[[110.41095,-7.75926],[110.41274,-7.75748],[110.41454,-7.75926],[110.41274,-7.76104],[110.41095,-7.75926]]],[[[110.4219,-7.75918],[110.4201,-7.7574],[110.4219,-7.75562],[110.4237,-7.7574],[110.4219,-7.75918]]],[[[110.4377,-7.7512],[110.4395,-7.74942],[110.4413,-7.7512],[110.4395,-7.75298],[110.4377,-7.7512]]],[[[110.40979,-7.75092],[110.41158,-7.74914],[110.41338,-7.75092],[110.41158,-7.7527],[110.40979,-7.75092]]],[[[110.41823,-7.74598],[110.41643,-7.7442],[110.41823,-7.74242],[110.42002,-7.7442],[110.41823,-7.74598]]],[[[110.434,-7.74142],[110.4341,-7.74132],[110.4359,-7.7431],[110.4341,-7.74488],[110.43376,-7.74455],[110.43366,-7.74465],[110.43187,-7.74287],[110.43366,-7.74109],[110.434,-7.74142]]],[[[110.44039,-7.74133],[110.44218,-7.73955],[110.44398,-7.74133],[110.44218,-7.74311],[110.44039,-7.74133]]],[[[110.41821,-7.74173],[110.41641,-7.73995],[110.41821,-7.73817],[110.42,-7.73995],[110.41821,-7.74173]]],[[[110.4143,-7.74158],[110.4125,-7.7398],[110.4143,-7.73802],[110.4161,-7.7398],[110.4143,-7.74158]]],[[[110.43187,-7.74115],[110.43007,-7.73937],[110.43187,-7.73759],[110.43367,-7.73937],[110.43187,-7.74115]]],[[[110.42677,-7.73742],[110.42857,-7.73564],[110.43036,-7.73742],[110.42857,-7.7392],[110.42677,-7.73742]]],[[[110.42114,-7.73633],[110.42294,-7.73455],[110.42474,-7.73633],[110.42294,-7.73811],[110.42114,-7.73633]]],[[[110.4339,-7.73763],[110.43211,-7.73585],[110.43292,-7.73504],[110.43274,-7.73487],[110.43453,-7.73308],[110.43633,-7.73487],[110.43552,-7.73567],[110.4357,-7.73585],[110.4339,-7.73763]]],[[[110.4101,-7.72881],[110.4119,-7.72703],[110.41369,-7.72881],[110.4119,-7.73059],[110.4101,-7.72881]]],[[[110.42362,-7.7278],[110.42542,-7.72602],[110.42722,-7.7278],[110.42542,-7.72958],[110.42362,-7.7278]]],[[[110.4354,-7.72358],[110.4336,-7.7218],[110.4354,-7.72002],[110.4372,-7.7218],[110.4354,-7.72358]]],[[[110.41594,-7.71856],[110.41774,-7.71678],[110.41953,-7.71856],[110.41774,-7.72034],[110.41594,-7.71856]]],[[[110.42256,-7.71506],[110.42436,-7.71328],[110.42615,-7.71506],[110.42436,-7.71684],[110.42256,-7.71506]]],[[[110.435,-7.70272],[110.4368,-7.7045],[110.43644,-7.70485],[110.4369,-7.7053],[110.4351,-7.70708],[110.4333,-7.7053],[110.43366,-7.70495],[110.4332,-7.7045],[110.435,-7.70272]]],[[[110.42053,-7.70068],[110.42233,-7.70246],[110.42053,-7.70424],[110.41874,-7.70246],[110.42053,-7.70068]]],[[[110.431,-7.7015],[110.4328,-7.69972],[110.4346,-7.7015],[110.4328,-7.70328],[110.431,-7.7015]]],[[[110.42198,-7.70131],[110.42018,-7.69953],[110.42198,-7.69775],[110.42378,-7.69953],[110.42198,-7.70131]]],[[[110.41535,-7.69693],[110.41541,-7.69688],[110.41721,-7.69866],[110.41541,-7.70044],[110.4153,-7.70033],[110.41525,-7.70039],[110.4136,-7.69876],[110.41259,-7.69976],[110.4108,-7.69798],[110.41259,-7.6962],[110.41424,-7.69783],[110.41525,-7.69683],[110.41535,-7.69693]]],[[[110.4279,-7.6902],[110.4297,-7.68842],[110.4315,-7.6902],[110.4297,-7.69198],[110.4279,-7.6902]]],[[[110.43713,-7.68593],[110.43533,-7.68415],[110.43713,-7.68237],[110.43892,-7.68415],[110.43713,-7.68593]]],[[[110.41947,-7.68318],[110.42126,-7.6814],[110.42306,-7.68318],[110.42126,-7.68496],[110.41947,-7.68318]]],[[[110.41146,-7.68302],[110.41326,-7.68124],[110.41506,-7.68302],[110.41326,-7.6848],[110.41146,-7.68302]]],[[[110.4298,-7.66618],[110.428,-7.6644],[110.4298,-7.66262],[110.4316,-7.6644],[110.4298,-7.66618]]],[[[110.41914,-7.66378],[110.41833,-7.66458],[110.41833,-7.66459],[110.41654,-7.66637],[110.41474,-7.66459],[110.41555,-7.66378],[110.41555,-7.66378],[110.41734,-7.662],[110.41914,-7.66378]]],[[[110.41257,-7.66303],[110.41437,-7.66125],[110.41616,-7.66303],[110.41437,-7.66482],[110.41257,-7.66303]]],[[[110.44074,-7.6644],[110.43894,-7.66262],[110.44074,-7.66084],[110.44253,-7.66262],[110.44074,-7.6644]]],[[[110.42245,-7.65676],[110.42425,-7.65854],[110.42367,-7.65911],[110.42448,-7.65992],[110.42408,-7.66032],[110.42431,-7.66055],[110.42252,-7.66233],[110.42072,-7.66055],[110.42084,-7.66043],[110.4201,-7.6597],[110.42033,-7.65947],[110.42023,-7.65937],[110.42086,-7.65875],[110.42066,-7.65854],[110.42245,-7.65676]]],[[[110.4372,-7.66048],[110.4354,-7.6587],[110.4372,-7.65692],[110.439,-7.6587],[110.4372,-7.66048]]],[[[110.43862,-7.65816],[110.44042,-7.65638],[110.44222,-7.65816],[110.44042,-7.65994],[110.43862,-7.65816]]],[[[110.41702,-7.65548],[110.41882,-7.6537],[110.42062,-7.65548],[110.41882,-7.65726],[110.41702,-7.65548]]],[[[110.43329,-7.65154],[110.43149,-7.64976],[110.43329,-7.64798],[110.43509,-7.64976],[110.43329,-7.65154]]],[[[110.4141,-7.64189],[110.4159,-7.64011],[110.4177,-7.64189],[110.4159,-7.64367],[110.4141,-7.64189]]],[[[110.43173,-7.63997],[110.43353,-7.63818],[110.43533,-7.63997],[110.43353,-7.64175],[110.43173,-7.63997]]],[[[110.426,-7.63722],[110.4278,-7.639],[110.42749,-7.6393],[110.4277,-7.6395],[110.4259,-7.64128],[110.4241,-7.6395],[110.42441,-7.6392],[110.4242,-7.639],[110.426,-7.63722]]],[[[110.41593,-7.6309],[110.41773,-7.62912],[110.41952,-7.6309],[110.41773,-7.63268],[110.41593,-7.6309]]],[[[110.436,-7.62371],[110.43629,-7.62342],[110.43809,-7.6252],[110.43629,-7.62698],[110.43589,-7.62659],[110.4356,-7.62688],[110.4338,-7.6251],[110.4356,-7.62332],[110.436,-7.62371]]],[[[110.42473,-7.62253],[110.42294,-7.62075],[110.42473,-7.61897],[110.42653,-7.62075],[110.42473,-7.62253]]],[[[110.4337,-7.61908],[110.4319,-7.6173],[110.4337,-7.61552],[110.4355,-7.6173],[110.4337,-7.61908]]],[[[110.42744,-7.59784],[110.42924,-7.59962],[110.42787,-7.60098],[110.4292,-7.6023],[110.4274,-7.60408],[110.4256,-7.6023],[110.42697,-7.60094],[110.42564,-7.59962],[110.42744,-7.59784]]],[[[110.41386,-7.59441],[110.41566,-7.59263],[110.41746,-7.59441],[110.41566,-7.59619],[110.41386,-7.59441]]],[[[110.48736,-8.08166],[110.4875,-8.08152],[110.4893,-8.0833],[110.4875,-8.08508],[110.48594,-8.08354],[110.4858,-8.08368],[110.484,-8.0819],[110.4858,-8.08012],[110.48736,-8.08166]]],[[[110.48173,-8.07537],[110.47994,-8.07359],[110.48173,-8.07181],[110.48353,-8.07359],[110.48173,-8.07537]]],[[[110.4515,-8.0716],[110.4533,-8.06982],[110.4551,-8.0716],[110.4533,-8.07338],[110.4515,-8.0716]]],[[[110.4713,-8.0706],[110.4731,-8.06882],[110.4749,-8.0706],[110.4731,-8.07238],[110.4713,-8.0706]]],[[[110.4889,-8.05458],[110.4871,-8.0528],[110.48736,-8.05255],[110.4868,-8.052],[110.4886,-8.05022],[110.4904,-8.052],[110.49014,-8.05225],[110.4907,-8.0528],[110.4889,-8.05458]]],[[[110.4531,-8.0508],[110.4549,-8.04902],[110.4567,-8.0508],[110.4549,-8.05258],[110.4531,-8.0508]]],[[[110.4863,-8.0429],[110.4881,-8.04112],[110.4899,-8.0429],[110.4881,-8.04468],[110.4863,-8.0429]]],[[[110.4554,-8.0374],[110.4572,-8.03562],[110.459,-8.0374],[110.4572,-8.03918],[110.4554,-8.0374]]],[[[110.462,-8.03658],[110.4602,-8.0348],[110.462,-8.03302],[110.4638,-8.0348],[110.462,-8.03658]]],[[[110.4536,-8.0115],[110.4554,-8.00972],[110.4572,-8.0115],[110.4554,-8.01328],[110.4536,-8.0115]]],[[[110.466,-8.0027],[110.4678,-8.00092],[110.4696,-8.0027],[110.4678,-8.00448],[110.466,-8.0027]]],[[[110.4638,-7.9993],[110.46334,-7.99975],[110.4636,-8.0],[110.4618,-8.00178],[110.46,-8.0],[110.46046,-7.99955],[110.4602,-7.9993],[110.462,-7.99752],[110.4638,-7.9993]]],[[[110.47521,-7.97781],[110.47342,-7.97603],[110.47521,-7.97425],[110.47701,-7.97603],[110.47521,-7.97781]]],[[[110.4614,-7.9476],[110.4632,-7.94582],[110.465,-7.9476],[110.4632,-7.94938],[110.4614,-7.9476]]],[[[110.4631,-7.9192],[110.4649,-7.91742],[110.4667,-7.9192],[110.4649,-7.92098],[110.4631,-7.9192]]],[[[110.466,-7.9151],[110.4678,-7.91332],[110.4696,-7.9151],[110.4678,-7.91688],[110.466,-7.9151]]],[[[110.4453,-7.9133],[110.4471,-7.91152],[110.4489,-7.9133],[110.4471,-7.91508],[110.4453,-7.9133]]],[[[110.47049,-7.9118],[110.4714,-7.9127],[110.4696,-7.91448],[110.4678,-7.9127],[110.46821,-7.9123],[110.4673,-7.9114],[110.4691,-7.90962],[110.4709,-7.9114],[110.47049,-7.9118]]],[[[110.4865,-7.91288],[110.4847,-7.9111],[110.4865,-7.90932],[110.4883,-7.9111],[110.4865,-7.91288]]],[[[110.4485,-7.9048],[110.4503,-7.90302],[110.4521,-7.9048],[110.4503,-7.90658],[110.4485,-7.9048]]],[[[110.4851,-7.9042],[110.4869,-7.90242],[110.4887,-7.9042],[110.4869,-7.90598],[110.4851,-7.9042]]],[[[110.4763,-7.90578],[110.4745,-7.904],[110.4763,-7.90222],[110.4781,-7.904],[110.4763,-7.90578]]],[[[110.4498,-7.8974],[110.4516,-7.89562],[110.4534,-7.8974],[110.4516,-7.89918],[110.4498,-7.8974]]],[[[110.457,-7.8942],[110.4588,-7.89242],[110.4606,-7.8942],[110.4588,-7.89598],[110.457,-7.8942]]],[[[110.4451,-7.89538],[110.4433,-7.8936],[110.4451,-7.89182],[110.4469,-7.8936],[110.4451,-7.89538]]],[[[110.4881,-7.8922],[110.4899,-7.89042],[110.4917,-7.8922],[110.4899,-7.89398],[110.4881,-7.8922]]],[[[110.4525,-7.8858],[110.4543,-7.88402],[110.4561,-7.8858],[110.4543,-7.88758],[110.4525,-7.8858]]],[[[110.4511,-7.8814],[110.4529,-7.87962],[110.4547,-7.8814],[110.4529,-7.88318],[110.4511,-7.8814]]],[[[110.4547,-7.8753],[110.4565,-7.87352],[110.4583,-7.8753],[110.4565,-7.87708],[110.4547,-7.8753]]],[[[110.4552,-7.8616],[110.457,-7.85982],[110.4588,-7.8616],[110.457,-7.86338],[110.4552,-7.8616]]],[[[110.4654,-7.85548],[110.4636,-7.8537],[110.4654,-7.85192],[110.4672,-7.8537],[110.4654,-7.85548]]],[[[110.47849,-7.85196],[110.4767,-7.85018],[110.47849,-7.8484],[110.48029,-7.85018],[110.47849,-7.85196]]],[[[110.4686,-7.84468],[110.4668,-7.8429],[110.4686,-7.84112],[110.4704,-7.8429],[110.4686,-7.84468]]],[[[110.4488,-7.8424],[110.4506,-7.84062],[110.4524,-7.8424],[110.4506,-7.84418],[110.4488,-7.8424]]],[[[110.4426,-7.8391],[110.4444,-7.83732],[110.4462,-7.8391],[110.4444,-7.84088],[110.4426,-7.8391]]],[[[110.4798,-7.83988],[110.478,-7.8381],[110.4798,-7.83632],[110.4816,-7.8381],[110.4798,-7.83988]]],[[[110.4702,-7.8373],[110.472,-7.83552],[110.4738,-7.8373],[110.472,-7.83908],[110.4702,-7.8373]]],[[[110.4743,-7.837],[110.4761,-7.83522],[110.4779,-7.837],[110.4761,-7.83878],[110.4743,-7.837]]],[[[110.4477,-7.83748],[110.4459,-7.8357],[110.4477,-7.83392],[110.4495,-7.8357],[110.4477,-7.83748]]],[[[110.4649,-7.8346],[110.4667,-7.83282],[110.4685,-7.8346],[110.4667,-7.83638],[110.4649,-7.8346]]],[[[110.4778,-7.8325],[110.4796,-7.83072],[110.4814,-7.8325],[110.4796,-7.83428],[110.4778,-7.8325]]],[[[110.4754,-7.82942],[110.4772,-7.8312],[110.47639,-7.832],[110.4769,-7.8325],[110.4751,-7.83428],[110.4733,-7.8325],[110.47411,-7.8317],[110.4736,-7.8312],[110.4754,-7.82942]]],[[[110.4633,-7.83218],[110.4615,-7.8304],[110.4633,-7.82862],[110.4651,-7.8304],[110.4633,-7.83218]]],[[[110.4699,-7.83028],[110.4681,-7.8285],[110.4699,-7.82672],[110.4717,-7.8285],[110.4699,-7.83028]]],[[[110.4767,-7.8275],[110.4785,-7.82572],[110.4803,-7.8275],[110.4785,-7.82928],[110.4767,-7.8275]]],[[[110.4448,-7.82522],[110.4466,-7.827],[110.4448,-7.82878],[110.443,-7.827],[110.4448,-7.82522]]],[[[110.478,-7.8242],[110.4798,-7.82242],[110.4816,-7.8242],[110.4798,-7.82598],[110.478,-7.8242]]],[[[110.4534,-7.8235],[110.4552,-7.82172],[110.457,-7.8235],[110.4552,-7.82528],[110.4534,-7.8235]]],[[[110.4486,-7.82202],[110.45039,-7.82024],[110.45219,-7.82202],[110.45039,-7.8238],[110.4486,-7.82202]]],[[[110.479,-7.81792],[110.4808,-7.8197],[110.47929,-7.82119],[110.47944,-7.82133],[110.47764,-7.82311],[110.47585,-7.82133],[110.47735,-7.81985],[110.4772,-7.8197],[110.479,-7.81792]]],[[[110.44165,-7.81745],[110.44345,-7.81567],[110.44525,-7.81745],[110.44345,-7.81923],[110.44165,-7.81745]]],[[[110.45686,-7.81582],[110.45866,-7.81404],[110.46045,-7.81582],[110.45866,-7.8176],[110.45686,-7.81582]]],[[[110.4808,-7.81721],[110.479,-7.81543],[110.4808,-7.81365],[110.4826,-7.81543],[110.4808,-7.81721]]],[[[110.47298,-7.81679],[110.47118,-7.81501],[110.4717,-7.8145],[110.4714,-7.8142],[110.4732,-7.81242],[110.475,-7.8142],[110.47448,-7.81472],[110.47478,-7.81501],[110.47298,-7.81679]]],[[[110.45007,-7.81208],[110.44827,-7.8103],[110.45007,-7.80852],[110.45187,-7.8103],[110.45007,-7.81208]]],[[[110.48631,-7.80795],[110.48811,-7.80617],[110.4899,-7.80795],[110.48811,-7.80973],[110.48631,-7.80795]]],[[[110.46467,-7.80766],[110.46646,-7.80588],[110.46826,-7.80766],[110.46646,-7.80944],[110.46467,-7.80766]]],[[[110.45681,-7.80927],[110.45501,-7.80749],[110.45681,-7.80571],[110.4586,-7.80749],[110.45681,-7.80927]]],[[[110.44268,-7.80502],[110.44447,-7.80324],[110.44627,-7.80502],[110.44447,-7.8068],[110.44268,-7.80502]]],[[[110.4837,-7.8032],[110.4855,-7.80142],[110.4873,-7.8032],[110.4855,-7.80498],[110.4837,-7.8032]]],[[[110.45432,-7.80421],[110.45252,-7.80243],[110.45432,-7.80065],[110.45612,-7.80243],[110.45432,-7.80421]]],[[[110.48524,-7.801],[110.48344,-7.80278],[110.48334,-7.80268],[110.48273,-7.80328],[110.48094,-7.8015],[110.48273,-7.79972],[110.48283,-7.79982],[110.48344,-7.79922],[110.48524,-7.801]]],[[[110.4741,-7.7979],[110.4759,-7.79612],[110.4777,-7.7979],[110.4759,-7.79968],[110.4741,-7.7979]]],[[[110.4688,-7.79848],[110.467,-7.7967],[110.4688,-7.79492],[110.4706,-7.7967],[110.4688,-7.79848]]],[[[110.45864,-7.79086],[110.45791,-7.79158],[110.45869,-7.79235],[110.45745,-7.79358],[110.45874,-7.79485],[110.45694,-7.79663],[110.45515,-7.79485],[110.45622,-7.79379],[110.45472,-7.7923],[110.45582,-7.7912],[110.45526,-7.79065],[110.45706,-7.78887],[110.45793,-7.78973],[110.45951,-7.78816],[110.4609,-7.78954],[110.46113,-7.78931],[110.46292,-7.79109],[110.46113,-7.79287],[110.45974,-7.7915],[110.45951,-7.79172],[110.45864,-7.79086]]],[[[110.4707,-7.7904],[110.4725,-7.78862],[110.4743,-7.7904],[110.4725,-7.79218],[110.4707,-7.7904]]],[[[110.44926,-7.79207],[110.44747,-7.79029],[110.44926,-7.78851],[110.45106,-7.79029],[110.44926,-7.79207]]],[[[110.4503,-7.7847],[110.4521,-7.78292],[110.4539,-7.7847],[110.4521,-7.78648],[110.4503,-7.7847]]],[[[110.4721,-7.77952],[110.4739,-7.7813],[110.4721,-7.78308],[110.4703,-7.7813],[110.4721,-7.77952]]],[[[110.45029,-7.78231],[110.44849,-7.78053],[110.45029,-7.77875],[110.45209,-7.78053],[110.45029,-7.78231]]],[[[110.48591,-7.78007],[110.48771,-7.77829],[110.48951,-7.78007],[110.48771,-7.78185],[110.48591,-7.78007]]],[[[110.4673,-7.777],[110.4691,-7.77522],[110.4709,-7.777],[110.4691,-7.77878],[110.4673,-7.777]]],[[[110.49063,-7.77863],[110.48883,-7.77685],[110.49063,-7.77507],[110.49242,-7.77685],[110.49063,-7.77863]]],[[[110.45618,-7.77631],[110.45797,-7.77453],[110.45977,-7.77631],[110.45797,-7.77809],[110.45618,-7.77631]]],[[[110.45338,-7.77473],[110.45518,-7.77295],[110.45697,-7.77473],[110.45518,-7.77651],[110.45338,-7.77473]]],[[[110.47816,-7.77642],[110.47636,-7.77464],[110.47816,-7.77286],[110.47996,-7.77464],[110.47816,-7.77642]]],[[[110.46621,-7.77028],[110.46622,-7.7703],[110.46633,-7.77019],[110.46555,-7.76941],[110.46735,-7.76763],[110.46915,-7.76941],[110.46854,-7.77001],[110.46932,-7.77079],[110.46752,-7.77257],[110.46751,-7.77255],[110.46637,-7.77368],[110.4664,-7.77371],[110.4646,-7.7755],[110.46281,-7.77371],[110.46444,-7.77209],[110.46441,-7.77206],[110.46621,-7.77028]]],[[[110.4431,-7.7707],[110.4432,-7.7706],[110.4432,-7.7706],[110.44375,-7.77006],[110.44329,-7.76961],[110.44508,-7.76783],[110.44688,-7.76961],[110.44634,-7.77015],[110.4468,-7.7706],[110.4467,-7.7707],[110.4467,-7.7707],[110.4449,-7.77248],[110.4431,-7.7707]]],[[[110.4731,-7.7666],[110.4713,-7.76838],[110.47096,-7.76804],[110.47016,-7.76884],[110.46836,-7.76706],[110.47016,-7.76528],[110.4705,-7.76562],[110.4713,-7.76482],[110.4731,-7.7666]]],[[[110.47222,-7.7625],[110.47042,-7.76428],[110.47002,-7.76388],[110.4683,-7.76558],[110.4665,-7.7638],[110.4683,-7.76202],[110.46871,-7.76242],[110.47042,-7.76072],[110.47222,-7.7625]]],[[[110.44494,-7.76423],[110.44314,-7.76245],[110.44494,-7.76067],[110.44674,-7.76245],[110.44494,-7.76423]]],[[[110.4761,-7.76229],[110.47778,-7.76062],[110.47727,-7.76011],[110.47907,-7.75833],[110.48087,-7.76011],[110.47918,-7.76178],[110.47969,-7.76229],[110.47789,-7.76407],[110.4761,-7.76229]]],[[[110.45401,-7.76103],[110.45581,-7.75925],[110.45761,-7.76103],[110.45581,-7.76281],[110.45401,-7.76103]]],[[[110.47289,-7.76021],[110.47109,-7.75843],[110.47289,-7.75665],[110.47468,-7.75843],[110.47289,-7.76021]]],[[[110.45108,-7.75761],[110.44929,-7.75939],[110.44914,-7.75924],[110.4487,-7.75968],[110.4469,-7.7579],[110.4487,-7.75612],[110.44885,-7.75626],[110.44929,-7.75583],[110.45108,-7.75761]]],[[[110.4513,-7.75121],[110.4531,-7.74943],[110.4549,-7.75121],[110.4531,-7.75299],[110.4513,-7.75121]]],[[[110.44197,-7.75109],[110.44376,-7.74931],[110.44556,-7.75109],[110.44376,-7.75287],[110.44197,-7.75109]]],[[[110.46264,-7.75062],[110.46084,-7.74884],[110.46264,-7.74706],[110.46443,-7.74884],[110.46264,-7.75062]]],[[[110.47183,-7.74907],[110.47004,-7.74729],[110.47183,-7.7455],[110.47363,-7.74729],[110.47183,-7.74907]]],[[[110.45866,-7.74725],[110.46046,-7.74547],[110.46225,-7.74725],[110.46046,-7.74903],[110.45866,-7.74725]]],[[[110.4519,-7.74222],[110.4537,-7.744],[110.4519,-7.74578],[110.4501,-7.744],[110.4519,-7.74222]]],[[[110.46488,-7.74518],[110.46308,-7.74339],[110.46488,-7.74161],[110.46667,-7.74339],[110.46488,-7.74518]]],[[[110.4729,-7.7397],[110.4747,-7.73792],[110.4765,-7.7397],[110.4747,-7.74148],[110.4729,-7.7397]]],[[[110.4515,-7.73944],[110.45329,-7.73766],[110.45509,-7.73944],[110.45329,-7.74122],[110.4515,-7.73944]]],[[[110.46074,-7.73317],[110.45895,-7.73139],[110.46074,-7.72961],[110.46254,-7.73139],[110.46074,-7.73317]]],[[[110.44883,-7.72909],[110.45063,-7.72731],[110.45242,-7.72909],[110.45063,-7.73087],[110.44883,-7.72909]]],[[[110.4714,-7.7246],[110.47069,-7.7253],[110.4721,-7.7267],[110.4703,-7.72848],[110.4685,-7.7267],[110.46921,-7.726],[110.4678,-7.7246],[110.4696,-7.72282],[110.4714,-7.7246]]],[[[110.44267,-7.72215],[110.44087,-7.72037],[110.44267,-7.71859],[110.44446,-7.72037],[110.44267,-7.72215]]],[[[110.46904,-7.72079],[110.46725,-7.71901],[110.46904,-7.71722],[110.47084,-7.71901],[110.46904,-7.72079]]],[[[110.45852,-7.71229],[110.45673,-7.71051],[110.45852,-7.70873],[110.46032,-7.71051],[110.45852,-7.71229]]],[[[110.4635,-7.7071],[110.4653,-7.70532],[110.4671,-7.7071],[110.4653,-7.70888],[110.4635,-7.7071]]],[[[110.44383,-7.70076],[110.44563,-7.70254],[110.44383,-7.70432],[110.44204,-7.70254],[110.44383,-7.70076]]],[[[110.4483,-7.70348],[110.4465,-7.7017],[110.4483,-7.69992],[110.4501,-7.7017],[110.4483,-7.70348]]],[[[110.4484,-7.6994],[110.4466,-7.70118],[110.44647,-7.70105],[110.44615,-7.70137],[110.44436,-7.69959],[110.44615,-7.69781],[110.44628,-7.69794],[110.4466,-7.69762],[110.4484,-7.6994]]],[[[110.46572,-7.69992],[110.46392,-7.7017],[110.46229,-7.70008],[110.4606,-7.70176],[110.4588,-7.69998],[110.4606,-7.6982],[110.46223,-7.69982],[110.46302,-7.69903],[110.46158,-7.69761],[110.46338,-7.69583],[110.46518,-7.69761],[110.46428,-7.6985],[110.46572,-7.69992]]],[[[110.45514,-7.69741],[110.45694,-7.69563],[110.45873,-7.69741],[110.45694,-7.69919],[110.45514,-7.69741]]],[[[110.46769,-7.69534],[110.46948,-7.69356],[110.47128,-7.69534],[110.46948,-7.69712],[110.46769,-7.69534]]],[[[110.45784,-7.68643],[110.45964,-7.68465],[110.46143,-7.68643],[110.45964,-7.68821],[110.45784,-7.68643]]],[[[110.4508,-7.68495],[110.44901,-7.68317],[110.4508,-7.68139],[110.4526,-7.68317],[110.4508,-7.68495]]],[[[110.45797,-7.68107],[110.4583,-7.68074],[110.4601,-7.68252],[110.4583,-7.6843],[110.45737,-7.68337],[110.45704,-7.6837],[110.45686,-7.68352],[110.4568,-7.68358],[110.455,-7.6818],[110.4568,-7.68002],[110.45698,-7.6802],[110.45704,-7.68014],[110.45797,-7.68107]]],[[[110.4538,-7.6594],[110.4556,-7.65762],[110.4574,-7.6594],[110.4556,-7.66118],[110.4538,-7.6594]]],[[[110.45164,-7.65106],[110.44984,-7.64928],[110.45164,-7.64749],[110.45343,-7.64928],[110.45164,-7.65106]]],[[[110.4419,-7.6493],[110.44228,-7.64893],[110.44202,-7.64867],[110.44381,-7.64689],[110.44561,-7.64867],[110.44523,-7.64904],[110.4455,-7.6493],[110.4437,-7.65108],[110.4419,-7.6493]]],[[[110.46621,-7.64805],[110.46801,-7.64627],[110.46981,-7.64805],[110.46801,-7.64983],[110.46621,-7.64805]]],[[[110.45611,-7.64754],[110.45431,-7.64576],[110.45611,-7.64398],[110.4579,-7.64576],[110.45611,-7.64754]]],[[[110.45426,-7.64054],[110.45416,-7.64064],[110.4542,-7.64068],[110.45241,-7.64246],[110.45061,-7.64068],[110.45071,-7.64058],[110.45066,-7.64054],[110.45246,-7.63876],[110.45426,-7.64054]]],[[[110.4527,-7.6257],[110.4545,-7.62392],[110.4563,-7.6257],[110.4545,-7.62748],[110.4527,-7.6257]]],[[[110.46802,-7.62702],[110.46622,-7.62523],[110.46802,-7.62345],[110.46982,-7.62523],[110.46802,-7.62702]]],[[[110.45266,-7.62061],[110.45446,-7.61883],[110.45626,-7.62061],[110.45446,-7.62239],[110.45266,-7.62061]]],[[[110.4655,-7.6147],[110.4673,-7.61292],[110.4691,-7.6147],[110.4673,-7.61648],[110.4655,-7.6147]]],[[[110.5027,-8.0951],[110.5045,-8.09332],[110.5063,-8.0951],[110.5045,-8.09688],[110.5027,-8.0951]]],[[[110.5453,-8.09678],[110.5435,-8.095],[110.5453,-8.09322],[110.5471,-8.095],[110.5453,-8.09678]]],[[[110.5272,-8.09668],[110.5254,-8.0949],[110.5272,-8.09312],[110.529,-8.0949],[110.5272,-8.09668]]],[[[110.5394,-8.0939],[110.5412,-8.09212],[110.543,-8.0939],[110.5412,-8.09568],[110.5394,-8.0939]]],[[[110.5288,-8.0937],[110.5306,-8.09192],[110.5324,-8.0937],[110.5306,-8.09548],[110.5288,-8.0937]]],[[[110.5533,-8.09488],[110.5515,-8.0931],[110.5533,-8.09132],[110.5551,-8.0931],[110.5533,-8.09488]]],[[[110.5198,-8.0889],[110.5216,-8.08712],[110.5234,-8.0889],[110.5216,-8.09068],[110.5198,-8.0889]]],[[[110.5779,-8.088],[110.5797,-8.08622],[110.5815,-8.088],[110.5797,-8.08978],[110.5779,-8.088]]],[[[110.5345,-8.0831],[110.5363,-8.08132],[110.5381,-8.0831],[110.5363,-8.08488],[110.5345,-8.0831]]],[[[110.5904,-8.07592],[110.5922,-8.0777],[110.5904,-8.07948],[110.5886,-8.0777],[110.5904,-8.07592]]],[[[110.5838,-8.0697],[110.5856,-8.06792],[110.5874,-8.0697],[110.5856,-8.07148],[110.5838,-8.0697]]],[[[110.5758,-8.07078],[110.574,-8.069],[110.5758,-8.06722],[110.5776,-8.069],[110.5758,-8.07078]]],[[[110.5506,-8.07015],[110.54956,-8.06912],[110.5493,-8.06938],[110.5475,-8.0676],[110.5493,-8.06582],[110.55034,-8.06685],[110.5506,-8.06659],[110.5524,-8.06837],[110.5506,-8.07015]]],[[[110.5425,-8.06968],[110.5407,-8.0679],[110.5425,-8.06612],[110.5443,-8.0679],[110.5425,-8.06968]]],[[[110.5501,-8.064],[110.5519,-8.06222],[110.5537,-8.064],[110.5519,-8.06578],[110.5501,-8.064]]],[[[110.5757,-8.0634],[110.5775,-8.06162],[110.5793,-8.0634],[110.5775,-8.06518],[110.5757,-8.0634]]],[[[110.5641,-8.06328],[110.5623,-8.0615],[110.5641,-8.05972],[110.5659,-8.0615],[110.5641,-8.06328]]],[[[110.53036,-8.05808],[110.53216,-8.0563],[110.53396,-8.05808],[110.53216,-8.05986],[110.53036,-8.05808]]],[[[110.5099,-8.0573],[110.5117,-8.05552],[110.5135,-8.0573],[110.5117,-8.05908],[110.5099,-8.0573]]],[[[110.5185,-8.05738],[110.5167,-8.0556],[110.5185,-8.05382],[110.5203,-8.0556],[110.5185,-8.05738]]],[[[110.5507,-8.0542],[110.5525,-8.05242],[110.5543,-8.0542],[110.5525,-8.05598],[110.5507,-8.0542]]],[[[110.5078,-8.0525],[110.5096,-8.05072],[110.5114,-8.0525],[110.5096,-8.05428],[110.5078,-8.0525]]],[[[110.5196,-8.05428],[110.5178,-8.0525],[110.5196,-8.05072],[110.5214,-8.0525],[110.5196,-8.05428]]],[[[110.5349,-8.05418],[110.5331,-8.0524],[110.5349,-8.05062],[110.5367,-8.0524],[110.5349,-8.05418]]],[[[110.5448,-8.05188],[110.543,-8.0501],[110.5448,-8.04832],[110.5466,-8.0501],[110.5448,-8.05188]]],[[[110.5152,-8.0469],[110.5134,-8.04868],[110.5126,-8.04789],[110.511,-8.04948],[110.5092,-8.0477],[110.511,-8.04592],[110.5118,-8.04671],[110.5134,-8.04512],[110.5152,-8.0469]]],[[[110.51938,-8.04638],[110.52117,-8.0446],[110.52297,-8.04638],[110.52117,-8.04816],[110.51938,-8.04638]]],[[[110.5338,-8.04648],[110.532,-8.0447],[110.5338,-8.04292],[110.5356,-8.0447],[110.5338,-8.04648]]],[[[110.54342,-8.03897],[110.54521,-8.03719],[110.54701,-8.03897],[110.54521,-8.04075],[110.54342,-8.03897]]],[[[110.4917,-8.03682],[110.4935,-8.0386],[110.4917,-8.04038],[110.4899,-8.0386],[110.4917,-8.03682]]],[[[110.54735,-8.00883],[110.54914,-8.00705],[110.55094,-8.00883],[110.54914,-8.01061],[110.54735,-8.00883]]],[[[110.53104,-8.00695],[110.53283,-8.00873],[110.53104,-8.0105],[110.52924,-8.00873],[110.53104,-8.00695]]],[[[110.49568,-8.00666],[110.49747,-8.00488],[110.49927,-8.00666],[110.49747,-8.00844],[110.49568,-8.00666]]],[[[110.51919,-8.0071],[110.51739,-8.00532],[110.51919,-8.00354],[110.52098,-8.00532],[110.51919,-8.0071]]],[[[110.5023,-8.0049],[110.5041,-8.00312],[110.5059,-8.0049],[110.5041,-8.00668],[110.5023,-8.0049]]],[[[110.56093,-8.00115],[110.56132,-8.00076],[110.56312,-8.00254],[110.56132,-8.00432],[110.56079,-8.00379],[110.5604,-8.00418],[110.5586,-8.0024],[110.5604,-8.00062],[110.56093,-8.00115]]],[[[110.5092,-8.00022],[110.511,-8.002],[110.51077,-8.00222],[110.51092,-8.00237],[110.50912,-8.00415],[110.50733,-8.00237],[110.50755,-8.00215],[110.5074,-8.002],[110.5092,-8.00022]]],[[[110.5111,-8.0014],[110.5129,-7.99962],[110.5147,-8.0014],[110.5129,-8.00318],[110.5111,-8.0014]]],[[[110.4988,-8.0012],[110.5006,-7.99942],[110.5024,-8.0012],[110.5006,-8.00298],[110.4988,-8.0012]]],[[[110.54267,-8.00219],[110.54087,-8.00041],[110.54267,-7.99863],[110.54446,-8.00041],[110.54267,-8.00219]]],[[[110.59391,-7.99802],[110.59421,-7.99773],[110.59601,-7.9995],[110.59421,-8.00128],[110.5927,-7.99979],[110.5924,-8.00008],[110.5906,-7.9983],[110.5924,-7.99652],[110.59391,-7.99802]]],[[[110.55331,-7.98982],[110.55511,-7.98804],[110.5569,-7.98982],[110.55511,-7.9916],[110.55331,-7.98982]]],[[[110.5464,-7.99038],[110.5446,-7.9886],[110.5464,-7.98682],[110.5482,-7.9886],[110.5464,-7.99038]]],[[[110.57856,-7.98318],[110.58036,-7.9814],[110.58215,-7.98318],[110.58036,-7.98496],[110.57856,-7.98318]]],[[[110.53958,-7.97923],[110.53919,-7.97961],[110.5402,-7.9806],[110.5384,-7.98238],[110.5366,-7.9806],[110.53699,-7.98022],[110.53599,-7.97923],[110.53611,-7.9791],[110.536,-7.979],[110.5378,-7.97722],[110.5396,-7.979],[110.53947,-7.97912],[110.53958,-7.97923]]],[[[110.59396,-7.97754],[110.59216,-7.97576],[110.59396,-7.97398],[110.59576,-7.97576],[110.59396,-7.97754]]],[[[110.5839,-7.97318],[110.5821,-7.9714],[110.5839,-7.96962],[110.5857,-7.9714],[110.5839,-7.97318]]],[[[110.5018,-7.97308],[110.5,-7.9713],[110.5018,-7.96952],[110.5036,-7.9713],[110.5018,-7.97308]]],[[[110.58555,-7.97072],[110.58734,-7.96894],[110.58914,-7.97072],[110.58734,-7.9725],[110.58555,-7.97072]]],[[[110.56122,-7.96901],[110.56301,-7.96723],[110.56481,-7.96901],[110.56301,-7.97079],[110.56122,-7.96901]]],[[[110.59305,-7.96951],[110.59125,-7.96773],[110.59305,-7.96595],[110.59484,-7.96773],[110.59305,-7.96951]]],[[[110.54639,-7.96618],[110.54502,-7.96754],[110.5464,-7.9689],[110.5446,-7.97068],[110.5428,-7.9689],[110.54417,-7.96754],[110.5428,-7.96618],[110.54459,-7.9644],[110.54639,-7.96618]]],[[[110.52827,-7.96302],[110.53007,-7.96124],[110.53187,-7.96302],[110.53007,-7.9648],[110.52827,-7.96302]]],[[[110.54629,-7.96457],[110.54449,-7.96279],[110.54629,-7.96101],[110.54809,-7.96279],[110.54629,-7.96457]]],[[[110.5945,-7.9585],[110.59424,-7.95876],[110.5952,-7.95971],[110.5934,-7.96149],[110.59161,-7.95971],[110.59187,-7.95945],[110.5909,-7.9585],[110.5927,-7.95672],[110.5945,-7.9585]]],[[[110.51997,-7.95776],[110.52177,-7.95598],[110.52357,-7.95776],[110.52177,-7.95954],[110.51997,-7.95776]]],[[[110.52746,-7.95531],[110.52566,-7.95354],[110.52746,-7.95176],[110.52925,-7.95354],[110.52746,-7.95531]]],[[[110.59471,-7.95721],[110.59291,-7.95543],[110.59298,-7.95536],[110.59274,-7.95513],[110.59227,-7.9556],[110.59132,-7.95466],[110.59018,-7.95579],[110.58838,-7.95401],[110.59018,-7.95223],[110.59112,-7.95317],[110.5921,-7.95221],[110.59108,-7.9512],[110.59288,-7.94942],[110.59467,-7.9512],[110.59305,-7.95281],[110.59323,-7.95299],[110.5937,-7.95252],[110.5955,-7.9543],[110.59543,-7.95436],[110.5965,-7.95543],[110.59471,-7.95721]]],[[[110.5419,-7.95458],[110.5401,-7.9528],[110.5419,-7.95102],[110.5437,-7.9528],[110.5419,-7.95458]]],[[[110.53384,-7.9528],[110.53564,-7.95102],[110.53744,-7.9528],[110.53564,-7.95457],[110.53384,-7.9528]]],[[[110.5495,-7.9519],[110.5513,-7.95012],[110.5531,-7.9519],[110.5513,-7.95368],[110.5495,-7.9519]]],[[[110.5495,-7.95098],[110.5477,-7.9492],[110.5495,-7.94742],[110.5513,-7.9492],[110.5495,-7.95098]]],[[[110.53785,-7.94542],[110.53964,-7.94364],[110.54144,-7.94542],[110.53964,-7.9472],[110.53785,-7.94542]]],[[[110.55159,-7.9441],[110.55233,-7.94337],[110.55249,-7.94352],[110.5537,-7.94232],[110.5555,-7.9441],[110.55543,-7.94416],[110.55665,-7.94537],[110.55663,-7.94538],[110.55671,-7.94546],[110.55492,-7.94724],[110.55366,-7.946],[110.55272,-7.94693],[110.55253,-7.94674],[110.55233,-7.94693],[110.55084,-7.94545],[110.5501,-7.94618],[110.5483,-7.9444],[110.54837,-7.94434],[110.54665,-7.94263],[110.5483,-7.94099],[110.5476,-7.9403],[110.5494,-7.93852],[110.5512,-7.9403],[110.54954,-7.94194],[110.55024,-7.94263],[110.55018,-7.9427],[110.55159,-7.9441]]],[[[110.5483,-7.92488],[110.5465,-7.9231],[110.5483,-7.92132],[110.5501,-7.9231],[110.5483,-7.92488]]],[[[110.51999,-7.92234],[110.52179,-7.92056],[110.52358,-7.92234],[110.52179,-7.92412],[110.51999,-7.92234]]],[[[110.53707,-7.92022],[110.53573,-7.92155],[110.53698,-7.92278],[110.53518,-7.92456],[110.53339,-7.92278],[110.53472,-7.92145],[110.53348,-7.92022],[110.53528,-7.91844],[110.53707,-7.92022]]],[[[110.5919,-7.92289],[110.5901,-7.92111],[110.5919,-7.91933],[110.59369,-7.92111],[110.5919,-7.92289]]],[[[110.5527,-7.91828],[110.5509,-7.9165],[110.5527,-7.91472],[110.5545,-7.9165],[110.5527,-7.91828]]],[[[110.53603,-7.91823],[110.53423,-7.91645],[110.53603,-7.91467],[110.53782,-7.91645],[110.53603,-7.91823]]],[[[110.5391,-7.9161],[110.5409,-7.91432],[110.5427,-7.9161],[110.5409,-7.91788],[110.5391,-7.9161]]],[[[110.5583,-7.91274],[110.55791,-7.91312],[110.55879,-7.914],[110.557,-7.91578],[110.5552,-7.914],[110.55559,-7.91362],[110.5547,-7.91274],[110.5565,-7.91096],[110.5583,-7.91274]]],[[[110.5778,-7.90938],[110.576,-7.9076],[110.5778,-7.90582],[110.5796,-7.9076],[110.5778,-7.90938]]],[[[110.49386,-7.88913],[110.49566,-7.88735],[110.49746,-7.88913],[110.49566,-7.89091],[110.49386,-7.88913]]],[[[110.5728,-7.8846],[110.5746,-7.88282],[110.5764,-7.8846],[110.5746,-7.88638],[110.5728,-7.8846]]],[[[110.50812,-7.88595],[110.50633,-7.88417],[110.50812,-7.8824],[110.50992,-7.88417],[110.50812,-7.88595]]],[[[110.58105,-7.88276],[110.5813,-7.88252],[110.5831,-7.8843],[110.5813,-7.88608],[110.58015,-7.88494],[110.5799,-7.88518],[110.5781,-7.8834],[110.5799,-7.88162],[110.58105,-7.88276]]],[[[110.59002,-7.8797],[110.59182,-7.87792],[110.59361,-7.8797],[110.59182,-7.88147],[110.59002,-7.8797]]],[[[110.5121,-7.88028],[110.5103,-7.8785],[110.5121,-7.87672],[110.5139,-7.8785],[110.5121,-7.88028]]],[[[110.55999,-7.87847],[110.56178,-7.87669],[110.56358,-7.87847],[110.56178,-7.88025],[110.55999,-7.87847]]],[[[110.5445,-7.8757],[110.54285,-7.87733],[110.54396,-7.87843],[110.54217,-7.88021],[110.54037,-7.87843],[110.54201,-7.8768],[110.5409,-7.8757],[110.5427,-7.87392],[110.5445,-7.8757]]],[[[110.4962,-7.87538],[110.4944,-7.8736],[110.4962,-7.87182],[110.498,-7.8736],[110.4962,-7.87538]]],[[[110.54107,-7.87202],[110.54287,-7.87024],[110.54467,-7.87202],[110.54287,-7.8738],[110.54107,-7.87202]]],[[[110.5242,-7.872],[110.526,-7.87022],[110.5278,-7.872],[110.526,-7.87378],[110.5242,-7.872]]],[[[110.51982,-7.8673],[110.52161,-7.86908],[110.52021,-7.87047],[110.52165,-7.87189],[110.51986,-7.87367],[110.51806,-7.87189],[110.51946,-7.87051],[110.51802,-7.86908],[110.51982,-7.8673]]],[[[110.52544,-7.86994],[110.52365,-7.87172],[110.52355,-7.87162],[110.52295,-7.87221],[110.52116,-7.87043],[110.52295,-7.86865],[110.52305,-7.86875],[110.52365,-7.86816],[110.52544,-7.86994]]],[[[110.50436,-7.86892],[110.50616,-7.86714],[110.50795,-7.86892],[110.50616,-7.8707],[110.50436,-7.86892]]],[[[110.56,-7.86592],[110.5618,-7.8677],[110.56177,-7.86772],[110.56186,-7.8678],[110.56006,-7.86958],[110.55826,-7.8678],[110.55828,-7.86778],[110.5582,-7.8677],[110.56,-7.86592]]],[[[110.59043,-7.86624],[110.59223,-7.86446],[110.59403,-7.86624],[110.59223,-7.86802],[110.59043,-7.86624]]],[[[110.5115,-7.8648],[110.51329,-7.86302],[110.51509,-7.8648],[110.51329,-7.86658],[110.5115,-7.8648]]],[[[110.54173,-7.86592],[110.53993,-7.86414],[110.54173,-7.86237],[110.54352,-7.86414],[110.54173,-7.86592]]],[[[110.51476,-7.85949],[110.51296,-7.85771],[110.51476,-7.85593],[110.51656,-7.85771],[110.51476,-7.85949]]],[[[110.51088,-7.8397],[110.50908,-7.83792],[110.51088,-7.83614],[110.51267,-7.83792],[110.51088,-7.8397]]],[[[110.52647,-7.8341],[110.52826,-7.83588],[110.52647,-7.83766],[110.52586,-7.83706],[110.52533,-7.83759],[110.52353,-7.83581],[110.52533,-7.83403],[110.52594,-7.83463],[110.52647,-7.8341]]],[[[110.5902,-7.8346],[110.592,-7.83282],[110.5938,-7.8346],[110.592,-7.83638],[110.5902,-7.8346]]],[[[110.5463,-7.83428],[110.5445,-7.8325],[110.5463,-7.83072],[110.5481,-7.8325],[110.5463,-7.83428]]],[[[110.495,-7.8287],[110.4968,-7.82692],[110.4986,-7.8287],[110.4968,-7.83048],[110.495,-7.8287]]],[[[110.5025,-7.82382],[110.5043,-7.8256],[110.5025,-7.82738],[110.5007,-7.8256],[110.5025,-7.82382]]],[[[110.5513,-7.82648],[110.54951,-7.82471],[110.5513,-7.82293],[110.5531,-7.82471],[110.5513,-7.82648]]],[[[110.5566,-7.82325],[110.55839,-7.82147],[110.56019,-7.82325],[110.55839,-7.82503],[110.5566,-7.82325]]],[[[110.51802,-7.81932],[110.51982,-7.81754],[110.52162,-7.81932],[110.51982,-7.8211],[110.51802,-7.81932]]],[[[110.5153,-7.81718],[110.5135,-7.8154],[110.5153,-7.81362],[110.5171,-7.8154],[110.5153,-7.81718]]],[[[110.49976,-7.81614],[110.49796,-7.81436],[110.49976,-7.81258],[110.50155,-7.81436],[110.49976,-7.81614]]],[[[110.49107,-7.81089],[110.4925,-7.81231],[110.49337,-7.81144],[110.49516,-7.81322],[110.49337,-7.815],[110.49194,-7.81359],[110.49107,-7.81445],[110.48927,-7.81267],[110.49107,-7.81089]]],[[[110.5395,-7.8125],[110.5413,-7.81072],[110.5431,-7.8125],[110.5413,-7.81428],[110.5395,-7.8125]]],[[[110.50391,-7.81191],[110.5057,-7.81014],[110.5075,-7.81191],[110.5057,-7.81369],[110.50391,-7.81191]]],[[[110.5744,-7.80998],[110.5726,-7.8082],[110.57341,-7.8074],[110.5731,-7.8071],[110.5749,-7.80532],[110.5767,-7.8071],[110.57589,-7.8079],[110.5762,-7.8082],[110.5744,-7.80998]]],[[[110.51002,-7.80321],[110.51181,-7.80499],[110.51002,-7.80677],[110.50822,-7.80499],[110.51002,-7.80321]]],[[[110.49808,-7.80156],[110.49987,-7.80334],[110.49808,-7.80512],[110.49628,-7.80334],[110.49808,-7.80156]]],[[[110.5795,-7.80148],[110.5777,-7.7997],[110.5795,-7.79792],[110.5813,-7.7997],[110.5795,-7.80148]]],[[[110.53925,-7.79951],[110.54104,-7.79773],[110.54284,-7.79951],[110.54104,-7.80129],[110.53925,-7.79951]]],[[[110.53314,-7.79852],[110.53172,-7.79993],[110.53209,-7.80029],[110.53029,-7.80207],[110.52849,-7.80029],[110.52991,-7.79888],[110.52955,-7.79852],[110.53135,-7.79674],[110.53314,-7.79852]]],[[[110.50143,-7.80075],[110.49963,-7.79897],[110.50143,-7.79719],[110.50323,-7.79897],[110.50143,-7.80075]]],[[[110.5489,-7.79758],[110.5471,-7.7958],[110.5489,-7.79402],[110.5507,-7.7958],[110.5489,-7.79758]]],[[[110.5481,-7.793],[110.5499,-7.79122],[110.5517,-7.793],[110.5499,-7.79478],[110.5481,-7.793]]],[[[110.4913,-7.7922],[110.4931,-7.79042],[110.4949,-7.7922],[110.4931,-7.79398],[110.4913,-7.7922]]],[[[110.4945,-7.79174],[110.4963,-7.78996],[110.4981,-7.79174],[110.4963,-7.79352],[110.4945,-7.79174]]],[[[110.5601,-7.7876],[110.5619,-7.78582],[110.5637,-7.7876],[110.5619,-7.78938],[110.5601,-7.7876]]],[[[110.5086,-7.7836],[110.5068,-7.78538],[110.5057,-7.78429],[110.5046,-7.78538],[110.5028,-7.7836],[110.5046,-7.78182],[110.5057,-7.78291],[110.5068,-7.78182],[110.5086,-7.7836]]],[[[110.49521,-7.76932],[110.497,-7.76754],[110.4988,-7.76932],[110.497,-7.7711],[110.49521,-7.76932]]],[[[110.6732,-8.15488],[110.6714,-8.1531],[110.6732,-8.15132],[110.675,-8.1531],[110.6732,-8.15488]]],[[[110.6818,-8.1484],[110.68169,-8.1485],[110.682,-8.1488],[110.6802,-8.15058],[110.6784,-8.1488],[110.67851,-8.1487],[110.6782,-8.1484],[110.68,-8.14662],[110.6818,-8.1484]]],[[[110.6664,-8.1404],[110.6682,-8.13862],[110.67,-8.1404],[110.6682,-8.14218],[110.6664,-8.1404]]],[[[110.6756,-8.14008],[110.6738,-8.1383],[110.6756,-8.13652],[110.6774,-8.1383],[110.6756,-8.14008]]],[[[110.6548,-8.1329],[110.6566,-8.13112],[110.6584,-8.1329],[110.6566,-8.13468],[110.6548,-8.1329]]],[[[110.6437,-8.1273],[110.6455,-8.12552],[110.6473,-8.1273],[110.6455,-8.12908],[110.6437,-8.1273]]],[[[110.6275,-8.12268],[110.6257,-8.1209],[110.6275,-8.11912],[110.6293,-8.1209],[110.6275,-8.12268]]],[[[110.6328,-8.1052],[110.63204,-8.10595],[110.6331,-8.107],[110.6313,-8.10878],[110.6295,-8.107],[110.63026,-8.10625],[110.6292,-8.1052],[110.631,-8.10342],[110.6328,-8.1052]]],[[[110.6314,-8.0992],[110.6332,-8.09742],[110.635,-8.0992],[110.6332,-8.10098],[110.6314,-8.0992]]],[[[110.6062,-8.09898],[110.6044,-8.0972],[110.6062,-8.09542],[110.608,-8.0972],[110.6062,-8.09898]]],[[[110.6156,-8.09382],[110.6174,-8.0956],[110.6156,-8.09738],[110.6138,-8.0956],[110.6156,-8.09382]]],[[[110.6115,-8.09312],[110.6133,-8.0949],[110.6115,-8.09668],[110.6097,-8.0949],[110.6115,-8.09312]]],[[[110.6467,-8.09558],[110.6449,-8.0938],[110.6467,-8.09202],[110.6485,-8.0938],[110.6467,-8.09558]]],[[[110.608,-8.0892],[110.6098,-8.08742],[110.6116,-8.0892],[110.6098,-8.09098],[110.608,-8.0892]]],[[[110.6283,-8.0872],[110.62784,-8.08765],[110.6279,-8.0877],[110.6261,-8.08948],[110.6243,-8.0877],[110.62476,-8.08725],[110.6247,-8.0872],[110.6265,-8.08542],[110.6283,-8.0872]]],[[[110.6786,-8.08282],[110.6804,-8.0846],[110.68025,-8.08475],[110.6803,-8.0848],[110.6785,-8.08658],[110.6767,-8.0848],[110.67685,-8.08465],[110.6768,-8.0846],[110.6786,-8.08282]]],[[[110.656,-8.08638],[110.6542,-8.0846],[110.656,-8.08282],[110.6578,-8.0846],[110.656,-8.08638]]],[[[110.6379,-8.08228],[110.6361,-8.0805],[110.6379,-8.07872],[110.6397,-8.0805],[110.6379,-8.08228]]],[[[110.6227,-8.0781],[110.6245,-8.07632],[110.6263,-8.0781],[110.6245,-8.07988],[110.6227,-8.0781]]],[[[110.6027,-8.0743],[110.6045,-8.07252],[110.6063,-8.0743],[110.6045,-8.07608],[110.6027,-8.0743]]],[[[110.6705,-8.07418],[110.6687,-8.0724],[110.6705,-8.07062],[110.6723,-8.0724],[110.6705,-8.07418]]],[[[110.612,-8.072],[110.6138,-8.07022],[110.6156,-8.072],[110.6138,-8.07378],[110.612,-8.072]]],[[[110.6757,-8.0715],[110.6775,-8.06972],[110.6793,-8.0715],[110.6775,-8.07328],[110.6757,-8.0715]]],[[[110.6555,-8.06958],[110.6537,-8.0678],[110.6555,-8.06602],[110.6573,-8.0678],[110.6555,-8.06958]]],[[[110.6299,-8.067],[110.6317,-8.06522],[110.6335,-8.067],[110.6317,-8.06878],[110.6299,-8.067]]],[[[110.6545,-8.0625],[110.6563,-8.06072],[110.6581,-8.0625],[110.6563,-8.06428],[110.6545,-8.0625]]],[[[110.619,-8.06258],[110.6186,-8.06218],[110.6185,-8.06228],[110.6167,-8.0605],[110.6185,-8.05872],[110.6189,-8.05912],[110.619,-8.05902],[110.6208,-8.0608],[110.619,-8.06258]]],[[[110.6532,-8.06018],[110.6514,-8.0584],[110.6532,-8.05662],[110.655,-8.0584],[110.6532,-8.06018]]],[[[110.614,-8.05928],[110.6122,-8.0575],[110.614,-8.05572],[110.6158,-8.0575],[110.614,-8.05928]]],[[[110.6393,-8.054],[110.6411,-8.05222],[110.6429,-8.054],[110.6411,-8.05578],[110.6393,-8.054]]],[[[110.667,-8.0482],[110.6688,-8.04642],[110.6706,-8.0482],[110.6688,-8.04998],[110.667,-8.0482]]],[[[110.6476,-8.03618],[110.6458,-8.0344],[110.6476,-8.03262],[110.6494,-8.0344],[110.6476,-8.03618]]],[[[110.6121,-8.0155],[110.6139,-8.01372],[110.6157,-8.0155],[110.6139,-8.01728],[110.6121,-8.0155]]],[[[110.617,-8.0127],[110.6188,-8.01092],[110.6206,-8.0127],[110.6188,-8.01448],[110.617,-8.0127]]],[[[110.6247,-8.01408],[110.6229,-8.0123],[110.6247,-8.01052],[110.6265,-8.0123],[110.6247,-8.01408]]],[[[110.6312,-8.0115],[110.633,-8.00972],[110.6348,-8.0115],[110.633,-8.01328],[110.6312,-8.0115]]],[[[110.5959,-8.0075],[110.5977,-8.00572],[110.5995,-8.0075],[110.5977,-8.00928],[110.5959,-8.0075]]],[[[110.6216,-8.00828],[110.6198,-8.0065],[110.6216,-8.00472],[110.6234,-8.0065],[110.6216,-8.00828]]],[[[110.6035,-8.0072],[110.60171,-8.00542],[110.6035,-8.00364],[110.6053,-8.00542],[110.6035,-8.0072]]],[[[110.628,-8.00718],[110.6262,-8.0054],[110.628,-8.00362],[110.6298,-8.0054],[110.628,-8.00718]]],[[[110.6701,-7.9991],[110.6719,-7.99732],[110.6737,-7.9991],[110.6719,-8.00088],[110.6701,-7.9991]]],[[[110.6443,-7.99422],[110.6461,-7.996],[110.6443,-7.99778],[110.6425,-7.996],[110.6443,-7.99422]]],[[[110.6826,-7.9944],[110.6844,-7.99262],[110.6862,-7.9944],[110.6844,-7.99618],[110.6826,-7.9944]]],[[[110.6348,-7.9906],[110.6366,-7.98882],[110.6384,-7.9906],[110.6366,-7.99238],[110.6348,-7.9906]]],[[[110.5945,-7.9865],[110.5963,-7.98472],[110.5981,-7.9865],[110.5963,-7.98828],[110.5945,-7.9865]]],[[[110.6452,-7.98798],[110.6434,-7.9862],[110.6452,-7.98442],[110.647,-7.9862],[110.6452,-7.98798]]],[[[110.5961,-7.98],[110.5979,-7.97822],[110.5997,-7.98],[110.5979,-7.98178],[110.5961,-7.98]]],[[[110.66556,-7.97474],[110.66736,-7.97296],[110.66915,-7.97474],[110.66736,-7.97652],[110.66556,-7.97474]]],[[[110.61389,-7.97493],[110.6121,-7.97315],[110.61389,-7.97137],[110.61569,-7.97315],[110.61389,-7.97493]]],[[[110.60449,-7.97076],[110.60629,-7.96898],[110.60665,-7.96934],[110.60738,-7.96862],[110.60918,-7.9704],[110.60917,-7.97041],[110.60945,-7.97068],[110.60765,-7.97246],[110.60701,-7.97182],[110.60629,-7.97254],[110.60449,-7.97076]]],[[[110.5925,-7.9703],[110.59426,-7.96856],[110.5942,-7.9685],[110.596,-7.96672],[110.5978,-7.9685],[110.59705,-7.96924],[110.59735,-7.96954],[110.59729,-7.9696],[110.5975,-7.9698],[110.5957,-7.97158],[110.59525,-7.97114],[110.5943,-7.97208],[110.5925,-7.9703]]],[[[110.63367,-7.97104],[110.63188,-7.96926],[110.63367,-7.96748],[110.63547,-7.96926],[110.63367,-7.97104]]],[[[110.6079,-7.968],[110.6097,-7.96622],[110.6115,-7.968],[110.6097,-7.96978],[110.6079,-7.968]]],[[[110.60189,-7.9647],[110.6031,-7.9659],[110.6013,-7.96768],[110.6009,-7.96729],[110.6001,-7.96808],[110.59975,-7.96774],[110.59949,-7.968],[110.6009,-7.9694],[110.5991,-7.97118],[110.5973,-7.9694],[110.59821,-7.9685],[110.5968,-7.9671],[110.59771,-7.9662],[110.5971,-7.9656],[110.59792,-7.96479],[110.5977,-7.96458],[110.5995,-7.9628],[110.59986,-7.96316],[110.6005,-7.96252],[110.6023,-7.9643],[110.60189,-7.9647]]],[[[110.62082,-7.96841],[110.61902,-7.96663],[110.62082,-7.96485],[110.62261,-7.96663],[110.62082,-7.96841]]],[[[110.67078,-7.96594],[110.67258,-7.96416],[110.67437,-7.96594],[110.67258,-7.96772],[110.67078,-7.96594]]],[[[110.60376,-7.96664],[110.60409,-7.96631],[110.60282,-7.96505],[110.60461,-7.96327],[110.60641,-7.96505],[110.60608,-7.96538],[110.60735,-7.96664],[110.60555,-7.96842],[110.60376,-7.96664]]],[[[110.60729,-7.96259],[110.6071,-7.9624],[110.6089,-7.96062],[110.6107,-7.9624],[110.60966,-7.96343],[110.61001,-7.96377],[110.60821,-7.96555],[110.60805,-7.96539],[110.60783,-7.96562],[110.60603,-7.96384],[110.60729,-7.96259]]],[[[110.6362,-7.9616],[110.638,-7.95982],[110.6398,-7.9616],[110.638,-7.96338],[110.6362,-7.9616]]],[[[110.59511,-7.96139],[110.59691,-7.95961],[110.5987,-7.96139],[110.59691,-7.96317],[110.59511,-7.96139]]],[[[110.6016,-7.96248],[110.5998,-7.9607],[110.6016,-7.95892],[110.6034,-7.9607],[110.6016,-7.96248]]],[[[110.6748,-7.95852],[110.67561,-7.95932],[110.676,-7.95894],[110.67779,-7.96072],[110.676,-7.9625],[110.67519,-7.9617],[110.6748,-7.96208],[110.673,-7.9603],[110.6748,-7.95852]]],[[[110.62814,-7.96017],[110.62994,-7.9584],[110.63173,-7.96017],[110.62994,-7.96195],[110.62814,-7.96017]]],[[[110.67071,-7.95697],[110.6725,-7.95875],[110.67071,-7.96053],[110.66891,-7.95875],[110.67071,-7.95697]]],[[[110.61851,-7.95712],[110.62031,-7.95534],[110.62211,-7.95712],[110.62031,-7.9589],[110.61851,-7.95712]]],[[[110.64708,-7.95805],[110.64529,-7.95627],[110.64708,-7.95449],[110.64888,-7.95627],[110.64708,-7.95805]]],[[[110.68017,-7.95557],[110.68007,-7.95568],[110.6802,-7.9558],[110.6784,-7.95758],[110.6766,-7.9558],[110.67661,-7.9558],[110.6762,-7.9554],[110.67737,-7.95425],[110.67658,-7.95347],[110.67572,-7.95431],[110.67393,-7.95253],[110.67572,-7.95075],[110.67695,-7.95196],[110.6778,-7.95112],[110.6791,-7.95241],[110.6801,-7.95142],[110.68055,-7.95187],[110.6809,-7.95152],[110.6827,-7.9533],[110.6809,-7.95508],[110.68045,-7.95463],[110.6801,-7.95498],[110.6788,-7.95369],[110.67854,-7.95395],[110.68017,-7.95557]]],[[[110.68384,-7.95413],[110.68564,-7.95235],[110.68744,-7.95413],[110.68564,-7.9559],[110.68384,-7.95413]]],[[[110.6055,-7.95248],[110.6037,-7.9507],[110.6055,-7.94892],[110.6073,-7.9507],[110.6055,-7.95248]]],[[[110.61852,-7.95044],[110.62031,-7.94866],[110.62211,-7.95044],[110.62031,-7.95222],[110.61852,-7.95044]]],[[[110.63091,-7.94976],[110.63271,-7.94798],[110.6345,-7.94976],[110.63271,-7.95154],[110.63091,-7.94976]]],[[[110.6044,-7.94468],[110.6026,-7.9429],[110.6044,-7.94112],[110.6062,-7.9429],[110.6044,-7.94468]]],[[[110.68253,-7.94415],[110.68074,-7.94237],[110.68253,-7.94059],[110.68433,-7.94237],[110.68253,-7.94415]]],[[[110.6427,-7.92768],[110.6409,-7.9259],[110.6427,-7.92412],[110.6445,-7.9259],[110.6427,-7.92768]]],[[[110.61709,-7.92572],[110.61833,-7.92695],[110.61653,-7.92873],[110.61474,-7.92695],[110.61651,-7.9252],[110.61527,-7.92397],[110.61707,-7.92219],[110.61886,-7.92397],[110.61709,-7.92572]]],[[[110.6844,-7.9251],[110.6862,-7.92332],[110.688,-7.9251],[110.6862,-7.92688],[110.6844,-7.9251]]],[[[110.6342,-7.92408],[110.6324,-7.9223],[110.6342,-7.92052],[110.636,-7.9223],[110.6342,-7.92408]]],[[[110.60218,-7.92052],[110.60398,-7.91874],[110.60577,-7.92052],[110.60398,-7.9223],[110.60218,-7.92052]]],[[[110.5961,-7.9197],[110.5979,-7.91792],[110.5997,-7.9197],[110.5979,-7.92148],[110.5961,-7.9197]]],[[[110.6282,-7.91788],[110.6264,-7.9161],[110.6282,-7.91432],[110.63,-7.9161],[110.6282,-7.91788]]],[[[110.6776,-7.9136],[110.6794,-7.91182],[110.6812,-7.9136],[110.6794,-7.91538],[110.6776,-7.9136]]],[[[110.61647,-7.90773],[110.61826,-7.90595],[110.62006,-7.90773],[110.61826,-7.90951],[110.61647,-7.90773]]],[[[110.6163,-7.90478],[110.6145,-7.903],[110.6163,-7.90122],[110.6181,-7.903],[110.6163,-7.90478]]],[[[110.65565,-7.89683],[110.65386,-7.89505],[110.65565,-7.89327],[110.65745,-7.89505],[110.65565,-7.89683]]],[[[110.61835,-7.89065],[110.61656,-7.88887],[110.61835,-7.88709],[110.62015,-7.88887],[110.61835,-7.89065]]],[[[110.62401,-7.88747],[110.6258,-7.88569],[110.6276,-7.88747],[110.6258,-7.88924],[110.62401,-7.88747]]],[[[110.59827,-7.88504],[110.5992,-7.88412],[110.601,-7.8859],[110.5992,-7.88768],[110.59751,-7.88601],[110.59658,-7.88693],[110.59479,-7.88515],[110.59658,-7.88337],[110.59827,-7.88504]]],[[[110.61614,-7.88685],[110.61434,-7.88507],[110.61614,-7.88329],[110.61793,-7.88507],[110.61614,-7.88685]]],[[[110.67351,-7.88326],[110.67531,-7.88148],[110.6771,-7.88326],[110.67531,-7.88504],[110.67351,-7.88326]]],[[[110.61967,-7.88156],[110.61942,-7.8818],[110.61763,-7.88002],[110.61783,-7.87982],[110.6177,-7.8797],[110.6195,-7.87792],[110.62066,-7.87906],[110.6207,-7.87902],[110.6225,-7.8808],[110.6207,-7.88258],[110.61967,-7.88156]]],[[[110.61058,-7.87912],[110.60878,-7.87734],[110.61058,-7.87556],[110.61238,-7.87734],[110.61058,-7.87912]]],[[[110.5956,-7.87529],[110.5974,-7.87351],[110.59919,-7.87529],[110.5974,-7.87707],[110.5956,-7.87529]]],[[[110.6425,-7.8747],[110.6443,-7.87292],[110.6461,-7.8747],[110.6443,-7.87648],[110.6425,-7.8747]]],[[[110.6222,-7.87248],[110.6204,-7.8707],[110.6222,-7.86892],[110.624,-7.8707],[110.6222,-7.87248]]],[[[110.61355,-7.86998],[110.61534,-7.86821],[110.61714,-7.86998],[110.61534,-7.87176],[110.61355,-7.86998]]],[[[110.61333,-7.86602],[110.61513,-7.86424],[110.61693,-7.86602],[110.61513,-7.8678],[110.61333,-7.86602]]],[[[110.6272,-7.86758],[110.6254,-7.8658],[110.6272,-7.86402],[110.629,-7.8658],[110.6272,-7.86758]]],[[[110.6793,-7.8634],[110.6811,-7.86162],[110.6829,-7.8634],[110.6811,-7.86518],[110.6793,-7.8634]]],[[[110.63782,-7.86262],[110.63777,-7.86267],[110.6383,-7.8632],[110.6365,-7.86498],[110.6347,-7.8632],[110.63476,-7.86314],[110.63423,-7.86262],[110.63603,-7.86084],[110.63782,-7.86262]]],[[[110.64599,-7.86209],[110.64778,-7.86031],[110.64958,-7.86209],[110.64778,-7.86386],[110.64599,-7.86209]]],[[[110.6242,-7.862],[110.626,-7.86022],[110.6278,-7.862],[110.626,-7.86378],[110.6242,-7.862]]],[[[110.64373,-7.85958],[110.64193,-7.86136],[110.6419,-7.86133],[110.64165,-7.86158],[110.63985,-7.8598],[110.64165,-7.85803],[110.64168,-7.85805],[110.64193,-7.8578],[110.64373,-7.85958]]],[[[110.6216,-7.86058],[110.6198,-7.8588],[110.6216,-7.85702],[110.6234,-7.8588],[110.6216,-7.86058]]],[[[110.64938,-7.85691],[110.64871,-7.85758],[110.64931,-7.85818],[110.64752,-7.85996],[110.64572,-7.85818],[110.6464,-7.85751],[110.64579,-7.85691],[110.64759,-7.85513],[110.64938,-7.85691]]],[[[110.64163,-7.83593],[110.64342,-7.83415],[110.64522,-7.83593],[110.64342,-7.83771],[110.64163,-7.83593]]],[[[110.6051,-7.83262],[110.60665,-7.83416],[110.6079,-7.83292],[110.6097,-7.8347],[110.6079,-7.83648],[110.60635,-7.83494],[110.6051,-7.83618],[110.6033,-7.8344],[110.6051,-7.83262]]],[[[110.6102,-7.82598],[110.6084,-7.8242],[110.6102,-7.82242],[110.612,-7.8242],[110.6102,-7.82598]]],[[[110.6182,-7.81978],[110.6164,-7.818],[110.6182,-7.81622],[110.62,-7.818],[110.6182,-7.81978]]],[[[110.671,-7.8164],[110.6728,-7.81462],[110.6746,-7.8164],[110.6728,-7.81818],[110.671,-7.8164]]],[[[110.6454,-7.8143],[110.6436,-7.81608],[110.6426,-7.81509],[110.6409,-7.81678],[110.6391,-7.815],[110.6409,-7.81322],[110.6419,-7.81421],[110.6436,-7.81252],[110.6454,-7.8143]]],[[[110.6003,-7.80978],[110.5985,-7.808],[110.6003,-7.80622],[110.6021,-7.808],[110.6003,-7.80978]]],[[[110.63379,-7.80494],[110.63559,-7.80672],[110.63379,-7.8085],[110.63199,-7.80672],[110.63379,-7.80494]]],[[[110.6571,-7.80482],[110.6589,-7.8066],[110.6571,-7.80838],[110.6553,-7.8066],[110.6571,-7.80482]]],[[[110.6747,-7.80538],[110.6729,-7.8036],[110.6747,-7.80182],[110.6765,-7.8036],[110.6747,-7.80538]]],[[[110.6351,-7.8023],[110.63429,-7.8031],[110.6347,-7.8035],[110.6329,-7.80528],[110.6311,-7.8035],[110.63191,-7.8027],[110.6315,-7.8023],[110.63156,-7.80225],[110.6305,-7.8012],[110.6323,-7.79942],[110.6341,-7.8012],[110.63404,-7.80125],[110.6351,-7.8023]]],[[[110.6694,-7.8023],[110.6712,-7.80052],[110.673,-7.8023],[110.6712,-7.80408],[110.6694,-7.8023]]],[[[110.6766,-7.80368],[110.6748,-7.8019],[110.6766,-7.80012],[110.6784,-7.8019],[110.6766,-7.80368]]],[[[110.63698,-7.80253],[110.63519,-7.80075],[110.63698,-7.79897],[110.63878,-7.80075],[110.63698,-7.80253]]],[[[110.6235,-7.80248],[110.6217,-7.8007],[110.6235,-7.79892],[110.6253,-7.8007],[110.6235,-7.80248]]],[[[110.6694,-7.7951],[110.6712,-7.79332],[110.673,-7.7951],[110.6712,-7.79688],[110.6694,-7.7951]]],[[[110.83115,-8.18497],[110.8313,-8.18482],[110.8331,-8.1866],[110.8313,-8.18838],[110.83115,-8.18823],[110.831,-8.18838],[110.8292,-8.1866],[110.831,-8.18482],[110.83115,-8.18497]]],[[[110.8285,-8.1751],[110.8267,-8.17332],[110.8285,-8.17154],[110.83029,-8.17332],[110.8285,-8.1751]]],[[[110.7686,-8.1699],[110.7704,-8.16812],[110.7722,-8.1699],[110.7704,-8.17168],[110.7686,-8.1699]]],[[[110.8127,-8.1659],[110.8145,-8.16412],[110.8163,-8.1659],[110.8145,-8.16768],[110.8127,-8.1659]]],[[[110.7537,-8.16658],[110.7519,-8.1648],[110.7537,-8.16302],[110.7555,-8.1648],[110.7537,-8.16658]]],[[[110.7689,-8.16212],[110.7707,-8.1639],[110.7689,-8.16568],[110.7671,-8.1639],[110.7689,-8.16212]]],[[[110.78418,-8.16252],[110.78424,-8.16258],[110.78244,-8.16436],[110.78065,-8.16258],[110.78076,-8.16246],[110.7807,-8.1624],[110.7825,-8.16062],[110.7843,-8.1624],[110.78418,-8.16252]]],[[[110.6913,-8.15988],[110.6895,-8.1581],[110.6913,-8.15632],[110.6931,-8.1581],[110.6913,-8.15988]]],[[[110.7569,-8.15708],[110.7551,-8.1553],[110.7569,-8.15352],[110.7587,-8.1553],[110.7569,-8.15708]]],[[[110.7697,-8.15528],[110.7679,-8.1535],[110.7697,-8.15172],[110.7715,-8.1535],[110.7697,-8.15528]]],[[[110.7148,-8.1511],[110.71379,-8.1521],[110.7143,-8.1526],[110.7125,-8.15438],[110.7107,-8.1526],[110.71171,-8.1516],[110.7112,-8.1511],[110.71161,-8.1507],[110.7106,-8.1497],[110.7124,-8.14792],[110.7142,-8.1497],[110.71379,-8.1501],[110.7148,-8.1511]]],[[[110.6997,-8.1499],[110.7015,-8.14812],[110.7033,-8.1499],[110.7015,-8.15168],[110.6997,-8.1499]]],[[[110.7277,-8.15108],[110.7259,-8.1493],[110.7277,-8.14752],[110.7295,-8.1493],[110.7277,-8.15108]]],[[[110.7361,-8.1492],[110.7379,-8.14742],[110.7397,-8.1492],[110.7379,-8.15098],[110.7361,-8.1492]]],[[[110.7698,-8.1491],[110.7716,-8.14732],[110.7734,-8.1491],[110.7716,-8.15088],[110.7698,-8.1491]]],[[[110.8162,-8.14632],[110.8167,-8.14682],[110.8172,-8.14632],[110.819,-8.1481],[110.8172,-8.14988],[110.8167,-8.14938],[110.8162,-8.14988],[110.8144,-8.1481],[110.8162,-8.14632]]],[[[110.7011,-8.1451],[110.7029,-8.14332],[110.7047,-8.1451],[110.7029,-8.14688],[110.7011,-8.1451]]],[[[110.6867,-8.1353],[110.6885,-8.13352],[110.6903,-8.1353],[110.6885,-8.13708],[110.6867,-8.1353]]],[[[110.7474,-8.13708],[110.7456,-8.1353],[110.7474,-8.13352],[110.7492,-8.1353],[110.7474,-8.13708]]],[[[110.7218,-8.1345],[110.7236,-8.13272],[110.7254,-8.1345],[110.7236,-8.13628],[110.7218,-8.1345]]],[[[110.7332,-8.1224],[110.735,-8.12062],[110.7368,-8.1224],[110.735,-8.12418],[110.7332,-8.1224]]],[[[110.7869,-8.12328],[110.7851,-8.1215],[110.7869,-8.11972],[110.7887,-8.1215],[110.7869,-8.12328]]],[[[110.7127,-8.1209],[110.7145,-8.11912],[110.7163,-8.1209],[110.7145,-8.12268],[110.7127,-8.1209]]],[[[110.7129,-8.1155],[110.7147,-8.11372],[110.7165,-8.1155],[110.7147,-8.11728],[110.7129,-8.1155]]],[[[110.724,-8.11588],[110.7222,-8.1141],[110.724,-8.11232],[110.7258,-8.1141],[110.724,-8.11588]]],[[[110.7027,-8.1046],[110.7045,-8.10282],[110.7063,-8.1046],[110.7045,-8.10638],[110.7027,-8.1046]]],[[[110.6928,-8.1005],[110.69179,-8.1015],[110.6927,-8.1024],[110.6909,-8.10418],[110.6891,-8.1024],[110.69011,-8.1014],[110.6892,-8.1005],[110.691,-8.09872],[110.6928,-8.1005]]],[[[110.7237,-8.10248],[110.7219,-8.1007],[110.7237,-8.09892],[110.7255,-8.1007],[110.7237,-8.10248]]],[[[110.7337,-8.095],[110.7355,-8.09322],[110.7373,-8.095],[110.7355,-8.09678],[110.7337,-8.095]]],[[[110.7644,-8.087],[110.7662,-8.08522],[110.768,-8.087],[110.7662,-8.08878],[110.7644,-8.087]]],[[[110.7026,-8.08738],[110.7008,-8.0856],[110.7026,-8.08382],[110.7044,-8.0856],[110.7026,-8.08738]]],[[[110.7769,-8.08448],[110.7751,-8.0827],[110.7769,-8.08092],[110.7787,-8.0827],[110.7769,-8.08448]]],[[[110.724,-8.08148],[110.7222,-8.0797],[110.724,-8.07792],[110.7258,-8.0797],[110.724,-8.08148]]],[[[110.7651,-8.0822],[110.7633,-8.08398],[110.7615,-8.0822],[110.7617,-8.082],[110.7617,-8.082],[110.76297,-8.08075],[110.7617,-8.0795],[110.76327,-8.07795],[110.7627,-8.07739],[110.7624,-8.07768],[110.7606,-8.0759],[110.7624,-8.07412],[110.7629,-8.07462],[110.7633,-8.07422],[110.7651,-8.076],[110.76499,-8.0761],[110.7655,-8.0766],[110.76393,-8.07815],[110.7653,-8.0795],[110.76403,-8.08075],[110.7653,-8.082],[110.7651,-8.0822],[110.7651,-8.0822]]],[[[110.7594,-8.0658],[110.75899,-8.0662],[110.7599,-8.0671],[110.7581,-8.06888],[110.7563,-8.0671],[110.75671,-8.0667],[110.7558,-8.0658],[110.7576,-8.06402],[110.7594,-8.0658]]],[[[110.705,-8.06488],[110.7032,-8.0631],[110.705,-8.06132],[110.7068,-8.0631],[110.705,-8.06488]]],[[[110.6877,-8.0602],[110.6895,-8.05842],[110.6913,-8.0602],[110.6895,-8.06198],[110.6877,-8.0602]]],[[[110.7072,-8.0576],[110.70584,-8.05895],[110.7063,-8.0594],[110.7045,-8.06118],[110.7027,-8.0594],[110.70406,-8.05805],[110.7036,-8.0576],[110.7054,-8.05582],[110.7072,-8.0576]]],[[[110.7676,-8.06028],[110.7658,-8.0585],[110.7676,-8.05672],[110.7694,-8.0585],[110.7676,-8.06028]]],[[[110.7275,-8.055],[110.7293,-8.05322],[110.7311,-8.055],[110.7293,-8.05678],[110.7275,-8.055]]],[[[110.7407,-8.0518],[110.7425,-8.05002],[110.7443,-8.0518],[110.7425,-8.05358],[110.7407,-8.0518]]],[[[110.7354,-8.04548],[110.7336,-8.0437],[110.7354,-8.04192],[110.7372,-8.0437],[110.7354,-8.04548]]],[[[110.695,-8.03598],[110.6932,-8.0342],[110.695,-8.03242],[110.6968,-8.0342],[110.695,-8.03598]]],[[[110.7027,-8.02208],[110.7009,-8.0203],[110.7027,-8.01852],[110.7045,-8.0203],[110.7027,-8.02208]]],[[[110.6887,-8.0153],[110.6905,-8.01352],[110.6923,-8.0153],[110.6905,-8.01708],[110.6887,-8.0153]]],[[[110.7234,-8.0147],[110.7252,-8.01292],[110.727,-8.0147],[110.7252,-8.01648],[110.7234,-8.0147]]],[[[110.7132,-8.01368],[110.7114,-8.0119],[110.7132,-8.01012],[110.715,-8.0119],[110.7132,-8.01368]]],[[[110.7375,-7.9982],[110.7393,-7.99642],[110.7411,-7.9982],[110.7393,-7.99998],[110.7375,-7.9982]]],[[[110.6959,-7.998],[110.6977,-7.99622],[110.6995,-7.998],[110.6977,-7.99978],[110.6959,-7.998]]],[[[110.7025,-7.9879],[110.7043,-7.98612],[110.7061,-7.9879],[110.7043,-7.98968],[110.7025,-7.9879]]],[[[110.7171,-7.98612],[110.7189,-7.9879],[110.7171,-7.98968],[110.7153,-7.9879],[110.7171,-7.98612]]],[[[110.751,-7.9874],[110.7528,-7.98562],[110.7546,-7.9874],[110.7528,-7.98918],[110.751,-7.9874]]],[[[110.7622,-7.98908],[110.7604,-7.9873],[110.7622,-7.98552],[110.764,-7.9873],[110.7622,-7.98908]]],[[[110.6928,-7.98758],[110.691,-7.9858],[110.6928,-7.98402],[110.6946,-7.9858],[110.6928,-7.98758]]],[[[110.7138,-7.98588],[110.712,-7.9841],[110.7138,-7.98232],[110.7156,-7.9841],[110.7138,-7.98588]]],[[[110.699,-7.9818],[110.7008,-7.98002],[110.7026,-7.9818],[110.7008,-7.98358],[110.699,-7.9818]]],[[[110.7363,-7.9805],[110.7381,-7.97872],[110.7399,-7.9805],[110.7381,-7.98228],[110.7363,-7.9805]]],[[[110.6889,-7.98158],[110.6871,-7.9798],[110.6889,-7.97802],[110.6907,-7.9798],[110.6889,-7.98158]]],[[[110.7088,-7.97779],[110.708,-7.97858],[110.7062,-7.9768],[110.70642,-7.97658],[110.70608,-7.97624],[110.70787,-7.97446],[110.70942,-7.97599],[110.71,-7.97542],[110.7118,-7.9772],[110.71,-7.97898],[110.7088,-7.97779]]],[[[110.7125,-7.9696],[110.7143,-7.96782],[110.71575,-7.96926],[110.717,-7.96802],[110.7188,-7.9698],[110.71869,-7.9699],[110.7193,-7.9705],[110.7175,-7.97228],[110.7159,-7.97069],[110.71509,-7.9715],[110.7154,-7.9718],[110.7136,-7.97358],[110.7118,-7.9718],[110.71291,-7.9707],[110.7126,-7.9704],[110.71296,-7.97005],[110.7125,-7.9696]]],[[[110.7213,-7.96482],[110.7219,-7.96542],[110.7223,-7.96502],[110.7241,-7.9668],[110.7223,-7.96858],[110.7217,-7.96798],[110.7213,-7.96838],[110.7212,-7.96828],[110.7211,-7.96838],[110.7193,-7.9666],[110.7211,-7.96482],[110.7212,-7.96492],[110.7213,-7.96482]]],[[[110.69251,-7.96607],[110.69431,-7.96429],[110.6961,-7.96607],[110.69431,-7.96785],[110.69251,-7.96607]]],[[[110.7075,-7.9651],[110.7057,-7.96688],[110.705,-7.96619],[110.7041,-7.96708],[110.7023,-7.9653],[110.7041,-7.96352],[110.7048,-7.96421],[110.70537,-7.96365],[110.70503,-7.96331],[110.70683,-7.96153],[110.70862,-7.96331],[110.70715,-7.96476],[110.7075,-7.9651]]],[[[110.7505,-7.96578],[110.7487,-7.964],[110.7505,-7.96222],[110.7523,-7.964],[110.7505,-7.96578]]],[[[110.68961,-7.9613],[110.69141,-7.95952],[110.6932,-7.9613],[110.69141,-7.96308],[110.68961,-7.9613]]],[[[110.69727,-7.95762],[110.69906,-7.95584],[110.70086,-7.95762],[110.69906,-7.9594],[110.69727,-7.95762]]],[[[110.7233,-7.95848],[110.7215,-7.9567],[110.7233,-7.95492],[110.7251,-7.9567],[110.7233,-7.95848]]],[[[110.7124,-7.9541],[110.7142,-7.95232],[110.716,-7.9541],[110.7142,-7.95588],[110.7124,-7.9541]]],[[[110.7165,-7.9514],[110.7183,-7.94962],[110.7201,-7.9514],[110.7183,-7.95318],[110.7165,-7.9514]]],[[[110.68672,-7.9426],[110.68492,-7.94082],[110.68672,-7.93904],[110.68852,-7.94082],[110.68672,-7.9426]]],[[[110.6904,-7.9389],[110.69032,-7.93897],[110.6906,-7.93925],[110.68881,-7.94103],[110.68701,-7.93925],[110.68708,-7.93918],[110.6868,-7.9389],[110.6886,-7.93712],[110.6904,-7.9389]]],[[[110.70383,-7.93844],[110.70562,-7.93666],[110.70742,-7.93844],[110.70562,-7.94022],[110.70383,-7.93844]]],[[[110.7137,-7.92532],[110.7155,-7.9271],[110.71514,-7.92745],[110.7161,-7.9284],[110.7143,-7.93018],[110.7125,-7.9284],[110.71286,-7.92805],[110.7119,-7.9271],[110.7137,-7.92532]]],[[[110.69921,-7.92389],[110.70101,-7.92211],[110.7028,-7.92389],[110.70101,-7.92567],[110.69921,-7.92389]]],[[[110.6897,-7.9135],[110.68839,-7.9148],[110.6888,-7.9152],[110.687,-7.91698],[110.6852,-7.9152],[110.68651,-7.9139],[110.6861,-7.9135],[110.6879,-7.91172],[110.6897,-7.9135]]],[[[110.7128,-7.91528],[110.711,-7.9135],[110.7128,-7.91172],[110.7146,-7.9135],[110.7128,-7.91528]]],[[[110.7169,-7.91308],[110.7151,-7.9113],[110.7169,-7.90952],[110.7187,-7.9113],[110.7169,-7.91308]]],[[[110.68863,-7.90803],[110.68684,-7.90625],[110.68863,-7.90447],[110.69043,-7.90625],[110.68863,-7.90803]]],[[[110.6917,-7.8972],[110.6935,-7.89542],[110.6953,-7.8972],[110.6935,-7.89898],[110.6917,-7.8972]]],[[[110.69126,-7.89534],[110.69105,-7.89555],[110.6912,-7.8957],[110.6894,-7.89748],[110.6876,-7.8957],[110.68782,-7.89549],[110.68767,-7.89534],[110.68946,-7.89356],[110.69126,-7.89534]]],[[[110.763,-7.89588],[110.7612,-7.8941],[110.763,-7.89232],[110.7648,-7.8941],[110.763,-7.89588]]],[[[110.7374,-7.8936],[110.7392,-7.89182],[110.741,-7.8936],[110.7392,-7.89538],[110.7374,-7.8936]]],[[[110.7212,-7.888],[110.723,-7.88622],[110.7248,-7.888],[110.723,-7.88978],[110.7212,-7.888]]],[[[110.7292,-7.88628],[110.7274,-7.8845],[110.7292,-7.88272],[110.731,-7.8845],[110.7292,-7.88628]]],[[[110.7457,-7.884],[110.74549,-7.8842],[110.7458,-7.8845],[110.744,-7.88628],[110.7422,-7.8845],[110.74241,-7.8843],[110.7421,-7.884],[110.7439,-7.88222],[110.7457,-7.884]]],[[[110.7133,-7.8824],[110.7151,-7.88062],[110.7169,-7.8824],[110.7151,-7.88418],[110.7133,-7.8824]]],[[[110.7089,-7.87818],[110.7071,-7.8764],[110.7089,-7.87462],[110.7107,-7.8764],[110.7089,-7.87818]]],[[[110.6909,-7.87478],[110.6891,-7.873],[110.6909,-7.87122],[110.6927,-7.873],[110.6909,-7.87478]]],[[[110.773,-7.86958],[110.7712,-7.8678],[110.773,-7.86602],[110.7748,-7.8678],[110.773,-7.86958]]],[[[110.73226,-7.86649],[110.73293,-7.86583],[110.7329,-7.8658],[110.7347,-7.86402],[110.73625,-7.86556],[110.7371,-7.86472],[110.7373,-7.86492],[110.7375,-7.86472],[110.73775,-7.86497],[110.7385,-7.86422],[110.73945,-7.86516],[110.741,-7.86362],[110.7428,-7.8654],[110.74239,-7.8658],[110.7428,-7.8662],[110.741,-7.86798],[110.73985,-7.86684],[110.7386,-7.86808],[110.73815,-7.86763],[110.7375,-7.86828],[110.7374,-7.86818],[110.7372,-7.86838],[110.73557,-7.86677],[110.73406,-7.86827],[110.73226,-7.86649]]],[[[110.7444,-7.8655],[110.7462,-7.86372],[110.748,-7.8655],[110.7462,-7.86728],[110.7444,-7.8655]]],[[[110.691,-7.86668],[110.6892,-7.8649],[110.691,-7.86312],[110.69277,-7.86487],[110.69449,-7.86316],[110.69629,-7.86494],[110.69449,-7.86672],[110.69272,-7.86497],[110.691,-7.86668]]],[[[110.7068,-7.8639],[110.7086,-7.86212],[110.7104,-7.8639],[110.7086,-7.86568],[110.7068,-7.8639]]],[[[110.7206,-7.8628],[110.7224,-7.86102],[110.7242,-7.8628],[110.7224,-7.86458],[110.7206,-7.8628]]],[[[110.7275,-7.85942],[110.7293,-7.8612],[110.7275,-7.86298],[110.7262,-7.86169],[110.7248,-7.86308],[110.723,-7.8613],[110.7248,-7.85952],[110.7261,-7.86081],[110.7275,-7.85942]]],[[[110.7712,-7.8585],[110.773,-7.85672],[110.7748,-7.8585],[110.773,-7.86028],[110.7712,-7.8585]]],[[[110.7387,-7.8575],[110.7405,-7.85572],[110.7423,-7.8575],[110.7405,-7.85928],[110.7387,-7.8575]]],[[[110.7354,-7.85868],[110.7336,-7.8569],[110.7354,-7.85512],[110.7372,-7.8569],[110.7354,-7.85868]]],[[[110.7327,-7.85768],[110.7309,-7.8559],[110.7327,-7.85412],[110.7345,-7.8559],[110.7327,-7.85768]]],[[[110.721,-7.85658],[110.7192,-7.8548],[110.721,-7.85302],[110.7228,-7.8548],[110.721,-7.85658]]],[[[110.6911,-7.8545],[110.6929,-7.85272],[110.6947,-7.8545],[110.6929,-7.85628],[110.6911,-7.8545]]],[[[110.7033,-7.8414],[110.7051,-7.83962],[110.7069,-7.8414],[110.7051,-7.84318],[110.7033,-7.8414]]],[[[110.7108,-7.839],[110.7126,-7.83722],[110.7144,-7.839],[110.7126,-7.84078],[110.7108,-7.839]]],[[[110.7808,-7.8388],[110.7826,-7.83702],[110.7844,-7.8388],[110.7826,-7.84058],[110.7808,-7.8388]]],[[[110.70135,-7.83607],[110.702,-7.83542],[110.7038,-7.8372],[110.70264,-7.83835],[110.7035,-7.8392],[110.70324,-7.83945],[110.7037,-7.8399],[110.7019,-7.84168],[110.7001,-7.8399],[110.70036,-7.83965],[110.6999,-7.8392],[110.70041,-7.8387],[110.6991,-7.8374],[110.7009,-7.83562],[110.70135,-7.83607]]],[[[110.6913,-7.83628],[110.6895,-7.8345],[110.6913,-7.83272],[110.6931,-7.8345],[110.6913,-7.83628]]],[[[110.7245,-7.8332],[110.7263,-7.83142],[110.7281,-7.8332],[110.7263,-7.83498],[110.7245,-7.8332]]],[[[110.7023,-7.8295],[110.7041,-7.82772],[110.7059,-7.8295],[110.7041,-7.83128],[110.7023,-7.8295]]],[[[110.72604,-7.83051],[110.72425,-7.82873],[110.72604,-7.82695],[110.72784,-7.82873],[110.72604,-7.83051]]],[[[110.7313,-7.8278],[110.7331,-7.82602],[110.7349,-7.8278],[110.7331,-7.82958],[110.7313,-7.8278]]],[[[110.6893,-7.8254],[110.6911,-7.82362],[110.6929,-7.8254],[110.6911,-7.82718],[110.6893,-7.8254]]],[[[110.7021,-7.82152],[110.70375,-7.82316],[110.7051,-7.82182],[110.7069,-7.8236],[110.7051,-7.82538],[110.70345,-7.82374],[110.7021,-7.82508],[110.7003,-7.8233],[110.7021,-7.82152]]],[[[110.6888,-7.8203],[110.6906,-7.81852],[110.6924,-7.8203],[110.6906,-7.82208],[110.6888,-7.8203]]],[[[110.7205,-7.8193],[110.7223,-7.81752],[110.7241,-7.8193],[110.7223,-7.82108],[110.7205,-7.8193]]],[[[110.7344,-7.81818],[110.7326,-7.8164],[110.7344,-7.81462],[110.7362,-7.8164],[110.7344,-7.81818]]],[[[110.699,-7.8161],[110.7008,-7.81432],[110.7026,-7.8161],[110.7008,-7.81788],[110.699,-7.8161]]],[[[110.7178,-7.8159],[110.7196,-7.81412],[110.7214,-7.8159],[110.7196,-7.81768],[110.7178,-7.8159]]],[[[110.7241,-7.81628],[110.7223,-7.8145],[110.7241,-7.81272],[110.7259,-7.8145],[110.7241,-7.81628]]],[[[110.7747,-7.81032],[110.7765,-7.8121],[110.7747,-7.81388],[110.7729,-7.8121],[110.7747,-7.81032]]],[[[110.7197,-7.81022],[110.7215,-7.812],[110.7197,-7.81378],[110.7179,-7.812],[110.7197,-7.81022]]]]}},{"type":"Feature","properties":{"tipe_zona":"Fasilitas Pendidikan","Satwil":"Polresta Surakarta","geofence_limit":30,"jam_mulai":"06:30","jam_selesai":"14:00"},"geometry":{"type":"MultiPolygon","coordinates":[[[[110.785,-7.56932],[110.78595,-7.57026],[110.7868,-7.56942],[110.7886,-7.5712],[110.7868,-7.57298],[110.78585,-7.57204],[110.785,-7.57288],[110.7832,-7.5711],[110.785,-7.56932]]],[[[110.7955,-7.57],[110.7973,-7.56822],[110.7991,-7.57],[110.7973,-7.57178],[110.7955,-7.57]]],[[[110.78591,-7.56799],[110.78413,-7.56976],[110.78233,-7.56798],[110.78332,-7.567],[110.7822,-7.5659],[110.78266,-7.56545],[110.7823,-7.5651],[110.7841,-7.56332],[110.78576,-7.56496],[110.7861,-7.56462],[110.7879,-7.5664],[110.7861,-7.56818],[110.78591,-7.56799]]],[[[110.7993,-7.5624],[110.79929,-7.5624],[110.7997,-7.5628],[110.7979,-7.56458],[110.7978,-7.56448],[110.7976,-7.56468],[110.7958,-7.5629],[110.79601,-7.5627],[110.7957,-7.5624],[110.79656,-7.56155],[110.7962,-7.5612],[110.798,-7.55942],[110.7994,-7.56081],[110.8007,-7.55952],[110.80095,-7.55977],[110.801,-7.55972],[110.8028,-7.5615],[110.80139,-7.5629],[110.8024,-7.5639],[110.80144,-7.56485],[110.8024,-7.5658],[110.80185,-7.56634],[110.80253,-7.56701],[110.80315,-7.5664],[110.80444,-7.56768],[110.8048,-7.56732],[110.80505,-7.56756],[110.8058,-7.56682],[110.80585,-7.56687],[110.80596,-7.56675],[110.805,-7.5658],[110.80604,-7.56477],[110.80564,-7.56438],[110.80423,-7.56578],[110.80243,-7.564],[110.80377,-7.56267],[110.8036,-7.5625],[110.8054,-7.56072],[110.80589,-7.5612],[110.80654,-7.56056],[110.80695,-7.56097],[110.8071,-7.56082],[110.8089,-7.5626],[110.80865,-7.56285],[110.8087,-7.5629],[110.80822,-7.56337],[110.80876,-7.56391],[110.80773,-7.56494],[110.8086,-7.5658],[110.80724,-7.56715],[110.8082,-7.5681],[110.80806,-7.56824],[110.80807,-7.56825],[110.8088,-7.56752],[110.8106,-7.5693],[110.8088,-7.57108],[110.80717,-7.56947],[110.80642,-7.57022],[110.80647,-7.57026],[110.80641,-7.57032],[110.8071,-7.571],[110.8053,-7.57278],[110.80455,-7.57203],[110.8044,-7.57218],[110.8026,-7.5704],[110.80302,-7.56999],[110.80267,-7.56963],[110.80274,-7.56956],[110.80164,-7.56846],[110.80149,-7.5686],[110.8023,-7.5694],[110.80225,-7.56945],[110.8024,-7.5696],[110.80199,-7.57],[110.8031,-7.5711],[110.8013,-7.57288],[110.8011,-7.57268],[110.801,-7.57278],[110.7992,-7.571],[110.79971,-7.5705],[110.7988,-7.5696],[110.79885,-7.56955],[110.7987,-7.5694],[110.79971,-7.5684],[110.7983,-7.567],[110.79916,-7.56615],[110.7988,-7.5658],[110.79976,-7.56485],[110.7988,-7.5639],[110.80016,-7.56255],[110.7993,-7.56169],[110.79894,-7.56205],[110.7993,-7.5624]]],[[[110.79095,-7.56257],[110.79,-7.56163],[110.79002,-7.56161],[110.7899,-7.5615],[110.7917,-7.55972],[110.79185,-7.55987],[110.7921,-7.55962],[110.7939,-7.5614],[110.79239,-7.5629],[110.7933,-7.5638],[110.79329,-7.56381],[110.7937,-7.56421],[110.7943,-7.56362],[110.7961,-7.5654],[110.7943,-7.56718],[110.7937,-7.56659],[110.79339,-7.5669],[110.7941,-7.5676],[110.7923,-7.56938],[110.7905,-7.5676],[110.79201,-7.5661],[110.7913,-7.5654],[110.79131,-7.56539],[110.79015,-7.56424],[110.7889,-7.56548],[110.7871,-7.5637],[110.7889,-7.56192],[110.79025,-7.56326],[110.79095,-7.56257]]],[[[110.7955,-7.55832],[110.7973,-7.5601],[110.7955,-7.56188],[110.795,-7.56139],[110.7945,-7.56188],[110.7927,-7.5601],[110.7945,-7.55832],[110.795,-7.55881],[110.7955,-7.55832]]],[[[110.8061,-7.55978],[110.8057,-7.55938],[110.8053,-7.55978],[110.80496,-7.55944],[110.80479,-7.5596],[110.8056,-7.5604],[110.8038,-7.56218],[110.802,-7.5604],[110.80357,-7.55885],[110.80277,-7.55805],[110.80456,-7.55627],[110.8047,-7.55641],[110.8055,-7.55562],[110.8073,-7.5574],[110.80729,-7.5574],[110.8076,-7.55771],[110.809,-7.55632],[110.8108,-7.5581],[110.809,-7.55988],[110.8075,-7.55839],[110.8061,-7.55978]]],[[[110.779,-7.55692],[110.7792,-7.55712],[110.7798,-7.55652],[110.7816,-7.5583],[110.78144,-7.55845],[110.7821,-7.5591],[110.7803,-7.56088],[110.77945,-7.56004],[110.779,-7.56048],[110.7772,-7.5587],[110.779,-7.55692]]],[[[110.8002,-7.55903],[110.79841,-7.55725],[110.79964,-7.55603],[110.7992,-7.5556],[110.801,-7.55382],[110.80189,-7.5547],[110.80214,-7.55445],[110.80393,-7.55623],[110.80214,-7.55801],[110.80168,-7.55756],[110.8002,-7.55903]]],[[[110.7872,-7.5519],[110.789,-7.55012],[110.78995,-7.55106],[110.7904,-7.55062],[110.7922,-7.5524],[110.7904,-7.55418],[110.78945,-7.55324],[110.78921,-7.55347],[110.79068,-7.55492],[110.7903,-7.55529],[110.79051,-7.55549],[110.78871,-7.55728],[110.78856,-7.55713],[110.78803,-7.55765],[110.7896,-7.5592],[110.78849,-7.5603],[110.7885,-7.5603],[110.7867,-7.56208],[110.7849,-7.5603],[110.78601,-7.5592],[110.786,-7.5592],[110.78727,-7.55795],[110.7857,-7.5564],[110.78714,-7.55498],[110.78708,-7.55492],[110.78867,-7.55335],[110.7872,-7.5519]]],[[[110.792,-7.55402],[110.7938,-7.5558],[110.792,-7.55758],[110.7902,-7.5558],[110.792,-7.55402]]],[[[110.79707,-7.54954],[110.79886,-7.55132],[110.79883,-7.55135],[110.79895,-7.55147],[110.7993,-7.55112],[110.7997,-7.55152],[110.8,-7.55122],[110.8018,-7.553],[110.8,-7.55478],[110.7996,-7.55438],[110.7993,-7.55468],[110.79928,-7.55466],[110.79776,-7.55617],[110.7985,-7.5569],[110.7967,-7.55868],[110.7949,-7.5569],[110.79658,-7.55524],[110.79611,-7.55477],[110.7958,-7.55508],[110.794,-7.5533],[110.7941,-7.5532],[110.7941,-7.5532],[110.79564,-7.55168],[110.79527,-7.55132],[110.79707,-7.54954]]],[[[110.7826,-7.5528],[110.7827,-7.5529],[110.78239,-7.5532],[110.7828,-7.5536],[110.78254,-7.55385],[110.7827,-7.554],[110.7809,-7.55578],[110.7791,-7.554],[110.77936,-7.55375],[110.7792,-7.5536],[110.77951,-7.5533],[110.7791,-7.5529],[110.7793,-7.5527],[110.7792,-7.5526],[110.781,-7.55082],[110.7828,-7.5526],[110.7826,-7.5528]]],[[[110.8039,-7.5531],[110.8057,-7.55132],[110.8075,-7.5531],[110.8057,-7.55488],[110.8039,-7.5531]]],[[[110.77376,-7.55275],[110.7726,-7.5516],[110.7744,-7.54982],[110.7762,-7.5516],[110.77604,-7.55175],[110.7772,-7.5529],[110.7754,-7.55468],[110.7736,-7.5529],[110.77376,-7.55275]]],[[[110.78416,-7.55135],[110.7837,-7.5509],[110.7855,-7.54912],[110.7873,-7.5509],[110.78664,-7.55155],[110.7871,-7.552],[110.7853,-7.55378],[110.7835,-7.552],[110.78416,-7.55135]]],[[[110.8026,-7.54872],[110.80269,-7.54881],[110.8042,-7.54732],[110.806,-7.5491],[110.80494,-7.55015],[110.8051,-7.5503],[110.8033,-7.55208],[110.80305,-7.55183],[110.8026,-7.55228],[110.8023,-7.55198],[110.8022,-7.55208],[110.8004,-7.5503],[110.8022,-7.54852],[110.8025,-7.54882],[110.8026,-7.54872]]],[[[110.7725,-7.54232],[110.7743,-7.5441],[110.7725,-7.54588],[110.7707,-7.5441],[110.7725,-7.54232]]],[[[110.7994,-7.54549],[110.7991,-7.54519],[110.7982,-7.54608],[110.7964,-7.5443],[110.7982,-7.54252],[110.7985,-7.54282],[110.7994,-7.54193],[110.8012,-7.54371],[110.7994,-7.54549]]],[[[110.80461,-7.54385],[110.80521,-7.54445],[110.80341,-7.54623],[110.80162,-7.54445],[110.80193,-7.54414],[110.80133,-7.54354],[110.80312,-7.54176],[110.80492,-7.54354],[110.80461,-7.54385]]],[[[110.7777,-7.53832],[110.7795,-7.5401],[110.7777,-7.54188],[110.7759,-7.5401],[110.7777,-7.53832]]],[[[110.82404,-7.58786],[110.82584,-7.58964],[110.82538,-7.5901],[110.82605,-7.59077],[110.8253,-7.59151],[110.8266,-7.5928],[110.82589,-7.5935],[110.8263,-7.5939],[110.8245,-7.59568],[110.8227,-7.5939],[110.82341,-7.5932],[110.823,-7.5928],[110.82375,-7.59206],[110.82329,-7.5916],[110.8216,-7.59328],[110.8198,-7.5915],[110.8216,-7.58972],[110.82256,-7.59067],[110.82292,-7.59031],[110.82225,-7.58964],[110.82404,-7.58786]]],[[[110.83413,-7.58473],[110.83592,-7.58295],[110.83772,-7.58473],[110.83666,-7.58578],[110.8381,-7.5872],[110.83688,-7.5884],[110.8384,-7.5899],[110.83835,-7.58995],[110.8384,-7.59],[110.8366,-7.59178],[110.83585,-7.59104],[110.83493,-7.59195],[110.8359,-7.5929],[110.8341,-7.59468],[110.8323,-7.5929],[110.83407,-7.59115],[110.8331,-7.5902],[110.8349,-7.58842],[110.8356,-7.58911],[110.83602,-7.5887],[110.83455,-7.58725],[110.833,-7.58878],[110.8312,-7.587],[110.833,-7.58522],[110.83475,-7.58695],[110.83556,-7.58615],[110.83413,-7.58473]]],[[[110.82874,-7.58685],[110.8289,-7.587],[110.8271,-7.58878],[110.8253,-7.587],[110.82596,-7.58635],[110.8258,-7.5862],[110.8276,-7.58442],[110.8294,-7.5862],[110.82874,-7.58685]]],[[[110.82498,-7.58276],[110.82678,-7.58454],[110.82498,-7.58632],[110.82319,-7.58454],[110.82498,-7.58276]]],[[[110.81225,-7.57884],[110.81045,-7.57706],[110.81117,-7.57635],[110.8111,-7.57628],[110.80992,-7.57744],[110.8083,-7.57583],[110.80739,-7.57673],[110.80712,-7.57646],[110.8066,-7.57698],[110.8048,-7.5752],[110.80644,-7.57358],[110.80591,-7.57306],[110.8077,-7.57128],[110.8095,-7.57306],[110.80839,-7.57416],[110.80902,-7.57478],[110.80992,-7.57388],[110.81023,-7.57418],[110.8114,-7.57302],[110.8132,-7.5748],[110.81248,-7.57551],[110.81405,-7.57706],[110.81225,-7.57884]]],[[[110.81453,-7.58128],[110.8144,-7.58141],[110.8146,-7.5816],[110.81399,-7.5822],[110.8143,-7.58251],[110.81454,-7.58228],[110.81611,-7.58383],[110.8165,-7.58344],[110.81729,-7.58423],[110.8175,-7.58402],[110.81822,-7.58473],[110.81882,-7.58413],[110.81975,-7.58505],[110.82091,-7.5839],[110.8195,-7.5825],[110.8195,-7.5825],[110.8194,-7.5824],[110.81981,-7.582],[110.81915,-7.58134],[110.8176,-7.58288],[110.81672,-7.58201],[110.81645,-7.58228],[110.81466,-7.5805],[110.81645,-7.57872],[110.81733,-7.57959],[110.81747,-7.57945],[110.81655,-7.57854],[110.8154,-7.57968],[110.8136,-7.5779],[110.81439,-7.57712],[110.81347,-7.5762],[110.8146,-7.57509],[110.8139,-7.5744],[110.8157,-7.57262],[110.8175,-7.5744],[110.81739,-7.57451],[110.81885,-7.57595],[110.81886,-7.57595],[110.8188,-7.57589],[110.82059,-7.57411],[110.82221,-7.57571],[110.8231,-7.57482],[110.82445,-7.57616],[110.82476,-7.57586],[110.8243,-7.5754],[110.82583,-7.57388],[110.82542,-7.57347],[110.8246,-7.57428],[110.8228,-7.5725],[110.82366,-7.57165],[110.82295,-7.57094],[110.8216,-7.57228],[110.8198,-7.5705],[110.82053,-7.56978],[110.81909,-7.56836],[110.82059,-7.56687],[110.8204,-7.56669],[110.8191,-7.56798],[110.81775,-7.56664],[110.81709,-7.56729],[110.81735,-7.56755],[110.81555,-7.56933],[110.81376,-7.56755],[110.81466,-7.56665],[110.8146,-7.56659],[110.8138,-7.56738],[110.8129,-7.56649],[110.8118,-7.56758],[110.81,-7.5658],[110.8118,-7.56402],[110.8127,-7.56491],[110.81321,-7.5644],[110.8125,-7.5637],[110.81276,-7.56345],[110.81271,-7.56341],[110.81212,-7.56399],[110.81032,-7.56221],[110.81042,-7.56211],[110.8104,-7.5621],[110.8122,-7.56032],[110.81391,-7.56201],[110.8144,-7.56152],[110.81454,-7.56166],[110.81455,-7.56165],[110.8143,-7.5614],[110.81571,-7.56001],[110.8155,-7.5598],[110.81555,-7.55975],[110.8155,-7.5597],[110.8173,-7.55792],[110.81753,-7.55815],[110.81809,-7.55759],[110.81659,-7.5561],[110.81838,-7.55431],[110.82018,-7.5561],[110.81902,-7.55724],[110.8198,-7.55801],[110.8207,-7.55712],[110.8225,-7.5589],[110.82142,-7.55996],[110.82145,-7.55999],[110.81966,-7.56178],[110.81856,-7.56069],[110.81853,-7.56072],[110.81835,-7.56054],[110.81769,-7.56119],[110.8179,-7.5614],[110.81785,-7.56145],[110.8181,-7.5617],[110.81729,-7.5625],[110.8183,-7.56351],[110.8197,-7.56212],[110.82085,-7.56326],[110.8212,-7.56292],[110.82155,-7.56327],[110.8219,-7.56292],[110.82218,-7.5632],[110.82304,-7.56234],[110.82484,-7.56412],[110.82312,-7.56583],[110.8232,-7.5659],[110.82214,-7.56695],[110.8232,-7.568],[110.82204,-7.56915],[110.82265,-7.56976],[110.82336,-7.56905],[110.8232,-7.5689],[110.825,-7.56712],[110.82555,-7.56766],[110.82641,-7.56681],[110.8264,-7.5668],[110.8282,-7.56502],[110.82905,-7.56586],[110.8296,-7.56532],[110.8314,-7.5671],[110.8306,-7.56789],[110.83061,-7.5679],[110.83039,-7.56812],[110.83096,-7.56869],[110.82917,-7.57047],[110.82869,-7.57],[110.82859,-7.5701],[110.8297,-7.5712],[110.8279,-7.57298],[110.82761,-7.57269],[110.82639,-7.57391],[110.82741,-7.57491],[110.8275,-7.57482],[110.8278,-7.57511],[110.8292,-7.57372],[110.82975,-7.57427],[110.8298,-7.57422],[110.83099,-7.5754],[110.83135,-7.57505],[110.831,-7.5747],[110.8328,-7.57292],[110.83299,-7.57311],[110.83308,-7.57301],[110.83309,-7.57302],[110.83379,-7.57233],[110.83367,-7.57221],[110.83465,-7.57124],[110.8343,-7.57089],[110.8335,-7.57168],[110.83295,-7.57114],[110.8321,-7.57198],[110.8303,-7.5702],[110.83196,-7.56855],[110.8311,-7.5677],[110.83242,-7.5664],[110.83104,-7.56504],[110.8309,-7.56518],[110.8291,-7.5634],[110.82956,-7.56295],[110.8294,-7.56279],[110.8277,-7.56448],[110.8265,-7.56329],[110.826,-7.56378],[110.8242,-7.562],[110.82431,-7.56189],[110.8229,-7.5605],[110.82316,-7.56025],[110.8223,-7.5594],[110.8241,-7.55762],[110.8259,-7.5594],[110.82564,-7.55965],[110.8265,-7.5605],[110.82639,-7.56061],[110.8266,-7.56081],[110.82691,-7.5605],[110.8267,-7.5603],[110.82676,-7.56025],[110.8262,-7.5597],[110.82678,-7.55913],[110.82551,-7.55788],[110.82731,-7.5561],[110.82892,-7.55769],[110.8301,-7.55652],[110.83019,-7.55661],[110.83063,-7.55617],[110.83159,-7.55712],[110.8317,-7.55702],[110.83175,-7.55707],[110.8319,-7.55692],[110.8323,-7.55732],[110.8324,-7.55722],[110.8342,-7.559],[110.83395,-7.55924],[110.83422,-7.5595],[110.83295,-7.56076],[110.8341,-7.5619],[110.83374,-7.56225],[110.83467,-7.56318],[110.83432,-7.56353],[110.83485,-7.56406],[110.8359,-7.56302],[110.83726,-7.56436],[110.8374,-7.56422],[110.83752,-7.56433],[110.8383,-7.56356],[110.83848,-7.56373],[110.8388,-7.56342],[110.83906,-7.56367],[110.84061,-7.56213],[110.84201,-7.56351],[110.8423,-7.56322],[110.84375,-7.56466],[110.84501,-7.5634],[110.8442,-7.5626],[110.846,-7.56082],[110.8474,-7.56221],[110.8488,-7.56082],[110.8506,-7.5626],[110.84999,-7.5632],[110.8503,-7.5635],[110.8485,-7.56528],[110.8482,-7.56499],[110.8468,-7.56638],[110.84675,-7.56633],[110.8467,-7.56638],[110.84615,-7.56584],[110.8452,-7.56678],[110.84375,-7.56534],[110.8423,-7.56678],[110.8413,-7.56579],[110.8406,-7.56648],[110.83995,-7.56584],[110.8388,-7.56698],[110.83862,-7.5668],[110.8385,-7.56692],[110.83895,-7.56737],[110.83982,-7.56651],[110.84062,-7.5673],[110.8414,-7.56652],[110.8432,-7.5683],[110.84279,-7.5687],[110.8431,-7.569],[110.8413,-7.57078],[110.8402,-7.56969],[110.83994,-7.56995],[110.8415,-7.5715],[110.8397,-7.57328],[110.83961,-7.57319],[110.8381,-7.57468],[110.838,-7.57458],[110.8376,-7.57498],[110.83604,-7.57343],[110.83598,-7.57348],[110.8361,-7.5736],[110.83494,-7.57475],[110.8354,-7.5752],[110.83489,-7.5757],[110.8359,-7.5767],[110.83539,-7.5772],[110.8357,-7.5775],[110.83394,-7.57924],[110.834,-7.5793],[110.83319,-7.5801],[110.8339,-7.58081],[110.8347,-7.58002],[110.83507,-7.58039],[110.83573,-7.57973],[110.8352,-7.5792],[110.83586,-7.57855],[110.8355,-7.5782],[110.8373,-7.57642],[110.8391,-7.5782],[110.83844,-7.57885],[110.8388,-7.5792],[110.83767,-7.58032],[110.8382,-7.58085],[110.8364,-7.58263],[110.83603,-7.58226],[110.8347,-7.58358],[110.83328,-7.58217],[110.83187,-7.58357],[110.8323,-7.584],[110.8305,-7.58578],[110.8287,-7.584],[110.83041,-7.5823],[110.82998,-7.58188],[110.83069,-7.58118],[110.8304,-7.5809],[110.83062,-7.58068],[110.82971,-7.57978],[110.82964,-7.57985],[110.8305,-7.5807],[110.8287,-7.58248],[110.82808,-7.58186],[110.82743,-7.5825],[110.82564,-7.58072],[110.82598,-7.58038],[110.82529,-7.57969],[110.825,-7.57998],[110.82324,-7.57824],[110.8231,-7.57838],[110.82155,-7.57684],[110.82069,-7.5777],[110.8215,-7.5785],[110.82079,-7.57921],[110.82126,-7.57968],[110.82177,-7.57917],[110.82357,-7.58095],[110.82255,-7.58196],[110.823,-7.5824],[110.823,-7.5824],[110.8231,-7.5825],[110.82189,-7.5837],[110.8233,-7.5851],[110.8233,-7.5851],[110.8235,-7.5853],[110.8217,-7.58708],[110.82057,-7.58596],[110.82051,-7.58602],[110.8206,-7.5861],[110.8188,-7.58788],[110.818,-7.58709],[110.8175,-7.58758],[110.81671,-7.5868],[110.8165,-7.587],[110.81493,-7.58545],[110.81454,-7.58584],[110.81293,-7.58425],[110.8127,-7.58448],[110.8114,-7.58319],[110.8107,-7.58388],[110.8089,-7.5821],[110.80961,-7.5814],[110.8086,-7.5804],[110.8104,-7.57862],[110.81201,-7.58022],[110.81273,-7.5795],[110.81453,-7.58128]],[[110.81834,-7.57675],[110.819,-7.57741],[110.81962,-7.57681],[110.81895,-7.57615],[110.81834,-7.57675]],[[110.8164,-7.57709],[110.81639,-7.5771],[110.81675,-7.57746],[110.81676,-7.57745],[110.8164,-7.57709]],[[110.8186,-7.57919],[110.81803,-7.57975],[110.81905,-7.58076],[110.81961,-7.5802],[110.8186,-7.57919]],[[110.81876,-7.56475],[110.8184,-7.56439],[110.81719,-7.5656],[110.81755,-7.56596],[110.81876,-7.56475]],[[110.82005,-7.56534],[110.82004,-7.56535],[110.8201,-7.56541],[110.82011,-7.5654],[110.82005,-7.56534]],[[110.82762,-7.56926],[110.8274,-7.56948],[110.82735,-7.56943],[110.8269,-7.56988],[110.82635,-7.56934],[110.82564,-7.57005],[110.8258,-7.5702],[110.82494,-7.57105],[110.82531,-7.57142],[110.82612,-7.57061],[110.82641,-7.57089],[110.82784,-7.56948],[110.82762,-7.56926]],[[110.8154,-7.56541],[110.8154,-7.56541],[110.81601,-7.5648],[110.81601,-7.5648],[110.8154,-7.56541]],[[110.83054,-7.55964],[110.83018,-7.56],[110.8313,-7.56111],[110.83171,-7.5607],[110.83069,-7.55968],[110.83063,-7.55974],[110.83054,-7.55964]],[[110.82991,-7.55991],[110.82992,-7.5599],[110.82976,-7.55974],[110.82974,-7.55975],[110.82991,-7.55991]],[[110.83212,-7.5776],[110.83216,-7.57756],[110.8321,-7.5775],[110.83249,-7.57712],[110.83148,-7.57612],[110.83135,-7.57625],[110.8314,-7.5763],[110.83029,-7.5774],[110.8307,-7.57781],[110.83101,-7.5775],[110.83123,-7.57772],[110.83174,-7.57722],[110.83212,-7.5776]],[[110.82639,-7.5778],[110.82654,-7.57795],[110.8268,-7.57769],[110.82665,-7.57754],[110.82639,-7.5778]],[[110.82753,-7.57835],[110.8284,-7.57921],[110.82846,-7.57915],[110.8276,-7.5783],[110.82807,-7.57784],[110.82806,-7.57783],[110.82753,-7.57835]],[[110.83958,-7.56983],[110.83897,-7.56922],[110.8381,-7.57008],[110.838,-7.56998],[110.8372,-7.57078],[110.83701,-7.57059],[110.83631,-7.57127],[110.83703,-7.57198],[110.8376,-7.57142],[110.8377,-7.57152],[110.8381,-7.57112],[110.83819,-7.57121],[110.83958,-7.56983]],[[110.83389,-7.5685],[110.8347,-7.56931],[110.83541,-7.5686],[110.8346,-7.5678],[110.83516,-7.56725],[110.8337,-7.5658],[110.83441,-7.5651],[110.83435,-7.56504],[110.8333,-7.56608],[110.8332,-7.56598],[110.83308,-7.5661],[110.8347,-7.5677],[110.83389,-7.5685]]],[[[110.8166,-7.57198],[110.8148,-7.5702],[110.8166,-7.56842],[110.81665,-7.56847],[110.8173,-7.56782],[110.8191,-7.5696],[110.81884,-7.56985],[110.8196,-7.5706],[110.8178,-7.57238],[110.817,-7.57159],[110.8166,-7.57198]]],[[[110.83732,-7.55772],[110.83911,-7.5595],[110.83732,-7.56128],[110.83703,-7.561],[110.83679,-7.56125],[110.83555,-7.56003],[110.8354,-7.56018],[110.8336,-7.5584],[110.8354,-7.55662],[110.83663,-7.55784],[110.83679,-7.55769],[110.83707,-7.55797],[110.83732,-7.55772]]],[[[110.8237,-7.5538],[110.82274,-7.55475],[110.8241,-7.5561],[110.8223,-7.55788],[110.8205,-7.5561],[110.82146,-7.55515],[110.8201,-7.5538],[110.8219,-7.55202],[110.8237,-7.5538]]],[[[110.8282,-7.55202],[110.83,-7.5538],[110.8282,-7.55558],[110.8264,-7.5538],[110.8282,-7.55202]]],[[[110.80958,-7.55188],[110.81004,-7.55143],[110.8089,-7.5503],[110.81051,-7.5487],[110.81015,-7.54834],[110.809,-7.54948],[110.8072,-7.5477],[110.809,-7.54592],[110.81025,-7.54716],[110.8114,-7.54602],[110.8132,-7.5478],[110.81222,-7.54877],[110.81229,-7.54885],[110.81387,-7.54728],[110.8142,-7.54761],[110.81569,-7.54613],[110.81675,-7.54718],[110.81691,-7.54701],[110.81871,-7.54879],[110.81691,-7.55058],[110.81586,-7.54953],[110.81569,-7.54969],[110.81536,-7.54937],[110.81489,-7.54983],[110.8159,-7.55084],[110.81411,-7.55262],[110.81394,-7.55245],[110.81344,-7.55295],[110.81415,-7.55366],[110.8158,-7.55202],[110.8176,-7.5538],[110.8158,-7.55558],[110.81425,-7.55404],[110.81314,-7.55515],[110.8138,-7.5558],[110.812,-7.55758],[110.8102,-7.5558],[110.81146,-7.55455],[110.8108,-7.5539],[110.81121,-7.55349],[110.80958,-7.55188]]],[[[110.82931,-7.54599],[110.83083,-7.54449],[110.83263,-7.54627],[110.83255,-7.54635],[110.8326,-7.5464],[110.8308,-7.54818],[110.83017,-7.54755],[110.82965,-7.54807],[110.8303,-7.54871],[110.8306,-7.54842],[110.831,-7.54882],[110.8315,-7.54832],[110.83255,-7.54936],[110.83307,-7.54884],[110.83372,-7.54949],[110.8348,-7.54842],[110.8366,-7.5502],[110.83644,-7.55036],[110.838,-7.5519],[110.8362,-7.55368],[110.8344,-7.5519],[110.83456,-7.55174],[110.83426,-7.55144],[110.8339,-7.55179],[110.83398,-7.55187],[110.83218,-7.55365],[110.83072,-7.5522],[110.83035,-7.55257],[110.82855,-7.55079],[110.82868,-7.55066],[110.82835,-7.55034],[110.8273,-7.55138],[110.82607,-7.55016],[110.82581,-7.55042],[110.8272,-7.5518],[110.8254,-7.55358],[110.8236,-7.5518],[110.82411,-7.5513],[110.82272,-7.54993],[110.82353,-7.54912],[110.8233,-7.5489],[110.8251,-7.54712],[110.82655,-7.54856],[110.8273,-7.54782],[110.82835,-7.54886],[110.82848,-7.54873],[110.82693,-7.5472],[110.82873,-7.54542],[110.82931,-7.54599]]],[[[110.8208,-7.5465],[110.8226,-7.54472],[110.8244,-7.5465],[110.8226,-7.54828],[110.8208,-7.5465]]],[[[110.82089,-7.5431],[110.8216,-7.5438],[110.8198,-7.54558],[110.8194,-7.54518],[110.8191,-7.54548],[110.819,-7.54538],[110.8189,-7.54548],[110.81764,-7.54423],[110.81701,-7.54485],[110.81521,-7.54307],[110.81701,-7.54129],[110.81807,-7.54234],[110.8198,-7.54062],[110.8216,-7.5424],[110.82089,-7.5431]]],[[[110.8043,-7.53648],[110.8038,-7.53599],[110.80309,-7.53669],[110.8031,-7.5367],[110.80204,-7.53775],[110.8035,-7.5392],[110.80259,-7.5401],[110.8032,-7.5407],[110.8014,-7.54248],[110.80095,-7.54204],[110.8004,-7.54258],[110.7986,-7.5408],[110.80006,-7.53936],[110.7999,-7.5392],[110.80096,-7.53815],[110.7995,-7.5367],[110.80101,-7.53521],[110.801,-7.5352],[110.8028,-7.53342],[110.8033,-7.53391],[110.8043,-7.53292],[110.80555,-7.53416],[110.80598,-7.53373],[110.80778,-7.53552],[110.80689,-7.5364],[110.80725,-7.53676],[110.8073,-7.53672],[110.8091,-7.5385],[110.80829,-7.5393],[110.80975,-7.54076],[110.8104,-7.54012],[110.8119,-7.54161],[110.8129,-7.54062],[110.8134,-7.54111],[110.8148,-7.53972],[110.8166,-7.5415],[110.81645,-7.54164],[110.81654,-7.54173],[110.81474,-7.54351],[110.81416,-7.54293],[110.8129,-7.54418],[110.8114,-7.54269],[110.81044,-7.54365],[110.8112,-7.5444],[110.8094,-7.54618],[110.8076,-7.5444],[110.80835,-7.54366],[110.80718,-7.5425],[110.80755,-7.54213],[110.8063,-7.5409],[110.80711,-7.5401],[110.80665,-7.53964],[110.8061,-7.54018],[110.8043,-7.5384],[110.80481,-7.5379],[110.8045,-7.5376],[110.8054,-7.53671],[110.80473,-7.53605],[110.8043,-7.53648]]],[[[110.81321,-7.53932],[110.8133,-7.5394],[110.8115,-7.54118],[110.8097,-7.5394],[110.80988,-7.53922],[110.8098,-7.53914],[110.81159,-7.53736],[110.81339,-7.53914],[110.81321,-7.53932]]],[[[110.81837,-7.53786],[110.817,-7.5365],[110.8188,-7.53472],[110.8206,-7.5365],[110.81975,-7.53734],[110.82023,-7.53782],[110.82153,-7.53654],[110.82332,-7.53832],[110.82153,-7.5401],[110.82061,-7.5392],[110.81932,-7.54048],[110.81752,-7.5387],[110.81837,-7.53786]]],[[[110.83241,-7.53501],[110.83421,-7.53679],[110.83241,-7.53857],[110.83062,-7.53679],[110.83241,-7.53501]]],[[[110.8335,-7.5349],[110.8353,-7.53312],[110.8371,-7.5349],[110.8353,-7.53668],[110.8335,-7.5349]]],[[[110.8235,-7.52942],[110.8245,-7.53041],[110.8262,-7.52872],[110.828,-7.5305],[110.82638,-7.5321],[110.8277,-7.5334],[110.8259,-7.53518],[110.8241,-7.5334],[110.82572,-7.5318],[110.8252,-7.53129],[110.82514,-7.53135],[110.8254,-7.5316],[110.8236,-7.53338],[110.82265,-7.53244],[110.8225,-7.53258],[110.82245,-7.53253],[110.8217,-7.53328],[110.8216,-7.53319],[110.8208,-7.53398],[110.819,-7.5322],[110.8208,-7.53042],[110.8209,-7.53051],[110.82162,-7.5298],[110.8205,-7.5287],[110.8223,-7.52692],[110.8241,-7.5287],[110.82314,-7.52965],[110.8232,-7.52971],[110.8235,-7.52942]]],[[[110.8143,-7.5284],[110.8161,-7.52662],[110.8179,-7.5284],[110.8161,-7.53018],[110.8143,-7.5284]]],[[[110.84198,-7.57523],[110.84204,-7.57528],[110.8428,-7.57452],[110.843,-7.57471],[110.8443,-7.57342],[110.8461,-7.5752],[110.8443,-7.57698],[110.8441,-7.57679],[110.8428,-7.57808],[110.84275,-7.57803],[110.84198,-7.57879],[110.84019,-7.57701],[110.84198,-7.57523]]],[[[110.84143,-7.57218],[110.84183,-7.57178],[110.84173,-7.57168],[110.84202,-7.57139],[110.84189,-7.57125],[110.84368,-7.56947],[110.84548,-7.57125],[110.84519,-7.57154],[110.84533,-7.57168],[110.84492,-7.57208],[110.84502,-7.57218],[110.84323,-7.57396],[110.84143,-7.57218]]],[[[110.8551,-7.56742],[110.8569,-7.5692],[110.8551,-7.57098],[110.8533,-7.5692],[110.8551,-7.56742]]],[[[110.8458,-7.5682],[110.8476,-7.56642],[110.8494,-7.5682],[110.8476,-7.56998],[110.8458,-7.5682]]],[[[110.85263,-7.56499],[110.85442,-7.56677],[110.85263,-7.56855],[110.85083,-7.56677],[110.85263,-7.56499]]],[[[110.8517,-7.5611],[110.8535,-7.55932],[110.8553,-7.5611],[110.8535,-7.56288],[110.8517,-7.5611]]],[[[110.8438,-7.55792],[110.8456,-7.5597],[110.8438,-7.56148],[110.842,-7.5597],[110.8438,-7.55792]]],[[[110.8568,-7.55772],[110.8586,-7.5595],[110.8568,-7.56128],[110.855,-7.5595],[110.8568,-7.55772]]],[[[110.8423,-7.5584],[110.84211,-7.55859],[110.84222,-7.5587],[110.84042,-7.56048],[110.83862,-7.5587],[110.83882,-7.55851],[110.8387,-7.5584],[110.8405,-7.55662],[110.8423,-7.5584]]],[[[110.8454,-7.55888],[110.8436,-7.5571],[110.8454,-7.55532],[110.8463,-7.55621],[110.8469,-7.55562],[110.8487,-7.5574],[110.8469,-7.55918],[110.846,-7.55829],[110.8454,-7.55888]]],[[[110.8671,-7.55442],[110.8689,-7.5562],[110.8671,-7.55798],[110.8653,-7.5562],[110.8671,-7.55442]]],[[[110.8416,-7.5551],[110.8415,-7.5552],[110.8416,-7.5553],[110.8398,-7.55708],[110.838,-7.5553],[110.8381,-7.5552],[110.838,-7.5551],[110.8398,-7.55332],[110.8416,-7.5551]]],[[[110.8508,-7.55608],[110.85041,-7.55569],[110.8488,-7.55728],[110.847,-7.5555],[110.8488,-7.55372],[110.84919,-7.55411],[110.8508,-7.55252],[110.8526,-7.5543],[110.8508,-7.55608]]],[[[110.841,-7.553],[110.8428,-7.55122],[110.8446,-7.553],[110.8428,-7.55478],[110.841,-7.553]]],[[[110.86539,-7.5525],[110.8657,-7.5528],[110.8639,-7.55458],[110.8621,-7.5528],[110.86301,-7.5519],[110.8627,-7.5516],[110.8645,-7.54982],[110.8663,-7.5516],[110.86539,-7.5525]]],[[[110.83605,-7.54296],[110.8378,-7.54122],[110.8396,-7.543],[110.83813,-7.54445],[110.8395,-7.5458],[110.83783,-7.54745],[110.8384,-7.54801],[110.8388,-7.54762],[110.8406,-7.5494],[110.8388,-7.55118],[110.8378,-7.55019],[110.8374,-7.55058],[110.8356,-7.5488],[110.83727,-7.54715],[110.8359,-7.5458],[110.83737,-7.54435],[110.83685,-7.54384],[110.8351,-7.54558],[110.8333,-7.5438],[110.8351,-7.54202],[110.83605,-7.54296]]],[[[110.8486,-7.54432],[110.8504,-7.5461],[110.8486,-7.54788],[110.8468,-7.5461],[110.8486,-7.54432]]],[[[110.84345,-7.54285],[110.8436,-7.543],[110.8418,-7.54478],[110.84,-7.543],[110.84015,-7.54285],[110.84,-7.5427],[110.8418,-7.54092],[110.8436,-7.5427],[110.84345,-7.54285]]],[[[110.8509,-7.5396],[110.8508,-7.5397],[110.8509,-7.5398],[110.8491,-7.54158],[110.8473,-7.5398],[110.8474,-7.5397],[110.8473,-7.5396],[110.8491,-7.53782],[110.8509,-7.5396]]],[[[110.8438,-7.53332],[110.8456,-7.5351],[110.8438,-7.53688],[110.842,-7.5351],[110.8438,-7.53332]]]]}},{"type":"Feature","properties":{"tipe_zona":"Fasilitas Pendidikan","Satwil":"Polrestabes Bandung","geofence_limit":30,"jam_mulai":"06:30","jam_selesai":"14:00"},"geometry":{"type":"MultiPolygon","coordinates":[[[[107.5845,-6.9548],[107.58324,-6.95605],[107.5845,-6.9573],[107.5827,-6.95908],[107.5809,-6.9573],[107.58216,-6.95605],[107.5809,-6.9548],[107.5827,-6.95302],[107.5845,-6.9548]]],[[[107.5762,-6.952],[107.578,-6.95022],[107.5798,-6.952],[107.578,-6.95378],[107.5762,-6.952]]],[[[107.57324,-6.9522],[107.57145,-6.95042],[107.57324,-6.94864],[107.57504,-6.95042],[107.57324,-6.9522]]],[[[107.5826,-6.9484],[107.5844,-6.94662],[107.5862,-6.9484],[107.5844,-6.95018],[107.5826,-6.9484]]],[[[107.5587,-6.9469],[107.5605,-6.94512],[107.5623,-6.9469],[107.5605,-6.94868],[107.5587,-6.9469]]],[[[107.5678,-6.9463],[107.5696,-6.94452],[107.5714,-6.9463],[107.5696,-6.94808],[107.5678,-6.9463]]],[[[107.5771,-6.9458],[107.5789,-6.94402],[107.57925,-6.94437],[107.5793,-6.94432],[107.57951,-6.94453],[107.58021,-6.94383],[107.58165,-6.94525],[107.5834,-6.94352],[107.5852,-6.9453],[107.5834,-6.94708],[107.58196,-6.94566],[107.58186,-6.94576],[107.582,-6.9459],[107.5802,-6.94768],[107.57985,-6.94734],[107.5793,-6.94788],[107.57895,-6.94753],[107.5789,-6.94758],[107.5771,-6.9458]]],[[[107.5641,-6.9455],[107.56426,-6.94535],[107.5637,-6.9448],[107.5655,-6.94302],[107.5673,-6.9448],[107.56714,-6.94495],[107.5677,-6.9455],[107.5659,-6.94728],[107.5641,-6.9455]]],[[[107.567,-6.9425],[107.5688,-6.94072],[107.5706,-6.9425],[107.5688,-6.94428],[107.567,-6.9425]]],[[[107.5747,-6.9401],[107.5765,-6.93832],[107.5783,-6.9401],[107.57654,-6.94184],[107.5767,-6.942],[107.5749,-6.94378],[107.57462,-6.94351],[107.57412,-6.94401],[107.57232,-6.94223],[107.57412,-6.94044],[107.57439,-6.94072],[107.57486,-6.94026],[107.5747,-6.9401]]],[[[107.5833,-6.9426],[107.58335,-6.94255],[107.5833,-6.9425],[107.58507,-6.94075],[107.5834,-6.9391],[107.58362,-6.93888],[107.58311,-6.93838],[107.58491,-6.93659],[107.58671,-6.93838],[107.58649,-6.93859],[107.587,-6.9391],[107.58523,-6.94085],[107.5869,-6.9425],[107.58685,-6.94255],[107.5869,-6.9426],[107.5851,-6.94438],[107.5833,-6.9426]]],[[[107.5628,-6.9397],[107.56331,-6.9392],[107.5627,-6.9386],[107.5645,-6.93682],[107.5663,-6.9386],[107.56579,-6.9391],[107.5664,-6.9397],[107.5646,-6.94148],[107.5628,-6.9397]]],[[[107.5667,-6.9389],[107.5685,-6.93712],[107.5703,-6.9389],[107.5685,-6.94068],[107.5667,-6.9389]]],[[[107.55944,-6.94057],[107.55764,-6.94235],[107.55584,-6.94057],[107.55687,-6.93955],[107.5555,-6.9382],[107.5573,-6.93642],[107.55749,-6.93661],[107.5591,-6.93502],[107.5596,-6.93551],[107.5611,-6.93402],[107.5629,-6.9358],[107.56249,-6.9362],[107.5631,-6.9368],[107.5613,-6.93858],[107.5602,-6.93749],[107.5591,-6.93858],[107.55891,-6.93839],[107.55807,-6.93922],[107.55944,-6.94057]]],[[[107.5709,-6.9373],[107.5727,-6.93552],[107.5745,-6.9373],[107.5727,-6.93908],[107.5709,-6.9373]]],[[[107.5673,-6.93452],[107.5691,-6.9363],[107.5673,-6.93808],[107.5655,-6.9363],[107.5673,-6.93452]]],[[[107.55266,-6.93605],[107.5515,-6.9349],[107.5533,-6.93312],[107.5551,-6.9349],[107.55405,-6.93594],[107.55521,-6.93709],[107.55341,-6.93887],[107.55162,-6.93709],[107.55266,-6.93605]]],[[[107.5617,-6.9345],[107.5635,-6.93272],[107.5653,-6.9345],[107.5635,-6.93628],[107.5617,-6.9345]]],[[[107.5699,-6.9329],[107.5717,-6.93112],[107.5735,-6.9329],[107.5717,-6.93468],[107.5699,-6.9329]]],[[[107.5824,-6.9324],[107.5842,-6.93062],[107.586,-6.9324],[107.5842,-6.93418],[107.5824,-6.9324]]],[[[107.5664,-6.9295],[107.5682,-6.92772],[107.57,-6.9295],[107.5682,-6.93128],[107.5664,-6.9295]]],[[[107.5834,-6.9295],[107.58431,-6.9286],[107.5831,-6.9274],[107.5849,-6.92562],[107.5852,-6.92591],[107.5854,-6.92572],[107.5872,-6.9275],[107.58609,-6.9286],[107.587,-6.9295],[107.5852,-6.93128],[107.5834,-6.9295]]],[[[107.5803,-6.92661],[107.5809,-6.92602],[107.5827,-6.9278],[107.5809,-6.92958],[107.57975,-6.92844],[107.5787,-6.92948],[107.5769,-6.9277],[107.57736,-6.92725],[107.577,-6.9269],[107.5788,-6.92512],[107.5803,-6.92661]]],[[[107.5652,-6.92572],[107.5654,-6.92552],[107.56595,-6.92606],[107.5672,-6.92482],[107.569,-6.9266],[107.5672,-6.92838],[107.56685,-6.92804],[107.5654,-6.92948],[107.5636,-6.9277],[107.5636,-6.9277],[107.5633,-6.9274],[107.5651,-6.92562],[107.5652,-6.92572]]],[[[107.5693,-6.926],[107.5711,-6.92422],[107.5729,-6.926],[107.5711,-6.92778],[107.5693,-6.926]]],[[[107.5788,-6.9233],[107.5806,-6.92152],[107.5824,-6.9233],[107.5806,-6.92508],[107.5788,-6.9233]]],[[[107.5717,-6.9233],[107.5721,-6.9229],[107.5721,-6.9229],[107.5739,-6.92112],[107.5757,-6.9229],[107.57544,-6.92315],[107.5757,-6.9234],[107.5739,-6.92518],[107.57365,-6.92493],[107.5735,-6.92508],[107.5717,-6.9233]]],[[[107.57345,-6.91757],[107.5736,-6.91742],[107.5749,-6.91871],[107.5762,-6.91742],[107.578,-6.9192],[107.5762,-6.92098],[107.5749,-6.91969],[107.5736,-6.92098],[107.57345,-6.92083],[107.5733,-6.92098],[107.57235,-6.92004],[107.57109,-6.92129],[107.5713,-6.9215],[107.57054,-6.92225],[107.5709,-6.9226],[107.5691,-6.92438],[107.5676,-6.9229],[107.5659,-6.92458],[107.5641,-6.9228],[107.56446,-6.92245],[107.5632,-6.9212],[107.565,-6.91942],[107.5668,-6.9212],[107.56644,-6.92155],[107.5674,-6.9225],[107.56781,-6.9221],[107.5674,-6.9217],[107.5692,-6.91992],[107.56925,-6.91997],[107.56941,-6.91981],[107.5692,-6.9196],[107.571,-6.91782],[107.57195,-6.91876],[107.5733,-6.91742],[107.57345,-6.91757]]],[[[107.573,-6.9109],[107.57134,-6.91255],[107.5724,-6.9136],[107.57219,-6.9138],[107.5735,-6.9151],[107.5717,-6.91688],[107.5713,-6.91649],[107.5704,-6.91738],[107.57005,-6.91704],[107.5694,-6.91768],[107.5676,-6.9159],[107.56936,-6.91415],[107.5688,-6.9136],[107.57046,-6.91195],[107.5699,-6.91139],[107.5693,-6.91198],[107.5675,-6.9102],[107.5693,-6.90842],[107.5706,-6.90971],[107.5712,-6.90912],[107.573,-6.9109]]],[[[107.57566,-6.91155],[107.5747,-6.9106],[107.5765,-6.90882],[107.57675,-6.90906],[107.57696,-6.90885],[107.576,-6.9079],[107.57625,-6.90765],[107.5761,-6.9075],[107.5761,-6.9075],[107.5757,-6.9071],[107.57571,-6.9071],[107.5752,-6.9066],[107.577,-6.90482],[107.578,-6.90581],[107.5782,-6.90562],[107.58,-6.9074],[107.57954,-6.90785],[107.5796,-6.9079],[107.57824,-6.90925],[107.5792,-6.9102],[107.57839,-6.911],[107.57875,-6.91136],[107.5796,-6.91052],[107.5801,-6.91101],[107.5804,-6.91072],[107.5816,-6.91191],[107.58281,-6.9107],[107.5818,-6.9097],[107.58311,-6.9084],[107.5824,-6.9077],[107.58256,-6.90755],[107.5824,-6.90739],[107.5823,-6.90748],[107.5805,-6.9057],[107.5823,-6.90392],[107.5829,-6.90451],[107.583,-6.90442],[107.5848,-6.9062],[107.58464,-6.90635],[107.586,-6.9077],[107.58469,-6.909],[107.5854,-6.9097],[107.58399,-6.91109],[107.58533,-6.91243],[107.58508,-6.91268],[107.5855,-6.9131],[107.5855,-6.9131],[107.5856,-6.9132],[107.5838,-6.91498],[107.58315,-6.91434],[107.58179,-6.9157],[107.5823,-6.9162],[107.58225,-6.91625],[107.5823,-6.9163],[107.5805,-6.91808],[107.5796,-6.91719],[107.5779,-6.91888],[107.57785,-6.91883],[107.5778,-6.91888],[107.576,-6.9171],[107.57621,-6.91689],[107.5745,-6.9152],[107.57496,-6.91475],[107.5742,-6.914],[107.57541,-6.9128],[107.5752,-6.9126],[107.57581,-6.912],[107.5755,-6.9117],[107.57566,-6.91155]],[[107.57799,-6.9142],[107.5791,-6.9153],[107.57849,-6.9159],[107.57875,-6.91616],[107.58031,-6.9146],[107.5798,-6.9141],[107.57991,-6.914],[107.5798,-6.91389],[107.5796,-6.91408],[107.57885,-6.91334],[107.57799,-6.9142]],[[107.58216,-6.91285],[107.5821,-6.91279],[107.58209,-6.9128],[107.58215,-6.91286],[107.58216,-6.91285]]],[[[107.57261,-6.90552],[107.57344,-6.9047],[107.57523,-6.90648],[107.57344,-6.90826],[107.57278,-6.90761],[107.5713,-6.90908],[107.5706,-6.90839],[107.5704,-6.90858],[107.5686,-6.9068],[107.5704,-6.90502],[107.57105,-6.90566],[107.57151,-6.9052],[107.5703,-6.904],[107.5721,-6.90222],[107.5739,-6.904],[107.57249,-6.9054],[107.57261,-6.90552]]],[[[107.5673,-6.9016],[107.5691,-6.89982],[107.5709,-6.9016],[107.5691,-6.90338],[107.5673,-6.9016]]],[[[107.56592,-6.90253],[107.5669,-6.9035],[107.5651,-6.90528],[107.5633,-6.9035],[107.56381,-6.903],[107.5621,-6.9013],[107.56336,-6.90005],[107.5619,-6.8986],[107.5637,-6.89682],[107.5655,-6.8986],[107.56424,-6.89985],[107.56455,-6.90016],[107.566,-6.89872],[107.5678,-6.9005],[107.56749,-6.9008],[107.56758,-6.90089],[107.56592,-6.90253]]],[[[107.5835,-6.89202],[107.5853,-6.8938],[107.5835,-6.89558],[107.5817,-6.8938],[107.5835,-6.89202]]],[[[107.575,-6.8933],[107.5768,-6.89152],[107.5786,-6.8933],[107.5768,-6.89508],[107.575,-6.8933]]],[[[107.56285,-6.89305],[107.56164,-6.89425],[107.5629,-6.8955],[107.5611,-6.89728],[107.5593,-6.8955],[107.56056,-6.89425],[107.5593,-6.893],[107.56081,-6.8915],[107.5601,-6.8908],[107.5602,-6.8907],[107.5602,-6.8907],[107.562,-6.88892],[107.5638,-6.8907],[107.5637,-6.8908],[107.5637,-6.8908],[107.56219,-6.8923],[107.56285,-6.89295],[107.5646,-6.89122],[107.5664,-6.893],[107.5646,-6.89478],[107.56285,-6.89305]]],[[[107.5678,-6.8904],[107.5696,-6.88862],[107.5714,-6.8904],[107.5696,-6.89218],[107.5678,-6.8904]]],[[[107.5562,-6.88946],[107.558,-6.88768],[107.55807,-6.88775],[107.5585,-6.88732],[107.55855,-6.88737],[107.5586,-6.88732],[107.5604,-6.8891],[107.56009,-6.8894],[107.5605,-6.8898],[107.55994,-6.89035],[107.5601,-6.8905],[107.5583,-6.89228],[107.5565,-6.8905],[107.55687,-6.89013],[107.5562,-6.88946]]],[[[107.57838,-6.89127],[107.57983,-6.88983],[107.5791,-6.8891],[107.5791,-6.8891],[107.5789,-6.8889],[107.5807,-6.88712],[107.58085,-6.88727],[107.5809,-6.88722],[107.58119,-6.88751],[107.58233,-6.88638],[107.58413,-6.88816],[107.58233,-6.88994],[107.58209,-6.8897],[107.58124,-6.89054],[107.58197,-6.89127],[107.58018,-6.89305],[107.57838,-6.89127]]],[[[107.5774,-6.8856],[107.5792,-6.88382],[107.581,-6.8856],[107.5792,-6.88738],[107.5774,-6.8856]]],[[[107.5716,-6.8836],[107.5734,-6.88182],[107.5752,-6.8836],[107.5734,-6.88538],[107.5716,-6.8836]]],[[[107.57313,-6.88073],[107.57493,-6.87894],[107.57673,-6.88073],[107.57493,-6.88251],[107.57313,-6.88073]]],[[[107.5784,-6.8756],[107.5802,-6.87382],[107.58035,-6.87397],[107.5805,-6.87382],[107.5823,-6.8756],[107.58079,-6.8771],[107.5819,-6.8782],[107.58069,-6.8794],[107.5809,-6.8796],[107.5806,-6.8799],[107.5807,-6.88],[107.57934,-6.88135],[107.5802,-6.8822],[107.5784,-6.88398],[107.57815,-6.88374],[107.5774,-6.88448],[107.5756,-6.8827],[107.5774,-6.88092],[107.57765,-6.88116],[107.57796,-6.88085],[107.5771,-6.88],[107.57725,-6.87985],[107.5771,-6.8797],[107.5772,-6.8796],[107.5771,-6.8795],[107.57836,-6.87825],[107.5783,-6.8782],[107.57966,-6.87685],[107.5784,-6.8756]]],[[[107.57555,-6.87704],[107.5745,-6.87808],[107.5727,-6.8763],[107.5745,-6.87452],[107.57585,-6.87586],[107.5769,-6.87482],[107.5787,-6.8766],[107.5769,-6.87838],[107.57555,-6.87704]]],[[[107.5723,-6.8711],[107.5741,-6.86932],[107.5759,-6.8711],[107.5741,-6.87288],[107.5723,-6.8711]]],[[[107.5791,-6.8711],[107.5809,-6.86932],[107.5827,-6.8711],[107.5809,-6.87288],[107.5791,-6.8711]]],[[[107.58,-6.8665],[107.5818,-6.86472],[107.5836,-6.8665],[107.5818,-6.86828],[107.58,-6.8665]]],[[[107.5894,-6.9582],[107.58979,-6.95781],[107.58951,-6.95753],[107.59033,-6.95672],[107.5894,-6.9558],[107.5912,-6.95402],[107.593,-6.9558],[107.59218,-6.95661],[107.59264,-6.95707],[107.5929,-6.95682],[107.5947,-6.9586],[107.5929,-6.96038],[107.5928,-6.96029],[107.59249,-6.9606],[107.5934,-6.9615],[107.5916,-6.96328],[107.5898,-6.9615],[107.59126,-6.96005],[107.5896,-6.9584],[107.5896,-6.9584],[107.5894,-6.9582]]],[[[107.5855,-6.9543],[107.5873,-6.95252],[107.5891,-6.9543],[107.5873,-6.95608],[107.5855,-6.9543]]],[[[107.60296,-6.94806],[107.6029,-6.948],[107.6047,-6.94622],[107.6065,-6.948],[107.60484,-6.94964],[107.6049,-6.9497],[107.60354,-6.95105],[107.60365,-6.95116],[107.6039,-6.95092],[107.6057,-6.9527],[107.60416,-6.95423],[107.60416,-6.95423],[107.60237,-6.95601],[107.60222,-6.95587],[107.602,-6.95608],[107.6011,-6.95519],[107.6002,-6.95608],[107.5992,-6.95509],[107.5989,-6.95538],[107.5971,-6.9536],[107.59841,-6.9523],[107.5967,-6.9506],[107.5985,-6.94882],[107.6003,-6.9506],[107.59899,-6.9519],[107.5999,-6.95281],[107.6002,-6.95252],[107.6008,-6.95311],[107.6021,-6.95182],[107.6023,-6.95201],[107.60296,-6.95135],[107.6013,-6.9497],[107.60296,-6.94806]]],[[[107.59251,-6.951],[107.5922,-6.9507],[107.594,-6.94892],[107.5958,-6.9507],[107.59559,-6.9509],[107.5959,-6.9512],[107.5941,-6.95298],[107.5923,-6.9512],[107.59251,-6.951]]],[[[107.58954,-6.95015],[107.5896,-6.9502],[107.5878,-6.95198],[107.5874,-6.95159],[107.5871,-6.95188],[107.5853,-6.9501],[107.58661,-6.9488],[107.5858,-6.948],[107.5876,-6.94622],[107.58875,-6.94736],[107.5892,-6.94692],[107.59025,-6.94796],[107.5906,-6.94762],[107.5924,-6.9494],[107.5906,-6.95118],[107.58955,-6.95014],[107.58954,-6.95015]]],[[[107.5977,-6.944],[107.5995,-6.94222],[107.60115,-6.94385],[107.6029,-6.94212],[107.6047,-6.9439],[107.6029,-6.94568],[107.60125,-6.94405],[107.5995,-6.94578],[107.5977,-6.944]]],[[[107.5876,-6.9437],[107.5894,-6.94192],[107.5912,-6.9437],[107.5894,-6.94548],[107.5876,-6.9437]]],[[[107.59295,-6.94274],[107.592,-6.94368],[107.59185,-6.94353],[107.5918,-6.94358],[107.59,-6.9418],[107.5918,-6.94002],[107.59195,-6.94017],[107.592,-6.94012],[107.59345,-6.94156],[107.5944,-6.94062],[107.5962,-6.9424],[107.5944,-6.94418],[107.59295,-6.94274]]],[[[107.6015,-6.9404],[107.60261,-6.9393],[107.6014,-6.9381],[107.6032,-6.93632],[107.605,-6.9381],[107.60404,-6.93905],[107.6056,-6.9406],[107.6038,-6.94238],[107.60345,-6.94204],[107.6033,-6.94218],[107.6015,-6.9404]]],[[[107.5974,-6.9391],[107.5992,-6.93732],[107.601,-6.9391],[107.5992,-6.94088],[107.5974,-6.9391]]],[[[107.59075,-6.93596],[107.5922,-6.93452],[107.59225,-6.93457],[107.5923,-6.93452],[107.59285,-6.93506],[107.5941,-6.93382],[107.5959,-6.9356],[107.59424,-6.93725],[107.59546,-6.93846],[107.5957,-6.93822],[107.5975,-6.94],[107.5957,-6.94178],[107.59394,-6.94004],[107.5937,-6.94028],[107.5919,-6.9385],[107.59356,-6.93685],[107.59355,-6.93684],[107.5923,-6.93808],[107.59225,-6.93803],[107.5922,-6.93808],[107.59175,-6.93764],[107.5903,-6.93908],[107.58965,-6.93844],[107.5886,-6.93948],[107.58725,-6.93814],[107.5872,-6.93818],[107.58692,-6.9379],[107.5866,-6.93821],[107.5848,-6.93643],[107.5866,-6.93465],[107.58688,-6.93493],[107.5872,-6.93462],[107.58855,-6.93596],[107.5886,-6.93592],[107.58925,-6.93656],[107.5903,-6.93552],[107.59075,-6.93596]]],[[[107.6005,-6.93062],[107.60105,-6.93116],[107.6024,-6.92982],[107.6042,-6.9316],[107.6024,-6.93338],[107.60185,-6.93284],[107.6005,-6.93418],[107.5987,-6.9324],[107.6005,-6.93062]]],[[[107.5995,-6.91322],[107.60085,-6.91456],[107.601,-6.91442],[107.6028,-6.9162],[107.60255,-6.91645],[107.6027,-6.9166],[107.60215,-6.91714],[107.60356,-6.91854],[107.60349,-6.9186],[107.60425,-6.91936],[107.6048,-6.91882],[107.60651,-6.92051],[107.6066,-6.92042],[107.6084,-6.9222],[107.60809,-6.9225],[107.6093,-6.9237],[107.60929,-6.9237],[107.6098,-6.9242],[107.60884,-6.92515],[107.6094,-6.9257],[107.60854,-6.92655],[107.6089,-6.9269],[107.60804,-6.92775],[107.60925,-6.92896],[107.6106,-6.92762],[107.6124,-6.9294],[107.6106,-6.93118],[107.60935,-6.92994],[107.60869,-6.9306],[107.6104,-6.9323],[107.60888,-6.93381],[107.60915,-6.93407],[107.6093,-6.93392],[107.6105,-6.93511],[107.6113,-6.93432],[107.6131,-6.9361],[107.6113,-6.93788],[107.6101,-6.93669],[107.60969,-6.9371],[107.6105,-6.9379],[107.6087,-6.93968],[107.6069,-6.9379],[107.60831,-6.9365],[107.60822,-6.93641],[107.60807,-6.93657],[107.6079,-6.9364],[107.6066,-6.93768],[107.6048,-6.9359],[107.6066,-6.93412],[107.60677,-6.93429],[107.60779,-6.93328],[107.6068,-6.9323],[107.60791,-6.9312],[107.60765,-6.93094],[107.6071,-6.93148],[107.607,-6.93138],[107.6067,-6.93168],[107.60565,-6.93064],[107.6053,-6.93098],[107.6035,-6.9292],[107.6053,-6.92742],[107.6056,-6.92771],[107.60581,-6.9275],[107.6053,-6.92699],[107.605,-6.92728],[107.6046,-6.92689],[107.6042,-6.92728],[107.6029,-6.92599],[107.60244,-6.92645],[107.6031,-6.9271],[107.6013,-6.92888],[107.5995,-6.9271],[107.59966,-6.92695],[107.5987,-6.926],[107.5991,-6.9256],[107.5991,-6.9256],[107.59976,-6.92495],[107.5989,-6.9241],[107.60057,-6.92245],[107.5988,-6.9207],[107.59971,-6.9198],[107.59829,-6.91839],[107.5982,-6.91848],[107.5976,-6.91789],[107.5974,-6.91808],[107.5956,-6.9163],[107.5974,-6.91452],[107.5978,-6.91491],[107.5995,-6.91322]],[[107.6022,-6.92089],[107.60073,-6.92235],[107.6025,-6.9241],[107.60194,-6.92465],[107.6026,-6.92531],[107.60407,-6.92385],[107.6024,-6.9222],[107.60351,-6.9211],[107.60325,-6.92084],[107.6027,-6.92138],[107.6022,-6.92089]],[[107.60596,-6.92335],[107.6054,-6.92279],[107.60433,-6.92385],[107.6046,-6.92411],[107.605,-6.92372],[107.60525,-6.92396],[107.6058,-6.92342],[107.60585,-6.92347],[107.60596,-6.92335]]],[[[107.58815,-6.92414],[107.5873,-6.92498],[107.58615,-6.92384],[107.5857,-6.92428],[107.5839,-6.9225],[107.5857,-6.92072],[107.5866,-6.92161],[107.58757,-6.92065],[107.58705,-6.92014],[107.58691,-6.92028],[107.58595,-6.91933],[107.5857,-6.91958],[107.58496,-6.91885],[107.58338,-6.92042],[107.58332,-6.92036],[107.5833,-6.92038],[107.5815,-6.9186],[107.58301,-6.9171],[107.5825,-6.9166],[107.58336,-6.91575],[107.5832,-6.9156],[107.585,-6.91382],[107.5853,-6.91411],[107.5855,-6.91392],[107.5866,-6.91501],[107.5877,-6.91392],[107.58825,-6.91446],[107.58958,-6.91313],[107.59013,-6.91368],[107.5903,-6.91352],[107.5921,-6.9153],[107.59189,-6.9155],[107.5919,-6.91551],[107.5922,-6.91522],[107.59245,-6.91546],[107.593,-6.91492],[107.5948,-6.9167],[107.593,-6.91848],[107.59275,-6.91824],[107.5922,-6.91878],[107.5907,-6.91729],[107.5904,-6.91758],[107.589,-6.91619],[107.58783,-6.91735],[107.58805,-6.91756],[107.5883,-6.91732],[107.58955,-6.91856],[107.5897,-6.91842],[107.5915,-6.9202],[107.58999,-6.9217],[107.5906,-6.9223],[107.59024,-6.92265],[107.5906,-6.923],[107.58914,-6.92445],[107.5907,-6.926],[107.59009,-6.9266],[107.5918,-6.9283],[107.59044,-6.92965],[107.5907,-6.9299],[107.58964,-6.93095],[107.59085,-6.93216],[107.5919,-6.93112],[107.59195,-6.93117],[107.592,-6.93112],[107.5938,-6.9329],[107.592,-6.93468],[107.59195,-6.93463],[107.5919,-6.93468],[107.59055,-6.93334],[107.5895,-6.93438],[107.58805,-6.93294],[107.5879,-6.93308],[107.5876,-6.93278],[107.5875,-6.93288],[107.5857,-6.9311],[107.5875,-6.92932],[107.5876,-6.92941],[107.58846,-6.92855],[107.5882,-6.9283],[107.58881,-6.9277],[107.5886,-6.92749],[107.5881,-6.92798],[107.5863,-6.9262],[107.5881,-6.92442],[107.5884,-6.92471],[107.58856,-6.92455],[107.58815,-6.92414]],[[107.58795,-6.92054],[107.58783,-6.92065],[107.58825,-6.92106],[107.58851,-6.9208],[107.58845,-6.92074],[107.5883,-6.92088],[107.58795,-6.92054]],[[107.58756,-6.91736],[107.58757,-6.91735],[107.58665,-6.91644],[107.58639,-6.9167],[107.58665,-6.91696],[107.58691,-6.91671],[107.58756,-6.91736]]],[[[107.59273,-6.92717],[107.59356,-6.92635],[107.5923,-6.9251],[107.59346,-6.92395],[107.59269,-6.92319],[107.5925,-6.92338],[107.5907,-6.9216],[107.5925,-6.91982],[107.5934,-6.92071],[107.59396,-6.92015],[107.5934,-6.9196],[107.5952,-6.91782],[107.59555,-6.91816],[107.5962,-6.91752],[107.598,-6.9193],[107.5962,-6.92108],[107.59585,-6.92074],[107.59574,-6.92085],[107.5963,-6.9214],[107.59539,-6.9223],[107.5962,-6.9231],[107.59504,-6.92425],[107.5959,-6.9251],[107.59507,-6.92592],[107.59543,-6.92628],[107.596,-6.92572],[107.5978,-6.9275],[107.596,-6.92928],[107.59575,-6.92904],[107.5949,-6.92988],[107.5931,-6.9281],[107.59339,-6.92782],[107.59273,-6.92717]]],[[[107.5959,-6.9223],[107.5977,-6.92052],[107.5995,-6.9223],[107.5977,-6.92408],[107.5959,-6.9223]]],[[[107.5849,-6.9115],[107.5867,-6.90972],[107.5885,-6.9115],[107.5867,-6.91328],[107.5849,-6.9115]]],[[[107.60416,-6.90883],[107.60595,-6.90704],[107.60775,-6.90883],[107.60595,-6.91061],[107.60416,-6.90883]]],[[[107.5872,-6.9088],[107.589,-6.90702],[107.5908,-6.9088],[107.589,-6.91058],[107.5872,-6.9088]]],[[[107.59315,-6.90794],[107.59294,-6.90815],[107.5946,-6.9098],[107.5928,-6.91158],[107.591,-6.9098],[107.59236,-6.90845],[107.5907,-6.9068],[107.59171,-6.9058],[107.5913,-6.9054],[107.59145,-6.90525],[107.5914,-6.9052],[107.5932,-6.90342],[107.595,-6.9052],[107.59485,-6.90535],[107.5949,-6.9054],[107.59479,-6.9055],[107.5962,-6.9069],[107.5944,-6.90868],[107.59435,-6.90863],[107.5941,-6.90888],[107.59315,-6.90794]]],[[[107.58521,-6.9065],[107.5843,-6.9056],[107.5861,-6.90382],[107.5879,-6.9056],[107.58769,-6.9058],[107.5886,-6.9067],[107.5868,-6.90848],[107.585,-6.9067],[107.58521,-6.9065]]],[[[107.6066,-6.90728],[107.60615,-6.90684],[107.6054,-6.90758],[107.60525,-6.90743],[107.6051,-6.90758],[107.6033,-6.9058],[107.60486,-6.90426],[107.6047,-6.9041],[107.6047,-6.9041],[107.6045,-6.9039],[107.60516,-6.90325],[107.6051,-6.90319],[107.6039,-6.90438],[107.6021,-6.9026],[107.6039,-6.90082],[107.6045,-6.90141],[107.6059,-6.90002],[107.6077,-6.9018],[107.60749,-6.902],[107.6085,-6.903],[107.60784,-6.90365],[107.6081,-6.9039],[107.6081,-6.9039],[107.6083,-6.9041],[107.60764,-6.90475],[107.6084,-6.9055],[107.6066,-6.90728]]],[[[107.5961,-6.9074],[107.5979,-6.90562],[107.59855,-6.90626],[107.59921,-6.9056],[107.59815,-6.90454],[107.5973,-6.90538],[107.597,-6.90509],[107.5966,-6.90548],[107.5948,-6.9037],[107.59516,-6.90334],[107.5934,-6.9016],[107.5952,-6.89982],[107.59525,-6.89987],[107.5953,-6.89982],[107.59545,-6.89996],[107.59561,-6.8998],[107.5948,-6.899],[107.59565,-6.89816],[107.59453,-6.89704],[107.59518,-6.8964],[107.5936,-6.89483],[107.5954,-6.89305],[107.59719,-6.89483],[107.59654,-6.89548],[107.59812,-6.89704],[107.59727,-6.89789],[107.5984,-6.899],[107.59709,-6.9003],[107.5976,-6.90081],[107.5978,-6.90062],[107.59925,-6.90206],[107.5995,-6.90182],[107.59955,-6.90187],[107.5996,-6.90182],[107.6014,-6.9036],[107.6011,-6.9039],[107.6012,-6.904],[107.60009,-6.9051],[107.6017,-6.9067],[107.60034,-6.90805],[107.6006,-6.90831],[107.60071,-6.90821],[107.6006,-6.9081],[107.60065,-6.90805],[107.6005,-6.9079],[107.6023,-6.90612],[107.6041,-6.9079],[107.60405,-6.90795],[107.6042,-6.9081],[107.60269,-6.90959],[107.6028,-6.9097],[107.601,-6.91148],[107.5995,-6.90999],[107.5991,-6.91038],[107.5981,-6.90939],[107.59788,-6.9096],[107.5996,-6.9113],[107.5978,-6.91308],[107.5974,-6.91269],[107.5966,-6.91348],[107.59615,-6.91304],[107.5948,-6.91438],[107.59435,-6.91394],[107.5942,-6.91408],[107.5924,-6.9123],[107.5942,-6.91052],[107.5946,-6.91091],[107.5951,-6.91042],[107.5956,-6.91091],[107.59645,-6.91006],[107.59508,-6.9087],[107.59624,-6.90754],[107.5961,-6.9074]]],[[[107.6047,-6.8948],[107.60369,-6.8958],[107.604,-6.8961],[107.6022,-6.89788],[107.6004,-6.8961],[107.60141,-6.8951],[107.6011,-6.8948],[107.6029,-6.89302],[107.6047,-6.8948]]],[[[107.5904,-6.8939],[107.59096,-6.89335],[107.5906,-6.89299],[107.59,-6.89358],[107.5882,-6.8918],[107.59,-6.89002],[107.59028,-6.89029],[107.59118,-6.8894],[107.5921,-6.89031],[107.5928,-6.88962],[107.59385,-6.89066],[107.5951,-6.88942],[107.59545,-6.88976],[107.59651,-6.8887],[107.5961,-6.8883],[107.5979,-6.88652],[107.5997,-6.8883],[107.59849,-6.8895],[107.5989,-6.8899],[107.5971,-6.89168],[107.59675,-6.89134],[107.5951,-6.89298],[107.59425,-6.89214],[107.59389,-6.8925],[107.5941,-6.8927],[107.59344,-6.89335],[107.594,-6.8939],[107.59304,-6.89485],[107.594,-6.8958],[107.5922,-6.89758],[107.591,-6.89639],[107.59004,-6.89735],[107.5907,-6.898],[107.59029,-6.8984],[107.5907,-6.8988],[107.5889,-6.90058],[107.5878,-6.89949],[107.58694,-6.90035],[107.5874,-6.90081],[107.588,-6.90022],[107.58845,-6.90066],[107.5887,-6.90042],[107.5905,-6.9022],[107.5887,-6.90398],[107.58825,-6.90354],[107.5879,-6.90388],[107.5863,-6.90229],[107.5858,-6.90278],[107.584,-6.901],[107.58531,-6.8997],[107.5846,-6.899],[107.5864,-6.89722],[107.58645,-6.89727],[107.5865,-6.89722],[107.5872,-6.89791],[107.58761,-6.8975],[107.5861,-6.896],[107.5879,-6.89422],[107.58855,-6.89486],[107.5899,-6.89352],[107.5913,-6.89491],[107.59136,-6.89485],[107.5904,-6.8939]]],[[[107.59926,-6.89304],[107.60105,-6.89125],[107.60285,-6.89304],[107.60105,-6.89482],[107.59926,-6.89304]]],[[[107.5841,-6.8896],[107.5859,-6.88782],[107.5877,-6.8896],[107.5859,-6.89138],[107.5841,-6.8896]]],[[[107.60499,-6.8862],[107.6059,-6.8871],[107.60444,-6.88855],[107.605,-6.8891],[107.60479,-6.8893],[107.6059,-6.8904],[107.60559,-6.8907],[107.6059,-6.891],[107.6041,-6.89278],[107.60375,-6.89244],[107.6035,-6.89268],[107.6017,-6.8909],[107.60246,-6.89015],[107.6014,-6.8891],[107.60286,-6.88765],[107.6023,-6.8871],[107.60351,-6.8859],[107.6026,-6.885],[107.6044,-6.88322],[107.6062,-6.885],[107.60499,-6.8862]]],[[[107.59,-6.8864],[107.5918,-6.88462],[107.5936,-6.8864],[107.5918,-6.88818],[107.59,-6.8864]]],[[[107.5971,-6.8853],[107.5989,-6.88352],[107.6007,-6.8853],[107.5989,-6.88708],[107.5971,-6.8853]]],[[[107.5964,-6.8833],[107.59534,-6.88435],[107.5959,-6.8849],[107.5941,-6.88668],[107.5923,-6.8849],[107.59336,-6.88385],[107.5928,-6.8833],[107.5946,-6.88152],[107.5964,-6.8833]]],[[[107.6006,-6.8832],[107.6024,-6.88142],[107.6042,-6.8832],[107.6024,-6.88498],[107.6006,-6.8832]]],[[[107.5949,-6.881],[107.59621,-6.8797],[107.5956,-6.8791],[107.5974,-6.87732],[107.5992,-6.8791],[107.59789,-6.8804],[107.5985,-6.881],[107.5967,-6.88278],[107.5949,-6.881]]],[[[107.5867,-6.8784],[107.5885,-6.87662],[107.5903,-6.8784],[107.5885,-6.88018],[107.5867,-6.8784]]],[[[107.59744,-6.87445],[107.59689,-6.875],[107.5975,-6.8756],[107.59591,-6.87717],[107.59592,-6.87718],[107.5959,-6.8772],[107.5959,-6.8772],[107.5941,-6.87898],[107.5923,-6.8772],[107.59232,-6.87718],[107.59232,-6.87718],[107.59391,-6.8756],[107.5939,-6.8756],[107.59445,-6.87505],[107.59385,-6.87445],[107.59564,-6.87267],[107.59744,-6.87445]]],[[[107.60345,-6.87256],[107.6046,-6.87142],[107.6064,-6.8732],[107.60474,-6.87485],[107.6061,-6.8762],[107.6043,-6.87798],[107.6025,-6.8762],[107.60301,-6.8757],[107.6014,-6.8741],[107.6032,-6.87232],[107.60345,-6.87256]]],[[[107.58774,-6.87374],[107.58954,-6.87196],[107.59133,-6.87374],[107.58954,-6.87553],[107.58774,-6.87374]]],[[[107.5995,-6.87122],[107.6013,-6.873],[107.5995,-6.87478],[107.5977,-6.873],[107.5995,-6.87122]]],[[[107.5869,-6.87092],[107.5887,-6.8727],[107.5869,-6.87448],[107.5851,-6.8727],[107.5869,-6.87092]]],[[[107.5993,-6.8699],[107.60101,-6.8682],[107.6002,-6.8674],[107.602,-6.86562],[107.6038,-6.8674],[107.60209,-6.8691],[107.6029,-6.8699],[107.6011,-6.87168],[107.5993,-6.8699]]],[[[107.59189,-6.86032],[107.5923,-6.85992],[107.59285,-6.86046],[107.594,-6.85932],[107.5958,-6.8611],[107.594,-6.86288],[107.59345,-6.86234],[107.59294,-6.86285],[107.59365,-6.86356],[107.5945,-6.86272],[107.5963,-6.8645],[107.59504,-6.86575],[107.59523,-6.86594],[107.59458,-6.86659],[107.5959,-6.8679],[107.59424,-6.86954],[107.5943,-6.8696],[107.5942,-6.8697],[107.5944,-6.8699],[107.5926,-6.87168],[107.5908,-6.8699],[107.5909,-6.8698],[107.5907,-6.8696],[107.59236,-6.86796],[107.5923,-6.8679],[107.59295,-6.86725],[107.59163,-6.86594],[107.59205,-6.86553],[107.5912,-6.86469],[107.59,-6.86588],[107.5898,-6.86569],[107.58854,-6.86694],[107.58967,-6.86806],[107.58906,-6.86867],[107.5896,-6.8692],[107.58945,-6.86935],[107.5895,-6.8694],[107.5877,-6.87118],[107.5866,-6.87009],[107.5864,-6.87028],[107.5846,-6.8685],[107.5864,-6.86672],[107.58692,-6.86723],[107.58733,-6.86682],[107.58614,-6.86564],[107.58624,-6.86553],[107.5859,-6.8652],[107.5877,-6.86342],[107.588,-6.86371],[107.5881,-6.86362],[107.5882,-6.86371],[107.58936,-6.86256],[107.5893,-6.8625],[107.5899,-6.86191],[107.58968,-6.86169],[107.59147,-6.85991],[107.59189,-6.86032]]],[[[107.5974,-6.8634],[107.5992,-6.86162],[107.601,-6.8634],[107.5992,-6.86518],[107.5974,-6.8634]]],[[[107.6078,-6.8657],[107.60775,-6.86575],[107.6078,-6.8658],[107.6077,-6.8659],[107.6077,-6.8659],[107.6059,-6.86768],[107.6041,-6.8659],[107.6042,-6.8658],[107.6042,-6.8658],[107.60425,-6.86575],[107.6042,-6.8657],[107.60526,-6.86465],[107.6039,-6.8633],[107.60466,-6.86255],[107.6046,-6.86249],[107.6029,-6.86418],[107.6022,-6.86349],[107.6018,-6.86388],[107.6,-6.8621],[107.6018,-6.86032],[107.6025,-6.86101],[107.6029,-6.86062],[107.60345,-6.86116],[107.6052,-6.85942],[107.6056,-6.85981],[107.6065,-6.85892],[107.6083,-6.8607],[107.60659,-6.8624],[107.6067,-6.86251],[107.6071,-6.86212],[107.6089,-6.8639],[107.60744,-6.86535],[107.6078,-6.8657]]],[[[107.58635,-6.86234],[107.5862,-6.86248],[107.5844,-6.8607],[107.5862,-6.85892],[107.58645,-6.85916],[107.5866,-6.85902],[107.5884,-6.8608],[107.5866,-6.86258],[107.58635,-6.86234]]],[[[107.59375,-6.85624],[107.5936,-6.85638],[107.5918,-6.8546],[107.5936,-6.85282],[107.59385,-6.85306],[107.594,-6.85292],[107.5958,-6.8547],[107.594,-6.85648],[107.59375,-6.85624]]],[[[107.5996,-6.8466],[107.6014,-6.84482],[107.6032,-6.8466],[107.6014,-6.84838],[107.5996,-6.8466]]],[[[107.5959,-6.8437],[107.5977,-6.84192],[107.5995,-6.8437],[107.5977,-6.84548],[107.5959,-6.8437]]],[[[107.6115,-6.9596],[107.6133,-6.95782],[107.6151,-6.9596],[107.6133,-6.96138],[107.6115,-6.9596]]],[[[107.6213,-6.9566],[107.62216,-6.95575],[107.6218,-6.9554],[107.6236,-6.95362],[107.6254,-6.9554],[107.62454,-6.95625],[107.6249,-6.9566],[107.6231,-6.95838],[107.6213,-6.9566]]],[[[107.6163,-6.9562],[107.61594,-6.95655],[107.6164,-6.957],[107.6146,-6.95878],[107.6128,-6.957],[107.61316,-6.95665],[107.6127,-6.9562],[107.61275,-6.95615],[107.6127,-6.9561],[107.61346,-6.95535],[107.613,-6.9549],[107.6148,-6.95312],[107.6166,-6.9549],[107.61584,-6.95565],[107.6163,-6.9561],[107.61625,-6.95615],[107.6163,-6.9562]]],[[[107.6149,-6.9519],[107.6167,-6.95012],[107.6185,-6.9519],[107.6167,-6.95368],[107.6149,-6.9519]]],[[[107.6152,-6.9506],[107.6134,-6.95238],[107.6128,-6.95179],[107.61274,-6.95185],[107.6137,-6.9528],[107.6119,-6.95458],[107.6101,-6.9528],[107.61056,-6.95235],[107.61,-6.95179],[107.6091,-6.95268],[107.60905,-6.95263],[107.609,-6.95268],[107.6072,-6.9509],[107.609,-6.94912],[107.60905,-6.94917],[107.6091,-6.94912],[107.6103,-6.95031],[107.6112,-6.94942],[107.6114,-6.94962],[107.6115,-6.94952],[107.6121,-6.95011],[107.6134,-6.94882],[107.6152,-6.9506]]],[[[107.624,-6.9504],[107.6258,-6.94862],[107.6276,-6.9504],[107.6258,-6.95218],[107.624,-6.9504]]],[[[107.6192,-6.9497],[107.621,-6.94792],[107.6228,-6.9497],[107.621,-6.95148],[107.6192,-6.9497]]],[[[107.61255,-6.94784],[107.6114,-6.94898],[107.6096,-6.9472],[107.6097,-6.9471],[107.6096,-6.947],[107.61101,-6.94561],[107.611,-6.9456],[107.6128,-6.94382],[107.6146,-6.9456],[107.61424,-6.94595],[107.6152,-6.9469],[107.6134,-6.94868],[107.61255,-6.94784]]],[[[107.60786,-6.94063],[107.60965,-6.94241],[107.60786,-6.9442],[107.60606,-6.94241],[107.60786,-6.94063]]],[[[107.6193,-6.9413],[107.6211,-6.93952],[107.6229,-6.9413],[107.6211,-6.94308],[107.6193,-6.9413]]],[[[107.6086,-6.9405],[107.6104,-6.93872],[107.61115,-6.93946],[107.6125,-6.93812],[107.6143,-6.9399],[107.6125,-6.94168],[107.61175,-6.94094],[107.6104,-6.94228],[107.6086,-6.9405]]],[[[107.6043,-6.9391],[107.6061,-6.93732],[107.6079,-6.9391],[107.6061,-6.94088],[107.6043,-6.9391]]],[[[107.6178,-6.9296],[107.61856,-6.92885],[107.6185,-6.9288],[107.6203,-6.92702],[107.62045,-6.92717],[107.62046,-6.92715],[107.6191,-6.9258],[107.6192,-6.9257],[107.6192,-6.9257],[107.61931,-6.92559],[107.61925,-6.92553],[107.619,-6.92578],[107.6172,-6.924],[107.61756,-6.92365],[107.6167,-6.9228],[107.6185,-6.92102],[107.6203,-6.9228],[107.62028,-6.92282],[107.62074,-6.92327],[107.6215,-6.92252],[107.6233,-6.9243],[107.62234,-6.92525],[107.6225,-6.92541],[107.6241,-6.92382],[107.6251,-6.92481],[107.6259,-6.92402],[107.6277,-6.9258],[107.62644,-6.92705],[107.6267,-6.9273],[107.62654,-6.92745],[107.627,-6.9279],[107.6252,-6.92968],[107.62435,-6.92884],[107.6239,-6.92928],[107.6237,-6.92909],[107.6234,-6.92938],[107.6227,-6.92869],[107.622,-6.92938],[107.62195,-6.92934],[107.6207,-6.93058],[107.62065,-6.93053],[107.6206,-6.93058],[107.6205,-6.93049],[107.62044,-6.93055],[107.6206,-6.9307],[107.62045,-6.93085],[107.6206,-6.931],[107.62039,-6.9312],[107.62065,-6.93146],[107.622,-6.93012],[107.6232,-6.93131],[107.6235,-6.93102],[107.62385,-6.93136],[107.6242,-6.93102],[107.626,-6.9328],[107.6242,-6.93458],[107.62385,-6.93424],[107.62369,-6.9344],[107.6246,-6.9353],[107.62369,-6.9362],[107.624,-6.9365],[107.62364,-6.93685],[107.62425,-6.93745],[107.626,-6.93572],[107.6278,-6.9375],[107.62729,-6.938],[107.62755,-6.93826],[107.6285,-6.93732],[107.6303,-6.9391],[107.63014,-6.93926],[107.63165,-6.94076],[107.6323,-6.94012],[107.6341,-6.9419],[107.63318,-6.94281],[107.63427,-6.9439],[107.63358,-6.94458],[107.634,-6.945],[107.63319,-6.9458],[107.6343,-6.9469],[107.63254,-6.94865],[107.6338,-6.9499],[107.632,-6.95168],[107.6302,-6.9499],[107.63196,-6.94815],[107.6307,-6.9469],[107.63151,-6.9461],[107.6304,-6.945],[107.63109,-6.94431],[107.63068,-6.9439],[107.63075,-6.94383],[107.6299,-6.94299],[107.6298,-6.94308],[107.6294,-6.94269],[107.6285,-6.94358],[107.6267,-6.9418],[107.62771,-6.9408],[107.62745,-6.94054],[107.6268,-6.94118],[107.625,-6.9394],[107.62506,-6.93935],[107.624,-6.9383],[107.62451,-6.9378],[107.62425,-6.93755],[107.6225,-6.93928],[107.6207,-6.9375],[107.62106,-6.93715],[107.621,-6.93709],[107.6203,-6.93778],[107.62025,-6.93774],[107.61939,-6.9386],[107.6205,-6.9397],[107.6187,-6.94148],[107.6169,-6.9397],[107.61841,-6.9382],[107.6173,-6.9371],[107.6174,-6.937],[107.6174,-6.937],[107.61831,-6.9361],[107.6182,-6.936],[107.61992,-6.9343],[107.6194,-6.93379],[107.618,-6.93518],[107.6162,-6.9334],[107.61781,-6.9318],[107.617,-6.931],[107.61715,-6.93085],[107.617,-6.9307],[107.61796,-6.92975],[107.6178,-6.9296]],[[107.62234,-6.92615],[107.62265,-6.92646],[107.62291,-6.9262],[107.6226,-6.9259],[107.62234,-6.92615]],[[107.62261,-6.9337],[107.62235,-6.93344],[107.6219,-6.93388],[107.6213,-6.93329],[107.62033,-6.93425],[107.6212,-6.93511],[107.62261,-6.9337]]],[[[107.61,-6.9318],[107.6118,-6.93002],[107.6136,-6.9318],[107.6118,-6.93358],[107.61,-6.9318]]],[[[107.6149,-6.926],[107.6167,-6.92422],[107.6185,-6.926],[107.6167,-6.92778],[107.6149,-6.926]]],[[[107.6114,-6.9216],[107.6132,-6.91982],[107.61481,-6.92141],[107.615,-6.92122],[107.6168,-6.923],[107.6168,-6.923],[107.617,-6.9232],[107.6152,-6.92498],[107.6134,-6.9232],[107.6134,-6.9232],[107.61339,-6.92319],[107.6132,-6.92338],[107.6114,-6.9216]]],[[[107.6146,-6.9208],[107.6164,-6.91902],[107.6182,-6.9208],[107.6164,-6.92258],[107.6146,-6.9208]]],[[[107.62095,-6.91827],[107.621,-6.91822],[107.6228,-6.92],[107.621,-6.92178],[107.62095,-6.92173],[107.6209,-6.92178],[107.6191,-6.92],[107.6209,-6.91822],[107.62095,-6.91827]]],[[[107.62515,-6.92204],[107.6248,-6.92238],[107.62475,-6.92234],[107.6236,-6.92348],[107.6218,-6.9217],[107.62346,-6.92006],[107.6232,-6.9198],[107.625,-6.91802],[107.6254,-6.91841],[107.62556,-6.91825],[107.6243,-6.917],[107.6261,-6.91522],[107.6279,-6.917],[107.62664,-6.91825],[107.6279,-6.9195],[107.62744,-6.91995],[107.628,-6.9205],[107.62759,-6.9209],[107.6277,-6.921],[107.6259,-6.92278],[107.62515,-6.92204]]],[[[107.6105,-6.9186],[107.6123,-6.91682],[107.6141,-6.9186],[107.6123,-6.92038],[107.6105,-6.9186]]],[[[107.6141,-6.917],[107.6159,-6.91522],[107.61732,-6.91662],[107.61755,-6.91639],[107.61935,-6.91818],[107.61926,-6.91826],[107.6195,-6.9185],[107.6177,-6.92028],[107.6163,-6.91889],[107.6155,-6.91968],[107.6137,-6.9179],[107.6138,-6.9178],[107.6136,-6.9176],[107.61416,-6.91705],[107.6141,-6.917]]],[[[107.6127,-6.91152],[107.6133,-6.91211],[107.6149,-6.91052],[107.615,-6.91061],[107.6154,-6.91022],[107.61615,-6.91096],[107.6179,-6.90922],[107.6181,-6.90941],[107.6185,-6.90902],[107.6203,-6.9108],[107.61934,-6.91175],[107.6203,-6.9127],[107.62015,-6.91285],[107.6203,-6.913],[107.6185,-6.91478],[107.6167,-6.913],[107.61685,-6.91285],[107.6167,-6.9127],[107.61726,-6.91215],[107.61715,-6.91204],[107.61556,-6.91363],[107.61593,-6.914],[107.61561,-6.91432],[107.6159,-6.9146],[107.6141,-6.91638],[107.6129,-6.91519],[107.6115,-6.91658],[107.61135,-6.91644],[107.6111,-6.91668],[107.6109,-6.91649],[107.61,-6.91738],[107.6082,-6.9156],[107.60886,-6.91495],[107.6071,-6.9132],[107.6089,-6.91142],[107.60933,-6.91184],[107.61039,-6.91078],[107.6092,-6.9096],[107.611,-6.90782],[107.6128,-6.9096],[107.61151,-6.91088],[107.61243,-6.91179],[107.6127,-6.91152]]],[[[107.6196,-6.912],[107.6214,-6.91022],[107.6232,-6.912],[107.6214,-6.91378],[107.6196,-6.912]]],[[[107.6237,-6.911],[107.62536,-6.90936],[107.6252,-6.9092],[107.627,-6.90742],[107.6288,-6.9092],[107.62714,-6.91084],[107.6273,-6.911],[107.6255,-6.91278],[107.6237,-6.911]]],[[[107.62089,-6.90641],[107.62269,-6.9082],[107.62089,-6.90998],[107.6191,-6.9082],[107.62089,-6.90641]]],[[[107.6203,-6.90381],[107.6212,-6.90292],[107.62135,-6.90306],[107.6222,-6.90222],[107.624,-6.904],[107.62359,-6.9044],[107.6252,-6.906],[107.62505,-6.90615],[107.6252,-6.9063],[107.6234,-6.90808],[107.6216,-6.9063],[107.62175,-6.90615],[107.62165,-6.90604],[107.6212,-6.90648],[107.6209,-6.90619],[107.62019,-6.90689],[107.6203,-6.907],[107.6185,-6.90878],[107.61672,-6.90702],[107.6164,-6.90734],[107.61637,-6.90731],[107.6163,-6.90738],[107.6145,-6.9056],[107.61556,-6.90455],[107.6154,-6.9044],[107.6172,-6.90262],[107.6182,-6.90361],[107.61821,-6.90361],[107.61906,-6.90445],[107.62,-6.90352],[107.6203,-6.90381]]],[[[107.61024,-6.90496],[107.61104,-6.90416],[107.61076,-6.90388],[107.61256,-6.9021],[107.61435,-6.90388],[107.61336,-6.90487],[107.614,-6.9055],[107.6122,-6.90728],[107.61185,-6.90693],[107.61159,-6.90719],[107.61114,-6.90675],[107.6098,-6.90808],[107.608,-6.9063],[107.6098,-6.90452],[107.61024,-6.90496]]],[[[107.6132,-6.9027],[107.615,-6.90092],[107.6168,-6.9027],[107.615,-6.90448],[107.6132,-6.9027]]],[[[107.6223,-6.9013],[107.62241,-6.9012],[107.622,-6.9008],[107.62301,-6.8998],[107.62195,-6.89874],[107.6217,-6.89898],[107.61995,-6.89725],[107.6183,-6.89888],[107.618,-6.89859],[107.6167,-6.89988],[107.6149,-6.8981],[107.615,-6.898],[107.615,-6.898],[107.6168,-6.89622],[107.6171,-6.89651],[107.6183,-6.89532],[107.62005,-6.89705],[107.6217,-6.89542],[107.62295,-6.89666],[107.6232,-6.89642],[107.625,-6.8982],[107.62399,-6.8992],[107.6256,-6.9008],[107.62549,-6.9009],[107.6259,-6.9013],[107.6241,-6.90308],[107.6223,-6.9013]]],[[[107.6053,-6.8976],[107.60641,-6.8965],[107.6057,-6.8958],[107.6075,-6.89402],[107.6093,-6.8958],[107.60819,-6.8969],[107.6089,-6.8976],[107.6071,-6.89938],[107.6053,-6.8976]]],[[[107.6107,-6.8954],[107.6125,-6.89362],[107.6143,-6.8954],[107.61384,-6.89585],[107.6148,-6.8968],[107.613,-6.89858],[107.6123,-6.89789],[107.6116,-6.89858],[107.6098,-6.8968],[107.61096,-6.89565],[107.6107,-6.8954]]],[[[107.61375,-6.8934],[107.61554,-6.89162],[107.61734,-6.8934],[107.61554,-6.89518],[107.61375,-6.8934]]],[[[107.6179,-6.8927],[107.6197,-6.89092],[107.6215,-6.8927],[107.6197,-6.89448],[107.6179,-6.8927]]],[[[107.6106,-6.88972],[107.6124,-6.8915],[107.6106,-6.89328],[107.6088,-6.8915],[107.6106,-6.88972]]],[[[107.6268,-6.8874],[107.6267,-6.8875],[107.627,-6.8878],[107.62673,-6.88807],[107.62694,-6.88828],[107.6273,-6.88792],[107.6274,-6.88801],[107.6278,-6.88762],[107.6296,-6.8894],[107.62829,-6.8907],[107.6284,-6.8908],[107.62707,-6.89212],[107.62743,-6.89247],[107.62563,-6.89426],[107.62423,-6.89286],[107.6238,-6.89328],[107.622,-6.8915],[107.62241,-6.8911],[107.6219,-6.8906],[107.62195,-6.89055],[107.6219,-6.8905],[107.6237,-6.88872],[107.62505,-6.89006],[107.62509,-6.89001],[107.62353,-6.88846],[107.6238,-6.88819],[107.6234,-6.8878],[107.6235,-6.8877],[107.6232,-6.8874],[107.625,-6.88562],[107.6268,-6.8874]]],[[[107.6171,-6.8877],[107.6189,-6.88592],[107.6207,-6.8877],[107.6189,-6.88948],[107.6171,-6.8877]]],[[[107.62297,-6.88447],[107.6233,-6.8848],[107.62294,-6.88515],[107.624,-6.8862],[107.6222,-6.88798],[107.6204,-6.8862],[107.62076,-6.88585],[107.6197,-6.8848],[107.62101,-6.8835],[107.6204,-6.8829],[107.62134,-6.88197],[107.61969,-6.88032],[107.62148,-6.87854],[107.62328,-6.88032],[107.62234,-6.88125],[107.62248,-6.88139],[107.62264,-6.88123],[107.62444,-6.88301],[107.62297,-6.88447]]],[[[107.6112,-6.8831],[107.61145,-6.88285],[107.6114,-6.8828],[107.6132,-6.88102],[107.615,-6.8828],[107.61475,-6.88305],[107.6148,-6.8831],[107.613,-6.88488],[107.6112,-6.8831]]],[[[107.6118,-6.881],[107.61099,-6.8818],[107.6112,-6.882],[107.6094,-6.88378],[107.6076,-6.882],[107.60841,-6.8812],[107.6082,-6.881],[107.61,-6.87922],[107.6118,-6.881]]],[[[107.618,-6.8811],[107.61749,-6.8816],[107.6189,-6.883],[107.6171,-6.88478],[107.6153,-6.883],[107.61581,-6.8825],[107.6144,-6.8811],[107.61541,-6.8801],[107.6148,-6.8795],[107.61495,-6.87936],[107.61448,-6.87889],[107.61534,-6.87804],[107.6153,-6.878],[107.6171,-6.87622],[107.6189,-6.878],[107.61804,-6.87885],[107.6182,-6.879],[107.61804,-6.87915],[107.6184,-6.8795],[107.61739,-6.8805],[107.618,-6.8811]]],[[[107.6045,-6.8803],[107.60546,-6.87935],[107.6045,-6.8784],[107.6063,-6.87662],[107.6081,-6.8784],[107.60714,-6.87935],[107.6081,-6.8803],[107.6063,-6.88208],[107.6045,-6.8803]]],[[[107.6237,-6.8786],[107.6255,-6.87682],[107.6273,-6.8786],[107.6255,-6.88038],[107.6237,-6.8786]]],[[[107.61508,-6.87436],[107.61434,-6.87362],[107.61613,-6.87184],[107.61793,-6.87362],[107.61786,-6.87369],[107.6186,-6.87443],[107.61681,-6.87622],[107.61501,-6.87443],[107.61508,-6.87436]]],[[[107.6256,-6.87082],[107.6274,-6.8726],[107.6256,-6.87438],[107.6238,-6.8726],[107.6256,-6.87082]]],[[[107.6063,-6.872],[107.6081,-6.87022],[107.6099,-6.872],[107.6081,-6.87378],[107.6063,-6.872]]],[[[107.6156,-6.8665],[107.6174,-6.86472],[107.6192,-6.8665],[107.61888,-6.86681],[107.6189,-6.86683],[107.61727,-6.86845],[107.61816,-6.86934],[107.61636,-6.87112],[107.61456,-6.86934],[107.6162,-6.86772],[107.61531,-6.86683],[107.61562,-6.86652],[107.6156,-6.8665]]],[[[107.6191,-6.8631],[107.6209,-6.86132],[107.6227,-6.8631],[107.62269,-6.8631],[107.6232,-6.8636],[107.623,-6.8638],[107.623,-6.8638],[107.6212,-6.86558],[107.6194,-6.8638],[107.6196,-6.8636],[107.6196,-6.8636],[107.61961,-6.8636],[107.6191,-6.8631]]],[[[107.6271,-6.9734],[107.6289,-6.97162],[107.6307,-6.9734],[107.6289,-6.97518],[107.6271,-6.9734]]],[[[107.6402,-6.9669],[107.642,-6.96512],[107.6438,-6.9669],[107.642,-6.96868],[107.6402,-6.9669]]],[[[107.6376,-6.9643],[107.6394,-6.96252],[107.6412,-6.9643],[107.6394,-6.96608],[107.6376,-6.9643]]],[[[107.6478,-6.9615],[107.6496,-6.95972],[107.6514,-6.9615],[107.6496,-6.96328],[107.6478,-6.9615]]],[[[107.654,-6.9591],[107.65385,-6.95925],[107.6539,-6.9593],[107.6521,-6.96108],[107.6503,-6.9593],[107.65045,-6.95915],[107.6504,-6.9591],[107.6522,-6.95732],[107.654,-6.9591]]],[[[107.6422,-6.9572],[107.644,-6.95542],[107.6458,-6.9572],[107.644,-6.95898],[107.6422,-6.9572]]],[[[107.625,-6.9531],[107.6268,-6.95132],[107.6286,-6.9531],[107.6268,-6.95488],[107.625,-6.9531]]],[[[107.6351,-6.95349],[107.6343,-6.95428],[107.6325,-6.9525],[107.6343,-6.95072],[107.6353,-6.95171],[107.6361,-6.95092],[107.6379,-6.9527],[107.6361,-6.95448],[107.6351,-6.95349]]],[[[107.6403,-6.94971],[107.6408,-6.94922],[107.6426,-6.951],[107.64259,-6.951],[107.6436,-6.952],[107.64219,-6.9534],[107.6439,-6.9551],[107.6421,-6.95688],[107.6403,-6.9551],[107.64171,-6.9537],[107.6412,-6.95319],[107.6409,-6.95348],[107.6397,-6.95229],[107.6395,-6.95248],[107.63775,-6.95074],[107.6373,-6.95118],[107.6355,-6.9494],[107.6373,-6.94762],[107.63905,-6.94936],[107.6395,-6.94892],[107.6403,-6.94971]]],[[[107.6491,-6.952],[107.6473,-6.95378],[107.6469,-6.95339],[107.6466,-6.95368],[107.6448,-6.9519],[107.6466,-6.95012],[107.647,-6.95051],[107.6473,-6.95022],[107.6491,-6.952]]],[[[107.6422,-6.9498],[107.6422,-6.9498],[107.6421,-6.9497],[107.6439,-6.94792],[107.6457,-6.9497],[107.6457,-6.9497],[107.6458,-6.9498],[107.644,-6.95158],[107.6422,-6.9498]]],[[[107.6506,-6.94998],[107.6488,-6.9482],[107.6506,-6.94642],[107.6524,-6.9482],[107.6506,-6.94998]]],[[[107.6465,-6.94352],[107.6478,-6.94481],[107.6495,-6.94312],[107.6513,-6.9449],[107.6495,-6.94668],[107.6482,-6.94539],[107.6465,-6.94708],[107.6447,-6.9453],[107.6465,-6.94352]]],[[[107.6253,-6.94618],[107.6235,-6.9444],[107.6253,-6.94262],[107.62655,-6.94386],[107.6276,-6.94282],[107.6294,-6.9446],[107.6276,-6.94638],[107.62635,-6.94514],[107.6253,-6.94618]]],[[[107.6483,-6.9405],[107.64775,-6.94104],[107.64803,-6.94132],[107.64742,-6.94193],[107.6475,-6.942],[107.6457,-6.94378],[107.6445,-6.94259],[107.6428,-6.94428],[107.6422,-6.94369],[107.6412,-6.94468],[107.6394,-6.9429],[107.63961,-6.9427],[107.6387,-6.9418],[107.64039,-6.94013],[107.63875,-6.9385],[107.64054,-6.93672],[107.64234,-6.9385],[107.64066,-6.94017],[107.642,-6.94151],[107.6428,-6.94072],[107.644,-6.94191],[107.64411,-6.9418],[107.6429,-6.9406],[107.6447,-6.93882],[107.64555,-6.93966],[107.6465,-6.93872],[107.6483,-6.9405]]],[[[107.65325,-6.93896],[107.6535,-6.93872],[107.6553,-6.9405],[107.6535,-6.94228],[107.65325,-6.94204],[107.653,-6.94228],[107.6519,-6.94119],[107.6506,-6.94248],[107.6488,-6.9407],[107.6506,-6.93892],[107.6517,-6.94001],[107.653,-6.93872],[107.65325,-6.93896]]],[[[107.64365,-6.93893],[107.6436,-6.93898],[107.6418,-6.9372],[107.6436,-6.93542],[107.64375,-6.93557],[107.6438,-6.93552],[107.6456,-6.9373],[107.6438,-6.93908],[107.64365,-6.93893]]],[[[107.6447,-6.9359],[107.6465,-6.93412],[107.6483,-6.9359],[107.6465,-6.93768],[107.6447,-6.9359]]],[[[107.6375,-6.9353],[107.6393,-6.93352],[107.6411,-6.9353],[107.6393,-6.93708],[107.6375,-6.9353]]],[[[107.6337,-6.9353],[107.6337,-6.9353],[107.6336,-6.9352],[107.6354,-6.93342],[107.6372,-6.9352],[107.6372,-6.9352],[107.6373,-6.9353],[107.6355,-6.93708],[107.6337,-6.9353]]],[[[107.6412,-6.9334],[107.643,-6.93162],[107.6448,-6.9334],[107.643,-6.93518],[107.6412,-6.9334]]],[[[107.6475,-6.9301],[107.6493,-6.92832],[107.6494,-6.92841],[107.65,-6.92782],[107.6518,-6.9296],[107.65,-6.93138],[107.6499,-6.93129],[107.6493,-6.93188],[107.6475,-6.9301]]],[[[107.6438,-6.9296],[107.6456,-6.92782],[107.6474,-6.9296],[107.6456,-6.93138],[107.6438,-6.9296]]],[[[107.6414,-6.92968],[107.6413,-6.92978],[107.6395,-6.928],[107.6413,-6.92622],[107.6414,-6.92632],[107.6415,-6.92622],[107.6433,-6.928],[107.6415,-6.92978],[107.6414,-6.92968]]],[[[107.6347,-6.92691],[107.6357,-6.92592],[107.6375,-6.9277],[107.63629,-6.9289],[107.6366,-6.9292],[107.63564,-6.93015],[107.63594,-6.93045],[107.63692,-6.92947],[107.63753,-6.93007],[107.6389,-6.92872],[107.6407,-6.9305],[107.64034,-6.93085],[107.6412,-6.9317],[107.6394,-6.93348],[107.63794,-6.93203],[107.63692,-6.93304],[107.63619,-6.93231],[107.6352,-6.93328],[107.6334,-6.9315],[107.63436,-6.93055],[107.633,-6.9292],[107.63421,-6.928],[107.6341,-6.92789],[107.6331,-6.92888],[107.6313,-6.9271],[107.63146,-6.92695],[107.63,-6.9255],[107.63091,-6.9246],[107.6306,-6.92429],[107.629,-6.92588],[107.6272,-6.9241],[107.6273,-6.924],[107.627,-6.9237],[107.6288,-6.92192],[107.6304,-6.92351],[107.6319,-6.92202],[107.6337,-6.9238],[107.63279,-6.9247],[107.6336,-6.9255],[107.63344,-6.92565],[107.6347,-6.92691]]],[[[107.6463,-6.9273],[107.6481,-6.92552],[107.6499,-6.9273],[107.6481,-6.92908],[107.6463,-6.9273]]],[[[107.6423,-6.9235],[107.6441,-6.92172],[107.6459,-6.9235],[107.6441,-6.92528],[107.6423,-6.9235]]],[[[107.6489,-6.9231],[107.6507,-6.92132],[107.65115,-6.92176],[107.6521,-6.92082],[107.6539,-6.9226],[107.6521,-6.92438],[107.65165,-6.92394],[107.6507,-6.92488],[107.6489,-6.9231]]],[[[107.6346,-6.9216],[107.6364,-6.91982],[107.6382,-6.9216],[107.6364,-6.92338],[107.6346,-6.9216]]],[[[107.6462,-6.92338],[107.6444,-6.9216],[107.64441,-6.92159],[107.6427,-6.9199],[107.64286,-6.91975],[107.6422,-6.9191],[107.644,-6.91732],[107.6443,-6.91761],[107.6448,-6.91712],[107.6461,-6.91841],[107.6476,-6.91692],[107.6494,-6.9187],[107.6476,-6.92048],[107.6463,-6.91919],[107.64594,-6.91955],[107.6463,-6.9199],[107.64629,-6.91991],[107.648,-6.9216],[107.6462,-6.92338]]],[[[107.6323,-6.91572],[107.6341,-6.9175],[107.6323,-6.91928],[107.6305,-6.9175],[107.6323,-6.91572]]],[[[107.6351,-6.91451],[107.6352,-6.91442],[107.63521,-6.91442],[107.63533,-6.9143],[107.63713,-6.91609],[107.63533,-6.91787],[107.63532,-6.91786],[107.6352,-6.91798],[107.6349,-6.91769],[107.6348,-6.91778],[107.633,-6.916],[107.6348,-6.91422],[107.6351,-6.91451]]],[[[107.6271,-6.9155],[107.6289,-6.91372],[107.6307,-6.9155],[107.6289,-6.91728],[107.6271,-6.9155]]],[[[107.64437,-6.91582],[107.6451,-6.91509],[107.6441,-6.9141],[107.6459,-6.91232],[107.6477,-6.9141],[107.64696,-6.91483],[107.64796,-6.91582],[107.64617,-6.9176],[107.64437,-6.91582]]],[[[107.6444,-6.9085],[107.6462,-6.90672],[107.648,-6.9085],[107.64759,-6.9089],[107.649,-6.91031],[107.6497,-6.90962],[107.6515,-6.9114],[107.6497,-6.91318],[107.6481,-6.91159],[107.6474,-6.91228],[107.6456,-6.9105],[107.64601,-6.9101],[107.6444,-6.9085]]],[[[107.6292,-6.911],[107.63036,-6.90985],[107.62871,-6.9082],[107.62836,-6.90854],[107.62657,-6.90676],[107.62836,-6.90497],[107.62885,-6.90546],[107.6306,-6.90372],[107.6324,-6.9055],[107.6311,-6.90678],[107.63136,-6.90704],[107.63125,-6.90716],[107.6322,-6.9081],[107.63104,-6.90925],[107.63145,-6.90966],[107.6315,-6.90962],[107.6329,-6.91101],[107.6338,-6.91012],[107.6356,-6.9119],[107.63469,-6.9128],[107.6349,-6.913],[107.63424,-6.91365],[107.6345,-6.9139],[107.6345,-6.9139],[107.6346,-6.914],[107.6328,-6.91578],[107.631,-6.914],[107.631,-6.914],[107.6309,-6.9139],[107.63156,-6.91325],[107.6313,-6.913],[107.63131,-6.91299],[107.63105,-6.91274],[107.631,-6.91278],[107.6292,-6.911]]],[[[107.6333,-6.9087],[107.6351,-6.90692],[107.6369,-6.9087],[107.6351,-6.91048],[107.6333,-6.9087]]],[[[107.6495,-6.9081],[107.6513,-6.90632],[107.6531,-6.9081],[107.6513,-6.90988],[107.6495,-6.9081]]],[[[107.6385,-6.9077],[107.6403,-6.90592],[107.6421,-6.9077],[107.6403,-6.90948],[107.6385,-6.9077]]],[[[107.6418,-6.906],[107.64231,-6.9055],[107.6423,-6.9055],[107.6441,-6.90372],[107.6459,-6.9055],[107.64539,-6.906],[107.6454,-6.906],[107.6436,-6.90778],[107.6418,-6.906]]],[[[107.6328,-6.9055],[107.6346,-6.90372],[107.6364,-6.9055],[107.6346,-6.90728],[107.6328,-6.9055]]],[[[107.6352,-6.8994],[107.63519,-6.8994],[107.6359,-6.9001],[107.6341,-6.90188],[107.63405,-6.90183],[107.634,-6.90188],[107.63385,-6.90174],[107.63364,-6.90195],[107.63435,-6.90266],[107.6358,-6.90122],[107.6362,-6.90161],[107.6365,-6.90132],[107.6372,-6.90201],[107.6376,-6.90162],[107.6394,-6.9034],[107.6376,-6.90518],[107.6369,-6.90449],[107.6365,-6.90488],[107.6361,-6.90449],[107.6358,-6.90478],[107.63425,-6.90324],[107.6328,-6.90468],[107.63195,-6.90384],[107.6316,-6.90418],[107.6298,-6.9024],[107.63071,-6.9015],[107.63035,-6.90114],[107.6296,-6.90188],[107.6278,-6.9001],[107.62785,-6.90005],[107.6275,-6.8997],[107.6293,-6.89792],[107.6311,-6.8997],[107.63105,-6.89975],[107.63105,-6.89976],[107.6318,-6.89902],[107.63189,-6.89911],[107.6334,-6.89762],[107.6352,-6.8994]]],[[[107.64,-6.8928],[107.6418,-6.89102],[107.64341,-6.89261],[107.64489,-6.89115],[107.64669,-6.89293],[107.64565,-6.89396],[107.6459,-6.8942],[107.64489,-6.8952],[107.6466,-6.8969],[107.6448,-6.89868],[107.64475,-6.89863],[107.6447,-6.89868],[107.64466,-6.89864],[107.64407,-6.89922],[107.6443,-6.89945],[107.64412,-6.89963],[107.64514,-6.90065],[107.6454,-6.90039],[107.6451,-6.9001],[107.6469,-6.89832],[107.6487,-6.9001],[107.64839,-6.9004],[107.649,-6.901],[107.64844,-6.90155],[107.6499,-6.903],[107.64975,-6.90315],[107.6498,-6.9032],[107.648,-6.90498],[107.6462,-6.9032],[107.64635,-6.90305],[107.6463,-6.903],[107.64679,-6.90251],[107.64578,-6.90151],[107.64504,-6.90225],[107.6452,-6.9024],[107.6434,-6.90418],[107.6416,-6.9024],[107.64246,-6.90155],[107.6423,-6.9014],[107.64249,-6.90122],[107.6407,-6.89945],[107.64143,-6.89873],[107.6412,-6.8985],[107.643,-6.89672],[107.64304,-6.89676],[107.64396,-6.89585],[107.6438,-6.89569],[107.6422,-6.89728],[107.64215,-6.89723],[107.6421,-6.89728],[107.6403,-6.8955],[107.64151,-6.8943],[107.64,-6.8928]],[[107.64244,-6.89395],[107.6425,-6.89401],[107.64334,-6.89317],[107.64328,-6.89311],[107.64244,-6.89395]]],[[[107.63832,-6.89801],[107.63652,-6.8998],[107.6365,-6.89978],[107.6362,-6.90008],[107.6344,-6.8983],[107.63451,-6.8982],[107.6342,-6.89789],[107.63417,-6.89792],[107.63262,-6.89637],[107.6319,-6.89708],[107.6301,-6.8953],[107.6319,-6.89352],[107.63346,-6.89506],[107.63417,-6.89435],[107.63447,-6.89464],[107.6355,-6.89362],[107.6373,-6.8954],[107.63704,-6.89565],[107.6384,-6.897],[107.63794,-6.89745],[107.6384,-6.8979],[107.6383,-6.898],[107.63832,-6.89801]]],[[[107.6471,-6.8976],[107.6489,-6.89582],[107.64894,-6.89586],[107.6506,-6.89422],[107.6524,-6.896],[107.6506,-6.89778],[107.65056,-6.89774],[107.6489,-6.89938],[107.6471,-6.8976]]],[[[107.63855,-6.89296],[107.6393,-6.89222],[107.6411,-6.894],[107.6393,-6.89578],[107.63795,-6.89444],[107.6372,-6.89518],[107.6354,-6.8934],[107.6372,-6.89162],[107.63855,-6.89296]]],[[[107.6302,-6.89032],[107.632,-6.8921],[107.6302,-6.89388],[107.6284,-6.8921],[107.6302,-6.89032]]],[[[107.6662,-6.96808],[107.66586,-6.96775],[107.66526,-6.96835],[107.66346,-6.96657],[107.66526,-6.96479],[107.66559,-6.96512],[107.6662,-6.96452],[107.6663,-6.96462],[107.6664,-6.96452],[107.6682,-6.9663],[107.6664,-6.96808],[107.6663,-6.96798],[107.6662,-6.96808]]],[[[107.6848,-6.9651],[107.683,-6.96688],[107.68175,-6.96564],[107.6803,-6.96708],[107.6785,-6.9653],[107.6803,-6.96352],[107.68155,-6.96476],[107.683,-6.96332],[107.6848,-6.9651]]],[[[107.6551,-6.9645],[107.6569,-6.96272],[107.65755,-6.96336],[107.6584,-6.96252],[107.6602,-6.9643],[107.6584,-6.96608],[107.65775,-6.96544],[107.6569,-6.96628],[107.6551,-6.9645]]],[[[107.661,-6.9616],[107.66171,-6.9609],[107.6612,-6.9604],[107.663,-6.95862],[107.6648,-6.9604],[107.66409,-6.9611],[107.6646,-6.9616],[107.6628,-6.96338],[107.661,-6.9616]]],[[[107.6549,-6.9574],[107.6567,-6.95562],[107.6585,-6.9574],[107.65789,-6.958],[107.65905,-6.95916],[107.6594,-6.95882],[107.6612,-6.9606],[107.6594,-6.96238],[107.65785,-6.96084],[107.6575,-6.96118],[107.65571,-6.9594],[107.65631,-6.9588],[107.6549,-6.9574]]],[[[107.6672,-6.9568],[107.669,-6.95502],[107.67055,-6.95656],[107.6716,-6.95552],[107.67195,-6.95586],[107.6721,-6.95572],[107.6739,-6.9575],[107.6721,-6.95928],[107.67175,-6.95894],[107.6716,-6.95908],[107.67005,-6.95754],[107.669,-6.95858],[107.6672,-6.9568]]],[[[107.67607,-6.95638],[107.67787,-6.9546],[107.67966,-6.95638],[107.67787,-6.95817],[107.67607,-6.95638]]],[[[107.6617,-6.955],[107.6635,-6.95322],[107.6653,-6.955],[107.6635,-6.95678],[107.6617,-6.955]]],[[[107.667,-6.94932],[107.6688,-6.9511],[107.667,-6.95288],[107.6652,-6.9511],[107.667,-6.94932]]],[[[107.6601,-6.9484],[107.66111,-6.9474],[107.6607,-6.947],[107.6625,-6.94522],[107.6643,-6.947],[107.66334,-6.94795],[107.6641,-6.9487],[107.66334,-6.94945],[107.664,-6.9501],[107.66279,-6.9513],[107.6636,-6.9521],[107.6618,-6.95388],[107.66,-6.9521],[107.66121,-6.9509],[107.6604,-6.9501],[107.66111,-6.9494],[107.6601,-6.9484]]],[[[107.6742,-6.9481],[107.67501,-6.9473],[107.6744,-6.9467],[107.67466,-6.94645],[107.6741,-6.9459],[107.6759,-6.94412],[107.6777,-6.9459],[107.67744,-6.94615],[107.678,-6.9467],[107.67719,-6.9475],[107.6778,-6.9481],[107.676,-6.94988],[107.6742,-6.9481]]],[[[107.6563,-6.9456],[107.6581,-6.94382],[107.6599,-6.9456],[107.6581,-6.94738],[107.6563,-6.9456]]],[[[107.6804,-6.9453],[107.6822,-6.94352],[107.684,-6.9453],[107.6822,-6.94708],[107.6804,-6.9453]]],[[[107.66836,-6.94484],[107.67015,-6.94306],[107.67195,-6.94484],[107.67015,-6.94663],[107.66836,-6.94484]]],[[[107.6834,-6.9445],[107.68346,-6.94444],[107.6819,-6.9429],[107.6837,-6.94112],[107.6855,-6.9429],[107.68544,-6.94296],[107.687,-6.9445],[107.6852,-6.94628],[107.6834,-6.9445]]],[[[107.66265,-6.93656],[107.6631,-6.93612],[107.6649,-6.9379],[107.66409,-6.9387],[107.66588,-6.94048],[107.66409,-6.94227],[107.66229,-6.94048],[107.6631,-6.93968],[107.66255,-6.93914],[107.6621,-6.93958],[107.66058,-6.93807],[107.6594,-6.93924],[107.65863,-6.93847],[107.65779,-6.9393],[107.6587,-6.9402],[107.6602,-6.93872],[107.662,-6.9405],[107.6616,-6.94089],[107.66299,-6.94228],[107.6612,-6.94406],[107.6594,-6.94228],[107.6598,-6.94188],[107.6585,-6.9406],[107.657,-6.94208],[107.6552,-6.9403],[107.65611,-6.9394],[107.6551,-6.9384],[107.6569,-6.93662],[107.65768,-6.93739],[107.65864,-6.93643],[107.6583,-6.9361],[107.6601,-6.93432],[107.6619,-6.9361],[107.66087,-6.93712],[107.66093,-6.93718],[107.6621,-6.93602],[107.66265,-6.93656]]],[[[107.67854,-6.93251],[107.67903,-6.93202],[107.6778,-6.9308],[107.6796,-6.92902],[107.6814,-6.9308],[107.67999,-6.9322],[107.68015,-6.93237],[107.6802,-6.93232],[107.682,-6.9341],[107.68099,-6.9351],[107.6817,-6.93581],[107.6822,-6.93532],[107.684,-6.9371],[107.6822,-6.93888],[107.681,-6.93769],[107.68064,-6.93805],[107.6817,-6.9391],[107.68134,-6.93945],[107.6823,-6.9404],[107.6805,-6.94218],[107.6787,-6.9404],[107.67906,-6.94005],[107.6781,-6.9391],[107.67976,-6.93745],[107.6787,-6.9364],[107.67936,-6.93575],[107.67912,-6.9355],[107.67908,-6.93555],[107.67847,-6.93494],[107.67793,-6.93547],[107.67627,-6.93382],[107.6759,-6.93418],[107.6741,-6.9324],[107.6759,-6.93062],[107.67756,-6.93227],[107.67793,-6.9319],[107.67854,-6.93251]]],[[[107.6851,-6.92892],[107.6869,-6.9307],[107.6851,-6.93248],[107.6833,-6.9307],[107.6851,-6.92892]]],[[[107.6681,-6.92792],[107.6699,-6.9297],[107.6681,-6.93148],[107.6663,-6.9297],[107.6681,-6.92792]]],[[[107.6737,-6.9291],[107.6755,-6.92732],[107.6773,-6.9291],[107.6755,-6.93088],[107.6737,-6.9291]]],[[[107.6507,-6.9282],[107.6525,-6.92642],[107.6543,-6.9282],[107.6525,-6.92998],[107.6507,-6.9282]]],[[[107.6618,-6.92651],[107.6627,-6.92562],[107.6634,-6.92631],[107.66406,-6.92565],[107.6632,-6.9248],[107.665,-6.92302],[107.6668,-6.9248],[107.66564,-6.92595],[107.6665,-6.9268],[107.6647,-6.92858],[107.664,-6.92789],[107.6627,-6.92918],[107.661,-6.92749],[107.6601,-6.92838],[107.66005,-6.92833],[107.66,-6.92838],[107.65835,-6.92675],[107.6568,-6.92828],[107.65627,-6.92775],[107.65598,-6.92804],[107.65419,-6.92625],[107.65473,-6.92572],[107.6535,-6.9245],[107.6553,-6.92272],[107.6571,-6.9245],[107.65684,-6.92476],[107.65845,-6.92635],[107.66,-6.92482],[107.66005,-6.92487],[107.6601,-6.92482],[107.6618,-6.92651]]],[[[107.6862,-6.9255],[107.688,-6.92372],[107.6898,-6.9255],[107.688,-6.92728],[107.6862,-6.9255]]],[[[107.6816,-6.9248],[107.6834,-6.92302],[107.6852,-6.9248],[107.6834,-6.92658],[107.6816,-6.9248]]],[[[107.65843,-6.92218],[107.66022,-6.92039],[107.66202,-6.92218],[107.66022,-6.92396],[107.65843,-6.92218]]],[[[107.6696,-6.9213],[107.6714,-6.91952],[107.67155,-6.91967],[107.6717,-6.91952],[107.67345,-6.92125],[107.6752,-6.91952],[107.6754,-6.91972],[107.6756,-6.91952],[107.67688,-6.92079],[107.67689,-6.92078],[107.67841,-6.92229],[107.6802,-6.92052],[107.682,-6.9223],[107.6802,-6.92408],[107.67868,-6.92257],[107.67689,-6.92435],[107.67561,-6.92307],[107.6756,-6.92308],[107.6754,-6.92288],[107.6752,-6.92308],[107.67345,-6.92135],[107.6717,-6.92308],[107.67155,-6.92293],[107.6714,-6.92308],[107.6696,-6.9213]]],[[[107.6864,-6.9207],[107.68629,-6.9208],[107.6875,-6.922],[107.6857,-6.92378],[107.6839,-6.922],[107.68401,-6.9219],[107.6828,-6.9207],[107.6846,-6.91892],[107.6864,-6.9207]]],[[[107.6634,-6.9153],[107.66453,-6.91418],[107.66312,-6.91277],[107.66491,-6.91099],[107.66662,-6.91268],[107.6679,-6.91142],[107.6697,-6.9132],[107.6679,-6.91498],[107.66619,-6.91329],[107.66558,-6.91389],[107.667,-6.9153],[107.66579,-6.9165],[107.6673,-6.918],[107.66609,-6.9192],[107.6674,-6.9205],[107.6656,-6.92228],[107.6638,-6.9205],[107.66501,-6.9193],[107.6637,-6.918],[107.66491,-6.9168],[107.6634,-6.9153]]],[[[107.6556,-6.913],[107.65449,-6.9141],[107.65485,-6.91446],[107.6561,-6.91322],[107.6579,-6.915],[107.65789,-6.915],[107.6587,-6.9158],[107.65699,-6.9175],[107.6574,-6.9179],[107.65669,-6.9186],[107.65695,-6.91886],[107.658,-6.91782],[107.65845,-6.91826],[107.6602,-6.91652],[107.662,-6.9183],[107.6602,-6.92008],[107.65975,-6.91964],[107.658,-6.92138],[107.65685,-6.92024],[107.6558,-6.92128],[107.654,-6.9195],[107.65466,-6.91885],[107.6535,-6.9177],[107.6535,-6.9177],[107.6534,-6.9176],[107.65516,-6.91586],[107.6551,-6.9158],[107.65511,-6.9158],[107.65475,-6.91544],[107.6535,-6.91668],[107.6517,-6.9149],[107.65281,-6.9138],[107.652,-6.913],[107.6538,-6.91122],[107.6556,-6.913]]],[[[107.6767,-6.9149],[107.6785,-6.91312],[107.6803,-6.9149],[107.6785,-6.91668],[107.6767,-6.9149]]],[[[107.67995,-6.91302],[107.68175,-6.91124],[107.68332,-6.91279],[107.6841,-6.91202],[107.6859,-6.9138],[107.68459,-6.9151],[107.6854,-6.91591],[107.687,-6.91432],[107.6888,-6.9161],[107.687,-6.91788],[107.686,-6.91689],[107.6844,-6.91848],[107.6827,-6.91679],[107.6817,-6.91778],[107.6799,-6.916],[107.68143,-6.91449],[107.67995,-6.91302]],[[107.68202,-6.91453],[107.6834,-6.91591],[107.68391,-6.9154],[107.68253,-6.91403],[107.68202,-6.91453]]],[[[107.6579,-6.9145],[107.6597,-6.91272],[107.6615,-6.9145],[107.6597,-6.91628],[107.6579,-6.9145]]],[[[107.6676,-6.9092],[107.6677,-6.9091],[107.6677,-6.9091],[107.6695,-6.90732],[107.67075,-6.90856],[107.6708,-6.90852],[107.6726,-6.9103],[107.6708,-6.91208],[107.66955,-6.91084],[107.6694,-6.91098],[107.6676,-6.9092]]],[[[107.6562,-6.9105],[107.65786,-6.90885],[107.6564,-6.9074],[107.6582,-6.90562],[107.66,-6.9074],[107.65834,-6.90905],[107.6598,-6.9105],[107.658,-6.91228],[107.6562,-6.9105]]],[[[107.67359,-6.9058],[107.6743,-6.90651],[107.67516,-6.90565],[107.674,-6.9045],[107.67501,-6.9035],[107.6744,-6.9029],[107.6762,-6.90112],[107.678,-6.9029],[107.67699,-6.9039],[107.6776,-6.9045],[107.67644,-6.90565],[107.6779,-6.9071],[107.6779,-6.9071],[107.6781,-6.9073],[107.67724,-6.90815],[107.6786,-6.90951],[107.6791,-6.90902],[107.6809,-6.9108],[107.6791,-6.91258],[107.6776,-6.91109],[107.6771,-6.91158],[107.6753,-6.9098],[107.67616,-6.90895],[107.6758,-6.90859],[107.6754,-6.90898],[107.6737,-6.90729],[107.6726,-6.90838],[107.6708,-6.9066],[107.67081,-6.9066],[107.67,-6.9058],[107.6718,-6.90402],[107.6736,-6.9058],[107.67359,-6.9058]]],[[[107.6657,-6.90202],[107.6665,-6.90281],[107.6674,-6.90192],[107.6692,-6.9037],[107.6692,-6.9037],[107.6694,-6.9039],[107.6676,-6.90568],[107.6666,-6.90469],[107.66579,-6.9055],[107.6665,-6.9062],[107.66564,-6.90705],[107.6668,-6.9082],[107.665,-6.90998],[107.6632,-6.9082],[107.66406,-6.90735],[107.6629,-6.9062],[107.66461,-6.9045],[107.66455,-6.90444],[107.6645,-6.90448],[107.6627,-6.9027],[107.6645,-6.90092],[107.66565,-6.90206],[107.6657,-6.90202]]],[[[107.6601,-6.9053],[107.6619,-6.90352],[107.6637,-6.9053],[107.6619,-6.90708],[107.6601,-6.9053]]],[[[107.68055,-6.90196],[107.6807,-6.90182],[107.6825,-6.9036],[107.6824,-6.9037],[107.6824,-6.9037],[107.68169,-6.9044],[107.6824,-6.9051],[107.68219,-6.9053],[107.6825,-6.9056],[107.6807,-6.90738],[107.6789,-6.9056],[107.67911,-6.9054],[107.6788,-6.9051],[107.67946,-6.90445],[107.6785,-6.9035],[107.6803,-6.90172],[107.68055,-6.90196]]],[[[107.6512,-6.9023],[107.653,-6.90052],[107.6548,-6.9023],[107.65465,-6.90245],[107.6547,-6.9025],[107.65455,-6.90265],[107.6546,-6.9027],[107.6528,-6.90448],[107.651,-6.9027],[107.65115,-6.90255],[107.6511,-6.9025],[107.65125,-6.90235],[107.6512,-6.9023]]],[[[107.659,-6.899],[107.6608,-6.89722],[107.6626,-6.899],[107.66144,-6.90015],[107.662,-6.9007],[107.6602,-6.90248],[107.6599,-6.90219],[107.6596,-6.90248],[107.65805,-6.90094],[107.65774,-6.90125],[107.6592,-6.9027],[107.65915,-6.90275],[107.66004,-6.90364],[107.65825,-6.90542],[107.65725,-6.90443],[107.6572,-6.90448],[107.6554,-6.9027],[107.65716,-6.90095],[107.6558,-6.8996],[107.65611,-6.8993],[107.6551,-6.8983],[107.6569,-6.89652],[107.6587,-6.8983],[107.65839,-6.8986],[107.65915,-6.89936],[107.65926,-6.89925],[107.659,-6.899]]],[[[107.6839,-6.9008],[107.6857,-6.89902],[107.6875,-6.9008],[107.6857,-6.90258],[107.6839,-6.9008]]],[[[107.679,-6.8992],[107.6808,-6.89742],[107.6826,-6.8992],[107.6808,-6.90098],[107.679,-6.8992]]],[[[107.67531,-6.90155],[107.67382,-6.90007],[107.6738,-6.90008],[107.672,-6.8983],[107.6738,-6.89652],[107.67496,-6.89766],[107.67549,-6.89713],[107.67729,-6.89892],[107.67677,-6.89943],[107.67711,-6.89976],[107.67531,-6.90155]]],[[[107.6592,-6.89422],[107.661,-6.896],[107.6592,-6.89778],[107.6574,-6.896],[107.6592,-6.89422]]],[[[107.6787,-6.89262],[107.6805,-6.8944],[107.6787,-6.89618],[107.6769,-6.8944],[107.6787,-6.89262]]],[[[107.6554,-6.8933],[107.65545,-6.89325],[107.6554,-6.8932],[107.6572,-6.89142],[107.659,-6.8932],[107.65895,-6.89325],[107.659,-6.8933],[107.6572,-6.89508],[107.6554,-6.8933]]],[[[107.66225,-6.89016],[107.6632,-6.88922],[107.665,-6.891],[107.6632,-6.89278],[107.66145,-6.89104],[107.6605,-6.89198],[107.6587,-6.8902],[107.6605,-6.88842],[107.66225,-6.89016]]],[[[107.7036,-6.9649],[107.7054,-6.96312],[107.7072,-6.9649],[107.7054,-6.96668],[107.7036,-6.9649]]],[[[107.7002,-6.9608],[107.70025,-6.96075],[107.7002,-6.9607],[107.702,-6.95892],[107.7038,-6.9607],[107.70375,-6.96075],[107.7038,-6.9608],[107.702,-6.96258],[107.7002,-6.9608]]],[[[107.7096,-6.9576],[107.70854,-6.95865],[107.7091,-6.9592],[107.7073,-6.96098],[107.7055,-6.9592],[107.70563,-6.95908],[107.70468,-6.95814],[107.70648,-6.95636],[107.70687,-6.95674],[107.7078,-6.95582],[107.7096,-6.9576]]],[[[107.6975,-6.9516],[107.6993,-6.94982],[107.7011,-6.9516],[107.6993,-6.95338],[107.6975,-6.9516]]],[[[107.70446,-6.94871],[107.70625,-6.94693],[107.70805,-6.94871],[107.70625,-6.95049],[107.70446,-6.94871]]],[[[107.6897,-6.94562],[107.6915,-6.9474],[107.6897,-6.94918],[107.6879,-6.9474],[107.6897,-6.94562]]],[[[107.7143,-6.94382],[107.7161,-6.9456],[107.7143,-6.94738],[107.7125,-6.9456],[107.7143,-6.94382]]],[[[107.7041,-6.9446],[107.7059,-6.94282],[107.7077,-6.9446],[107.70763,-6.94466],[107.70776,-6.94479],[107.70657,-6.94597],[107.7066,-6.946],[107.7048,-6.94778],[107.703,-6.946],[107.70419,-6.94482],[107.70416,-6.94479],[107.70423,-6.94472],[107.7041,-6.9446]]],[[[107.6881,-6.943],[107.6899,-6.94122],[107.6917,-6.943],[107.6899,-6.94478],[107.6881,-6.943]]],[[[107.7147,-6.942],[107.7165,-6.94022],[107.7183,-6.942],[107.7165,-6.94378],[107.7147,-6.942]]],[[[107.6936,-6.9408],[107.6918,-6.94258],[107.6917,-6.94248],[107.6916,-6.94258],[107.6898,-6.9408],[107.6916,-6.93902],[107.6917,-6.93912],[107.6918,-6.93902],[107.6936,-6.9408]]],[[[107.7137,-6.9397],[107.71304,-6.94035],[107.7131,-6.9404],[107.71309,-6.94041],[107.7146,-6.9419],[107.7128,-6.94368],[107.71134,-6.94224],[107.7113,-6.94228],[107.7095,-6.9405],[107.70955,-6.94045],[107.7095,-6.9404],[107.71001,-6.9399],[107.7087,-6.9386],[107.7105,-6.93682],[107.7114,-6.93771],[107.7129,-6.93622],[107.7147,-6.938],[107.71334,-6.93935],[107.7137,-6.9397]]],[[[107.7071,-6.9345],[107.7089,-6.93272],[107.7107,-6.9345],[107.7089,-6.93628],[107.7071,-6.9345]]],[[[107.71945,-6.93406],[107.721,-6.93252],[107.72115,-6.93267],[107.7214,-6.93242],[107.7232,-6.9342],[107.7214,-6.93598],[107.72125,-6.93583],[107.721,-6.93608],[107.71985,-6.93494],[107.7183,-6.93648],[107.717,-6.93519],[107.7169,-6.93528],[107.7151,-6.9335],[107.7151,-6.9335],[107.715,-6.9334],[107.7168,-6.93162],[107.7182,-6.93301],[107.7183,-6.93292],[107.71945,-6.93406]]],[[[107.712,-6.9316],[107.7138,-6.92982],[107.7156,-6.9316],[107.7138,-6.93338],[107.712,-6.9316]]],[[[107.6962,-6.9298],[107.698,-6.92802],[107.6998,-6.9298],[107.698,-6.93158],[107.6962,-6.9298]]],[[[107.6891,-6.9278],[107.6909,-6.92602],[107.6927,-6.9278],[107.6909,-6.92958],[107.6891,-6.9278]]],[[[107.7068,-6.924],[107.70564,-6.92515],[107.7067,-6.9262],[107.7049,-6.92798],[107.7031,-6.9262],[107.70426,-6.92505],[107.7032,-6.924],[107.705,-6.92222],[107.7068,-6.924]]],[[[107.6898,-6.9247],[107.6916,-6.92292],[107.6934,-6.9247],[107.6916,-6.92648],[107.6898,-6.9247]]],[[[107.6991,-6.923],[107.7009,-6.92122],[107.7027,-6.923],[107.7009,-6.92478],[107.6991,-6.923]]],[[[107.7117,-6.9245],[107.7099,-6.92628],[107.7081,-6.9245],[107.70936,-6.92325],[107.70875,-6.92264],[107.7087,-6.92268],[107.7069,-6.9209],[107.7087,-6.91912],[107.70935,-6.91976],[107.7094,-6.91972],[107.70955,-6.91986],[107.7099,-6.91952],[107.7117,-6.9213],[107.71008,-6.9229],[107.7117,-6.9245]]],[[[107.7181,-6.9227],[107.7199,-6.92092],[107.7217,-6.9227],[107.7199,-6.92448],[107.7181,-6.9227]]],[[[107.716,-6.91702],[107.7178,-6.9188],[107.71659,-6.92],[107.7181,-6.9215],[107.71638,-6.9232],[107.7179,-6.9247],[107.71784,-6.92476],[107.7194,-6.9263],[107.7176,-6.92808],[107.7158,-6.9263],[107.71586,-6.92624],[107.7143,-6.9247],[107.71602,-6.923],[107.7158,-6.92279],[107.71484,-6.92374],[107.7149,-6.9238],[107.7131,-6.92558],[107.7113,-6.9238],[107.71256,-6.92255],[107.7119,-6.9219],[107.7137,-6.92012],[107.71425,-6.92066],[107.7149,-6.92002],[107.71545,-6.92056],[107.71571,-6.9203],[107.7142,-6.9188],[107.716,-6.91702]]],[[[107.7051,-6.91392],[107.7055,-6.91431],[107.7061,-6.91372],[107.7079,-6.9155],[107.70699,-6.9164],[107.708,-6.9174],[107.70784,-6.91755],[107.7084,-6.9181],[107.70825,-6.91825],[107.7083,-6.9183],[107.70764,-6.91895],[107.708,-6.9193],[107.7062,-6.92108],[107.7044,-6.9193],[107.70506,-6.91865],[107.7047,-6.9183],[107.70485,-6.91815],[107.7048,-6.9181],[107.70496,-6.91795],[107.7046,-6.91759],[107.70454,-6.91764],[107.7047,-6.9178],[107.7029,-6.91958],[107.7011,-6.9178],[107.70266,-6.91626],[107.7025,-6.9161],[107.7027,-6.9159],[107.7026,-6.9158],[107.7044,-6.91402],[107.7047,-6.91431],[107.7051,-6.91392]]],[[[107.7284,-6.916],[107.72709,-6.9173],[107.7271,-6.9173],[107.72578,-6.91861],[107.72715,-6.91997],[107.72535,-6.92176],[107.72356,-6.91997],[107.72488,-6.91866],[107.7235,-6.9173],[107.72416,-6.91665],[107.7231,-6.9156],[107.7249,-6.91382],[107.72595,-6.91486],[107.72636,-6.91446],[107.7262,-6.9143],[107.728,-6.91252],[107.7298,-6.9143],[107.72824,-6.91584],[107.7284,-6.916]]],[[[107.715,-6.9134],[107.7168,-6.91162],[107.71685,-6.91167],[107.7169,-6.91162],[107.7184,-6.91311],[107.7197,-6.91182],[107.7215,-6.9136],[107.7213,-6.9138],[107.7215,-6.914],[107.7197,-6.91578],[107.71956,-6.91564],[107.7179,-6.91728],[107.7161,-6.9155],[107.71661,-6.915],[107.715,-6.9134]]],[[[107.6937,-6.9139],[107.6955,-6.91212],[107.6973,-6.9139],[107.6955,-6.91568],[107.6937,-6.9139]]],[[[107.70715,-6.91305],[107.70735,-6.91285],[107.707,-6.9125],[107.7088,-6.91072],[107.7106,-6.9125],[107.7104,-6.9127],[107.71075,-6.91305],[107.70895,-6.91483],[107.70715,-6.91305]]],[[[107.7224,-6.9123],[107.7242,-6.91052],[107.726,-6.9123],[107.7242,-6.91408],[107.7224,-6.9123]]],[[[107.7035,-6.91319],[107.702,-6.91468],[107.7002,-6.9129],[107.70025,-6.91285],[107.6999,-6.9125],[107.70115,-6.91126],[107.70103,-6.91115],[107.70185,-6.91033],[107.7004,-6.9089],[107.7022,-6.90712],[107.704,-6.9089],[107.70318,-6.90971],[107.70364,-6.91017],[107.7047,-6.90912],[107.7065,-6.9109],[107.70564,-6.91175],[107.706,-6.9121],[107.7042,-6.91388],[107.7035,-6.91319]]],[[[107.6907,-6.9095],[107.69111,-6.9091],[107.691,-6.909],[107.6928,-6.90722],[107.6946,-6.909],[107.69419,-6.9094],[107.6943,-6.9095],[107.69349,-6.9103],[107.6943,-6.9111],[107.6925,-6.91288],[107.6924,-6.91278],[107.6923,-6.91288],[107.6905,-6.9111],[107.69141,-6.9102],[107.6907,-6.9095]]],[[[107.7283,-6.90792],[107.7301,-6.9097],[107.7283,-6.91148],[107.7265,-6.9097],[107.7283,-6.90792]]],[[[107.7246,-6.90622],[107.7264,-6.908],[107.72489,-6.90949],[107.725,-6.9096],[107.7232,-6.91138],[107.72315,-6.91134],[107.7227,-6.91178],[107.7209,-6.91],[107.7227,-6.90822],[107.72275,-6.90826],[107.72291,-6.90811],[107.7228,-6.908],[107.7246,-6.90622]]],[[[107.7166,-6.9081],[107.71589,-6.9088],[107.7161,-6.909],[107.7143,-6.91078],[107.7125,-6.909],[107.71321,-6.9083],[107.713,-6.9081],[107.7148,-6.90632],[107.7166,-6.9081]]],[[[107.7083,-6.90861],[107.7094,-6.90752],[107.7112,-6.9093],[107.7094,-6.91108],[107.7077,-6.90939],[107.7066,-6.91048],[107.70625,-6.91014],[107.706,-6.91038],[107.7042,-6.9086],[107.70421,-6.90859],[107.7026,-6.907],[107.7044,-6.90522],[107.7062,-6.907],[107.70619,-6.90701],[107.70635,-6.90716],[107.7066,-6.90692],[107.7083,-6.90861]]],[[[107.6866,-6.9074],[107.6884,-6.90562],[107.6902,-6.9074],[107.69,-6.9076],[107.69,-6.9076],[107.68989,-6.9077],[107.6905,-6.9083],[107.6887,-6.91008],[107.6869,-6.9083],[107.68701,-6.9082],[107.6864,-6.9076],[107.6866,-6.9074],[107.6866,-6.9074]]],[[[107.6955,-6.9074],[107.6973,-6.90562],[107.6991,-6.9074],[107.6973,-6.90918],[107.6955,-6.9074]]],[[[107.7216,-6.9048],[107.7234,-6.90302],[107.7252,-6.9048],[107.7234,-6.90658],[107.7216,-6.9048]]],[[[107.7141,-6.9027],[107.7159,-6.90092],[107.7177,-6.9027],[107.7159,-6.90448],[107.7141,-6.9027]]],[[[107.7028,-6.901],[107.7046,-6.89922],[107.7064,-6.901],[107.7046,-6.90278],[107.7028,-6.901]]],[[[107.7245,-6.89772],[107.7263,-6.8995],[107.7245,-6.90128],[107.7227,-6.8995],[107.7245,-6.89772]]],[[[107.7069,-6.89152],[107.7087,-6.8933],[107.7069,-6.89508],[107.7051,-6.8933],[107.7069,-6.89152]]]]}},{"type":"Feature","properties":{"tipe_zona":"Kantor Pemerintahan","Satwil":"Polda Bali","geofence_limit":40,"jam_mulai":"07:00","jam_selesai":"17:00"},"geometry":{"type":"MultiPolygon","coordinates":[[[[115.22471,-8.67245],[115.22381,-8.67334],[115.22291,-8.67245],[115.22381,-8.67156],[115.22471,-8.67245]]],[[[115.21722,-8.65604],[115.21632,-8.65693],[115.21542,-8.65604],[115.21632,-8.65516],[115.21722,-8.65604]]],[[[115.22216,-8.65634],[115.22126,-8.65545],[115.22216,-8.65456],[115.22306,-8.65545],[115.22216,-8.65634]]],[[[115.17594,-8.60186],[115.17684,-8.60097],[115.17774,-8.60186],[115.17684,-8.60275],[115.17594,-8.60186]]],[[[115.17896,-8.60267],[115.17806,-8.60178],[115.17896,-8.60089],[115.17986,-8.60178],[115.17896,-8.60267]]],[[[115.14043,-8.54354],[115.13953,-8.54266],[115.14043,-8.54177],[115.14133,-8.54266],[115.14043,-8.54354]]],[[[115.13179,-8.54046],[115.13089,-8.53957],[115.13179,-8.53868],[115.13268,-8.53957],[115.13179,-8.54046]]],[[[114.63861,-8.35741],[114.63771,-8.3583],[114.63681,-8.35741],[114.63771,-8.35652],[114.63861,-8.35741]]],[[[114.63507,-8.3565],[114.63597,-8.35562],[114.63687,-8.3565],[114.63597,-8.35739],[114.63507,-8.3565]]],[[[115.09484,-8.12526],[115.09394,-8.12615],[115.09367,-8.12589],[115.09285,-8.1267],[115.09196,-8.12581],[115.09285,-8.12492],[115.09312,-8.12518],[115.09394,-8.12437],[115.09484,-8.12526]]],[[[115.22852,-8.67197],[115.22762,-8.67108],[115.22852,-8.67019],[115.22942,-8.67108],[115.22852,-8.67197]]],[[[115.2282,-8.66985],[115.2273,-8.67074],[115.2264,-8.66985],[115.2273,-8.66897],[115.2282,-8.66985]]],[[[115.23185,-8.66978],[115.23095,-8.66889],[115.23185,-8.668],[115.23275,-8.66889],[115.23185,-8.66978]]],[[[115.23407,-8.66876],[115.23317,-8.66788],[115.23407,-8.66699],[115.23497,-8.66788],[115.23407,-8.66876]]],[[[115.32463,-8.54136],[115.32396,-8.54202],[115.32306,-8.54113],[115.32396,-8.54024],[115.32475,-8.54102],[115.32542,-8.54036],[115.32631,-8.54125],[115.32542,-8.54214],[115.32463,-8.54136]]],[[[115.40382,-8.5347],[115.40292,-8.53559],[115.40202,-8.5347],[115.40292,-8.53382],[115.40382,-8.5347]]],[[[115.40453,-8.52924],[115.40363,-8.52835],[115.40453,-8.52746],[115.40543,-8.52835],[115.40453,-8.52924]]],[[[115.35203,-8.46316],[115.35113,-8.46227],[115.35155,-8.46186],[115.35139,-8.46171],[115.35229,-8.46082],[115.35319,-8.46171],[115.35278,-8.46212],[115.35293,-8.46227],[115.35203,-8.46316]]],[[[115.61125,-8.4391],[115.61215,-8.43822],[115.61305,-8.4391],[115.61215,-8.43999],[115.61125,-8.4391]]],[[[115.61129,-8.4346],[115.61219,-8.43371],[115.61309,-8.4346],[115.61219,-8.43549],[115.61129,-8.4346]]]]}},{"type":"Feature","properties":{"tipe_zona":"Kantor Pemerintahan","Satwil":"Polda DI Yogyakarta","geofence_limit":40,"jam_mulai":"07:00","jam_selesai":"17:00"},"geometry":{"type":"MultiPolygon","coordinates":[[[[110.32226,-7.89008],[110.32316,-7.88919],[110.32406,-7.89008],[110.32316,-7.89097],[110.32226,-7.89008]]],[[[110.3284,-7.88667],[110.3275,-7.88756],[110.3266,-7.88667],[110.3275,-7.88578],[110.3284,-7.88667]]],[[[110.16036,-7.85815],[110.15946,-7.85904],[110.15856,-7.85815],[110.15946,-7.85726],[110.16036,-7.85815]]],[[[110.16181,-7.85579],[110.16271,-7.8549],[110.1636,-7.85579],[110.16271,-7.85668],[110.16181,-7.85579]]],[[[110.36732,-7.79228],[110.36642,-7.79317],[110.36552,-7.79228],[110.36642,-7.79139],[110.36732,-7.79228]]],[[[110.35668,-7.7168],[110.35578,-7.71769],[110.35488,-7.7168],[110.35578,-7.71591],[110.35668,-7.7168]]],[[[110.35355,-7.71583],[110.35444,-7.71494],[110.35534,-7.71583],[110.35444,-7.71672],[110.35355,-7.71583]]],[[[110.59877,-7.96613],[110.59788,-7.96702],[110.59698,-7.96613],[110.59788,-7.96524],[110.59877,-7.96613]]],[[[110.59959,-7.96405],[110.59869,-7.96494],[110.59779,-7.96405],[110.59869,-7.96316],[110.59959,-7.96405]]],[[[110.39201,-7.80028],[110.39111,-7.80117],[110.39021,-7.80028],[110.39111,-7.79939],[110.39201,-7.80028]]],[[[110.3828,-7.8002],[110.3819,-7.80109],[110.381,-7.8002],[110.3819,-7.79931],[110.3828,-7.8002]]],[[[110.39284,-7.79694],[110.39194,-7.79783],[110.39105,-7.79694],[110.39194,-7.79605],[110.39284,-7.79694]]],[[[110.36821,-7.79506],[110.36731,-7.79595],[110.36641,-7.79506],[110.36731,-7.79417],[110.36821,-7.79506]]]]}},{"type":"Feature","properties":{"tipe_zona":"Kantor Pemerintahan","Satwil":"Polresta Surakarta","geofence_limit":40,"jam_mulai":"07:00","jam_selesai":"17:00"},"geometry":{"type":"MultiPolygon","coordinates":[[[[110.83023,-7.56953],[110.82933,-7.57042],[110.82843,-7.56953],[110.82933,-7.56864],[110.83023,-7.56953]]],[[[110.81537,-7.56744],[110.81447,-7.56833],[110.81357,-7.56744],[110.81447,-7.56655],[110.81537,-7.56744]]],[[[110.83304,-7.56457],[110.83214,-7.56546],[110.83125,-7.56457],[110.83214,-7.56368],[110.83304,-7.56457]]],[[[110.78364,-7.54891],[110.78274,-7.5498],[110.78184,-7.54891],[110.78274,-7.54802],[110.78364,-7.54891]]]]}},{"type":"Feature","properties":{"tipe_zona":"Kantor Pemerintahan","Satwil":"Polrestabes Bandung","geofence_limit":40,"jam_mulai":"07:00","jam_selesai":"17:00"},"geometry":{"type":"MultiPolygon","coordinates":[[[[107.63533,-6.91648],[107.63443,-6.91737],[107.63353,-6.91648],[107.63443,-6.91559],[107.63533,-6.91648]]],[[[107.64169,-6.91439],[107.64079,-6.91529],[107.63989,-6.91439],[107.64079,-6.9135],[107.64169,-6.91439]]],[[[107.61075,-6.91088],[107.60986,-6.91177],[107.60896,-6.91088],[107.60986,-6.90999],[107.61075,-6.91088]]],[[[107.621,-6.90643],[107.6219,-6.90554],[107.6228,-6.90643],[107.6219,-6.90732],[107.621,-6.90643]]],[[[107.61788,-6.90231],[107.61877,-6.90142],[107.61967,-6.90231],[107.61877,-6.90321],[107.61788,-6.90231]]]]}},{"type":"Feature","properties":{"tipe_zona":"Kantor Polisi","Satwil":"Polda Bali","geofence_limit":40,"jam_mulai":"00:00","jam_selesai":"23:59"},"geometry":{"type":"MultiPolygon","coordinates":[[[[115.13742,-8.56091],[115.13652,-8.5618],[115.13562,-8.56091],[115.13652,-8.56003],[115.13742,-8.56091]]],[[[115.11666,-8.55699],[115.11576,-8.55788],[115.11486,-8.55699],[115.11576,-8.55611],[115.11666,-8.55699]]],[[[115.13386,-8.53932],[115.13296,-8.54021],[115.13207,-8.53932],[115.13296,-8.53844],[115.13386,-8.53932]]],[[[115.09229,-8.51589],[115.09139,-8.51678],[115.09049,-8.51589],[115.09139,-8.515],[115.09229,-8.51589]]],[[[115.02829,-8.50343],[115.02739,-8.50432],[115.02649,-8.50343],[115.02739,-8.50254],[115.02829,-8.50343]]],[[[115.05456,-8.49738],[115.05366,-8.49827],[115.05276,-8.49738],[115.05366,-8.49649],[115.05456,-8.49738]]],[[[114.95366,-8.48961],[114.95276,-8.4905],[114.95186,-8.48961],[114.95276,-8.48872],[114.95366,-8.48961]]],[[[115.14342,-8.43639],[115.14252,-8.43727],[115.14162,-8.43639],[115.14252,-8.4355],[115.14342,-8.43639]]],[[[114.8224,-8.4182],[114.8215,-8.41909],[114.8206,-8.4182],[114.8215,-8.41731],[114.8224,-8.4182]]],[[[114.69905,-8.38079],[114.69815,-8.38168],[114.69725,-8.38079],[114.69815,-8.3799],[114.69905,-8.38079]]],[[[114.6258,-8.35935],[114.6249,-8.36024],[114.624,-8.35935],[114.6249,-8.35846],[114.6258,-8.35935]]],[[[114.60994,-8.35397],[114.60904,-8.35486],[114.60814,-8.35397],[114.60904,-8.35308],[114.60994,-8.35397]]],[[[115.00647,-8.31663],[115.00558,-8.31752],[115.00468,-8.31663],[115.00558,-8.31574],[115.00647,-8.31663]]],[[[114.49968,-8.27419],[114.49878,-8.27508],[114.49788,-8.27419],[114.49878,-8.2733],[114.49968,-8.27419]]],[[[114.97012,-8.2627],[114.96922,-8.26358],[114.96832,-8.2627],[114.96922,-8.26181],[114.97012,-8.2627]]],[[[114.83358,-8.19479],[114.83448,-8.19391],[114.83538,-8.19479],[114.83448,-8.19568],[114.83358,-8.19479]]],[[[114.93908,-8.19275],[114.93998,-8.19186],[114.94088,-8.19275],[114.93998,-8.19364],[114.93908,-8.19275]]],[[[114.96738,-8.19035],[114.96648,-8.19124],[114.96559,-8.19035],[114.96648,-8.18947],[114.96738,-8.19035]]],[[[114.78554,-8.18389],[114.78465,-8.18478],[114.78375,-8.18389],[114.78465,-8.183],[114.78554,-8.18389]]],[[[114.43617,-8.16441],[114.43527,-8.1653],[114.43437,-8.16441],[114.43527,-8.16352],[114.43617,-8.16441]]],[[[115.09154,-8.11236],[115.09064,-8.11325],[115.08974,-8.11236],[115.09064,-8.11147],[115.09154,-8.11236]]],[[[115.09745,-8.10178],[115.09656,-8.10267],[115.09566,-8.10178],[115.09656,-8.10089],[115.09745,-8.10178]]],[[[115.12825,-8.08978],[115.12735,-8.09067],[115.12645,-8.08978],[115.12735,-8.08889],[115.12825,-8.08978]]],[[[115.21763,-8.79474],[115.21673,-8.79563],[115.21583,-8.79474],[115.21673,-8.79385],[115.21763,-8.79474]]],[[[115.17526,-8.74284],[115.17436,-8.74373],[115.17346,-8.74284],[115.17436,-8.74195],[115.17526,-8.74284]]],[[[115.21129,-8.74027],[115.21039,-8.74116],[115.20949,-8.74027],[115.21039,-8.73938],[115.21129,-8.74027]]],[[[115.17928,-8.73756],[115.17838,-8.73845],[115.17748,-8.73756],[115.17838,-8.73667],[115.17928,-8.73756]]],[[[115.17629,-8.68071],[115.17539,-8.6816],[115.17449,-8.68071],[115.17539,-8.67982],[115.17629,-8.68071]]],[[[115.26011,-8.67645],[115.25921,-8.67734],[115.25831,-8.67645],[115.25921,-8.67556],[115.26011,-8.67645]]],[[[115.26718,-8.6491],[115.26629,-8.64999],[115.26539,-8.6491],[115.26629,-8.64822],[115.26718,-8.6491]]],[[[115.22611,-8.64877],[115.22521,-8.64965],[115.22431,-8.64877],[115.22521,-8.64788],[115.22611,-8.64877]]],[[[115.18378,-8.64849],[115.18289,-8.64937],[115.18199,-8.64849],[115.18289,-8.6476],[115.18378,-8.64849]]],[[[115.14413,-8.63889],[115.14503,-8.638],[115.14592,-8.63889],[115.14503,-8.63977],[115.14413,-8.63889]]],[[[115.21047,-8.63848],[115.21137,-8.6376],[115.21227,-8.63848],[115.21137,-8.63937],[115.21047,-8.63848]]],[[[115.2838,-8.59451],[115.28291,-8.5954],[115.28201,-8.59451],[115.28291,-8.59362],[115.2838,-8.59451]]],[[[115.30131,-8.56118],[115.30041,-8.56207],[115.29951,-8.56118],[115.30041,-8.56029],[115.30131,-8.56118]]],[[[115.17339,-8.56115],[115.17249,-8.56204],[115.17159,-8.56115],[115.17249,-8.56026],[115.17339,-8.56115]]],[[[115.17231,-8.53333],[115.17141,-8.53422],[115.17051,-8.53333],[115.17141,-8.53244],[115.17231,-8.53333]]],[[[115.21126,-8.51932],[115.21036,-8.5202],[115.20946,-8.51932],[115.21036,-8.51843],[115.21126,-8.51932]]],[[[115.27259,-8.5077],[115.27169,-8.50859],[115.27079,-8.5077],[115.27169,-8.50681],[115.27259,-8.5077]]],[[[115.1708,-8.47191],[115.1699,-8.4728],[115.16901,-8.47191],[115.1699,-8.47102],[115.1708,-8.47191]]],[[[115.24597,-8.43468],[115.24507,-8.43557],[115.24418,-8.43468],[115.24507,-8.43379],[115.24597,-8.43468]]],[[[115.27949,-8.42719],[115.27859,-8.42808],[115.27769,-8.42719],[115.27859,-8.4263],[115.27949,-8.42719]]],[[[115.21959,-8.39112],[115.2187,-8.39201],[115.2178,-8.39112],[115.2187,-8.39023],[115.21959,-8.39112]]],[[[115.18264,-8.31316],[115.18174,-8.31405],[115.18084,-8.31316],[115.18174,-8.31227],[115.18264,-8.31316]]],[[[115.17572,-8.08449],[115.17482,-8.08538],[115.17392,-8.08449],[115.17482,-8.0836],[115.17572,-8.08449]]],[[[115.4995,-8.67429],[115.4986,-8.67518],[115.49771,-8.67429],[115.4986,-8.6734],[115.4995,-8.67429]]],[[[115.45325,-8.56077],[115.45235,-8.56166],[115.45145,-8.56077],[115.45235,-8.55989],[115.45325,-8.56077]]],[[[115.37546,-8.55033],[115.37456,-8.55122],[115.37366,-8.55033],[115.37456,-8.54945],[115.37546,-8.55033]]],[[[115.33215,-8.54238],[115.33305,-8.5415],[115.33395,-8.54238],[115.33305,-8.54327],[115.33215,-8.54238]]],[[[115.32231,-8.54161],[115.32321,-8.54072],[115.3241,-8.54161],[115.32321,-8.54249],[115.32231,-8.54161]]],[[[115.4009,-8.53446],[115.4,-8.53535],[115.39911,-8.53446],[115.4,-8.53357],[115.4009,-8.53446]]],[[[115.40113,-8.50841],[115.40023,-8.5093],[115.39933,-8.50841],[115.40023,-8.50752],[115.40113,-8.50841]]],[[[115.51508,-8.49767],[115.51418,-8.49856],[115.51328,-8.49767],[115.51418,-8.49678],[115.51508,-8.49767]]],[[[115.4487,-8.464],[115.4478,-8.46489],[115.4469,-8.464],[115.4478,-8.46311],[115.4487,-8.464]]],[[[115.35548,-8.46278],[115.35458,-8.46367],[115.35368,-8.46278],[115.35458,-8.46189],[115.35548,-8.46278]]],[[[115.61686,-8.44976],[115.61597,-8.45065],[115.61507,-8.44976],[115.61597,-8.44888],[115.61686,-8.44976]]],[[[115.38714,-8.44942],[115.38624,-8.45031],[115.38534,-8.44942],[115.38624,-8.44853],[115.38714,-8.44942]]],[[[115.60715,-8.44901],[115.60625,-8.4499],[115.60536,-8.44901],[115.60625,-8.44813],[115.60715,-8.44901]]],[[[115.35701,-8.44581],[115.35611,-8.4467],[115.35521,-8.44581],[115.35611,-8.44492],[115.35701,-8.44581]]],[[[115.55639,-8.44001],[115.5555,-8.4409],[115.5546,-8.44001],[115.5555,-8.43912],[115.55639,-8.44001]]],[[[115.47543,-8.43668],[115.47453,-8.43757],[115.47363,-8.43668],[115.47453,-8.43579],[115.47543,-8.43668]]],[[[115.31029,-8.41837],[115.30939,-8.41926],[115.30849,-8.41837],[115.30939,-8.41749],[115.31029,-8.41837]]],[[[115.42176,-8.41164],[115.42086,-8.41253],[115.41997,-8.41164],[115.42086,-8.41075],[115.42176,-8.41164]]],[[[115.60406,-8.38324],[115.60316,-8.38413],[115.60227,-8.38324],[115.60316,-8.38235],[115.60406,-8.38324]]],[[[115.34713,-8.3622],[115.34623,-8.36309],[115.34533,-8.3622],[115.34623,-8.36132],[115.34713,-8.3622]]],[[[115.56657,-8.25171],[115.56746,-8.25082],[115.56836,-8.25171],[115.56746,-8.25259],[115.56657,-8.25171]]],[[[115.32478,-8.24091],[115.32568,-8.24002],[115.32658,-8.24091],[115.32568,-8.2418],[115.32478,-8.24091]]]]}},{"type":"Feature","properties":{"tipe_zona":"Kantor Polisi","Satwil":"Polda DI Yogyakarta","geofence_limit":40,"jam_mulai":"00:00","jam_selesai":"23:59"},"geometry":{"type":"MultiPolygon","coordinates":[[[[110.32779,-7.89003],[110.3269,-7.89092],[110.326,-7.89003],[110.3269,-7.88914],[110.32779,-7.89003]]],[[[110.17657,-7.86618],[110.17567,-7.86707],[110.17477,-7.86618],[110.17567,-7.86529],[110.17657,-7.86618]]],[[[110.36378,-7.81452],[110.36288,-7.81541],[110.36198,-7.81452],[110.36288,-7.81363],[110.36378,-7.81452]]],[[[110.35132,-7.80499],[110.35042,-7.80588],[110.34952,-7.80499],[110.35042,-7.8041],[110.35132,-7.80499]]],[[[110.3635,-7.79945],[110.3626,-7.80034],[110.36171,-7.79945],[110.3626,-7.79856],[110.3635,-7.79945]]],[[[110.36116,-7.79746],[110.36026,-7.79836],[110.35936,-7.79746],[110.36026,-7.79657],[110.36116,-7.79746]]],[[[110.36212,-7.78945],[110.36122,-7.79034],[110.36033,-7.78945],[110.36122,-7.78856],[110.36212,-7.78945]]],[[[110.35934,-7.78311],[110.36024,-7.78222],[110.36114,-7.78311],[110.36024,-7.784],[110.35934,-7.78311]]],[[[110.36061,-7.77221],[110.36151,-7.77132],[110.36241,-7.77221],[110.36151,-7.7731],[110.36061,-7.77221]]],[[[110.348,-7.69657],[110.3471,-7.69746],[110.3462,-7.69657],[110.3471,-7.69568],[110.348,-7.69657]]],[[[110.60636,-7.9704],[110.60546,-7.97129],[110.60456,-7.9704],[110.60546,-7.96952],[110.60636,-7.9704]]],[[[110.39987,-7.82266],[110.39897,-7.82355],[110.39807,-7.82266],[110.39897,-7.82177],[110.39987,-7.82266]]],[[[110.3725,-7.81809],[110.3734,-7.8172],[110.37429,-7.81809],[110.3734,-7.81898],[110.3725,-7.81809]]],[[[110.3849,-7.81679],[110.3858,-7.8159],[110.3867,-7.81679],[110.3858,-7.81768],[110.3849,-7.81679]]],[[[110.37101,-7.80383],[110.37011,-7.80472],[110.36921,-7.80383],[110.37011,-7.80294],[110.37101,-7.80383]]],[[[110.37748,-7.79784],[110.37658,-7.79873],[110.37568,-7.79784],[110.37658,-7.79695],[110.37748,-7.79784]]],[[[110.38753,-7.79169],[110.38663,-7.79258],[110.38573,-7.79169],[110.38663,-7.7908],[110.38753,-7.79169]]],[[[110.37714,-7.78839],[110.37804,-7.7875],[110.37894,-7.78839],[110.37804,-7.78928],[110.37714,-7.78839]]],[[[110.39962,-7.75796],[110.40051,-7.75707],[110.40141,-7.75796],[110.40051,-7.75885],[110.39962,-7.75796]]]]}},{"type":"Feature","properties":{"tipe_zona":"Kantor Polisi","Satwil":"Polresta Surakarta","geofence_limit":40,"jam_mulai":"00:00","jam_selesai":"23:59"},"geometry":{"type":"MultiPolygon","coordinates":[[[[110.82012,-7.58159],[110.81922,-7.58248],[110.81833,-7.58159],[110.81922,-7.5807],[110.82012,-7.58159]]],[[[110.82822,-7.57603],[110.82912,-7.57514],[110.83002,-7.57603],[110.82912,-7.57692],[110.82822,-7.57603]]],[[[110.80885,-7.5717],[110.80974,-7.57081],[110.81064,-7.5717],[110.80974,-7.57259],[110.80885,-7.5717]]],[[[110.8219,-7.56642],[110.82101,-7.56731],[110.82011,-7.56642],[110.82101,-7.56553],[110.8219,-7.56642]]],[[[110.80459,-7.56404],[110.80549,-7.56315],[110.80639,-7.56404],[110.80549,-7.56493],[110.80459,-7.56404]]],[[[110.84009,-7.56001],[110.84099,-7.55912],[110.84188,-7.56001],[110.84099,-7.5609],[110.84009,-7.56001]]]]}},{"type":"Feature","properties":{"tipe_zona":"Kantor Polisi","Satwil":"Polrestabes Bandung","geofence_limit":40,"jam_mulai":"00:00","jam_selesai":"23:59"},"geometry":{"type":"MultiPolygon","coordinates":[[[[107.62657,-6.9416],[107.62746,-6.94071],[107.62836,-6.9416],[107.62746,-6.94249],[107.62657,-6.9416]]],[[[107.60597,-6.93968],[107.60687,-6.93879],[107.60777,-6.93968],[107.60687,-6.94057],[107.60597,-6.93968]]],[[[107.595,-6.93721],[107.5959,-6.93632],[107.5968,-6.93721],[107.5959,-6.9381],[107.595,-6.93721]]],[[[107.58831,-6.93509],[107.58921,-6.9342],[107.59011,-6.93509],[107.58921,-6.93598],[107.58831,-6.93509]]],[[[107.57551,-6.93404],[107.57641,-6.93315],[107.57731,-6.93404],[107.57641,-6.93493],[107.57551,-6.93404]]],[[[107.59943,-6.92774],[107.60033,-6.92685],[107.60123,-6.92774],[107.60033,-6.92863],[107.59943,-6.92774]]],[[[107.57319,-6.92528],[107.57409,-6.92439],[107.57499,-6.92528],[107.57409,-6.92617],[107.57319,-6.92528]]],[[[107.59686,-6.91699],[107.59776,-6.9161],[107.59866,-6.91699],[107.59776,-6.91788],[107.59686,-6.91699]]],[[[107.60981,-6.91434],[107.6107,-6.91345],[107.6116,-6.91434],[107.6107,-6.91523],[107.60981,-6.91434]]],[[[107.60473,-6.91066],[107.60563,-6.90977],[107.60653,-6.91066],[107.60563,-6.91155],[107.60473,-6.91066]]],[[[107.62081,-6.90805],[107.62171,-6.90716],[107.62261,-6.90805],[107.62171,-6.90894],[107.62081,-6.90805]]],[[[107.59652,-6.90684],[107.59742,-6.90595],[107.59832,-6.90684],[107.59742,-6.90773],[107.59652,-6.90684]]],[[[107.59566,-6.88832],[107.59656,-6.88743],[107.59746,-6.88832],[107.59656,-6.88921],[107.59566,-6.88832]]],[[[107.61009,-6.88315],[107.61099,-6.88225],[107.61189,-6.88315],[107.61099,-6.88404],[107.61009,-6.88315]]],[[[107.58181,-6.86864],[107.58271,-6.86775],[107.58361,-6.86864],[107.58271,-6.86953],[107.58181,-6.86864]]],[[[107.59831,-6.84757],[107.59921,-6.84667],[107.60011,-6.84757],[107.59921,-6.84846],[107.59831,-6.84757]]],[[[107.69264,-6.96417],[107.69354,-6.96328],[107.69444,-6.96417],[107.69354,-6.96506],[107.69264,-6.96417]]],[[[107.66502,-6.96083],[107.66592,-6.95994],[107.66682,-6.96083],[107.66592,-6.96172],[107.66502,-6.96083]]],[[[107.63595,-6.95871],[107.63685,-6.95782],[107.63775,-6.95871],[107.63685,-6.95961],[107.63595,-6.95871]]],[[[107.67428,-6.94634],[107.67518,-6.94545],[107.67608,-6.94634],[107.67518,-6.94723],[107.67428,-6.94634]]],[[[107.70286,-6.93732],[107.70376,-6.93643],[107.70465,-6.93732],[107.70376,-6.93821],[107.70286,-6.93732]]],[[[107.68358,-6.93724],[107.68448,-6.93635],[107.68538,-6.93724],[107.68448,-6.93813],[107.68358,-6.93724]]],[[[107.71898,-6.93516],[107.71988,-6.93426],[107.72078,-6.93516],[107.71988,-6.93605],[107.71898,-6.93516]]],[[[107.64388,-6.92656],[107.64477,-6.92567],[107.64567,-6.92656],[107.64477,-6.92745],[107.64388,-6.92656]]],[[[107.68333,-6.92025],[107.68423,-6.91936],[107.68513,-6.92025],[107.68423,-6.92114],[107.68333,-6.92025]]],[[[107.71888,-6.91923],[107.71978,-6.91834],[107.72068,-6.91923],[107.71978,-6.92012],[107.71888,-6.91923]]],[[[107.70479,-6.91659],[107.70569,-6.91569],[107.70658,-6.91659],[107.70569,-6.91748],[107.70479,-6.91659]]],[[[107.63072,-6.91512],[107.63162,-6.91422],[107.63252,-6.91512],[107.63162,-6.91601],[107.63072,-6.91512]]],[[[107.68099,-6.90518],[107.68188,-6.90429],[107.68278,-6.90518],[107.68188,-6.90607],[107.68099,-6.90518]]],[[[107.66318,-6.90408],[107.66408,-6.90319],[107.66498,-6.90408],[107.66408,-6.90497],[107.66318,-6.90408]]],[[[107.65249,-6.90317],[107.65339,-6.90228],[107.65429,-6.90317],[107.65339,-6.90406],[107.65249,-6.90317]]],[[[107.63359,-6.89233],[107.63449,-6.89144],[107.63538,-6.89233],[107.63449,-6.89322],[107.63359,-6.89233]]]]}},{"type":"Feature","properties":{"tipe_zona":"Pariwisata","Satwil":"Polda Bali","geofence_limit":30,"jam_mulai":"08:00","jam_selesai":"18:00"},"geometry":{"type":"MultiPolygon","coordinates":[[[[115.16228,-8.8483],[115.16318,-8.84741],[115.16408,-8.8483],[115.16318,-8.84919],[115.16228,-8.8483]]],[[[115.0858,-8.82914],[115.0849,-8.83003],[115.084,-8.82914],[115.0849,-8.82825],[115.0858,-8.82914]]],[[[115.10467,-8.81112],[115.10377,-8.81201],[115.10287,-8.81112],[115.10377,-8.81023],[115.10467,-8.81112]]],[[[115.16728,-8.77658],[115.16638,-8.77747],[115.16548,-8.77658],[115.16638,-8.7757],[115.16728,-8.77658]]],[[[115.16563,-8.70394],[115.16474,-8.70483],[115.16384,-8.70394],[115.16474,-8.70305],[115.16563,-8.70394]]],[[[115.15879,-8.69204],[115.15789,-8.69293],[115.15699,-8.69204],[115.15789,-8.69115],[115.15879,-8.69204]]],[[[115.13303,-8.661],[115.13213,-8.66189],[115.13124,-8.661],[115.13213,-8.66011],[115.13303,-8.661]]],[[[115.0877,-8.62121],[115.08681,-8.6221],[115.08591,-8.62121],[115.08681,-8.62032],[115.0877,-8.62121]]],[[[114.8061,-8.41968],[114.8052,-8.42056],[114.8043,-8.41968],[114.8052,-8.41879],[114.8061,-8.41968]]],[[[115.13214,-8.37011],[115.13125,-8.37099],[115.13035,-8.37011],[115.13125,-8.36922],[115.13214,-8.37011]]],[[[114.5468,-8.35079],[114.5459,-8.35168],[114.545,-8.35079],[114.5459,-8.3499],[114.5468,-8.35079]]],[[[115.15957,-8.30202],[115.15867,-8.30291],[115.15777,-8.30202],[115.15867,-8.30113],[115.15957,-8.30202]]],[[[115.15493,-8.27622],[115.15404,-8.27711],[115.15314,-8.27622],[115.15404,-8.27533],[115.15493,-8.27622]]],[[[115.16772,-8.27517],[115.16682,-8.27606],[115.16592,-8.27517],[115.16682,-8.27429],[115.16772,-8.27517]]],[[[115.10323,-8.25955],[115.10234,-8.26044],[115.10144,-8.25955],[115.10234,-8.25867],[115.10323,-8.25955]]],[[[114.96613,-8.21061],[114.96703,-8.20972],[114.96793,-8.21061],[114.96703,-8.2115],[114.96613,-8.21061]]],[[[115.13937,-8.20416],[115.13847,-8.20505],[115.13758,-8.20416],[115.13847,-8.20327],[115.13937,-8.20416]]],[[[115.0253,-8.16107],[115.0244,-8.16196],[115.0235,-8.16107],[115.0244,-8.16018],[115.0253,-8.16107]]],[[[114.48087,-8.12904],[114.47997,-8.12993],[114.47907,-8.12904],[114.47997,-8.12815],[114.48087,-8.12904]]],[[[114.50404,-8.09583],[114.50314,-8.09672],[114.50224,-8.09583],[114.50314,-8.09494],[114.50404,-8.09583]]],[[[115.18797,-8.84529],[115.18707,-8.84617],[115.18617,-8.84529],[115.18707,-8.8444],[115.18797,-8.84529]]],[[[115.16809,-8.8109],[115.16719,-8.81179],[115.16629,-8.8109],[115.16719,-8.81001],[115.16809,-8.8109]]],[[[115.24078,-8.80385],[115.23988,-8.80474],[115.23898,-8.80385],[115.23988,-8.80297],[115.24078,-8.80385]]],[[[115.22918,-8.80346],[115.22828,-8.80434],[115.22738,-8.80346],[115.22828,-8.80257],[115.22918,-8.80346]]],[[[115.16951,-8.71848],[115.16861,-8.71936],[115.16771,-8.71848],[115.16861,-8.71759],[115.16951,-8.71848]]],[[[115.26493,-8.67468],[115.26404,-8.67557],[115.26314,-8.67468],[115.26404,-8.67379],[115.26493,-8.67468]]],[[[115.23479,-8.67179],[115.23389,-8.67268],[115.23299,-8.67179],[115.23389,-8.6709],[115.23479,-8.67179]]],[[[115.21948,-8.65757],[115.21858,-8.65846],[115.21768,-8.65757],[115.21858,-8.65668],[115.21948,-8.65757]]],[[[115.21332,-8.65657],[115.21242,-8.65746],[115.21152,-8.65657],[115.21242,-8.65568],[115.21332,-8.65657]]],[[[115.26672,-8.5912],[115.26583,-8.59209],[115.26493,-8.5912],[115.26583,-8.59031],[115.26672,-8.5912]]],[[[115.28808,-8.57538],[115.28898,-8.57449],[115.28988,-8.57538],[115.28898,-8.57627],[115.28808,-8.57538]]],[[[115.17338,-8.54183],[115.17248,-8.54272],[115.17158,-8.54183],[115.17248,-8.54094],[115.17338,-8.54183]]],[[[115.28808,-8.52343],[115.28718,-8.52432],[115.28628,-8.52343],[115.28718,-8.52255],[115.28808,-8.52343]]],[[[115.26157,-8.5194],[115.26068,-8.52029],[115.25978,-8.5194],[115.26068,-8.51851],[115.26157,-8.5194]]],[[[115.26388,-8.50716],[115.26298,-8.50805],[115.26208,-8.50716],[115.26298,-8.50627],[115.26388,-8.50716]]],[[[115.25565,-8.50358],[115.25476,-8.50447],[115.25386,-8.50358],[115.25476,-8.50269],[115.25565,-8.50358]]],[[[115.20744,-8.48157],[115.20655,-8.48246],[115.20565,-8.48157],[115.20655,-8.48069],[115.20744,-8.48157]]],[[[115.28021,-8.4317],[115.27931,-8.43259],[115.27841,-8.4317],[115.27931,-8.43082],[115.28021,-8.4317]]],[[[115.23027,-8.32985],[115.22937,-8.33073],[115.22847,-8.32985],[115.22937,-8.32896],[115.23027,-8.32985]]],[[[115.18349,-8.17755],[115.18259,-8.17844],[115.18169,-8.17755],[115.18259,-8.17666],[115.18349,-8.17755]]],[[[115.47408,-8.75141],[115.47319,-8.7523],[115.47229,-8.75141],[115.47319,-8.75053],[115.47408,-8.75141]]],[[[115.44988,-8.73354],[115.44898,-8.73443],[115.44808,-8.73354],[115.44898,-8.73265],[115.44988,-8.73354]]],[[[115.45998,-8.71519],[115.45908,-8.71608],[115.45818,-8.71519],[115.45908,-8.7143],[115.45998,-8.71519]]],[[[115.43934,-8.70813],[115.43844,-8.70902],[115.43754,-8.70813],[115.43844,-8.70724],[115.43934,-8.70813]]],[[[115.43118,-8.69057],[115.43028,-8.69146],[115.42938,-8.69057],[115.43028,-8.68968],[115.43118,-8.69057]]],[[[115.34497,-8.5819],[115.34587,-8.58101],[115.34677,-8.5819],[115.34587,-8.58279],[115.34497,-8.5819]]],[[[115.40444,-8.53582],[115.40354,-8.53671],[115.40264,-8.53582],[115.40354,-8.53493],[115.40444,-8.53582]]],[[[115.61143,-8.50142],[115.61054,-8.5023],[115.60964,-8.50142],[115.61054,-8.50053],[115.61143,-8.50142]]],[[[115.56726,-8.47755],[115.56636,-8.47844],[115.56547,-8.47755],[115.56636,-8.47666],[115.56726,-8.47755]]],[[[115.63159,-8.46306],[115.63069,-8.46394],[115.62979,-8.46306],[115.63069,-8.46217],[115.63159,-8.46306]]],[[[115.38769,-8.4411],[115.38679,-8.44199],[115.3859,-8.4411],[115.38679,-8.44021],[115.38769,-8.4411]]],[[[115.31148,-8.42359],[115.31059,-8.42448],[115.30969,-8.42359],[115.31059,-8.4227],[115.31148,-8.42359]]],[[[115.3607,-8.42249],[115.3598,-8.42338],[115.3589,-8.42249],[115.3598,-8.4216],[115.3607,-8.42249]]],[[[115.31623,-8.41564],[115.31533,-8.41653],[115.31444,-8.41564],[115.31533,-8.41475],[115.31623,-8.41564]]],[[[115.58821,-8.41236],[115.58732,-8.41325],[115.58642,-8.41236],[115.58732,-8.41147],[115.58821,-8.41236]]],[[[115.6316,-8.39139],[115.6307,-8.39227],[115.62981,-8.39139],[115.6307,-8.3905],[115.6316,-8.39139]]],[[[115.45346,-8.374],[115.45256,-8.37489],[115.45166,-8.374],[115.45256,-8.37311],[115.45346,-8.374]]],[[[115.65851,-8.33541],[115.65761,-8.3363],[115.65672,-8.33541],[115.65761,-8.33452],[115.65851,-8.33541]]],[[[115.59392,-8.27421],[115.59302,-8.2751],[115.59212,-8.27421],[115.59302,-8.27332],[115.59392,-8.27421]]],[[[115.33722,-8.25437],[115.33632,-8.25526],[115.33543,-8.25437],[115.33632,-8.25348],[115.33722,-8.25437]]]]}},{"type":"Feature","properties":{"tipe_zona":"Pariwisata","Satwil":"Polda DI Yogyakarta","geofence_limit":30,"jam_mulai":"08:00","jam_selesai":"18:00"},"geometry":{"type":"MultiPolygon","coordinates":[[[[110.32891,-8.02461],[110.3298,-8.02372],[110.3307,-8.02461],[110.3298,-8.0255],[110.32891,-8.02461]]],[[[110.31907,-8.01891],[110.31997,-8.01802],[110.32087,-8.01891],[110.31997,-8.0198],[110.31907,-8.01891]]],[[[110.24593,-7.99854],[110.24683,-7.99765],[110.24773,-7.99854],[110.24683,-7.99943],[110.24593,-7.99854]]],[[[110.42384,-7.94137],[110.42473,-7.94048],[110.42563,-7.94137],[110.42473,-7.94226],[110.42384,-7.94137]]],[[[110.06384,-7.91194],[110.06473,-7.91105],[110.06563,-7.91194],[110.06473,-7.91283],[110.06384,-7.91194]]],[[[110.39793,-7.82646],[110.39882,-7.82557],[110.39972,-7.82646],[110.39882,-7.82735],[110.39793,-7.82646]]],[[[110.12339,-7.82329],[110.12429,-7.8224],[110.12519,-7.82329],[110.12429,-7.82418],[110.12339,-7.82329]]],[[[110.35809,-7.80998],[110.35899,-7.80909],[110.35989,-7.80998],[110.35899,-7.81087],[110.35809,-7.80998]]],[[[110.36275,-7.80903],[110.36365,-7.80814],[110.36455,-7.80903],[110.36365,-7.80992],[110.36275,-7.80903]]],[[[110.12522,-7.8073],[110.12611,-7.80641],[110.12701,-7.8073],[110.12611,-7.80819],[110.12522,-7.8073]]],[[[110.23583,-7.80579],[110.23673,-7.8049],[110.23763,-7.80579],[110.23673,-7.80668],[110.23583,-7.80579]]],[[[110.36387,-7.8014],[110.36476,-7.80051],[110.36566,-7.8014],[110.36476,-7.80229],[110.36387,-7.8014]]],[[[110.36676,-7.80067],[110.36766,-7.79978],[110.36855,-7.80067],[110.36766,-7.80156],[110.36676,-7.80067]]],[[[110.36481,-7.79375],[110.36571,-7.79286],[110.36661,-7.79375],[110.36571,-7.79464],[110.36481,-7.79375]]],[[[110.12017,-7.76999],[110.12107,-7.7691],[110.12197,-7.76999],[110.12107,-7.77088],[110.12017,-7.76999]]],[[[110.11706,-7.76281],[110.11616,-7.7637],[110.11526,-7.76281],[110.11616,-7.76192],[110.11706,-7.76281]]],[[[110.18204,-7.64631],[110.18114,-7.6472],[110.18024,-7.64631],[110.18114,-7.64542],[110.18204,-7.64631]]],[[[110.42343,-7.61615],[110.42433,-7.61526],[110.42523,-7.61615],[110.42433,-7.61704],[110.42343,-7.61615]]],[[[110.709,-8.18625],[110.7099,-8.18536],[110.7108,-8.18625],[110.7099,-8.18714],[110.709,-8.18625]]],[[[110.66152,-8.17593],[110.66242,-8.17504],[110.66332,-8.17593],[110.66242,-8.17682],[110.66152,-8.17593]]],[[[110.61122,-8.15029],[110.61212,-8.1494],[110.61302,-8.15029],[110.61212,-8.15118],[110.61122,-8.15029]]],[[[110.46061,-8.10607],[110.46151,-8.10518],[110.46241,-8.10607],[110.46151,-8.10696],[110.46061,-8.10607]]],[[[110.48834,-7.94318],[110.48924,-7.94229],[110.49014,-7.94318],[110.48924,-7.94407],[110.48834,-7.94318]]],[[[110.64877,-7.93075],[110.64967,-7.92986],[110.65057,-7.93075],[110.64967,-7.93164],[110.64877,-7.93075]]],[[[110.43646,-7.92092],[110.43557,-7.92181],[110.43467,-7.92092],[110.43557,-7.92003],[110.43646,-7.92092]]],[[[110.46041,-7.8712],[110.45951,-7.87209],[110.45862,-7.8712],[110.45951,-7.87031],[110.46041,-7.8712]]],[[[110.47731,-7.84938],[110.47821,-7.84849],[110.47911,-7.84938],[110.47821,-7.85027],[110.47731,-7.84938]]],[[[110.51115,-7.78377],[110.51205,-7.78288],[110.51294,-7.78377],[110.51205,-7.78466],[110.51115,-7.78377]]],[[[110.50368,-7.78157],[110.50458,-7.78068],[110.50548,-7.78157],[110.50458,-7.78246],[110.50368,-7.78157]]],[[[110.48524,-7.77057],[110.48614,-7.76968],[110.48704,-7.77057],[110.48614,-7.77146],[110.48524,-7.77057]]],[[[110.44617,-7.76247],[110.44707,-7.76158],[110.44797,-7.76247],[110.44707,-7.76336],[110.44617,-7.76247]]],[[[110.49309,-7.75045],[110.49399,-7.74956],[110.49488,-7.75045],[110.49399,-7.75134],[110.49309,-7.75045]]],[[[110.42557,-7.61191],[110.42647,-7.61102],[110.42737,-7.61191],[110.42647,-7.6128],[110.42557,-7.61191]]],[[[110.43068,-7.59539],[110.42978,-7.59628],[110.42888,-7.59539],[110.42978,-7.5945],[110.43068,-7.59539]]],[[[110.44858,-7.5828],[110.44768,-7.58369],[110.44678,-7.5828],[110.44768,-7.58191],[110.44858,-7.5828]]]]}},{"type":"Feature","properties":{"tipe_zona":"Pariwisata","Satwil":"Polresta Surakarta","geofence_limit":30,"jam_mulai":"08:00","jam_selesai":"18:00"},"geometry":{"type":"MultiPolygon","coordinates":[[[[110.82542,-7.57339],[110.82632,-7.5725],[110.82722,-7.57339],[110.82632,-7.57428],[110.82542,-7.57339]]],[[[110.7987,-7.57004],[110.7978,-7.57093],[110.7969,-7.57004],[110.7978,-7.56915],[110.7987,-7.57004]]],[[[110.81171,-7.56904],[110.81081,-7.56993],[110.80992,-7.56904],[110.81081,-7.56815],[110.81171,-7.56904]]],[[[110.82198,-7.56686],[110.82288,-7.56597],[110.82378,-7.56686],[110.82288,-7.56775],[110.82198,-7.56686]]],[[[110.8191,-7.56503],[110.8182,-7.56592],[110.8173,-7.56503],[110.8182,-7.56414],[110.8191,-7.56503]]],[[[110.81009,-7.55262],[110.80919,-7.55351],[110.80829,-7.55262],[110.80919,-7.55173],[110.81009,-7.55262]]],[[[110.82701,-7.57775],[110.82791,-7.57686],[110.8288,-7.57775],[110.82791,-7.57864],[110.82701,-7.57775]]],[[[110.82769,-7.57556],[110.82679,-7.57645],[110.8259,-7.57556],[110.82679,-7.57467],[110.82769,-7.57556]]],[[[110.83164,-7.57197],[110.83074,-7.57286],[110.82984,-7.57197],[110.83074,-7.57108],[110.83164,-7.57197]]],[[[110.8305,-7.56935],[110.8314,-7.56846],[110.8323,-7.56935],[110.8314,-7.57024],[110.8305,-7.56935]]],[[[110.85949,-7.56464],[110.85859,-7.56553],[110.85769,-7.56464],[110.85859,-7.56375],[110.85949,-7.56464]]],[[[110.85477,-7.55606],[110.85387,-7.55695],[110.85297,-7.55606],[110.85387,-7.55517],[110.85477,-7.55606]]]]}},{"type":"Feature","properties":{"tipe_zona":"Pariwisata","Satwil":"Polrestabes Bandung","geofence_limit":30,"jam_mulai":"08:00","jam_selesai":"18:00"},"geometry":{"type":"MultiPolygon","coordinates":[[[[107.60582,-6.93384],[107.60493,-6.93473],[107.60403,-6.93384],[107.60493,-6.93295],[107.60582,-6.93384]]],[[[107.60797,-6.92183],[107.60707,-6.92272],[107.60617,-6.92183],[107.60707,-6.92094],[107.60797,-6.92183]]],[[[107.61048,-6.92103],[107.60958,-6.92192],[107.60868,-6.92103],[107.60958,-6.92014],[107.61048,-6.92103]]],[[[107.60157,-6.92049],[107.60067,-6.92138],[107.59977,-6.92049],[107.60067,-6.9196],[107.60157,-6.92049]]],[[[107.61033,-6.91783],[107.60944,-6.91872],[107.60854,-6.91783],[107.60944,-6.91694],[107.61033,-6.91783]]],[[[107.60496,-6.91741],[107.60406,-6.9183],[107.60316,-6.91741],[107.60406,-6.91652],[107.60496,-6.91741]]],[[[107.5955,-6.91551],[107.5946,-6.9164],[107.59371,-6.91551],[107.5946,-6.91461],[107.5955,-6.91551]]],[[[107.60414,-6.8938],[107.60324,-6.89291],[107.60414,-6.89201],[107.60504,-6.89291],[107.60414,-6.8938]]],[[[107.60684,-6.89105],[107.60594,-6.89016],[107.60684,-6.88926],[107.60773,-6.89016],[107.60684,-6.89105]]],[[[107.63719,-6.92555],[107.6363,-6.92644],[107.6354,-6.92555],[107.6363,-6.92466],[107.63719,-6.92555]]],[[[107.61207,-6.92138],[107.61118,-6.92227],[107.61028,-6.92138],[107.61118,-6.92049],[107.61207,-6.92138]]],[[[107.61945,-6.90265],[107.61871,-6.90338],[107.61781,-6.90249],[107.61871,-6.9016],[107.619,-6.90189],[107.61974,-6.90116],[107.62064,-6.90205],[107.61974,-6.90294],[107.61945,-6.90265]]],[[[107.62232,-6.90063],[107.62142,-6.90152],[107.62052,-6.90063],[107.62142,-6.89974],[107.62232,-6.90063]]],[[[107.6112,-6.88477],[107.6103,-6.88566],[107.6094,-6.88477],[107.6103,-6.88388],[107.6112,-6.88477]]],[[[107.61855,-6.8701],[107.61765,-6.87099],[107.61675,-6.8701],[107.61765,-6.86921],[107.61855,-6.8701]]],[[[107.60912,-6.86689],[107.61001,-6.866],[107.61091,-6.86689],[107.61001,-6.86778],[107.60912,-6.86689]]],[[[107.62982,-6.85893],[107.63072,-6.85804],[107.63162,-6.85893],[107.63072,-6.85982],[107.62982,-6.85893]]]]}},{"type":"Feature","properties":{"tipe_zona":"Pelabuhan","Satwil":"Polda Bali","geofence_limit":30,"jam_mulai":"00:00","jam_selesai":"23:59"},"geometry":{"type":"MultiPolygon","coordinates":[[[[115.20973,-8.74233],[115.21243,-8.73967],[115.21512,-8.74233],[115.21243,-8.745],[115.20973,-8.74233]]],[[[115.4441,-8.67667],[115.44679,-8.674],[115.44949,-8.67667],[115.44679,-8.67933],[115.4441,-8.67667]]],[[[115.55586,-8.67194],[115.55855,-8.66927],[115.56125,-8.67194],[115.55855,-8.6746],[115.55586,-8.67194]]],[[[115.25851,-8.66985],[115.26121,-8.66719],[115.2639,-8.66985],[115.26121,-8.67252],[115.25851,-8.66985]]],[[[115.50683,-8.53391],[115.50952,-8.53125],[115.51222,-8.53391],[115.50952,-8.53658],[115.50683,-8.53391]]],[[[115.67889,-8.34986],[115.68158,-8.3472],[115.68428,-8.34986],[115.68158,-8.35253],[115.67889,-8.34986]]],[[[114.82974,-8.18767],[114.83244,-8.185],[114.83513,-8.18767],[114.83244,-8.19033],[114.82974,-8.18767]]],[[[114.4349,-8.16108],[114.43759,-8.15841],[114.44029,-8.16108],[114.43759,-8.16375],[114.4349,-8.16108]]]]}},{"type":"Feature","properties":{"tipe_zona":"Pelabuhan","Satwil":"Polda DI Yogyakarta","geofence_limit":30,"jam_mulai":"00:00","jam_selesai":"23:59"},"geometry":{"type":"MultiPolygon","coordinates":[[[[110.79559,-8.19011],[110.79829,-8.18745],[110.80098,-8.19011],[110.79829,-8.19278],[110.79559,-8.19011]]],[[[110.46602,-8.10687],[110.46333,-8.10954],[110.46063,-8.10687],[110.46333,-8.10421],[110.46602,-8.10687]]],[[[110.08845,-7.91655],[110.08576,-7.91922],[110.08306,-7.91655],[110.08576,-7.91388],[110.08845,-7.91655]]]]}},{"type":"Feature","properties":{"tipe_zona":"Stasiun","Satwil":"Polda DI Yogyakarta","geofence_limit":30,"jam_mulai":"00:00","jam_selesai":"23:59"},"geometry":{"type":"MultiPolygon","coordinates":[[[[110.06403,-7.89738],[110.06134,-7.90005],[110.05864,-7.89738],[110.06134,-7.89471],[110.06403,-7.89738]]],[[[110.15526,-7.85949],[110.15795,-7.85682],[110.16065,-7.85949],[110.15795,-7.86216],[110.15526,-7.85949]]],[[[110.21742,-7.8332],[110.22011,-7.83054],[110.22281,-7.8332],[110.22011,-7.83587],[110.21742,-7.8332]]],[[[110.28149,-7.79601],[110.28419,-7.79334],[110.28688,-7.79601],[110.28419,-7.79868],[110.28149,-7.79601]]],[[[110.37261,-7.79013],[110.37531,-7.78746],[110.378,-7.79013],[110.37531,-7.7928],[110.37261,-7.79013]]],[[[110.36081,-7.78926],[110.36351,-7.78659],[110.3662,-7.78926],[110.36351,-7.79193],[110.36081,-7.78926]]],[[[110.43402,-7.78476],[110.43672,-7.78209],[110.43941,-7.78476],[110.43672,-7.78743],[110.43402,-7.78476]]]]}},{"type":"Feature","properties":{"tipe_zona":"Stasiun","Satwil":"Polresta Surakarta","geofence_limit":30,"jam_mulai":"00:00","jam_selesai":"23:59"},"geometry":{"type":"MultiPolygon","coordinates":[[[[110.83902,-7.57559],[110.83633,-7.57826],[110.83363,-7.57559],[110.83633,-7.57292],[110.83902,-7.57559]]],[[[110.84218,-7.56219],[110.83948,-7.56486],[110.83679,-7.56219],[110.83948,-7.55951],[110.84218,-7.56219]]],[[[110.7992,-7.56167],[110.79651,-7.56434],[110.79381,-7.56167],[110.79651,-7.559],[110.7992,-7.56167]]],[[[110.82409,-7.55704],[110.82139,-7.55971],[110.8187,-7.55704],[110.82139,-7.55436],[110.82409,-7.55704]]]]}},{"type":"Feature","properties":{"tipe_zona":"Stasiun","Satwil":"Polrestabes Bandung","geofence_limit":30,"jam_mulai":"00:00","jam_selesai":"23:59"},"geometry":{"type":"MultiPolygon","coordinates":[[[[107.7151,-6.94906],[107.7124,-6.95173],[107.70971,-6.94906],[107.7124,-6.94638],[107.7151,-6.94906]]],[[[107.69259,-6.94103],[107.68989,-6.94371],[107.6872,-6.94103],[107.68989,-6.93836],[107.69259,-6.94103]]],[[[107.649,-6.92494],[107.64631,-6.92761],[107.64361,-6.92494],[107.64631,-6.92226],[107.649,-6.92494]]],[[[107.60516,-6.91464],[107.60247,-6.91731],[107.59977,-6.91464],[107.60247,-6.91196],[107.60516,-6.91464]]]]}},{"type":"Feature","properties":{"tipe_zona":"Terminal","Satwil":"Polda Bali","geofence_limit":30,"jam_mulai":"00:00","jam_selesai":"23:59"},"geometry":{"type":"MultiPolygon","coordinates":[[[[115.20881,-8.63518],[115.20611,-8.63785],[115.20342,-8.63518],[115.20611,-8.63252],[115.20881,-8.63518]]],[[[115.2578,-8.63132],[115.2605,-8.62866],[115.26319,-8.63132],[115.2605,-8.63399],[115.2578,-8.63132]]],[[[115.1654,-8.56004],[115.1681,-8.55737],[115.17079,-8.56004],[115.1681,-8.5627],[115.1654,-8.56004]]],[[[115.11578,-8.53513],[115.11308,-8.5378],[115.11039,-8.53513],[115.11308,-8.53247],[115.11578,-8.53513]]],[[[114.62303,-8.35937],[114.62573,-8.3567],[114.62842,-8.35937],[114.62573,-8.36203],[114.62303,-8.35937]]],[[[115.07671,-8.11409],[115.0794,-8.11142],[115.0821,-8.11409],[115.0794,-8.11676],[115.07671,-8.11409]]]]}},{"type":"Feature","properties":{"tipe_zona":"Terminal","Satwil":"Polda DI Yogyakarta","geofence_limit":30,"jam_mulai":"00:00","jam_selesai":"23:59"},"geometry":{"type":"MultiPolygon","coordinates":[[[[110.6058,-7.96753],[110.60311,-7.9702],[110.60041,-7.96753],[110.60311,-7.96486],[110.6058,-7.96753]]],[[[110.61592,-7.96695],[110.61861,-7.96428],[110.62131,-7.96695],[110.61861,-7.96962],[110.61592,-7.96695]]],[[[110.14858,-7.86481],[110.15128,-7.86214],[110.15397,-7.86481],[110.15128,-7.86747],[110.14858,-7.86481]]],[[[110.39439,-7.8341],[110.3917,-7.83677],[110.38901,-7.8341],[110.3917,-7.83143],[110.39439,-7.8341]]],[[[110.39316,-7.75668],[110.39585,-7.75401],[110.39855,-7.75668],[110.39585,-7.75935],[110.39316,-7.75668]]],[[[110.35852,-7.7474],[110.36121,-7.74473],[110.3639,-7.7474],[110.36121,-7.75007],[110.35852,-7.7474]]]]}},{"type":"Feature","properties":{"tipe_zona":"Terminal","Satwil":"Polresta Surakarta","geofence_limit":30,"jam_mulai":"00:00","jam_selesai":"23:59"},"geometry":{"type":"MultiPolygon","coordinates":[[[[110.86968,-7.56605],[110.87237,-7.56338],[110.87507,-7.56605],[110.87237,-7.56872],[110.86968,-7.56605]]],[[[110.82102,-7.55164],[110.81833,-7.55432],[110.81563,-7.55164],[110.81833,-7.54897],[110.82102,-7.55164]]],[[[110.73828,-7.54423],[110.73559,-7.5469],[110.73289,-7.54423],[110.73559,-7.54156],[110.73828,-7.54423]]]]}},{"type":"Feature","properties":{"tipe_zona":"Terminal","Satwil":"Polrestabes Bandung","geofence_limit":30,"jam_mulai":"00:00","jam_selesai":"23:59"},"geometry":{"type":"MultiPolygon","coordinates":[[[[107.59742,-6.94617],[107.59472,-6.94885],[107.59203,-6.94617],[107.59472,-6.9435],[107.59742,-6.94617]]],[[[107.60524,-6.91605],[107.60255,-6.91873],[107.59985,-6.91605],[107.60255,-6.91338],[107.60524,-6.91605]]],[[[107.65942,-6.90258],[107.65672,-6.90526],[107.65403,-6.90258],[107.65672,-6.89991],[107.65942,-6.90258]]],[[[107.6237,-6.86706],[107.621,-6.86973],[107.61831,-6.86706],[107.621,-6.86438],[107.6237,-6.86706]]]]}}]}