{
"type": "FeatureCollection",
"name": "gerbang_tol",
"crs": { "type": "name", "properties": { "name": "urn:ogc:def:crs:OGC:1.3:CRS84" } },
"features": [
{ "type": "Feature", "properties": { "orig_fid": 1, "id": 0, "objectid": 1, "kode_ruas": " ", "ruas": "Probolinggo - Banyuwangi", "kode_gt": " ", "nama": "GT KRAKSAAN", "seksi": 1, "sta": "2+200", "foto": " ", "layer": "Gerbang Tol", "koord_x": "113.40120366254", "koord_y": "-7.778105803379", "jml_gardu": "5 (2 entrance,3 exit)", "jmlgrdrvs": " ", "jml_lajur": " ", "panjang_m": " ", "luas_m": " ", "status": "Konstruksi", "sub_status": "Pengadaan Tanah", "region": "Trans Jawa", "bujt": "PT. Jasamarga Probolinggo Banyuwangi", "kodefikasi": "A18", "no": 1, "shape_leng": 0, "keterangan": " ", "creator": null, "created": null, "updater": null, "updated": null, "sync_state": 0, "last_sync": 1765414802000, "Nm_Ruas": null, "Status": null, "Propinsi": null, "Kab_Kot": null, "Panjang": null, "Segmen": null, "Satwil": null }, "geometry": { "type": "Point", "coordinates": [ 113.401203663000047, -7.77810580299996 ] } },
{ "type": "Feature", "properties": { "orig_fid": 2, "id": 0, "objectid": 2, "kode_ruas": " ", "ruas": "Probolinggo - Banyuwangi", "kode_gt": " ", "nama": "GT PAITON", "seksi": 1, "sta": "1+350", "foto": " ", "layer": "Gerbang Tol", "koord_x": "113.502672931698", "koord_y": "-7.73209953969821", "jml_gardu": "5 (2 entrance,3 exit)", "jmlgrdrvs": " ", "jml_lajur": " ", "panjang_m": " ", "luas_m": " ", "status": "Konstruksi", "sub_status": "Pengadaan Tanah", "region": "Trans Jawa", "bujt": "PT. Jasamarga Probolinggo Banyuwangi", "kodefikasi": "A18", "no": 2, "shape_leng": 0, "keterangan": " ", "creator": null, "created": null, "updater": null, "updated": null, "sync_state": 0, "last_sync": 1765414802000, "Nm_Ruas": null, "Status": null, "Propinsi": null, "Kab_Kot": null, "Panjang": null, "Segmen": null, "Satwil": null }, "geometry": { "type": "Point", "coordinates": [ 113.50267293200011, -7.732099539999979 ] } },
{ "type": "Feature", "properties": { "orig_fid": 3, "id": 0, "objectid": 3, "kode_ruas": " ", "ruas": "Probolinggo - Banyuwangi", "kode_gt": " ", "nama": "GT BESUKI", "seksi": 2, "sta": "0+450", "foto": " ", "layer": "Gerbang Tol", "koord_x": "113.720037892231", "koord_y": "-7.73687382876632", "jml_gardu": "5 (2 entrance,3 exit)", "jmlgrdrvs": " ", "jml_lajur": " ", "panjang_m": " ", "luas_m": " ", "status": "Konstruksi", "sub_status": "Pengadaan Tanah", "region": "Trans Jawa", "bujt": "PT. Jasamarga Probolinggo Banyuwangi", "kodefikasi": "A18", "no": 3, "shape_leng": 0, "keterangan": " ", "creator": null, "created": null, "updater": null, "updated": null, "sync_state": 0, "last_sync": 1765414802000, "Nm_Ruas": null, "Status": null, "Propinsi": null, "Kab_Kot": null, "Panjang": null, "Segmen": null, "Satwil": null }, "geometry": { "type": "Point", "coordinates": [ 113.72003789200005, -7.736873828999933 ] } },
{ "type": "Feature", "properties": { "orig_fid": 4, "id": 0, "objectid": 4, "kode_ruas": " ", "ruas": "Probolinggo - Banyuwangi", "kode_gt": " ", "nama": "GT SITUBONDO", "seksi": 2, "sta": "0+563", "foto": " ", "layer": "Gerbang Tol", "koord_x": "114.041820410344", "koord_y": "-7.69973878714137", "jml_gardu": "5 (2 entrance,3 exit)", "jmlgrdrvs": " ", "jml_lajur": " ", "panjang_m": " ", "luas_m": " ", "status": "Konstruksi", "sub_status": "Pengadaan Tanah", "region": "Trans Jawa", "bujt": "PT. Jasamarga Probolinggo Banyuwangi", "kodefikasi": "A18", "no": 4, "shape_leng": 0, "keterangan": " ", "creator": null, "created": null, "updater": null, "updated": null, "sync_state": 0, "last_sync": 1765414802000, "Nm_Ruas": null, "Status": null, "Propinsi": null, "Kab_Kot": null, "Panjang": null, "Segmen": null, "Satwil": null }, "geometry": { "type": "Point", "coordinates": [ 114.041820410000014, -7.699738786999944 ] } },
{ "type": "Feature", "properties": { "orig_fid": 5, "id": 0, "objectid": 5, "kode_ruas": " ", "ruas": "Probolinggo - Banyuwangi", "kode_gt": " ", "nama": "GT ASEMBAGUS", "seksi": 2, "sta": "0+734", "foto": " ", "layer": "Gerbang Tol", "koord_x": "114.179224186947", "koord_y": "-7.75560189869611", "jml_gardu": "5 (2 entrance,3 exit)", "jmlgrdrvs": " ", "jml_lajur": " ", "panjang_m": " ", "luas_m": " ", "status": "Konstruksi", "sub_status": "Pengadaan Tanah", "region": "Trans Jawa", "bujt": "PT. Jasamarga Probolinggo Banyuwangi", "kodefikasi": "A18", "no": 5, "shape_leng": 0, "keterangan": " ", "creator": null, "created": null, "updater": null, "updated": null, "sync_state": 0, "last_sync": 1765414802000, "Nm_Ruas": null, "Status": null, "Propinsi": null, "Kab_Kot": null, "Panjang": null, "Segmen": null, "Satwil": null }, "geometry": { "type": "Point", "coordinates": [ 114.179224187000045, -7.755601898999942 ] } },
{ "type": "Feature", "properties": { "orig_fid": 6, "id": 0, "objectid": 6, "kode_ruas": " ", "ruas": "Probolinggo - Banyuwangi", "kode_gt": " ", "nama": "GT BAJULMATI", "seksi": 3, "sta": "0+725", "foto": " ", "layer": "Gerbang Tol", "koord_x": "114.384457361617", "koord_y": "-7.93880889952993", "jml_gardu": "5 (2 entrance,3 exit)", "jmlgrdrvs": " ", "jml_lajur": " ", "panjang_m": " ", "luas_m": " ", "status": "Konstruksi", "sub_status": "Pengadaan Tanah", "region": "Trans Jawa", "bujt": "PT. Jasamarga Probolinggo Banyuwangi", "kodefikasi": "A18", "no": 6, "shape_leng": 0, "keterangan": " ", "creator": null, "created": null, "updater": null, "updated": null, "sync_state": 0, "last_sync": 1765414802000, "Nm_Ruas": null, "Status": null, "Propinsi": null, "Kab_Kot": null, "Panjang": null, "Segmen": null, "Satwil": null }, "geometry": { "type": "Point", "coordinates": [ 114.384457362000035, -7.93880889999997 ] } },
{ "type": "Feature", "properties": { "orig_fid": 7, "id": 0, "objectid": 7, "kode_ruas": " ", "ruas": "Probolinggo - Banyuwangi", "kode_gt": " ", "nama": "GT KETAPANG/BANYUWANGI", "seksi": 3, "sta": "168+687", "foto": " ", "layer": "Gerbang Tol", "koord_x": "114.40173637794", "koord_y": "-8.11101943860366", "jml_gardu": "5 (2 entrance,3 exit)", "jmlgrdrvs": " ", "jml_lajur": " ", "panjang_m": " ", "luas_m": " ", "status": "Konstruksi", "sub_status": "Pengadaan Tanah", "region": "Trans Jawa", "bujt": "PT. Jasamarga Probolinggo Banyuwangi", "kodefikasi": "A18", "no": 7, "shape_leng": 0, "keterangan": " ", "creator": null, "created": null, "updater": null, "updated": null, "sync_state": 0, "last_sync": 1765414802000, "Nm_Ruas": null, "Status": null, "Propinsi": null, "Kab_Kot": null, "Panjang": null, "Segmen": null, "Satwil": null }, "geometry": { "type": "Point", "coordinates": [ 114.40173637800001, -8.111019438999961 ] } },
{ "type": "Feature", "properties": { "orig_fid": 8, "id": 348, "objectid": 8, "kode_ruas": "soroja", "ruas": "Soreang-Pasir Koja", "kode_gt": "soroja_margaasih_timur", "nama": "GT MARGA ASIH TIMUR", "seksi": 0, "sta": "0+325", "foto": "http://gis.bpjt.pu.go.id/data/foto/gt/gtmargaasih*", "layer": "Gerbang Tol", "koord_x": "107.547895884383", "koord_y": "-6.96754383685663", "jml_gardu": "4", "jmlgrdrvs": "0", "jml_lajur": "4", "panjang_m": "23,3", "luas_m": "252,03", "status": "Operasi", "sub_status": "Operasi Penuh", "region": "Non Trans", "bujt": "PT. Pemalang Batang Toll Road", "kodefikasi": "D07", "no": 4, "shape_leng": 0, "keterangan": "GT MARGAASIH TIMUR", "creator": null, "created": null, "updater": null, "updated": null, "sync_state": 0, "last_sync": 1765414802000, "Nm_Ruas": "Jl. Tol Soreang - Pasir Koja", "Status": "Jalan Tol", "Propinsi": "Jawa Barat", "Kab_Kot": "Kota Bandung", "Panjang": 500.67179687200002, "Segmen": "SEG_000045651", "Satwil": "Polrestabes Bandung" }, "geometry": { "type": "Point", "coordinates": [ 107.54789588400007, -6.967543836999937 ] } },
{ "type": "Feature", "properties": { "orig_fid": 8, "id": 348, "objectid": 8, "kode_ruas": "soroja", "ruas": "Soreang-Pasir Koja", "kode_gt": "soroja_margaasih_timur", "nama": "GT MARGA ASIH TIMUR", "seksi": 0, "sta": "0+325", "foto": "http://gis.bpjt.pu.go.id/data/foto/gt/gtmargaasih*", "layer": "Gerbang Tol", "koord_x": "107.547895884383", "koord_y": "-6.96754383685663", "jml_gardu": "4", "jmlgrdrvs": "0", "jml_lajur": "4", "panjang_m": "23,3", "luas_m": "252,03", "status": "Operasi", "sub_status": "Operasi Penuh", "region": "Non Trans", "bujt": "PT. Pemalang Batang Toll Road", "kodefikasi": "D07", "no": 4, "shape_leng": 0, "keterangan": "GT MARGAASIH TIMUR", "creator": null, "created": null, "updater": null, "updated": null, "sync_state": 0, "last_sync": 1765414802000, "Nm_Ruas": "Jl. Tol Soreang - Pasir Koja", "Status": "Jalan Tol", "Propinsi": "Jawa Barat", "Kab_Kot": "Kota Bandung", "Panjang": 500.69722818499997, "Segmen": "SEG_000045638", "Satwil": "Polrestabes Bandung" }, "geometry": { "type": "Point", "coordinates": [ 107.54789588400007, -6.967543836999937 ] } },
{ "type": "Feature", "properties": { "orig_fid": 9, "id": 347, "objectid": 9, "kode_ruas": "soroja", "ruas": "Soreang-Pasir Koja", "kode_gt": "soroja_margaasih_barat", "nama": "GT MARGA ASIH BARAT", "seksi": 0, "sta": "0+300", "foto": "http://gis.bpjt.pu.go.id/data/foto/gt/gtmargaasih*", "layer": "Gerbang Tol", "koord_x": "107.543624315745", "koord_y": "-6.96766327857747", "jml_gardu": "4", "jmlgrdrvs": "0", "jml_lajur": "4", "panjang_m": "23,3", "luas_m": "219,521", "status": "Operasi", "sub_status": "Operasi Penuh", "region": "Non Trans", "bujt": "PT. Pemalang Batang Toll Road", "kodefikasi": "D07", "no": 3, "shape_leng": 0, "keterangan": "GT MARGAASIH BARAT", "creator": null, "created": null, "updater": null, "updated": null, "sync_state": 0, "last_sync": 1765414802000, "Nm_Ruas": "Jl. Tol Soreang - Pasir Koja", "Status": "Jalan Tol", "Propinsi": "Jawa Barat", "Kab_Kot": "Kota Bandung", "Panjang": 500.65384649200001, "Segmen": "SEG_000045648", "Satwil": "Polrestabes Bandung" }, "geometry": { "type": "Point", "coordinates": [ 107.543624316000034, -6.967663278999964 ] } },
{ "type": "Feature", "properties": { "orig_fid": 9, "id": 347, "objectid": 9, "kode_ruas": "soroja", "ruas": "Soreang-Pasir Koja", "kode_gt": "soroja_margaasih_barat", "nama": "GT MARGA ASIH BARAT", "seksi": 0, "sta": "0+300", "foto": "http://gis.bpjt.pu.go.id/data/foto/gt/gtmargaasih*", "layer": "Gerbang Tol", "koord_x": "107.543624315745", "koord_y": "-6.96766327857747", "jml_gardu": "4", "jmlgrdrvs": "0", "jml_lajur": "4", "panjang_m": "23,3", "luas_m": "219,521", "status": "Operasi", "sub_status": "Operasi Penuh", "region": "Non Trans", "bujt": "PT. Pemalang Batang Toll Road", "kodefikasi": "D07", "no": 3, "shape_leng": 0, "keterangan": "GT MARGAASIH BARAT", "creator": null, "created": null, "updater": null, "updated": null, "sync_state": 0, "last_sync": 1765414802000, "Nm_Ruas": "Jl. Tol Soreang - Pasir Koja", "Status": "Jalan Tol", "Propinsi": "Jawa Barat", "Kab_Kot": "Kota Bandung", "Panjang": 303.14994934600003, "Segmen": "SEG_000045647", "Satwil": "Polrestabes Bandung" }, "geometry": { "type": "Point", "coordinates": [ 107.543624316000034, -6.967663278999964 ] } },
{ "type": "Feature", "properties": { "orig_fid": 10, "id": 350, "objectid": 10, "kode_ruas": "soroja", "ruas": "Soreang-Pasir Koja", "kode_gt": "soroja_kutawaringin_timur", "nama": "GT KUTAWARINGIN TIMUR", "seksi": 0, "sta": "0+250", "foto": "http://gis.bpjt.pu.go.id/data/foto/gt/gtkutawarin*", "layer": "Gerbang Tol", "koord_x": "107.535880192521", "koord_y": "-6.99764804855805", "jml_gardu": "4", "jmlgrdrvs": "0", "jml_lajur": "4", "panjang_m": "23,3", "luas_m": "272,87", "status": "Operasi", "sub_status": "Operasi Penuh", "region": "Non Trans", "bujt": "PT. Pemalang Batang Toll Road", "kodefikasi": "D07", "no": 2, "shape_leng": 0, "keterangan": "GT KUTAWARINGIN TIMUR", "creator": null, "created": null, "updater": null, "updated": null, "sync_state": 0, "last_sync": 1765414802000, "Nm_Ruas": "Jl. Tol Soreang - Pasir Koja", "Status": "Jalan Tol", "Propinsi": "Jawa Barat", "Kab_Kot": "Kota Bandung", "Panjang": 500.87374373400002, "Segmen": "SEG_000045681", "Satwil": "Polrestabes Bandung" }, "geometry": { "type": "Point", "coordinates": [ 107.535880193000082, -6.997648048999963 ] } },
{ "type": "Feature", "properties": { "orig_fid": 10, "id": 350, "objectid": 10, "kode_ruas": "soroja", "ruas": "Soreang-Pasir Koja", "kode_gt": "soroja_kutawaringin_timur", "nama": "GT KUTAWARINGIN TIMUR", "seksi": 0, "sta": "0+250", "foto": "http://gis.bpjt.pu.go.id/data/foto/gt/gtkutawarin*", "layer": "Gerbang Tol", "koord_x": "107.535880192521", "koord_y": "-6.99764804855805", "jml_gardu": "4", "jmlgrdrvs": "0", "jml_lajur": "4", "panjang_m": "23,3", "luas_m": "272,87", "status": "Operasi", "sub_status": "Operasi Penuh", "region": "Non Trans", "bujt": "PT. Pemalang Batang Toll Road", "kodefikasi": "D07", "no": 2, "shape_leng": 0, "keterangan": "GT KUTAWARINGIN TIMUR", "creator": null, "created": null, "updater": null, "updated": null, "sync_state": 0, "last_sync": 1765414802000, "Nm_Ruas": "Jl. Tol Soreang - Pasir Koja", "Status": "Jalan Tol", "Propinsi": "Jawa Barat", "Kab_Kot": "Kota Bandung", "Panjang": 290.45361931500003, "Segmen": "SEG_000045684", "Satwil": "Polrestabes Bandung" }, "geometry": { "type": "Point", "coordinates": [ 107.535880193000082, -6.997648048999963 ] } },
{ "type": "Feature", "properties": { "orig_fid": 11, "id": 349, "objectid": 11, "kode_ruas": "soroja", "ruas": "Soreang-Pasir Koja", "kode_gt": "soroja_kutawaringin_barat", "nama": "GT KUTAWARINGIN BARAT", "seksi": 0, "sta": "0+225", "foto": "http://gis.bpjt.pu.go.id/data/foto/gt/gtkutawarin*", "layer": "Gerbang Tol", "koord_x": "107.535536273625", "koord_y": "-6.99228170916047", "jml_gardu": "4", "jmlgrdrvs": "0", "jml_lajur": "4", "panjang_m": "23,3", "luas_m": "169,539", "status": "Operasi", "sub_status": "Operasi Penuh", "region": "Non Trans", "bujt": "PT. Pemalang Batang Toll Road", "kodefikasi": "D07", "no": 1, "shape_leng": 0, "keterangan": "GT KUTAWARINGIN BARAT", "creator": null, "created": null, "updater": null, "updated": null, "sync_state": 0, "last_sync": 1765414802000, "Nm_Ruas": "Jl. Tol Soreang - Pasir Koja", "Status": "Jalan Tol", "Propinsi": "Jawa Barat", "Kab_Kot": "Kota Bandung", "Panjang": 309.88260137100002, "Segmen": "SEG_000045673", "Satwil": "Polrestabes Bandung" }, "geometry": { "type": "Point", "coordinates": [ 107.535536274000037, -6.99228170899994 ] } },
{ "type": "Feature", "properties": { "orig_fid": 11, "id": 349, "objectid": 11, "kode_ruas": "soroja", "ruas": "Soreang-Pasir Koja", "kode_gt": "soroja_kutawaringin_barat", "nama": "GT KUTAWARINGIN BARAT", "seksi": 0, "sta": "0+225", "foto": "http://gis.bpjt.pu.go.id/data/foto/gt/gtkutawarin*", "layer": "Gerbang Tol", "koord_x": "107.535536273625", "koord_y": "-6.99228170916047", "jml_gardu": "4", "jmlgrdrvs": "0", "jml_lajur": "4", "panjang_m": "23,3", "luas_m": "169,539", "status": "Operasi", "sub_status": "Operasi Penuh", "region": "Non Trans", "bujt": "PT. Pemalang Batang Toll Road", "kodefikasi": "D07", "no": 1, "shape_leng": 0, "keterangan": "GT KUTAWARINGIN BARAT", "creator": null, "created": null, "updater": null, "updated": null, "sync_state": 0, "last_sync": 1765414802000, "Nm_Ruas": "Jl. Tol Soreang - Pasir Koja", "Status": "Jalan Tol", "Propinsi": "Jawa Barat", "Kab_Kot": "Kota Bandung", "Panjang": 500.77464486399998, "Segmen": "SEG_000045670", "Satwil": "Polrestabes Bandung" }, "geometry": { "type": "Point", "coordinates": [ 107.535536274000037, -6.99228170899994 ] } },
{ "type": "Feature", "properties": { "orig_fid": 12, "id": 351, "objectid": 12, "kode_ruas": "soroja", "ruas": "Soreang-Pasir Koja", "kode_gt": "soroja_soreang", "nama": "GT SOREANG", "seksi": 0, "sta": "8+827", "foto": "http://gis.bpjt.pu.go.id/data/foto/gt/gtsoreang.j*", "layer": "Gerbang Tol", "koord_x": "107.532209569918", "koord_y": "-7.01015119069954", "jml_gardu": "7", "jmlgrdrvs": " 1", "jml_lajur": " 7", "panjang_m": "25,1", "luas_m": "254,69", "status": "Operasi", "sub_status": "Operasi Penuh", "region": "Non Trans", "bujt": "PT. Pemalang Batang Toll Road", "kodefikasi": "D07", "no": 5, "shape_leng": 0, "keterangan": "GT SOREANG", "creator": null, "created": null, "updater": null, "updated": null, "sync_state": 0, "last_sync": 1765414802000, "Nm_Ruas": "Jl. Tol Soreang - Pasir Koja", "Status": "Jalan Tol", "Propinsi": "Jawa Barat", "Kab_Kot": "Kota Bandung", "Panjang": 316.94196305000003, "Segmen": "SEG_000045687", "Satwil": "Polrestabes Bandung" }, "geometry": { "type": "Point", "coordinates": [ 107.532209570000077, -7.010151190999977 ] } },
{ "type": "Feature", "properties": { "orig_fid": 12, "id": 351, "objectid": 12, "kode_ruas": "soroja", "ruas": "Soreang-Pasir Koja", "kode_gt": "soroja_soreang", "nama": "GT SOREANG", "seksi": 0, "sta": "8+827", "foto": "http://gis.bpjt.pu.go.id/data/foto/gt/gtsoreang.j*", "layer": "Gerbang Tol", "koord_x": "107.532209569918", "koord_y": "-7.01015119069954", "jml_gardu": "7", "jmlgrdrvs": " 1", "jml_lajur": " 7", "panjang_m": "25,1", "luas_m": "254,69", "status": "Operasi", "sub_status": "Operasi Penuh", "region": "Non Trans", "bujt": "PT. Pemalang Batang Toll Road", "kodefikasi": "D07", "no": 5, "shape_leng": 0, "keterangan": "GT SOREANG", "creator": null, "created": null, "updater": null, "updated": null, "sync_state": 0, "last_sync": 1765414802000, "Nm_Ruas": "Jl. Tol Soreang - Pasir Koja", "Status": "Jalan Tol", "Propinsi": "Jawa Barat", "Kab_Kot": "Kota Bandung", "Panjang": 500.88501816000002, "Segmen": "SEG_000045674", "Satwil": "Polrestabes Bandung" }, "geometry": { "type": "Point", "coordinates": [ 107.532209570000077, -7.010151190999977 ] } },
{ "type": "Feature", "properties": { "orig_fid": 12, "id": 351, "objectid": 12, "kode_ruas": "soroja", "ruas": "Soreang-Pasir Koja", "kode_gt": "soroja_soreang", "nama": "GT SOREANG", "seksi": 0, "sta": "8+827", "foto": "http://gis.bpjt.pu.go.id/data/foto/gt/gtsoreang.j*", "layer": "Gerbang Tol", "koord_x": "107.532209569918", "koord_y": "-7.01015119069954", "jml_gardu": "7", "jmlgrdrvs": " 1", "jml_lajur": " 7", "panjang_m": "25,1", "luas_m": "254,69", "status": "Operasi", "sub_status": "Operasi Penuh", "region": "Non Trans", "bujt": "PT. Pemalang Batang Toll Road", "kodefikasi": "D07", "no": 5, "shape_leng": 0, "keterangan": "GT SOREANG", "creator": null, "created": null, "updater": null, "updated": null, "sync_state": 0, "last_sync": 1765414802000, "Nm_Ruas": "Jl. Tol Soreang - Pasir Koja", "Status": "Jalan Tol", "Propinsi": "Jawa Barat", "Kab_Kot": "Kota Bandung", "Panjang": 500.89738000599999, "Segmen": "SEG_000045688", "Satwil": "Polrestabes Bandung" }, "geometry": { "type": "Point", "coordinates": [ 107.532209570000077, -7.010151190999977 ] } },
{ "type": "Feature", "properties": { "orig_fid": 13, "id": 113, "objectid": 13, "kode_ruas": "jgrw", "ruas": "Jakarta - Bogor - Ciawi", "kode_gt": "jgrw_bogor", "nama": "GT BOGOR 1", "seksi": 0, "sta": "42+351", "foto": "http://gis.bpjt.pu.go.id/data/foto/gt/gtbogor.jpg", "layer": "Gerbang Tol", "koord_x": "106.817616097792", "koord_y": "-6.59745532956556", "jml_gardu": "10", "jmlgrdrvs": " ", "jml_lajur": "10", "panjang_m": " ", "luas_m": " ", "status": "Operasi", "sub_status": "Operasi Penuh", "region": "Jabdodetabek", "bujt": "PT Jasa Marga (Persero) Tbk", "kodefikasi": "B25", "no": 29, "shape_leng": 0, "keterangan": "GT BOGOR 1", "creator": null, "created": null, "updater": null, "updated": null, "sync_state": 0, "last_sync": 1765414802000, "Nm_Ruas": null, "Status": null, "Propinsi": null, "Kab_Kot": null, "Panjang": null, "Segmen": null, "Satwil": null }, "geometry": { "type": "Point", "coordinates": [ 106.817616098000087, -6.597455329999946 ] } },
{ "type": "Feature", "properties": { "orig_fid": 14, "id": 125, "objectid": 14, "kode_ruas": "jgrw", "ruas": "Jakarta - Bogor - Ciawi", "kode_gt": "jgrw_ciawi", "nama": "GT CIAWI 1", "seksi": 0, "sta": "44+662", "foto": "http://gis.bpjt.pu.go.id/data/foto/gt/gtciawi-.jpg", "layer": "Gerbang Tol", "koord_x": "106.838987076946", "koord_y": "-6.631129285129", "jml_gardu": "9", "jmlgrdrvs": " ", "jml_lajur": "9", "panjang_m": " ", "luas_m": " ", "status": "Operasi", "sub_status": "Operasi Penuh", "region": "Jabdodetabek", "bujt": "PT Jasa Marga (Persero) Tbk", "kodefikasi": "B25", "no": 31, "shape_leng": 0, "keterangan": "GT CIAWI 1", "creator": null, "created": null, "updater": null, "updated": null, "sync_state": 0, "last_sync": 1765414802000, "Nm_Ruas": null, "Status": null, "Propinsi": null, "Kab_Kot": null, "Panjang": null, "Segmen": null, "Satwil": null }, "geometry": { "type": "Point", "coordinates": [ 106.83898707700007, -6.631129284999929 ] } },
{ "type": "Feature", "properties": { "orig_fid": 15, "id": 276, "objectid": 15, "kode_ruas": "jgrw", "ruas": "Jakarta - Bogor - Ciawi", "kode_gt": "jgrw_sentul_selatan2", "nama": "GT SENTUL SELATAN 2", "seksi": 0, "sta": "36+794", "foto": "http://gis.bpjt.pu.go.id/data/foto/gt/gtsentulsel*", "layer": "Gerbang Tol", "koord_x": "106.842737002318", "koord_y": "-6.56248339006943", "jml_gardu": "7", "jmlgrdrvs": " ", "jml_lajur": "7", "panjang_m": " ", "luas_m": " ", "status": "Operasi", "sub_status": "Operasi Penuh", "region": "Jabdodetabek", "bujt": "PT Jasa Marga (Persero) Tbk", "kodefikasi": "B25", "no": 25, "shape_leng": 0, "keterangan": "GT SENTUL SELATAN 2", "creator": null, "created": null, "updater": null, "updated": null, "sync_state": 0, "last_sync": 1765414802000, "Nm_Ruas": null, "Status": null, "Propinsi": null, "Kab_Kot": null, "Panjang": null, "Segmen": null, "Satwil": null }, "geometry": { "type": "Point", "coordinates": [ 106.842737002000035, -6.562483389999954 ] } },
{ "type": "Feature", "properties": { "orig_fid": 16, "id": 277, "objectid": 16, "kode_ruas": "jgrw", "ruas": "Jakarta - Bogor - Ciawi", "kode_gt": "jgrw_sentul_selatan1", "nama": "GT SENTUL SELATAN 1", "seksi": 0, "sta": "36+862", "foto": "http://gis.bpjt.pu.go.id/data/foto/gt/gtsentulsel*", "layer": "Gerbang Tol", "koord_x": "106.844929350582", "koord_y": "-6.56393240898537", "jml_gardu": "10", "jmlgrdrvs": " ", "jml_lajur": "10", "panjang_m": " ", "luas_m": " ", "status": "Operasi", "sub_status": "Operasi Penuh", "region": "Jabdodetabek", "bujt": "PT Jasa Marga (Persero) Tbk", "kodefikasi": "B25", "no": 26, "shape_leng": 0, "keterangan": "GT SENTUL SELATAN 1", "creator": null, "created": null, "updater": null, "updated": null, "sync_state": 0, "last_sync": 1765414802000, "Nm_Ruas": null, "Status": null, "Propinsi": null, "Kab_Kot": null, "Panjang": null, "Segmen": null, "Satwil": null }, "geometry": { "type": "Point", "coordinates": [ 106.844929351000076, -6.56393240899996 ] } },
{ "type": "Feature", "properties": { "orig_fid": 17, "id": 0, "objectid": 17, "kode_ruas": "jgrw", "ruas": "Jakarta - Bogor - Ciawi", "kode_gt": "jgrw_cibubur3", "nama": "GT CIBUBUR 3", "seksi": 0, "sta": "14+544", "foto": "http://gis.bpjt.pu.go.id/data/foto/gt/notfound.jpg", "layer": "Gerbang Tol", "koord_x": "106.896243315942", "koord_y": "-6.37320049480172", "jml_gardu": "2", "jmlgrdrvs": " ", "jml_lajur": "2", "panjang_m": " ", "luas_m": " ", "status": "Operasi", "sub_status": "Operasi Penuh", "region": "Jabdodetabek", "bujt": "PT Jasa Marga (Persero) Tbk", "kodefikasi": "B25", "no": 9, "shape_leng": 0, "keterangan": "GT CIBUBUR 3", "creator": null, "created": null, "updater": null, "updated": null, "sync_state": 0, "last_sync": 1765414802000, "Nm_Ruas": null, "Status": null, "Propinsi": null, "Kab_Kot": null, "Panjang": null, "Segmen": null, "Satwil": null }, "geometry": { "type": "Point", "coordinates": [ 106.896243316000039, -6.373200494999935 ] } },
{ "type": "Feature", "properties": { "orig_fid": 18, "id": 30, "objectid": 18, "kode_ruas": "jgrw", "ruas": "Jakarta - Bogor - Ciawi", "kode_gt": "jgrw_cibubur1", "nama": "GT CIBUBUR 1", "seksi": 0, "sta": "13+694", "foto": "http://gis.bpjt.pu.go.id/data/foto/gt/gtcibubur1-*", "layer": "Gerbang Tol", "koord_x": "106.895014891776", "koord_y": "-6.36580562223428", "jml_gardu": "8", "jmlgrdrvs": " ", "jml_lajur": "8", "panjang_m": " ", "luas_m": " ", "status": "Operasi", "sub_status": "Operasi Penuh", "region": "Jabdodetabek", "bujt": "PT Jasa Marga (Persero) Tbk", "kodefikasi": "B25", "no": 8, "shape_leng": 0, "keterangan": "GT CIBUBUR 1", "creator": null, "created": null, "updater": null, "updated": null, "sync_state": 0, "last_sync": 1765414802000, "Nm_Ruas": null, "Status": null, "Propinsi": null, "Kab_Kot": null, "Panjang": null, "Segmen": null, "Satwil": null }, "geometry": { "type": "Point", "coordinates": [ 106.895014892000063, -6.365805621999925 ] } },
{ "type": "Feature", "properties": { "orig_fid": 19, "id": 159, "objectid": 19, "kode_ruas": "jgrw", "ruas": "Jakarta - Bogor - Ciawi", "kode_gt": "jgrw_cibubur2", "nama": "GT CIBUBUR 2", "seksi": 0, "sta": "13+630", "foto": "http://gis.bpjt.pu.go.id/data/foto/gt/gtcibubur2-*", "layer": "Gerbang Tol", "koord_x": "106.894234039512", "koord_y": "-6.36528921736787", "jml_gardu": "9", "jmlgrdrvs": " ", "jml_lajur": "9", "panjang_m": " ", "luas_m": " ", "status": "Operasi", "sub_status": "Operasi Penuh", "region": "Jabdodetabek", "bujt": "PT Jasa Marga (Persero) Tbk", "kodefikasi": "B25", "no": 7, "shape_leng": 0, "keterangan": "GT CIBUBUR 2", "creator": null, "created": null, "updater": null, "updated": null, "sync_state": 0, "last_sync": 1765414802000, "Nm_Ruas": null, "Status": null, "Propinsi": null, "Kab_Kot": null, "Panjang": null, "Segmen": null, "Satwil": null }, "geometry": { "type": "Point", "coordinates": [ 106.894234040000072, -6.36528921699994 ] } },
{ "type": "Feature", "properties": { "orig_fid": 20, "id": 272, "objectid": 20, "kode_ruas": "cijago", "ruas": "Jakarta - Bogor - Ciawi", "kode_gt": "cijago_cimanggis2", "nama": "GT CIMANGGIS 2", "seksi": 0, "sta": "15+597", "foto": "http://gis.bpjt.pu.go.id/data/foto/gt/gtcimanggis*", "layer": "Gerbang Tol", "koord_x": "106.895694739969", "koord_y": "-6.38281045402221", "jml_gardu": "5", "jmlgrdrvs": " ", "jml_lajur": "5", "panjang_m": " ", "luas_m": " ", "status": "Operasi", "sub_status": "Operasi Penuh", "region": "Jabdodetabek", "bujt": "PT Jasa Marga (Persero) Tbk", "kodefikasi": "B25", "no": 10, "shape_leng": 0, "keterangan": "GT CIMANGGIS 2", "creator": null, "created": null, "updater": null, "updated": null, "sync_state": 0, "last_sync": 1765414802000, "Nm_Ruas": null, "Status": null, "Propinsi": null, "Kab_Kot": null, "Panjang": null, "Segmen": null, "Satwil": null }, "geometry": { "type": "Point", "coordinates": [ 106.895694740000067, -6.38281045399998 ] } },
{ "type": "Feature", "properties": { "orig_fid": 21, "id": 455, "objectid": 21, "kode_ruas": "cimcib", "ruas": "Jakarta - Bogor - Ciawi", "kode_gt": "cimcib_cimanggis4", "nama": "GT CIMANGGIS 4", "seksi": 0, "sta": "15+851", "foto": "http://gis.bpjt.pu.go.id/data/foto/gt/gtcimanggis*", "layer": "Gerbang Tol", "koord_x": "106.895552335581", "koord_y": "-6.385150468092", "jml_gardu": "4", "jmlgrdrvs": " ", "jml_lajur": "4", "panjang_m": " ", "luas_m": " ", "status": "Operasi", "sub_status": "Operasi Penuh", "region": "Jabdodetabek", "bujt": "PT Jasa Marga (Persero) Tbk", "kodefikasi": "B25", "no": 11, "shape_leng": 0, "keterangan": "GT CIMANGGIS 4", "creator": null, "created": null, "updater": null, "updated": null, "sync_state": 0, "last_sync": 1765414802000, "Nm_Ruas": null, "Status": null, "Propinsi": null, "Kab_Kot": null, "Panjang": null, "Segmen": null, "Satwil": null }, "geometry": { "type": "Point", "coordinates": [ 106.895552336000037, -6.385150467999949 ] } },
{ "type": "Feature", "properties": { "orig_fid": 22, "id": 452, "objectid": 22, "kode_ruas": "cijago", "ruas": "Jakarta - Bogor - Ciawi", "kode_gt": "cijago_cimanggis3", "nama": "GT CIMANGGIS 3", "seksi": 0, "sta": "16+039", "foto": "http://gis.bpjt.pu.go.id/data/foto/gt/gtcimanggis*", "layer": "Gerbang Tol", "koord_x": "106.896584037724", "koord_y": "-6.38676899659028", "jml_gardu": "5", "jmlgrdrvs": " ", "jml_lajur": "5", "panjang_m": " ", "luas_m": " ", "status": "Operasi", "sub_status": "Operasi Penuh", "region": "Jabdodetabek", "bujt": "PT Jasa Marga (Persero) Tbk", "kodefikasi": "B25", "no": 12, "shape_leng": 0, "keterangan": "GT CIMANGGIS 3", "creator": null, "created": null, "updater": null, "updated": null, "sync_state": 0, "last_sync": 1765414802000, "Nm_Ruas": null, "Status": null, "Propinsi": null, "Kab_Kot": null, "Panjang": null, "Segmen": null, "Satwil": null }, "geometry": { "type": "Point", "coordinates": [ 106.896584038000071, -6.386768996999933 ] } },
{ "type": "Feature", "properties": { "orig_fid": 23, "id": 456, "objectid": 23, "kode_ruas": "cimcib", "ruas": "Jakarta - Bogor - Ciawi", "kode_gt": "cimcib_cimanggis5", "nama": "GT CIMANGGIS 5", "seksi": 0, "sta": "16+231", "foto": "http://gis.bpjt.pu.go.id/data/foto/gt/gtcimanggis*", "layer": "Gerbang Tol", "koord_x": "106.898139200839", "koord_y": "-6.38772609084326", "jml_gardu": "5", "jmlgrdrvs": " ", "jml_lajur": "5", "panjang_m": " ", "luas_m": " ", "status": "Operasi", "sub_status": "Operasi Penuh", "region": "Jabdodetabek", "bujt": "PT Jasa Marga (Persero) Tbk", "kodefikasi": "B25", "no": 13, "shape_leng": 0, "keterangan": "GT CIMANGGIS 5", "creator": null, "created": null, "updater": null, "updated": null, "sync_state": 0, "last_sync": 1765414802000, "Nm_Ruas": null, "Status": null, "Propinsi": null, "Kab_Kot": null, "Panjang": null, "Segmen": null, "Satwil": null }, "geometry": { "type": "Point", "coordinates": [ 106.898139201000049, -6.387726090999934 ] } },
{ "type": "Feature", "properties": { "orig_fid": 24, "id": 271, "objectid": 24, "kode_ruas": "cijago", "ruas": "Jakarta - Bogor - Ciawi", "kode_gt": "cijago_cimanggis1", "nama": "GT CIMANGGIS 1", "seksi": 0, "sta": "16+464", "foto": "http://gis.bpjt.pu.go.id/data/foto/gt/gtcimanggis*", "layer": "Gerbang Tol", "koord_x": "106.895259627295", "koord_y": "-6.39065325031291", "jml_gardu": "2", "jmlgrdrvs": " ", "jml_lajur": "2", "panjang_m": " ", "luas_m": " ", "status": "Operasi", "sub_status": "Operasi Penuh", "region": "Jabdodetabek", "bujt": "PT Jasa Marga (Persero) Tbk", "kodefikasi": "B25", "no": 14, "shape_leng": 0, "keterangan": "GT CIMANGGIS 1", "creator": null, "created": null, "updater": null, "updated": null, "sync_state": 0, "last_sync": 1765414802000, "Nm_Ruas": null, "Status": null, "Propinsi": null, "Kab_Kot": null, "Panjang": null, "Segmen": null, "Satwil": null }, "geometry": { "type": "Point", "coordinates": [ 106.895259627000087, -6.390653249999957 ] } },
{ "type": "Feature", "properties": { "orig_fid": 25, "id": 0, "objectid": 25, "kode_ruas": "jgrw", "ruas": "Jakarta - Bogor - Ciawi", "kode_gt": "jgrw_taman_mini1", "nama": "GT TAMAN MINI 1", "seksi": 0, "sta": "04+700", "foto": " ", "layer": "Gerbang Tol", "koord_x": "106.878240327682", "koord_y": "-6.28711220488779", "jml_gardu": "5", "jmlgrdrvs": " ", "jml_lajur": "5", "panjang_m": " ", "luas_m": " ", "status": "Operasi", "sub_status": "Operasi Penuh", "region": "Jabodetabek", "bujt": "PT Jasa Marga (Persero) Tbk", "kodefikasi": "B25", "no": 1, "shape_leng": 0, "keterangan": " ", "creator": null, "created": null, "updater": null, "updated": null, "sync_state": 0, "last_sync": 1765414802000, "Nm_Ruas": null, "Status": null, "Propinsi": null, "Kab_Kot": null, "Panjang": null, "Segmen": null, "Satwil": null }, "geometry": { "type": "Point", "coordinates": [ 106.878240328000061, -6.287112204999971 ] } },
{ "type": "Feature", "properties": { "orig_fid": 26, "id": 0, "objectid": 26, "kode_ruas": "jgrw", "ruas": "Jakarta - Bogor - Ciawi", "kode_gt": "jgrw_taman_mini2", "nama": "GT TAMAN MINI 2", "seksi": 0, "sta": "04+700", "foto": " ", "layer": "Gerbang Tol", "koord_x": "106.877622837733", "koord_y": "-6.2873724757752", "jml_gardu": "5", "jmlgrdrvs": " ", "jml_lajur": "5", "panjang_m": " ", "luas_m": " ", "status": "Operasi", "sub_status": "Operasi Penuh", "region": "Jabodetabek", "bujt": "PT Jasa Marga (Persero) Tbk", "kodefikasi": "B25", "no": 2, "shape_leng": 0, "keterangan": " ", "creator": null, "created": null, "updater": null, "updated": null, "sync_state": 0, "last_sync": 1765414802000, "Nm_Ruas": null, "Status": null, "Propinsi": null, "Kab_Kot": null, "Panjang": null, "Segmen": null, "Satwil": null }, "geometry": { "type": "Point", "coordinates": [ 106.877622838000036, -6.287372475999973 ] } },
{ "type": "Feature", "properties": { "orig_fid": 27, "id": 0, "objectid": 27, "kode_ruas": "jgrw", "ruas": "Jakarta - Bogor - Ciawi", "kode_gt": "jgrw_dukuh1", "nama": "GT DUKUH 1", "seksi": 0, "sta": "06+481", "foto": " ", "layer": "Gerbang Tol", "koord_x": "106.883554227672", "koord_y": "-6.30169067934519", "jml_gardu": "3", "jmlgrdrvs": " ", "jml_lajur": "3", "panjang_m": " ", "luas_m": " ", "status": "Operasi", "sub_status": "Operasi Penuh", "region": "Jabodetabek", "bujt": "PT Jasa Marga (Persero) Tbk", "kodefikasi": "B25", "no": 4, "shape_leng": 0, "keterangan": " ", "creator": null, "created": null, "updater": null, "updated": null, "sync_state": 0, "last_sync": 1765414802000, "Nm_Ruas": null, "Status": null, "Propinsi": null, "Kab_Kot": null, "Panjang": null, "Segmen": null, "Satwil": null }, "geometry": { "type": "Point", "coordinates": [ 106.883554228000037, -6.301690678999933 ] } },
{ "type": "Feature", "properties": { "orig_fid": 28, "id": 0, "objectid": 28, "kode_ruas": "jgrw", "ruas": "Jakarta - Bogor - Ciawi", "kode_gt": "jgrw_dukuh3", "nama": "GT DUKUH 3", "seksi": 0, "sta": "06+268", "foto": " ", "layer": "Gerbang Tol", "koord_x": "106.883170836706", "koord_y": "-6.29984193189566", "jml_gardu": "3", "jmlgrdrvs": " ", "jml_lajur": "3", "panjang_m": " ", "luas_m": " ", "status": "Operasi", "sub_status": "Operasi Penuh", "region": "Jabodetabek", "bujt": "PT Jasa Marga (Persero) Tbk", "kodefikasi": "B25", "no": 3, "shape_leng": 0, "keterangan": " ", "creator": null, "created": null, "updater": null, "updated": null, "sync_state": 0, "last_sync": 1765414802000, "Nm_Ruas": null, "Status": null, "Propinsi": null, "Kab_Kot": null, "Panjang": null, "Segmen": null, "Satwil": null }, "geometry": { "type": "Point", "coordinates": [ 106.88317083700008, -6.299841931999936 ] } },
{ "type": "Feature", "properties": { "orig_fid": 29, "id": 29, "objectid": 29, "kode_ruas": "jgrw", "ruas": "Jakarta - Bogor - Ciawi", "kode_gt": "jgrw_pasar_rebo", "nama": "GT UTAMA PASAR REBO", "seksi": 0, "sta": "07+412", "foto": "http://gis.bpjt.pu.go.id/data/foto/gt/gtpasarrebo*", "layer": "Gerbang Tol", "koord_x": "106.884776705803", "koord_y": "-6.3101448769125", "jml_gardu": "6", "jmlgrdrvs": " ", "jml_lajur": "6", "panjang_m": " ", "luas_m": " ", "status": "Operasi", "sub_status": "Operasi Penuh", "region": "Jabodetabek", "bujt": "PT Jasa Marga (Persero) Tbk", "kodefikasi": "B25", "no": 6, "shape_leng": 0, "keterangan": "GT PASAR REBO", "creator": null, "created": null, "updater": null, "updated": null, "sync_state": 0, "last_sync": 1765414802000, "Nm_Ruas": null, "Status": null, "Propinsi": null, "Kab_Kot": null, "Panjang": null, "Segmen": null, "Satwil": null }, "geometry": { "type": "Point", "coordinates": [ 106.884776706000082, -6.310144876999971 ] } },
{ "type": "Feature", "properties": { "orig_fid": 30, "id": 0, "objectid": 30, "kode_ruas": "jgrw", "ruas": "Jakarta - Bogor - Ciawi", "kode_gt": "jgrw_dukuh2", "nama": "GT DUKUH 2", "seksi": 0, "sta": "06+545", "foto": " ", "layer": "Gerbang Tol", "koord_x": "106.883271910653", "koord_y": "-6.30340322701836", "jml_gardu": "11", "jmlgrdrvs": " ", "jml_lajur": "11", "panjang_m": " ", "luas_m": " ", "status": "Operasi", "sub_status": "Operasi Penuh", "region": "Jabodetabek", "bujt": "PT Jasa Marga (Persero) Tbk", "kodefikasi": "B25", "no": 5, "shape_leng": 0, "keterangan": " ", "creator": null, "created": null, "updater": null, "updated": null, "sync_state": 0, "last_sync": 1765414802000, "Nm_Ruas": null, "Status": null, "Propinsi": null, "Kab_Kot": null, "Panjang": null, "Segmen": null, "Satwil": null }, "geometry": { "type": "Point", "coordinates": [ 106.883271911000065, -6.303403226999933 ] } },
{ "type": "Feature", "properties": { "orig_fid": 31, "id": 47, "objectid": 31, "kode_ruas": "cijago", "ruas": "Jakarta - Bogor - Ciawi", "kode_gt": "cijago_cimanggis_utama", "nama": "GT CIMANGGIS UTAMA", "seksi": 0, "sta": "19+400", "foto": "http://gis.bpjt.pu.go.id/data/foto/gt/notfound.jpg", "layer": "Gerbang Tol", "koord_x": "106.893741053961", "koord_y": "-6.42111687949954", "jml_gardu": "2", "jmlgrdrvs": "1", "jml_lajur": "3", "panjang_m": " ", "luas_m": " ", "status": "Operasi", "sub_status": "Operasi Penuh", "region": "Jabdodetabek", "bujt": "PT Jasa Marga (Persero) Tbk", "kodefikasi": "B25", "no": 15, "shape_leng": 0, "keterangan": "GT CIMANGGIS UTAMA", "creator": null, "created": null, "updater": null, "updated": null, "sync_state": 0, "last_sync": 1765414802000, "Nm_Ruas": null, "Status": null, "Propinsi": null, "Kab_Kot": null, "Panjang": null, "Segmen": null, "Satwil": null }, "geometry": { "type": "Point", "coordinates": [ 106.893741054000088, -6.421116878999953 ] } },
{ "type": "Feature", "properties": { "orig_fid": 32, "id": 44, "objectid": 32, "kode_ruas": "cijago", "ruas": "Jakarta - Bogor - Ciawi", "kode_gt": "cijago_cimanggis", "nama": "GT CIMANGGIS", "seksi": 0, "sta": "19+400", "foto": "http://gis.bpjt.pu.go.id/data/foto/gt/gtcimanggis*", "layer": "Gerbang Tol", "koord_x": "106.89365894314", "koord_y": "-6.42104072956274", "jml_gardu": "2", "jmlgrdrvs": "1", "jml_lajur": "3", "panjang_m": " ", "luas_m": " ", "status": "Operasi", "sub_status": "Operasi Penuh", "region": "Jabdodetabek", "bujt": "PT Jasa Marga (Persero) Tbk", "kodefikasi": "B25", "no": 16, "shape_leng": 0, "keterangan": "GT CIMANGGIS", "creator": null, "created": null, "updater": null, "updated": null, "sync_state": 0, "last_sync": 1765414802000, "Nm_Ruas": null, "Status": null, "Propinsi": null, "Kab_Kot": null, "Panjang": null, "Segmen": null, "Satwil": null }, "geometry": { "type": "Point", "coordinates": [ 106.893658943000048, -6.421040729999959 ] } },
{ "type": "Feature", "properties": { "orig_fid": 33, "id": 0, "objectid": 33, "kode_ruas": "jgrw", "ruas": "Jakarta - Bogor - Ciawi", "kode_gt": "jgrw_gunung_putri", "nama": "GT GUNUNG PUTRI ON RAMP", "seksi": 0, "sta": "24+619", "foto": " ", "layer": "Gerbang Tol", "koord_x": "106.889340590205", "koord_y": "-6.46126000064865", "jml_gardu": "4", "jmlgrdrvs": " ", "jml_lajur": "4", "panjang_m": " ", "luas_m": " ", "status": "Operasi", "sub_status": "Operasi Penuh", "region": "Jabdodetabek", "bujt": "PT Jasa Marga (Persero) Tbk", "kodefikasi": "B25", "no": 17, "shape_leng": 0, "keterangan": " ", "creator": null, "created": null, "updater": null, "updated": null, "sync_state": 0, "last_sync": 1765414802000, "Nm_Ruas": null, "Status": null, "Propinsi": null, "Kab_Kot": null, "Panjang": null, "Segmen": null, "Satwil": null }, "geometry": { "type": "Point", "coordinates": [ 106.889340590000074, -6.461260000999971 ] } },
{ "type": "Feature", "properties": { "orig_fid": 34, "id": 59, "objectid": 34, "kode_ruas": "jgrw", "ruas": "Jakarta - Bogor - Ciawi", "kode_gt": "jgrw_gunung_putri", "nama": "GT GUNUNG PUTRI OFF RAMP", "seksi": 0, "sta": "24+619", "foto": "http://gis.bpjt.pu.go.id/data/foto/gt/gtgunungput*", "layer": "Gerbang Tol", "koord_x": "106.889173546409", "koord_y": "-6.46144933133311", "jml_gardu": "4", "jmlgrdrvs": " ", "jml_lajur": "4", "panjang_m": " ", "luas_m": " ", "status": "Operasi", "sub_status": "Operasi Penuh", "region": "Jabdodetabek", "bujt": "PT Jasa Marga (Persero) Tbk", "kodefikasi": "B25", "no": 18, "shape_leng": 0, "keterangan": "GT GUNUNG PUTRI", "creator": null, "created": null, "updater": null, "updated": null, "sync_state": 0, "last_sync": 1765414802000, "Nm_Ruas": null, "Status": null, "Propinsi": null, "Kab_Kot": null, "Panjang": null, "Segmen": null, "Satwil": null }, "geometry": { "type": "Point", "coordinates": [ 106.889173546000052, -6.461449330999926 ] } },
{ "type": "Feature", "properties": { "orig_fid": 35, "id": 352, "objectid": 35, "kode_ruas": "jgrw", "ruas": "Jakarta - Bogor - Ciawi", "kode_gt": "jgrw_karanggan", "nama": "GT KARANGGAN OFF RAMP", "seksi": 0, "sta": "24+886", "foto": "http://gis.bpjt.pu.go.id/data/foto/gt/gtkaranggan*", "layer": "Gerbang Tol", "koord_x": "106.884045862681", "koord_y": "-6.45723497046783", "jml_gardu": "4", "jmlgrdrvs": " ", "jml_lajur": "4", "panjang_m": " ", "luas_m": " ", "status": "Operasi", "sub_status": "Operasi Penuh", "region": "Jabdodetabek", "bujt": "PT Jasa Marga (Persero) Tbk", "kodefikasi": "B25", "no": 19, "shape_leng": 0, "keterangan": "GT KARANGGAN", "creator": null, "created": null, "updater": null, "updated": null, "sync_state": 0, "last_sync": 1765414802000, "Nm_Ruas": null, "Status": null, "Propinsi": null, "Kab_Kot": null, "Panjang": null, "Segmen": null, "Satwil": null }, "geometry": { "type": "Point", "coordinates": [ 106.88404586300004, -6.457234969999945 ] } },
{ "type": "Feature", "properties": { "orig_fid": 36, "id": 0, "objectid": 36, "kode_ruas": "jgrw", "ruas": "Jakarta - Bogor - Ciawi", "kode_gt": "jgrw_karanggan", "nama": "GT KARANGGAN ON RAMP", "seksi": 0, "sta": "24+886", "foto": " ", "layer": "Gerbang Tol", "koord_x": "106.884019642198", "koord_y": "-6.45718660665497", "jml_gardu": "4", "jmlgrdrvs": " ", "jml_lajur": "4", "panjang_m": " ", "luas_m": " ", "status": "Operasi", "sub_status": "Operasi Penuh", "region": "Jabdodetabek", "bujt": "PT Jasa Marga (Persero) Tbk", "kodefikasi": "B25", "no": 20, "shape_leng": 0, "keterangan": " ", "creator": null, "created": null, "updater": null, "updated": null, "sync_state": 0, "last_sync": 1765414802000, "Nm_Ruas": null, "Status": null, "Propinsi": null, "Kab_Kot": null, "Panjang": null, "Segmen": null, "Satwil": null }, "geometry": { "type": "Point", "coordinates": [ 106.884019642000055, -6.457186606999926 ] } },
{ "type": "Feature", "properties": { "orig_fid": 37, "id": 66, "objectid": 37, "kode_ruas": "jgrw", "ruas": "Jakarta - Bogor - Ciawi", "kode_gt": "jgrw_citereup1", "nama": "GT CITEUREUP 1", "seksi": 0, "sta": "27+100", "foto": "http://gis.bpjt.pu.go.id/data/foto/gt/gtciteurep1*", "layer": "Gerbang Tol", "koord_x": "106.874452464529", "koord_y": "-6.48246102075388", "jml_gardu": "4", "jmlgrdrvs": " ", "jml_lajur": "4", "panjang_m": " ", "luas_m": " ", "status": "Operasi", "sub_status": "Operasi Penuh", "region": "Jabdodetabek", "bujt": "PT Jasa Marga (Persero) Tbk", "kodefikasi": "B25", "no": 21, "shape_leng": 0, "keterangan": "GT CITEUREP 1", "creator": null, "created": null, "updater": null, "updated": null, "sync_state": 0, "last_sync": 1765414802000, "Nm_Ruas": null, "Status": null, "Propinsi": null, "Kab_Kot": null, "Panjang": null, "Segmen": null, "Satwil": null }, "geometry": { "type": "Point", "coordinates": [ 106.874452465000047, -6.482461020999949 ] } },
{ "type": "Feature", "properties": { "orig_fid": 38, "id": 150, "objectid": 38, "kode_ruas": "jgrw", "ruas": "Jakarta - Bogor - Ciawi", "kode_gt": "jgrw_citereup2", "nama": "GT CITEUREUP 2", "seksi": 0, "sta": "27+334", "foto": "http://gis.bpjt.pu.go.id/data/foto/gt/gtciteureup*", "layer": "Gerbang Tol", "koord_x": "106.873153453601", "koord_y": "-6.48342321092077", "jml_gardu": "4", "jmlgrdrvs": " ", "jml_lajur": "4", "panjang_m": " ", "luas_m": " ", "status": "Operasi", "sub_status": "Operasi Penuh", "region": "Jabdodetabek", "bujt": "PT Jasa Marga (Persero) Tbk", "kodefikasi": "B25", "no": 22, "shape_leng": 0, "keterangan": "GT CITEUREUP 2", "creator": null, "created": null, "updater": null, "updated": null, "sync_state": 0, "last_sync": 1765414802000, "Nm_Ruas": null, "Status": null, "Propinsi": null, "Kab_Kot": null, "Panjang": null, "Segmen": null, "Satwil": null }, "geometry": { "type": "Point", "coordinates": [ 106.873153454000033, -6.483423210999945 ] } },
{ "type": "Feature", "properties": { "orig_fid": 39, "id": 76, "objectid": 39, "kode_ruas": "jgrw", "ruas": "Jakarta - Bogor - Ciawi", "kode_gt": "jgrw_sentul", "nama": "GT SENTUL 1", "seksi": 0, "sta": "32+648", "foto": "http://gis.bpjt.pu.go.id/data/foto/gt/gtsentul.jpg", "layer": "Gerbang Tol", "koord_x": "106.8542828784", "koord_y": "-6.5281244520691", "jml_gardu": "4", "jmlgrdrvs": " ", "jml_lajur": "4", "panjang_m": " ", "luas_m": " ", "status": "Operasi", "sub_status": "Operasi Penuh", "region": "Jabdodetabek", "bujt": "PT Jasa Marga (Persero) Tbk", "kodefikasi": "B25", "no": 23, "shape_leng": 0, "keterangan": "GT SENTUL", "creator": null, "created": null, "updater": null, "updated": null, "sync_state": 0, "last_sync": 1765414802000, "Nm_Ruas": null, "Status": null, "Propinsi": null, "Kab_Kot": null, "Panjang": null, "Segmen": null, "Satwil": null }, "geometry": { "type": "Point", "coordinates": [ 106.854282878000049, -6.528124451999929 ] } },
{ "type": "Feature", "properties": { "orig_fid": 40, "id": 143, "objectid": 40, "kode_ruas": "jgrw", "ruas": "Jakarta - Bogor - Ciawi", "kode_gt": "jgrw_sentul2", "nama": "GT SENTUL 2", "seksi": 0, "sta": "33+119", "foto": "http://gis.bpjt.pu.go.id/data/foto/gt/gtsentul2.j*", "layer": "Gerbang Tol", "koord_x": "106.852578539601", "koord_y": "-6.53144541632874", "jml_gardu": "3", "jmlgrdrvs": " ", "jml_lajur": "3", "panjang_m": " ", "luas_m": " ", "status": "Operasi", "sub_status": "Operasi Penuh", "region": "Jabdodetabek", "bujt": "PT Jasa Marga (Persero) Tbk", "kodefikasi": "B25", "no": 24, "shape_leng": 0, "keterangan": "GT SENTUL 2", "creator": null, "created": null, "updater": null, "updated": null, "sync_state": 0, "last_sync": 1765414802000, "Nm_Ruas": null, "Status": null, "Propinsi": null, "Kab_Kot": null, "Panjang": null, "Segmen": null, "Satwil": null }, "geometry": { "type": "Point", "coordinates": [ 106.852578540000081, -6.53144541599994 ] } },
{ "type": "Feature", "properties": { "orig_fid": 41, "id": 410, "objectid": 41, "kode_ruas": "bocimi", "ruas": "Jakarta - Bogor - Ciawi", "kode_gt": "bocimi_ciawi", "nama": "GT CIAWI 2", "seksi": 0, "sta": "41+312", "foto": "http://gis.bpjt.pu.go.id/data/foto/gt/gtciawisela*", "layer": "Gerbang Tol", "koord_x": "106.831285672731", "koord_y": "-6.60225733894361", "jml_gardu": "10", "jmlgrdrvs": " ", "jml_lajur": "10", "panjang_m": " ", "luas_m": " ", "status": "Operasi", "sub_status": "Operasi Penuh", "region": "Jabdodetabek", "bujt": "PT Jasa Marga (Persero) Tbk", "kodefikasi": "B25", "no": 28, "shape_leng": 0, "keterangan": "GT CIAWI 2", "creator": null, "created": null, "updater": null, "updated": null, "sync_state": 0, "last_sync": 1765414802000, "Nm_Ruas": null, "Status": null, "Propinsi": null, "Kab_Kot": null, "Panjang": null, "Segmen": null, "Satwil": null }, "geometry": { "type": "Point", "coordinates": [ 106.831285673000082, -6.602257338999948 ] } },
{ "type": "Feature", "properties": { "orig_fid": 42, "id": 0, "objectid": 42, "kode_ruas": "jgrw", "ruas": "Jakarta - Bogor - Ciawi", "kode_gt": "jgrw_bogor_selatan", "nama": "GT BOGOR SELATAN", "seksi": 0, "sta": "42+593", "foto": " ", "layer": "Gerbang Tol", "koord_x": "106.832399097998", "koord_y": "-6.61372028895819", "jml_gardu": "10", "jmlgrdrvs": " ", "jml_lajur": "10", "panjang_m": " ", "luas_m": " ", "status": "Operasi", "sub_status": "Operasi Penuh", "region": "Jabdodetabek", "bujt": "PT Jasa Marga (Persero) Tbk", "kodefikasi": "B25", "no": 30, "shape_leng": 0, "keterangan": " ", "creator": null, "created": null, "updater": null, "updated": null, "sync_state": 0, "last_sync": 1765414802000, "Nm_Ruas": null, "Status": null, "Propinsi": null, "Kab_Kot": null, "Panjang": null, "Segmen": null, "Satwil": null }, "geometry": { "type": "Point", "coordinates": [ 106.832399098000053, -6.613720288999957 ] } },
{ "type": "Feature", "properties": { "orig_fid": 43, "id": 370, "objectid": 43, "kode_ruas": "jgrw", "ruas": "Jakarta - Bogor - Ciawi", "kode_gt": "jgrw_bogor_satelit", "nama": "GT BOGOR 2", "seksi": 0, "sta": "41+147", "foto": "http://gis.bpjt.pu.go.id/data/foto/gt/gtbogorsate*", "layer": "Gerbang Tol", "koord_x": "106.826461927102", "koord_y": "-6.59594009004264", "jml_gardu": "8", "jmlgrdrvs": " ", "jml_lajur": "8", "panjang_m": " ", "luas_m": " ", "status": "Operasi", "sub_status": "Operasi Penuh", "region": "Jabdodetabek", "bujt": "PT Jasa Marga (Persero) Tbk", "kodefikasi": "B25", "no": 27, "shape_leng": 0, "keterangan": "GT BOGOR 2", "creator": null, "created": null, "updater": null, "updated": null, "sync_state": 0, "last_sync": 1765414802000, "Nm_Ruas": null, "Status": null, "Propinsi": null, "Kab_Kot": null, "Panjang": null, "Segmen": null, "Satwil": null }, "geometry": { "type": "Point", "coordinates": [ 106.826461927000082, -6.595940089999942 ] } },
{ "type": "Feature", "properties": { "orig_fid": 44, "id": 214, "objectid": 44, "kode_ruas": "smgsl", "ruas": "Semarang Solo", "kode_gt": "smgsl_banyumanik", "nama": "GT BANYUMANIK", "seksi": 0, "sta": "420+600", "foto": "http://gis.bpjt.pu.go.id/data/foto/gt/gtbanyumani*", "layer": "Gerbang Tol", "koord_x": "110.431718715478", "koord_y": "-7.06578617020273", "jml_gardu": "44", "jmlgrdrvs": " ", "jml_lajur": "14", "panjang_m": "80", "luas_m": "4960", "status": "Operasi", "sub_status": "Operasi Penuh", "region": "Trans Jawa", "bujt": "PT. Trans Marga Jateng", "kodefikasi": "A10", "no": 1, "shape_leng": 0, "keterangan": "GT BANYUMANIK", "creator": null, "created": null, "updater": null, "updated": null, "sync_state": 0, "last_sync": 1765414802000, "Nm_Ruas": null, "Status": null, "Propinsi": null, "Kab_Kot": null, "Panjang": null, "Segmen": null, "Satwil": null }, "geometry": { "type": "Point", "coordinates": [ 110.431718715000045, -7.065786169999967 ] } },
{ "type": "Feature", "properties": { "orig_fid": 45, "id": 215, "objectid": 45, "kode_ruas": "smgsl", "ruas": "Semarang Solo", "kode_gt": "smgsl_ungaran", "nama": "GT UNGARAN", "seksi": 0, "sta": "430+600", "foto": "http://gis.bpjt.pu.go.id/data/foto/gt/gtungaran.j*", "layer": "Gerbang Tol", "koord_x": "110.420148974915", "koord_y": "-7.13803459879164", "jml_gardu": "4", "jmlgrdrvs": " ", "jml_lajur": "4", "panjang_m": "22", "luas_m": "572", "status": "Operasi", "sub_status": "Operasi Penuh", "region": "Trans Jawa", "bujt": "PT. Trans Marga Jateng", "kodefikasi": "A10", "no": 2, "shape_leng": 0, "keterangan": "GT UNGARAN", "creator": null, "created": null, "updater": null, "updated": null, "sync_state": 0, "last_sync": 1765414802000, "Nm_Ruas": null, "Status": null, "Propinsi": null, "Kab_Kot": null, "Panjang": null, "Segmen": null, "Satwil": null }, "geometry": { "type": "Point", "coordinates": [ 110.420148975000075, -7.13803459899998 ] } },
{ "type": "Feature", "properties": { "orig_fid": 46, "id": 213, "objectid": 46, "kode_ruas": "smgsl", "ruas": "Semarang Solo", "kode_gt": "smgsl_bawen", "nama": "GT BAWEN", "seksi": 0, "sta": "444+000", "foto": "http://gis.bpjt.pu.go.id/data/foto/gt/gtbawen.jpg", "layer": "Gerbang Tol", "koord_x": "110.446545541012", "koord_y": "-7.24573979324589", "jml_gardu": "15", "jmlgrdrvs": " ", "jml_lajur": "10", "panjang_m": "54", "luas_m": "1215", "status": "Operasi", "sub_status": "Operasi Penuh", "region": "Trans Jawa", "bujt": "PT. Trans Marga Jateng", "kodefikasi": "A10", "no": 3, "shape_leng": 0, "keterangan": "GT BAWEN", "creator": null, "created": null, "updater": null, "updated": null, "sync_state": 0, "last_sync": 1765414802000, "Nm_Ruas": null, "Status": null, "Propinsi": null, "Kab_Kot": null, "Panjang": null, "Segmen": null, "Satwil": null }, "geometry": { "type": "Point", "coordinates": [ 110.446545541000035, -7.245739792999927 ] } },
{ "type": "Feature", "properties": { "orig_fid": 47, "id": 205, "objectid": 47, "kode_ruas": "smgsl", "ruas": "Semarang Solo", "kode_gt": "smgsl_salatiga", "nama": "GT SALATIGA", "seksi": 0, "sta": "460+000", "foto": "http://gis.bpjt.pu.go.id/data/foto/gt/gtsalatiga.*", "layer": "Gerbang Tol", "koord_x": "110.533787287637", "koord_y": "-7.35859996046524", "jml_gardu": "8", "jmlgrdrvs": " ", "jml_lajur": "8", "panjang_m": "26", "luas_m": "390", "status": "Operasi", "sub_status": "Operasi Penuh", "region": "Trans Jawa", "bujt": "PT. Trans Marga Jateng", "kodefikasi": "A10", "no": 4, "shape_leng": 0, "keterangan": "GT SALATIGA", "creator": null, "created": null, "updater": null, "updated": null, "sync_state": 0, "last_sync": 1765414802000, "Nm_Ruas": null, "Status": null, "Propinsi": null, "Kab_Kot": null, "Panjang": null, "Segmen": null, "Satwil": null }, "geometry": { "type": "Point", "coordinates": [ 110.533787288000042, -7.358599959999935 ] } },
{ "type": "Feature", "properties": { "orig_fid": 48, "id": 394, "objectid": 48, "kode_ruas": "smgsl", "ruas": "Semarang Solo", "kode_gt": "smgsl_boyolali", "nama": "GT BOYOLALI", "seksi": 0, "sta": "484+000", "foto": "http://gis.bpjt.pu.go.id/data/foto/gt/gtboyolali.*", "layer": "Gerbang Tol", "koord_x": "110.632062596996", "koord_y": "-7.52717632140012", "jml_gardu": "6", "jmlgrdrvs": " ", "jml_lajur": "4", "panjang_m": "24", "luas_m": "336", "status": "Operasi", "sub_status": "Operasi Penuh", "region": "Trans Jawa", "bujt": "PT. Trans Marga Jateng", "kodefikasi": "A10", "no": 5, "shape_leng": 0, "keterangan": "GT BOYOLALI", "creator": null, "created": null, "updater": null, "updated": null, "sync_state": 0, "last_sync": 1765414802000, "Nm_Ruas": null, "Status": null, "Propinsi": null, "Kab_Kot": null, "Panjang": null, "Segmen": null, "Satwil": null }, "geometry": { "type": "Point", "coordinates": [ 110.632062597000072, -7.527176320999956 ] } },
{ "type": "Feature", "properties": { "orig_fid": 49, "id": 423, "objectid": 49, "kode_ruas": "desari", "ruas": "Depok - Antasari", "kode_gt": "desari_cilandak_utama", "nama": "GT CILANDAK UTAMA\r\n", "seksi": 1, "sta": "0+850", "foto": "http://gis.bpjt.pu.go.id/data/foto/gt/gtcilandaku*", "layer": "Gerbang Tol", "koord_x": "106.804017544404", "koord_y": "-6.29985340715867", "jml_gardu": "13", "jmlgrdrvs": " ", "jml_lajur": "3", "panjang_m": "33", "luas_m": "2029,5", "status": "Operasi", "sub_status": "Operasi", "region": "Jabodetabek", "bujt": "PT Citra Waspphutowa", "kodefikasi": "B17", "no": 1, "shape_leng": 0, "keterangan": "GT CILANDAK UTAMA", "creator": null, "created": null, "updater": null, "updated": null, "sync_state": 0, "last_sync": 1765414802000, "Nm_Ruas": null, "Status": null, "Propinsi": null, "Kab_Kot": null, "Panjang": null, "Segmen": null, "Satwil": null }, "geometry": { "type": "Point", "coordinates": [ 106.804017544000033, -6.299853406999944 ] } },
{ "type": "Feature", "properties": { "orig_fid": 50, "id": 424, "objectid": 50, "kode_ruas": "desari", "ruas": "Depok - Antasari", "kode_gt": "desari_cilandak", "nama": "GT CILANDAK\r\n", "seksi": 1, "sta": "0+750", "foto": "http://gis.bpjt.pu.go.id/data/foto/gt/gtcilandak.*", "layer": "Gerbang Tol", "koord_x": "106.803878421158", "koord_y": "-6.29877108622123", "jml_gardu": "5", "jmlgrdrvs": " ", "jml_lajur": "5", "panjang_m": "27", "luas_m": "639,9", "status": "Operasi", "sub_status": "Operasi", "region": "Jabodetabek", "bujt": "PT Citra Waspphutowa", "kodefikasi": "B17", "no": 2, "shape_leng": 0, "keterangan": "GT CILANDAK", "creator": null, "created": null, "updater": null, "updated": null, "sync_state": 0, "last_sync": 1765414802000, "Nm_Ruas": null, "Status": null, "Propinsi": null, "Kab_Kot": null, "Panjang": null, "Segmen": null, "Satwil": null }, "geometry": { "type": "Point", "coordinates": [ 106.803878421000036, -6.298771085999931 ] } },
{ "type": "Feature", "properties": { "orig_fid": 51, "id": 436, "objectid": 51, "kode_ruas": "desari", "ruas": "Depok - Antasari", "kode_gt": "desari_krukut_ic", "nama": "GT KRUKUT 1", "seksi": 2, "sta": "7+600", "foto": "http://gis.bpjt.pu.go.id/data/foto/gt/notfound.jpg", "layer": "Gerbang Tol", "koord_x": "106.78913524969", "koord_y": "-6.35420810369363", "jml_gardu": "2", "jmlgrdrvs": " ", "jml_lajur": "2", "panjang_m": "25", "luas_m": "275", "status": "Operasi", "sub_status": "Operasi", "region": "Jabodetabek", "bujt": "PT Citra Waspphutowa", "kodefikasi": "B17", "no": 3, "shape_leng": 0, "keterangan": "GT KRUKUT 1", "creator": null, "created": null, "updater": null, "updated": null, "sync_state": 0, "last_sync": 1765414802000, "Nm_Ruas": null, "Status": null, "Propinsi": null, "Kab_Kot": null, "Panjang": null, "Segmen": null, "Satwil": null }, "geometry": { "type": "Point", "coordinates": [ 106.789135250000072, -6.354208103999952 ] } },
{ "type": "Feature", "properties": { "orig_fid": 52, "id": 0, "objectid": 52, "kode_ruas": "desari", "ruas": "Depok - Antasari", "kode_gt": "desari_krukut4", "nama": "GT KRUKUT 4", "seksi": 2, "sta": "7+500", "foto": " ", "layer": "Gerbang Tol", "koord_x": "106.789060177839", "koord_y": "-6.35606342740045", "jml_gardu": "2", "jmlgrdrvs": " ", "jml_lajur": "2", "panjang_m": "25", "luas_m": "232,5", "status": "Operasi", "sub_status": "Operasi", "region": "Jabodetabek", "bujt": "PT Citra Waspphutowa", "kodefikasi": "B17", "no": 4, "shape_leng": 0, "keterangan": " ", "creator": null, "created": null, "updater": null, "updated": null, "sync_state": 0, "last_sync": 1765414802000, "Nm_Ruas": null, "Status": null, "Propinsi": null, "Kab_Kot": null, "Panjang": null, "Segmen": null, "Satwil": null }, "geometry": { "type": "Point", "coordinates": [ 106.789060178000057, -6.356063426999981 ] } },
{ "type": "Feature", "properties": { "orig_fid": 53, "id": 437, "objectid": 53, "kode_ruas": "desari", "ruas": "Depok - Antasari", "kode_gt": "desari_sawangan", "nama": "GT SAWANGAN 1", "seksi": 2, "sta": "11+775", "foto": "http://gis.bpjt.pu.go.id/data/foto/gt/gtsawangan1*", "layer": "Gerbang Tol", "koord_x": "106.783167026112", "koord_y": "-6.39268236594606", "jml_gardu": "5", "jmlgrdrvs": " ", "jml_lajur": "4", "panjang_m": "27", "luas_m": "654,75", "status": "Operasi", "sub_status": "Operasi", "region": "Jabodetabek", "bujt": "PT Citra Waspphutowa", "kodefikasi": "B17", "no": 5, "shape_leng": 0, "keterangan": "GT SAWANGAN 1", "creator": null, "created": null, "updater": null, "updated": null, "sync_state": 0, "last_sync": 1765414802000, "Nm_Ruas": null, "Status": null, "Propinsi": null, "Kab_Kot": null, "Panjang": null, "Segmen": null, "Satwil": null }, "geometry": { "type": "Point", "coordinates": [ 106.783167026000058, -6.392682365999974 ] } },
{ "type": "Feature", "properties": { "orig_fid": 54, "id": 0, "objectid": 54, "kode_ruas": "desari", "ruas": "Depok - Antasari", "kode_gt": "desari_sawangan4", "nama": "GT SAWANGAN 4", "seksi": 2, "sta": "11+775", "foto": " ", "layer": "Gerbang Tol", "koord_x": "106.782590358394", "koord_y": "-6.39280656463239", "jml_gardu": "5", "jmlgrdrvs": " ", "jml_lajur": "5", "panjang_m": "27", "luas_m": "654,75", "status": "Operasi", "sub_status": "Operasi", "region": "Jabodetabek", "bujt": "PT Citra Waspphutowa", "kodefikasi": "B17", "no": 6, "shape_leng": 0, "keterangan": " ", "creator": null, "created": null, "updater": null, "updated": null, "sync_state": 0, "last_sync": 1765414802000, "Nm_Ruas": null, "Status": null, "Propinsi": null, "Kab_Kot": null, "Panjang": null, "Segmen": null, "Satwil": null }, "geometry": { "type": "Point", "coordinates": [ 106.78259035800005, -6.392806564999944 ] } },
{ "type": "Feature", "properties": { "orig_fid": 55, "id": 0, "objectid": 55, "kode_ruas": "desari", "ruas": "Depok - Antasari", "kode_gt": "desari_bojonggede1", "nama": "GT BOJONGGEDE 1", "seksi": 3, "sta": "21+009", "foto": " ", "layer": "Gerbang Tol", "koord_x": "106.79443827629", "koord_y": "-6.47106752074856", "jml_gardu": "2", "jmlgrdrvs": " ", "jml_lajur": "2", "panjang_m": "-", "luas_m": "-", "status": "Rencana", "sub_status": "Pengadaan Tanah", "region": "Jabodetabek", "bujt": "PT Citra Waspphutowa", "kodefikasi": "B17", "no": 7, "shape_leng": 0, "keterangan": " ", "creator": null, "created": null, "updater": null, "updated": null, "sync_state": 0, "last_sync": 1765414802000, "Nm_Ruas": null, "Status": null, "Propinsi": null, "Kab_Kot": null, "Panjang": null, "Segmen": null, "Satwil": null }, "geometry": { "type": "Point", "coordinates": [ 106.794438276000051, -6.471067520999952 ] } },
{ "type": "Feature", "properties": { "orig_fid": 56, "id": 0, "objectid": 56, "kode_ruas": "desari", "ruas": "Depok - Antasari", "kode_gt": "desari_bojonggede2", "nama": "GT BOJONGGEDE 2", "seksi": 3, "sta": "21+009", "foto": " ", "layer": "Gerbang Tol", "koord_x": "106.79400328562", "koord_y": "-6.4711013372242", "jml_gardu": "2", "jmlgrdrvs": " ", "jml_lajur": "2", "panjang_m": "-", "luas_m": "-", "status": "Rencana", "sub_status": "Pengadaan Tanah", "region": "Jabodetabek", "bujt": "PT Citra Waspphutowa", "kodefikasi": "B17", "no": 8, "shape_leng": 0, "keterangan": " ", "creator": null, "created": null, "updater": null, "updated": null, "sync_state": 0, "last_sync": 1765414802000, "Nm_Ruas": null, "Status": null, "Propinsi": null, "Kab_Kot": null, "Panjang": null, "Segmen": null, "Satwil": null }, "geometry": { "type": "Point", "coordinates": [ 106.794003286000077, -6.471101336999936 ] } },
{ "type": "Feature", "properties": { "orig_fid": 57, "id": 0, "objectid": 57, "kode_ruas": "desari", "ruas": "Depok - Antasari", "kode_gt": "desari_krukut1", "nama": "GT KRUKUT 1", "seksi": 2, "sta": "8+450", "foto": " ", "layer": "Gerbang Tol", "koord_x": "106.786816929394", "koord_y": "-6.36382226425565", "jml_gardu": "-", "jmlgrdrvs": " ", "jml_lajur": "-", "panjang_m": "-", "luas_m": "-", "status": "Rencana", "sub_status": "Pengadaan Tanah", "region": "Jabodetabek", "bujt": "PT Citra Waspphutowa", "kodefikasi": "B17", "no": 9, "shape_leng": 0, "keterangan": " ", "creator": null, "created": null, "updater": null, "updated": null, "sync_state": 0, "last_sync": 1765414802000, "Nm_Ruas": null, "Status": null, "Propinsi": null, "Kab_Kot": null, "Panjang": null, "Segmen": null, "Satwil": null }, "geometry": { "type": "Point", "coordinates": [ 106.786816929000054, -6.363822263999964 ] } },
{ "type": "Feature", "properties": { "orig_fid": 58, "id": 0, "objectid": 58, "kode_ruas": "desari", "ruas": "Depok - Antasari", "kode_gt": "desari_krukut2", "nama": "GT KRUKUT 2", "seksi": 2, "sta": "8+600", "foto": " ", "layer": "Gerbang Tol", "koord_x": "106.793468850327", "koord_y": "-6.36502059198239", "jml_gardu": "-", "jmlgrdrvs": " ", "jml_lajur": "-", "panjang_m": "-", "luas_m": "-", "status": "Rencana", "sub_status": "Pengadaan Tanah", "region": "Jabodetabek", "bujt": "PT Citra Waspphutowa", "kodefikasi": "B17", "no": 10, "shape_leng": 0, "keterangan": " ", "creator": null, "created": null, "updater": null, "updated": null, "sync_state": 0, "last_sync": 1765414802000, "Nm_Ruas": null, "Status": null, "Propinsi": null, "Kab_Kot": null, "Panjang": null, "Segmen": null, "Satwil": null }, "geometry": { "type": "Point", "coordinates": [ 106.793468850000068, -6.365020591999951 ] } },
{ "type": "Feature", "properties": { "orig_fid": 59, "id": 0, "objectid": 59, "kode_ruas": " ", "ruas": "Indrapura - Kisaran", "kode_gt": " ", "nama": "GT LIMAPULUH", "seksi": 1, "sta": "0+450", "foto": " ", "layer": "Gerbang Tol", "koord_x": "99.3945880756479", "koord_y": "3.16442519201944", "jml_gardu": "8", "jmlgrdrvs": " ", "jml_lajur": "8", "panjang_m": " ", "luas_m": " ", "status": "Konstruksi", "sub_status": "Pekerjaan Fisik", "region": "Trans Sumatera", "bujt": "PT. Hutama Karya (Persero)", "kodefikasi": "C 07", "no": 1, "shape_leng": 0, "keterangan": " ", "creator": null, "created": null, "updater": null, "updated": null, "sync_state": 0, "last_sync": 1765414802000, "Nm_Ruas": null, "Status": null, "Propinsi": null, "Kab_Kot": null, "Panjang": null, "Segmen": null, "Satwil": null }, "geometry": { "type": "Point", "coordinates": [ 99.394588076000048, 3.164425192000067 ] } },
{ "type": "Feature", "properties": { "orig_fid": 60, "id": 0, "objectid": 60, "kode_ruas": " ", "ruas": "Indrapura - Kisaran", "kode_gt": " ", "nama": "GT KISARAN", "seksi": 2, "sta": "0+500", "foto": " ", "layer": "Gerbang Tol", "koord_x": "99.5830506729993", "koord_y": "2.95590718527705", "jml_gardu": "8", "jmlgrdrvs": " ", "jml_lajur": "8", "panjang_m": " ", "luas_m": " ", "status": "Konstruksi", "sub_status": "Pekerjaan Fisik", "region": "Trans Sumatera", "bujt": "PT. Hutama Karya (Persero)", "kodefikasi": "C 07", "no": 2, "shape_leng": 0, "keterangan": " ", "creator": null, "created": null, "updater": null, "updated": null, "sync_state": 0, "last_sync": 1765414802000, "Nm_Ruas": null, "Status": null, "Propinsi": null, "Kab_Kot": null, "Panjang": null, "Segmen": null, "Satwil": null }, "geometry": { "type": "Point", "coordinates": [ 99.583050673000059, 2.955907185000058 ] } },
{ "type": "Feature", "properties": { "orig_fid": 61, "id": 0, "objectid": 61, "kode_ruas": " ", "ruas": "Serpong Balaraja", "kode_gt": " ", "nama": "GT INDUSTRI", "seksi": 1, "sta": "7+800", "foto": " ", "layer": "Gerbang Tol", "koord_x": "106.615950825044", "koord_y": "-6.32368926450456", "jml_gardu": "8", "jmlgrdrvs": "-", "jml_lajur": "1", "panjang_m": " ", "luas_m": " ", "status": "Konstruksi", "sub_status": "Pekerjaan Fisik", "region": "Jabodetabek", "bujt": "PT. Trans Bumi Serbaraja", "kodefikasi": "B 02", "no": 4, "shape_leng": 0, "keterangan": " ", "creator": null, "created": null, "updater": null, "updated": null, "sync_state": 0, "last_sync": 1765414802000, "Nm_Ruas": null, "Status": null, "Propinsi": null, "Kab_Kot": null, "Panjang": null, "Segmen": null, "Satwil": null }, "geometry": { "type": "Point", "coordinates": [ 106.615950825000084, -6.323689264999928 ] } },
{ "type": "Feature", "properties": { "orig_fid": 62, "id": 0, "objectid": 62, "kode_ruas": " ", "ruas": "Serpong Balaraja", "kode_gt": " ", "nama": "GT LEGOK", "seksi": 1, "sta": "9+900", "foto": " ", "layer": "Gerbang Tol", "koord_x": "106.595904763727", "koord_y": "-6.31616086506048", "jml_gardu": "8", "jmlgrdrvs": "-", "jml_lajur": "1", "panjang_m": " ", "luas_m": " ", "status": "Konstruksi", "sub_status": "Pekerjaan Fisik", "region": "Jabodetabek", "bujt": "PT. Trans Bumi Serbaraja", "kodefikasi": "B 02", "no": 5, "shape_leng": 0, "keterangan": " ", "creator": null, "created": null, "updater": null, "updated": null, "sync_state": 0, "last_sync": 1765414802000, "Nm_Ruas": null, "Status": null, "Propinsi": null, "Kab_Kot": null, "Panjang": null, "Segmen": null, "Satwil": null }, "geometry": { "type": "Point", "coordinates": [ 106.595904764000068, -6.316160864999972 ] } },
{ "type": "Feature", "properties": { "orig_fid": 63, "id": 0, "objectid": 63, "kode_ruas": " ", "ruas": "Serpong Balaraja", "kode_gt": " ", "nama": "GT CBD 3", "seksi": 1, "sta": "4+700", "foto": " ", "layer": "Gerbang Tol", "koord_x": "106.641416139187", "koord_y": "-6.30966200160056", "jml_gardu": "5", "jmlgrdrvs": "-", "jml_lajur": "1", "panjang_m": " ", "luas_m": " ", "status": "Konstruksi", "sub_status": "Pekerjaan Fisik", "region": "Jabodetabek", "bujt": "PT. Trans Bumi Serbaraja", "kodefikasi": "B 02", "no": 3, "shape_leng": 0, "keterangan": " ", "creator": null, "created": null, "updater": null, "updated": null, "sync_state": 0, "last_sync": 1765414802000, "Nm_Ruas": null, "Status": null, "Propinsi": null, "Kab_Kot": null, "Panjang": null, "Segmen": null, "Satwil": null }, "geometry": { "type": "Point", "coordinates": [ 106.641416139000057, -6.309662001999925 ] } },
{ "type": "Feature", "properties": { "orig_fid": 64, "id": 0, "objectid": 64, "kode_ruas": " ", "ruas": "Serpong Balaraja", "kode_gt": " ", "nama": "GT CBD 1", "seksi": 1, "sta": "4+300", "foto": " ", "layer": "Gerbang Tol", "koord_x": "106.642455161967", "koord_y": "-6.30630648709264", "jml_gardu": "5", "jmlgrdrvs": "-", "jml_lajur": "1", "panjang_m": " ", "luas_m": " ", "status": "Konstruksi", "sub_status": "Pekerjaan Fisik", "region": "Jabodetabek", "bujt": "PT. Trans Bumi Serbaraja", "kodefikasi": "B 02", "no": 1, "shape_leng": 0, "keterangan": " ", "creator": null, "created": null, "updater": null, "updated": null, "sync_state": 0, "last_sync": 1765414802000, "Nm_Ruas": null, "Status": null, "Propinsi": null, "Kab_Kot": null, "Panjang": null, "Segmen": null, "Satwil": null }, "geometry": { "type": "Point", "coordinates": [ 106.642455162000033, -6.306306486999972 ] } },
{ "type": "Feature", "properties": { "orig_fid": 65, "id": 0, "objectid": 65, "kode_ruas": " ", "ruas": "Serpong Balaraja", "kode_gt": " ", "nama": "GT CBD 2", "seksi": 1, "sta": "4+300", "foto": " ", "layer": "Gerbang Tol", "koord_x": "106.643853523162", "koord_y": "-6.30752960554397", "jml_gardu": "5", "jmlgrdrvs": "-", "jml_lajur": "1", "panjang_m": " ", "luas_m": " ", "status": "Konstruksi", "sub_status": "Pekerjaan Fisik", "region": "Jabodetabek", "bujt": "PT. Trans Bumi Serbaraja", "kodefikasi": "B 02", "no": 2, "shape_leng": 0, "keterangan": " ", "creator": null, "created": null, "updater": null, "updated": null, "sync_state": 0, "last_sync": 1765414802000, "Nm_Ruas": null, "Status": null, "Propinsi": null, "Kab_Kot": null, "Panjang": null, "Segmen": null, "Satwil": null }, "geometry": { "type": "Point", "coordinates": [ 106.643853523000075, -6.307529605999946 ] } },
{ "type": "Feature", "properties": { "orig_fid": 66, "id": 429, "objectid": 66, "kode_ruas": "panmal", "ruas": "Pandaan - Malang", "kode_gt": "panmal_singosari", "nama": "GT SINGOSARI", "seksi": 0, "sta": "2+125", "foto": "http://gis.bpjt.pu.go.id/data/foto/gt/gtsingosari*", "layer": "Gerbang Tol", "koord_x": "112.671978238885", "koord_y": "-7.9239974228693", "jml_gardu": "4", "jmlgrdrvs": "1", "jml_lajur": "5", "panjang_m": "223,20", "luas_m": " ", "status": "Operasi", "sub_status": "Operasi Penuh", "region": "Non Trans", "bujt": "PT. Jasamarga Pandaan Malang", "kodefikasi": "D 23", "no": 3, "shape_leng": 0, "keterangan": "GT SINGOSARI", "creator": null, "created": null, "updater": null, "updated": null, "sync_state": 0, "last_sync": 1765414802000, "Nm_Ruas": null, "Status": null, "Propinsi": null, "Kab_Kot": null, "Panjang": null, "Segmen": null, "Satwil": null }, "geometry": { "type": "Point", "coordinates": [ 112.671978239000055, -7.923997422999946 ] } },
{ "type": "Feature", "properties": { "orig_fid": 67, "id": 441, "objectid": 67, "kode_ruas": "panmal", "ruas": "Pandaan - Malang", "kode_gt": "panmal_pakis", "nama": "GT PAKIS", "seksi": 0, "sta": "0+430", "foto": "http://gis.bpjt.pu.go.id/data/foto/gt/gtpakis.jpg", "layer": "Gerbang Tol", "koord_x": "112.696336281124", "koord_y": "-7.95653329458929", "jml_gardu": "3", "jmlgrdrvs": "-", "jml_lajur": "9", "panjang_m": "263,25", "luas_m": " ", "status": "Operasi", "sub_status": "Operasi Penuh", "region": "Non Trans", "bujt": "PT. Jasamarga Pandaan Malang", "kodefikasi": "D 23", "no": 4, "shape_leng": 0, "keterangan": "GT PAKIS", "creator": null, "created": null, "updater": null, "updated": null, "sync_state": 0, "last_sync": 1765414802000, "Nm_Ruas": null, "Status": null, "Propinsi": null, "Kab_Kot": null, "Panjang": null, "Segmen": null, "Satwil": null }, "geometry": { "type": "Point", "coordinates": [ 112.696336281000072, -7.956533294999929 ] } },
{ "type": "Feature", "properties": { "orig_fid": 68, "id": 440, "objectid": 68, "kode_ruas": "panmal", "ruas": "Pandaan - Malang", "kode_gt": "panmal_purwodadi", "nama": "GT PURWODADI", "seksi": 0, "sta": "0+325", "foto": "http://gis.bpjt.pu.go.id/data/foto/gt/gtpurwodadi*", "layer": "Gerbang Tol", "koord_x": "112.732700440597", "koord_y": "-7.7990720482603", "jml_gardu": "3", "jmlgrdrvs": "1", "jml_lajur": "5", "panjang_m": "327,67", "luas_m": " ", "status": "Operasi", "sub_status": "Operasi Penuh", "region": "Non Trans", "bujt": "PT. Jasamarga Pandaan Malang", "kodefikasi": "D 23", "no": 1, "shape_leng": 0, "keterangan": "GT PURWODADI", "creator": null, "created": null, "updater": null, "updated": null, "sync_state": 0, "last_sync": 1765414802000, "Nm_Ruas": null, "Status": null, "Propinsi": null, "Kab_Kot": null, "Panjang": null, "Segmen": null, "Satwil": null }, "geometry": { "type": "Point", "coordinates": [ 112.73270044100002, -7.799072047999971 ] } },
{ "type": "Feature", "properties": { "orig_fid": 69, "id": 428, "objectid": 69, "kode_ruas": "panmal", "ruas": "Pandaan - Malang", "kode_gt": "panmal_lawang", "nama": "GT LAWANG", "seksi": 0, "sta": "0+800", "foto": "http://gis.bpjt.pu.go.id/data/foto/gt/gtlawang.jp*", "layer": "Gerbang Tol", "koord_x": "112.699663243863", "koord_y": "-7.8568042365224", "jml_gardu": "3", "jmlgrdrvs": "1", "jml_lajur": "5", "panjang_m": "434,58", "luas_m": " ", "status": "Operasi", "sub_status": "Operasi Penuh", "region": "Non Trans", "bujt": "PT. Jasamarga Pandaan Malang", "kodefikasi": "D 23", "no": 2, "shape_leng": 0, "keterangan": "GT LAWANG", "creator": null, "created": null, "updater": null, "updated": null, "sync_state": 0, "last_sync": 1765414802000, "Nm_Ruas": null, "Status": null, "Propinsi": null, "Kab_Kot": null, "Panjang": null, "Segmen": null, "Satwil": null }, "geometry": { "type": "Point", "coordinates": [ 112.699663244000021, -7.856804236999949 ] } },
{ "type": "Feature", "properties": { "orig_fid": 70, "id": 442, "objectid": 70, "kode_ruas": "panmal", "ruas": "Pandaan - Malang", "kode_gt": "panmal_malang", "nama": "GT MALANG", "seksi": 0, "sta": "0+200", "foto": "http://gis.bpjt.pu.go.id/data/foto/gt/gtmalang.jpg", "layer": "Gerbang Tol", "koord_x": "112.674618253408", "koord_y": "-7.97810163677699", "jml_gardu": "3", "jmlgrdrvs": "-", "jml_lajur": "5", "panjang_m": "290,41", "luas_m": " ", "status": "Operasi", "sub_status": "Operasi Penuh", "region": "Non Trans", "bujt": "PT. Jasamarga Pandaan Malang", "kodefikasi": "D 23", "no": 5, "shape_leng": 0, "keterangan": "GT MALANG", "creator": null, "created": null, "updater": null, "updated": null, "sync_state": 0, "last_sync": 1765414802000, "Nm_Ruas": null, "Status": null, "Propinsi": null, "Kab_Kot": null, "Panjang": null, "Segmen": null, "Satwil": null }, "geometry": { "type": "Point", "coordinates": [ 112.674618253000062, -7.978101636999952 ] } },
{ "type": "Feature", "properties": { "orig_fid": 71, "id": 0, "objectid": 71, "kode_ruas": "pc", "ruas": "Padalarang - Cileunyi", "kode_gt": "pc_kopo1", "nama": "GT KOPO 1", "seksi": 0, "sta": "134+000", "foto": " ", "layer": "Gerbang Tol", "koord_x": "107.579458124869", "koord_y": "-6.95523764578193", "jml_gardu": "7", "jmlgrdrvs": "-", "jml_lajur": "7", "panjang_m": "29,11", "luas_m": " ", "status": "Operasi", "sub_status": "Operasi Penuh", "region": "Non Trans", "bujt": "PT. Jasa Marga (Persero)", "kodefikasi": "D 09", "no": 8, "shape_leng": 0, "keterangan": " ", "creator": null, "created": null, "updater": null, "updated": null, "sync_state": 0, "last_sync": 1765414802000, "Nm_Ruas": "Jl. Tol Padalarang - Cileunyi", "Status": "Jalan Tol", "Propinsi": "Jawa Barat", "Kab_Kot": "Kota Bandung", "Panjang": 282.50463737799998, "Segmen": "SEG_000045431", "Satwil": "Polrestabes Bandung" }, "geometry": { "type": "Point", "coordinates": [ 107.579458125000087, -6.955237645999944 ] } },
{ "type": "Feature", "properties": { "orig_fid": 71, "id": 0, "objectid": 71, "kode_ruas": "pc", "ruas": "Padalarang - Cileunyi", "kode_gt": "pc_kopo1", "nama": "GT KOPO 1", "seksi": 0, "sta": "134+000", "foto": " ", "layer": "Gerbang Tol", "koord_x": "107.579458124869", "koord_y": "-6.95523764578193", "jml_gardu": "7", "jmlgrdrvs": "-", "jml_lajur": "7", "panjang_m": "29,11", "luas_m": " ", "status": "Operasi", "sub_status": "Operasi Penuh", "region": "Non Trans", "bujt": "PT. Jasa Marga (Persero)", "kodefikasi": "D 09", "no": 8, "shape_leng": 0, "keterangan": " ", "creator": null, "created": null, "updater": null, "updated": null, "sync_state": 0, "last_sync": 1765414802000, "Nm_Ruas": "Jl. Tol Padalarang - Cileunyi", "Status": "Jalan Tol", "Propinsi": "Jawa Barat", "Kab_Kot": "Kota Bandung", "Panjang": 500.64235639200001, "Segmen": "SEG_000045432", "Satwil": "Polrestabes Bandung" }, "geometry": { "type": "Point", "coordinates": [ 107.579458125000087, -6.955237645999944 ] } },
{ "type": "Feature", "properties": { "orig_fid": 72, "id": 39, "objectid": 72, "kode_ruas": "pc", "ruas": "Padalarang - Cileunyi", "kode_gt": "pc_kopo", "nama": "GT KOPO 2", "seksi": 0, "sta": "134+000", "foto": "http://gis.bpjt.pu.go.id/data/foto/gt/gtkopo.jpg", "layer": "Gerbang Tol", "koord_x": "107.580255904929", "koord_y": "-6.95569539013102", "jml_gardu": "7", "jmlgrdrvs": "-", "jml_lajur": "7", "panjang_m": "29,11", "luas_m": " ", "status": "Operasi", "sub_status": "Operasi Penuh", "region": "Non Trans", "bujt": "PT. Jasa Marga (Persero)", "kodefikasi": "D 09", "no": 7, "shape_leng": 0, "keterangan": "GT KOPO", "creator": null, "created": null, "updater": null, "updated": null, "sync_state": 0, "last_sync": 1765414802000, "Nm_Ruas": "Jl. Tol Padalarang - Cileunyi", "Status": "Jalan Tol", "Propinsi": "Jawa Barat", "Kab_Kot": "Kota Bandung", "Panjang": 282.50463737799998, "Segmen": "SEG_000045431", "Satwil": "Polrestabes Bandung" }, "geometry": { "type": "Point", "coordinates": [ 107.580255905000058, -6.95569538999996 ] } },
{ "type": "Feature", "properties": { "orig_fid": 72, "id": 39, "objectid": 72, "kode_ruas": "pc", "ruas": "Padalarang - Cileunyi", "kode_gt": "pc_kopo", "nama": "GT KOPO 2", "seksi": 0, "sta": "134+000", "foto": "http://gis.bpjt.pu.go.id/data/foto/gt/gtkopo.jpg", "layer": "Gerbang Tol", "koord_x": "107.580255904929", "koord_y": "-6.95569539013102", "jml_gardu": "7", "jmlgrdrvs": "-", "jml_lajur": "7", "panjang_m": "29,11", "luas_m": " ", "status": "Operasi", "sub_status": "Operasi Penuh", "region": "Non Trans", "bujt": "PT. Jasa Marga (Persero)", "kodefikasi": "D 09", "no": 7, "shape_leng": 0, "keterangan": "GT KOPO", "creator": null, "created": null, "updater": null, "updated": null, "sync_state": 0, "last_sync": 1765414802000, "Nm_Ruas": "Jl. Tol Padalarang - Cileunyi", "Status": "Jalan Tol", "Propinsi": "Jawa Barat", "Kab_Kot": "Kota Bandung", "Panjang": 500.64235639200001, "Segmen": "SEG_000045432", "Satwil": "Polrestabes Bandung" }, "geometry": { "type": "Point", "coordinates": [ 107.580255905000058, -6.95569538999996 ] } },
{ "type": "Feature", "properties": { "orig_fid": 73, "id": 0, "objectid": 73, "kode_ruas": "pc", "ruas": "Padalarang - Cileunyi", "kode_gt": "pc_moh_toha1", "nama": "GT MOH TOHA 1", "seksi": 0, "sta": "139+000", "foto": " ", "layer": "Gerbang Tol", "koord_x": "107.609097140197", "koord_y": "-6.95689423288689", "jml_gardu": "10", "jmlgrdrvs": "-", "jml_lajur": "10", "panjang_m": "38,98", "luas_m": " ", "status": "Operasi", "sub_status": "Operasi Penuh", "region": "Non Trans", "bujt": "PT. Jasa Marga (Persero)", "kodefikasi": "D 09", "no": 10, "shape_leng": 0, "keterangan": " ", "creator": null, "created": null, "updater": null, "updated": null, "sync_state": 0, "last_sync": 1765414802000, "Nm_Ruas": "Jl. Tol Padalarang - Cileunyi", "Status": "Jalan Tol", "Propinsi": "Jawa Barat", "Kab_Kot": "Kota Bandung", "Panjang": 500.72207019500001, "Segmen": "SEG_000045445", "Satwil": "Polrestabes Bandung" }, "geometry": { "type": "Point", "coordinates": [ 107.609097140000074, -6.956894232999957 ] } },
{ "type": "Feature", "properties": { "orig_fid": 73, "id": 0, "objectid": 73, "kode_ruas": "pc", "ruas": "Padalarang - Cileunyi", "kode_gt": "pc_moh_toha1", "nama": "GT MOH TOHA 1", "seksi": 0, "sta": "139+000", "foto": " ", "layer": "Gerbang Tol", "koord_x": "107.609097140197", "koord_y": "-6.95689423288689", "jml_gardu": "10", "jmlgrdrvs": "-", "jml_lajur": "10", "panjang_m": "38,98", "luas_m": " ", "status": "Operasi", "sub_status": "Operasi Penuh", "region": "Non Trans", "bujt": "PT. Jasa Marga (Persero)", "kodefikasi": "D 09", "no": 10, "shape_leng": 0, "keterangan": " ", "creator": null, "created": null, "updater": null, "updated": null, "sync_state": 0, "last_sync": 1765414802000, "Nm_Ruas": "Jl. Tol Padalarang - Cileunyi", "Status": "Jalan Tol", "Propinsi": "Jawa Barat", "Kab_Kot": "Kota Bandung", "Panjang": 500.60635872, "Segmen": "SEG_000045450", "Satwil": "Polrestabes Bandung" }, "geometry": { "type": "Point", "coordinates": [ 107.609097140000074, -6.956894232999957 ] } },
{ "type": "Feature", "properties": { "orig_fid": 73, "id": 0, "objectid": 73, "kode_ruas": "pc", "ruas": "Padalarang - Cileunyi", "kode_gt": "pc_moh_toha1", "nama": "GT MOH TOHA 1", "seksi": 0, "sta": "139+000", "foto": " ", "layer": "Gerbang Tol", "koord_x": "107.609097140197", "koord_y": "-6.95689423288689", "jml_gardu": "10", "jmlgrdrvs": "-", "jml_lajur": "10", "panjang_m": "38,98", "luas_m": " ", "status": "Operasi", "sub_status": "Operasi Penuh", "region": "Non Trans", "bujt": "PT. Jasa Marga (Persero)", "kodefikasi": "D 09", "no": 10, "shape_leng": 0, "keterangan": " ", "creator": null, "created": null, "updater": null, "updated": null, "sync_state": 0, "last_sync": 1765414802000, "Nm_Ruas": "Jl. Tol Padalarang - Cileunyi", "Status": "Jalan Tol", "Propinsi": "Jawa Barat", "Kab_Kot": "Kota Bandung", "Panjang": 207.347568639, "Segmen": "SEG_000045446", "Satwil": "Polrestabes Bandung" }, "geometry": { "type": "Point", "coordinates": [ 107.609097140000074, -6.956894232999957 ] } },
{ "type": "Feature", "properties": { "orig_fid": 74, "id": 44, "objectid": 74, "kode_ruas": "pc", "ruas": "Padalarang - Cileunyi", "kode_gt": "pc_moh_toha", "nama": "GT MOH TOHA 2", "seksi": 0, "sta": "139+000", "foto": "http://gis.bpjt.pu.go.id/data/foto/gt/gtmtoha.jpg", "layer": "Gerbang Tol", "koord_x": "107.60977521872", "koord_y": "-6.95659980471223", "jml_gardu": "10", "jmlgrdrvs": "-", "jml_lajur": "10", "panjang_m": "38,98", "luas_m": " ", "status": "Operasi", "sub_status": "Operasi Penuh", "region": "Non Trans", "bujt": "PT. Jasa Marga (Persero)", "kodefikasi": "D 09", "no": 9, "shape_leng": 0, "keterangan": "GT M. TOHA", "creator": null, "created": null, "updater": null, "updated": null, "sync_state": 0, "last_sync": 1765414802000, "Nm_Ruas": "Jl. Tol Padalarang - Cileunyi", "Status": "Jalan Tol", "Propinsi": "Jawa Barat", "Kab_Kot": "Kota Bandung", "Panjang": 500.60635872, "Segmen": "SEG_000045450", "Satwil": "Polrestabes Bandung" }, "geometry": { "type": "Point", "coordinates": [ 107.609775219000085, -6.956599804999939 ] } },
{ "type": "Feature", "properties": { "orig_fid": 74, "id": 44, "objectid": 74, "kode_ruas": "pc", "ruas": "Padalarang - Cileunyi", "kode_gt": "pc_moh_toha", "nama": "GT MOH TOHA 2", "seksi": 0, "sta": "139+000", "foto": "http://gis.bpjt.pu.go.id/data/foto/gt/gtmtoha.jpg", "layer": "Gerbang Tol", "koord_x": "107.60977521872", "koord_y": "-6.95659980471223", "jml_gardu": "10", "jmlgrdrvs": "-", "jml_lajur": "10", "panjang_m": "38,98", "luas_m": " ", "status": "Operasi", "sub_status": "Operasi Penuh", "region": "Non Trans", "bujt": "PT. Jasa Marga (Persero)", "kodefikasi": "D 09", "no": 9, "shape_leng": 0, "keterangan": "GT M. TOHA", "creator": null, "created": null, "updater": null, "updated": null, "sync_state": 0, "last_sync": 1765414802000, "Nm_Ruas": "Jl. Tol Padalarang - Cileunyi", "Status": "Jalan Tol", "Propinsi": "Jawa Barat", "Kab_Kot": "Kota Bandung", "Panjang": 207.347568639, "Segmen": "SEG_000045446", "Satwil": "Polrestabes Bandung" }, "geometry": { "type": "Point", "coordinates": [ 107.609775219000085, -6.956599804999939 ] } },
{ "type": "Feature", "properties": { "orig_fid": 75, "id": 0, "objectid": 75, "kode_ruas": "pc", "ruas": "Padalarang - Cileunyi", "kode_gt": "pc_buah_batu1", "nama": "GT BUAH BATU 1", "seksi": 0, "sta": "142+000", "foto": " ", "layer": "Gerbang Tol", "koord_x": "107.635506558145", "koord_y": "-6.96137663176494", "jml_gardu": "10", "jmlgrdrvs": "-", "jml_lajur": "10", "panjang_m": "38,7", "luas_m": " ", "status": "Operasi", "sub_status": "Operasi Penuh", "region": "Non Trans", "bujt": "PT. Jasa Marga (Persero)", "kodefikasi": "D 09", "no": 12, "shape_leng": 0, "keterangan": " ", "creator": null, "created": null, "updater": null, "updated": null, "sync_state": 0, "last_sync": 1765414802000, "Nm_Ruas": "Jl. Tol Padalarang - Cileunyi", "Status": "Jalan Tol", "Propinsi": "Jawa Barat", "Kab_Kot": "Kota Bandung", "Panjang": 500.65365263299998, "Segmen": "SEG_000045483", "Satwil": "Polrestabes Bandung" }, "geometry": { "type": "Point", "coordinates": [ 107.635506558000088, -6.96137663199994 ] } },
{ "type": "Feature", "properties": { "orig_fid": 75, "id": 0, "objectid": 75, "kode_ruas": "pc", "ruas": "Padalarang - Cileunyi", "kode_gt": "pc_buah_batu1", "nama": "GT BUAH BATU 1", "seksi": 0, "sta": "142+000", "foto": " ", "layer": "Gerbang Tol", "koord_x": "107.635506558145", "koord_y": "-6.96137663176494", "jml_gardu": "10", "jmlgrdrvs": "-", "jml_lajur": "10", "panjang_m": "38,7", "luas_m": " ", "status": "Operasi", "sub_status": "Operasi Penuh", "region": "Non Trans", "bujt": "PT. Jasa Marga (Persero)", "kodefikasi": "D 09", "no": 12, "shape_leng": 0, "keterangan": " ", "creator": null, "created": null, "updater": null, "updated": null, "sync_state": 0, "last_sync": 1765414802000, "Nm_Ruas": "Jl. Tol Padalarang - Cileunyi", "Status": "Jalan Tol", "Propinsi": "Jawa Barat", "Kab_Kot": "Kota Bandung", "Panjang": 500.67151877399999, "Segmen": "SEG_000045480", "Satwil": "Polrestabes Bandung" }, "geometry": { "type": "Point", "coordinates": [ 107.635506558000088, -6.96137663199994 ] } },
{ "type": "Feature", "properties": { "orig_fid": 76, "id": 47, "objectid": 76, "kode_ruas": "pc", "ruas": "Padalarang - Cileunyi", "kode_gt": "pc_buah_batu", "nama": "GT BUAH BATU 2", "seksi": 0, "sta": "142+000", "foto": "http://gis.bpjt.pu.go.id/data/foto/gt/gtbuahbatu.*", "layer": "Gerbang Tol", "koord_x": "107.636498553095", "koord_y": "-6.96141070735173", "jml_gardu": "10", "jmlgrdrvs": "-", "jml_lajur": "10", "panjang_m": "38,7", "luas_m": " ", "status": "Operasi", "sub_status": "Operasi Penuh", "region": "Non Trans", "bujt": "PT. Jasa Marga (Persero)", "kodefikasi": "D 09", "no": 11, "shape_leng": 0, "keterangan": "GT BUAH BATU", "creator": null, "created": null, "updater": null, "updated": null, "sync_state": 0, "last_sync": 1765414802000, "Nm_Ruas": "Jl. Tol Padalarang - Cileunyi", "Status": "Jalan Tol", "Propinsi": "Jawa Barat", "Kab_Kot": "Kota Bandung", "Panjang": 500.65365263299998, "Segmen": "SEG_000045483", "Satwil": "Polrestabes Bandung" }, "geometry": { "type": "Point", "coordinates": [ 107.636498553000081, -6.96141070699997 ] } },
{ "type": "Feature", "properties": { "orig_fid": 76, "id": 47, "objectid": 76, "kode_ruas": "pc", "ruas": "Padalarang - Cileunyi", "kode_gt": "pc_buah_batu", "nama": "GT BUAH BATU 2", "seksi": 0, "sta": "142+000", "foto": "http://gis.bpjt.pu.go.id/data/foto/gt/gtbuahbatu.*", "layer": "Gerbang Tol", "koord_x": "107.636498553095", "koord_y": "-6.96141070735173", "jml_gardu": "10", "jmlgrdrvs": "-", "jml_lajur": "10", "panjang_m": "38,7", "luas_m": " ", "status": "Operasi", "sub_status": "Operasi Penuh", "region": "Non Trans", "bujt": "PT. Jasa Marga (Persero)", "kodefikasi": "D 09", "no": 11, "shape_leng": 0, "keterangan": "GT BUAH BATU", "creator": null, "created": null, "updater": null, "updated": null, "sync_state": 0, "last_sync": 1765414802000, "Nm_Ruas": "Jl. Tol Padalarang - Cileunyi", "Status": "Jalan Tol", "Propinsi": "Jawa Barat", "Kab_Kot": "Kota Bandung", "Panjang": 500.67151877399999, "Segmen": "SEG_000045480", "Satwil": "Polrestabes Bandung" }, "geometry": { "type": "Point", "coordinates": [ 107.636498553000081, -6.96141070699997 ] } },
{ "type": "Feature", "properties": { "orig_fid": 77, "id": 0, "objectid": 77, "kode_ruas": "pc", "ruas": "Padalarang - Cileunyi", "kode_gt": "pc_pasir_koja1", "nama": "GT PASIR KOJA 1", "seksi": 0, "sta": "132+000", "foto": " ", "layer": "Gerbang Tol", "koord_x": "107.569735207668", "koord_y": "-6.93157319723296", "jml_gardu": "11", "jmlgrdrvs": "-", "jml_lajur": "11", "panjang_m": "50,32", "luas_m": " ", "status": "Operasi", "sub_status": "Operasi Penuh", "region": "Non Trans", "bujt": "PT. Jasa Marga (Persero)", "kodefikasi": "D 09", "no": 6, "shape_leng": 0, "keterangan": " ", "creator": null, "created": null, "updater": null, "updated": null, "sync_state": 0, "last_sync": 1765414802000, "Nm_Ruas": "Jl. Tol Soreang - Pasir Koja", "Status": "Jalan Tol", "Propinsi": "Jawa Barat", "Kab_Kot": "Kota Bandung", "Panjang": 500.59955551000002, "Segmen": "SEG_000045585", "Satwil": "Polrestabes Bandung" }, "geometry": { "type": "Point", "coordinates": [ 107.569735208000054, -6.931573196999977 ] } },
{ "type": "Feature", "properties": { "orig_fid": 77, "id": 0, "objectid": 77, "kode_ruas": "pc", "ruas": "Padalarang - Cileunyi", "kode_gt": "pc_pasir_koja1", "nama": "GT PASIR KOJA 1", "seksi": 0, "sta": "132+000", "foto": " ", "layer": "Gerbang Tol", "koord_x": "107.569735207668", "koord_y": "-6.93157319723296", "jml_gardu": "11", "jmlgrdrvs": "-", "jml_lajur": "11", "panjang_m": "50,32", "luas_m": " ", "status": "Operasi", "sub_status": "Operasi Penuh", "region": "Non Trans", "bujt": "PT. Jasa Marga (Persero)", "kodefikasi": "D 09", "no": 6, "shape_leng": 0, "keterangan": " ", "creator": null, "created": null, "updater": null, "updated": null, "sync_state": 0, "last_sync": 1765414802000, "Nm_Ruas": "Jl. Tol Soreang - Pasir Koja", "Status": "Jalan Tol", "Propinsi": "Jawa Barat", "Kab_Kot": "Kota Bandung", "Panjang": 500.578087606, "Segmen": "SEG_000045587", "Satwil": "Polrestabes Bandung" }, "geometry": { "type": "Point", "coordinates": [ 107.569735208000054, -6.931573196999977 ] } },
{ "type": "Feature", "properties": { "orig_fid": 78, "id": 37, "objectid": 78, "kode_ruas": "pc", "ruas": "Padalarang - Cileunyi", "kode_gt": "pc_pasir_koja", "nama": "GT PASIR KOJA 2", "seksi": 0, "sta": "132+000", "foto": "http://gis.bpjt.pu.go.id/data/foto/gt/gtpasirkoja*", "layer": "Gerbang Tol", "koord_x": "107.570630607548", "koord_y": "-6.93146781286845", "jml_gardu": "11", "jmlgrdrvs": "-", "jml_lajur": "11", "panjang_m": "50,32", "luas_m": " ", "status": "Operasi", "sub_status": "Operasi Penuh", "region": "Non Trans", "bujt": "PT. Jasa Marga (Persero)", "kodefikasi": "D 09", "no": 7, "shape_leng": 0, "keterangan": "GT PASIR KOJA.", "creator": null, "created": null, "updater": null, "updated": null, "sync_state": 0, "last_sync": 1765414802000, "Nm_Ruas": "Jl. Tol Soreang - Pasir Koja", "Status": "Jalan Tol", "Propinsi": "Jawa Barat", "Kab_Kot": "Kota Bandung", "Panjang": 500.578087606, "Segmen": "SEG_000045587", "Satwil": "Polrestabes Bandung" }, "geometry": { "type": "Point", "coordinates": [ 107.570630608000045, -6.931467812999927 ] } },
{ "type": "Feature", "properties": { "orig_fid": 78, "id": 37, "objectid": 78, "kode_ruas": "pc", "ruas": "Padalarang - Cileunyi", "kode_gt": "pc_pasir_koja", "nama": "GT PASIR KOJA 2", "seksi": 0, "sta": "132+000", "foto": "http://gis.bpjt.pu.go.id/data/foto/gt/gtpasirkoja*", "layer": "Gerbang Tol", "koord_x": "107.570630607548", "koord_y": "-6.93146781286845", "jml_gardu": "11", "jmlgrdrvs": "-", "jml_lajur": "11", "panjang_m": "50,32", "luas_m": " ", "status": "Operasi", "sub_status": "Operasi Penuh", "region": "Non Trans", "bujt": "PT. Jasa Marga (Persero)", "kodefikasi": "D 09", "no": 7, "shape_leng": 0, "keterangan": "GT PASIR KOJA.", "creator": null, "created": null, "updater": null, "updated": null, "sync_state": 0, "last_sync": 1765414802000, "Nm_Ruas": "Jl. Tol Soreang - Pasir Koja", "Status": "Jalan Tol", "Propinsi": "Jawa Barat", "Kab_Kot": "Kota Bandung", "Panjang": 190.35211680399999, "Segmen": "SEG_000045586", "Satwil": "Polrestabes Bandung" }, "geometry": { "type": "Point", "coordinates": [ 107.570630608000045, -6.931467812999927 ] } },
{ "type": "Feature", "properties": { "orig_fid": 153, "id": 0, "objectid": 153, "kode_ruas": "smgabc", "ruas": "Semarang Seksi A, B, C", "kode_gt": "smgabc_krapyak2", "nama": "GT KRAPYAK 2", "seksi": 0, "sta": "421+092", "foto": " ", "layer": "Gerbang Tol", "koord_x": "110.369130724357", "koord_y": "-6.99050759175711", "jml_gardu": "4", "jmlgrdrvs": "-", "jml_lajur": "3", "panjang_m": " ", "luas_m": " ", "status": "Operasi", "sub_status": "Operasi Penuh", "region": "Trans Jawa", "bujt": "PT. Jasa Marga (Persero) Tbk.", "kodefikasi": "A09", "no": 1, "shape_leng": 0, "keterangan": " ", "creator": null, "created": null, "updater": null, "updated": null, "sync_state": 0, "last_sync": 1765414802000, "Nm_Ruas": null, "Status": null, "Propinsi": null, "Kab_Kot": null, "Panjang": null, "Segmen": null, "Satwil": null }, "geometry": { "type": "Point", "coordinates": [ 110.369130724000058, -6.990507591999972 ] } },
{ "type": "Feature", "properties": { "orig_fid": 79, "id": 30, "objectid": 79, "kode_ruas": "pc", "ruas": "Padalarang - Cileunyi", "kode_gt": "pc_baros1", "nama": "GT BAROS 1", "seksi": 0, "sta": "5+000", "foto": "http://gis.bpjt.pu.go.id/data/foto/gt/gtbaros1.jpg", "layer": "Gerbang Tol", "koord_x": "107.541830680047", "koord_y": "-6.89744232948668", "jml_gardu": "6", "jmlgrdrvs": "-", "jml_lajur": "6", "panjang_m": "29,17", "luas_m": " ", "status": "Operasi", "sub_status": "Operasi Penuh", "region": "Non Trans", "bujt": "PT. Jasa Marga (Persero)", "kodefikasi": "D 09", "no": 4, "shape_leng": 0, "keterangan": "GT BAROS 1", "creator": null, "created": null, "updater": null, "updated": null, "sync_state": 0, "last_sync": 1765414802000, "Nm_Ruas": null, "Status": null, "Propinsi": null, "Kab_Kot": null, "Panjang": null, "Segmen": null, "Satwil": null }, "geometry": { "type": "Point", "coordinates": [ 107.541830680000032, -6.897442328999944 ] } },
{ "type": "Feature", "properties": { "orig_fid": 80, "id": 0, "objectid": 80, "kode_ruas": "pc", "ruas": "Padalarang - Cileunyi", "kode_gt": "pc_pasteur1", "nama": "GT PASTEUR 1", "seksi": 0, "sta": "5+000", "foto": " ", "layer": "Gerbang Tol", "koord_x": "107.541313235586", "koord_y": "-6.8987155654935", "jml_gardu": "7", "jmlgrdrvs": "-", "jml_lajur": "7", "panjang_m": "29,17", "luas_m": " ", "status": "Operasi", "sub_status": "Operasi Penuh", "region": "Non Trans", "bujt": "PT. Jasa Marga (Persero)", "kodefikasi": "D 09", "no": 3, "shape_leng": 0, "keterangan": " ", "creator": null, "created": null, "updater": null, "updated": null, "sync_state": 0, "last_sync": 1765414802000, "Nm_Ruas": "Jl. Tol Padalarang - Cileunyi", "Status": "Jalan Tol", "Propinsi": "Jawa Barat", "Kab_Kot": "Kota Bandung", "Panjang": 500.64343454200002, "Segmen": "SEG_000045354", "Satwil": "Polrestabes Bandung" }, "geometry": { "type": "Point", "coordinates": [ 107.541313236000065, -6.898715564999975 ] } },
{ "type": "Feature", "properties": { "orig_fid": 80, "id": 0, "objectid": 80, "kode_ruas": "pc", "ruas": "Padalarang - Cileunyi", "kode_gt": "pc_pasteur1", "nama": "GT PASTEUR 1", "seksi": 0, "sta": "5+000", "foto": " ", "layer": "Gerbang Tol", "koord_x": "107.541313235586", "koord_y": "-6.8987155654935", "jml_gardu": "7", "jmlgrdrvs": "-", "jml_lajur": "7", "panjang_m": "29,17", "luas_m": " ", "status": "Operasi", "sub_status": "Operasi Penuh", "region": "Non Trans", "bujt": "PT. Jasa Marga (Persero)", "kodefikasi": "D 09", "no": 3, "shape_leng": 0, "keterangan": " ", "creator": null, "created": null, "updater": null, "updated": null, "sync_state": 0, "last_sync": 1765414802000, "Nm_Ruas": "Jl. Tol Padalarang - Cileunyi", "Status": "Jalan Tol", "Propinsi": "Jawa Barat", "Kab_Kot": "Kota Bandung", "Panjang": 500.64194837100001, "Segmen": "SEG_000045348", "Satwil": "Polrestabes Bandung" }, "geometry": { "type": "Point", "coordinates": [ 107.541313236000065, -6.898715564999975 ] } },
{ "type": "Feature", "properties": { "orig_fid": 81, "id": 287, "objectid": 81, "kode_ruas": "pc", "ruas": "Padalarang - Cileunyi", "kode_gt": "pc_baros2", "nama": "GT BAROS 2", "seksi": 0, "sta": "1+000", "foto": "http://gis.bpjt.pu.go.id/data/foto/gt/gtbaros2.jpg", "layer": "Gerbang Tol", "koord_x": "107.54175230592", "koord_y": "-6.89919155676361", "jml_gardu": "18", "jmlgrdrvs": "-", "jml_lajur": "18", "panjang_m": "61,45", "luas_m": " ", "status": "Operasi", "sub_status": "Operasi Penuh", "region": "Non Trans", "bujt": "PT. Jasa Marga (Persero)", "kodefikasi": "D 09", "no": 5, "shape_leng": 0, "keterangan": "GT BAROS 2", "creator": null, "created": null, "updater": null, "updated": null, "sync_state": 0, "last_sync": 1765414802000, "Nm_Ruas": null, "Status": null, "Propinsi": null, "Kab_Kot": null, "Panjang": null, "Segmen": null, "Satwil": null }, "geometry": { "type": "Point", "coordinates": [ 107.541752306000035, -6.899191556999938 ] } },
{ "type": "Feature", "properties": { "orig_fid": 82, "id": 49, "objectid": 82, "kode_ruas": "pc", "ruas": "Padalarang - Cileunyi", "kode_gt": "pc_cileunyi", "nama": "GT CILEUNYI", "seksi": 0, "sta": "155+000", "foto": "http://gis.bpjt.pu.go.id/data/foto/gt/gtcileunyi.*", "layer": "Gerbang Tol", "koord_x": "107.749472054677", "koord_y": "-6.9442240615585", "jml_gardu": "14", "jmlgrdrvs": "-", "jml_lajur": "14", "panjang_m": "124,39", "luas_m": " ", "status": "Operasi", "sub_status": "Operasi Penuh", "region": "Non Trans", "bujt": "PT. Jasa Marga (Persero)", "kodefikasi": "D 09", "no": 13, "shape_leng": 0, "keterangan": "GT CILEUNYI", "creator": null, "created": null, "updater": null, "updated": null, "sync_state": 0, "last_sync": 1765414802000, "Nm_Ruas": null, "Status": null, "Propinsi": null, "Kab_Kot": null, "Panjang": null, "Segmen": null, "Satwil": null }, "geometry": { "type": "Point", "coordinates": [ 107.749472055000069, -6.944224061999932 ] } },
{ "type": "Feature", "properties": { "orig_fid": 83, "id": 25, "objectid": 83, "kode_ruas": "pc", "ruas": "Padalarang - Cileunyi", "kode_gt": "pc_padalarang_timur", "nama": "GT PADALARANG", "seksi": 0, "sta": "120+000", "foto": "http://gis.bpjt.pu.go.id/data/foto/gt/gtpadalaran*", "layer": "Gerbang Tol", "koord_x": "107.500002335219", "koord_y": "-6.85270951306918", "jml_gardu": "12", "jmlgrdrvs": "-", "jml_lajur": "12", "panjang_m": "47.76", "luas_m": " ", "status": "Operasi", "sub_status": "Operasi Penuh", "region": "Non Trans", "bujt": "PT. Jasa Marga (Persero)", "kodefikasi": "D 09", "no": 1, "shape_leng": 0, "keterangan": "GT PADALARANG TIMUR", "creator": null, "created": null, "updater": null, "updated": null, "sync_state": 0, "last_sync": 1765414802000, "Nm_Ruas": "Jl. Tol Padalarang - Cileunyi", "Status": "Jalan Tol", "Propinsi": "Jawa Barat", "Kab_Kot": "Kota Bandung", "Panjang": 333.18535062799998, "Segmen": "SEG_000045297", "Satwil": "Polrestabes Bandung" }, "geometry": { "type": "Point", "coordinates": [ 107.500002335000033, -6.852709512999979 ] } },
{ "type": "Feature", "properties": { "orig_fid": 83, "id": 25, "objectid": 83, "kode_ruas": "pc", "ruas": "Padalarang - Cileunyi", "kode_gt": "pc_padalarang_timur", "nama": "GT PADALARANG", "seksi": 0, "sta": "120+000", "foto": "http://gis.bpjt.pu.go.id/data/foto/gt/gtpadalaran*", "layer": "Gerbang Tol", "koord_x": "107.500002335219", "koord_y": "-6.85270951306918", "jml_gardu": "12", "jmlgrdrvs": "-", "jml_lajur": "12", "panjang_m": "47.76", "luas_m": " ", "status": "Operasi", "sub_status": "Operasi Penuh", "region": "Non Trans", "bujt": "PT. Jasa Marga (Persero)", "kodefikasi": "D 09", "no": 1, "shape_leng": 0, "keterangan": "GT PADALARANG TIMUR", "creator": null, "created": null, "updater": null, "updated": null, "sync_state": 0, "last_sync": 1765414802000, "Nm_Ruas": "Jl. Tol Padalarang - Cileunyi", "Status": "Jalan Tol", "Propinsi": "Jawa Barat", "Kab_Kot": "Kota Bandung", "Panjang": 269.642252601, "Segmen": "SEG_000045296", "Satwil": "Polrestabes Bandung" }, "geometry": { "type": "Point", "coordinates": [ 107.500002335000033, -6.852709512999979 ] } },
{ "type": "Feature", "properties": { "orig_fid": 83, "id": 25, "objectid": 83, "kode_ruas": "pc", "ruas": "Padalarang - Cileunyi", "kode_gt": "pc_padalarang_timur", "nama": "GT PADALARANG", "seksi": 0, "sta": "120+000", "foto": "http://gis.bpjt.pu.go.id/data/foto/gt/gtpadalaran*", "layer": "Gerbang Tol", "koord_x": "107.500002335219", "koord_y": "-6.85270951306918", "jml_gardu": "12", "jmlgrdrvs": "-", "jml_lajur": "12", "panjang_m": "47.76", "luas_m": " ", "status": "Operasi", "sub_status": "Operasi Penuh", "region": "Non Trans", "bujt": "PT. Jasa Marga (Persero)", "kodefikasi": "D 09", "no": 1, "shape_leng": 0, "keterangan": "GT PADALARANG TIMUR", "creator": null, "created": null, "updater": null, "updated": null, "sync_state": 0, "last_sync": 1765414802000, "Nm_Ruas": "Jl. Tol Padalarang - Cileunyi", "Status": "Jalan Tol", "Propinsi": "Jawa Barat", "Kab_Kot": "Kota Bandung", "Panjang": 268.62989928299999, "Segmen": "SEG_000045295", "Satwil": "Polrestabes Bandung" }, "geometry": { "type": "Point", "coordinates": [ 107.500002335000033, -6.852709512999979 ] } },
{ "type": "Feature", "properties": { "orig_fid": 84, "id": 32, "objectid": 84, "kode_ruas": "pc", "ruas": "Padalarang - Cileunyi", "kode_gt": "pc_pasteur", "nama": "GT PASTEUR 2", "seksi": 0, "sta": "5+000", "foto": "http://gis.bpjt.pu.go.id/data/foto/gt/gtpasteur.j*", "layer": "Gerbang Tol", "koord_x": "107.574546050211", "koord_y": "-6.89044189261265", "jml_gardu": "7", "jmlgrdrvs": " ", "jml_lajur": "7", "panjang_m": "29,17", "luas_m": " ", "status": "Operasi", "sub_status": "Operasi Penuh", "region": "Non Trans", "bujt": "PT. Jasa Marga (Persero)", "kodefikasi": "D 09", "no": 2, "shape_leng": 0, "keterangan": "GT PASTEUR", "creator": null, "created": null, "updater": null, "updated": null, "sync_state": 0, "last_sync": 1765414802000, "Nm_Ruas": "Jl. Tol Padalarang - Cileunyi", "Status": "Jalan Tol", "Propinsi": "Jawa Barat", "Kab_Kot": "Kota Bandung", "Panjang": 275.65220755000001, "Segmen": "SEG_000045356", "Satwil": "Polrestabes Bandung" }, "geometry": { "type": "Point", "coordinates": [ 107.574546050000038, -6.890441892999945 ] } },
{ "type": "Feature", "properties": { "orig_fid": 84, "id": 32, "objectid": 84, "kode_ruas": "pc", "ruas": "Padalarang - Cileunyi", "kode_gt": "pc_pasteur", "nama": "GT PASTEUR 2", "seksi": 0, "sta": "5+000", "foto": "http://gis.bpjt.pu.go.id/data/foto/gt/gtpasteur.j*", "layer": "Gerbang Tol", "koord_x": "107.574546050211", "koord_y": "-6.89044189261265", "jml_gardu": "7", "jmlgrdrvs": " ", "jml_lajur": "7", "panjang_m": "29,17", "luas_m": " ", "status": "Operasi", "sub_status": "Operasi Penuh", "region": "Non Trans", "bujt": "PT. Jasa Marga (Persero)", "kodefikasi": "D 09", "no": 2, "shape_leng": 0, "keterangan": "GT PASTEUR", "creator": null, "created": null, "updater": null, "updated": null, "sync_state": 0, "last_sync": 1765414802000, "Nm_Ruas": "Jl. Tol Padalarang - Cileunyi", "Status": "Jalan Tol", "Propinsi": "Jawa Barat", "Kab_Kot": "Kota Bandung", "Panjang": 284.81809759100003, "Segmen": "SEG_000045355", "Satwil": "Polrestabes Bandung" }, "geometry": { "type": "Point", "coordinates": [ 107.574546050000038, -6.890441892999945 ] } },
{ "type": "Feature", "properties": { "orig_fid": 85, "id": 225, "objectid": 85, "kode_ruas": "ups12", "ruas": "Makassar Seksi IV", "kode_gt": "ups12_ramp_tallo_timur", "nama": "GT TALLO TIMUR", "seksi": 0, "sta": "1+000", "foto": "http://gis.bpjt.pu.go.id/data/foto/gt/gtramptallo*", "layer": "Gerbang Tol", "koord_x": "119.446160431827", "koord_y": "-5.10926149411601", "jml_gardu": "2", "jmlgrdrvs": "-", "jml_lajur": "2", "panjang_m": "14,15", "luas_m": " ", "status": "Operasi", "sub_status": "Operasi Penuh", "region": "Non Trans", "bujt": "PT Jalan Tol Seksi IV", "kodefikasi": "D 30", "no": 1, "shape_leng": 0, "keterangan": "GT RAMP TALLO TIMUR", "creator": null, "created": null, "updater": null, "updated": null, "sync_state": 0, "last_sync": 1765414802000, "Nm_Ruas": null, "Status": null, "Propinsi": null, "Kab_Kot": null, "Panjang": null, "Segmen": null, "Satwil": null }, "geometry": { "type": "Point", "coordinates": [ 119.446160432000056, -5.109261493999952 ] } },
{ "type": "Feature", "properties": { "orig_fid": 86, "id": 226, "objectid": 86, "kode_ruas": "ms4", "ruas": "Makassar Seksi IV", "kode_gt": "ms4_jembatan_tallo", "nama": "GT TAMALANREA", "seksi": 0, "sta": "3+000", "foto": "http://gis.bpjt.pu.go.id/data/foto/gt/gttamalanre*", "layer": "Gerbang Tol", "koord_x": "119.460605845973", "koord_y": "-5.10018226397738", "jml_gardu": "4", "jmlgrdrvs": "-", "jml_lajur": "4", "panjang_m": "24,24", "luas_m": " ", "status": "Operasi", "sub_status": "Operasi Penuh", "region": "Non Trans", "bujt": "PT Jalan Tol Seksi IV", "kodefikasi": "D 30", "no": 2, "shape_leng": 0, "keterangan": "GT TAMALANREA", "creator": null, "created": null, "updater": null, "updated": null, "sync_state": 0, "last_sync": 1765414802000, "Nm_Ruas": null, "Status": null, "Propinsi": null, "Kab_Kot": null, "Panjang": null, "Segmen": null, "Satwil": null }, "geometry": { "type": "Point", "coordinates": [ 119.460605846000021, -5.100182263999955 ] } },
{ "type": "Feature", "properties": { "orig_fid": 87, "id": 228, "objectid": 87, "kode_ruas": "ms4", "ruas": "Makassar Seksi IV", "kode_gt": "ms4_kima_parangloe", "nama": "GT PARANGLOE", "seksi": 0, "sta": "3+723", "foto": "http://gis.bpjt.pu.go.id/data/foto/gt/gtparangloe*", "layer": "Gerbang Tol", "koord_x": "119.466178710681", "koord_y": "-5.09532152643987", "jml_gardu": "5", "jmlgrdrvs": "-", "jml_lajur": "6", "panjang_m": "30,13", "luas_m": " ", "status": "Operasi", "sub_status": "Operasi Penuh", "region": "Non Trans", "bujt": "PT Jalan Tol Seksi IV", "kodefikasi": "D 30", "no": 4, "shape_leng": 0, "keterangan": "GT PARANGLOE", "creator": null, "created": null, "updater": null, "updated": null, "sync_state": 0, "last_sync": 1765414802000, "Nm_Ruas": null, "Status": null, "Propinsi": null, "Kab_Kot": null, "Panjang": null, "Segmen": null, "Satwil": null }, "geometry": { "type": "Point", "coordinates": [ 119.466178711000111, -5.095321525999964 ] } },
{ "type": "Feature", "properties": { "orig_fid": 88, "id": 229, "objectid": 88, "kode_ruas": "ms4", "ruas": "Makassar Seksi IV", "kode_gt": "ms4_kima_bira", "nama": "GT BIRA TIMUR", "seksi": 0, "sta": "4+800", "foto": "http://gis.bpjt.pu.go.id/data/foto/gt/gtrampbirat*", "layer": "Gerbang Tol", "koord_x": "119.473400575296", "koord_y": "-5.09016967788829", "jml_gardu": "3", "jmlgrdrvs": "-", "jml_lajur": "3", "panjang_m": "70", "luas_m": " ", "status": "Operasi", "sub_status": "Operasi Penuh", "region": "Non Trans", "bujt": "PT Jalan Tol Seksi IV", "kodefikasi": "D 30", "no": 5, "shape_leng": 0, "keterangan": "GT RAMP BIRA TIMUR", "creator": null, "created": null, "updater": null, "updated": null, "sync_state": 0, "last_sync": 1765414802000, "Nm_Ruas": null, "Status": null, "Propinsi": null, "Kab_Kot": null, "Panjang": null, "Segmen": null, "Satwil": null }, "geometry": { "type": "Point", "coordinates": [ 119.473400575000028, -5.090169677999938 ] } },
{ "type": "Feature", "properties": { "orig_fid": 89, "id": 227, "objectid": 89, "kode_ruas": "ms4", "ruas": "Makassar Seksi IV", "kode_gt": "ms4_baddoka", "nama": "GT BIRA BARAT", "seksi": 0, "sta": "5+800", "foto": "http://gis.bpjt.pu.go.id/data/foto/gt/notfound.jpg", "layer": "Gerbang Tol", "koord_x": "119.482640362706", "koord_y": "-5.0881405030702", "jml_gardu": "2", "jmlgrdrvs": "-", "jml_lajur": "2", "panjang_m": "35", "luas_m": " ", "status": "Operasi", "sub_status": "Operasi Penuh", "region": "Non Trans", "bujt": "PT Jalan Tol Seksi IV", "kodefikasi": "D 30", "no": 6, "shape_leng": 0, "keterangan": "GT BIRA BARAT", "creator": null, "created": null, "updater": null, "updated": null, "sync_state": 0, "last_sync": 1765414802000, "Nm_Ruas": null, "Status": null, "Propinsi": null, "Kab_Kot": null, "Panjang": null, "Segmen": null, "Satwil": null }, "geometry": { "type": "Point", "coordinates": [ 119.482640363000087, -5.088140502999977 ] } },
{ "type": "Feature", "properties": { "orig_fid": 90, "id": 230, "objectid": 90, "kode_ruas": "ms4", "ruas": "Makassar Seksi IV", "kode_gt": "ms4_mandai_biringkanaya", "nama": "GT BIRINGKANAYA", "seksi": 0, "sta": "9+800", "foto": "http://gis.bpjt.pu.go.id/data/foto/gt/gtbiringkan*", "layer": "Gerbang Tol", "koord_x": "119.516529034784", "koord_y": "-5.07523820925909", "jml_gardu": "5", "jmlgrdrvs": "-", "jml_lajur": "4", "panjang_m": "110", "luas_m": " ", "status": "Operasi", "sub_status": "Operasi Penuh", "region": "Non Trans", "bujt": "PT Jalan Tol Seksi IV", "kodefikasi": "D 30", "no": 7, "shape_leng": 0, "keterangan": "GT BIRINGKANAYA", "creator": null, "created": null, "updater": null, "updated": null, "sync_state": 0, "last_sync": 1765414802000, "Nm_Ruas": null, "Status": null, "Propinsi": null, "Kab_Kot": null, "Panjang": null, "Segmen": null, "Satwil": null }, "geometry": { "type": "Point", "coordinates": [ 119.516529035000076, -5.075238208999963 ] } },
{ "type": "Feature", "properties": { "orig_fid": 91, "id": 0, "objectid": 91, "kode_ruas": "ms4", "ruas": "Makassar Seksi IV", "kode_gt": "ms4_satelit_tamalanrea", "nama": "GT SATELIT TAMALANREA", "seksi": 0, "sta": "3+000", "foto": " ", "layer": "Gerbang Tol", "koord_x": "119.46122815013", "koord_y": "-5.0995501906144", "jml_gardu": "3", "jmlgrdrvs": "-", "jml_lajur": "3", "panjang_m": "18,74", "luas_m": " ", "status": "Operasi", "sub_status": "Operasi Penuh", "region": "Non Trans", "bujt": "PT Jalan Tol Seksi IV", "kodefikasi": "D 30", "no": 3, "shape_leng": 0, "keterangan": " ", "creator": null, "created": null, "updater": null, "updated": null, "sync_state": 0, "last_sync": 1765414802000, "Nm_Ruas": null, "Status": null, "Propinsi": null, "Kab_Kot": null, "Panjang": null, "Segmen": null, "Satwil": null }, "geometry": { "type": "Point", "coordinates": [ 119.461228150000011, -5.099550190999935 ] } },
{ "type": "Feature", "properties": { "orig_fid": 92, "id": 88, "objectid": 92, "kode_ruas": "brr", "ruas": "Bogor Ring Road", "kode_gt": "brr_sentul_barat", "nama": "GT SENTUL  BARAT", "seksi": 0, "sta": "1+000", "foto": "http://gis.bpjt.pu.go.id/data/foto/gt/gtsentulbar*", "layer": "Gerbang Tol", "koord_x": "106.835715149424", "koord_y": "-6.56445148736975", "jml_gardu": "15", "jmlgrdrvs": "3", "jml_lajur": "15", "panjang_m": "88", "luas_m": " ", "status": "Operasi", "sub_status": "Operasi Sebagian", "region": "Jabodetabek", "bujt": "PT. Marga Sarana Jabar", "kodefikasi": "B 26", "no": 1, "shape_leng": 0, "keterangan": "GT SENTUL BARAT", "creator": null, "created": null, "updater": null, "updated": null, "sync_state": 0, "last_sync": 1765414802000, "Nm_Ruas": null, "Status": null, "Propinsi": null, "Kab_Kot": null, "Panjang": null, "Segmen": null, "Satwil": null }, "geometry": { "type": "Point", "coordinates": [ 106.835715149000066, -6.564451486999928 ] } },
{ "type": "Feature", "properties": { "orig_fid": 93, "id": 0, "objectid": 93, "kode_ruas": "brr", "ruas": "Bogor Ring Road", "kode_gt": "brr_cibadak1", "nama": "GT CIBADAK 1", "seksi": 0, "sta": "10+-000", "foto": " ", "layer": "Gerbang Tol", "koord_x": "106.765856338107", "koord_y": "-6.52853232491453", "jml_gardu": "2", "jmlgrdrvs": "-", "jml_lajur": "2", "panjang_m": "14", "luas_m": " ", "status": "Operasi", "sub_status": "Operasi Sebagian", "region": "Jabodetabek", "bujt": "PT. Marga Sarana Jabar", "kodefikasi": "B 26", "no": 2, "shape_leng": 0, "keterangan": " ", "creator": null, "created": null, "updater": null, "updated": null, "sync_state": 0, "last_sync": 1765414802000, "Nm_Ruas": null, "Status": null, "Propinsi": null, "Kab_Kot": null, "Panjang": null, "Segmen": null, "Satwil": null }, "geometry": { "type": "Point", "coordinates": [ 106.765856338000049, -6.528532324999958 ] } },
{ "type": "Feature", "properties": { "orig_fid": 94, "id": 0, "objectid": 94, "kode_ruas": "brr", "ruas": "Bogor Ring Road", "kode_gt": "brr_cibadak2", "nama": "GT CIBADAK 2", "seksi": 0, "sta": "10+-000", "foto": " ", "layer": "Gerbang Tol", "koord_x": "106.765490369592", "koord_y": "-6.52851458402652", "jml_gardu": "2", "jmlgrdrvs": "-", "jml_lajur": "2", "panjang_m": "13", "luas_m": " ", "status": "Operasi", "sub_status": "Operasi Sebagian", "region": "Jabodetabek", "bujt": "PT. Marga Sarana Jabar", "kodefikasi": "B 26", "no": 3, "shape_leng": 0, "keterangan": " ", "creator": null, "created": null, "updater": null, "updated": null, "sync_state": 0, "last_sync": 1765414802000, "Nm_Ruas": null, "Status": null, "Propinsi": null, "Kab_Kot": null, "Panjang": null, "Segmen": null, "Satwil": null }, "geometry": { "type": "Point", "coordinates": [ 106.765490370000066, -6.528514583999936 ] } },
{ "type": "Feature", "properties": { "orig_fid": 95, "id": 0, "objectid": 95, "kode_ruas": " ", "ruas": "Indralaya - Muara Enim", "kode_gt": " ", "nama": "GT MUARA ENIM", "seksi": 0, "sta": "0+925", "foto": " ", "layer": "Gerbang Tol", "koord_x": "103.789273167646", "koord_y": "-3.62346744453414", "jml_gardu": "2 X 2", "jmlgrdrvs": "1", "jml_lajur": "4", "panjang_m": "99,89", "luas_m": " ", "status": "Konstruksi", "sub_status": "Pekerjaan Fisik", "region": "Trans Sumatera", "bujt": "PT. Hutama Karya (Persero)", "kodefikasi": "C 12", "no": 2, "shape_leng": 0, "keterangan": " ", "creator": null, "created": null, "updater": null, "updated": null, "sync_state": 0, "last_sync": 1765414802000, "Nm_Ruas": null, "Status": null, "Propinsi": null, "Kab_Kot": null, "Panjang": null, "Segmen": null, "Satwil": null }, "geometry": { "type": "Point", "coordinates": [ 103.789273168000079, -3.62346744499996 ] } },
{ "type": "Feature", "properties": { "orig_fid": 96, "id": 0, "objectid": 96, "kode_ruas": " ", "ruas": "Indralaya - Muara Enim", "kode_gt": " ", "nama": "GT PRABUMULIH", "seksi": 0, "sta": "1+183", "foto": " ", "layer": "Gerbang Tol", "koord_x": "104.262166016869", "koord_y": "-3.52093180327294", "jml_gardu": "2 X 2", "jmlgrdrvs": "1", "jml_lajur": "4", "panjang_m": "100,54", "luas_m": " ", "status": "Konstruksi", "sub_status": "Pekerjaan Fisik", "region": "Trans Sumatera", "bujt": "PT. Hutama Karya (Persero)", "kodefikasi": "C 12", "no": 1, "shape_leng": 0, "keterangan": " ", "creator": null, "created": null, "updater": null, "updated": null, "sync_state": 0, "last_sync": 1765414802000, "Nm_Ruas": null, "Status": null, "Propinsi": null, "Kab_Kot": null, "Panjang": null, "Segmen": null, "Satwil": null }, "geometry": { "type": "Point", "coordinates": [ 104.262166017000084, -3.520931802999939 ] } },
{ "type": "Feature", "properties": { "orig_fid": 97, "id": 330, "objectid": 97, "kode_ruas": "slngw", "ruas": "Solo - Ngawi", "kode_gt": "slngw_ngawi", "nama": "GT NGAWI", "seksi": 0, "sta": "0+538", "foto": "http://gis.bpjt.pu.go.id/data/foto/gt/gtngawi.jpg", "layer": "Gerbang Tol", "koord_x": "111.414241803468", "koord_y": "-7.41602808426347", "jml_gardu": "5", "jmlgrdrvs": "-", "jml_lajur": "2", "panjang_m": "24,49", "luas_m": " ", "status": "Operasi", "sub_status": "Operasi Penuh", "region": "Trans Jawa", "bujt": "PT. Jasamarga Solo Ngawi", "kodefikasi": "A 11", "no": 8, "shape_leng": 0, "keterangan": "GT NGAWI", "creator": null, "created": null, "updater": null, "updated": null, "sync_state": 0, "last_sync": 1765414802000, "Nm_Ruas": null, "Status": null, "Propinsi": null, "Kab_Kot": null, "Panjang": null, "Segmen": null, "Satwil": null }, "geometry": { "type": "Point", "coordinates": [ 111.414241803000039, -7.416028083999947 ] } },
{ "type": "Feature", "properties": { "orig_fid": 154, "id": 0, "objectid": 154, "kode_ruas": "smgabc", "ruas": "Semarang Seksi A, B, C", "kode_gt": "smgabc_krapyak1", "nama": "GT KRAPYAK 1", "seksi": 0, "sta": "420+200", "foto": " ", "layer": "Gerbang Tol", "koord_x": "110.368783306126", "koord_y": "-6.99494469900725", "jml_gardu": "7", "jmlgrdrvs": "-", "jml_lajur": "5", "panjang_m": " ", "luas_m": " ", "status": "Operasi", "sub_status": "Operasi Penuh", "region": "Trans Jawa", "bujt": "PT. Jasa Marga (Persero) Tbk.", "kodefikasi": "A09", "no": 2, "shape_leng": 0, "keterangan": " ", "creator": null, "created": null, "updater": null, "updated": null, "sync_state": 0, "last_sync": 1765414802000, "Nm_Ruas": null, "Status": null, "Propinsi": null, "Kab_Kot": null, "Panjang": null, "Segmen": null, "Satwil": null }, "geometry": { "type": "Point", "coordinates": [ 110.368783306000068, -6.994944698999973 ] } },
{ "type": "Feature", "properties": { "orig_fid": 98, "id": 305, "objectid": 98, "kode_ruas": "slngw", "ruas": "Solo - Ngawi", "kode_gt": "slngw_kertasura", "nama": "GT KARANGANYAR", "seksi": 0, "sta": "1+198", "foto": "http://gis.bpjt.pu.go.id/data/foto/gt/gtkarangany*", "layer": "Gerbang Tol", "koord_x": "110.894141702635", "koord_y": "-7.52139089836355", "jml_gardu": "6", "jmlgrdrvs": "-", "jml_lajur": "2", "panjang_m": "26,10", "luas_m": " ", "status": "Operasi", "sub_status": "Operasi Penuh", "region": "Trans Jawa", "bujt": "PT. Jasamarga Solo Ngawi", "kodefikasi": "A 11", "no": 5, "shape_leng": 0, "keterangan": "GT KARANGANYAR", "creator": null, "created": null, "updater": null, "updated": null, "sync_state": 0, "last_sync": 1765414802000, "Nm_Ruas": null, "Status": null, "Propinsi": null, "Kab_Kot": null, "Panjang": null, "Segmen": null, "Satwil": null }, "geometry": { "type": "Point", "coordinates": [ 110.894141703000059, -7.521390897999936 ] } },
{ "type": "Feature", "properties": { "orig_fid": 99, "id": 331, "objectid": 99, "kode_ruas": "slngw", "ruas": "Solo - Ngawi", "kode_gt": "slngw_colomadu", "nama": "GT COLOMADU", "seksi": 0, "sta": "0+567", "foto": "http://gis.bpjt.pu.go.id/data/foto/gt/gtcolomadu-*", "layer": "Gerbang Tol", "koord_x": "110.711171991237", "koord_y": "-7.53492902602692", "jml_gardu": "13", "jmlgrdrvs": "-", "jml_lajur": "2", "panjang_m": "34,55", "luas_m": " ", "status": "Operasi", "sub_status": "Operasi Penuh", "region": "Trans Jawa", "bujt": "PT. Jasamarga Solo Ngawi", "kodefikasi": "A 11", "no": 1, "shape_leng": 0, "keterangan": "GT COLOMADU", "creator": null, "created": null, "updater": null, "updated": null, "sync_state": 0, "last_sync": 1765414802000, "Nm_Ruas": null, "Status": null, "Propinsi": null, "Kab_Kot": null, "Panjang": null, "Segmen": null, "Satwil": null }, "geometry": { "type": "Point", "coordinates": [ 110.711171991000072, -7.534929025999929 ] } },
{ "type": "Feature", "properties": { "orig_fid": 100, "id": 0, "objectid": 100, "kode_ruas": "slngw", "ruas": "Solo - Ngawi", "kode_gt": "slngw_adi_sumarmo", "nama": "GT ADI SUMARMO", "seksi": 0, "sta": "0+590", "foto": " ", "layer": "Gerbang Tol", "koord_x": "110.750801302028", "koord_y": "-7.50579296943397", "jml_gardu": "4", "jmlgrdrvs": "-", "jml_lajur": "2", "panjang_m": "19,03", "luas_m": " ", "status": "Operasi", "sub_status": "Operasi Penuh", "region": "Trans Jawa", "bujt": "PT. Jasamarga Solo Ngawi", "kodefikasi": "A 11", "no": 2, "shape_leng": 0, "keterangan": " ", "creator": null, "created": null, "updater": null, "updated": null, "sync_state": 0, "last_sync": 1765414802000, "Nm_Ruas": null, "Status": null, "Propinsi": null, "Kab_Kot": null, "Panjang": null, "Segmen": null, "Satwil": null }, "geometry": { "type": "Point", "coordinates": [ 110.75080130200007, -7.50579296899997 ] } },
{ "type": "Feature", "properties": { "orig_fid": 101, "id": 332, "objectid": 101, "kode_ruas": "slngw", "ruas": "Solo - Ngawi", "kode_gt": "slngw_solo", "nama": "GT NGEMPLAK", "seksi": 0, "sta": "0+872", "foto": "http://gis.bpjt.pu.go.id/data/foto/gt/notfound.jpg", "layer": "Gerbang Tol", "koord_x": "110.799687986372", "koord_y": "-7.52818601570101", "jml_gardu": "8", "jmlgrdrvs": "-", "jml_lajur": "2", "panjang_m": "30,24", "luas_m": " ", "status": "Operasi", "sub_status": "Operasi Penuh", "region": "Trans Jawa", "bujt": "PT. Jasamarga Solo Ngawi", "kodefikasi": "A 11", "no": 3, "shape_leng": 0, "keterangan": "GT SOLO", "creator": null, "created": null, "updater": null, "updated": null, "sync_state": 0, "last_sync": 1765414802000, "Nm_Ruas": null, "Status": null, "Propinsi": null, "Kab_Kot": null, "Panjang": null, "Segmen": null, "Satwil": null }, "geometry": { "type": "Point", "coordinates": [ 110.799687986000038, -7.52818601599995 ] } },
{ "type": "Feature", "properties": { "orig_fid": 102, "id": 0, "objectid": 102, "kode_ruas": "slngw", "ruas": "Solo - Ngawi", "kode_gt": "slngw_gondangrejo", "nama": "GT GONDANGREJO", "seksi": 0, "sta": "0+211", "foto": " ", "layer": "Gerbang Tol", "koord_x": "110.819242612252", "koord_y": "-7.52243297214654", "jml_gardu": "4", "jmlgrdrvs": "-", "jml_lajur": "2", "panjang_m": "24,42", "luas_m": " ", "status": "Operasi", "sub_status": "Operasi Penuh", "region": "Trans Jawa", "bujt": "PT. Jasamarga Solo Ngawi", "kodefikasi": "A 11", "no": 4, "shape_leng": 0, "keterangan": " ", "creator": null, "created": null, "updater": null, "updated": null, "sync_state": 0, "last_sync": 1765414802000, "Nm_Ruas": null, "Status": null, "Propinsi": null, "Kab_Kot": null, "Panjang": null, "Segmen": null, "Satwil": null }, "geometry": { "type": "Point", "coordinates": [ 110.819242612000039, -7.522432971999933 ] } },
{ "type": "Feature", "properties": { "orig_fid": 103, "id": 304, "objectid": 103, "kode_ruas": "slngw", "ruas": "Solo - Ngawi", "kode_gt": "slngw_sragen", "nama": "GT SRAGEN", "seksi": 0, "sta": "0+573", "foto": "http://gis.bpjt.pu.go.id/data/foto/gt/gtsragen.jpg", "layer": "Gerbang Tol", "koord_x": "110.977933534744", "koord_y": "-7.43293880040152", "jml_gardu": "5", "jmlgrdrvs": "-", "jml_lajur": "2", "panjang_m": "24,40", "luas_m": " ", "status": "Operasi", "sub_status": "Operasi Penuh", "region": "Trans Jawa", "bujt": "PT. Jasamarga Solo Ngawi", "kodefikasi": "A 11", "no": 6, "shape_leng": 0, "keterangan": "GT SRAGEN", "creator": null, "created": null, "updater": null, "updated": null, "sync_state": 0, "last_sync": 1765414802000, "Nm_Ruas": null, "Status": null, "Propinsi": null, "Kab_Kot": null, "Panjang": null, "Segmen": null, "Satwil": null }, "geometry": { "type": "Point", "coordinates": [ 110.977933535000034, -7.432938799999931 ] } },
{ "type": "Feature", "properties": { "orig_fid": 104, "id": 0, "objectid": 104, "kode_ruas": "slngw", "ruas": "Solo - Ngawi", "kode_gt": "slngw_sragen_timur", "nama": "GT SRAGEN TIMUR", "seksi": 0, "sta": "0+497", "foto": " ", "layer": "Gerbang Tol", "koord_x": "111.10699224465", "koord_y": "-7.37821299328609", "jml_gardu": "4", "jmlgrdrvs": "-", "jml_lajur": "2", "panjang_m": "22,70", "luas_m": " ", "status": "Operasi", "sub_status": "Operasi Penuh", "region": "Trans Jawa", "bujt": "PT. Jasamarga Solo Ngawi", "kodefikasi": "A 11", "no": 7, "shape_leng": 0, "keterangan": " ", "creator": null, "created": null, "updater": null, "updated": null, "sync_state": 0, "last_sync": 1765414802000, "Nm_Ruas": null, "Status": null, "Propinsi": null, "Kab_Kot": null, "Panjang": null, "Segmen": null, "Satwil": null }, "geometry": { "type": "Point", "coordinates": [ 111.106992245000072, -7.378212992999977 ] } },
{ "type": "Feature", "properties": { "orig_fid": 105, "id": 444, "objectid": 105, "kode_ruas": "tbppka", "ruas": "Terbanggi Besar - Pematang Panggang - Kayu Agung", "kode_gt": "tbppka_lambu_kibang", "nama": "GT LAMBU KIBANG", "seksi": 0, "sta": "0+325", "foto": "http://gis.bpjt.pu.go.id/data/foto/gt/gtlambukiba*", "layer": "Gerbang Tol", "koord_x": "105.184593908821", "koord_y": "-4.34353983964682", "jml_gardu": "4", "jmlgrdrvs": " ", "jml_lajur": "2", "panjang_m": "39,21", "luas_m": " ", "status": "Operasi", "sub_status": "Operasi Penuh", "region": "Trans Sumatera", "bujt": "PT. Hutama Karya (Persero)", "kodefikasi": "C 13", "no": 3, "shape_leng": 0, "keterangan": "GT LAMBU KIBANG", "creator": null, "created": null, "updater": null, "updated": null, "sync_state": 0, "last_sync": 1765414802000, "Nm_Ruas": null, "Status": null, "Propinsi": null, "Kab_Kot": null, "Panjang": null, "Segmen": null, "Satwil": null }, "geometry": { "type": "Point", "coordinates": [ 105.184593909000057, -4.343539839999949 ] } },
{ "type": "Feature", "properties": { "orig_fid": 106, "id": 423, "objectid": 106, "kode_ruas": "tbppka", "ruas": "Terbanggi Besar - Pematang Panggang - Kayu Agung", "kode_gt": "tbppka_batin", "nama": "GT GUNUNG BATIN", "seksi": 0, "sta": "0+825", "foto": "http://gis.bpjt.pu.go.id/data/foto/gt/gtgunungbat*", "layer": "Gerbang Tol", "koord_x": "105.197722177163", "koord_y": "-4.64567049034989", "jml_gardu": "4", "jmlgrdrvs": " ", "jml_lajur": "2", "panjang_m": "29,23", "luas_m": " ", "status": "Operasi", "sub_status": "Operasi Penuh", "region": "Trans Sumatera", "bujt": "PT. Hutama Karya (Persero)", "kodefikasi": "C 13", "no": 1, "shape_leng": 0, "keterangan": "GT GUNUNG BATIN", "creator": null, "created": null, "updater": null, "updated": null, "sync_state": 0, "last_sync": 1765414802000, "Nm_Ruas": null, "Status": null, "Propinsi": null, "Kab_Kot": null, "Panjang": null, "Segmen": null, "Satwil": null }, "geometry": { "type": "Point", "coordinates": [ 105.19772217700006, -4.645670489999929 ] } },
{ "type": "Feature", "properties": { "orig_fid": 107, "id": 421, "objectid": 107, "kode_ruas": "tbppka", "ruas": "Terbanggi Besar - Pematang Panggang - Kayu Agung", "kode_gt": "tbppka_menggala", "nama": "GT MENGGALA", "seksi": 0, "sta": "0+550", "foto": "http://gis.bpjt.pu.go.id/data/foto/gt/gtmenggala.*", "layer": "Gerbang Tol", "koord_x": "105.177888307926", "koord_y": "-4.49982760266811", "jml_gardu": "4", "jmlgrdrvs": " ", "jml_lajur": "2", "panjang_m": "34,64", "luas_m": " ", "status": "Operasi", "sub_status": "Operasi Penuh", "region": "Trans Sumatera", "bujt": "PT. Hutama Karya (Persero)", "kodefikasi": "C 13", "no": 2, "shape_leng": 0, "keterangan": "GT MENGGALA", "creator": null, "created": null, "updater": null, "updated": null, "sync_state": 0, "last_sync": 1765414802000, "Nm_Ruas": null, "Status": null, "Propinsi": null, "Kab_Kot": null, "Panjang": null, "Segmen": null, "Satwil": null }, "geometry": { "type": "Point", "coordinates": [ 105.177888308000036, -4.499827602999972 ] } },
{ "type": "Feature", "properties": { "orig_fid": 108, "id": 422, "objectid": 108, "kode_ruas": "tbppka", "ruas": "Terbanggi Besar - Pematang Panggang - Kayu Agung", "kode_gt": "tbppka_kenanga", "nama": "GT WAY KENANGA", "seksi": 0, "sta": "1+125", "foto": "http://gis.bpjt.pu.go.id/data/foto/gt/gtwaykenang*", "layer": "Gerbang Tol", "koord_x": "105.134846968964", "koord_y": "-4.2154121931092", "jml_gardu": "4", "jmlgrdrvs": " ", "jml_lajur": "2", "panjang_m": "24,17", "luas_m": " ", "status": "Operasi", "sub_status": "Operasi Penuh", "region": "Trans Sumatera", "bujt": "PT. Hutama Karya (Persero)", "kodefikasi": "C 13", "no": 4, "shape_leng": 0, "keterangan": "GT WAY KENANGA", "creator": null, "created": null, "updater": null, "updated": null, "sync_state": 0, "last_sync": 1765414802000, "Nm_Ruas": null, "Status": null, "Propinsi": null, "Kab_Kot": null, "Panjang": null, "Segmen": null, "Satwil": null }, "geometry": { "type": "Point", "coordinates": [ 105.13484696900008, -4.215412192999963 ] } },
{ "type": "Feature", "properties": { "orig_fid": 109, "id": 4, "objectid": 109, "kode_ruas": "tbppka", "ruas": "Terbanggi Besar - Pematang Panggang - Kayu Agung", "kode_gt": "tbppka_kayuagung", "nama": "GT KAYU AGUNG", "seksi": 0, "sta": "2+739", "foto": "http://gis.bpjt.pu.go.id/data/foto/gt/gtkayuagung*", "layer": "Gerbang Tol", "koord_x": "104.832000215254", "koord_y": "-3.35229081770468", "jml_gardu": "4", "jmlgrdrvs": " ", "jml_lajur": "2", "panjang_m": "33,59", "luas_m": " ", "status": "Operasi", "sub_status": "Operasi Penuh", "region": "Trans Sumatera", "bujt": "PT. Hutama Karya (Persero)", "kodefikasi": "C 13", "no": 6, "shape_leng": 0, "keterangan": "GT KAYU AGUNG", "creator": null, "created": null, "updater": null, "updated": null, "sync_state": 0, "last_sync": 1765414802000, "Nm_Ruas": null, "Status": null, "Propinsi": null, "Kab_Kot": null, "Panjang": null, "Segmen": null, "Satwil": null }, "geometry": { "type": "Point", "coordinates": [ 104.832000215000051, -3.352290817999972 ] } },
{ "type": "Feature", "properties": { "orig_fid": 110, "id": 424, "objectid": 110, "kode_ruas": "tbppka", "ruas": "Terbanggi Besar - Pematang Panggang - Kayu Agung", "kode_gt": "tbppka_pematang", "nama": "GT SIMPANG PEMATANG", "seksi": 0, "sta": "0+725", "foto": "http://gis.bpjt.pu.go.id/data/foto/gt/gtsimpangpe*", "layer": "Gerbang Tol", "koord_x": "105.147267167412", "koord_y": "-4.03210268865956", "jml_gardu": "4", "jmlgrdrvs": " ", "jml_lajur": "2", "panjang_m": "39,20", "luas_m": " ", "status": "Operasi", "sub_status": "Operasi Penuh", "region": "Trans Sumatera", "bujt": "PT. Hutama Karya (Persero)", "kodefikasi": "C 13", "no": 5, "shape_leng": 0, "keterangan": "GT SIMPANG PEMATANG", "creator": null, "created": null, "updater": null, "updated": null, "sync_state": 0, "last_sync": 1765414802000, "Nm_Ruas": null, "Status": null, "Propinsi": null, "Kab_Kot": null, "Panjang": null, "Segmen": null, "Satwil": null }, "geometry": { "type": "Point", "coordinates": [ 105.147267167000052, -4.032102688999942 ] } },
{ "type": "Feature", "properties": { "orig_fid": 111, "id": 222, "objectid": 111, "kode_ruas": "ups12", "ruas": "Ujung Pandang Seksi 1 dan 2", "kode_gt": "ups12_cambaya", "nama": "GT CAMBAYA", "seksi": 0, "sta": "1+700", "foto": "http://gis.bpjt.pu.go.id/data/foto/gt/gtcambaya.j*", "layer": "Gerbang Tol", "koord_x": "119.426922196376", "koord_y": "-5.11321691618209", "jml_gardu": "5", "jmlgrdrvs": "-", "jml_lajur": "4", "panjang_m": "82,50", "luas_m": " ", "status": "Operasi", "sub_status": "Operasi Penuh", "region": "Non Trans", "bujt": "PT. Makassar Metro Network", "kodefikasi": "D 26", "no": 1, "shape_leng": 0, "keterangan": "GT CAMBAYA", "creator": null, "created": null, "updater": null, "updated": null, "sync_state": 0, "last_sync": 1765414802000, "Nm_Ruas": null, "Status": null, "Propinsi": null, "Kab_Kot": null, "Panjang": null, "Segmen": null, "Satwil": null }, "geometry": { "type": "Point", "coordinates": [ 119.426922196000078, -5.113216915999942 ] } },
{ "type": "Feature", "properties": { "orig_fid": 112, "id": 223, "objectid": 112, "kode_ruas": "ups12", "ruas": "Ujung Pandang Seksi 1 dan 2", "kode_gt": "ups12_kaluku_bodoa", "nama": "GT KALUKU BODOA", "seksi": 0, "sta": "3+800", "foto": "http://gis.bpjt.pu.go.id/data/foto/gt/gtkalukubod*", "layer": "Gerbang Tol", "koord_x": "119.441776146184", "koord_y": "-5.11745020105654", "jml_gardu": "5", "jmlgrdrvs": "-", "jml_lajur": "4", "panjang_m": "82,64", "luas_m": " ", "status": "Operasi", "sub_status": "Operasi Penuh", "region": "Non Trans", "bujt": "PT. Makassar Metro Network", "kodefikasi": "D 26", "no": 2, "shape_leng": 0, "keterangan": "GT KALUKU BODOA", "creator": null, "created": null, "updater": null, "updated": null, "sync_state": 0, "last_sync": 1765414802000, "Nm_Ruas": null, "Status": null, "Propinsi": null, "Kab_Kot": null, "Panjang": null, "Segmen": null, "Satwil": null }, "geometry": { "type": "Point", "coordinates": [ 119.441776146000052, -5.11745020099994 ] } },
{ "type": "Feature", "properties": { "orig_fid": 113, "id": 30, "objectid": 113, "kode_ruas": "sbygsk", "ruas": "Surabaya - Gresik", "kode_gt": "sbygsk_tandes_barat2", "nama": "GT TANDES BARAT", "seksi": 0, "sta": "4+000", "foto": "http://gis.bpjt.pu.go.id/data/foto/gt/gttandesbar*", "layer": "Gerbang Tol", "koord_x": "112.678085120494", "koord_y": "-7.23868740927671", "jml_gardu": "17", "jmlgrdrvs": "1", "jml_lajur": "17", "panjang_m": "75,40", "luas_m": " ", "status": "Operasi", "sub_status": "Operasi Penuh", "region": "Non Trans", "bujt": "PT. Margabumi Matraraya", "kodefikasi": "D 18", "no": 4, "shape_leng": 0, "keterangan": "GT TANDES BARAT 2", "creator": null, "created": null, "updater": null, "updated": null, "sync_state": 0, "last_sync": 1765414802000, "Nm_Ruas": null, "Status": null, "Propinsi": null, "Kab_Kot": null, "Panjang": null, "Segmen": null, "Satwil": null }, "geometry": { "type": "Point", "coordinates": [ 112.678085120000105, -7.238687408999965 ] } },
{ "type": "Feature", "properties": { "orig_fid": 114, "id": 33, "objectid": 114, "kode_ruas": "sbygsk", "ruas": "Surabaya - Gresik", "kode_gt": "sbygsk_tandes_timur2", "nama": "GT TANDES TIMUR 2", "seksi": 0, "sta": "3+200", "foto": "http://gis.bpjt.pu.go.id/data/foto/gt/gttandestim*", "layer": "Gerbang Tol", "koord_x": "112.684370570052", "koord_y": "-7.24045875675926", "jml_gardu": "6", "jmlgrdrvs": "-", "jml_lajur": "6", "panjang_m": "32,16", "luas_m": " ", "status": "Operasi", "sub_status": "Operasi Penuh", "region": "Non Trans", "bujt": "PT. Margabumi Matraraya", "kodefikasi": "D 18", "no": 2, "shape_leng": 0, "keterangan": "GT TANDES TIMUR 2", "creator": null, "created": null, "updater": null, "updated": null, "sync_state": 0, "last_sync": 1765414802000, "Nm_Ruas": null, "Status": null, "Propinsi": null, "Kab_Kot": null, "Panjang": null, "Segmen": null, "Satwil": null }, "geometry": { "type": "Point", "coordinates": [ 112.684370570000056, -7.240458756999942 ] } },
{ "type": "Feature", "properties": { "orig_fid": 115, "id": 31, "objectid": 115, "kode_ruas": "sbygsk", "ruas": "Surabaya - Gresik", "kode_gt": "sbygsk_tandes_timur1", "nama": "GT TANDES TIMUR 1", "seksi": 0, "sta": "3+200", "foto": "http://gis.bpjt.pu.go.id/data/foto/gt/gttandestim*", "layer": "Gerbang Tol", "koord_x": "112.684409919833", "koord_y": "-7.24104575630018", "jml_gardu": "3", "jmlgrdrvs": "-", "jml_lajur": "3", "panjang_m": "23,87", "luas_m": " ", "status": "Operasi", "sub_status": "Operasi Penuh", "region": "Non Trans", "bujt": "PT. Margabumi Matraraya", "kodefikasi": "D 18", "no": 1, "shape_leng": 0, "keterangan": "GT TANDES TIMUR 1", "creator": null, "created": null, "updater": null, "updated": null, "sync_state": 0, "last_sync": 1765414802000, "Nm_Ruas": null, "Status": null, "Propinsi": null, "Kab_Kot": null, "Panjang": null, "Segmen": null, "Satwil": null }, "geometry": { "type": "Point", "coordinates": [ 112.68440992, -7.241045755999949 ] } },
{ "type": "Feature", "properties": { "orig_fid": 116, "id": 23, "objectid": 116, "kode_ruas": "sbygsk", "ruas": "Surabaya - Gresik", "kode_gt": "sbygsk_romo_kalisari", "nama": "GT ROMOKALISARI", "seksi": 0, "sta": "9+800", "foto": "http://gis.bpjt.pu.go.id/data/foto/gt/gtromokalis*", "layer": "Gerbang Tol", "koord_x": "112.645960349067", "koord_y": "-7.20195978184728", "jml_gardu": "11", "jmlgrdrvs": "1", "jml_lajur": "11", "panjang_m": "39,75", "luas_m": " ", "status": "Operasi", "sub_status": "Operasi Penuh", "region": "Non Trans", "bujt": "PT. Margabumi Matraraya", "kodefikasi": "D 18", "no": 5, "shape_leng": 0, "keterangan": "GT ROMOKALISARI", "creator": null, "created": null, "updater": null, "updated": null, "sync_state": 0, "last_sync": 1765414802000, "Nm_Ruas": null, "Status": null, "Propinsi": null, "Kab_Kot": null, "Panjang": null, "Segmen": null, "Satwil": null }, "geometry": { "type": "Point", "coordinates": [ 112.645960349, -7.20195978199996 ] } },
{ "type": "Feature", "properties": { "orig_fid": 117, "id": 19, "objectid": 117, "kode_ruas": "sbygsk", "ruas": "Surabaya - Gresik", "kode_gt": "sbygsk_kebomas", "nama": "GT KEBOMAS", "seksi": 0, "sta": "16+200", "foto": "http://gis.bpjt.pu.go.id/data/foto/gt/gtkebomas.j*", "layer": "Gerbang Tol", "koord_x": "112.596974385166", "koord_y": "-7.16224953868825", "jml_gardu": "10", "jmlgrdrvs": "1", "jml_lajur": "10", "panjang_m": "40,67", "luas_m": " ", "status": "Operasi", "sub_status": "Operasi Penuh", "region": "Non Trans", "bujt": "PT. Margabumi Matraraya", "kodefikasi": "D 18", "no": 6, "shape_leng": 0, "keterangan": "GT KEBOMAS", "creator": null, "created": null, "updater": null, "updated": null, "sync_state": 0, "last_sync": 1765414802000, "Nm_Ruas": null, "Status": null, "Propinsi": null, "Kab_Kot": null, "Panjang": null, "Segmen": null, "Satwil": null }, "geometry": { "type": "Point", "coordinates": [ 112.596974385000067, -7.162249538999959 ] } },
{ "type": "Feature", "properties": { "orig_fid": 118, "id": 21, "objectid": 118, "kode_ruas": "sbygsk", "ruas": "Surabaya - Gresik", "kode_gt": "sbygsk_manyar", "nama": "GT MANYAR", "seksi": 0, "sta": "20+100", "foto": "http://gis.bpjt.pu.go.id/data/foto/gt/gtmanyar.jpg", "layer": "Gerbang Tol", "koord_x": "112.60391731286", "koord_y": "-7.12799009426098", "jml_gardu": "9", "jmlgrdrvs": "1", "jml_lajur": "9", "panjang_m": "32,16", "luas_m": " ", "status": "Operasi", "sub_status": "Operasi Penuh", "region": "Non Trans", "bujt": "PT. Margabumi Matraraya", "kodefikasi": "D 18", "no": 7, "shape_leng": 0, "keterangan": "GT MANYAR", "creator": null, "created": null, "updater": null, "updated": null, "sync_state": 0, "last_sync": 1765414802000, "Nm_Ruas": null, "Status": null, "Propinsi": null, "Kab_Kot": null, "Panjang": null, "Segmen": null, "Satwil": null }, "geometry": { "type": "Point", "coordinates": [ 112.603917313000011, -7.127990093999927 ] } },
{ "type": "Feature", "properties": { "orig_fid": 119, "id": 0, "objectid": 119, "kode_ruas": "sbygsk", "ruas": "Surabaya - Gresik", "kode_gt": "sbygsk_satelit_tandes_timur1", "nama": "GT SATELIT TANDES TIMUR 1", "seksi": 0, "sta": "3+200", "foto": " ", "layer": "Gerbang Tol", "koord_x": "112.684982832442", "koord_y": "-7.24132437912719", "jml_gardu": "3", "jmlgrdrvs": "-", "jml_lajur": "3", "panjang_m": "16,32", "luas_m": " ", "status": "Operasi", "sub_status": "Operasi Penuh", "region": "Non Trans", "bujt": "PT. Margabumi Matraraya", "kodefikasi": "D 18", "no": 3, "shape_leng": 0, "keterangan": " ", "creator": null, "created": null, "updater": null, "updated": null, "sync_state": 0, "last_sync": 1765414802000, "Nm_Ruas": null, "Status": null, "Propinsi": null, "Kab_Kot": null, "Panjang": null, "Segmen": null, "Satwil": null }, "geometry": { "type": "Point", "coordinates": [ 112.68498283200006, -7.241324378999934 ] } },
{ "type": "Feature", "properties": { "orig_fid": 120, "id": 0, "objectid": 120, "kode_ruas": " ", "ruas": "Lubuk Linggau - Curup - Bengkulu", "kode_gt": " ", "nama": "GT BETUNGAN", "seksi": 0, "sta": "1+025", "foto": " ", "layer": "Gerbang Tol", "koord_x": "102.366830805005", "koord_y": "-3.8563690237433", "jml_gardu": "0", "jmlgrdrvs": " ", "jml_lajur": " ", "panjang_m": "42", "luas_m": " ", "status": "Konstruksi", "sub_status": "Pekerjaan Fisik", "region": "Trans Sumatera", "bujt": "PT Hutama Karya (Persero)", "kodefikasi": "C 10", "no": 1, "shape_leng": 0, "keterangan": " ", "creator": null, "created": null, "updater": null, "updated": null, "sync_state": 0, "last_sync": 1765414802000, "Nm_Ruas": null, "Status": null, "Propinsi": null, "Kab_Kot": null, "Panjang": null, "Segmen": null, "Satwil": null }, "geometry": { "type": "Point", "coordinates": [ 102.366830805000063, -3.856369023999946 ] } },
{ "type": "Feature", "properties": { "orig_fid": 121, "id": 0, "objectid": 121, "kode_ruas": " ", "ruas": "Lubuk Linggau - Curup - Bengkulu", "kode_gt": " ", "nama": "GT TABA PENANJUNG", "seksi": 0, "sta": "0+800", "foto": " ", "layer": "Gerbang Tol", "koord_x": "102.446827567055", "koord_y": "-3.74141032235077", "jml_gardu": "0", "jmlgrdrvs": " ", "jml_lajur": " ", "panjang_m": "53", "luas_m": " ", "status": "Konstruksi", "sub_status": "Pekerjaan Fisik", "region": "Trans Sumatera", "bujt": "PT Hutama Karya (Persero)", "kodefikasi": "C 10", "no": 2, "shape_leng": 0, "keterangan": " ", "creator": null, "created": null, "updater": null, "updated": null, "sync_state": 0, "last_sync": 1765414802000, "Nm_Ruas": null, "Status": null, "Propinsi": null, "Kab_Kot": null, "Panjang": null, "Segmen": null, "Satwil": null }, "geometry": { "type": "Point", "coordinates": [ 102.446827567000071, -3.741410321999979 ] } },
{ "type": "Feature", "properties": { "orig_fid": 122, "id": 338, "objectid": 122, "kode_ruas": "gempas", "ruas": "Gempol - Pasuruan", "kode_gt": "gempas_bangil", "nama": "GT BANGIL", "seksi": 0, "sta": "782+242", "foto": "http://gis.bpjt.pu.go.id/data/foto/gt/gtbangil.jpg", "layer": "Gerbang Tol", "koord_x": "112.762081290985", "koord_y": "-7.61465194712869", "jml_gardu": "6", "jmlgrdrvs": "1", "jml_lajur": "5", "panjang_m": " ", "luas_m": " ", "status": "Operasi", "sub_status": "Operasi Penuh", "region": "Trans Jawa", "bujt": "PT. Jasamarga Gempol Pasuruan", "kodefikasi": "A16", "no": 1, "shape_leng": 0, "keterangan": "GT BANGIL", "creator": null, "created": null, "updater": null, "updated": null, "sync_state": 0, "last_sync": 1765414802000, "Nm_Ruas": null, "Status": null, "Propinsi": null, "Kab_Kot": null, "Panjang": null, "Segmen": null, "Satwil": null }, "geometry": { "type": "Point", "coordinates": [ 112.762081291000072, -7.61465194699997 ] } },
{ "type": "Feature", "properties": { "orig_fid": 123, "id": 339, "objectid": 123, "kode_ruas": "gempas", "ruas": "Gempol - Pasuruan", "kode_gt": "gempas_rembang", "nama": "GT REMBANG", "seksi": 0, "sta": "787+365", "foto": "http://gis.bpjt.pu.go.id/data/foto/gt/gtrembang.j*", "layer": "Gerbang Tol", "koord_x": "112.827059702395", "koord_y": "-7.63866461784324", "jml_gardu": "6", "jmlgrdrvs": "1", "jml_lajur": "5", "panjang_m": " ", "luas_m": " ", "status": "Operasi", "sub_status": "Operasi Penuh", "region": "Trans Jawa", "bujt": "PT. Jasamarga Gempol Pasuruan", "kodefikasi": "A16", "no": 2, "shape_leng": 0, "keterangan": "GT REMBANG", "creator": null, "created": null, "updater": null, "updated": null, "sync_state": 0, "last_sync": 1765414802000, "Nm_Ruas": null, "Status": null, "Propinsi": null, "Kab_Kot": null, "Panjang": null, "Segmen": null, "Satwil": null }, "geometry": { "type": "Point", "coordinates": [ 112.827059702000042, -7.63866461799995 ] } },
{ "type": "Feature", "properties": { "orig_fid": 124, "id": 380, "objectid": 124, "kode_ruas": "gempas", "ruas": "Gempol - Pasuruan", "kode_gt": "gempas_pasuruan", "nama": "GT PASURUAN", "seksi": 0, "sta": "797+816", "foto": "http://gis.bpjt.pu.go.id/data/foto/gt/gtpasuruan.*", "layer": "Gerbang Tol", "koord_x": "112.885271860648", "koord_y": "-7.66328569656205", "jml_gardu": "8", "jmlgrdrvs": "2", "jml_lajur": "7", "panjang_m": " ", "luas_m": " ", "status": "Operasi", "sub_status": "Operasi Penuh", "region": "Trans Jawa", "bujt": "PT. Jasamarga Gempol Pasuruan", "kodefikasi": "A16", "no": 3, "shape_leng": 0, "keterangan": "GT PASURUAN", "creator": null, "created": null, "updater": null, "updated": null, "sync_state": 0, "last_sync": 1765414802000, "Nm_Ruas": null, "Status": null, "Propinsi": null, "Kab_Kot": null, "Panjang": null, "Segmen": null, "Satwil": null }, "geometry": { "type": "Point", "coordinates": [ 112.885271861000092, -7.663285696999935 ] } },
{ "type": "Feature", "properties": { "orig_fid": 125, "id": 379, "objectid": 125, "kode_ruas": "gempas", "ruas": "Gempol - Pasuruan", "kode_gt": "gempas_grati", "nama": "GT GRATI", "seksi": 0, "sta": "809+200", "foto": "http://gis.bpjt.pu.go.id/data/foto/gt/gtgrati.jpeg", "layer": "Gerbang Tol", "koord_x": "112.99602132576", "koord_y": "-7.71204965384669", "jml_gardu": "8", "jmlgrdrvs": "3", "jml_lajur": "7", "panjang_m": " ", "luas_m": " ", "status": "Operasi", "sub_status": "Operasi Penuh", "region": "Trans Jawa", "bujt": "PT. Jasamarga Gempol Pasuruan", "kodefikasi": "A16", "no": 4, "shape_leng": 0, "keterangan": "GT GRATI", "creator": null, "created": null, "updater": null, "updated": null, "sync_state": 0, "last_sync": 1765414802000, "Nm_Ruas": null, "Status": null, "Propinsi": null, "Kab_Kot": null, "Panjang": null, "Segmen": null, "Satwil": null }, "geometry": { "type": "Point", "coordinates": [ 112.996021326, -7.712049653999941 ] } },
{ "type": "Feature", "properties": { "orig_fid": 126, "id": 343, "objectid": 126, "kode_ruas": "sbymjk", "ruas": "Surabaya - Mojokerto", "kode_gt": "sbymjk_krian", "nama": "GT KRIAN", "seksi": 0, "sta": "0+400", "foto": "http://gis.bpjt.pu.go.id/data/foto/gt/gtkrian.jpg", "layer": "Gerbang Tol", "koord_x": "112.575106997296", "koord_y": "-7.36689089384164", "jml_gardu": "0", "jmlgrdrvs": " ", "jml_lajur": "0", "panjang_m": " ", "luas_m": "709", "status": "Operasi", "sub_status": "Operasi Penuh", "region": "Trasns Jawa", "bujt": "PT. Jasamarga Surabaya Mojokerto", "kodefikasi": "A14", "no": 2, "shape_leng": 0, "keterangan": "GT KRIAN", "creator": null, "created": null, "updater": null, "updated": null, "sync_state": 0, "last_sync": 1765414802000, "Nm_Ruas": null, "Status": null, "Propinsi": null, "Kab_Kot": null, "Panjang": null, "Segmen": null, "Satwil": null }, "geometry": { "type": "Point", "coordinates": [ 112.575106997000034, -7.366890893999937 ] } },
{ "type": "Feature", "properties": { "orig_fid": 127, "id": 303, "objectid": 127, "kode_ruas": "sbymjk", "ruas": "Surabaya - Mojokerto", "kode_gt": "sbymjk_driyorejo4", "nama": "GT DRIYOREJO 4 RAMP 302", "seksi": 0, "sta": "0+400", "foto": "http://gis.bpjt.pu.go.id/data/foto/gt/gtdriyorejo*", "layer": "Gerbang Tol", "koord_x": "112.625282913273", "koord_y": "-7.35546241563431", "jml_gardu": "0", "jmlgrdrvs": " ", "jml_lajur": "0", "panjang_m": " ", "luas_m": "403", "status": "Operasi", "sub_status": "Operasi Penuh", "region": "Trasns Jawa", "bujt": "PT. Jasamarga Surabaya Mojokerto", "kodefikasi": "A14", "no": 6, "shape_leng": 0, "keterangan": "GT DRIYOREJO 4", "creator": null, "created": null, "updater": null, "updated": null, "sync_state": 0, "last_sync": 1765414802000, "Nm_Ruas": null, "Status": null, "Propinsi": null, "Kab_Kot": null, "Panjang": null, "Segmen": null, "Satwil": null }, "geometry": { "type": "Point", "coordinates": [ 112.625282913000092, -7.355462415999966 ] } },
{ "type": "Feature", "properties": { "orig_fid": 128, "id": 302, "objectid": 128, "kode_ruas": "sbymjk", "ruas": "Surabaya - Mojokerto", "kode_gt": "sbymjk_driyorejo3", "nama": "GT DRIYOREJO 3 RAMP 302", "seksi": 0, "sta": "0+459", "foto": "http://gis.bpjt.pu.go.id/data/foto/gt/gtdriyorejo*", "layer": "Gerbang Tol", "koord_x": "112.625367738414", "koord_y": "-7.3548567152275", "jml_gardu": "0", "jmlgrdrvs": " ", "jml_lajur": "0", "panjang_m": " ", "luas_m": "377", "status": "Operasi", "sub_status": "Operasi Penuh", "region": "Trasns Jawa", "bujt": "PT. Jasamarga Surabaya Mojokerto", "kodefikasi": "A14", "no": 5, "shape_leng": 0, "keterangan": "GT DRIYOREJO 3", "creator": null, "created": null, "updater": null, "updated": null, "sync_state": 0, "last_sync": 1765414802000, "Nm_Ruas": null, "Status": null, "Propinsi": null, "Kab_Kot": null, "Panjang": null, "Segmen": null, "Satwil": null }, "geometry": { "type": "Point", "coordinates": [ 112.625367738000023, -7.354856714999926 ] } },
{ "type": "Feature", "properties": { "orig_fid": 129, "id": 300, "objectid": 129, "kode_ruas": "sbymjk", "ruas": "Surabaya - Mojokerto", "kode_gt": "sbymjk_driyorejo2", "nama": "GT DRIYOREJO 2 RAMP 305", "seksi": 0, "sta": "0+453", "foto": "http://gis.bpjt.pu.go.id/data/foto/gt/gtdriyorejo*", "layer": "Gerbang Tol", "koord_x": "112.634651911216", "koord_y": "-7.35384224587605", "jml_gardu": "0", "jmlgrdrvs": " ", "jml_lajur": "0", "panjang_m": " ", "luas_m": "613", "status": "Operasi", "sub_status": "Operasi Penuh", "region": "Trasns Jawa", "bujt": "PT. Jasamarga Surabaya Mojokerto", "kodefikasi": "A14", "no": 4, "shape_leng": 0, "keterangan": "GT DRIYOREJO 2", "creator": null, "created": null, "updater": null, "updated": null, "sync_state": 0, "last_sync": 1765414802000, "Nm_Ruas": null, "Status": null, "Propinsi": null, "Kab_Kot": null, "Panjang": null, "Segmen": null, "Satwil": null }, "geometry": { "type": "Point", "coordinates": [ 112.634651911000105, -7.353842245999942 ] } },
{ "type": "Feature", "properties": { "orig_fid": 130, "id": 301, "objectid": 130, "kode_ruas": "sbymjk", "ruas": "Surabaya - Mojokerto", "kode_gt": "sbymjk_driyorejo1", "nama": "GT DRIYOREJO 1 RAMP 304", "seksi": 0, "sta": "0+874", "foto": "http://gis.bpjt.pu.go.id/data/foto/gt/gtdriyorejo*", "layer": "Gerbang Tol", "koord_x": "112.634330266356", "koord_y": "-7.35332226385987", "jml_gardu": "0", "jmlgrdrvs": " ", "jml_lajur": "0", "panjang_m": " ", "luas_m": "459", "status": "Operasi", "sub_status": "Operasi Penuh", "region": "Trasns Jawa", "bujt": "PT. Jasamarga Surabaya Mojokerto", "kodefikasi": "A14", "no": 3, "shape_leng": 0, "keterangan": "GT DRIYOREJO 1", "creator": null, "created": null, "updater": null, "updated": null, "sync_state": 0, "last_sync": 1765414802000, "Nm_Ruas": null, "Status": null, "Propinsi": null, "Kab_Kot": null, "Panjang": null, "Segmen": null, "Satwil": null }, "geometry": { "type": "Point", "coordinates": [ 112.634330266, -7.353322263999928 ] } },
{ "type": "Feature", "properties": { "orig_fid": 131, "id": 374, "objectid": 131, "kode_ruas": "sbymjk", "ruas": "Surabaya - Mojokerto", "kode_gt": "sbymjk_wrr", "nama": "GT WARUGUNUNG", "seksi": 0, "sta": "741+010", "foto": "http://gis.bpjt.pu.go.id/data/foto/gt/gtwarugunun*", "layer": "Gerbang Tol", "koord_x": "112.679381998085", "koord_y": "-7.33973379171226", "jml_gardu": "0", "jmlgrdrvs": " ", "jml_lajur": "0", "panjang_m": " ", "luas_m": "1.156", "status": "Operasi", "sub_status": "Operasi Penuh", "region": "Trasns Jawa", "bujt": "PT. Jasamarga Surabaya Mojokerto", "kodefikasi": "A14", "no": 7, "shape_leng": 0, "keterangan": "GT WARUGUNUNG", "creator": null, "created": null, "updater": null, "updated": null, "sync_state": 0, "last_sync": 1765414802000, "Nm_Ruas": null, "Status": null, "Propinsi": null, "Kab_Kot": null, "Panjang": null, "Segmen": null, "Satwil": null }, "geometry": { "type": "Point", "coordinates": [ 112.679381998000053, -7.339733791999947 ] } },
{ "type": "Feature", "properties": { "orig_fid": 132, "id": 344, "objectid": 132, "kode_ruas": "kermo", "ruas": "Surabaya - Mojokerto", "kode_gt": "kermo_penopo", "nama": "GT PENOMPO", "seksi": 0, "sta": "1+614", "foto": "http://gis.bpjt.pu.go.id/data/foto/gt/gtpenopo.jpg", "layer": "Gerbang Tol", "koord_x": "112.451526407459", "koord_y": "-7.4307457441671", "jml_gardu": " ", "jmlgrdrvs": " ", "jml_lajur": " ", "panjang_m": " ", "luas_m": "1.256", "status": "Operasi", "sub_status": "Operasi Penuh", "region": "Trasns Jawa", "bujt": "PT. Jasamarga Surabaya Mojokerto", "kodefikasi": "A14", "no": 1, "shape_leng": 0, "keterangan": "GT PENOPO", "creator": null, "created": null, "updater": null, "updated": null, "sync_state": 0, "last_sync": 1765414802000, "Nm_Ruas": null, "Status": null, "Propinsi": null, "Kab_Kot": null, "Panjang": null, "Segmen": null, "Satwil": null }, "geometry": { "type": "Point", "coordinates": [ 112.451526407000074, -7.430745743999978 ] } },
{ "type": "Feature", "properties": { "orig_fid": 133, "id": 223, "objectid": 133, "kode_ruas": "sbygpl", "ruas": "Surabaya - Mojokerto", "kode_gt": "sbygpl_waru5", "nama": "GT WARU 5", "seksi": 0, "sta": " ", "foto": "http://gis.bpjt.pu.go.id/data/foto/gt/gtwaru5.jpg", "layer": "Gerbang Tol", "koord_x": "112.709454165054", "koord_y": "-7.34545977687639", "jml_gardu": " ", "jmlgrdrvs": " ", "jml_lajur": " ", "panjang_m": " ", "luas_m": "560", "status": "Operasi", "sub_status": "Operasi Penuh", "region": "Trasns Jawa", "bujt": "PT. Jasamarga Surabaya Mojokerto", "kodefikasi": "A14", "no": 9, "shape_leng": 0, "keterangan": "GT WARU 5", "creator": null, "created": null, "updater": null, "updated": null, "sync_state": 0, "last_sync": 1765414802000, "Nm_Ruas": null, "Status": null, "Propinsi": null, "Kab_Kot": null, "Panjang": null, "Segmen": null, "Satwil": null }, "geometry": { "type": "Point", "coordinates": [ 112.709454165000011, -7.345459776999974 ] } },
{ "type": "Feature", "properties": { "orig_fid": 134, "id": 375, "objectid": 134, "kode_ruas": "sbygpl", "ruas": "Surabaya - Mojokerto", "kode_gt": "sbygpl_waru4", "nama": "GT WARU 4B", "seksi": 0, "sta": " ", "foto": "http://gis.bpjt.pu.go.id/data/foto/gt/gtwaru4.jpg", "layer": "Gerbang Tol", "koord_x": "112.711791384608", "koord_y": "-7.34167852055056", "jml_gardu": " ", "jmlgrdrvs": " ", "jml_lajur": " ", "panjang_m": " ", "luas_m": "691", "status": "Operasi", "sub_status": "Operasi Penuh", "region": "Trasns Jawa", "bujt": "PT. Jasamarga Surabaya Mojokerto", "kodefikasi": "A14", "no": 8, "shape_leng": 0, "keterangan": "GT WARU 4", "creator": null, "created": null, "updater": null, "updated": null, "sync_state": 0, "last_sync": 1765414802000, "Nm_Ruas": null, "Status": null, "Propinsi": null, "Kab_Kot": null, "Panjang": null, "Segmen": null, "Satwil": null }, "geometry": { "type": "Point", "coordinates": [ 112.711791385000083, -7.341678520999949 ] } },
{ "type": "Feature", "properties": { "orig_fid": 135, "id": 224, "objectid": 135, "kode_ruas": "sbygpl", "ruas": "Surabaya - Mojokerto", "kode_gt": "sbygpl_waru6", "nama": "GT WARU 6", "seksi": 0, "sta": " ", "foto": "http://gis.bpjt.pu.go.id/data/foto/gt/gtwaru6.jpg", "layer": "Gerbang Tol", "koord_x": "112.712560744692", "koord_y": "-7.34151528250672", "jml_gardu": " ", "jmlgrdrvs": " ", "jml_lajur": " ", "panjang_m": " ", "luas_m": "538", "status": "Operasi", "sub_status": "Operasi Penuh", "region": "Trasns Jawa", "bujt": "PT. Jasamarga Surabaya Mojokerto", "kodefikasi": "A14", "no": 10, "shape_leng": 0, "keterangan": "GT WARU 6", "creator": null, "created": null, "updater": null, "updated": null, "sync_state": 0, "last_sync": 1765414802000, "Nm_Ruas": null, "Status": null, "Propinsi": null, "Kab_Kot": null, "Panjang": null, "Segmen": null, "Satwil": null }, "geometry": { "type": "Point", "coordinates": [ 112.712560745000019, -7.341515282999978 ] } },
{ "type": "Feature", "properties": { "orig_fid": 136, "id": 217, "objectid": 136, "kode_ruas": "sbygpl", "ruas": "Surabaya - Gempol", "kode_gt": "sbygpl_gempol1", "nama": "GT GEMPOL 1", "seksi": 0, "sta": "773+000", "foto": "http://gis.bpjt.pu.go.id/data/foto/gt/gtgempol1.j*", "layer": "Gerbang Tol", "koord_x": "112.714106257072", "koord_y": "-7.55777179823082", "jml_gardu": "2", "jmlgrdrvs": "-", "jml_lajur": "2", "panjang_m": "33", "luas_m": "180", "status": "Operasi", "sub_status": "Operasi Penuh", "region": "Trans Jawa", "bujt": "PT. Jasamarga (Persero) Tbk", "kodefikasi": "A15", "no": 16, "shape_leng": 0, "keterangan": "GT GEMPOL 1", "creator": null, "created": null, "updater": null, "updated": null, "sync_state": 0, "last_sync": 1765414802000, "Nm_Ruas": null, "Status": null, "Propinsi": null, "Kab_Kot": null, "Panjang": null, "Segmen": null, "Satwil": null }, "geometry": { "type": "Point", "coordinates": [ 112.714106257000026, -7.557771797999976 ] } },
{ "type": "Feature", "properties": { "orig_fid": 137, "id": 341, "objectid": 137, "kode_ruas": "sbygpl", "ruas": "Surabaya - Gempol", "kode_gt": "sbygpl_gempol4", "nama": "GT GEMPOL 4", "seksi": 0, "sta": "773+000", "foto": "http://gis.bpjt.pu.go.id/data/foto/gt/gtgempol4.j*", "layer": "Gerbang Tol", "koord_x": "112.714407456772", "koord_y": "-7.55736930821386", "jml_gardu": "3", "jmlgrdrvs": "-", "jml_lajur": "3", "panjang_m": "33", "luas_m": "155", "status": "Operasi", "sub_status": "Operasi Penuh", "region": "Trans Jawa", "bujt": "PT. Jasamarga (Persero) Tbk", "kodefikasi": "A15", "no": 17, "shape_leng": 0, "keterangan": "GT GEMPOL 4", "creator": null, "created": null, "updater": null, "updated": null, "sync_state": 0, "last_sync": 1765414802000, "Nm_Ruas": null, "Status": null, "Propinsi": null, "Kab_Kot": null, "Panjang": null, "Segmen": null, "Satwil": null }, "geometry": { "type": "Point", "coordinates": [ 112.714407457000107, -7.557369307999977 ] } },
{ "type": "Feature", "properties": { "orig_fid": 138, "id": 284, "objectid": 138, "kode_ruas": "sbygpl", "ruas": "Surabaya - Gempol", "kode_gt": "sbygpl_kejapanan1", "nama": "GT KEJAPANAN UTAMA", "seksi": 0, "sta": "769+200", "foto": "http://gis.bpjt.pu.go.id/data/foto/gt/gtkejapan1.*", "layer": "Gerbang Tol", "koord_x": "112.690524302077", "koord_y": "-7.55196501844332", "jml_gardu": "25", "jmlgrdrvs": "5", "jml_lajur": "21", "panjang_m": "180", "luas_m": "1.125", "status": "Operasi", "sub_status": "Operasi Penuh", "region": "Trans Jawa", "bujt": "PT. Jasamarga (Persero) Tbk", "kodefikasi": "A15", "no": 15, "shape_leng": 0, "keterangan": "GT KEJAPANAN 1", "creator": null, "created": null, "updater": null, "updated": null, "sync_state": 0, "last_sync": 1765414802000, "Nm_Ruas": null, "Status": null, "Propinsi": null, "Kab_Kot": null, "Panjang": null, "Segmen": null, "Satwil": null }, "geometry": { "type": "Point", "coordinates": [ 112.690524302000085, -7.551965017999976 ] } },
{ "type": "Feature", "properties": { "orig_fid": 139, "id": 212, "objectid": 139, "kode_ruas": "sbygpl", "ruas": "Surabaya - Gempol", "kode_gt": "sbygpl_dupak1", "nama": "GT DUPAK 1", "seksi": 0, "sta": "3+200", "foto": "http://gis.bpjt.pu.go.id/data/foto/gt/gtdupak1.jpg", "layer": "Gerbang Tol", "koord_x": "112.712769910491", "koord_y": "-7.24128045917548", "jml_gardu": "8", "jmlgrdrvs": "-", "jml_lajur": "8", "panjang_m": "50", "luas_m": "644", "status": "Operasi", "sub_status": "Operasi Penuh", "region": "Trans Jawa", "bujt": "PT. Jasamarga (Persero) Tbk", "kodefikasi": "A15", "no": 1, "shape_leng": 0, "keterangan": "GT DUPAK 1", "creator": null, "created": null, "updater": null, "updated": null, "sync_state": 0, "last_sync": 1765414802000, "Nm_Ruas": null, "Status": null, "Propinsi": null, "Kab_Kot": null, "Panjang": null, "Segmen": null, "Satwil": null }, "geometry": { "type": "Point", "coordinates": [ 112.71276991000002, -7.241280458999938 ] } },
{ "type": "Feature", "properties": { "orig_fid": 140, "id": 213, "objectid": 140, "kode_ruas": "sbygpl", "ruas": "Surabaya - Gempol", "kode_gt": "sbygpl_dupak2", "nama": "GT DUPAK 2", "seksi": 0, "sta": "3+400", "foto": "http://gis.bpjt.pu.go.id/data/foto/gt/gtdupak2.jpg", "layer": "Gerbang Tol", "koord_x": "112.711942466128", "koord_y": "-7.2416052362201", "jml_gardu": "2", "jmlgrdrvs": "-", "jml_lajur": "2", "panjang_m": "50", "luas_m": "224", "status": "Operasi", "sub_status": "Operasi Penuh", "region": "Trans Jawa", "bujt": "PT. Jasamarga (Persero) Tbk", "kodefikasi": "A15", "no": 2, "shape_leng": 0, "keterangan": "GT DUPAK 2", "creator": null, "created": null, "updater": null, "updated": null, "sync_state": 0, "last_sync": 1765414802000, "Nm_Ruas": null, "Status": null, "Propinsi": null, "Kab_Kot": null, "Panjang": null, "Segmen": null, "Satwil": null }, "geometry": { "type": "Point", "coordinates": [ 112.711942466000096, -7.241605235999941 ] } },
{ "type": "Feature", "properties": { "orig_fid": 141, "id": 216, "objectid": 141, "kode_ruas": "sbygpl", "ruas": "Surabaya - Gempol", "kode_gt": "sbygpl_dupak5", "nama": "GT DUPAK 5", "seksi": 0, "sta": "3+500", "foto": "http://gis.bpjt.pu.go.id/data/foto/gt/gtdupak5.jpg", "layer": "Gerbang Tol", "koord_x": "112.71234895288", "koord_y": "-7.24293628946183", "jml_gardu": "3", "jmlgrdrvs": "-", "jml_lajur": "3", "panjang_m": "58", "luas_m": "294", "status": "Operasi", "sub_status": "Operasi Penuh", "region": "Trans Jawa", "bujt": "PT. Jasamarga (Persero) Tbk", "kodefikasi": "A15", "no": 5, "shape_leng": 0, "keterangan": "GT DUPAK 5", "creator": null, "created": null, "updater": null, "updated": null, "sync_state": 0, "last_sync": 1765414802000, "Nm_Ruas": null, "Status": null, "Propinsi": null, "Kab_Kot": null, "Panjang": null, "Segmen": null, "Satwil": null }, "geometry": { "type": "Point", "coordinates": [ 112.71234895300006, -7.242936288999942 ] } },
{ "type": "Feature", "properties": { "orig_fid": 142, "id": 215, "objectid": 142, "kode_ruas": "sbygpl", "ruas": "Surabaya - Gempol", "kode_gt": "sbygpl_dupak4", "nama": "GT DUPAK 4", "seksi": 0, "sta": "3+500", "foto": "http://gis.bpjt.pu.go.id/data/foto/gt/gtdupak4.jpg", "layer": "Gerbang Tol", "koord_x": "112.711686011543", "koord_y": "-7.24272755510887", "jml_gardu": "3", "jmlgrdrvs": "-", "jml_lajur": "3", "panjang_m": "45", "luas_m": "280", "status": "Operasi", "sub_status": "Operasi Penuh", "region": "Trans Jawa", "bujt": "PT. Jasamarga (Persero) Tbk", "kodefikasi": "A15", "no": 4, "shape_leng": 0, "keterangan": "GT DUPAK 4", "creator": null, "created": null, "updater": null, "updated": null, "sync_state": 0, "last_sync": 1765414802000, "Nm_Ruas": null, "Status": null, "Propinsi": null, "Kab_Kot": null, "Panjang": null, "Segmen": null, "Satwil": null }, "geometry": { "type": "Point", "coordinates": [ 112.711686012000087, -7.242727554999931 ] } },
{ "type": "Feature", "properties": { "orig_fid": 143, "id": 214, "objectid": 143, "kode_ruas": "sbygpl", "ruas": "Surabaya - Gempol", "kode_gt": "sbygpl_dupak3", "nama": "GT DUPAK 3", "seksi": 0, "sta": "4+000", "foto": "http://gis.bpjt.pu.go.id/data/foto/gt/gtdupak3.jpg", "layer": "Gerbang Tol", "koord_x": "112.709704106187", "koord_y": "-7.24662066712997", "jml_gardu": "9", "jmlgrdrvs": "-", "jml_lajur": "9", "panjang_m": "50", "luas_m": "658", "status": "Operasi", "sub_status": "Operasi Penuh", "region": "Trans Jawa", "bujt": "PT. Jasamarga (Persero) Tbk", "kodefikasi": "A15", "no": 3, "shape_leng": 0, "keterangan": "GT DUPAK 3", "creator": null, "created": null, "updater": null, "updated": null, "sync_state": 0, "last_sync": 1765414802000, "Nm_Ruas": null, "Status": null, "Propinsi": null, "Kab_Kot": null, "Panjang": null, "Segmen": null, "Satwil": null }, "geometry": { "type": "Point", "coordinates": [ 112.709704106000117, -7.246620666999945 ] } },
{ "type": "Feature", "properties": { "orig_fid": 144, "id": 211, "objectid": 144, "kode_ruas": "sbygpl", "ruas": "Surabaya - Gempol", "kode_gt": "sbygpl_banyuurip", "nama": "GT BANYU URIP", "seksi": 0, "sta": "5+600", "foto": "http://gis.bpjt.pu.go.id/data/foto/gt/gtbanyuurip*", "layer": "Gerbang Tol", "koord_x": "112.707526120918", "koord_y": "-7.26293219847542", "jml_gardu": "3", "jmlgrdrvs": "-", "jml_lajur": "3", "panjang_m": "50", "luas_m": "308", "status": "Operasi", "sub_status": "Operasi Penuh", "region": "Trans Jawa", "bujt": "PT. Jasamarga (Persero) Tbk", "kodefikasi": "A15", "no": 6, "shape_leng": 0, "keterangan": "GT BANYU URIP", "creator": null, "created": null, "updater": null, "updated": null, "sync_state": 0, "last_sync": 1765414802000, "Nm_Ruas": null, "Status": null, "Propinsi": null, "Kab_Kot": null, "Panjang": null, "Segmen": null, "Satwil": null }, "geometry": { "type": "Point", "coordinates": [ 112.707526121000114, -7.26293219799993 ] } },
{ "type": "Feature", "properties": { "orig_fid": 145, "id": 20, "objectid": 145, "kode_ruas": "sbygpl", "ruas": "Surabaya - Gempol", "kode_gt": "sbygpl_kota_satelit", "nama": "GT KOTA SATELIT", "seksi": 0, "sta": "9+200", "foto": "http://gis.bpjt.pu.go.id/data/foto/gt/gtkotasatel*", "layer": "Gerbang Tol", "koord_x": "112.702137584346", "koord_y": "-7.28997353453987", "jml_gardu": "6", "jmlgrdrvs": "-", "jml_lajur": "6", "panjang_m": "50", "luas_m": "490", "status": "Operasi", "sub_status": "Operasi Penuh", "region": "Trans Jawa", "bujt": "PT. Jasamarga (Persero) Tbk", "kodefikasi": "A15", "no": 7, "shape_leng": 0, "keterangan": "GT KOTA SATELIT", "creator": null, "created": null, "updater": null, "updated": null, "sync_state": 0, "last_sync": 1765414802000, "Nm_Ruas": null, "Status": null, "Propinsi": null, "Kab_Kot": null, "Panjang": null, "Segmen": null, "Satwil": null }, "geometry": { "type": "Point", "coordinates": [ 112.70213758400007, -7.289973534999945 ] } },
{ "type": "Feature", "properties": { "orig_fid": 146, "id": 218, "objectid": 146, "kode_ruas": "sbygpl", "ruas": "Surabaya - Gempol", "kode_gt": "sbygpl_gunung_sari2", "nama": "GT GUNUNG SARI 2", "seksi": 0, "sta": "12+000", "foto": "http://gis.bpjt.pu.go.id/data/foto/gt/gtgunungsar*", "layer": "Gerbang Tol", "koord_x": "112.707966046633", "koord_y": "-7.30980160642865", "jml_gardu": "3", "jmlgrdrvs": "-", "jml_lajur": "3", "panjang_m": "50", "luas_m": "308", "status": "Operasi", "sub_status": "Operasi Penuh", "region": "Trans Jawa", "bujt": "PT. Jasamarga (Persero) Tbk", "kodefikasi": "A15", "no": 9, "shape_leng": 0, "keterangan": "GT GUNUNG SARI 2", "creator": null, "created": null, "updater": null, "updated": null, "sync_state": 0, "last_sync": 1765414802000, "Nm_Ruas": null, "Status": null, "Propinsi": null, "Kab_Kot": null, "Panjang": null, "Segmen": null, "Satwil": null }, "geometry": { "type": "Point", "coordinates": [ 112.707966047000014, -7.309801605999951 ] } },
{ "type": "Feature", "properties": { "orig_fid": 147, "id": 217, "objectid": 147, "kode_ruas": "sbygpl", "ruas": "Surabaya - Gempol", "kode_gt": "sbygpl_gunung_sari1", "nama": "GT GUNUNG SARI 1", "seksi": 0, "sta": "12+000", "foto": "http://gis.bpjt.pu.go.id/data/foto/gt/gtgunungsar*", "layer": "Gerbang Tol", "koord_x": "112.708563910245", "koord_y": "-7.30766914379568", "jml_gardu": "2", "jmlgrdrvs": "-", "jml_lajur": "2", "panjang_m": "50", "luas_m": "224", "status": "Operasi", "sub_status": "Operasi Penuh", "region": "Trans Jawa", "bujt": "PT. Jasamarga (Persero) Tbk", "kodefikasi": "A15", "no": 8, "shape_leng": 0, "keterangan": "GT GUNUNG SARI 1", "creator": null, "created": null, "updater": null, "updated": null, "sync_state": 0, "last_sync": 1765414802000, "Nm_Ruas": null, "Status": null, "Propinsi": null, "Kab_Kot": null, "Panjang": null, "Segmen": null, "Satwil": null }, "geometry": { "type": "Point", "coordinates": [ 112.708563910000066, -7.307669143999931 ] } },
{ "type": "Feature", "properties": { "orig_fid": 148, "id": 34, "objectid": 148, "kode_ruas": "sbygpl", "ruas": "Surabaya - Gempol", "kode_gt": "sbygpl_waru1", "nama": "GT WARU 1", "seksi": 0, "sta": "16+500", "foto": "http://gis.bpjt.pu.go.id/data/foto/gt/gtwaru-.jpg", "layer": "Gerbang Tol", "koord_x": "112.713033916072", "koord_y": "-7.34572538936288", "jml_gardu": "10", "jmlgrdrvs": "-", "jml_lajur": "10", "panjang_m": "136", "luas_m": "574", "status": "Operasi", "sub_status": "Operasi Penuh", "region": "Trans Jawa", "bujt": "PT. Jasamarga (Persero) Tbk", "kodefikasi": "A15", "no": 10, "shape_leng": 0, "keterangan": "GT WARU 1", "creator": null, "created": null, "updater": null, "updated": null, "sync_state": 0, "last_sync": 1765414802000, "Nm_Ruas": null, "Status": null, "Propinsi": null, "Kab_Kot": null, "Panjang": null, "Segmen": null, "Satwil": null }, "geometry": { "type": "Point", "coordinates": [ 112.713033916000086, -7.345725388999938 ] } },
{ "type": "Feature", "properties": { "orig_fid": 149, "id": 225, "objectid": 149, "kode_ruas": "sbygpl", "ruas": "Surabaya - Gempol", "kode_gt": "sbygpl_waru_utama", "nama": "GT WARU UTAMA", "seksi": 0, "sta": "745+000", "foto": "http://gis.bpjt.pu.go.id/data/foto/gt/gtwaruutama*", "layer": "Gerbang Tol", "koord_x": "112.7104464594", "koord_y": "-7.34769612083079", "jml_gardu": "8", "jmlgrdrvs": "-", "jml_lajur": "11", "panjang_m": "53", "luas_m": "784", "status": "Operasi", "sub_status": "Operasi Penuh", "region": "Trans Jawa", "bujt": "PT. Jasamarga (Persero) Tbk", "kodefikasi": "A15", "no": 11, "shape_leng": 0, "keterangan": "GT WARU UTAMA", "creator": null, "created": null, "updater": null, "updated": null, "sync_state": 0, "last_sync": 1765414802000, "Nm_Ruas": null, "Status": null, "Propinsi": null, "Kab_Kot": null, "Panjang": null, "Segmen": null, "Satwil": null }, "geometry": { "type": "Point", "coordinates": [ 112.710446459000082, -7.347696120999956 ] } },
{ "type": "Feature", "properties": { "orig_fid": 150, "id": 220, "objectid": 150, "kode_ruas": "sbygpl", "ruas": "Surabaya - Gempol", "kode_gt": "sbygpl_sidoarjo2a", "nama": "GT SIDOARJO 2", "seksi": 0, "sta": "756+000", "foto": "http://gis.bpjt.pu.go.id/data/foto/gt/gtsiduarjo2*", "layer": "Gerbang Tol", "koord_x": "112.697380103003", "koord_y": "-7.44461259989393", "jml_gardu": "11", "jmlgrdrvs": "-", "jml_lajur": "11", "panjang_m": "150", "luas_m": "434", "status": "Operasi", "sub_status": "Operasi Penuh", "region": "Trans Jawa", "bujt": "PT. Jasamarga (Persero) Tbk", "kodefikasi": "A15", "no": 13, "shape_leng": 0, "keterangan": "GT SIDUARJO 2 a", "creator": null, "created": null, "updater": null, "updated": null, "sync_state": 0, "last_sync": 1765414802000, "Nm_Ruas": null, "Status": null, "Propinsi": null, "Kab_Kot": null, "Panjang": null, "Segmen": null, "Satwil": null }, "geometry": { "type": "Point", "coordinates": [ 112.697380103000114, -7.444612599999971 ] } },
{ "type": "Feature", "properties": { "orig_fid": 151, "id": 219, "objectid": 151, "kode_ruas": "sbygpl", "ruas": "Surabaya - Gempol", "kode_gt": "sbygpl_sidoarjo", "nama": "GT SIDOARJO 1", "seksi": 0, "sta": "756+000", "foto": "http://gis.bpjt.pu.go.id/data/foto/gt/gtsiduarjo.*", "layer": "Gerbang Tol", "koord_x": "112.699460323556", "koord_y": "-7.44617135398855", "jml_gardu": "14", "jmlgrdrvs": "1", "jml_lajur": "13", "panjang_m": "120", "luas_m": "702", "status": "Operasi", "sub_status": "Operasi Penuh", "region": "Trans Jawa", "bujt": "PT. Jasamarga (Persero) Tbk", "kodefikasi": "A15", "no": 12, "shape_leng": 0, "keterangan": "GT SIDUARJO", "creator": null, "created": null, "updater": null, "updated": null, "sync_state": 0, "last_sync": 1765414802000, "Nm_Ruas": null, "Status": null, "Propinsi": null, "Kab_Kot": null, "Panjang": null, "Segmen": null, "Satwil": null }, "geometry": { "type": "Point", "coordinates": [ 112.699460324000029, -7.446171353999944 ] } },
{ "type": "Feature", "properties": { "orig_fid": 152, "id": 443, "objectid": 152, "kode_ruas": "sbygpl", "ruas": "Surabaya - Gempol", "kode_gt": "sbygpl_porong", "nama": "GT PORONG", "seksi": 0, "sta": "763+547", "foto": "http://gis.bpjt.pu.go.id/data/foto/gt/gtporong.jpg", "layer": "Gerbang Tol", "koord_x": "112.699250741542", "koord_y": "-7.507369448876", "jml_gardu": "6", "jmlgrdrvs": "-", "jml_lajur": "6", "panjang_m": "150", "luas_m": "434", "status": "Operasi", "sub_status": "Operasi Penuh", "region": "Trans Jawa", "bujt": "PT. Jasamarga (Persero) Tbk", "kodefikasi": "A15", "no": 14, "shape_leng": 0, "keterangan": "GT PORONG", "creator": null, "created": null, "updater": null, "updated": null, "sync_state": 0, "last_sync": 1765414802000, "Nm_Ruas": null, "Status": null, "Propinsi": null, "Kab_Kot": null, "Panjang": null, "Segmen": null, "Satwil": null }, "geometry": { "type": "Point", "coordinates": [ 112.699250742000117, -7.507369448999953 ] } },
{ "type": "Feature", "properties": { "orig_fid": 155, "id": 2, "objectid": 155, "kode_ruas": "smgabc", "ruas": "Semarang Seksi A, B, C", "kode_gt": "smgabc_manyaran", "nama": "GT MANYARAN", "seksi": 0, "sta": "421+827", "foto": "http://gis.bpjt.pu.go.id/data/foto/gt/gtmanyaran.*", "layer": "Gerbang Tol", "koord_x": "110.377383022234", "koord_y": "-7.00555890780089", "jml_gardu": "2", "jmlgrdrvs": "-", "jml_lajur": "3", "panjang_m": " ", "luas_m": " ", "status": "Operasi", "sub_status": "Operasi Penuh", "region": "Trans Jawa", "bujt": "PT. Jasa Marga (Persero) Tbk.", "kodefikasi": "A09", "no": 3, "shape_leng": 0, "keterangan": "GT MANYARAN", "creator": null, "created": null, "updater": null, "updated": null, "sync_state": 0, "last_sync": 1765414802000, "Nm_Ruas": null, "Status": null, "Propinsi": null, "Kab_Kot": null, "Panjang": null, "Segmen": null, "Satwil": null }, "geometry": { "type": "Point", "coordinates": [ 110.37738302200006, -7.005558907999955 ] } },
{ "type": "Feature", "properties": { "orig_fid": 156, "id": 372, "objectid": 156, "kode_ruas": "smgabc", "ruas": "Semarang Seksi A, B, C", "kode_gt": "smgabc_jatingaleh2", "nama": "GT JATINGALEH 2", "seksi": 0, "sta": "427+011", "foto": "http://gis.bpjt.pu.go.id/data/foto/gt/gtjatingale*", "layer": "Gerbang Tol", "koord_x": "110.414937559773", "koord_y": "-7.03118963711757", "jml_gardu": "2", "jmlgrdrvs": "-", "jml_lajur": "2", "panjang_m": " ", "luas_m": " ", "status": "Operasi", "sub_status": "Operasi Penuh", "region": "Trans Jawa", "bujt": "PT. Jasa Marga (Persero) Tbk.", "kodefikasi": "A09", "no": 4, "shape_leng": 0, "keterangan": "GT JATINGALEH 2", "creator": null, "created": null, "updater": null, "updated": null, "sync_state": 0, "last_sync": 1765414802000, "Nm_Ruas": null, "Status": null, "Propinsi": null, "Kab_Kot": null, "Panjang": null, "Segmen": null, "Satwil": null }, "geometry": { "type": "Point", "coordinates": [ 110.414937560000055, -7.031189636999954 ] } },
{ "type": "Feature", "properties": { "orig_fid": 157, "id": 371, "objectid": 157, "kode_ruas": "smgabc", "ruas": "Semarang Seksi A, B, C", "kode_gt": "smgabc_jatingaleh1", "nama": "GT JATINGALEH 1", "seksi": 0, "sta": "427+696", "foto": "http://gis.bpjt.pu.go.id/data/foto/gt/gtjatingale*", "layer": "Gerbang Tol", "koord_x": "110.421142372634", "koord_y": "-7.03132761144362", "jml_gardu": "5", "jmlgrdrvs": " ", "jml_lajur": "3", "panjang_m": " ", "luas_m": " ", "status": "Operasi", "sub_status": "Operasi Penuh", "region": "Trans Jawa", "bujt": "PT. Jasa Marga (Persero) Tbk.", "kodefikasi": "A09", "no": 5, "shape_leng": 0, "keterangan": "GT JATINGALEH 1", "creator": null, "created": null, "updater": null, "updated": null, "sync_state": 0, "last_sync": 1765414802000, "Nm_Ruas": null, "Status": null, "Propinsi": null, "Kab_Kot": null, "Panjang": null, "Segmen": null, "Satwil": null }, "geometry": { "type": "Point", "coordinates": [ 110.421142373000066, -7.031327610999938 ] } },
{ "type": "Feature", "properties": { "orig_fid": 158, "id": 19, "objectid": 158, "kode_ruas": "smgabc", "ruas": "Semarang Seksi A, B, C", "kode_gt": "smgabc_tembalang", "nama": "GT TEMBALANG", "seksi": 0, "sta": "432+000", "foto": "http://gis.bpjt.pu.go.id/data/foto/gt/gttembalang*", "layer": "Gerbang Tol", "koord_x": "110.433481093254", "koord_y": "-7.04966264440676", "jml_gardu": "4", "jmlgrdrvs": "-", "jml_lajur": "4", "panjang_m": " ", "luas_m": " ", "status": "Operasi", "sub_status": "Operasi Penuh", "region": "Trans Jawa", "bujt": "PT. Jasa Marga (Persero) Tbk.", "kodefikasi": "A09", "no": 6, "shape_leng": 0, "keterangan": "GT TEMBALANG", "creator": null, "created": null, "updater": null, "updated": null, "sync_state": 0, "last_sync": 1765414802000, "Nm_Ruas": null, "Status": null, "Propinsi": null, "Kab_Kot": null, "Panjang": null, "Segmen": null, "Satwil": null }, "geometry": { "type": "Point", "coordinates": [ 110.433481093000069, -7.049662643999966 ] } },
{ "type": "Feature", "properties": { "orig_fid": 159, "id": 373, "objectid": 159, "kode_ruas": "smgabc", "ruas": "Semarang Seksi A, B, C", "kode_gt": "smgabc_srondol", "nama": "GT SRONDOL", "seksi": 0, "sta": "433+357", "foto": "http://gis.bpjt.pu.go.id/data/foto/gt/gtsrondol.j*", "layer": "Gerbang Tol", "koord_x": "110.423572209284", "koord_y": "-7.05639566077519", "jml_gardu": "4", "jmlgrdrvs": "-", "jml_lajur": "4", "panjang_m": " ", "luas_m": " ", "status": "Operasi", "sub_status": "Operasi Penuh", "region": "Trans Jawa", "bujt": "PT. Jasa Marga (Persero) Tbk.", "kodefikasi": "A09", "no": 7, "shape_leng": 0, "keterangan": "GT SRONDOL", "creator": null, "created": null, "updater": null, "updated": null, "sync_state": 0, "last_sync": 1765414802000, "Nm_Ruas": null, "Status": null, "Propinsi": null, "Kab_Kot": null, "Panjang": null, "Segmen": null, "Satwil": null }, "geometry": { "type": "Point", "coordinates": [ 110.423572209000042, -7.056395660999954 ] } },
{ "type": "Feature", "properties": { "orig_fid": 160, "id": 37, "objectid": 160, "kode_ruas": "smgabc", "ruas": "Semarang Seksi A, B, C", "kode_gt": "smgabc_gayamsari", "nama": "GT GAYAMSARI", "seksi": 0, "sta": "434+000", "foto": "http://gis.bpjt.pu.go.id/data/foto/gt/gtgayamsari*", "layer": "Gerbang Tol", "koord_x": "110.450945643295", "koord_y": "-6.99911117116726", "jml_gardu": "5", "jmlgrdrvs": "-", "jml_lajur": "4", "panjang_m": " ", "luas_m": " ", "status": "Operasi", "sub_status": "Operasi Penuh", "region": "Trans Jawa", "bujt": "PT. Jasa Marga (Persero) Tbk.", "kodefikasi": "A09", "no": 8, "shape_leng": 0, "keterangan": "GT GAYAMSARI", "creator": null, "created": null, "updater": null, "updated": null, "sync_state": 0, "last_sync": 1765414802000, "Nm_Ruas": null, "Status": null, "Propinsi": null, "Kab_Kot": null, "Panjang": null, "Segmen": null, "Satwil": null }, "geometry": { "type": "Point", "coordinates": [ 110.450945643000068, -6.999111170999981 ] } },
{ "type": "Feature", "properties": { "orig_fid": 161, "id": 41, "objectid": 161, "kode_ruas": "smgabc", "ruas": "Semarang Seksi A, B, C", "kode_gt": "smgabc_muktiharjo", "nama": "GT MUKTIHARJO", "seksi": 0, "sta": "437+000", "foto": "http://gis.bpjt.pu.go.id/data/foto/gt/gtmuktiharj*", "layer": "Gerbang Tol", "koord_x": "110.450032332722", "koord_y": "-6.97311046205976", "jml_gardu": "5", "jmlgrdrvs": "-", "jml_lajur": "5", "panjang_m": " ", "luas_m": " ", "status": "Operasi", "sub_status": "Operasi Penuh", "region": "Trans Jawa", "bujt": "PT. Jasa Marga (Persero) Tbk.", "kodefikasi": "A09", "no": 9, "shape_leng": 0, "keterangan": "GT MUKTIHARJO", "creator": null, "created": null, "updater": null, "updated": null, "sync_state": 0, "last_sync": 1765414802000, "Nm_Ruas": null, "Status": null, "Propinsi": null, "Kab_Kot": null, "Panjang": null, "Segmen": null, "Satwil": null }, "geometry": { "type": "Point", "coordinates": [ 110.450032333000081, -6.973110461999966 ] } },
{ "type": "Feature", "properties": { "orig_fid": 162, "id": 337, "objectid": 162, "kode_ruas": "pp", "ruas": "Pemalang - Batang", "kode_gt": "pp_pemalang", "nama": "GT PEMALANG", "seksi": 0, "sta": "312+600", "foto": "http://gis.bpjt.pu.go.id/data/foto/gt/gtpemalang.*", "layer": "Gerbang Tol", "koord_x": "109.433583814237", "koord_y": "-6.91442475329996", "jml_gardu": "4", "jmlgrdrvs": "1", "jml_lajur": "4", "panjang_m": "49,7", "luas_m": "1098", "status": "Operasi", "sub_status": "Operasi Penuh", "region": "Trans Jawa", "bujt": "PT. Pemalang Batang Tol Road", "kodefikasi": "A07", "no": 1, "shape_leng": 0, "keterangan": "GT PEMALANG", "creator": null, "created": null, "updater": null, "updated": null, "sync_state": 0, "last_sync": 1765414802000, "Nm_Ruas": null, "Status": null, "Propinsi": null, "Kab_Kot": null, "Panjang": null, "Segmen": null, "Satwil": null }, "geometry": { "type": "Point", "coordinates": [ 109.433583814000087, -6.914424752999935 ] } },
{ "type": "Feature", "properties": { "orig_fid": 163, "id": 400, "objectid": 163, "kode_ruas": "pmlbt", "ruas": "Pemalang - Batang", "kode_gt": "pmlbt_ss_batang", "nama": "GT BATANG", "seksi": 0, "sta": "342+600", "foto": "http://gis.bpjt.pu.go.id/data/foto/gt/notfound.jpg", "layer": "Gerbang Tol", "koord_x": "109.697993112482", "koord_y": "-6.94153309489778", "jml_gardu": "4", "jmlgrdrvs": "1", "jml_lajur": "4", "panjang_m": "49,7", "luas_m": "1098", "status": "Operasi", "sub_status": "Operasi Penuh", "region": "Trans Jawa", "bujt": "PT. Pemalang Batang Tol Road", "kodefikasi": "A07", "no": 3, "shape_leng": 0, "keterangan": "GT BATANG", "creator": null, "created": null, "updater": null, "updated": null, "sync_state": 0, "last_sync": 1765414802000, "Nm_Ruas": null, "Status": null, "Propinsi": null, "Kab_Kot": null, "Panjang": null, "Segmen": null, "Satwil": null }, "geometry": { "type": "Point", "coordinates": [ 109.697993112000063, -6.941533094999954 ] } },
{ "type": "Feature", "properties": { "orig_fid": 164, "id": 430, "objectid": 164, "kode_ruas": "pmlbt", "ruas": "Pemalang - Batang", "kode_gt": "pmlbt_pekalongan", "nama": "GT PEKALONGAN", "seksi": 0, "sta": "330+800", "foto": "http://gis.bpjt.pu.go.id/data/foto/gt/gtpekalonga*", "layer": "Gerbang Tol", "koord_x": "109.603195453645", "koord_y": "-6.94722638846103", "jml_gardu": "4", "jmlgrdrvs": "1", "jml_lajur": "4", "panjang_m": "49,7", "luas_m": "1098", "status": "Konstruksi", "sub_status": "Pengesahan", "region": "Trans Jawa", "bujt": "PT. Pemalang Batang Tol Road", "kodefikasi": "A07", "no": 2, "shape_leng": 0, "keterangan": "GT PEKALONGAN", "creator": null, "created": null, "updater": null, "updated": null, "sync_state": 0, "last_sync": 1765414802000, "Nm_Ruas": null, "Status": null, "Propinsi": null, "Kab_Kot": null, "Panjang": null, "Segmen": null, "Satwil": null }, "geometry": { "type": "Point", "coordinates": [ 109.603195454000058, -6.947226387999933 ] } },
{ "type": "Feature", "properties": { "orig_fid": 165, "id": 101, "objectid": 165, "kode_ruas": "tangmer", "ruas": "Tangerang - Merak", "kode_gt": "tangmer_cikupa_a", "nama": "GT CIKUPA", "seksi": 0, "sta": "31+439", "foto": "http://gis.bpjt.pu.go.id/data/foto/gt/gtcikupa.jpg", "layer": "Gerbang Tol", "koord_x": "106.523699165322", "koord_y": "-6.20547881283986", "jml_gardu": "19", "jmlgrdrvs": " ", "jml_lajur": "11", "panjang_m": "31,72", "luas_m": "14.930", "status": "Operasi", "sub_status": "Operasi Penuh", "region": "Trans Jawa", "bujt": "PT. Marga Mandala Sakti", "kodefikasi": "A01", "no": 1, "shape_leng": 0, "keterangan": "GT CIKUPA", "creator": null, "created": null, "updater": null, "updated": null, "sync_state": 0, "last_sync": 1765414802000, "Nm_Ruas": null, "Status": null, "Propinsi": null, "Kab_Kot": null, "Panjang": null, "Segmen": null, "Satwil": null }, "geometry": { "type": "Point", "coordinates": [ 106.523699165000039, -6.205478812999957 ] } },
{ "type": "Feature", "properties": { "orig_fid": 166, "id": 277, "objectid": 166, "kode_ruas": "janger", "ruas": "Tangerang - Merak", "kode_gt": "janger_ramp_cikupa", "nama": "GT CIKUPA", "seksi": 0, "sta": "31+528", "foto": "http://gis.bpjt.pu.go.id/data/foto/gt/gtrampcikup*", "layer": "Gerbang Tol", "koord_x": "106.52261495597", "koord_y": "-6.2056344413525", "jml_gardu": "11", "jmlgrdrvs": " ", "jml_lajur": "5", "panjang_m": "18,07", "luas_m": "5.778", "status": "Operasi", "sub_status": "Operasi Penuh", "region": "Trans Jawa", "bujt": "PT. Marga Mandala Sakti", "kodefikasi": "A01", "no": 2, "shape_leng": 0, "keterangan": "GT RAMP CIKUPA", "creator": null, "created": null, "updater": null, "updated": null, "sync_state": 0, "last_sync": 1765414802000, "Nm_Ruas": null, "Status": null, "Propinsi": null, "Kab_Kot": null, "Panjang": null, "Segmen": null, "Satwil": null }, "geometry": { "type": "Point", "coordinates": [ 106.522614956000041, -6.205634440999972 ] } },
{ "type": "Feature", "properties": { "orig_fid": 167, "id": 0, "objectid": 167, "kode_ruas": "tangmer", "ruas": "Tangerang - Merak", "kode_gt": "tangmer_cikupa_3", "nama": "GT CIKUPA 3", "seksi": 0, "sta": "31+673", "foto": " ", "layer": "Gerbang Tol", "koord_x": "106.521514878055", "koord_y": "-6.20444310242498", "jml_gardu": "2", "jmlgrdrvs": " ", "jml_lajur": "5", "panjang_m": "8,02", "luas_m": "1.384", "status": "Operasi", "sub_status": "Operasi Penuh", "region": "Trans Jawa", "bujt": "PT. Marga Mandala Sakti", "kodefikasi": "A01", "no": 5, "shape_leng": 0, "keterangan": " ", "creator": null, "created": null, "updater": null, "updated": null, "sync_state": 0, "last_sync": 1765414802000, "Nm_Ruas": null, "Status": null, "Propinsi": null, "Kab_Kot": null, "Panjang": null, "Segmen": null, "Satwil": null }, "geometry": { "type": "Point", "coordinates": [ 106.521514878000062, -6.204443101999971 ] } },
{ "type": "Feature", "properties": { "orig_fid": 168, "id": 0, "objectid": 168, "kode_ruas": "tangmer", "ruas": "Tangerang - Merak", "kode_gt": "tangmer_cikupa_2", "nama": "GT CIKUPA 2", "seksi": 0, "sta": "31+744", "foto": " ", "layer": "Gerbang Tol", "koord_x": "106.52080720325", "koord_y": "-6.20509254547502", "jml_gardu": "5", "jmlgrdrvs": " ", "jml_lajur": "2", "panjang_m": "16,52", "luas_m": "2.752", "status": "Operasi", "sub_status": "Operasi Penuh", "region": "Trans Jawa", "bujt": "PT. Marga Mandala Sakti", "kodefikasi": "A01", "no": 3, "shape_leng": 0, "keterangan": " ", "creator": null, "created": null, "updater": null, "updated": null, "sync_state": 0, "last_sync": 1765414802000, "Nm_Ruas": null, "Status": null, "Propinsi": null, "Kab_Kot": null, "Panjang": null, "Segmen": null, "Satwil": null }, "geometry": { "type": "Point", "coordinates": [ 106.520807203000061, -6.205092544999957 ] } },
{ "type": "Feature", "properties": { "orig_fid": 169, "id": 105, "objectid": 169, "kode_ruas": "tangmer", "ruas": "Tangerang - Merak", "kode_gt": "tangmer_balaraja_timur_a", "nama": "GT BALARAJA TIMUR", "seksi": 0, "sta": "36+000", "foto": "http://gis.bpjt.pu.go.id/data/foto/gt/gtbalarajat*", "layer": "Gerbang Tol", "koord_x": "106.485065634506", "koord_y": "-6.20420106214325", "jml_gardu": "7", "jmlgrdrvs": " ", "jml_lajur": "7", "panjang_m": "18,13", "luas_m": "3.635", "status": "Operasi", "sub_status": "Operasi Penuh", "region": "Trans Jawa", "bujt": "PT. Marga Mandala Sakti", "kodefikasi": "A01", "no": 6, "shape_leng": 0, "keterangan": "GT BALARAJA TIMUR", "creator": null, "created": null, "updater": null, "updated": null, "sync_state": 0, "last_sync": 1765414802000, "Nm_Ruas": null, "Status": null, "Propinsi": null, "Kab_Kot": null, "Panjang": null, "Segmen": null, "Satwil": null }, "geometry": { "type": "Point", "coordinates": [ 106.485065635000069, -6.204201061999981 ] } },
{ "type": "Feature", "properties": { "orig_fid": 170, "id": 112, "objectid": 170, "kode_ruas": "tangmer", "ruas": "Tangerang - Merak", "kode_gt": "tangmer_balaraja_barat", "nama": "GT BALARAJA BARAT", "seksi": 0, "sta": "38+914", "foto": "http://gis.bpjt.pu.go.id/data/foto/gt/gtbalarajab*", "layer": "Gerbang Tol", "koord_x": "106.459108279842", "koord_y": "-6.20002116583351", "jml_gardu": "7", "jmlgrdrvs": " ", "jml_lajur": "7", "panjang_m": "22,95", "luas_m": "4.485", "status": "Operasi", "sub_status": "Operasi Penuh", "region": "Trans Jawa", "bujt": "PT. Marga Mandala Sakti", "kodefikasi": "A01", "no": 7, "shape_leng": 0, "keterangan": "GT BALARAJA BARAT", "creator": null, "created": null, "updater": null, "updated": null, "sync_state": 0, "last_sync": 1765414802000, "Nm_Ruas": null, "Status": null, "Propinsi": null, "Kab_Kot": null, "Panjang": null, "Segmen": null, "Satwil": null }, "geometry": { "type": "Point", "coordinates": [ 106.459108280000066, -6.200021165999942 ] } },
{ "type": "Feature", "properties": { "orig_fid": 171, "id": 298, "objectid": 171, "kode_ruas": "tangmer", "ruas": "Tangerang - Merak", "kode_gt": "tangmer_cikande", "nama": "GT CIKANDE", "seksi": 0, "sta": "52+000", "foto": "http://gis.bpjt.pu.go.id/data/foto/gt/gtcikande.j*", "layer": "Gerbang Tol", "koord_x": "106.343969630211", "koord_y": "-6.17527354098573", "jml_gardu": "7", "jmlgrdrvs": " ", "jml_lajur": "7", "panjang_m": "23,87", "luas_m": "3.478", "status": "Operasi", "sub_status": "Operasi Penuh", "region": "Trans Jawa", "bujt": "PT. Marga Mandala Sakti", "kodefikasi": "A01", "no": 8, "shape_leng": 0, "keterangan": "GT CIKANDE", "creator": null, "created": null, "updater": null, "updated": null, "sync_state": 0, "last_sync": 1765414802000, "Nm_Ruas": null, "Status": null, "Propinsi": null, "Kab_Kot": null, "Panjang": null, "Segmen": null, "Satwil": null }, "geometry": { "type": "Point", "coordinates": [ 106.343969630000061, -6.175273540999967 ] } },
{ "type": "Feature", "properties": { "orig_fid": 172, "id": 128, "objectid": 172, "kode_ruas": "tangmer", "ruas": "Tangerang - Merak", "kode_gt": "tangmer_ciujung_a", "nama": "GT CIUJUNG", "seksi": 0, "sta": "59+738", "foto": "http://gis.bpjt.pu.go.id/data/foto/gt/gtciujung.j*", "layer": "Gerbang Tol", "koord_x": "106.286489204928", "koord_y": "-6.14136313919492", "jml_gardu": "3", "jmlgrdrvs": " ", "jml_lajur": "3", "panjang_m": "22,58", "luas_m": "2.322", "status": "Operasi", "sub_status": "Operasi Penuh", "region": "Trans Jawa", "bujt": "PT. Marga Mandala Sakti", "kodefikasi": "A01", "no": 10, "shape_leng": 0, "keterangan": "GT CIUJUNG", "creator": null, "created": null, "updater": null, "updated": null, "sync_state": 0, "last_sync": 1765414802000, "Nm_Ruas": null, "Status": null, "Propinsi": null, "Kab_Kot": null, "Panjang": null, "Segmen": null, "Satwil": null }, "geometry": { "type": "Point", "coordinates": [ 106.286489205000066, -6.141363138999964 ] } },
{ "type": "Feature", "properties": { "orig_fid": 193, "id": 0, "objectid": 193, "kode_ruas": " ", "ruas": "Cibitung - Cilincing", "kode_gt": " ", "nama": "GT CIBITUNG 6", "seksi": 0, "sta": "0+375", "foto": " ", "layer": "Gerbang Tol", "koord_x": "107.084545558792", "koord_y": "-6.2859128076148", "jml_gardu": "5", "jmlgrdrvs": " ", "jml_lajur": "0", "panjang_m": "209", "luas_m": "1981", "status": "Konstruksi", "sub_status": "Pekerjaan Fisik", "region": "Jabodetabek", "bujt": "PT. Cibitung Tanjung Priok Port Tollways", "kodefikasi": "B23", "no": 6, "shape_leng": 0, "keterangan": " ", "creator": null, "created": null, "updater": null, "updated": null, "sync_state": 0, "last_sync": 1765414802000, "Nm_Ruas": null, "Status": null, "Propinsi": null, "Kab_Kot": null, "Panjang": null, "Segmen": null, "Satwil": null }, "geometry": { "type": "Point", "coordinates": [ 107.084545559000048, -6.285912807999978 ] } },
{ "type": "Feature", "properties": { "orig_fid": 173, "id": 145, "objectid": 173, "kode_ruas": "tangmer", "ruas": "Tangerang - Merak", "kode_gt": "tangmer_serang_timur", "nama": "GT SERANG TIMUR", "seksi": 0, "sta": "72+000", "foto": "http://gis.bpjt.pu.go.id/data/foto/gt/gtserangtim*", "layer": "Gerbang Tol", "koord_x": "106.182973307116", "koord_y": "-6.11614559951209", "jml_gardu": "9", "jmlgrdrvs": " ", "jml_lajur": "9", "panjang_m": "22,39", "luas_m": "4.284", "status": "Operasi", "sub_status": "Operasi Penuh", "region": "Trans Jawa", "bujt": "PT. Marga Mandala Sakti", "kodefikasi": "A01", "no": 11, "shape_leng": 0, "keterangan": "GT SERANG TIMUR", "creator": null, "created": null, "updater": null, "updated": null, "sync_state": 0, "last_sync": 1765414802000, "Nm_Ruas": null, "Status": null, "Propinsi": null, "Kab_Kot": null, "Panjang": null, "Segmen": null, "Satwil": null }, "geometry": { "type": "Point", "coordinates": [ 106.182973307000054, -6.116145599999925 ] } },
{ "type": "Feature", "properties": { "orig_fid": 174, "id": 171, "objectid": 174, "kode_ruas": "tangmer", "ruas": "Tangerang - Merak", "kode_gt": "tangmer_cilegon_timur", "nama": "GT CILEGON TIMUR", "seksi": 0, "sta": "87+149", "foto": "http://gis.bpjt.pu.go.id/data/foto/gt/gtcilegonti*", "layer": "Gerbang Tol", "koord_x": "106.089040491194", "koord_y": "-6.02325449868646", "jml_gardu": "6", "jmlgrdrvs": "1", "jml_lajur": "6", "panjang_m": "22,58", "luas_m": "2.584", "status": "Operasi", "sub_status": "Operasi Penuh", "region": "Trans Jawa", "bujt": "PT. Marga Mandala Sakti", "kodefikasi": "A01", "no": 13, "shape_leng": 0, "keterangan": "GT CILEGON TIMUR", "creator": null, "created": null, "updater": null, "updated": null, "sync_state": 0, "last_sync": 1765414802000, "Nm_Ruas": null, "Status": null, "Propinsi": null, "Kab_Kot": null, "Panjang": null, "Segmen": null, "Satwil": null }, "geometry": { "type": "Point", "coordinates": [ 106.089040491000048, -6.023254498999961 ] } },
{ "type": "Feature", "properties": { "orig_fid": 175, "id": 160, "objectid": 175, "kode_ruas": "tangmer", "ruas": "Tangerang - Merak", "kode_gt": "tangmer_serang_barat", "nama": "GT SERANG BARAT", "seksi": 0, "sta": "78+124", "foto": "http://gis.bpjt.pu.go.id/data/foto/gt/gtserangbar*", "layer": "Gerbang Tol", "koord_x": "106.136105837479", "koord_y": "-6.09069749392048", "jml_gardu": "7", "jmlgrdrvs": " ", "jml_lajur": "7", "panjang_m": "22,58", "luas_m": "5.381", "status": "Operasi", "sub_status": "Operasi Penuh", "region": "Trans Jawa", "bujt": "PT. Marga Mandala Sakti", "kodefikasi": "A01", "no": 12, "shape_leng": 0, "keterangan": "GT SERANG BARAT", "creator": null, "created": null, "updater": null, "updated": null, "sync_state": 0, "last_sync": 1765414802000, "Nm_Ruas": null, "Status": null, "Propinsi": null, "Kab_Kot": null, "Panjang": null, "Segmen": null, "Satwil": null }, "geometry": { "type": "Point", "coordinates": [ 106.136105837000059, -6.090697493999926 ] } },
{ "type": "Feature", "properties": { "orig_fid": 176, "id": 204, "objectid": 176, "kode_ruas": "tangmer", "ruas": "Tangerang - Merak", "kode_gt": "tangmer_ciujung_b", "nama": "GT CIUJUNG ON RAMP", "seksi": 0, "sta": "59+714", "foto": "http://gis.bpjt.pu.go.id/data/foto/gt/gtciujung.j*", "layer": "Gerbang Tol", "koord_x": "106.287655319922", "koord_y": "-6.14102205506886", "jml_gardu": "5", "jmlgrdrvs": " ", "jml_lajur": "5", "panjang_m": "18,13", "luas_m": "2.050", "status": "Operasi", "sub_status": "Operasi Penuh", "region": "Trans Jawa", "bujt": "PT. Marga Mandala Sakti", "kodefikasi": "A01", "no": 9, "shape_leng": 0, "keterangan": "GT CIUJUNG", "creator": null, "created": null, "updater": null, "updated": null, "sync_state": 0, "last_sync": 1765414802000, "Nm_Ruas": null, "Status": null, "Propinsi": null, "Kab_Kot": null, "Panjang": null, "Segmen": null, "Satwil": null }, "geometry": { "type": "Point", "coordinates": [ 106.287655320000056, -6.141022054999951 ] } },
{ "type": "Feature", "properties": { "orig_fid": 177, "id": 185, "objectid": 177, "kode_ruas": "tangmer", "ruas": "Tangerang - Merak", "kode_gt": "tangmer_cilegon_barat", "nama": "GT CILEGON BARAT", "seksi": 0, "sta": "94+952", "foto": "http://gis.bpjt.pu.go.id/data/foto/gt/gtcilegonba*", "layer": "Gerbang Tol", "koord_x": "106.033417393193", "koord_y": "-5.98378874273166", "jml_gardu": "3", "jmlgrdrvs": " ", "jml_lajur": "4", "panjang_m": "22,58", "luas_m": "2.741", "status": "Operasi", "sub_status": "Operasi Penuh", "region": "Trans Jawa", "bujt": "PT. Marga Mandala Sakti", "kodefikasi": "A01", "no": 15, "shape_leng": 0, "keterangan": "GT CILEGON BARAT", "creator": null, "created": null, "updater": null, "updated": null, "sync_state": 0, "last_sync": 1765414802000, "Nm_Ruas": null, "Status": null, "Propinsi": null, "Kab_Kot": null, "Panjang": null, "Segmen": null, "Satwil": null }, "geometry": { "type": "Point", "coordinates": [ 106.033417393000036, -5.983788742999934 ] } },
{ "type": "Feature", "properties": { "orig_fid": 178, "id": 182, "objectid": 178, "kode_ruas": "tangmer", "ruas": "Tangerang - Merak", "kode_gt": "tangmer_cilegon_barat1", "nama": "GT CILEGON BARAT 1", "seksi": 0, "sta": "94+933", "foto": "http://gis.bpjt.pu.go.id/data/foto/gt/gtcilegonba*", "layer": "Gerbang Tol", "koord_x": "106.033166438299", "koord_y": "-5.9844547481802", "jml_gardu": "4", "jmlgrdrvs": " ", "jml_lajur": "5", "panjang_m": "22,58", "luas_m": "1.963", "status": "Operasi", "sub_status": "Operasi Penuh", "region": "Trans Jawa", "bujt": "PT. Marga Mandala Sakti", "kodefikasi": "A01", "no": 14, "shape_leng": 0, "keterangan": "GT CILEGON BARAT 1", "creator": null, "created": null, "updater": null, "updated": null, "sync_state": 0, "last_sync": 1765414802000, "Nm_Ruas": null, "Status": null, "Propinsi": null, "Kab_Kot": null, "Panjang": null, "Segmen": null, "Satwil": null }, "geometry": { "type": "Point", "coordinates": [ 106.03316643800008, -5.984454747999962 ] } },
{ "type": "Feature", "properties": { "orig_fid": 179, "id": 189, "objectid": 179, "kode_ruas": "tangmer", "ruas": "Tangerang - Merak", "kode_gt": "tangmer_merak", "nama": "GT MERAK", "seksi": 0, "sta": "98+214", "foto": "http://gis.bpjt.pu.go.id/data/foto/gt/gtmerak.jpg", "layer": "Gerbang Tol", "koord_x": "106.008640977941", "koord_y": "-5.9730752025116", "jml_gardu": "7", "jmlgrdrvs": " ", "jml_lajur": "7", "panjang_m": "22,58", "luas_m": "1.702", "status": "Operasi", "sub_status": "Operasi Penuh", "region": "Trans Jawa", "bujt": "PT. Marga Mandala Sakti", "kodefikasi": "A01", "no": 16, "shape_leng": 0, "keterangan": "GT MERAK", "creator": null, "created": null, "updater": null, "updated": null, "sync_state": 0, "last_sync": 1765414802000, "Nm_Ruas": null, "Status": null, "Propinsi": null, "Kab_Kot": null, "Panjang": null, "Segmen": null, "Satwil": null }, "geometry": { "type": "Point", "coordinates": [ 106.008640978000074, -5.973075202999951 ] } },
{ "type": "Feature", "properties": { "orig_fid": 180, "id": 0, "objectid": 180, "kode_ruas": "tangmer", "ruas": "Tangerang - Merak", "kode_gt": "tangmer_cikupa_3", "nama": "GT CIKUPA 3", "seksi": 0, "sta": "31+744", "foto": " ", "layer": "Gerbang Tol", "koord_x": "106.520901830449", "koord_y": "-6.20572042063716", "jml_gardu": "2", "jmlgrdrvs": " ", "jml_lajur": "2", "panjang_m": " ", "luas_m": "202", "status": "Operasi", "sub_status": "Operasi Penuh", "region": "Trans Jawa", "bujt": "PT. Marga Mandala Sakti", "kodefikasi": "A01", "no": 4, "shape_leng": 0, "keterangan": " ", "creator": null, "created": null, "updater": null, "updated": null, "sync_state": 0, "last_sync": 1765414802000, "Nm_Ruas": null, "Status": null, "Propinsi": null, "Kab_Kot": null, "Panjang": null, "Segmen": null, "Satwil": null }, "geometry": { "type": "Point", "coordinates": [ 106.520901830000071, -6.205720420999967 ] } },
{ "type": "Feature", "properties": { "orig_fid": 181, "id": 0, "objectid": 181, "kode_ruas": " ", "ruas": "Cibitung - Cilincing", "kode_gt": " ", "nama": "GT MARUNDA", "seksi": 0, "sta": "28+925", "foto": " ", "layer": "Gerbang Tol", "koord_x": "106.976525399267", "koord_y": "-6.11677139774917", "jml_gardu": "10", "jmlgrdrvs": " ", "jml_lajur": "0", "panjang_m": "916", "luas_m": "53864", "status": "Konstruksi", "sub_status": "Pekerjaan Fisik", "region": "Jabodetabek", "bujt": "PT. Cibitung Tanjung Priok Port Tollways", "kodefikasi": "B23", "no": 13, "shape_leng": 0, "keterangan": " ", "creator": null, "created": null, "updater": null, "updated": null, "sync_state": 0, "last_sync": 1765414802000, "Nm_Ruas": null, "Status": null, "Propinsi": null, "Kab_Kot": null, "Panjang": null, "Segmen": null, "Satwil": null }, "geometry": { "type": "Point", "coordinates": [ 106.976525399000082, -6.116771397999969 ] } },
{ "type": "Feature", "properties": { "orig_fid": 182, "id": 0, "objectid": 182, "kode_ruas": " ", "ruas": "Cibitung - Cilincing", "kode_gt": " ", "nama": "GT CIBITUNG 1", "seksi": 0, "sta": "0+350", "foto": " ", "layer": "Gerbang Tol", "koord_x": "107.083479055846", "koord_y": "-6.28712727341516", "jml_gardu": "3", "jmlgrdrvs": " ", "jml_lajur": "0", "panjang_m": "201", "luas_m": "2505", "status": "Operasi", "sub_status": "Operasi", "region": "Jabodetabek", "bujt": "PT. Cibitung Tanjung Priok Port Tollways", "kodefikasi": "B23", "no": 1, "shape_leng": 0, "keterangan": " ", "creator": null, "created": null, "updater": null, "updated": null, "sync_state": 0, "last_sync": 1765414802000, "Nm_Ruas": null, "Status": null, "Propinsi": null, "Kab_Kot": null, "Panjang": null, "Segmen": null, "Satwil": null }, "geometry": { "type": "Point", "coordinates": [ 107.083479056000044, -6.287127272999953 ] } },
{ "type": "Feature", "properties": { "orig_fid": 183, "id": 0, "objectid": 183, "kode_ruas": " ", "ruas": "Cibitung - Cilincing", "kode_gt": " ", "nama": "GT CIBITUNG 3", "seksi": 0, "sta": "0+430", "foto": " ", "layer": "Gerbang Tol", "koord_x": "107.0752139623", "koord_y": "-6.28303180082014", "jml_gardu": "8", "jmlgrdrvs": " ", "jml_lajur": "0", "panjang_m": "197", "luas_m": "2394", "status": "Operasi", "sub_status": "Operasi", "region": "Jabodetabek", "bujt": "PT. Cibitung Tanjung Priok Port Tollways", "kodefikasi": "B23", "no": 3, "shape_leng": 0, "keterangan": " ", "creator": null, "created": null, "updater": null, "updated": null, "sync_state": 0, "last_sync": 1765414802000, "Nm_Ruas": null, "Status": null, "Propinsi": null, "Kab_Kot": null, "Panjang": null, "Segmen": null, "Satwil": null }, "geometry": { "type": "Point", "coordinates": [ 107.075213962000078, -6.283031800999936 ] } },
{ "type": "Feature", "properties": { "orig_fid": 184, "id": 0, "objectid": 184, "kode_ruas": " ", "ruas": "Cibitung - Cilincing", "kode_gt": " ", "nama": "GT TARUMAJAYA", "seksi": 0, "sta": "0+525", "foto": " ", "layer": "Gerbang Tol", "koord_x": "106.991062233014", "koord_y": "-6.10829481610675", "jml_gardu": "6", "jmlgrdrvs": " ", "jml_lajur": "0", "panjang_m": "348", "luas_m": "7970", "status": "Konstruksi", "sub_status": "Pekerjaan Fisik", "region": "Jabodetabek", "bujt": "PT. Cibitung Tanjung Priok Port Tollways", "kodefikasi": "B23", "no": 12, "shape_leng": 0, "keterangan": " ", "creator": null, "created": null, "updater": null, "updated": null, "sync_state": 0, "last_sync": 1765414802000, "Nm_Ruas": null, "Status": null, "Propinsi": null, "Kab_Kot": null, "Panjang": null, "Segmen": null, "Satwil": null }, "geometry": { "type": "Point", "coordinates": [ 106.991062233000036, -6.108294815999955 ] } },
{ "type": "Feature", "properties": { "orig_fid": 185, "id": 0, "objectid": 185, "kode_ruas": " ", "ruas": "Cibitung - Cilincing", "kode_gt": " ", "nama": "GT TAMBELANG", "seksi": 0, "sta": "0+525", "foto": " ", "layer": "Gerbang Tol", "koord_x": "107.068395243738", "koord_y": "-6.18707586555355", "jml_gardu": "6", "jmlgrdrvs": " ", "jml_lajur": "0", "panjang_m": "567", "luas_m": "16694", "status": "Konstruksi", "sub_status": "Pekerjaan Fisik", "region": "Jabodetabek", "bujt": "PT. Cibitung Tanjung Priok Port Tollways", "kodefikasi": "B23", "no": 11, "shape_leng": 0, "keterangan": " ", "creator": null, "created": null, "updater": null, "updated": null, "sync_state": 0, "last_sync": 1765414802000, "Nm_Ruas": null, "Status": null, "Propinsi": null, "Kab_Kot": null, "Panjang": null, "Segmen": null, "Satwil": null }, "geometry": { "type": "Point", "coordinates": [ 107.068395244000044, -6.18707586599993 ] } },
{ "type": "Feature", "properties": { "orig_fid": 186, "id": 0, "objectid": 186, "kode_ruas": " ", "ruas": "Cibitung - Cilincing", "kode_gt": " ", "nama": "GT TELAGA ASIH", "seksi": 0, "sta": "0+435", "foto": " ", "layer": "Gerbang Tol", "koord_x": "107.09687081934", "koord_y": "-6.26954433729654", "jml_gardu": "10", "jmlgrdrvs": " ", "jml_lajur": "0", "panjang_m": "243", "luas_m": "3479", "status": "Operasi", "sub_status": "Operasi", "region": "Jabodetabek", "bujt": "PT. Cibitung Tanjung Priok Port Tollways", "kodefikasi": "B23", "no": 10, "shape_leng": 0, "keterangan": " ", "creator": null, "created": null, "updater": null, "updated": null, "sync_state": 0, "last_sync": 1765414802000, "Nm_Ruas": null, "Status": null, "Propinsi": null, "Kab_Kot": null, "Panjang": null, "Segmen": null, "Satwil": null }, "geometry": { "type": "Point", "coordinates": [ 107.09687081900006, -6.269544336999957 ] } },
{ "type": "Feature", "properties": { "orig_fid": 187, "id": 0, "objectid": 187, "kode_ruas": " ", "ruas": "Cibitung - Cilincing", "kode_gt": " ", "nama": "GT CIBITUNG 7", "seksi": 0, "sta": "0+375", "foto": " ", "layer": "Gerbang Tol", "koord_x": "107.07957944821", "koord_y": "-6.28609590101438", "jml_gardu": "3", "jmlgrdrvs": " ", "jml_lajur": "0", "panjang_m": "156", "luas_m": "1451", "status": "Operasi", "sub_status": "Operasi", "region": "Jabodetabek", "bujt": "PT. Cibitung Tanjung Priok Port Tollways", "kodefikasi": "B23", "no": 7, "shape_leng": 0, "keterangan": " ", "creator": null, "created": null, "updater": null, "updated": null, "sync_state": 0, "last_sync": 1765414802000, "Nm_Ruas": null, "Status": null, "Propinsi": null, "Kab_Kot": null, "Panjang": null, "Segmen": null, "Satwil": null }, "geometry": { "type": "Point", "coordinates": [ 107.079579448000061, -6.286095900999953 ] } },
{ "type": "Feature", "properties": { "orig_fid": 188, "id": 0, "objectid": 188, "kode_ruas": " ", "ruas": "Cibitung - Cilincing", "kode_gt": " ", "nama": "GT CIBITUNG 2", "seksi": 0, "sta": "0+350", "foto": " ", "layer": "Gerbang Tol", "koord_x": "107.085408570821", "koord_y": "-6.28588307032684", "jml_gardu": "3", "jmlgrdrvs": " ", "jml_lajur": "0", "panjang_m": "263", "luas_m": "4304", "status": "Operasi", "sub_status": "Operasi", "region": "Jabodetabek", "bujt": "PT. Cibitung Tanjung Priok Port Tollways", "kodefikasi": "B23", "no": 2, "shape_leng": 0, "keterangan": " ", "creator": null, "created": null, "updater": null, "updated": null, "sync_state": 0, "last_sync": 1765414802000, "Nm_Ruas": null, "Status": null, "Propinsi": null, "Kab_Kot": null, "Panjang": null, "Segmen": null, "Satwil": null }, "geometry": { "type": "Point", "coordinates": [ 107.085408571000073, -6.285883069999954 ] } },
{ "type": "Feature", "properties": { "orig_fid": 189, "id": 0, "objectid": 189, "kode_ruas": " ", "ruas": "Cibitung - Cilincing", "kode_gt": " ", "nama": "GT CIBITUNG 9", "seksi": 0, "sta": "0_375", "foto": " ", "layer": "Gerbang Tol", "koord_x": "107.081735798299", "koord_y": "-6.28802685872495", "jml_gardu": "4", "jmlgrdrvs": " ", "jml_lajur": "0", "panjang_m": "97", "luas_m": "469", "status": "Operasi", "sub_status": "Operasi", "region": "Jabodetabek", "bujt": "PT. Cibitung Tanjung Priok Port Tollways", "kodefikasi": "B23", "no": 9, "shape_leng": 0, "keterangan": " ", "creator": null, "created": null, "updater": null, "updated": null, "sync_state": 0, "last_sync": 1765414802000, "Nm_Ruas": null, "Status": null, "Propinsi": null, "Kab_Kot": null, "Panjang": null, "Segmen": null, "Satwil": null }, "geometry": { "type": "Point", "coordinates": [ 107.081735798000068, -6.288026858999956 ] } },
{ "type": "Feature", "properties": { "orig_fid": 190, "id": 0, "objectid": 190, "kode_ruas": " ", "ruas": "Cibitung - Cilincing", "kode_gt": " ", "nama": "GT CIBITUNG 5", "seksi": 0, "sta": "0+700", "foto": " ", "layer": "Gerbang Tol", "koord_x": "107.08303197434", "koord_y": "-6.28766101276483", "jml_gardu": "6", "jmlgrdrvs": " ", "jml_lajur": "0", "panjang_m": "201", "luas_m": "2094", "status": "Operasi", "sub_status": "Operasi", "region": "Jabodetabek", "bujt": "PT. Cibitung Tanjung Priok Port Tollways", "kodefikasi": "B23", "no": 5, "shape_leng": 0, "keterangan": " ", "creator": null, "created": null, "updater": null, "updated": null, "sync_state": 0, "last_sync": 1765414802000, "Nm_Ruas": null, "Status": null, "Propinsi": null, "Kab_Kot": null, "Panjang": null, "Segmen": null, "Satwil": null }, "geometry": { "type": "Point", "coordinates": [ 107.08303197400005, -6.287661012999934 ] } },
{ "type": "Feature", "properties": { "orig_fid": 191, "id": 0, "objectid": 191, "kode_ruas": " ", "ruas": "Cibitung - Cilincing", "kode_gt": " ", "nama": "GT CIBITUNG 8", "seksi": 0, "sta": "0+525", "foto": " ", "layer": "Gerbang Tol", "koord_x": "107.080715486562", "koord_y": "-6.2862720201651", "jml_gardu": "7", "jmlgrdrvs": " ", "jml_lajur": "0", "panjang_m": "207", "luas_m": "2369", "status": "Operasi", "sub_status": "Operasi", "region": "Jabodetabek", "bujt": "PT. Cibitung Tanjung Priok Port Tollways", "kodefikasi": "B23", "no": 8, "shape_leng": 0, "keterangan": " ", "creator": null, "created": null, "updater": null, "updated": null, "sync_state": 0, "last_sync": 1765414802000, "Nm_Ruas": null, "Status": null, "Propinsi": null, "Kab_Kot": null, "Panjang": null, "Segmen": null, "Satwil": null }, "geometry": { "type": "Point", "coordinates": [ 107.080715487000077, -6.286272019999956 ] } },
{ "type": "Feature", "properties": { "orig_fid": 192, "id": 0, "objectid": 192, "kode_ruas": " ", "ruas": "Cibitung - Cilincing", "kode_gt": " ", "nama": "GT CIBITUNG 4", "seksi": 0, "sta": "0+700", "foto": " ", "layer": "Gerbang Tol", "koord_x": "107.081036549652", "koord_y": "-6.28549613008591", "jml_gardu": "3", "jmlgrdrvs": " ", "jml_lajur": "0", "panjang_m": "192", "luas_m": "1248", "status": "Operasi", "sub_status": "Operasi", "region": "Jabodetabek", "bujt": "PT. Cibitung Tanjung Priok Port Tollways", "kodefikasi": "B23", "no": 4, "shape_leng": 0, "keterangan": " ", "creator": null, "created": null, "updater": null, "updated": null, "sync_state": 0, "last_sync": 1765414802000, "Nm_Ruas": null, "Status": null, "Propinsi": null, "Kab_Kot": null, "Panjang": null, "Segmen": null, "Satwil": null }, "geometry": { "type": "Point", "coordinates": [ 107.081036550000078, -6.285496129999956 ] } },
{ "type": "Feature", "properties": { "orig_fid": 194, "id": 0, "objectid": 194, "kode_ruas": " ", "ruas": "Cibitung - Cilincing", "kode_gt": " ", "nama": "GT SEMPER", "seksi": 0, "sta": "0+440", "foto": " ", "layer": "Gerbang Tol", "koord_x": "106.937250886605", "koord_y": "-6.13447643301507", "jml_gardu": "3", "jmlgrdrvs": " ", "jml_lajur": "0", "panjang_m": "215", "luas_m": "1627", "status": "Konstruksi", "sub_status": "Pekerjaan Fisik", "region": "Jabodetabek", "bujt": "PT. Cibitung Tanjung Priok Port Tollways", "kodefikasi": "B23", "no": 14, "shape_leng": 0, "keterangan": " ", "creator": null, "created": null, "updater": null, "updated": null, "sync_state": 0, "last_sync": 1765414802000, "Nm_Ruas": null, "Status": null, "Propinsi": null, "Kab_Kot": null, "Panjang": null, "Segmen": null, "Satwil": null }, "geometry": { "type": "Point", "coordinates": [ 106.937250887000062, -6.134476432999975 ] } },
{ "type": "Feature", "properties": { "orig_fid": 195, "id": 274, "objectid": 195, "kode_ruas": "cijago", "ruas": "Cinere - Jagorawi", "kode_gt": "cijago_cisalak3", "nama": "GT CISALAK 3", "seksi": 0, "sta": "20+450", "foto": "http://gis.bpjt.pu.go.id/data/foto/gt/gtcisalak3.*", "layer": "Gerbang Tol", "koord_x": "106.864529986064", "koord_y": "-6.3806753975778", "jml_gardu": "4", "jmlgrdrvs": "-", "jml_lajur": "6", "panjang_m": "29", "luas_m": "435", "status": "Operasi", "sub_status": "Operasi Sebagian", "region": "Jabodetabek", "bujt": "PT. Translingkar Kita Jaya", "kodefikasi": "B16", "no": 15, "shape_leng": 0, "keterangan": "GT CISALAK 3", "creator": null, "created": null, "updater": null, "updated": null, "sync_state": 0, "last_sync": 1765414802000, "Nm_Ruas": null, "Status": null, "Propinsi": null, "Kab_Kot": null, "Panjang": null, "Segmen": null, "Satwil": null }, "geometry": { "type": "Point", "coordinates": [ 106.864529986000036, -6.380675397999937 ] } },
{ "type": "Feature", "properties": { "orig_fid": 196, "id": 0, "objectid": 196, "kode_ruas": "cijago", "ruas": "Cinere - Jagorawi", "kode_gt": "cijago_cisalak4", "nama": "GT CISALAK 4", "seksi": 0, "sta": "20+175", "foto": " ", "layer": "Gerbang Tol", "koord_x": "106.861990619607", "koord_y": "-6.38100729883897", "jml_gardu": "2", "jmlgrdrvs": "-", "jml_lajur": "2", "panjang_m": "12,4", "luas_m": "186", "status": "Operasi", "sub_status": "Operasi Sebagian", "region": "Jabodetabek", "bujt": "PT. Translingkar Kita Jaya", "kodefikasi": "B16", "no": 16, "shape_leng": 0, "keterangan": " ", "creator": null, "created": null, "updater": null, "updated": null, "sync_state": 0, "last_sync": 1765414802000, "Nm_Ruas": null, "Status": null, "Propinsi": null, "Kab_Kot": null, "Panjang": null, "Segmen": null, "Satwil": null }, "geometry": { "type": "Point", "coordinates": [ 106.861990620000086, -6.381007298999975 ] } },
{ "type": "Feature", "properties": { "orig_fid": 197, "id": 422, "objectid": 197, "kode_ruas": "cijago", "ruas": "Cinere - Jagorawi", "kode_gt": "cijago_margonda2", "nama": "GT MARGONDA 2", "seksi": 0, "sta": "17+725", "foto": "http://gis.bpjt.pu.go.id/data/foto/gt/gtmargonda2*", "layer": "Gerbang Tol", "koord_x": "106.840248787156", "koord_y": "-6.37925439556159", "jml_gardu": "4", "jmlgrdrvs": "-", "jml_lajur": "4", "panjang_m": "22,4", "luas_m": "336", "status": "Operasi", "sub_status": "Operasi Sebagian", "region": "Jabodetabek", "bujt": "PT. Translingkar Kita Jaya", "kodefikasi": "B16", "no": 11, "shape_leng": 0, "keterangan": "GT MARGONDA 2", "creator": null, "created": null, "updater": null, "updated": null, "sync_state": 0, "last_sync": 1765414802000, "Nm_Ruas": null, "Status": null, "Propinsi": null, "Kab_Kot": null, "Panjang": null, "Segmen": null, "Satwil": null }, "geometry": { "type": "Point", "coordinates": [ 106.840248787000064, -6.379254395999965 ] } },
{ "type": "Feature", "properties": { "orig_fid": 198, "id": 0, "objectid": 198, "kode_ruas": "cijago", "ruas": "Cinere - Jagorawi", "kode_gt": "cijago_margonda3", "nama": "GT MARGONDA 3", "seksi": 0, "sta": "17+229", "foto": " ", "layer": "Gerbang Tol", "koord_x": "106.835684686849", "koord_y": "-6.37784127945145", "jml_gardu": "4", "jmlgrdrvs": "-", "jml_lajur": "4", "panjang_m": "17,4", "luas_m": "261", "status": "Operasi", "sub_status": "Operasi Sebagian", "region": "Jabodetabek", "bujt": "PT. Translingkar Kita Jaya", "kodefikasi": "B16", "no": 12, "shape_leng": 0, "keterangan": " ", "creator": null, "created": null, "updater": null, "updated": null, "sync_state": 0, "last_sync": 1765414802000, "Nm_Ruas": null, "Status": null, "Propinsi": null, "Kab_Kot": null, "Panjang": null, "Segmen": null, "Satwil": null }, "geometry": { "type": "Point", "coordinates": [ 106.835684687000082, -6.377841278999938 ] } },
{ "type": "Feature", "properties": { "orig_fid": 199, "id": 421, "objectid": 199, "kode_ruas": "cijago", "ruas": "Cinere - Jagorawi", "kode_gt": "cijago_margonda1", "nama": "GT MARGONDA 1", "seksi": 0, "sta": "17+088", "foto": "http://gis.bpjt.pu.go.id/data/foto/gt/gtmargonda1*", "layer": "Gerbang Tol", "koord_x": "106.834731847365", "koord_y": "-6.37679610234075", "jml_gardu": "6", "jmlgrdrvs": "-", "jml_lajur": "6", "panjang_m": "29", "luas_m": "435", "status": "Operasi", "sub_status": "Operasi Sebagian", "region": "Jabodetabek", "bujt": "PT. Translingkar Kita Jaya", "kodefikasi": "B16", "no": 10, "shape_leng": 0, "keterangan": "GT MARGONDA 1", "creator": null, "created": null, "updater": null, "updated": null, "sync_state": 0, "last_sync": 1765414802000, "Nm_Ruas": null, "Status": null, "Propinsi": null, "Kab_Kot": null, "Panjang": null, "Segmen": null, "Satwil": null }, "geometry": { "type": "Point", "coordinates": [ 106.834731847000057, -6.376796101999958 ] } },
{ "type": "Feature", "properties": { "orig_fid": 200, "id": 435, "objectid": 200, "kode_ruas": "cijago", "ruas": "Cinere - Jagorawi", "kode_gt": "cijago_kukusan1", "nama": "GT KUKUSAN 1", "seksi": 0, "sta": "14+808", "foto": "http://gis.bpjt.pu.go.id/data/foto/gt/gtkukusan1.*", "layer": "Gerbang Tol", "koord_x": "106.815398433217", "koord_y": "-6.36978108744252", "jml_gardu": "3", "jmlgrdrvs": "-", "jml_lajur": "3", "panjang_m": "16,5", "luas_m": "247,5", "status": "Operasi", "sub_status": "Operasi Sebagian", "region": "Jabodetabek", "bujt": "PT. Translingkar Kita Jaya", "kodefikasi": "B16", "no": 6, "shape_leng": 0, "keterangan": "GT KUKUSAN 1", "creator": null, "created": null, "updater": null, "updated": null, "sync_state": 0, "last_sync": 1765414802000, "Nm_Ruas": null, "Status": null, "Propinsi": null, "Kab_Kot": null, "Panjang": null, "Segmen": null, "Satwil": null }, "geometry": { "type": "Point", "coordinates": [ 106.815398433000041, -6.369781086999978 ] } },
{ "type": "Feature", "properties": { "orig_fid": 201, "id": 420, "objectid": 201, "kode_ruas": "cijago", "ruas": "Cinere - Jagorawi", "kode_gt": "cijago_kukusan2", "nama": "GT KUKUSAN 2", "seksi": 0, "sta": "14+770", "foto": "http://gis.bpjt.pu.go.id/data/foto/gt/gtkukusan2.*", "layer": "Gerbang Tol", "koord_x": "106.814879788707", "koord_y": "-6.37017591666501", "jml_gardu": "3", "jmlgrdrvs": "-", "jml_lajur": "3", "panjang_m": "16,5", "luas_m": "247,5", "status": "Operasi", "sub_status": "Operasi Sebagian", "region": "Jabodetabek", "bujt": "PT. Translingkar Kita Jaya", "kodefikasi": "B16", "no": 7, "shape_leng": 0, "keterangan": "GT KUKUSAN 2", "creator": null, "created": null, "updater": null, "updated": null, "sync_state": 0, "last_sync": 1765414802000, "Nm_Ruas": null, "Status": null, "Propinsi": null, "Kab_Kot": null, "Panjang": null, "Segmen": null, "Satwil": null }, "geometry": { "type": "Point", "coordinates": [ 106.814879789000088, -6.370175916999926 ] } },
{ "type": "Feature", "properties": { "orig_fid": 202, "id": 273, "objectid": 202, "kode_ruas": "cijago", "ruas": "Cinere - Jagorawi", "kode_gt": "cijago_cisalak1", "nama": "GT CISALAK 1", "seksi": 0, "sta": "21+375", "foto": "http://gis.bpjt.pu.go.id/data/foto/gt/gtcisalak1.*", "layer": "Gerbang Tol", "koord_x": "106.87285099608", "koord_y": "-6.381953293686", "jml_gardu": "3", "jmlgrdrvs": "-", "jml_lajur": "3", "panjang_m": "17,4", "luas_m": "261", "status": "Operasi", "sub_status": "Operasi Sebagian", "region": "Jabodetabek", "bujt": "PT. Translingkar Kita Jaya", "kodefikasi": "B16", "no": 13, "shape_leng": 0, "keterangan": "GT CISALAK 1", "creator": null, "created": null, "updater": null, "updated": null, "sync_state": 0, "last_sync": 1765414802000, "Nm_Ruas": null, "Status": null, "Propinsi": null, "Kab_Kot": null, "Panjang": null, "Segmen": null, "Satwil": null }, "geometry": { "type": "Point", "coordinates": [ 106.872850996000068, -6.38195329399997 ] } },
{ "type": "Feature", "properties": { "orig_fid": 203, "id": 0, "objectid": 203, "kode_ruas": "cijago", "ruas": "Cinere - Jagorawi", "kode_gt": "cijago_kukusan4", "nama": "GT KUKUSAN 4", "seksi": 0, "sta": "14+383", "foto": " ", "layer": "Gerbang Tol", "koord_x": "106.811804493386", "koord_y": "-6.3684283418489", "jml_gardu": "3", "jmlgrdrvs": "-", "jml_lajur": "3", "panjang_m": "16,5", "luas_m": "247,5", "status": "Konstruksi", "sub_status": "Pekerjaan Fisik", "region": "Jabodetabek", "bujt": "PT. Translingkar Kita Jaya", "kodefikasi": "B16", "no": 9, "shape_leng": 0, "keterangan": " ", "creator": null, "created": null, "updater": null, "updated": null, "sync_state": 0, "last_sync": 1765414802000, "Nm_Ruas": null, "Status": null, "Propinsi": null, "Kab_Kot": null, "Panjang": null, "Segmen": null, "Satwil": null }, "geometry": { "type": "Point", "coordinates": [ 106.811804493000068, -6.368428341999959 ] } },
{ "type": "Feature", "properties": { "orig_fid": 204, "id": 0, "objectid": 204, "kode_ruas": "cijago", "ruas": "Cinere - Jagorawi", "kode_gt": "cijago_kukusan3", "nama": "GT KUKUSAN 3", "seksi": 0, "sta": "14+383", "foto": " ", "layer": "Gerbang Tol", "koord_x": "106.811529130037", "koord_y": "-6.36887539860436", "jml_gardu": "3", "jmlgrdrvs": "-", "jml_lajur": "3", "panjang_m": "16,5", "luas_m": "247,5", "status": "Konstruksi", "sub_status": "Pekerjaan Fisik", "region": "Jabodetabek", "bujt": "PT. Translingkar Kita Jaya", "kodefikasi": "B16", "no": 8, "shape_leng": 0, "keterangan": " ", "creator": null, "created": null, "updater": null, "updated": null, "sync_state": 0, "last_sync": 1765414802000, "Nm_Ruas": null, "Status": null, "Propinsi": null, "Kab_Kot": null, "Panjang": null, "Segmen": null, "Satwil": null }, "geometry": { "type": "Point", "coordinates": [ 106.811529130000054, -6.368875398999933 ] } },
{ "type": "Feature", "properties": { "orig_fid": 205, "id": 0, "objectid": 205, "kode_ruas": "cijago", "ruas": "Cinere - Jagorawi", "kode_gt": "cijago_krukut4", "nama": "GT KRUKUT 4", "seksi": 0, "sta": "12+286", "foto": " ", "layer": "Gerbang Tol", "koord_x": "106.792782450923", "koord_y": "-6.36547724825574", "jml_gardu": "3", "jmlgrdrvs": "-", "jml_lajur": "4", "panjang_m": "16,5", "luas_m": "247,5", "status": "Konstruksi", "sub_status": "Pekerjaan Fisik", "region": "Jabodetabek", "bujt": "PT. Translingkar Kita Jaya", "kodefikasi": "B16", "no": 4, "shape_leng": 0, "keterangan": " ", "creator": null, "created": null, "updater": null, "updated": null, "sync_state": 0, "last_sync": 1765414802000, "Nm_Ruas": null, "Status": null, "Propinsi": null, "Kab_Kot": null, "Panjang": null, "Segmen": null, "Satwil": null }, "geometry": { "type": "Point", "coordinates": [ 106.792782451000051, -6.365477247999934 ] } },
{ "type": "Feature", "properties": { "orig_fid": 206, "id": 0, "objectid": 206, "kode_ruas": "cijago", "ruas": "Cinere - Jagorawi", "kode_gt": "cijago_krukut5", "nama": "GT KRUKUT 5", "seksi": 0, "sta": "12+133", "foto": " ", "layer": "Gerbang Tol", "koord_x": "106.791646699706", "koord_y": "-6.36526498713763", "jml_gardu": "4", "jmlgrdrvs": "-", "jml_lajur": "4", "panjang_m": "20", "luas_m": "300", "status": "Konstruksi", "sub_status": "Pekerjaan Fisik", "region": "Jabodetabek", "bujt": "PT. Translingkar Kita Jaya", "kodefikasi": "B16", "no": 5, "shape_leng": 0, "keterangan": " ", "creator": null, "created": null, "updater": null, "updated": null, "sync_state": 0, "last_sync": 1765414802000, "Nm_Ruas": null, "Status": null, "Propinsi": null, "Kab_Kot": null, "Panjang": null, "Segmen": null, "Satwil": null }, "geometry": { "type": "Point", "coordinates": [ 106.791646700000058, -6.365264986999932 ] } },
{ "type": "Feature", "properties": { "orig_fid": 207, "id": 275, "objectid": 207, "kode_ruas": "cijago", "ruas": "Cinere - Jagorawi", "kode_gt": "cijago_cisalak2", "nama": "GT CISALAK 2", "seksi": 0, "sta": "21+288", "foto": "http://gis.bpjt.pu.go.id/data/foto/gt/gtcisalak2.*", "layer": "Gerbang Tol", "koord_x": "106.87156988376", "koord_y": "-6.38219461759988", "jml_gardu": "5", "jmlgrdrvs": " ", "jml_lajur": "4", "panjang_m": "17,4", "luas_m": "261", "status": "Operasi", "sub_status": "Operasi Sebagian", "region": "Jabodetabek", "bujt": "PT. Translingkar Kita Jaya", "kodefikasi": "B16", "no": 14, "shape_leng": 0, "keterangan": "GT CISALAK 2", "creator": null, "created": null, "updater": null, "updated": null, "sync_state": 0, "last_sync": 1765414802000, "Nm_Ruas": null, "Status": null, "Propinsi": null, "Kab_Kot": null, "Panjang": null, "Segmen": null, "Satwil": null }, "geometry": { "type": "Point", "coordinates": [ 106.871569884000053, -6.382194617999971 ] } },
{ "type": "Feature", "properties": { "orig_fid": 208, "id": 0, "objectid": 208, "kode_ruas": "cijago", "ruas": "Cinere - Jagorawi", "kode_gt": "cijago_limo1", "nama": "GT LIMO 1", "seksi": 0, "sta": "10+000", "foto": " ", "layer": "Gerbang Tol", "koord_x": "106.773520714182", "koord_y": "-6.3607029000589", "jml_gardu": "5", "jmlgrdrvs": "-", "jml_lajur": "2", "panjang_m": "38", "luas_m": "570", "status": "Konstruksi", "sub_status": "Pekerjaan Fisik", "region": "Jabodetabek", "bujt": "PT. Translingkar Kita Jaya", "kodefikasi": "B16", "no": 1, "shape_leng": 0, "keterangan": " ", "creator": null, "created": null, "updater": null, "updated": null, "sync_state": 0, "last_sync": 1765414802000, "Nm_Ruas": null, "Status": null, "Propinsi": null, "Kab_Kot": null, "Panjang": null, "Segmen": null, "Satwil": null }, "geometry": { "type": "Point", "coordinates": [ 106.773520714000085, -6.360702899999978 ] } },
{ "type": "Feature", "properties": { "orig_fid": 209, "id": 0, "objectid": 209, "kode_ruas": "cijago", "ruas": "Cinere - Jagorawi", "kode_gt": "cijago_limo2", "nama": "GT LIMO 2", "seksi": 0, "sta": "10+087", "foto": " ", "layer": "Gerbang Tol", "koord_x": "106.773731326679", "koord_y": "-6.36299572083787", "jml_gardu": "5", "jmlgrdrvs": "-", "jml_lajur": "5", "panjang_m": "38", "luas_m": "570", "status": "Konstruksi", "sub_status": "Pekerjaan Fisik", "region": "Jabodetabek", "bujt": "PT. Translingkar Kita Jaya", "kodefikasi": "B16", "no": 2, "shape_leng": 0, "keterangan": " ", "creator": null, "created": null, "updater": null, "updated": null, "sync_state": 0, "last_sync": 1765414802000, "Nm_Ruas": null, "Status": null, "Propinsi": null, "Kab_Kot": null, "Panjang": null, "Segmen": null, "Satwil": null }, "geometry": { "type": "Point", "coordinates": [ 106.773731327000064, -6.362995720999947 ] } },
{ "type": "Feature", "properties": { "orig_fid": 210, "id": 0, "objectid": 210, "kode_ruas": "cijago", "ruas": "Cinere - Jagorawi", "kode_gt": "cijago_krukut27", "nama": "GT KRUKUT 27", "seksi": 0, "sta": "11+468", "foto": " ", "layer": "Gerbang Tol", "koord_x": "106.786166567446", "koord_y": "-6.36281359079323", "jml_gardu": "5", "jmlgrdrvs": "-", "jml_lajur": "5", "panjang_m": "24", "luas_m": "336", "status": "Konstruksi", "sub_status": "Pekerjaan Fisik", "region": "Jabodetabek", "bujt": "PT. Translingkar Kita Jaya", "kodefikasi": "B16", "no": 3, "shape_leng": 0, "keterangan": " ", "creator": null, "created": null, "updater": null, "updated": null, "sync_state": 0, "last_sync": 1765414802000, "Nm_Ruas": null, "Status": null, "Propinsi": null, "Kab_Kot": null, "Panjang": null, "Segmen": null, "Satwil": null }, "geometry": { "type": "Point", "coordinates": [ 106.786166567000066, -6.362813590999963 ] } },
{ "type": "Feature", "properties": { "orig_fid": 211, "id": 403, "objectid": 211, "kode_ruas": "pbu", "ruas": "Ulujami - Pondok Aren", "kode_gt": "pbu_bintaro_viaduct", "nama": "GT BINTARO 2", "seksi": 0, "sta": "3+044", "foto": "http://gis.bpjt.pu.go.id/data/foto/gt/notfound.jpg", "layer": "Gerbang Tol", "koord_x": "106.748605987533", "koord_y": "-6.27304417761803", "jml_gardu": "2", "jmlgrdrvs": " ", "jml_lajur": "2", "panjang_m": " ", "luas_m": " ", "status": "Operasi", "sub_status": "Operasi Penuh", "region": "Jabodetabek", "bujt": "PT. Jasamarga (Persero) Tbk", "kodefikasi": "B08", "no": 1, "shape_leng": 0, "keterangan": "GT BINTARO 2", "creator": null, "created": null, "updater": null, "updated": null, "sync_state": 0, "last_sync": 1765414802000, "Nm_Ruas": null, "Status": null, "Propinsi": null, "Kab_Kot": null, "Panjang": null, "Segmen": null, "Satwil": null }, "geometry": { "type": "Point", "coordinates": [ 106.748605988000065, -6.273044177999964 ] } },
{ "type": "Feature", "properties": { "orig_fid": 212, "id": 0, "objectid": 212, "kode_ruas": " ", "ruas": "Cengkareng - Kunciran", "kode_gt": " ", "nama": "GT BUARAN INDAH 2", "seksi": 0, "sta": "9+366", "foto": " ", "layer": "Gerbang Tol", "koord_x": "106.652646087999", "koord_y": "-6.18148136966933", "jml_gardu": "3", "jmlgrdrvs": "-", "jml_lajur": "2", "panjang_m": " ", "luas_m": "447", "status": "Operasi", "sub_status": "Operasi Penuh", "region": "Jabodetabek", "bujt": "PT. Jasamarga Kunciran Cengkareng", "kodefikasi": "B05", "no": 5, "shape_leng": 0, "keterangan": " ", "creator": null, "created": null, "updater": null, "updated": null, "sync_state": 0, "last_sync": 1765414802000, "Nm_Ruas": null, "Status": null, "Propinsi": null, "Kab_Kot": null, "Panjang": null, "Segmen": null, "Satwil": null }, "geometry": { "type": "Point", "coordinates": [ 106.65264608800004, -6.181481369999972 ] } },
{ "type": "Feature", "properties": { "orig_fid": 213, "id": 0, "objectid": 213, "kode_ruas": " ", "ruas": "Cengkareng - Kunciran", "kode_gt": " ", "nama": "GT PINANG 2", "seksi": 0, "sta": "12+442", "foto": " ", "layer": "Gerbang Tol", "koord_x": "106.657008583782", "koord_y": "-6.20805916662223", "jml_gardu": "3", "jmlgrdrvs": "-", "jml_lajur": "2", "panjang_m": " ", "luas_m": "451", "status": "Operasi", "sub_status": "Operasi Penuh", "region": "Jabodetabek", "bujt": "PT. Jasamarga Kunciran Cengkareng", "kodefikasi": "B05", "no": 7, "shape_leng": 0, "keterangan": " ", "creator": null, "created": null, "updater": null, "updated": null, "sync_state": 0, "last_sync": 1765414802000, "Nm_Ruas": null, "Status": null, "Propinsi": null, "Kab_Kot": null, "Panjang": null, "Segmen": null, "Satwil": null }, "geometry": { "type": "Point", "coordinates": [ 106.657008584000039, -6.208059166999931 ] } },
{ "type": "Feature", "properties": { "orig_fid": 214, "id": 0, "objectid": 214, "kode_ruas": " ", "ruas": "Cengkareng - Kunciran", "kode_gt": " ", "nama": "GT PINANG 1", "seksi": 0, "sta": "12+500", "foto": " ", "layer": "Gerbang Tol", "koord_x": "106.657804005649", "koord_y": "-6.20823038091394", "jml_gardu": "3", "jmlgrdrvs": "-", "jml_lajur": "2", "panjang_m": " ", "luas_m": "405", "status": "Operasi", "sub_status": "Operasi Penuh", "region": "Jabodetabek", "bujt": "PT. Jasamarga Kunciran Cengkareng", "kodefikasi": "B05", "no": 6, "shape_leng": 0, "keterangan": " ", "creator": null, "created": null, "updater": null, "updated": null, "sync_state": 0, "last_sync": 1765414802000, "Nm_Ruas": null, "Status": null, "Propinsi": null, "Kab_Kot": null, "Panjang": null, "Segmen": null, "Satwil": null }, "geometry": { "type": "Point", "coordinates": [ 106.657804006000049, -6.208230380999964 ] } },
{ "type": "Feature", "properties": { "orig_fid": 215, "id": 0, "objectid": 215, "kode_ruas": " ", "ruas": "Cengkareng - Kunciran", "kode_gt": " ", "nama": "GT KUNCIRAN 7", "seksi": 0, "sta": "13+700", "foto": " ", "layer": "Gerbang Tol", "koord_x": "106.66533993404", "koord_y": "-6.21558392338234", "jml_gardu": "3", "jmlgrdrvs": "-", "jml_lajur": "2", "panjang_m": " ", "luas_m": "457", "status": "Operasi", "sub_status": "Operasi Penuh", "region": "Jabodetabek", "bujt": "PT. Jasamarga Kunciran Cengkareng", "kodefikasi": "B05", "no": 11, "shape_leng": 0, "keterangan": " ", "creator": null, "created": null, "updater": null, "updated": null, "sync_state": 0, "last_sync": 1765414802000, "Nm_Ruas": null, "Status": null, "Propinsi": null, "Kab_Kot": null, "Panjang": null, "Segmen": null, "Satwil": null }, "geometry": { "type": "Point", "coordinates": [ 106.665339934000087, -6.21558392299994 ] } },
{ "type": "Feature", "properties": { "orig_fid": 216, "id": 0, "objectid": 216, "kode_ruas": " ", "ruas": "Cengkareng - Kunciran", "kode_gt": " ", "nama": "GT KUNCIRAN 6", "seksi": 0, "sta": "0+305", "foto": " ", "layer": "Gerbang Tol", "koord_x": "106.668193840023", "koord_y": "-6.21653145941373", "jml_gardu": "4", "jmlgrdrvs": "-", "jml_lajur": "3", "panjang_m": " ", "luas_m": "651", "status": "Operasi", "sub_status": "Operasi Penuh", "region": "Jabodetabek", "bujt": "PT. Jasamarga Kunciran Cengkareng", "kodefikasi": "B05", "no": 10, "shape_leng": 0, "keterangan": " ", "creator": null, "created": null, "updater": null, "updated": null, "sync_state": 0, "last_sync": 1765414802000, "Nm_Ruas": null, "Status": null, "Propinsi": null, "Kab_Kot": null, "Panjang": null, "Segmen": null, "Satwil": null }, "geometry": { "type": "Point", "coordinates": [ 106.668193840000072, -6.216531458999953 ] } },
{ "type": "Feature", "properties": { "orig_fid": 217, "id": 0, "objectid": 217, "kode_ruas": " ", "ruas": "Cengkareng - Kunciran", "kode_gt": " ", "nama": "GT PINANG 4", "seksi": 0, "sta": "12+146", "foto": " ", "layer": "Gerbang Tol", "koord_x": "106.656139419861", "koord_y": "-6.2055472875401", "jml_gardu": "3", "jmlgrdrvs": "-", "jml_lajur": "2", "panjang_m": " ", "luas_m": "236", "status": "Operasi", "sub_status": "Operasi Penuh", "region": "Jabodetabek", "bujt": "PT. Jasamarga Kunciran Cengkareng", "kodefikasi": "B05", "no": 9, "shape_leng": 0, "keterangan": " ", "creator": null, "created": null, "updater": null, "updated": null, "sync_state": 0, "last_sync": 1765414802000, "Nm_Ruas": null, "Status": null, "Propinsi": null, "Kab_Kot": null, "Panjang": null, "Segmen": null, "Satwil": null }, "geometry": { "type": "Point", "coordinates": [ 106.656139420000045, -6.205547287999934 ] } },
{ "type": "Feature", "properties": { "orig_fid": 218, "id": 0, "objectid": 218, "kode_ruas": " ", "ruas": "Cengkareng - Kunciran", "kode_gt": " ", "nama": "GT PINANG 3", "seksi": 0, "sta": "12+075", "foto": " ", "layer": "Gerbang Tol", "koord_x": "106.655422530126", "koord_y": "-6.20509864845561", "jml_gardu": "3", "jmlgrdrvs": "-", "jml_lajur": "2", "panjang_m": " ", "luas_m": "232", "status": "Operasi", "sub_status": "Operasi Penuh", "region": "Jabodetabek", "bujt": "PT. Jasamarga Kunciran Cengkareng", "kodefikasi": "B05", "no": 8, "shape_leng": 0, "keterangan": " ", "creator": null, "created": null, "updater": null, "updated": null, "sync_state": 0, "last_sync": 1765414802000, "Nm_Ruas": null, "Status": null, "Propinsi": null, "Kab_Kot": null, "Panjang": null, "Segmen": null, "Satwil": null }, "geometry": { "type": "Point", "coordinates": [ 106.655422530000067, -6.205098647999932 ] } },
{ "type": "Feature", "properties": { "orig_fid": 219, "id": 0, "objectid": 219, "kode_ruas": " ", "ruas": "Cengkareng - Kunciran", "kode_gt": " ", "nama": "GT BUARAN INDAH 1", "seksi": 0, "sta": "9+260", "foto": " ", "layer": "Gerbang Tol", "koord_x": "106.653468422807", "koord_y": "-6.18076004204729", "jml_gardu": "3", "jmlgrdrvs": "-", "jml_lajur": "2", "panjang_m": " ", "luas_m": "433", "status": "Operasi", "sub_status": "Operasi Penuh", "region": "Jabodetabek", "bujt": "PT. Jasamarga Kunciran Cengkareng", "kodefikasi": "B05", "no": 4, "shape_leng": 0, "keterangan": " ", "creator": null, "created": null, "updater": null, "updated": null, "sync_state": 0, "last_sync": 1765414802000, "Nm_Ruas": null, "Status": null, "Propinsi": null, "Kab_Kot": null, "Panjang": null, "Segmen": null, "Satwil": null }, "geometry": { "type": "Point", "coordinates": [ 106.653468423000049, -6.180760041999974 ] } },
{ "type": "Feature", "properties": { "orig_fid": 220, "id": 0, "objectid": 220, "kode_ruas": " ", "ruas": "Cengkareng - Kunciran", "kode_gt": " ", "nama": "GT TANAH TINGGI 2", "seksi": 0, "sta": "7+870", "foto": " ", "layer": "Gerbang Tol", "koord_x": "106.653276194449", "koord_y": "-6.16822823230365", "jml_gardu": "3", "jmlgrdrvs": "-", "jml_lajur": "2", "panjang_m": " ", "luas_m": "269", "status": "Operasi", "sub_status": "Operasi Penuh", "region": "Jabodetabek", "bujt": "PT. Jasamarga Kunciran Cengkareng", "kodefikasi": "B05", "no": 3, "shape_leng": 0, "keterangan": " ", "creator": null, "created": null, "updater": null, "updated": null, "sync_state": 0, "last_sync": 1765414802000, "Nm_Ruas": null, "Status": null, "Propinsi": null, "Kab_Kot": null, "Panjang": null, "Segmen": null, "Satwil": null }, "geometry": { "type": "Point", "coordinates": [ 106.653276194000057, -6.168228231999933 ] } },
{ "type": "Feature", "properties": { "orig_fid": 221, "id": 0, "objectid": 221, "kode_ruas": " ", "ruas": "Cengkareng - Kunciran", "kode_gt": " ", "nama": "GT TANAH TINGGI 1", "seksi": 0, "sta": "7+800", "foto": " ", "layer": "Gerbang Tol", "koord_x": "106.653905431849", "koord_y": "-6.16773653187291", "jml_gardu": "3", "jmlgrdrvs": "-", "jml_lajur": "2", "panjang_m": " ", "luas_m": "294", "status": "Operasi", "sub_status": "Operasi Penuh", "region": "Jabodetabek", "bujt": "PT. Jasamarga Kunciran Cengkareng", "kodefikasi": "B05", "no": 2, "shape_leng": 0, "keterangan": " ", "creator": null, "created": null, "updater": null, "updated": null, "sync_state": 0, "last_sync": 1765414802000, "Nm_Ruas": null, "Status": null, "Propinsi": null, "Kab_Kot": null, "Panjang": null, "Segmen": null, "Satwil": null }, "geometry": { "type": "Point", "coordinates": [ 106.653905432000045, -6.167736531999935 ] } },
{ "type": "Feature", "properties": { "orig_fid": 222, "id": 0, "objectid": 222, "kode_ruas": " ", "ruas": "Cengkareng - Kunciran", "kode_gt": " ", "nama": "GT BENDA UTAMA", "seksi": 0, "sta": "2+455", "foto": " ", "layer": "Gerbang Tol", "koord_x": "106.681669350345", "koord_y": "-6.135508525902", "jml_gardu": "18", "jmlgrdrvs": "5", "jml_lajur": "17", "panjang_m": " ", "luas_m": "1.946", "status": "Operasi", "sub_status": "Operasi Penuh", "region": "Jabodetabek", "bujt": "PT. Jasamarga Kunciran Cengkareng", "kodefikasi": "B05", "no": 1, "shape_leng": 0, "keterangan": " ", "creator": null, "created": null, "updater": null, "updated": null, "sync_state": 0, "last_sync": 1765414802000, "Nm_Ruas": null, "Status": null, "Propinsi": null, "Kab_Kot": null, "Panjang": null, "Segmen": null, "Satwil": null }, "geometry": { "type": "Point", "coordinates": [ 106.68166935000005, -6.135508525999967 ] } },
{ "type": "Feature", "properties": { "orig_fid": 223, "id": 0, "objectid": 223, "kode_ruas": " ", "ruas": "Cengkareng - Kunciran", "kode_gt": " ", "nama": "GT KUNCIRAN 8", "seksi": 0, "sta": "0+892", "foto": " ", "layer": "Gerbang Tol", "koord_x": "106.665751484528", "koord_y": "-6.21850879717121", "jml_gardu": "3", "jmlgrdrvs": "-", "jml_lajur": "3", "panjang_m": " ", "luas_m": " ", "status": "Operasi", "sub_status": "Operasi Penuh", "region": "Jabodetabek", "bujt": "PT. Jasamarga Kunciran Cengkareng", "kodefikasi": "B05", "no": 12, "shape_leng": 0, "keterangan": " ", "creator": null, "created": null, "updater": null, "updated": null, "sync_state": 0, "last_sync": 1765414802000, "Nm_Ruas": null, "Status": null, "Propinsi": null, "Kab_Kot": null, "Panjang": null, "Segmen": null, "Satwil": null }, "geometry": { "type": "Point", "coordinates": [ 106.665751485000044, -6.21850879699997 ] } },
{ "type": "Feature", "properties": { "orig_fid": 224, "id": 0, "objectid": 224, "kode_ruas": " ", "ruas": "Solo - Yogyakarta - NYIA Kulonprogo", "kode_gt": " ", "nama": "GT KARTASURA", "seksi": 0, "sta": "1+915", "foto": " ", "layer": "Gerbang Tol", "koord_x": "110.701455134228", "koord_y": "-7.54887275332085", "jml_gardu": "18", "jmlgrdrvs": " ", "jml_lajur": "3", "panjang_m": " ", "luas_m": " ", "status": "Konstruksi", "sub_status": "Pengadaan Tanah", "region": "Non Trans", "bujt": "PT. Jogjasolo Marga Makmur", "kodefikasi": "D15", "no": 1, "shape_leng": 0, "keterangan": " ", "creator": null, "created": null, "updater": null, "updated": null, "sync_state": 0, "last_sync": 1765414802000, "Nm_Ruas": null, "Status": null, "Propinsi": null, "Kab_Kot": null, "Panjang": null, "Segmen": null, "Satwil": null }, "geometry": { "type": "Point", "coordinates": [ 110.701455134000071, -7.548872752999955 ] } },
{ "type": "Feature", "properties": { "orig_fid": 225, "id": 0, "objectid": 225, "kode_ruas": " ", "ruas": "Solo - Yogyakarta - NYIA Kulonprogo", "kode_gt": " ", "nama": "GT KARANGANOM", "seksi": 0, "sta": "13+000", "foto": " ", "layer": "Gerbang Tol", "koord_x": "110.668925646684", "koord_y": "-7.6449408573945", "jml_gardu": "18", "jmlgrdrvs": " ", "jml_lajur": "3", "panjang_m": " ", "luas_m": " ", "status": "Konstruksi", "sub_status": "Pengadaan Tanah", "region": "Non Trans", "bujt": "PT. Jogjasolo Marga Makmur", "kodefikasi": "D15", "no": 2, "shape_leng": 0, "keterangan": " ", "creator": null, "created": null, "updater": null, "updated": null, "sync_state": 0, "last_sync": 1765414802000, "Nm_Ruas": null, "Status": null, "Propinsi": null, "Kab_Kot": null, "Panjang": null, "Segmen": null, "Satwil": null }, "geometry": { "type": "Point", "coordinates": [ 110.668925647000037, -7.644940856999938 ] } },
{ "type": "Feature", "properties": { "orig_fid": 226, "id": 0, "objectid": 226, "kode_ruas": " ", "ruas": "Solo - Yogyakarta - NYIA Kulonprogo", "kode_gt": " ", "nama": "GT KLATEN", "seksi": 0, "sta": "22+300", "foto": " ", "layer": "Gerbang Tol", "koord_x": "110.598399581863", "koord_y": "-7.67853036844363", "jml_gardu": "18", "jmlgrdrvs": " ", "jml_lajur": "3", "panjang_m": " ", "luas_m": " ", "status": "Konstruksi", "sub_status": "Pengadaan Tanah", "region": "Non Trans", "bujt": "PT. Jogjasolo Marga Makmur", "kodefikasi": "D15", "no": 3, "shape_leng": 0, "keterangan": " ", "creator": null, "created": null, "updater": null, "updated": null, "sync_state": 0, "last_sync": 1765414802000, "Nm_Ruas": null, "Status": null, "Propinsi": null, "Kab_Kot": null, "Panjang": null, "Segmen": null, "Satwil": null }, "geometry": { "type": "Point", "coordinates": [ 110.59839958200007, -7.67853036799994 ] } },
{ "type": "Feature", "properties": { "orig_fid": 227, "id": 0, "objectid": 227, "kode_ruas": " ", "ruas": "Solo - Yogyakarta - NYIA Kulonprogo", "kode_gt": " ", "nama": "GT PRAMBANAN", "seksi": 0, "sta": "30+900", "foto": " ", "layer": "Gerbang Tol", "koord_x": "110.533253322416", "koord_y": "-7.72674506264723", "jml_gardu": "18", "jmlgrdrvs": " ", "jml_lajur": "3", "panjang_m": " ", "luas_m": " ", "status": "Konstruksi", "sub_status": "Pengadaan Tanah", "region": "Non Trans", "bujt": "PT. Jogjasolo Marga Makmur", "kodefikasi": "D15", "no": 4, "shape_leng": 0, "keterangan": " ", "creator": null, "created": null, "updater": null, "updated": null, "sync_state": 0, "last_sync": 1765414802000, "Nm_Ruas": null, "Status": null, "Propinsi": null, "Kab_Kot": null, "Panjang": null, "Segmen": null, "Satwil": null }, "geometry": { "type": "Point", "coordinates": [ 110.533253322000064, -7.726745062999953 ] } },
{ "type": "Feature", "properties": { "orig_fid": 228, "id": 0, "objectid": 228, "kode_ruas": " ", "ruas": "Solo - Yogyakarta - NYIA Kulonprogo", "kode_gt": " ", "nama": "GT MANISRENGGO", "seksi": 0, "sta": "30+900", "foto": " ", "layer": "Gerbang Tol", "koord_x": "110.522727733639", "koord_y": "-7.70341273138318", "jml_gardu": "18", "jmlgrdrvs": " ", "jml_lajur": "3", "panjang_m": " ", "luas_m": " ", "status": "Konstruksi", "sub_status": "Pengadaan Tanah", "region": "Non Trans", "bujt": "PT. Jogjasolo Marga Makmur", "kodefikasi": "D15", "no": 5, "shape_leng": 0, "keterangan": " ", "creator": null, "created": null, "updater": null, "updated": null, "sync_state": 0, "last_sync": 1765414802000, "Nm_Ruas": null, "Status": null, "Propinsi": null, "Kab_Kot": null, "Panjang": null, "Segmen": null, "Satwil": null }, "geometry": { "type": "Point", "coordinates": [ 110.522727734000057, -7.703412730999958 ] } },
{ "type": "Feature", "properties": { "orig_fid": 229, "id": 0, "objectid": 229, "kode_ruas": " ", "ruas": "Solo - Yogyakarta - NYIA Kulonprogo", "kode_gt": " ", "nama": "GT PURWOMARTANI", "seksi": 0, "sta": "42+375", "foto": " ", "layer": "Gerbang Tol", "koord_x": "110.464284793707", "koord_y": "-7.77242638358261", "jml_gardu": "18", "jmlgrdrvs": " ", "jml_lajur": "3", "panjang_m": " ", "luas_m": " ", "status": "Konstruksi", "sub_status": "Pengadaan Tanah", "region": "Non Trans", "bujt": "PT. Jogjasolo Marga Makmur", "kodefikasi": "D15", "no": 6, "shape_leng": 0, "keterangan": " ", "creator": null, "created": null, "updater": null, "updated": null, "sync_state": 0, "last_sync": 1765414802000, "Nm_Ruas": null, "Status": null, "Propinsi": null, "Kab_Kot": null, "Panjang": null, "Segmen": null, "Satwil": null }, "geometry": { "type": "Point", "coordinates": [ 110.464284794000037, -7.772426383999971 ] } },
{ "type": "Feature", "properties": { "orig_fid": 230, "id": 0, "objectid": 230, "kode_ruas": " ", "ruas": "Solo - Yogyakarta - NYIA Kulonprogo", "kode_gt": " ", "nama": "GT GAMPING", "seksi": 0, "sta": "7+420", "foto": " ", "layer": "Gerbang Tol", "koord_x": "110.306944529403", "koord_y": "-7.79933277307151", "jml_gardu": "18", "jmlgrdrvs": " ", "jml_lajur": "3", "panjang_m": " ", "luas_m": " ", "status": "Konstruksi", "sub_status": "Pengadaan Tanah", "region": "Non Trans", "bujt": "PT. Jogjasolo Marga Makmur", "kodefikasi": "D15", "no": 7, "shape_leng": 0, "keterangan": " ", "creator": null, "created": null, "updater": null, "updated": null, "sync_state": 0, "last_sync": 1765414802000, "Nm_Ruas": null, "Status": null, "Propinsi": null, "Kab_Kot": null, "Panjang": null, "Segmen": null, "Satwil": null }, "geometry": { "type": "Point", "coordinates": [ 110.306944529000077, -7.799332772999946 ] } },
{ "type": "Feature", "properties": { "orig_fid": 231, "id": 0, "objectid": 231, "kode_ruas": " ", "ruas": "Solo - Yogyakarta - NYIA Kulonprogo", "kode_gt": " ", "nama": "GT SENTOLO", "seksi": 0, "sta": "17+275", "foto": " ", "layer": "Gerbang Tol", "koord_x": "110.220454594333", "koord_y": "-7.81789588080419", "jml_gardu": "18", "jmlgrdrvs": " ", "jml_lajur": "3", "panjang_m": " ", "luas_m": " ", "status": "Konstruksi", "sub_status": "Pengadaan Tanah", "region": "Non Trans", "bujt": "PT. Jogjasolo Marga Makmur", "kodefikasi": "D15", "no": 8, "shape_leng": 0, "keterangan": " ", "creator": null, "created": null, "updater": null, "updated": null, "sync_state": 0, "last_sync": 1765414802000, "Nm_Ruas": null, "Status": null, "Propinsi": null, "Kab_Kot": null, "Panjang": null, "Segmen": null, "Satwil": null }, "geometry": { "type": "Point", "coordinates": [ 110.220454594000046, -7.81789588099997 ] } },
{ "type": "Feature", "properties": { "orig_fid": 232, "id": 0, "objectid": 232, "kode_ruas": " ", "ruas": "Solo - Yogyakarta - NYIA Kulonprogo", "kode_gt": " ", "nama": "GT WATES", "seksi": 0, "sta": "25+270", "foto": " ", "layer": "Gerbang Tol", "koord_x": "110.160360952077", "koord_y": "-7.84597771305618", "jml_gardu": "18", "jmlgrdrvs": " ", "jml_lajur": "3", "panjang_m": " ", "luas_m": " ", "status": "Konstruksi", "sub_status": "Pengadaan Tanah", "region": "Non Trans", "bujt": "PT. Jogjasolo Marga Makmur", "kodefikasi": "D15", "no": 9, "shape_leng": 0, "keterangan": " ", "creator": null, "created": null, "updater": null, "updated": null, "sync_state": 0, "last_sync": 1765414802000, "Nm_Ruas": null, "Status": null, "Propinsi": null, "Kab_Kot": null, "Panjang": null, "Segmen": null, "Satwil": null }, "geometry": { "type": "Point", "coordinates": [ 110.160360952000076, -7.845977712999968 ] } },
{ "type": "Feature", "properties": { "orig_fid": 233, "id": 0, "objectid": 233, "kode_ruas": " ", "ruas": "Solo - Yogyakarta - NYIA Kulonprogo", "kode_gt": " ", "nama": "GT KULON PROGO", "seksi": 0, "sta": "36+437", "foto": " ", "layer": "Gerbang Tol", "koord_x": "110.060347490998", "koord_y": "-7.87805831711488", "jml_gardu": "18", "jmlgrdrvs": " ", "jml_lajur": "3", "panjang_m": " ", "luas_m": " ", "status": "Konstruksi", "sub_status": "Pengadaan Tanah", "region": "Non Trans", "bujt": "PT. Jogjasolo Marga Makmur", "kodefikasi": "D15", "no": 10, "shape_leng": 0, "keterangan": " ", "creator": null, "created": null, "updater": null, "updated": null, "sync_state": 0, "last_sync": 1765414802000, "Nm_Ruas": null, "Status": null, "Propinsi": null, "Kab_Kot": null, "Panjang": null, "Segmen": null, "Satwil": null }, "geometry": { "type": "Point", "coordinates": [ 110.060347491000073, -7.878058316999955 ] } },
{ "type": "Feature", "properties": { "orig_fid": 234, "id": 0, "objectid": 234, "kode_ruas": " ", "ruas": "Kayu Agung - Palembang - Betung", "kode_gt": " ", "nama": "GT GANDUS", "seksi": 0, "sta": "0+562", "foto": " ", "layer": "Gerbang Tol", "koord_x": "104.668857196364", "koord_y": "-3.00810837824918", "jml_gardu": " ", "jmlgrdrvs": " ", "jml_lajur": " ", "panjang_m": "625", "luas_m": " ", "status": "Konstruksi", "sub_status": "Pekerjaan Fisik", "region": "Trans Sumatera", "bujt": "PT. Waskita Sriwijaya Tol", "kodefikasi": "C10", "no": 5, "shape_leng": 0, "keterangan": " ", "creator": null, "created": null, "updater": null, "updated": null, "sync_state": 0, "last_sync": 1765414802000, "Nm_Ruas": null, "Status": null, "Propinsi": null, "Kab_Kot": null, "Panjang": null, "Segmen": null, "Satwil": null }, "geometry": { "type": "Point", "coordinates": [ 104.668857196000033, -3.008108377999974 ] } },
{ "type": "Feature", "properties": { "orig_fid": 235, "id": 0, "objectid": 235, "kode_ruas": " ", "ruas": "Kayu Agung - Palembang - Betung", "kode_gt": " ", "nama": "GT SUNGAI RENGAS", "seksi": 0, "sta": "1+978", "foto": " ", "layer": "Gerbang Tol", "koord_x": "104.621234775357", "koord_y": "-2.93272866433123", "jml_gardu": " ", "jmlgrdrvs": " ", "jml_lajur": " ", "panjang_m": "619", "luas_m": " ", "status": "Konstruksi", "sub_status": "Pekerjaan Fisik", "region": "Trans Sumatera", "bujt": "PT. Waskita Sriwijaya Tol", "kodefikasi": "C10", "no": 6, "shape_leng": 0, "keterangan": " ", "creator": null, "created": null, "updater": null, "updated": null, "sync_state": 0, "last_sync": 1765414802000, "Nm_Ruas": null, "Status": null, "Propinsi": null, "Kab_Kot": null, "Panjang": null, "Segmen": null, "Satwil": null }, "geometry": { "type": "Point", "coordinates": [ 104.621234775000062, -2.932728663999967 ] } },
{ "type": "Feature", "properties": { "orig_fid": 236, "id": 0, "objectid": 236, "kode_ruas": " ", "ruas": "Kayu Agung - Palembang - Betung", "kode_gt": " ", "nama": "GT PULAU RIMO", "seksi": 0, "sta": "2+250", "foto": " ", "layer": "Gerbang Tol", "koord_x": "104.517406586241", "koord_y": "-2.90701286396815", "jml_gardu": " ", "jmlgrdrvs": " ", "jml_lajur": " ", "panjang_m": "614", "luas_m": " ", "status": "Konstruksi", "sub_status": "Pekerjaan Fisik", "region": "Trans Sumatera", "bujt": "PT. Waskita Sriwijaya Tol", "kodefikasi": "C10", "no": 7, "shape_leng": 0, "keterangan": " ", "creator": null, "created": null, "updater": null, "updated": null, "sync_state": 0, "last_sync": 1765414802000, "Nm_Ruas": null, "Status": null, "Propinsi": null, "Kab_Kot": null, "Panjang": null, "Segmen": null, "Satwil": null }, "geometry": { "type": "Point", "coordinates": [ 104.51740658600005, -2.907012863999967 ] } },
{ "type": "Feature", "properties": { "orig_fid": 237, "id": 0, "objectid": 237, "kode_ruas": " ", "ruas": "Kayu Agung - Palembang - Betung", "kode_gt": " ", "nama": "GT SIRAN PULAU PADANG", "seksi": 0, "sta": "2+025", "foto": " ", "layer": "Gerbang Tol", "koord_x": "104.841904649961", "koord_y": "-3.25913328523029", "jml_gardu": " ", "jmlgrdrvs": " ", "jml_lajur": " ", "panjang_m": " ", "luas_m": " ", "status": "Konstruksi", "sub_status": "Pekerjaan Fisik", "region": "Trans Sumatera", "bujt": "PT. Waskita Sriwijaya Tol", "kodefikasi": "C10", "no": 1, "shape_leng": 0, "keterangan": " ", "creator": null, "created": null, "updater": null, "updated": null, "sync_state": 0, "last_sync": 1765414802000, "Nm_Ruas": null, "Status": null, "Propinsi": null, "Kab_Kot": null, "Panjang": null, "Segmen": null, "Satwil": null }, "geometry": { "type": "Point", "coordinates": [ 104.84190465000006, -3.259133284999962 ] } },
{ "type": "Feature", "properties": { "orig_fid": 238, "id": 0, "objectid": 238, "kode_ruas": " ", "ruas": "Kayu Agung - Palembang - Betung", "kode_gt": " ", "nama": "GT JEJAWI", "seksi": 0, "sta": "1+788", "foto": " ", "layer": "Gerbang Tol", "koord_x": "104.841128640644", "koord_y": "-3.19962986572449", "jml_gardu": " ", "jmlgrdrvs": " ", "jml_lajur": " ", "panjang_m": " ", "luas_m": " ", "status": "Operasi", "sub_status": "Operasi Sebagian", "region": "Trans Sumatera", "bujt": "PT. Waskita Sriwijaya Tol", "kodefikasi": "C10", "no": 2, "shape_leng": 0, "keterangan": " ", "creator": null, "created": null, "updater": null, "updated": null, "sync_state": 0, "last_sync": 1765414802000, "Nm_Ruas": null, "Status": null, "Propinsi": null, "Kab_Kot": null, "Panjang": null, "Segmen": null, "Satwil": null }, "geometry": { "type": "Point", "coordinates": [ 104.841128641000068, -3.199629865999952 ] } },
{ "type": "Feature", "properties": { "orig_fid": 239, "id": 0, "objectid": 239, "kode_ruas": " ", "ruas": "Kayu Agung - Palembang - Betung", "kode_gt": " ", "nama": "GT KRAMASSAN", "seksi": 0, "sta": "0+475", "foto": " ", "layer": "Gerbang Tol", "koord_x": "104.736268504143", "koord_y": "-3.07109847832053", "jml_gardu": " ", "jmlgrdrvs": " ", "jml_lajur": " ", "panjang_m": " ", "luas_m": " ", "status": "Konstruksi", "sub_status": "Pekerjaan Fisik", "region": "Trans Sumatera", "bujt": "PT. Waskita Sriwijaya Tol", "kodefikasi": "C10", "no": 4, "shape_leng": 0, "keterangan": " ", "creator": null, "created": null, "updater": null, "updated": null, "sync_state": 0, "last_sync": 1765414802000, "Nm_Ruas": null, "Status": null, "Propinsi": null, "Kab_Kot": null, "Panjang": null, "Segmen": null, "Satwil": null }, "geometry": { "type": "Point", "coordinates": [ 104.736268504000066, -3.071098477999954 ] } },
{ "type": "Feature", "properties": { "orig_fid": 240, "id": 0, "objectid": 240, "kode_ruas": " ", "ruas": "Kayu Agung - Palembang - Betung", "kode_gt": " ", "nama": "GT PANGKALAN BALAI", "seksi": 0, "sta": "1+430", "foto": " ", "layer": "Gerbang Tol", "koord_x": "104.358775395068", "koord_y": "-2.84505944367493", "jml_gardu": " ", "jmlgrdrvs": " ", "jml_lajur": " ", "panjang_m": " ", "luas_m": " ", "status": "Konstruksi", "sub_status": "Pekerjaan Fisik", "region": "Trans Sumatera", "bujt": "PT. Waskita Sriwijaya Tol", "kodefikasi": "C10", "no": 8, "shape_leng": 0, "keterangan": " ", "creator": null, "created": null, "updater": null, "updated": null, "sync_state": 0, "last_sync": 1765414802000, "Nm_Ruas": null, "Status": null, "Propinsi": null, "Kab_Kot": null, "Panjang": null, "Segmen": null, "Satwil": null }, "geometry": { "type": "Point", "coordinates": [ 104.358775395000066, -2.845059443999958 ] } },
{ "type": "Feature", "properties": { "orig_fid": 241, "id": 231, "objectid": 241, "kode_ruas": "belmera", "ruas": "Belawan - Medan - Tanjung Morawa", "kode_gt": "belmera_belawan", "nama": "GT BELAWAN", "seksi": 0, "sta": "4+673", "foto": "http://gis.bpjt.pu.go.id/data/foto/gt/gtbelawan-.*", "layer": "Gerbang Tol", "koord_x": "98.6810356522538", "koord_y": "3.72979341413594", "jml_gardu": "7", "jmlgrdrvs": "-", "jml_lajur": "7", "panjang_m": " ", "luas_m": " ", "status": "Operasi", "sub_status": "Operasi Penuh", "region": "Trans Sumatera", "bujt": "PT. Jasamarga (Persero) Tbk", "kodefikasi": "C04", "no": 1, "shape_leng": 0, "keterangan": "GT BELAWAN", "creator": null, "created": null, "updater": null, "updated": null, "sync_state": 0, "last_sync": 1765414802000, "Nm_Ruas": "Jl. Tol Belawan - Medan - Tanjung Morawa", "Status": "Jalan Tol", "Propinsi": "Sumatera Utara", "Kab_Kot": "Kota Medan", "Panjang": 498.30786096000003, "Segmen": "SEG_000087242", "Satwil": "Polrestabes Medan" }, "geometry": { "type": "Point", "coordinates": [ 98.681035652000048, 3.729793414000028 ] } },
{ "type": "Feature", "properties": { "orig_fid": 241, "id": 231, "objectid": 241, "kode_ruas": "belmera", "ruas": "Belawan - Medan - Tanjung Morawa", "kode_gt": "belmera_belawan", "nama": "GT BELAWAN", "seksi": 0, "sta": "4+673", "foto": "http://gis.bpjt.pu.go.id/data/foto/gt/gtbelawan-.*", "layer": "Gerbang Tol", "koord_x": "98.6810356522538", "koord_y": "3.72979341413594", "jml_gardu": "7", "jmlgrdrvs": "-", "jml_lajur": "7", "panjang_m": " ", "luas_m": " ", "status": "Operasi", "sub_status": "Operasi Penuh", "region": "Trans Sumatera", "bujt": "PT. Jasamarga (Persero) Tbk", "kodefikasi": "C04", "no": 1, "shape_leng": 0, "keterangan": "GT BELAWAN", "creator": null, "created": null, "updater": null, "updated": null, "sync_state": 0, "last_sync": 1765414802000, "Nm_Ruas": "Jl. Tol Belawan - Medan - Tanjung Morawa", "Status": "Jalan Tol", "Propinsi": "Sumatera Utara", "Kab_Kot": "Kota Medan", "Panjang": 327.67904832800002, "Segmen": "SEG_000087245", "Satwil": "Polrestabes Medan" }, "geometry": { "type": "Point", "coordinates": [ 98.681035652000048, 3.729793414000028 ] } },
{ "type": "Feature", "properties": { "orig_fid": 242, "id": 233, "objectid": 242, "kode_ruas": "belmera", "ruas": "Belawan - Medan - Tanjung Morawa", "kode_gt": "belmera_mabar2", "nama": "GT MABAR 2", "seksi": 0, "sta": "10+700 A", "foto": "http://gis.bpjt.pu.go.id/data/foto/gt/gtmabar2.jpg", "layer": "Gerbang Tol", "koord_x": "98.6787610155925", "koord_y": "3.67414409387755", "jml_gardu": "6", "jmlgrdrvs": "-", "jml_lajur": "6", "panjang_m": " ", "luas_m": " ", "status": "Operasi", "sub_status": "Operasi Penuh", "region": "Trans Sumatera", "bujt": "PT. Jasamarga (Persero) Tbk", "kodefikasi": "C04", "no": 3, "shape_leng": 0, "keterangan": "GT MABAR 2", "creator": null, "created": null, "updater": null, "updated": null, "sync_state": 0, "last_sync": 1765414802000, "Nm_Ruas": "Jl. Tol Belawan - Medan - Tanjung Morawa", "Status": "Jalan Tol", "Propinsi": "Sumatera Utara", "Kab_Kot": "Kota Medan", "Panjang": 99.888492691500005, "Segmen": "SEG_000083040", "Satwil": "Polrestabes Medan" }, "geometry": { "type": "Point", "coordinates": [ 98.678761016000067, 3.674144094000042 ] } },
{ "type": "Feature", "properties": { "orig_fid": 242, "id": 233, "objectid": 242, "kode_ruas": "belmera", "ruas": "Belawan - Medan - Tanjung Morawa", "kode_gt": "belmera_mabar2", "nama": "GT MABAR 2", "seksi": 0, "sta": "10+700 A", "foto": "http://gis.bpjt.pu.go.id/data/foto/gt/gtmabar2.jpg", "layer": "Gerbang Tol", "koord_x": "98.6787610155925", "koord_y": "3.67414409387755", "jml_gardu": "6", "jmlgrdrvs": "-", "jml_lajur": "6", "panjang_m": " ", "luas_m": " ", "status": "Operasi", "sub_status": "Operasi Penuh", "region": "Trans Sumatera", "bujt": "PT. Jasamarga (Persero) Tbk", "kodefikasi": "C04", "no": 3, "shape_leng": 0, "keterangan": "GT MABAR 2", "creator": null, "created": null, "updater": null, "updated": null, "sync_state": 0, "last_sync": 1765414802000, "Nm_Ruas": "Jl. Tol Belawan - Medan - Tanjung Morawa", "Status": "Jalan Tol", "Propinsi": "Sumatera Utara", "Kab_Kot": "Kota Medan", "Panjang": 55.716006643500002, "Segmen": "SEG_000083045", "Satwil": "Polrestabes Medan" }, "geometry": { "type": "Point", "coordinates": [ 98.678761016000067, 3.674144094000042 ] } },
{ "type": "Feature", "properties": { "orig_fid": 242, "id": 233, "objectid": 242, "kode_ruas": "belmera", "ruas": "Belawan - Medan - Tanjung Morawa", "kode_gt": "belmera_mabar2", "nama": "GT MABAR 2", "seksi": 0, "sta": "10+700 A", "foto": "http://gis.bpjt.pu.go.id/data/foto/gt/gtmabar2.jpg", "layer": "Gerbang Tol", "koord_x": "98.6787610155925", "koord_y": "3.67414409387755", "jml_gardu": "6", "jmlgrdrvs": "-", "jml_lajur": "6", "panjang_m": " ", "luas_m": " ", "status": "Operasi", "sub_status": "Operasi Penuh", "region": "Trans Sumatera", "bujt": "PT. Jasamarga (Persero) Tbk", "kodefikasi": "C04", "no": 3, "shape_leng": 0, "keterangan": "GT MABAR 2", "creator": null, "created": null, "updater": null, "updated": null, "sync_state": 0, "last_sync": 1765414802000, "Nm_Ruas": "Jl. Tol Belawan - Medan - Tanjung Morawa", "Status": "Jalan Tol", "Propinsi": "Sumatera Utara", "Kab_Kot": "Kota Medan", "Panjang": 240.95320071399999, "Segmen": "SEG_000087275", "Satwil": "Polrestabes Medan" }, "geometry": { "type": "Point", "coordinates": [ 98.678761016000067, 3.674144094000042 ] } },
{ "type": "Feature", "properties": { "orig_fid": 242, "id": 233, "objectid": 242, "kode_ruas": "belmera", "ruas": "Belawan - Medan - Tanjung Morawa", "kode_gt": "belmera_mabar2", "nama": "GT MABAR 2", "seksi": 0, "sta": "10+700 A", "foto": "http://gis.bpjt.pu.go.id/data/foto/gt/gtmabar2.jpg", "layer": "Gerbang Tol", "koord_x": "98.6787610155925", "koord_y": "3.67414409387755", "jml_gardu": "6", "jmlgrdrvs": "-", "jml_lajur": "6", "panjang_m": " ", "luas_m": " ", "status": "Operasi", "sub_status": "Operasi Penuh", "region": "Trans Sumatera", "bujt": "PT. Jasamarga (Persero) Tbk", "kodefikasi": "C04", "no": 3, "shape_leng": 0, "keterangan": "GT MABAR 2", "creator": null, "created": null, "updater": null, "updated": null, "sync_state": 0, "last_sync": 1765414802000, "Nm_Ruas": "Jl. Tol Belawan - Medan - Tanjung Morawa", "Status": "Jalan Tol", "Propinsi": "Sumatera Utara", "Kab_Kot": "Kota Medan", "Panjang": 322.40672901, "Segmen": "SEG_000087273", "Satwil": "Polrestabes Medan" }, "geometry": { "type": "Point", "coordinates": [ 98.678761016000067, 3.674144094000042 ] } },
{ "type": "Feature", "properties": { "orig_fid": 243, "id": 235, "objectid": 243, "kode_ruas": "belmera", "ruas": "Belawan - Medan - Tanjung Morawa", "kode_gt": "belmera_h_anif2", "nama": "GT HAJI ANIF 2", "seksi": 0, "sta": "16+800", "foto": "http://gis.bpjt.pu.go.id/data/foto/gt/gthajianif2*", "layer": "Gerbang Tol", "koord_x": "98.7086763293878", "koord_y": "3.63438185180142", "jml_gardu": "5", "jmlgrdrvs": "-", "jml_lajur": "5", "panjang_m": " ", "luas_m": " ", "status": "Operasi", "sub_status": "Operasi Penuh", "region": "Trans Sumatera", "bujt": "PT. Jasamarga (Persero) Tbk", "kodefikasi": "C04", "no": 6, "shape_leng": 0, "keterangan": "GT HAJI  ANIF 2", "creator": null, "created": null, "updater": null, "updated": null, "sync_state": 0, "last_sync": 1765414802000, "Nm_Ruas": "Jl. Tol Belawan - Medan - Tanjung Morawa", "Status": "Jalan Tol", "Propinsi": "Sumatera Utara", "Kab_Kot": "Kota Medan", "Panjang": 499.63990448300001, "Segmen": "SEG_000087307", "Satwil": "Polrestabes Medan" }, "geometry": { "type": "Point", "coordinates": [ 98.70867632900007, 3.634381852000047 ] } },
{ "type": "Feature", "properties": { "orig_fid": 243, "id": 235, "objectid": 243, "kode_ruas": "belmera", "ruas": "Belawan - Medan - Tanjung Morawa", "kode_gt": "belmera_h_anif2", "nama": "GT HAJI ANIF 2", "seksi": 0, "sta": "16+800", "foto": "http://gis.bpjt.pu.go.id/data/foto/gt/gthajianif2*", "layer": "Gerbang Tol", "koord_x": "98.7086763293878", "koord_y": "3.63438185180142", "jml_gardu": "5", "jmlgrdrvs": "-", "jml_lajur": "5", "panjang_m": " ", "luas_m": " ", "status": "Operasi", "sub_status": "Operasi Penuh", "region": "Trans Sumatera", "bujt": "PT. Jasamarga (Persero) Tbk", "kodefikasi": "C04", "no": 6, "shape_leng": 0, "keterangan": "GT HAJI  ANIF 2", "creator": null, "created": null, "updater": null, "updated": null, "sync_state": 0, "last_sync": 1765414802000, "Nm_Ruas": "Jl. Tol Belawan - Medan - Tanjung Morawa", "Status": "Jalan Tol", "Propinsi": "Sumatera Utara", "Kab_Kot": "Kota Medan", "Panjang": 306.12269154500001, "Segmen": "SEG_000087309", "Satwil": "Polrestabes Medan" }, "geometry": { "type": "Point", "coordinates": [ 98.70867632900007, 3.634381852000047 ] } },
{ "type": "Feature", "properties": { "orig_fid": 244, "id": 234, "objectid": 244, "kode_ruas": "belmera", "ruas": "Belawan - Medan - Tanjung Morawa", "kode_gt": "belmera_h_anif1", "nama": "GT HAJI ANIF 1", "seksi": 0, "sta": "16+750", "foto": "http://gis.bpjt.pu.go.id/data/foto/gt/gthajianif1*", "layer": "Gerbang Tol", "koord_x": "98.7088780021585", "koord_y": "3.63830059497942", "jml_gardu": "4", "jmlgrdrvs": "-", "jml_lajur": "4", "panjang_m": " ", "luas_m": " ", "status": "Operasi", "sub_status": "Operasi Penuh", "region": "Trans Sumatera", "bujt": "PT. Jasamarga (Persero) Tbk", "kodefikasi": "C04", "no": 5, "shape_leng": 0, "keterangan": "GT HAJI  ANIF 1", "creator": null, "created": null, "updater": null, "updated": null, "sync_state": 0, "last_sync": 1765414802000, "Nm_Ruas": "Jl. Tol Belawan - Medan - Tanjung Morawa", "Status": "Jalan Tol", "Propinsi": "Sumatera Utara", "Kab_Kot": "Kota Medan", "Panjang": 331.58752729899999, "Segmen": "SEG_000087298", "Satwil": "Polrestabes Medan" }, "geometry": { "type": "Point", "coordinates": [ 98.708878002000063, 3.638300595000032 ] } },
{ "type": "Feature", "properties": { "orig_fid": 244, "id": 234, "objectid": 244, "kode_ruas": "belmera", "ruas": "Belawan - Medan - Tanjung Morawa", "kode_gt": "belmera_h_anif1", "nama": "GT HAJI ANIF 1", "seksi": 0, "sta": "16+750", "foto": "http://gis.bpjt.pu.go.id/data/foto/gt/gthajianif1*", "layer": "Gerbang Tol", "koord_x": "98.7088780021585", "koord_y": "3.63830059497942", "jml_gardu": "4", "jmlgrdrvs": "-", "jml_lajur": "4", "panjang_m": " ", "luas_m": " ", "status": "Operasi", "sub_status": "Operasi Penuh", "region": "Trans Sumatera", "bujt": "PT. Jasamarga (Persero) Tbk", "kodefikasi": "C04", "no": 5, "shape_leng": 0, "keterangan": "GT HAJI  ANIF 1", "creator": null, "created": null, "updater": null, "updated": null, "sync_state": 0, "last_sync": 1765414802000, "Nm_Ruas": "Jl. Tol Belawan - Medan - Tanjung Morawa", "Status": "Jalan Tol", "Propinsi": "Sumatera Utara", "Kab_Kot": "Kota Medan", "Panjang": 304.46786424200002, "Segmen": "SEG_000087299", "Satwil": "Polrestabes Medan" }, "geometry": { "type": "Point", "coordinates": [ 98.708878002000063, 3.638300595000032 ] } },
{ "type": "Feature", "properties": { "orig_fid": 245, "id": 238, "objectid": 245, "kode_ruas": "belmera", "ruas": "Belawan - Medan - Tanjung Morawa", "kode_gt": "belmera_bandar_selamat3", "nama": "GT BANDAR SELAMAT 3", "seksi": 0, "sta": "21+913 A", "foto": "http://gis.bpjt.pu.go.id/data/foto/gt/gtbandarsel*", "layer": "Gerbang Tol", "koord_x": "98.7237795530455", "koord_y": "3.59580249254655", "jml_gardu": "3", "jmlgrdrvs": " ", "jml_lajur": "3", "panjang_m": " ", "luas_m": " ", "status": "Operasi", "sub_status": "Operasi Penuh", "region": "Trans Sumatera", "bujt": "PT. Jasamarga (Persero) Tbk", "kodefikasi": "C04", "no": 9, "shape_leng": 0, "keterangan": "GT BANDAR SELAMAT 3", "creator": null, "created": null, "updater": null, "updated": null, "sync_state": 0, "last_sync": 1765414802000, "Nm_Ruas": "Jl. Tol Belawan - Medan - Tanjung Morawa", "Status": "Jalan Tol", "Propinsi": "Sumatera Utara", "Kab_Kot": "Kota Medan", "Panjang": 53.533760758600003, "Segmen": "SEG_000082916", "Satwil": "Polrestabes Medan" }, "geometry": { "type": "Point", "coordinates": [ 98.723779553000043, 3.595802493000065 ] } },
{ "type": "Feature", "properties": { "orig_fid": 246, "id": 237, "objectid": 246, "kode_ruas": "belmera", "ruas": "Belawan - Medan - Tanjung Morawa", "kode_gt": "belmera_bandar_selamat4", "nama": "GT BANDAR SELAMAT 4", "seksi": 0, "sta": "21+935 B", "foto": "http://gis.bpjt.pu.go.id/data/foto/gt/gtbandarsel*", "layer": "Gerbang Tol", "koord_x": "98.7243235275796", "koord_y": "3.59561881654365", "jml_gardu": "3", "jmlgrdrvs": "-", "jml_lajur": "3", "panjang_m": " ", "luas_m": " ", "status": "Operasi", "sub_status": "Operasi Penuh", "region": "Trans Sumatera", "bujt": "PT. Jasamarga (Persero) Tbk", "kodefikasi": "C04", "no": 10, "shape_leng": 0, "keterangan": "GT BANDAR SELAMAT 4", "creator": null, "created": null, "updater": null, "updated": null, "sync_state": 0, "last_sync": 1765414802000, "Nm_Ruas": "Jl. Tol Belawan - Medan - Tanjung Morawa", "Status": "Jalan Tol", "Propinsi": "Sumatera Utara", "Kab_Kot": "Kota Medan", "Panjang": 99.646519067300005, "Segmen": "SEG_000082924", "Satwil": "Polrestabes Medan" }, "geometry": { "type": "Point", "coordinates": [ 98.72432352800007, 3.595618817000059 ] } },
{ "type": "Feature", "properties": { "orig_fid": 247, "id": 240, "objectid": 247, "kode_ruas": "belmera", "ruas": "Belawan - Medan - Tanjung Morawa", "kode_gt": "belmera_bandar_selamat2", "nama": "GT BANDAR SELAMAT 2", "seksi": 0, "sta": "21+535 B", "foto": "http://gis.bpjt.pu.go.id/data/foto/gt/gtbandarsel*", "layer": "Gerbang Tol", "koord_x": "98.7236226650341", "koord_y": "3.59920211148433", "jml_gardu": "2", "jmlgrdrvs": "-", "jml_lajur": "2", "panjang_m": " ", "luas_m": " ", "status": "Operasi", "sub_status": "Operasi Penuh", "region": "Trans Sumatera", "bujt": "PT. Jasamarga (Persero) Tbk", "kodefikasi": "C04", "no": 8, "shape_leng": 0, "keterangan": "GT BANDAR SELAMAT 2", "creator": null, "created": null, "updater": null, "updated": null, "sync_state": 0, "last_sync": 1765414802000, "Nm_Ruas": "Jl. Tol Belawan - Medan - Tanjung Morawa", "Status": "Jalan Tol", "Propinsi": "Sumatera Utara", "Kab_Kot": "Kota Medan", "Panjang": 498.280705388, "Segmen": "SEG_000087320", "Satwil": "Polrestabes Medan" }, "geometry": { "type": "Point", "coordinates": [ 98.72362266500005, 3.599202111000068 ] } },
{ "type": "Feature", "properties": { "orig_fid": 248, "id": 239, "objectid": 248, "kode_ruas": "belmera", "ruas": "Belawan - Medan - Tanjung Morawa", "kode_gt": "belmera_bandar_selamat1", "nama": "GT BANDAR SELAMAT 1", "seksi": 0, "sta": "21+567 A", "foto": "http://gis.bpjt.pu.go.id/data/foto/gt/gtbandarsel*", "layer": "Gerbang Tol", "koord_x": "98.7242360954509", "koord_y": "3.59900486932837", "jml_gardu": "2", "jmlgrdrvs": "-", "jml_lajur": "2", "panjang_m": " ", "luas_m": " ", "status": "Operasi", "sub_status": "Operasi Penuh", "region": "Trans Sumatera", "bujt": "PT. Jasamarga (Persero) Tbk", "kodefikasi": "C04", "no": 7, "shape_leng": 0, "keterangan": "GT BANDAR SELAMAT 1", "creator": null, "created": null, "updater": null, "updated": null, "sync_state": 0, "last_sync": 1765414802000, "Nm_Ruas": "Jl. Tol Belawan - Medan - Tanjung Morawa", "Status": "Jalan Tol", "Propinsi": "Sumatera Utara", "Kab_Kot": "Kota Medan", "Panjang": 498.28117925499998, "Segmen": "SEG_000087312", "Satwil": "Polrestabes Medan" }, "geometry": { "type": "Point", "coordinates": [ 98.724236095000037, 3.599004869000055 ] } },
{ "type": "Feature", "properties": { "orig_fid": 249, "id": 241, "objectid": 249, "kode_ruas": "mktt", "ruas": "Belawan - Medan - Tanjung Morawa", "kode_gt": "mktt_tanjung_morawa", "nama": "GT TANJUNG MOROWA", "seksi": 0, "sta": "33+500", "foto": "http://gis.bpjt.pu.go.id/data/foto/gt/gttanjungmo*", "layer": "Gerbang Tol", "koord_x": "98.7749802716729", "koord_y": "3.52621021064471", "jml_gardu": "7", "jmlgrdrvs": "-", "jml_lajur": "7", "panjang_m": " ", "luas_m": " ", "status": "Operasi", "sub_status": "Operasi Penuh", "region": "Trans Sumatera", "bujt": "PT. Jasamarga (Persero) Tbk", "kodefikasi": "C04", "no": 12, "shape_leng": 0, "keterangan": "GT TANJUNG MORAWA", "creator": null, "created": null, "updater": null, "updated": null, "sync_state": 0, "last_sync": 1765414802000, "Nm_Ruas": "Jl. Tol Belawan - Medan - Tanjung Morawa", "Status": "Jalan Tol", "Propinsi": "Sumatera Utara", "Kab_Kot": "Kota Medan", "Panjang": 221.945007928, "Segmen": "SEG_000087429", "Satwil": "Polrestabes Medan" }, "geometry": { "type": "Point", "coordinates": [ 98.77498027200005, 3.526210211000034 ] } },
{ "type": "Feature", "properties": { "orig_fid": 249, "id": 241, "objectid": 249, "kode_ruas": "mktt", "ruas": "Belawan - Medan - Tanjung Morawa", "kode_gt": "mktt_tanjung_morawa", "nama": "GT TANJUNG MOROWA", "seksi": 0, "sta": "33+500", "foto": "http://gis.bpjt.pu.go.id/data/foto/gt/gttanjungmo*", "layer": "Gerbang Tol", "koord_x": "98.7749802716729", "koord_y": "3.52621021064471", "jml_gardu": "7", "jmlgrdrvs": "-", "jml_lajur": "7", "panjang_m": " ", "luas_m": " ", "status": "Operasi", "sub_status": "Operasi Penuh", "region": "Trans Sumatera", "bujt": "PT. Jasamarga (Persero) Tbk", "kodefikasi": "C04", "no": 12, "shape_leng": 0, "keterangan": "GT TANJUNG MORAWA", "creator": null, "created": null, "updater": null, "updated": null, "sync_state": 0, "last_sync": 1765414802000, "Nm_Ruas": "Jl. Tol Belawan - Medan - Tanjung Morawa", "Status": "Jalan Tol", "Propinsi": "Sumatera Utara", "Kab_Kot": "Kota Medan", "Panjang": 225.53259881599999, "Segmen": "SEG_000087428", "Satwil": "Polrestabes Medan" }, "geometry": { "type": "Point", "coordinates": [ 98.77498027200005, 3.526210211000034 ] } },
{ "type": "Feature", "properties": { "orig_fid": 249, "id": 241, "objectid": 249, "kode_ruas": "mktt", "ruas": "Belawan - Medan - Tanjung Morawa", "kode_gt": "mktt_tanjung_morawa", "nama": "GT TANJUNG MOROWA", "seksi": 0, "sta": "33+500", "foto": "http://gis.bpjt.pu.go.id/data/foto/gt/gttanjungmo*", "layer": "Gerbang Tol", "koord_x": "98.7749802716729", "koord_y": "3.52621021064471", "jml_gardu": "7", "jmlgrdrvs": "-", "jml_lajur": "7", "panjang_m": " ", "luas_m": " ", "status": "Operasi", "sub_status": "Operasi Penuh", "region": "Trans Sumatera", "bujt": "PT. Jasamarga (Persero) Tbk", "kodefikasi": "C04", "no": 12, "shape_leng": 0, "keterangan": "GT TANJUNG MORAWA", "creator": null, "created": null, "updater": null, "updated": null, "sync_state": 0, "last_sync": 1765414802000, "Nm_Ruas": "Jl. Tol Belawan - Medan - Tanjung Morawa", "Status": "Jalan Tol", "Propinsi": "Sumatera Utara", "Kab_Kot": "Kota Medan", "Panjang": 499.023942793, "Segmen": "SEG_000087426", "Satwil": "Polrestabes Medan" }, "geometry": { "type": "Point", "coordinates": [ 98.77498027200005, 3.526210211000034 ] } },
{ "type": "Feature", "properties": { "orig_fid": 250, "id": 241, "objectid": 250, "kode_ruas": "belmera", "ruas": "Belawan - Medan - Tanjung Morawa", "kode_gt": "belmera_amplas", "nama": "GT AMPLAS", "seksi": 0, "sta": "27+800", "foto": "http://gis.bpjt.pu.go.id/data/foto/gt/gtamplas.jpg", "layer": "Gerbang Tol", "koord_x": "98.7218563413957", "koord_y": "3.53746033753158", "jml_gardu": "15", "jmlgrdrvs": "-", "jml_lajur": "15", "panjang_m": " ", "luas_m": " ", "status": "Operasi", "sub_status": "Operasi Penuh", "region": "Trans Sumatera", "bujt": "PT. Jasamarga (Persero) Tbk", "kodefikasi": "C04", "no": 11, "shape_leng": 0, "keterangan": "GT AMPLAS", "creator": null, "created": null, "updater": null, "updated": null, "sync_state": 0, "last_sync": 1765414802000, "Nm_Ruas": "Jl. Tol Belawan - Medan - Tanjung Morawa", "Status": "Jalan Tol", "Propinsi": "Sumatera Utara", "Kab_Kot": "Kota Medan", "Panjang": 105.493572091, "Segmen": "SEG_000087383", "Satwil": "Polrestabes Medan" }, "geometry": { "type": "Point", "coordinates": [ 98.721856341000034, 3.537460338000074 ] } },
{ "type": "Feature", "properties": { "orig_fid": 250, "id": 241, "objectid": 250, "kode_ruas": "belmera", "ruas": "Belawan - Medan - Tanjung Morawa", "kode_gt": "belmera_amplas", "nama": "GT AMPLAS", "seksi": 0, "sta": "27+800", "foto": "http://gis.bpjt.pu.go.id/data/foto/gt/gtamplas.jpg", "layer": "Gerbang Tol", "koord_x": "98.7218563413957", "koord_y": "3.53746033753158", "jml_gardu": "15", "jmlgrdrvs": "-", "jml_lajur": "15", "panjang_m": " ", "luas_m": " ", "status": "Operasi", "sub_status": "Operasi Penuh", "region": "Trans Sumatera", "bujt": "PT. Jasamarga (Persero) Tbk", "kodefikasi": "C04", "no": 11, "shape_leng": 0, "keterangan": "GT AMPLAS", "creator": null, "created": null, "updater": null, "updated": null, "sync_state": 0, "last_sync": 1765414802000, "Nm_Ruas": "Jl. Tol Belawan - Medan - Tanjung Morawa", "Status": "Jalan Tol", "Propinsi": "Sumatera Utara", "Kab_Kot": "Kota Medan", "Panjang": 104.044393891, "Segmen": "SEG_000087382", "Satwil": "Polrestabes Medan" }, "geometry": { "type": "Point", "coordinates": [ 98.721856341000034, 3.537460338000074 ] } },
{ "type": "Feature", "properties": { "orig_fid": 250, "id": 241, "objectid": 250, "kode_ruas": "belmera", "ruas": "Belawan - Medan - Tanjung Morawa", "kode_gt": "belmera_amplas", "nama": "GT AMPLAS", "seksi": 0, "sta": "27+800", "foto": "http://gis.bpjt.pu.go.id/data/foto/gt/gtamplas.jpg", "layer": "Gerbang Tol", "koord_x": "98.7218563413957", "koord_y": "3.53746033753158", "jml_gardu": "15", "jmlgrdrvs": "-", "jml_lajur": "15", "panjang_m": " ", "luas_m": " ", "status": "Operasi", "sub_status": "Operasi Penuh", "region": "Trans Sumatera", "bujt": "PT. Jasamarga (Persero) Tbk", "kodefikasi": "C04", "no": 11, "shape_leng": 0, "keterangan": "GT AMPLAS", "creator": null, "created": null, "updater": null, "updated": null, "sync_state": 0, "last_sync": 1765414802000, "Nm_Ruas": "Jl. Tol Belawan - Medan - Tanjung Morawa", "Status": "Jalan Tol", "Propinsi": "Sumatera Utara", "Kab_Kot": "Kota Medan", "Panjang": 166.86218265100001, "Segmen": "SEG_000087378", "Satwil": "Polrestabes Medan" }, "geometry": { "type": "Point", "coordinates": [ 98.721856341000034, 3.537460338000074 ] } },
{ "type": "Feature", "properties": { "orig_fid": 250, "id": 241, "objectid": 250, "kode_ruas": "belmera", "ruas": "Belawan - Medan - Tanjung Morawa", "kode_gt": "belmera_amplas", "nama": "GT AMPLAS", "seksi": 0, "sta": "27+800", "foto": "http://gis.bpjt.pu.go.id/data/foto/gt/gtamplas.jpg", "layer": "Gerbang Tol", "koord_x": "98.7218563413957", "koord_y": "3.53746033753158", "jml_gardu": "15", "jmlgrdrvs": "-", "jml_lajur": "15", "panjang_m": " ", "luas_m": " ", "status": "Operasi", "sub_status": "Operasi Penuh", "region": "Trans Sumatera", "bujt": "PT. Jasamarga (Persero) Tbk", "kodefikasi": "C04", "no": 11, "shape_leng": 0, "keterangan": "GT AMPLAS", "creator": null, "created": null, "updater": null, "updated": null, "sync_state": 0, "last_sync": 1765414802000, "Nm_Ruas": "Jl. Tol Belawan - Medan - Tanjung Morawa", "Status": "Jalan Tol", "Propinsi": "Sumatera Utara", "Kab_Kot": "Kota Medan", "Panjang": 163.699615292, "Segmen": "SEG_000087379", "Satwil": "Polrestabes Medan" }, "geometry": { "type": "Point", "coordinates": [ 98.721856341000034, 3.537460338000074 ] } },
{ "type": "Feature", "properties": { "orig_fid": 251, "id": 236, "objectid": 251, "kode_ruas": "belmera", "ruas": "Belawan - Medan - Tanjung Morawa", "kode_gt": "belmera_tanjung_mulia", "nama": "GT TANJUNG MULIA", "seksi": 0, "sta": "13+400 B", "foto": "http://gis.bpjt.pu.go.id/data/foto/gt/gttanjungmu*", "layer": "Gerbang Tol", "koord_x": "98.680002643186", "koord_y": "3.64611704095292", "jml_gardu": "10", "jmlgrdrvs": " ", "jml_lajur": "10", "panjang_m": " ", "luas_m": " ", "status": "Operasi", "sub_status": "Operasi Penuh", "region": "Trans Sumatera", "bujt": "PT. Jasamarga (Persero) Tbk", "kodefikasi": "C04", "no": 4, "shape_leng": 0, "keterangan": "GT TANJUNG MULIA", "creator": null, "created": null, "updater": null, "updated": null, "sync_state": 0, "last_sync": 1765414802000, "Nm_Ruas": "Jl. Tol Medan - Binjai", "Status": "Jalan Tol", "Propinsi": "Sumatera Utara", "Kab_Kot": "Kota Medan", "Panjang": 404.91780437699998, "Segmen": "SEG_000087051", "Satwil": "Polrestabes Medan" }, "geometry": { "type": "Point", "coordinates": [ 98.68000264300008, 3.646117041000025 ] } },
{ "type": "Feature", "properties": { "orig_fid": 251, "id": 236, "objectid": 251, "kode_ruas": "belmera", "ruas": "Belawan - Medan - Tanjung Morawa", "kode_gt": "belmera_tanjung_mulia", "nama": "GT TANJUNG MULIA", "seksi": 0, "sta": "13+400 B", "foto": "http://gis.bpjt.pu.go.id/data/foto/gt/gttanjungmu*", "layer": "Gerbang Tol", "koord_x": "98.680002643186", "koord_y": "3.64611704095292", "jml_gardu": "10", "jmlgrdrvs": " ", "jml_lajur": "10", "panjang_m": " ", "luas_m": " ", "status": "Operasi", "sub_status": "Operasi Penuh", "region": "Trans Sumatera", "bujt": "PT. Jasamarga (Persero) Tbk", "kodefikasi": "C04", "no": 4, "shape_leng": 0, "keterangan": "GT TANJUNG MULIA", "creator": null, "created": null, "updater": null, "updated": null, "sync_state": 0, "last_sync": 1765414802000, "Nm_Ruas": "Jl. Tol Medan - Binjai", "Status": "Jalan Tol", "Propinsi": "Sumatera Utara", "Kab_Kot": "Kota Medan", "Panjang": 410.345240289, "Segmen": "SEG_000087050", "Satwil": "Polrestabes Medan" }, "geometry": { "type": "Point", "coordinates": [ 98.68000264300008, 3.646117041000025 ] } },
{ "type": "Feature", "properties": { "orig_fid": 252, "id": 231, "objectid": 252, "kode_ruas": "belmera", "ruas": "Belawan - Medan - Tanjung Morawa", "kode_gt": "belmera_mabar1", "nama": "GT MABAR 1", "seksi": 0, "sta": "10+700 B", "foto": "http://gis.bpjt.pu.go.id/data/foto/gt/gtmabar1.jpg", "layer": "Gerbang Tol", "koord_x": "98.6817686643349", "koord_y": "3.67445197150942", "jml_gardu": "5", "jmlgrdrvs": "-", "jml_lajur": "5", "panjang_m": " ", "luas_m": " ", "status": "Operasi", "sub_status": "Operasi Penuh", "region": "Trans Sumatera", "bujt": "PT. Jasamarga (Persero) Tbk", "kodefikasi": "C04", "no": 2, "shape_leng": 0, "keterangan": "GT MABAR 1", "creator": null, "created": null, "updater": null, "updated": null, "sync_state": 0, "last_sync": 1765414802000, "Nm_Ruas": "Jl. Tol Belawan - Medan - Tanjung Morawa", "Status": "Jalan Tol", "Propinsi": "Sumatera Utara", "Kab_Kot": "Kota Medan", "Panjang": 291.82651907600001, "Segmen": "SEG_000087274", "Satwil": "Polrestabes Medan" }, "geometry": { "type": "Point", "coordinates": [ 98.68176866400006, 3.674451972000043 ] } },
{ "type": "Feature", "properties": { "orig_fid": 252, "id": 231, "objectid": 252, "kode_ruas": "belmera", "ruas": "Belawan - Medan - Tanjung Morawa", "kode_gt": "belmera_mabar1", "nama": "GT MABAR 1", "seksi": 0, "sta": "10+700 B", "foto": "http://gis.bpjt.pu.go.id/data/foto/gt/gtmabar1.jpg", "layer": "Gerbang Tol", "koord_x": "98.6817686643349", "koord_y": "3.67445197150942", "jml_gardu": "5", "jmlgrdrvs": "-", "jml_lajur": "5", "panjang_m": " ", "luas_m": " ", "status": "Operasi", "sub_status": "Operasi Penuh", "region": "Trans Sumatera", "bujt": "PT. Jasamarga (Persero) Tbk", "kodefikasi": "C04", "no": 2, "shape_leng": 0, "keterangan": "GT MABAR 1", "creator": null, "created": null, "updater": null, "updated": null, "sync_state": 0, "last_sync": 1765414802000, "Nm_Ruas": "Jl. Tol Belawan - Medan - Tanjung Morawa", "Status": "Jalan Tol", "Propinsi": "Sumatera Utara", "Kab_Kot": "Kota Medan", "Panjang": 372.21703109499998, "Segmen": "SEG_000087271", "Satwil": "Polrestabes Medan" }, "geometry": { "type": "Point", "coordinates": [ 98.68176866400006, 3.674451972000043 ] } },
{ "type": "Feature", "properties": { "orig_fid": 253, "id": 209, "objectid": 253, "kode_ruas": "cipali", "ruas": "Cikampek - Palimanan", "kode_gt": "cipali_sumberjaya", "nama": "GT SUMBERJAYA", "seksi": 0, "sta": "174+934", "foto": "http://gis.bpjt.pu.go.id/data/foto/gt/gtsumberjay*", "layer": "Gerbang Tol", "koord_x": "108.312645108849", "koord_y": "-6.7046969687427", "jml_gardu": " ", "jmlgrdrvs": " ", "jml_lajur": " ", "panjang_m": " ", "luas_m": " ", "status": "Operasi", "sub_status": "Operasi Penuh", "region": "Trans Jawa", "bujt": "PT. Lintas Marga Sedaya", "kodefikasi": "A03", "no": 6, "shape_leng": 0, "keterangan": "GT SUMBERJAYA", "creator": null, "created": null, "updater": null, "updated": null, "sync_state": 0, "last_sync": 1765414802000, "Nm_Ruas": null, "Status": null, "Propinsi": null, "Kab_Kot": null, "Panjang": null, "Segmen": null, "Satwil": null }, "geometry": { "type": "Point", "coordinates": [ 108.312645109000073, -6.70469696899994 ] } },
{ "type": "Feature", "properties": { "orig_fid": 254, "id": 211, "objectid": 254, "kode_ruas": "palikanci", "ruas": "Cikampek - Palimanan", "kode_gt": "palikanci_palimanan", "nama": "GT PALIMANAN", "seksi": 0, "sta": "187+687", "foto": "http://gis.bpjt.pu.go.id/data/foto/gt/gtpalimanan*", "layer": "Gerbang Tol", "koord_x": "108.41715151534", "koord_y": "-6.68988530749631", "jml_gardu": " ", "jmlgrdrvs": " ", "jml_lajur": " ", "panjang_m": " ", "luas_m": " ", "status": "Operasi", "sub_status": "Operasi Penuh", "region": "Trans Jawa", "bujt": "PT. Lintas Marga Sedaya", "kodefikasi": "A03", "no": 7, "shape_leng": 0, "keterangan": "GT PALIMANAN", "creator": null, "created": null, "updater": null, "updated": null, "sync_state": 0, "last_sync": 1765414802000, "Nm_Ruas": null, "Status": null, "Propinsi": null, "Kab_Kot": null, "Panjang": null, "Segmen": null, "Satwil": null }, "geometry": { "type": "Point", "coordinates": [ 108.417151515000057, -6.68988530699994 ] } },
{ "type": "Feature", "properties": { "orig_fid": 255, "id": 226, "objectid": 255, "kode_ruas": "palikanci", "ruas": "Cikampek - Palimanan", "kode_gt": "palikanci_palimanan1", "nama": "GT PALIMANAN 1", "seksi": 0, "sta": "188+739", "foto": "http://gis.bpjt.pu.go.id/data/foto/gt/gtpalimanan*", "layer": "Gerbang Tol", "koord_x": "108.426705946685", "koord_y": "-6.69006539275408", "jml_gardu": " ", "jmlgrdrvs": " ", "jml_lajur": " ", "panjang_m": " ", "luas_m": " ", "status": "Operasi", "sub_status": "Operasi Penuh", "region": "Trans Jawa", "bujt": "PT. Lintas Marga Sedaya", "kodefikasi": "A03", "no": 8, "shape_leng": 0, "keterangan": "GT PALIMANAN 1", "creator": null, "created": null, "updater": null, "updated": null, "sync_state": 0, "last_sync": 1765414802000, "Nm_Ruas": null, "Status": null, "Propinsi": null, "Kab_Kot": null, "Panjang": null, "Segmen": null, "Satwil": null }, "geometry": { "type": "Point", "coordinates": [ 108.426705947000073, -6.690065392999941 ] } },
{ "type": "Feature", "properties": { "orig_fid": 256, "id": 5, "objectid": 256, "kode_ruas": "palikanci", "ruas": "Cikampek - Palimanan", "kode_gt": "palikanci_palimanan2", "nama": "GT PALIMANAN 2", "seksi": 0, "sta": "188+749", "foto": "http://gis.bpjt.pu.go.id/data/foto/gt/gtpalimanan*", "layer": "Gerbang Tol", "koord_x": "108.426759562734", "koord_y": "-6.68963738008331", "jml_gardu": " ", "jmlgrdrvs": " ", "jml_lajur": " ", "panjang_m": " ", "luas_m": " ", "status": "Operasi", "sub_status": "Operasi Penuh", "region": "Trans Jawa", "bujt": "PT. Lintas Marga Sedaya", "kodefikasi": "A03", "no": 9, "shape_leng": 0, "keterangan": "GT PALIMANAN 2", "creator": null, "created": null, "updater": null, "updated": null, "sync_state": 0, "last_sync": 1765414802000, "Nm_Ruas": null, "Status": null, "Propinsi": null, "Kab_Kot": null, "Panjang": null, "Segmen": null, "Satwil": null }, "geometry": { "type": "Point", "coordinates": [ 108.426759563000076, -6.689637379999965 ] } },
{ "type": "Feature", "properties": { "orig_fid": 257, "id": 206, "objectid": 257, "kode_ruas": "cipali", "ruas": "Cikampek - Palimanan", "kode_gt": "cipali_kalijati", "nama": "GT KALIJATI", "seksi": 0, "sta": "98+305", "foto": "http://gis.bpjt.pu.go.id/data/foto/gt/gtkalijati.*", "layer": "Gerbang Tol", "koord_x": "107.678718052057", "koord_y": "-6.50917346186753", "jml_gardu": " ", "jmlgrdrvs": " ", "jml_lajur": " ", "panjang_m": " ", "luas_m": " ", "status": "Operasi", "sub_status": "Operasi Penuh", "region": "Trans Jawa", "bujt": "PT. Lintas Marga Sedaya", "kodefikasi": "A03", "no": 1, "shape_leng": 0, "keterangan": "GT KALIJATI", "creator": null, "created": null, "updater": null, "updated": null, "sync_state": 0, "last_sync": 1765414802000, "Nm_Ruas": null, "Status": null, "Propinsi": null, "Kab_Kot": null, "Panjang": null, "Segmen": null, "Satwil": null }, "geometry": { "type": "Point", "coordinates": [ 107.678718052000079, -6.509173461999978 ] } },
{ "type": "Feature", "properties": { "orig_fid": 258, "id": 207, "objectid": 258, "kode_ruas": "cipali", "ruas": "Cikampek - Palimanan", "kode_gt": "cipali_subang", "nama": "GT SUBANG", "seksi": 0, "sta": "109+913", "foto": "http://gis.bpjt.pu.go.id/data/foto/gt/gtsubang.jpg", "layer": "Gerbang Tol", "koord_x": "107.783615311573", "koord_y": "-6.53188481727482", "jml_gardu": " ", "jmlgrdrvs": " ", "jml_lajur": " ", "panjang_m": " ", "luas_m": " ", "status": "Operasi", "sub_status": "Operasi Penuh", "region": "Trans Jawa", "bujt": "PT. Lintas Marga Sedaya", "kodefikasi": "A03", "no": 2, "shape_leng": 0, "keterangan": "GT SUBANG", "creator": null, "created": null, "updater": null, "updated": null, "sync_state": 0, "last_sync": 1765414802000, "Nm_Ruas": null, "Status": null, "Propinsi": null, "Kab_Kot": null, "Panjang": null, "Segmen": null, "Satwil": null }, "geometry": { "type": "Point", "coordinates": [ 107.783615312000052, -6.531884816999934 ] } },
{ "type": "Feature", "properties": { "orig_fid": 259, "id": 208, "objectid": 259, "kode_ruas": "cipali", "ruas": "Cikampek - Palimanan", "kode_gt": "cipali_cikedung", "nama": "GT CIKEDUNG", "seksi": 0, "sta": "138+315", "foto": "http://gis.bpjt.pu.go.id/data/foto/gt/gtcikedung.*", "layer": "Gerbang Tol", "koord_x": "108.015182101717", "koord_y": "-6.6191185291521", "jml_gardu": " ", "jmlgrdrvs": " ", "jml_lajur": " ", "panjang_m": " ", "luas_m": " ", "status": "Operasi", "sub_status": "Operasi Penuh", "region": "Trans Jawa", "bujt": "PT. Lintas Marga Sedaya", "kodefikasi": "A03", "no": 3, "shape_leng": 0, "keterangan": "GT CIKEDUNG", "creator": null, "created": null, "updater": null, "updated": null, "sync_state": 0, "last_sync": 1765414802000, "Nm_Ruas": null, "Status": null, "Propinsi": null, "Kab_Kot": null, "Panjang": null, "Segmen": null, "Satwil": null }, "geometry": { "type": "Point", "coordinates": [ 108.01518210200004, -6.619118528999934 ] } },
{ "type": "Feature", "properties": { "orig_fid": 260, "id": 0, "objectid": 260, "kode_ruas": "cipali", "ruas": "Cikampek - Palimanan", "kode_gt": "cipali_kertajati_bandara", "nama": "GT KERTAJATI - BANDARA", "seksi": 0, "sta": "158+716", "foto": " ", "layer": "Gerbang Tol", "koord_x": "108.173239274887", "koord_y": "-6.69378771481823", "jml_gardu": " ", "jmlgrdrvs": " ", "jml_lajur": " ", "panjang_m": " ", "luas_m": " ", "status": "Pekerjaan Tambahan", "sub_status": "Tambahan Simpang Susun", "region": "Non Trans", "bujt": "PT Lintas Marga Sedaya", "kodefikasi": "D11", "no": 5, "shape_leng": 0, "keterangan": " ", "creator": null, "created": null, "updater": null, "updated": null, "sync_state": 0, "last_sync": 1765414802000, "Nm_Ruas": null, "Status": null, "Propinsi": null, "Kab_Kot": null, "Panjang": null, "Segmen": null, "Satwil": null }, "geometry": { "type": "Point", "coordinates": [ 108.173239275000071, -6.693787714999928 ] } },
{ "type": "Feature", "properties": { "orig_fid": 261, "id": 210, "objectid": 261, "kode_ruas": "cipali", "ruas": "Cikampek - Palimanan", "kode_gt": "cipali_kertajati", "nama": "GT KERTAJATI", "seksi": 0, "sta": "158+716", "foto": "http://gis.bpjt.pu.go.id/data/foto/gt/gtkertajati*", "layer": "Gerbang Tol", "koord_x": "108.169492301954", "koord_y": "-6.70820980345211", "jml_gardu": " ", "jmlgrdrvs": " ", "jml_lajur": " ", "panjang_m": " ", "luas_m": " ", "status": "Operasi", "sub_status": "Operasi Penuh", "region": "Trans Jawa", "bujt": "PT. Lintas Marga Sedaya", "kodefikasi": "A03", "no": 4, "shape_leng": 0, "keterangan": "GT KERTAJATI", "creator": null, "created": null, "updater": null, "updated": null, "sync_state": 0, "last_sync": 1765414802000, "Nm_Ruas": null, "Status": null, "Propinsi": null, "Kab_Kot": null, "Panjang": null, "Segmen": null, "Satwil": null }, "geometry": { "type": "Point", "coordinates": [ 108.169492302000037, -6.708209802999932 ] } },
{ "type": "Feature", "properties": { "orig_fid": 262, "id": 387, "objectid": 262, "kode_ruas": "bocimi", "ruas": "Ciawi - Sukabumi", "kode_gt": "bocimi_cigombong", "nama": "GT CIGOMBONG", "seksi": 1, "sta": "60+400", "foto": "http://gis.bpjt.pu.go.id/data/foto/gt/gtcigombong*", "layer": "Gerbang Tol", "koord_x": "106.802144551045", "koord_y": "-6.76005724288554", "jml_gardu": "5", "jmlgrdrvs": " ", "jml_lajur": "6", "panjang_m": "36", "luas_m": "2091,6", "status": "Operasi", "sub_status": "Operasi", "region": "Non Trans", "bujt": "PT Trans Jabar Tol", "kodefikasi": "D04", "no": 2, "shape_leng": 0, "keterangan": "GT CIGOMBONG", "creator": null, "created": null, "updater": null, "updated": null, "sync_state": 0, "last_sync": 1765414802000, "Nm_Ruas": null, "Status": null, "Propinsi": null, "Kab_Kot": null, "Panjang": null, "Segmen": null, "Satwil": null }, "geometry": { "type": "Point", "coordinates": [ 106.802144551000083, -6.760057242999949 ] } },
{ "type": "Feature", "properties": { "orig_fid": 263, "id": 0, "objectid": 263, "kode_ruas": "bocimi", "ruas": "Ciawi - Sukabumi", "kode_gt": "bocimi_cigombong1", "nama": "GT CIGOMBONG 1", "seksi": 1, "sta": " ", "foto": " ", "layer": "Gerbang Tol", "koord_x": "106.803554529251", "koord_y": "-6.75371372640849", "jml_gardu": " ", "jmlgrdrvs": " ", "jml_lajur": " ", "panjang_m": " ", "luas_m": " ", "status": "Operasi", "sub_status": "Operasi", "region": "Non Trans", "bujt": "PT Trans Jabar Tol", "kodefikasi": "D04", "no": 1, "shape_leng": 0, "keterangan": " ", "creator": null, "created": null, "updater": null, "updated": null, "sync_state": 0, "last_sync": 1765414802000, "Nm_Ruas": null, "Status": null, "Propinsi": null, "Kab_Kot": null, "Panjang": null, "Segmen": null, "Satwil": null }, "geometry": { "type": "Point", "coordinates": [ 106.803554529000053, -6.753713725999944 ] } },
{ "type": "Feature", "properties": { "orig_fid": 264, "id": 0, "objectid": 264, "kode_ruas": "bocimi", "ruas": "Ciawi - Sukabumi", "kode_gt": "bocimi_cibadak", "nama": "GT CIBADAK", "seksi": 2, "sta": "73+284", "foto": " ", "layer": "Gerbang Tol", "koord_x": "106.777447437663", "koord_y": "-6.86262834912775", "jml_gardu": "6", "jmlgrdrvs": " ", "jml_lajur": "6", "panjang_m": "36", "luas_m": "1198,8", "status": "Konstruksi", "sub_status": "Pekerjaan Fisik", "region": "Non Trans", "bujt": "PT Trans Jabar Tol", "kodefikasi": "D04", "no": 3, "shape_leng": 0, "keterangan": " ", "creator": null, "created": null, "updater": null, "updated": null, "sync_state": 0, "last_sync": 1765414802000, "Nm_Ruas": null, "Status": null, "Propinsi": null, "Kab_Kot": null, "Panjang": null, "Segmen": null, "Satwil": null }, "geometry": { "type": "Point", "coordinates": [ 106.777447438000081, -6.862628348999976 ] } },
{ "type": "Feature", "properties": { "orig_fid": 265, "id": 3, "objectid": 265, "kode_ruas": "balsam", "ruas": "Balikpapan - Samarinda", "kode_gt": "balsam_palaran", "nama": "GT PALARAN OFF", "seksi": 4, "sta": " ", "foto": "http://gis.bpjt.pu.go.id/data/foto/gt/gtpalaran.j*", "layer": "Gerbang Tol", "koord_x": "117.142408251505", "koord_y": "-0.588164661136901", "jml_gardu": " ", "jmlgrdrvs": " ", "jml_lajur": " ", "panjang_m": " ", "luas_m": " ", "status": "Operasi", "sub_status": "Operasi Penuh", "region": "Non Trans", "bujt": "PT Jasamarga Balikpapan Samarinda", "kodefikasi": "D27", "no": 2, "shape_leng": 0, "keterangan": "GT PALARAN", "creator": null, "created": null, "updater": null, "updated": null, "sync_state": 0, "last_sync": 1765414802000, "Nm_Ruas": null, "Status": null, "Propinsi": null, "Kab_Kot": null, "Panjang": null, "Segmen": null, "Satwil": null }, "geometry": { "type": "Point", "coordinates": [ 117.142408252000109, -0.588164660999951 ] } },
{ "type": "Feature", "properties": { "orig_fid": 266, "id": 0, "objectid": 266, "kode_ruas": "balsam", "ruas": "Balikpapan - Samarinda", "kode_gt": "balsam_palaran", "nama": "GT PALARAN ON", "seksi": 4, "sta": " ", "foto": " ", "layer": "Gerbang Tol", "koord_x": "117.142570218844", "koord_y": "-0.588011719211306", "jml_gardu": " ", "jmlgrdrvs": " ", "jml_lajur": " ", "panjang_m": " ", "luas_m": " ", "status": "Operasi", "sub_status": "Operasi Penuh", "region": "Non Trans", "bujt": "PT Jasamarga Balikpapan Samarinda", "kodefikasi": "D27", "no": 2, "shape_leng": 0, "keterangan": " ", "creator": null, "created": null, "updater": null, "updated": null, "sync_state": 0, "last_sync": 1765414802000, "Nm_Ruas": null, "Status": null, "Propinsi": null, "Kab_Kot": null, "Panjang": null, "Segmen": null, "Satwil": null }, "geometry": { "type": "Point", "coordinates": [ 117.142570219000049, -0.588011718999951 ] } },
{ "type": "Feature", "properties": { "orig_fid": 267, "id": 1, "objectid": 267, "kode_ruas": "balsam", "ruas": "Balikpapan - Samarinda", "kode_gt": "balsam_karang_joang", "nama": "GT KARANG JOANG", "seksi": 1, "sta": " ", "foto": "http://gis.bpjt.pu.go.id/data/foto/gt/gtkarangjoa*", "layer": "Gerbang Tol", "koord_x": "116.887039348418", "koord_y": "-1.16303253863843", "jml_gardu": " ", "jmlgrdrvs": " ", "jml_lajur": " ", "panjang_m": " ", "luas_m": " ", "status": "Operasi", "sub_status": "Operasi Penuh", "region": "Non Trans", "bujt": "PT Jasamarga Balikpapan Samarinda", "kodefikasi": "D27", "no": 1, "shape_leng": 0, "keterangan": "GT KARANG JOANG", "creator": null, "created": null, "updater": null, "updated": null, "sync_state": 0, "last_sync": 1765414802000, "Nm_Ruas": null, "Status": null, "Propinsi": null, "Kab_Kot": null, "Panjang": null, "Segmen": null, "Satwil": null }, "geometry": { "type": "Point", "coordinates": [ 116.88703934800003, -1.163032538999971 ] } },
{ "type": "Feature", "properties": { "orig_fid": 268, "id": 0, "objectid": 268, "kode_ruas": "balsam", "ruas": "Balikpapan - Samarinda", "kode_gt": "balsam_mangar", "nama": "GT MANGGAR ON", "seksi": 5, "sta": " ", "foto": " ", "layer": "Gerbang Tol", "koord_x": "116.947607519931", "koord_y": "-1.21931363690513", "jml_gardu": " ", "jmlgrdrvs": " ", "jml_lajur": " ", "panjang_m": " ", "luas_m": " ", "status": "Operasi", "sub_status": "Operasi Penuh", "region": "Non Trans", "bujt": "PT Jasamarga Balikpapan Samarinda", "kodefikasi": "D27", "no": 3, "shape_leng": 0, "keterangan": " ", "creator": null, "created": null, "updater": null, "updated": null, "sync_state": 0, "last_sync": 1765414802000, "Nm_Ruas": null, "Status": null, "Propinsi": null, "Kab_Kot": null, "Panjang": null, "Segmen": null, "Satwil": null }, "geometry": { "type": "Point", "coordinates": [ 116.94760752000002, -1.219313636999971 ] } },
{ "type": "Feature", "properties": { "orig_fid": 269, "id": 2, "objectid": 269, "kode_ruas": "balsam", "ruas": "Balikpapan - Samarinda", "kode_gt": "balsam_manggar", "nama": "GT MANGGAR OFF", "seksi": 5, "sta": " ", "foto": "http://gis.bpjt.pu.go.id/data/foto/gt/gtmanggar.j*", "layer": "Gerbang Tol", "koord_x": "116.947656530576", "koord_y": "-1.21918582255988", "jml_gardu": " ", "jmlgrdrvs": " ", "jml_lajur": " ", "panjang_m": " ", "luas_m": " ", "status": "Operasi", "sub_status": "Operasi Penuh", "region": "Non Trans", "bujt": "PT Jasamarga Balikpapan Samarinda", "kodefikasi": "D27", "no": 3, "shape_leng": 0, "keterangan": "GT MANGGAR", "creator": null, "created": null, "updater": null, "updated": null, "sync_state": 0, "last_sync": 1765414802000, "Nm_Ruas": null, "Status": null, "Propinsi": null, "Kab_Kot": null, "Panjang": null, "Segmen": null, "Satwil": null }, "geometry": { "type": "Point", "coordinates": [ 116.947656531, -1.219185822999975 ] } },
{ "type": "Feature", "properties": { "orig_fid": 270, "id": 340, "objectid": 270, "kode_ruas": "gempad", "ruas": "Gempol - Pandaan", "kode_gt": "gempad_pandaan", "nama": "GT PANDAAN", "seksi": 0, "sta": "56+445", "foto": "http://gis.bpjt.pu.go.id/data/foto/gt/gtpandaan.j*", "layer": "Gerbang Tol", "koord_x": "112.704521078607", "koord_y": "-7.66568327071401", "jml_gardu": "7", "jmlgrdrvs": " ", "jml_lajur": "7", "panjang_m": "210", "luas_m": "1000", "status": "Operasi", "sub_status": "Operasi Penuh", "region": "Non Trans", "bujt": "PT. Jasamarga Pandaan Tol", "kodefikasi": "D21", "no": 3, "shape_leng": 0, "keterangan": "GT PANDAAN", "creator": null, "created": null, "updater": null, "updated": null, "sync_state": 0, "last_sync": 1765414802000, "Nm_Ruas": null, "Status": null, "Propinsi": null, "Kab_Kot": null, "Panjang": null, "Segmen": null, "Satwil": null }, "geometry": { "type": "Point", "coordinates": [ 112.704521079000074, -7.665683270999978 ] } },
{ "type": "Feature", "properties": { "orig_fid": 271, "id": 342, "objectid": 271, "kode_ruas": "gempad", "ruas": "Gempol - Pandaan", "kode_gt": "gempad_gempol3", "nama": "GT GEMPOL 3", "seksi": 0, "sta": "46+032", "foto": "http://gis.bpjt.pu.go.id/data/foto/gt/gtgempol3.j*", "layer": "Gerbang Tol", "koord_x": "112.71615244479", "koord_y": "-7.56744122075774", "jml_gardu": "2", "jmlgrdrvs": " ", "jml_lajur": "2", "panjang_m": "150", "luas_m": "260", "status": "Operasi", "sub_status": "Operasi Penuh", "region": "Non Trans", "bujt": "PT. Jasamarga Pandaan Tol", "kodefikasi": "D21", "no": 2, "shape_leng": 0, "keterangan": "GT GEMPOL 3", "creator": null, "created": null, "updater": null, "updated": null, "sync_state": 0, "last_sync": 1765414802000, "Nm_Ruas": null, "Status": null, "Propinsi": null, "Kab_Kot": null, "Panjang": null, "Segmen": null, "Satwil": null }, "geometry": { "type": "Point", "coordinates": [ 112.716152445000034, -7.567441220999967 ] } },
{ "type": "Feature", "properties": { "orig_fid": 272, "id": 218, "objectid": 272, "kode_ruas": "gempad", "ruas": "Gempol - Pandaan", "kode_gt": "gempad_gempol2", "nama": "GT GEMPOL 2", "seksi": 0, "sta": "46+040", "foto": "http://gis.bpjt.pu.go.id/data/foto/gt/gtgempol2.j*", "layer": "Gerbang Tol", "koord_x": "112.715669883135", "koord_y": "-7.56729095101117", "jml_gardu": "3", "jmlgrdrvs": " ", "jml_lajur": "3", "panjang_m": "200", "luas_m": "400", "status": "Operasi", "sub_status": "Operasi Penuh", "region": "Non Trans", "bujt": "PT. Jasamarga Pandaan Tol", "kodefikasi": "D21", "no": 1, "shape_leng": 0, "keterangan": "GT GEMPOL 2", "creator": null, "created": null, "updater": null, "updated": null, "sync_state": 0, "last_sync": 1765414802000, "Nm_Ruas": null, "Status": null, "Propinsi": null, "Kab_Kot": null, "Panjang": null, "Segmen": null, "Satwil": null }, "geometry": { "type": "Point", "coordinates": [ 112.715669883000032, -7.567290950999961 ] } },
{ "type": "Feature", "properties": { "orig_fid": 273, "id": 320, "objectid": 273, "kode_ruas": "atp", "ruas": "JORR NON S", "kode_gt": "atp_semper1", "nama": "GT SEMPER 1", "seksi": 0, "sta": " ", "foto": "http://gis.bpjt.pu.go.id/data/foto/gt/gtsemper1.j*", "layer": "Gerbang Tol", "koord_x": "106.937945742298", "koord_y": "-6.13935680565583", "jml_gardu": " ", "jmlgrdrvs": " ", "jml_lajur": " ", "panjang_m": " ", "luas_m": " ", "status": "Operasi", "sub_status": "Operasi Penuh", "region": "Jabodetabek", "bujt": "PT Jasa Marga (Persero) Tbk", "kodefikasi": "B18", "no": 19, "shape_leng": 0, "keterangan": "GT SEMPER 1", "creator": null, "created": null, "updater": null, "updated": null, "sync_state": 0, "last_sync": 1765414802000, "Nm_Ruas": null, "Status": null, "Propinsi": null, "Kab_Kot": null, "Panjang": null, "Segmen": null, "Satwil": null }, "geometry": { "type": "Point", "coordinates": [ 106.937945742000068, -6.139356805999967 ] } },
{ "type": "Feature", "properties": { "orig_fid": 274, "id": 171, "objectid": 274, "kode_ruas": "atp", "ruas": "JORR NON S", "kode_gt": "atp_rorotan2", "nama": "GT ROROTAN 2", "seksi": 0, "sta": " ", "foto": "http://gis.bpjt.pu.go.id/data/foto/gt/gtrorotan2.*", "layer": "Gerbang Tol", "koord_x": "106.940250221775", "koord_y": "-6.1461180976194", "jml_gardu": "4", "jmlgrdrvs": " ", "jml_lajur": "4", "panjang_m": " ", "luas_m": " ", "status": "Operasi", "sub_status": "Operasi Penuh", "region": "Jabodetabek", "bujt": "PT Jasa Marga (Persero) Tbk", "kodefikasi": "B18", "no": 18, "shape_leng": 0, "keterangan": "GT ROROTAN 2", "creator": null, "created": null, "updater": null, "updated": null, "sync_state": 0, "last_sync": 1765414802000, "Nm_Ruas": null, "Status": null, "Propinsi": null, "Kab_Kot": null, "Panjang": null, "Segmen": null, "Satwil": null }, "geometry": { "type": "Point", "coordinates": [ 106.940250222000088, -6.146118097999931 ] } },
{ "type": "Feature", "properties": { "orig_fid": 275, "id": 317, "objectid": 275, "kode_ruas": "jorre", "ruas": "JORR NON S", "kode_gt": "jorre_pulo_gebang", "nama": "GT PULOGEBANG", "seksi": 0, "sta": " ", "foto": "http://gis.bpjt.pu.go.id/data/foto/gt/gtpulogeban*", "layer": "Gerbang Tol", "koord_x": "106.951905249849", "koord_y": "-6.21306146043372", "jml_gardu": "4", "jmlgrdrvs": " ", "jml_lajur": "4", "panjang_m": " ", "luas_m": " ", "status": "Operasi", "sub_status": "Operasi Penuh", "region": "Jabodetabek", "bujt": "PT Jasa Marga (Persero) Tbk", "kodefikasi": "B18", "no": 15, "shape_leng": 0, "keterangan": "GT PULO GEBANG", "creator": null, "created": null, "updater": null, "updated": null, "sync_state": 0, "last_sync": 1765414802000, "Nm_Ruas": null, "Status": null, "Propinsi": null, "Kab_Kot": null, "Panjang": null, "Segmen": null, "Satwil": null }, "geometry": { "type": "Point", "coordinates": [ 106.951905250000038, -6.213061459999949 ] } },
{ "type": "Feature", "properties": { "orig_fid": 276, "id": 153, "objectid": 276, "kode_ruas": "jorre", "ruas": "JORR NON S", "kode_gt": "jorre_bintara", "nama": "GT BINTARA", "seksi": 0, "sta": " ", "foto": "http://gis.bpjt.pu.go.id/data/foto/gt/gtbintara.j*", "layer": "Gerbang Tol", "koord_x": "106.950138517668", "koord_y": "-6.22147362600234", "jml_gardu": "4", "jmlgrdrvs": " ", "jml_lajur": "4", "panjang_m": " ", "luas_m": " ", "status": "Operasi", "sub_status": "Operasi Penuh", "region": "Jabodetabek", "bujt": "PT Jasa Marga (Persero) Tbk", "kodefikasi": "B18", "no": 14, "shape_leng": 0, "keterangan": "GT BINTARA", "creator": null, "created": null, "updater": null, "updated": null, "sync_state": 0, "last_sync": 1765414802000, "Nm_Ruas": null, "Status": null, "Propinsi": null, "Kab_Kot": null, "Panjang": null, "Segmen": null, "Satwil": null }, "geometry": { "type": "Point", "coordinates": [ 106.950138518000074, -6.221473625999977 ] } },
{ "type": "Feature", "properties": { "orig_fid": 277, "id": 313, "objectid": 277, "kode_ruas": "jorre", "ruas": "JORR NON S", "kode_gt": "jorre_bambu_apus2", "nama": "GT BAMBU APUS 2", "seksi": 0, "sta": " ", "foto": "http://gis.bpjt.pu.go.id/data/foto/gt/bambuapus2.*", "layer": "Gerbang Tol", "koord_x": "106.895627599268", "koord_y": "-6.30754280472662", "jml_gardu": "3", "jmlgrdrvs": " ", "jml_lajur": "3", "panjang_m": " ", "luas_m": " ", "status": "Operasi", "sub_status": "Operasi Penuh", "region": "Jabodetabek", "bujt": "PT Jasa Marga (Persero) Tbk", "kodefikasi": "B18", "no": 1, "shape_leng": 0, "keterangan": "GT BAMBU APUS 2", "creator": null, "created": null, "updater": null, "updated": null, "sync_state": 0, "last_sync": 1765414802000, "Nm_Ruas": null, "Status": null, "Propinsi": null, "Kab_Kot": null, "Panjang": null, "Segmen": null, "Satwil": null }, "geometry": { "type": "Point", "coordinates": [ 106.895627599000079, -6.307542804999969 ] } },
{ "type": "Feature", "properties": { "orig_fid": 278, "id": 125, "objectid": 278, "kode_ruas": "jorre", "ruas": "JORR NON S", "kode_gt": "jorre_bambu_apus_1", "nama": "GT BAMBU APUS 1", "seksi": 0, "sta": " ", "foto": "http://gis.bpjt.pu.go.id/data/foto/gt/gtbambuapus*", "layer": "Gerbang Tol", "koord_x": "106.900909760554", "koord_y": "-6.31019630575408", "jml_gardu": "2", "jmlgrdrvs": " ", "jml_lajur": "2", "panjang_m": " ", "luas_m": " ", "status": "Operasi", "sub_status": "Operasi Penuh", "region": "Jabodetabek", "bujt": "PT Jasa Marga (Persero) Tbk", "kodefikasi": "B18", "no": 2, "shape_leng": 0, "keterangan": "GT BAMBU APUS 1", "creator": null, "created": null, "updater": null, "updated": null, "sync_state": 0, "last_sync": 1765414802000, "Nm_Ruas": null, "Status": null, "Propinsi": null, "Kab_Kot": null, "Panjang": null, "Segmen": null, "Satwil": null }, "geometry": { "type": "Point", "coordinates": [ 106.900909761000037, -6.310196305999966 ] } },
{ "type": "Feature", "properties": { "orig_fid": 279, "id": 16, "objectid": 279, "kode_ruas": "jorre", "ruas": "JORR NON S", "kode_gt": "jorre_setu", "nama": "GT SETU", "seksi": 0, "sta": " ", "foto": "http://gis.bpjt.pu.go.id/data/foto/gt/gtsetu.jpg", "layer": "Gerbang Tol", "koord_x": "106.910353583447", "koord_y": "-6.31219998775719", "jml_gardu": "2", "jmlgrdrvs": " ", "jml_lajur": "2", "panjang_m": " ", "luas_m": " ", "status": "Operasi", "sub_status": "Operasi Penuh", "region": "Jabodetabek", "bujt": "PT Jasa Marga (Persero) Tbk", "kodefikasi": "B18", "no": 3, "shape_leng": 0, "keterangan": "GT SETU", "creator": null, "created": null, "updater": null, "updated": null, "sync_state": 0, "last_sync": 1765414802000, "Nm_Ruas": null, "Status": null, "Propinsi": null, "Kab_Kot": null, "Panjang": null, "Segmen": null, "Satwil": null }, "geometry": { "type": "Point", "coordinates": [ 106.910353583000074, -6.312199987999975 ] } },
{ "type": "Feature", "properties": { "orig_fid": 280, "id": 2, "objectid": 280, "kode_ruas": "jorre", "ruas": "JORR NON S", "kode_gt": "jorre_jatiasih2", "nama": "GT JATIASIH 2", "seksi": 0, "sta": " ", "foto": "http://gis.bpjt.pu.go.id/data/foto/gt/gtjatiasih2*", "layer": "Gerbang Tol", "koord_x": "106.954906528846", "koord_y": "-6.29735728000183", "jml_gardu": "5", "jmlgrdrvs": " ", "jml_lajur": "5", "panjang_m": " ", "luas_m": " ", "status": "Operasi", "sub_status": "Operasi Penuh", "region": "Jabodetabek", "bujt": "PT Jasa Marga (Persero) Tbk", "kodefikasi": "B18", "no": 5, "shape_leng": 0, "keterangan": "GT JATIH ASIH 2", "creator": null, "created": null, "updater": null, "updated": null, "sync_state": 0, "last_sync": 1765414802000, "Nm_Ruas": null, "Status": null, "Propinsi": null, "Kab_Kot": null, "Panjang": null, "Segmen": null, "Satwil": null }, "geometry": { "type": "Point", "coordinates": [ 106.954906529000084, -6.297357279999972 ] } },
{ "type": "Feature", "properties": { "orig_fid": 281, "id": 252, "objectid": 281, "kode_ruas": "jorre", "ruas": "JORR NON S", "kode_gt": "jorre_jatiasih1", "nama": "GT JATIASIH 1", "seksi": 0, "sta": " ", "foto": "http://gis.bpjt.pu.go.id/data/foto/gt/gtjatiasih1*", "layer": "Gerbang Tol", "koord_x": "106.955521469534", "koord_y": "-6.29565536531279", "jml_gardu": "5", "jmlgrdrvs": " ", "jml_lajur": "5", "panjang_m": " ", "luas_m": " ", "status": "Operasi", "sub_status": "Operasi Penuh", "region": "Jabodetabek", "bujt": "PT Jasa Marga (Persero) Tbk", "kodefikasi": "B18", "no": 6, "shape_leng": 0, "keterangan": "GT JATI ASIH 1", "creator": null, "created": null, "updater": null, "updated": null, "sync_state": 0, "last_sync": 1765414802000, "Nm_Ruas": null, "Status": null, "Propinsi": null, "Kab_Kot": null, "Panjang": null, "Segmen": null, "Satwil": null }, "geometry": { "type": "Point", "coordinates": [ 106.955521470000065, -6.295655364999959 ] } },
{ "type": "Feature", "properties": { "orig_fid": 282, "id": 180, "objectid": 282, "kode_ruas": "jorre", "ruas": "JORR NON S", "kode_gt": "jorre_kali_malang2", "nama": "GT KALIMALANG 2", "seksi": 0, "sta": " ", "foto": "http://gis.bpjt.pu.go.id/data/foto/gt/gtkalimalan*", "layer": "Gerbang Tol", "koord_x": "106.955724911884", "koord_y": "-6.24643977656074", "jml_gardu": "3", "jmlgrdrvs": " ", "jml_lajur": "3", "panjang_m": " ", "luas_m": " ", "status": "Operasi", "sub_status": "Operasi Penuh", "region": "Jabodetabek", "bujt": "PT Jasa Marga (Persero) Tbk", "kodefikasi": "B18", "no": 12, "shape_leng": 0, "keterangan": "GT KALI MALANG 2", "creator": null, "created": null, "updater": null, "updated": null, "sync_state": 0, "last_sync": 1765414802000, "Nm_Ruas": null, "Status": null, "Propinsi": null, "Kab_Kot": null, "Panjang": null, "Segmen": null, "Satwil": null }, "geometry": { "type": "Point", "coordinates": [ 106.955724912000051, -6.246439776999978 ] } },
{ "type": "Feature", "properties": { "orig_fid": 283, "id": 314, "objectid": 283, "kode_ruas": "jorre", "ruas": "JORR NON S", "kode_gt": "jorre_kali_malang1", "nama": "GT KALIMALANG 1", "seksi": 0, "sta": " ", "foto": "http://gis.bpjt.pu.go.id/data/foto/gt/gtkalimalan*", "layer": "Gerbang Tol", "koord_x": "106.953365024659", "koord_y": "-6.2417030703957", "jml_gardu": "2", "jmlgrdrvs": " ", "jml_lajur": "3", "panjang_m": " ", "luas_m": " ", "status": "Operasi", "sub_status": "Operasi Penuh", "region": "Jabodetabek", "bujt": "PT Jasa Marga (Persero) Tbk", "kodefikasi": "B18", "no": 13, "shape_leng": 0, "keterangan": "GT KALI MALANG 1", "creator": null, "created": null, "updater": null, "updated": null, "sync_state": 0, "last_sync": 1765414802000, "Nm_Ruas": null, "Status": null, "Propinsi": null, "Kab_Kot": null, "Panjang": null, "Segmen": null, "Satwil": null }, "geometry": { "type": "Point", "coordinates": [ 106.953365025000039, -6.241703069999971 ] } },
{ "type": "Feature", "properties": { "orig_fid": 284, "id": 160, "objectid": 284, "kode_ruas": "jorre", "ruas": "JORR NON S", "kode_gt": "jorre_cakung1", "nama": "GT CAKUNG 1", "seksi": 0, "sta": " ", "foto": "http://gis.bpjt.pu.go.id/data/foto/gt/gtcakung1.j*", "layer": "Gerbang Tol", "koord_x": "106.938446821418", "koord_y": "-6.18714491361157", "jml_gardu": "4", "jmlgrdrvs": " ", "jml_lajur": "4", "panjang_m": " ", "luas_m": " ", "status": "Operasi", "sub_status": "Operasi Penuh", "region": "Jabodetabek", "bujt": "PT Jasa Marga (Persero) Tbk", "kodefikasi": "B18", "no": 16, "shape_leng": 0, "keterangan": "GT CAKUNG 1", "creator": null, "created": null, "updater": null, "updated": null, "sync_state": 0, "last_sync": 1765414802000, "Nm_Ruas": null, "Status": null, "Propinsi": null, "Kab_Kot": null, "Panjang": null, "Segmen": null, "Satwil": null }, "geometry": { "type": "Point", "coordinates": [ 106.93844682100007, -6.18714491399993 ] } },
{ "type": "Feature", "properties": { "orig_fid": 285, "id": 173, "objectid": 285, "kode_ruas": "jorre", "ruas": "JORR NON S", "kode_gt": "jorre_cakung2", "nama": "GT CAKUNG 2", "seksi": 0, "sta": " ", "foto": "http://gis.bpjt.pu.go.id/data/foto/gt/gtcakung2.j*", "layer": "Gerbang Tol", "koord_x": "106.94326461748", "koord_y": "-6.17807492964922", "jml_gardu": "3", "jmlgrdrvs": " ", "jml_lajur": "3", "panjang_m": " ", "luas_m": " ", "status": "Operasi", "sub_status": "Operasi Penuh", "region": "Jabodetabek", "bujt": "PT Jasa Marga (Persero) Tbk", "kodefikasi": "B18", "no": 17, "shape_leng": 0, "keterangan": "GT CAKUNG 2", "creator": null, "created": null, "updater": null, "updated": null, "sync_state": 0, "last_sync": 1765414802000, "Nm_Ruas": null, "Status": null, "Propinsi": null, "Kab_Kot": null, "Panjang": null, "Segmen": null, "Satwil": null }, "geometry": { "type": "Point", "coordinates": [ 106.943264617000068, -6.17807492999998 ] } },
{ "type": "Feature", "properties": { "orig_fid": 286, "id": 131, "objectid": 286, "kode_ruas": "jorre", "ruas": "JORR NON S", "kode_gt": "jorre_jatiwarna1", "nama": "GT JATIWARNA 1", "seksi": 0, "sta": " ", "foto": "http://gis.bpjt.pu.go.id/data/foto/gt/gtjtwarna1.*", "layer": "Gerbang Tol", "koord_x": "106.927039143471", "koord_y": "-6.31000566963808", "jml_gardu": "3", "jmlgrdrvs": " ", "jml_lajur": "3", "panjang_m": " ", "luas_m": " ", "status": "Operasi", "sub_status": "Operasi Penuh", "region": "Jabodetabek", "bujt": "PT Jasa Marga (Persero) Tbk", "kodefikasi": "B18", "no": 4, "shape_leng": 0, "keterangan": "GT JATI WARNA 1", "creator": null, "created": null, "updater": null, "updated": null, "sync_state": 0, "last_sync": 1765414802000, "Nm_Ruas": null, "Status": null, "Propinsi": null, "Kab_Kot": null, "Panjang": null, "Segmen": null, "Satwil": null }, "geometry": { "type": "Point", "coordinates": [ 106.927039143000059, -6.310005669999953 ] } },
{ "type": "Feature", "properties": { "orig_fid": 287, "id": 182, "objectid": 287, "kode_ruas": "jorre", "ruas": "JORR NON S", "kode_gt": "jorre_cikunir2", "nama": "GT CIKUNIR 2", "seksi": 0, "sta": " ", "foto": "http://gis.bpjt.pu.go.id/data/foto/gt/gtcikunir2-*", "layer": "Gerbang Tol", "koord_x": "106.960113888042", "koord_y": "-6.25679287910097", "jml_gardu": "7", "jmlgrdrvs": " ", "jml_lajur": "7", "panjang_m": " ", "luas_m": " ", "status": "Operasi", "sub_status": "Operasi Penuh", "region": "Jabodetabek", "bujt": "PT Jasa Marga (Persero) Tbk", "kodefikasi": "B18", "no": 8, "shape_leng": 0, "keterangan": "GT CIKUNIR 2", "creator": null, "created": null, "updater": null, "updated": null, "sync_state": 0, "last_sync": 1765414802000, "Nm_Ruas": null, "Status": null, "Propinsi": null, "Kab_Kot": null, "Panjang": null, "Segmen": null, "Satwil": null }, "geometry": { "type": "Point", "coordinates": [ 106.96011388800008, -6.256792878999931 ] } },
{ "type": "Feature", "properties": { "orig_fid": 288, "id": 141, "objectid": 288, "kode_ruas": "japek", "ruas": "JORR NON S", "kode_gt": "japek_cikunir3", "nama": "GT CIKUNIR 3", "seksi": 0, "sta": " ", "foto": "http://gis.bpjt.pu.go.id/data/foto/gt/gtcikunir3-*", "layer": "Gerbang Tol", "koord_x": "106.954724915312", "koord_y": "-6.2568673833153", "jml_gardu": "7", "jmlgrdrvs": " ", "jml_lajur": "7", "panjang_m": " ", "luas_m": " ", "status": "Operasi", "sub_status": "Operasi Penuh", "region": "Jabodetabek", "bujt": "PT Jasa Marga (Persero) Tbk", "kodefikasi": "B18", "no": 9, "shape_leng": 0, "keterangan": "GT CIKUNIR 3", "creator": null, "created": null, "updater": null, "updated": null, "sync_state": 0, "last_sync": 1765414802000, "Nm_Ruas": null, "Status": null, "Propinsi": null, "Kab_Kot": null, "Panjang": null, "Segmen": null, "Satwil": null }, "geometry": { "type": "Point", "coordinates": [ 106.954724915000043, -6.256867382999928 ] } },
{ "type": "Feature", "properties": { "orig_fid": 289, "id": 15, "objectid": 289, "kode_ruas": "jorre", "ruas": "JORR NON S", "kode_gt": "jorre_cikunir4", "nama": "GT CIKUNIR 4", "seksi": 0, "sta": " ", "foto": "http://gis.bpjt.pu.go.id/data/foto/gt/gtcikunir4-*", "layer": "Gerbang Tol", "koord_x": "106.954690613625", "koord_y": "-6.2564181700499", "jml_gardu": "8", "jmlgrdrvs": " ", "jml_lajur": "8", "panjang_m": " ", "luas_m": " ", "status": "Operasi", "sub_status": "Operasi Penuh", "region": "Jabodetabek", "bujt": "PT Jasa Marga (Persero) Tbk", "kodefikasi": "B18", "no": 10, "shape_leng": 0, "keterangan": "GT CIKUNIR 4", "creator": null, "created": null, "updater": null, "updated": null, "sync_state": 0, "last_sync": 1765414802000, "Nm_Ruas": null, "Status": null, "Propinsi": null, "Kab_Kot": null, "Panjang": null, "Segmen": null, "Satwil": null }, "geometry": { "type": "Point", "coordinates": [ 106.954690614000071, -6.256418169999961 ] } },
{ "type": "Feature", "properties": { "orig_fid": 290, "id": 0, "objectid": 290, "kode_ruas": "jorre", "ruas": "JORR NON S", "kode_gt": "jorre_cikunir8", "nama": "GT CIKUNIR 8", "seksi": 0, "sta": " ", "foto": " ", "layer": "Gerbang Tol", "koord_x": "106.95903433817", "koord_y": "-6.25774900701527", "jml_gardu": "2", "jmlgrdrvs": " ", "jml_lajur": "2", "panjang_m": " ", "luas_m": " ", "status": "Operasi", "sub_status": "Operasi Penuh", "region": "Jabodetabek", "bujt": "PT Jasa Marga (Persero) Tbk", "kodefikasi": "B18", "no": 7, "shape_leng": 0, "keterangan": " ", "creator": null, "created": null, "updater": null, "updated": null, "sync_state": 0, "last_sync": 1765414802000, "Nm_Ruas": null, "Status": null, "Propinsi": null, "Kab_Kot": null, "Panjang": null, "Segmen": null, "Satwil": null }, "geometry": { "type": "Point", "coordinates": [ 106.959034338000038, -6.257749006999973 ] } },
{ "type": "Feature", "properties": { "orig_fid": 291, "id": 253, "objectid": 291, "kode_ruas": "japek", "ruas": "JORR NON S", "kode_gt": "japek_cikunir1", "nama": "GT CIKUNIR 1", "seksi": 0, "sta": " ", "foto": "http://gis.bpjt.pu.go.id/data/foto/gt/gtcikunir1-*", "layer": "Gerbang Tol", "koord_x": "106.958061258912", "koord_y": "-6.25335031721295", "jml_gardu": "5", "jmlgrdrvs": " ", "jml_lajur": "5", "panjang_m": " ", "luas_m": " ", "status": "Operasi", "sub_status": "Operasi Penuh", "region": "Jabodetabek", "bujt": "PT Jasa Marga (Persero) Tbk", "kodefikasi": "B18", "no": 11, "shape_leng": 0, "keterangan": "GT CIKUNIR 1", "creator": null, "created": null, "updater": null, "updated": null, "sync_state": 0, "last_sync": 1765414802000, "Nm_Ruas": null, "Status": null, "Propinsi": null, "Kab_Kot": null, "Panjang": null, "Segmen": null, "Satwil": null }, "geometry": { "type": "Point", "coordinates": [ 106.958061259000033, -6.253350316999956 ] } },
{ "type": "Feature", "properties": { "orig_fid": 292, "id": 254, "objectid": 292, "kode_ruas": "jorrs", "ruas": "JORR S (Pondok Pinang - TMII)", "kode_gt": "jorrs_gedong1", "nama": "GT GEDONG 1", "seksi": 0, "sta": " ", "foto": "http://gis.bpjt.pu.go.id/data/foto/gt/gtgedong1.j*", "layer": "Gerbang Tol", "koord_x": "106.868906523632", "koord_y": "-6.30807505947731", "jml_gardu": " ", "jmlgrdrvs": " ", "jml_lajur": " ", "panjang_m": " ", "luas_m": " ", "status": "Operasi", "sub_status": "Operasi Penuh", "region": "Jabodetabek", "bujt": "PT Hutama Karya (Persero)", "kodefikasi": "B15", "no": 18, "shape_leng": 0, "keterangan": "GT GEDONG 1", "creator": null, "created": null, "updater": null, "updated": null, "sync_state": 0, "last_sync": 1765414802000, "Nm_Ruas": null, "Status": null, "Propinsi": null, "Kab_Kot": null, "Panjang": null, "Segmen": null, "Satwil": null }, "geometry": { "type": "Point", "coordinates": [ 106.868906524000067, -6.308075058999975 ] } },
{ "type": "Feature", "properties": { "orig_fid": 293, "id": 39, "objectid": 293, "kode_ruas": "jorrs", "ruas": "JORR S (Pondok Pinang - TMII)", "kode_gt": "jorrs_gedong2", "nama": "GT GEDONG 2", "seksi": 0, "sta": " ", "foto": "http://gis.bpjt.pu.go.id/data/foto/gt/gtgedong2.j*", "layer": "Gerbang Tol", "koord_x": "106.861876267629", "koord_y": "-6.30566281279598", "jml_gardu": " ", "jmlgrdrvs": " ", "jml_lajur": " ", "panjang_m": " ", "luas_m": " ", "status": "Operasi", "sub_status": "Operasi Penuh", "region": "Jabodetabek", "bujt": "PT Hutama Karya (Persero)", "kodefikasi": "B15", "no": 17, "shape_leng": 0, "keterangan": "GT GEDONG 2", "creator": null, "created": null, "updater": null, "updated": null, "sync_state": 0, "last_sync": 1765414802000, "Nm_Ruas": null, "Status": null, "Propinsi": null, "Kab_Kot": null, "Panjang": null, "Segmen": null, "Satwil": null }, "geometry": { "type": "Point", "coordinates": [ 106.86187626800006, -6.305662812999969 ] } },
{ "type": "Feature", "properties": { "orig_fid": 294, "id": 92, "objectid": 294, "kode_ruas": "jorrs", "ruas": "JORR S (Pondok Pinang - TMII)", "kode_gt": "jorrs_pondok_pinang", "nama": "GT PONDOK PINANG", "seksi": 0, "sta": " ", "foto": "http://gis.bpjt.pu.go.id/data/foto/gt/gtpondokpin*", "layer": "Gerbang Tol", "koord_x": "106.781860768977", "koord_y": "-6.29063937120525", "jml_gardu": " ", "jmlgrdrvs": " ", "jml_lajur": " ", "panjang_m": " ", "luas_m": " ", "status": "Operasi", "sub_status": "Operasi Penuh", "region": "Jabodetabek", "bujt": "PT Hutama Karya (Persero)", "kodefikasi": "B15", "no": 3, "shape_leng": 0, "keterangan": "GT PONDOK PINANG", "creator": null, "created": null, "updater": null, "updated": null, "sync_state": 0, "last_sync": 1765414802000, "Nm_Ruas": null, "Status": null, "Propinsi": null, "Kab_Kot": null, "Panjang": null, "Segmen": null, "Satwil": null }, "geometry": { "type": "Point", "coordinates": [ 106.781860769000048, -6.290639370999941 ] } },
{ "type": "Feature", "properties": { "orig_fid": 295, "id": 307, "objectid": 295, "kode_ruas": "mb", "ruas": "Medan-Binjai", "kode_gt": "mb_helvetia", "nama": "GT HELVETIA", "seksi": 2, "sta": "1+675", "foto": "http://gis.bpjt.pu.go.id/data/foto/gt/gthelvetia.*", "layer": "Gerbang Tol", "koord_x": "98.6326404283716", "koord_y": "3.63000864404942", "jml_gardu": "5", "jmlgrdrvs": " ", "jml_lajur": " ", "panjang_m": "309,901542227", "luas_m": "6127,65118265", "status": "Operasi", "sub_status": "Operasi Penuh", "region": "Trans Sumatera", "bujt": "Hutama Karya", "kodefikasi": "C03", "no": 1, "shape_leng": 0, "keterangan": "GT HELVETIA", "creator": null, "created": null, "updater": null, "updated": null, "sync_state": 0, "last_sync": 1765414802000, "Nm_Ruas": "Jl. Tol Medan - Binjai", "Status": "Jalan Tol", "Propinsi": "Sumatera Utara", "Kab_Kot": "Kota Medan", "Panjang": 499.37810773000001, "Segmen": "SEG_000087075", "Satwil": "Polrestabes Medan" }, "geometry": { "type": "Point", "coordinates": [ 98.632640428000059, 3.630008644000043 ] } },
{ "type": "Feature", "properties": { "orig_fid": 295, "id": 307, "objectid": 295, "kode_ruas": "mb", "ruas": "Medan-Binjai", "kode_gt": "mb_helvetia", "nama": "GT HELVETIA", "seksi": 2, "sta": "1+675", "foto": "http://gis.bpjt.pu.go.id/data/foto/gt/gthelvetia.*", "layer": "Gerbang Tol", "koord_x": "98.6326404283716", "koord_y": "3.63000864404942", "jml_gardu": "5", "jmlgrdrvs": " ", "jml_lajur": " ", "panjang_m": "309,901542227", "luas_m": "6127,65118265", "status": "Operasi", "sub_status": "Operasi Penuh", "region": "Trans Sumatera", "bujt": "Hutama Karya", "kodefikasi": "C03", "no": 1, "shape_leng": 0, "keterangan": "GT HELVETIA", "creator": null, "created": null, "updater": null, "updated": null, "sync_state": 0, "last_sync": 1765414802000, "Nm_Ruas": "Jl. Tol Medan - Binjai", "Status": "Jalan Tol", "Propinsi": "Sumatera Utara", "Kab_Kot": "Kota Medan", "Panjang": 499.38365561099999, "Segmen": "SEG_000087080", "Satwil": "Polrestabes Medan" }, "geometry": { "type": "Point", "coordinates": [ 98.632640428000059, 3.630008644000043 ] } },
{ "type": "Feature", "properties": { "orig_fid": 296, "id": 377, "objectid": 296, "kode_ruas": "mb", "ruas": "Medan-Binjai", "kode_gt": "mb_binjai", "nama": "GT BINJAI", "seksi": 3, "sta": "0+500", "foto": "http://gis.bpjt.pu.go.id/data/foto/gt/gtbinjai.jpg", "layer": "Gerbang Tol", "koord_x": "98.5400262732431", "koord_y": "3.64531566588354", "jml_gardu": "5", "jmlgrdrvs": " ", "jml_lajur": " ", "panjang_m": "391,140741684", "luas_m": "8319,63261706", "status": "Operasi", "sub_status": "Operasi Penuh", "region": "Trans Sumatera", "bujt": "Hutama Karya", "kodefikasi": "C03", "no": 3, "shape_leng": 0, "keterangan": "GT BINJAI", "creator": null, "created": null, "updater": null, "updated": null, "sync_state": 0, "last_sync": 1765414802000, "Nm_Ruas": null, "Status": null, "Propinsi": null, "Kab_Kot": null, "Panjang": null, "Segmen": null, "Satwil": null }, "geometry": { "type": "Point", "coordinates": [ 98.54002627300008, 3.645315666000045 ] } },
{ "type": "Feature", "properties": { "orig_fid": 297, "id": 306, "objectid": 297, "kode_ruas": "mb", "ruas": "Medan-Binjai", "kode_gt": "mb_semayang", "nama": "GT SEMAYANG", "seksi": 3, "sta": "3+675", "foto": "http://gis.bpjt.pu.go.id/data/foto/gt/gtsemayang.*", "layer": "Gerbang Tol", "koord_x": "98.5805449092208", "koord_y": "3.63145115933287", "jml_gardu": "5", "jmlgrdrvs": " ", "jml_lajur": " ", "panjang_m": "454,133765924", "luas_m": "12404,4988952", "status": "Operasi", "sub_status": "Operasi Penuh", "region": "Trans Sumatera", "bujt": "Hutama Karya", "kodefikasi": "C03", "no": 2, "shape_leng": 0, "keterangan": "GT SEMAYANG", "creator": null, "created": null, "updater": null, "updated": null, "sync_state": 0, "last_sync": 1765414802000, "Nm_Ruas": null, "Status": null, "Propinsi": null, "Kab_Kot": null, "Panjang": null, "Segmen": null, "Satwil": null }, "geometry": { "type": "Point", "coordinates": [ 98.580544909000082, 3.631451159000051 ] } },
{ "type": "Feature", "properties": { "orig_fid": 298, "id": 0, "objectid": 298, "kode_ruas": " ", "ruas": "Manado-Bitung", "kode_gt": " ", "nama": " ", "seksi": 0, "sta": " ", "foto": " ", "layer": "Gerbang Tol", "koord_x": "125.05336310345", "koord_y": "1.40105611036732", "jml_gardu": " ", "jmlgrdrvs": " ", "jml_lajur": " ", "panjang_m": " ", "luas_m": " ", "status": "Operasi", "sub_status": "Operasi Sebagian", "region": "Non Trans", "bujt": "PT Jasamarga Manado Bitung", "kodefikasi": "D29", "no": 0, "shape_leng": 0, "keterangan": " ", "creator": null, "created": null, "updater": null, "updated": null, "sync_state": 0, "last_sync": 1765414802000, "Nm_Ruas": null, "Status": null, "Propinsi": null, "Kab_Kot": null, "Panjang": null, "Segmen": null, "Satwil": null }, "geometry": { "type": "Point", "coordinates": [ 125.053363103000038, 1.40105611000007 ] } },
{ "type": "Feature", "properties": { "orig_fid": 299, "id": 0, "objectid": 299, "kode_ruas": " ", "ruas": "Manado-Bitung", "kode_gt": " ", "nama": " ", "seksi": 0, "sta": " ", "foto": " ", "layer": "Gerbang Tol", "koord_x": "125.102114132309", "koord_y": "1.43269678211382", "jml_gardu": " ", "jmlgrdrvs": " ", "jml_lajur": " ", "panjang_m": " ", "luas_m": " ", "status": "Operasi", "sub_status": "Operasi Sebagian", "region": "Non Trans", "bujt": "PT Jasamarga Manado Bitung", "kodefikasi": "D29", "no": 0, "shape_leng": 0, "keterangan": " ", "creator": null, "created": null, "updater": null, "updated": null, "sync_state": 0, "last_sync": 1765414802000, "Nm_Ruas": null, "Status": null, "Propinsi": null, "Kab_Kot": null, "Panjang": null, "Segmen": null, "Satwil": null }, "geometry": { "type": "Point", "coordinates": [ 125.102114132000111, 1.43269678200005 ] } },
{ "type": "Feature", "properties": { "orig_fid": 300, "id": 0, "objectid": 300, "kode_ruas": " ", "ruas": "Manado-Bitung", "kode_gt": " ", "nama": " ", "seksi": 0, "sta": " ", "foto": " ", "layer": "Gerbang Tol", "koord_x": "125.185200659762", "koord_y": "1.45743262191693", "jml_gardu": " ", "jmlgrdrvs": " ", "jml_lajur": " ", "panjang_m": " ", "luas_m": " ", "status": "Operasi", "sub_status": "Operasi Sebagian", "region": "Non Trans", "bujt": "PT Jasamarga Manado Bitung", "kodefikasi": "D29", "no": 0, "shape_leng": 0, "keterangan": " ", "creator": null, "created": null, "updater": null, "updated": null, "sync_state": 0, "last_sync": 1765414802000, "Nm_Ruas": null, "Status": null, "Propinsi": null, "Kab_Kot": null, "Panjang": null, "Segmen": null, "Satwil": null }, "geometry": { "type": "Point", "coordinates": [ 125.185200660000078, 1.457432622000056 ] } },
{ "type": "Feature", "properties": { "orig_fid": 301, "id": 7, "objectid": 301, "kode_ruas": "cipali", "ruas": "Palimanan - Plumbon - Kanci", "kode_gt": "cipali_palimanan3", "nama": "GT PALIMANAN 3", "seksi": 0, "sta": "189+053", "foto": "http://gis.bpjt.pu.go.id/data/foto/gt/gtpalimanan*", "layer": "Gerbang Tol", "koord_x": "108.430593540386", "koord_y": "-6.68958419245745", "jml_gardu": "3", "jmlgrdrvs": " ", "jml_lajur": "3", "panjang_m": "13", "luas_m": "104", "status": "Operasi", "sub_status": "Operasi Penuh", "region": "Trans Jawa", "bujt": "PT Jasa Marga (Persero) Tbk", "kodefikasi": "A04", "no": 1, "shape_leng": 0, "keterangan": "GT PALIMANAN 3", "creator": null, "created": null, "updater": null, "updated": null, "sync_state": 0, "last_sync": 1765414802000, "Nm_Ruas": null, "Status": null, "Propinsi": null, "Kab_Kot": null, "Panjang": null, "Segmen": null, "Satwil": null }, "geometry": { "type": "Point", "coordinates": [ 108.430593540000075, -6.689584191999927 ] } },
{ "type": "Feature", "properties": { "orig_fid": 302, "id": 8, "objectid": 302, "kode_ruas": "cipali", "ruas": "Palimanan - Plumbon - Kanci", "kode_gt": "cipali_palimanan4", "nama": "GT PALIMANAN 4", "seksi": 0, "sta": "189+126", "foto": "http://gis.bpjt.pu.go.id/data/foto/gt/gtpalmanan4*", "layer": "Gerbang Tol", "koord_x": "108.430712122261", "koord_y": "-6.68999887177449", "jml_gardu": "3", "jmlgrdrvs": " ", "jml_lajur": "3", "panjang_m": "14", "luas_m": "154", "status": "Operasi", "sub_status": "Operasi Penuh", "region": "Trans Jawa", "bujt": "PT Jasa Marga (Persero) Tbk", "kodefikasi": "A04", "no": 2, "shape_leng": 0, "keterangan": "GT PALIMANAN 4", "creator": null, "created": null, "updater": null, "updated": null, "sync_state": 0, "last_sync": 1765414802000, "Nm_Ruas": null, "Status": null, "Propinsi": null, "Kab_Kot": null, "Panjang": null, "Segmen": null, "Satwil": null }, "geometry": { "type": "Point", "coordinates": [ 108.430712122000045, -6.689998871999933 ] } },
{ "type": "Feature", "properties": { "orig_fid": 303, "id": 89, "objectid": 303, "kode_ruas": "palikanci", "ruas": "Palimanan - Plumbon - Kanci", "kode_gt": "palikanci_plumbon2", "nama": "GT PLUMBON 2", "seksi": 0, "sta": "195+250", "foto": "http://gis.bpjt.pu.go.id/data/foto/gt/gtplumbon2.*", "layer": "Gerbang Tol", "koord_x": "108.485208419899", "koord_y": "-6.69912535397228", "jml_gardu": "4", "jmlgrdrvs": " ", "jml_lajur": "4", "panjang_m": "17", "luas_m": "255", "status": "Operasi", "sub_status": "Operasi Penuh", "region": "Trans Jawa", "bujt": "PT Jasa Marga (Persero) Tbk", "kodefikasi": "A04", "no": 3, "shape_leng": 0, "keterangan": "GT PLUMBON 2", "creator": null, "created": null, "updater": null, "updated": null, "sync_state": 0, "last_sync": 1765414802000, "Nm_Ruas": null, "Status": null, "Propinsi": null, "Kab_Kot": null, "Panjang": null, "Segmen": null, "Satwil": null }, "geometry": { "type": "Point", "coordinates": [ 108.485208420000049, -6.699125353999932 ] } },
{ "type": "Feature", "properties": { "orig_fid": 304, "id": 112, "objectid": 304, "kode_ruas": "palikanci", "ruas": "Palimanan - Plumbon - Kanci", "kode_gt": "palikanci_plumbon1", "nama": "GT PLUMBON 1", "seksi": 0, "sta": "19+520", "foto": "http://gis.bpjt.pu.go.id/data/foto/gt/gtplumbon1.*", "layer": "Gerbang Tol", "koord_x": "108.48582823769", "koord_y": "-6.70209140058905", "jml_gardu": "6", "jmlgrdrvs": " ", "jml_lajur": "7", "panjang_m": "17", "luas_m": "204", "status": "Operasi", "sub_status": "Operasi Penuh", "region": "Trans Jawa", "bujt": "PT Jasa Marga (Persero) Tbk", "kodefikasi": "A04", "no": 4, "shape_leng": 0, "keterangan": "GT PLUMBON 1", "creator": null, "created": null, "updater": null, "updated": null, "sync_state": 0, "last_sync": 1765414802000, "Nm_Ruas": null, "Status": null, "Propinsi": null, "Kab_Kot": null, "Panjang": null, "Segmen": null, "Satwil": null }, "geometry": { "type": "Point", "coordinates": [ 108.485828238000067, -6.702091400999961 ] } },
{ "type": "Feature", "properties": { "orig_fid": 305, "id": 6, "objectid": 305, "kode_ruas": "palikanci", "ruas": "Palimanan - Plumbon - Kanci", "kode_gt": "palikanci_ciperna_barat", "nama": "GT CIPERNA BARAT", "seksi": 0, "sta": "203+900", "foto": "http://gis.bpjt.pu.go.id/data/foto/gt/gtcipernaba*", "layer": "Gerbang Tol", "koord_x": "108.529301380367", "koord_y": "-6.76023847488185", "jml_gardu": "5", "jmlgrdrvs": " ", "jml_lajur": "5", "panjang_m": "30", "luas_m": "360", "status": "Operasi", "sub_status": "Operasi Penuh", "region": "Trans Jawa", "bujt": "PT Jasa Marga (Persero) Tbk", "kodefikasi": "A04", "no": 5, "shape_leng": 0, "keterangan": "GT CIPERNA BARAT", "creator": null, "created": null, "updater": null, "updated": null, "sync_state": 0, "last_sync": 1765414802000, "Nm_Ruas": null, "Status": null, "Propinsi": null, "Kab_Kot": null, "Panjang": null, "Segmen": null, "Satwil": null }, "geometry": { "type": "Point", "coordinates": [ 108.529301380000049, -6.760238474999937 ] } },
{ "type": "Feature", "properties": { "orig_fid": 306, "id": 9, "objectid": 306, "kode_ruas": "palikanci", "ruas": "Palimanan - Plumbon - Kanci", "kode_gt": "palikanci_ciperna_timur", "nama": "GT CIPERNA TIMUR", "seksi": 0, "sta": "204+270", "foto": "http://gis.bpjt.pu.go.id/data/foto/gt/gtcipernati*", "layer": "Gerbang Tol", "koord_x": "108.527496552704", "koord_y": "-6.76661774636997", "jml_gardu": "4", "jmlgrdrvs": " ", "jml_lajur": "5", "panjang_m": "17", "luas_m": "204", "status": "Operasi", "sub_status": "Operasi Penuh", "region": "Trans Jawa", "bujt": "PT Jasa Marga (Persero) Tbk", "kodefikasi": "A04", "no": 6, "shape_leng": 0, "keterangan": "GT CIPERNA TIMUR", "creator": null, "created": null, "updater": null, "updated": null, "sync_state": 0, "last_sync": 1765414802000, "Nm_Ruas": null, "Status": null, "Propinsi": null, "Kab_Kot": null, "Panjang": null, "Segmen": null, "Satwil": null }, "geometry": { "type": "Point", "coordinates": [ 108.527496553000049, -6.766617745999952 ] } },
{ "type": "Feature", "properties": { "orig_fid": 307, "id": 6, "objectid": 307, "kode_ruas": "kp", "ruas": "Palimanan - Plumbon - Kanci", "kode_gt": "kp_kanci", "nama": "GT KANCI", "seksi": 0, "sta": "215+380", "foto": "http://gis.bpjt.pu.go.id/data/foto/gt/gtkanci.jpg", "layer": "Gerbang Tol", "koord_x": "108.622467521492", "koord_y": "-6.79953347660629", "jml_gardu": "11", "jmlgrdrvs": " ", "jml_lajur": "9", "panjang_m": "17", "luas_m": "204", "status": "Operasi", "sub_status": "Operasi Penuh", "region": "Trans Jawa", "bujt": "PT Jasa Marga (Persero) Tbk", "kodefikasi": "A04", "no": 7, "shape_leng": 0, "keterangan": "GT KANCI", "creator": null, "created": null, "updater": null, "updated": null, "sync_state": 0, "last_sync": 1765414802000, "Nm_Ruas": null, "Status": null, "Propinsi": null, "Kab_Kot": null, "Panjang": null, "Segmen": null, "Satwil": null }, "geometry": { "type": "Point", "coordinates": [ 108.622467521000033, -6.799533476999954 ] } },
{ "type": "Feature", "properties": { "orig_fid": 308, "id": 457, "objectid": 308, "kode_ruas": "cimcib", "ruas": "Cimanggis - Cibitung", "kode_gt": "cimcib_jatikarya2", "nama": "GT JATIKARYA 2", "seksi": 1, "sta": "26+800", "foto": "http://gis.bpjt.pu.go.id/data/foto/gt/gtjatikarya*", "layer": "Gerbang Tol", "koord_x": "106.918539723232", "koord_y": "-6.38251952836468", "jml_gardu": "5", "jmlgrdrvs": " ", "jml_lajur": "5", "panjang_m": " ", "luas_m": "417,08", "status": "Operasi", "sub_status": "Operasi Penuh", "region": "Jabodetabek", "bujt": "PT Cimanggis Cibitung Tollways", "kodefikasi": "B24", "no": 4, "shape_leng": 0, "keterangan": "GT JATIKARYA 2", "creator": null, "created": null, "updater": null, "updated": null, "sync_state": 0, "last_sync": 1765414802000, "Nm_Ruas": null, "Status": null, "Propinsi": null, "Kab_Kot": null, "Panjang": null, "Segmen": null, "Satwil": null }, "geometry": { "type": "Point", "coordinates": [ 106.918539723000038, -6.382519527999932 ] } },
{ "type": "Feature", "properties": { "orig_fid": 309, "id": 419, "objectid": 309, "kode_ruas": "cimcib", "ruas": "Cimanggis - Cibitung", "kode_gt": "cimcib_jatikarya1", "nama": "GT JATIKARYA 1", "seksi": 1, "sta": "26+800", "foto": "http://gis.bpjt.pu.go.id/data/foto/gt/gtjatikarya*", "layer": "Gerbang Tol", "koord_x": "106.918122237004", "koord_y": "-6.38203485790724", "jml_gardu": "5", "jmlgrdrvs": " ", "jml_lajur": "5", "panjang_m": " ", "luas_m": "565,14", "status": "Operasi", "sub_status": "Operasi Penuh", "region": "Jabodetabek", "bujt": "PT Cimanggis Cibitung Tollways", "kodefikasi": "B24", "no": 5, "shape_leng": 0, "keterangan": "GT JATIKARYA 1", "creator": null, "created": null, "updater": null, "updated": null, "sync_state": 0, "last_sync": 1765414802000, "Nm_Ruas": null, "Status": null, "Propinsi": null, "Kab_Kot": null, "Panjang": null, "Segmen": null, "Satwil": null }, "geometry": { "type": "Point", "coordinates": [ 106.918122237000034, -6.38203485799994 ] } },
{ "type": "Feature", "properties": { "orig_fid": 310, "id": 0, "objectid": 310, "kode_ruas": "cimcib", "ruas": "Cimanggis - Cibitung", "kode_gt": "cimcib_cikeas", "nama": "GT CIKEAS", "seksi": 2, "sta": "30+025", "foto": " ", "layer": "Gerbang Tol", "koord_x": "106.945551582404", "koord_y": "-6.38353824860562", "jml_gardu": "6", "jmlgrdrvs": " ", "jml_lajur": " ", "panjang_m": " ", "luas_m": "528,52", "status": "Konstruksi", "sub_status": "Pekerjaan Fisik", "region": "Jabodetabek", "bujt": "PT Cimanggis Cibitung Tollways", "kodefikasi": "B24", "no": 6, "shape_leng": 0, "keterangan": " ", "creator": null, "created": null, "updater": null, "updated": null, "sync_state": 0, "last_sync": 1765414802000, "Nm_Ruas": null, "Status": null, "Propinsi": null, "Kab_Kot": null, "Panjang": null, "Segmen": null, "Satwil": null }, "geometry": { "type": "Point", "coordinates": [ 106.945551582000064, -6.383538248999969 ] } },
{ "type": "Feature", "properties": { "orig_fid": 311, "id": 0, "objectid": 311, "kode_ruas": "cimcib", "ruas": "Cimanggis - Cibitung", "kode_gt": "cimcib_setu_selatan", "nama": "GT SETU SELATAN", "seksi": 2, "sta": "0+560", "foto": " ", "layer": "Gerbang Tol", "koord_x": "107.024745490457", "koord_y": "-6.35096063360796", "jml_gardu": "7", "jmlgrdrvs": " ", "jml_lajur": " ", "panjang_m": " ", "luas_m": "1824,28", "status": "Konstruksi", "sub_status": "Pekerjaan Fisik", "region": "Jabodetabek", "bujt": "PT Cimanggis Cibitung Tollways", "kodefikasi": "B24", "no": 3, "shape_leng": 0, "keterangan": " ", "creator": null, "created": null, "updater": null, "updated": null, "sync_state": 0, "last_sync": 1765414802000, "Nm_Ruas": null, "Status": null, "Propinsi": null, "Kab_Kot": null, "Panjang": null, "Segmen": null, "Satwil": null }, "geometry": { "type": "Point", "coordinates": [ 107.024745490000043, -6.350960633999932 ] } },
{ "type": "Feature", "properties": { "orig_fid": 312, "id": 0, "objectid": 312, "kode_ruas": "cimcib", "ruas": "Cimanggis - Cibitung", "kode_gt": "cimcib_narogong", "nama": "GT NAROGONG", "seksi": 2, "sta": "33+150", "foto": " ", "layer": "Gerbang Tol", "koord_x": "106.972214874917", "koord_y": "-6.37750844104564", "jml_gardu": "12", "jmlgrdrvs": " ", "jml_lajur": " ", "panjang_m": " ", "luas_m": "1438,07", "status": "Konstruksi", "sub_status": "Pekerjaan Fisik", "region": "Jabodetabek", "bujt": "PT Cimanggis Cibitung Tollways", "kodefikasi": "B24", "no": 7, "shape_leng": 0, "keterangan": " ", "creator": null, "created": null, "updater": null, "updated": null, "sync_state": 0, "last_sync": 1765414802000, "Nm_Ruas": null, "Status": null, "Propinsi": null, "Kab_Kot": null, "Panjang": null, "Segmen": null, "Satwil": null }, "geometry": { "type": "Point", "coordinates": [ 106.972214875000077, -6.377508440999975 ] } },
{ "type": "Feature", "properties": { "orig_fid": 313, "id": 0, "objectid": 313, "kode_ruas": "cimcib", "ruas": "Cimanggis - Cibitung", "kode_gt": "cimcib_cibitung1", "nama": "GT CIBITUNG 1", "seksi": 2, "sta": "0+400", "foto": " ", "layer": "Gerbang Tol", "koord_x": "107.081753925391", "koord_y": "-6.28802047424316", "jml_gardu": "5", "jmlgrdrvs": " ", "jml_lajur": " ", "panjang_m": " ", "luas_m": "435,58", "status": "Konstruksi", "sub_status": "Pekerjaan Fisik", "region": "Jabodetabek", "bujt": "PT Cimanggis Cibitung Tollways", "kodefikasi": "B24", "no": 2, "shape_leng": 0, "keterangan": " ", "creator": null, "created": null, "updater": null, "updated": null, "sync_state": 0, "last_sync": 1765414802000, "Nm_Ruas": null, "Status": null, "Propinsi": null, "Kab_Kot": null, "Panjang": null, "Segmen": null, "Satwil": null }, "geometry": { "type": "Point", "coordinates": [ 107.081753925000044, -6.28802047399995 ] } },
{ "type": "Feature", "properties": { "orig_fid": 314, "id": 0, "objectid": 314, "kode_ruas": "cimcib", "ruas": "Cimanggis - Cibitung", "kode_gt": "cimcib_cibitung2", "nama": "GT CIBITUNG 2", "seksi": 2, "sta": "0+326", "foto": " ", "layer": "Gerbang Tol", "koord_x": "107.079541507415", "koord_y": "-6.28607270001848", "jml_gardu": "5", "jmlgrdrvs": " ", "jml_lajur": " ", "panjang_m": " ", "luas_m": "433,65", "status": "Konstruksi", "sub_status": "Pekerjaan Fisik", "region": "Jabodetabek", "bujt": "PT Cimanggis Cibitung Tollways", "kodefikasi": "B24", "no": 1, "shape_leng": 0, "keterangan": " ", "creator": null, "created": null, "updater": null, "updated": null, "sync_state": 0, "last_sync": 1765414802000, "Nm_Ruas": null, "Status": null, "Propinsi": null, "Kab_Kot": null, "Panjang": null, "Segmen": null, "Satwil": null }, "geometry": { "type": "Point", "coordinates": [ 107.079541507000044, -6.286072699999977 ] } },
{ "type": "Feature", "properties": { "orig_fid": 315, "id": 294, "objectid": 315, "kode_ruas": "jiut2", "ruas": "Wiyoto - Wiyono", "kode_gt": "jiut2_jembatan_tiga1", "nama": "GT JEMBATAN TIGA 1", "seksi": 0, "sta": "25+186", "foto": "http://gis.bpjt.pu.go.id/data/foto/gt/gtjembatant*", "layer": "Gerbang Tol", "koord_x": "106.791283290034", "koord_y": "-6.13255994517619", "jml_gardu": "2", "jmlgrdrvs": " ", "jml_lajur": "2", "panjang_m": "3127,87", "luas_m": "400,27", "status": "Operasi", "sub_status": "Operasi Penuh", "region": "Jabodetabek", "bujt": "PT. Citra Marga Nusaphala", "kodefikasi": "B13", "no": 18, "shape_leng": 0, "keterangan": "GT JEMBATAN TIGA 1", "creator": null, "created": null, "updater": null, "updated": null, "sync_state": 0, "last_sync": 1765414802000, "Nm_Ruas": null, "Status": null, "Propinsi": null, "Kab_Kot": null, "Panjang": null, "Segmen": null, "Satwil": null }, "geometry": { "type": "Point", "coordinates": [ 106.791283290000081, -6.132559944999969 ] } },
{ "type": "Feature", "properties": { "orig_fid": 316, "id": 295, "objectid": 316, "kode_ruas": "jiut2", "ruas": "Wiyoto - Wiyono", "kode_gt": "jiut2_jembatan_tiga2", "nama": "GT JEMBATAN TIGA 2", "seksi": 0, "sta": "25+515", "foto": "http://gis.bpjt.pu.go.id/data/foto/gt/gtjembatant*", "layer": "Gerbang Tol", "koord_x": "106.79428338709", "koord_y": "-6.13225726116633", "jml_gardu": "2", "jmlgrdrvs": " ", "jml_lajur": "2", "panjang_m": "3127,87", "luas_m": "400,27", "status": "Operasi", "sub_status": "Operasi Penuh", "region": "Jabodetabek", "bujt": "PT. Citra Marga Nusaphala", "kodefikasi": "B13", "no": 19, "shape_leng": 0, "keterangan": "GT JEMBATAN TIGA 2", "creator": null, "created": null, "updater": null, "updated": null, "sync_state": 0, "last_sync": 1765414802000, "Nm_Ruas": null, "Status": null, "Propinsi": null, "Kab_Kot": null, "Panjang": null, "Segmen": null, "Satwil": null }, "geometry": { "type": "Point", "coordinates": [ 106.794283387000064, -6.13225726099995 ] } },
{ "type": "Feature", "properties": { "orig_fid": 317, "id": 292, "objectid": 317, "kode_ruas": "jiut2", "ruas": "Wiyoto - Wiyono", "kode_gt": "jiut2_gedong_panjang_1", "nama": "GT GEDONG PANJANG 1", "seksi": 0, "sta": "24+629", "foto": "http://gis.bpjt.pu.go.id/data/foto/gt/gtgedongpan*", "layer": "Gerbang Tol", "koord_x": "106.804322344215", "koord_y": "-6.13190146208253", "jml_gardu": "2", "jmlgrdrvs": " ", "jml_lajur": "2", "panjang_m": "4110,28", "luas_m": "407,83", "status": "Operasi", "sub_status": "Operasi Penuh", "region": "Jabodetabek", "bujt": "PT. Citra Marga Nusaphala", "kodefikasi": "B13", "no": 16, "shape_leng": 0, "keterangan": "GT GEDONG PANJANG 1", "creator": null, "created": null, "updater": null, "updated": null, "sync_state": 0, "last_sync": 1765414802000, "Nm_Ruas": null, "Status": null, "Propinsi": null, "Kab_Kot": null, "Panjang": null, "Segmen": null, "Satwil": null }, "geometry": { "type": "Point", "coordinates": [ 106.80432234400007, -6.131901461999973 ] } },
{ "type": "Feature", "properties": { "orig_fid": 318, "id": 293, "objectid": 318, "kode_ruas": "jiut2", "ruas": "Wiyoto - Wiyono", "kode_gt": "jiut2_gedong_panjang", "nama": "GT GEDONG PANJANG 2", "seksi": 0, "sta": "24+950", "foto": "http://gis.bpjt.pu.go.id/data/foto/gt/gtgedongpan*", "layer": "Gerbang Tol", "koord_x": "106.80713931082", "koord_y": "-6.13093499676533", "jml_gardu": "2", "jmlgrdrvs": " ", "jml_lajur": "2", "panjang_m": "2951,09", "luas_m": "357,13", "status": "Operasi", "sub_status": "Operasi Penuh", "region": "Jabodetabek", "bujt": "PT. Citra Marga Nusaphala", "kodefikasi": "B13", "no": 17, "shape_leng": 0, "keterangan": "GT GEDONG PANJANG 2", "creator": null, "created": null, "updater": null, "updated": null, "sync_state": 0, "last_sync": 1765414802000, "Nm_Ruas": null, "Status": null, "Propinsi": null, "Kab_Kot": null, "Panjang": null, "Segmen": null, "Satwil": null }, "geometry": { "type": "Point", "coordinates": [ 106.807139311000071, -6.13093499699994 ] } },
{ "type": "Feature", "properties": { "orig_fid": 319, "id": 291, "objectid": 319, "kode_ruas": "jiut2", "ruas": "Wiyoto - Wiyono", "kode_gt": "jiut2_ancol_barat", "nama": "GT ANCOL BARAT", "seksi": 0, "sta": "21+000", "foto": "http://gis.bpjt.pu.go.id/data/foto/gt/gtancolbara*", "layer": "Gerbang Tol", "koord_x": "106.824950950106", "koord_y": "-6.13141727840118", "jml_gardu": "2", "jmlgrdrvs": " ", "jml_lajur": "2", "panjang_m": "3179,08", "luas_m": "556,62", "status": "Operasi", "sub_status": "Operasi Penuh", "region": "Jabodetabek", "bujt": "PT. Citra Marga Nusaphala", "kodefikasi": "B13", "no": 15, "shape_leng": 0, "keterangan": "GT ANCOL BARAT", "creator": null, "created": null, "updater": null, "updated": null, "sync_state": 0, "last_sync": 1765414802000, "Nm_Ruas": null, "Status": null, "Propinsi": null, "Kab_Kot": null, "Panjang": null, "Segmen": null, "Satwil": null }, "geometry": { "type": "Point", "coordinates": [ 106.824950950000073, -6.131417277999958 ] } },
{ "type": "Feature", "properties": { "orig_fid": 320, "id": 290, "objectid": 320, "kode_ruas": "jiut2", "ruas": "Wiyoto - Wiyono", "kode_gt": "jiut2_ancol_timur", "nama": "GT ANCOL TIMUR", "seksi": 0, "sta": "18+21", "foto": "http://gis.bpjt.pu.go.id/data/foto/gt/gtancoltimu*", "layer": "Gerbang Tol", "koord_x": "106.851113910854", "koord_y": "-6.12567542649637", "jml_gardu": "3", "jmlgrdrvs": " ", "jml_lajur": "3", "panjang_m": "270", "luas_m": "945", "status": "Operasi", "sub_status": "Operasi Penuh", "region": "Jabodetabek", "bujt": "PT. Citra Marga Nusaphala", "kodefikasi": "B13", "no": 13, "shape_leng": 0, "keterangan": "GT ANCOL TIMUR", "creator": null, "created": null, "updater": null, "updated": null, "sync_state": 0, "last_sync": 1765414802000, "Nm_Ruas": null, "Status": null, "Propinsi": null, "Kab_Kot": null, "Panjang": null, "Segmen": null, "Satwil": null }, "geometry": { "type": "Point", "coordinates": [ 106.851113911000084, -6.12567542599993 ] } },
{ "type": "Feature", "properties": { "orig_fid": 321, "id": 30, "objectid": 321, "kode_ruas": "jiut2", "ruas": "Wiyoto - Wiyono", "kode_gt": "jiut2_jatinegara", "nama": "GT JATINEGARA", "seksi": 0, "sta": "4+100", "foto": "http://gis.bpjt.pu.go.id/data/foto/gt/gtjatinegar*", "layer": "Gerbang Tol", "koord_x": "106.873799715307", "koord_y": "-6.21022755837671", "jml_gardu": "2", "jmlgrdrvs": " ", "jml_lajur": "2", "panjang_m": "342,188", "luas_m": "2466,17", "status": "Operasi", "sub_status": "Operasi Penuh", "region": "Jabodetabek", "bujt": "PT. Citra Marga Nusaphala", "kodefikasi": "B13", "no": 4, "shape_leng": 0, "keterangan": "GT JATINEGARA", "creator": null, "created": null, "updater": null, "updated": null, "sync_state": 0, "last_sync": 1765414802000, "Nm_Ruas": null, "Status": null, "Propinsi": null, "Kab_Kot": null, "Panjang": null, "Segmen": null, "Satwil": null }, "geometry": { "type": "Point", "coordinates": [ 106.873799715000075, -6.210227557999929 ] } },
{ "type": "Feature", "properties": { "orig_fid": 322, "id": 13, "objectid": 322, "kode_ruas": "jiut2", "ruas": "Wiyoto - Wiyono", "kode_gt": "jiut2_rawamangun", "nama": "GT RAWAMANGUN", "seksi": 0, "sta": "5+79", "foto": "http://gis.bpjt.pu.go.id/data/foto/gt/gtrawamangu*", "layer": "Gerbang Tol", "koord_x": "106.873432798525", "koord_y": "-6.20147560738462", "jml_gardu": "4", "jmlgrdrvs": " ", "jml_lajur": "4", "panjang_m": "340,076", "luas_m": "3792", "status": "Operasi", "sub_status": "Operasi Penuh", "region": "Jabodetabek", "bujt": "PT. Citra Marga Nusaphala", "kodefikasi": "B13", "no": 5, "shape_leng": 0, "keterangan": "GT RAWAMANGUN", "creator": null, "created": null, "updater": null, "updated": null, "sync_state": 0, "last_sync": 1765414802000, "Nm_Ruas": null, "Status": null, "Propinsi": null, "Kab_Kot": null, "Panjang": null, "Segmen": null, "Satwil": null }, "geometry": { "type": "Point", "coordinates": [ 106.873432799000057, -6.201475606999963 ] } },
{ "type": "Feature", "properties": { "orig_fid": 323, "id": 35, "objectid": 323, "kode_ruas": "jiut2", "ruas": "Wiyoto - Wiyono", "kode_gt": "jiut2_pulomas", "nama": "GT PULOMAS", "seksi": 0, "sta": "7+142", "foto": "http://gis.bpjt.pu.go.id/data/foto/gt/gtpulomas.j*", "layer": "Gerbang Tol", "koord_x": "106.875463568167", "koord_y": "-6.18298717570415", "jml_gardu": "2", "jmlgrdrvs": " ", "jml_lajur": "2", "panjang_m": "339,665", "luas_m": "2582,6", "status": "Operasi", "sub_status": "Operasi Penuh", "region": "Jabodetabek", "bujt": "PT. Citra Marga Nusaphala", "kodefikasi": "B13", "no": 6, "shape_leng": 0, "keterangan": "GT PULOMAS", "creator": null, "created": null, "updater": null, "updated": null, "sync_state": 0, "last_sync": 1765414802000, "Nm_Ruas": null, "Status": null, "Propinsi": null, "Kab_Kot": null, "Panjang": null, "Segmen": null, "Satwil": null }, "geometry": { "type": "Point", "coordinates": [ 106.875463568000043, -6.182987175999926 ] } },
{ "type": "Feature", "properties": { "orig_fid": 324, "id": 8, "objectid": 324, "kode_ruas": "jiut2", "ruas": "Wiyoto - Wiyono", "kode_gt": "jiut2_cempaka_putih", "nama": "GT CEMPAKA PUTIH", "seksi": 0, "sta": "8+350", "foto": "http://gis.bpjt.pu.go.id/data/foto/gt/gtcempakapt*", "layer": "Gerbang Tol", "koord_x": "106.877190719582", "koord_y": "-6.17222987872258", "jml_gardu": "4", "jmlgrdrvs": " ", "jml_lajur": "4", "panjang_m": "339,42", "luas_m": "3759,61", "status": "Operasi", "sub_status": "Operasi Penuh", "region": "Jabodetabek", "bujt": "PT. Citra Marga Nusaphala", "kodefikasi": "B13", "no": 7, "shape_leng": 0, "keterangan": "GT CEMPAKA PTH", "creator": null, "created": null, "updater": null, "updated": null, "sync_state": 0, "last_sync": 1765414802000, "Nm_Ruas": null, "Status": null, "Propinsi": null, "Kab_Kot": null, "Panjang": null, "Segmen": null, "Satwil": null }, "geometry": { "type": "Point", "coordinates": [ 106.877190720000044, -6.172229878999929 ] } },
{ "type": "Feature", "properties": { "orig_fid": 325, "id": 0, "objectid": 325, "kode_ruas": "jiut2", "ruas": "Wiyoto - Wiyono", "kode_gt": "jiut2_pisangan", "nama": "GT PISANGAN", "seksi": 0, "sta": "2+150", "foto": " ", "layer": "Gerbang Tol", "koord_x": "106.875052920331", "koord_y": "-6.22718515387891", "jml_gardu": "4", "jmlgrdrvs": " ", "jml_lajur": "2", "panjang_m": "800", "luas_m": "5600", "status": "Operasi", "sub_status": "Operasi Penuh", "region": "Jabodetabek", "bujt": "PT. Citra Marga Nusaphala", "kodefikasi": "B13", "no": 2, "shape_leng": 0, "keterangan": " ", "creator": null, "created": null, "updater": null, "updated": null, "sync_state": 0, "last_sync": 1765414802000, "Nm_Ruas": null, "Status": null, "Propinsi": null, "Kab_Kot": null, "Panjang": null, "Segmen": null, "Satwil": null }, "geometry": { "type": "Point", "coordinates": [ 106.875052920000087, -6.227185153999926 ] } },
{ "type": "Feature", "properties": { "orig_fid": 326, "id": 23, "objectid": 326, "kode_ruas": "jiut2", "ruas": "Wiyoto - Wiyono", "kode_gt": "jiut2_kebon_nanas", "nama": "GT KEBON NANAS", "seksi": 0, "sta": "1+300", "foto": "http://gis.bpjt.pu.go.id/data/foto/gt/gtkebonnana*", "layer": "Gerbang Tol", "koord_x": "106.877131705292", "koord_y": "-6.23540765483755", "jml_gardu": "2", "jmlgrdrvs": " ", "jml_lajur": "2", "panjang_m": "341,12", "luas_m": "2522,62", "status": "Operasi", "sub_status": "Operasi Penuh", "region": "Jabodetabek", "bujt": "PT. Citra Marga Nusaphala", "kodefikasi": "B13", "no": 1, "shape_leng": 0, "keterangan": "GT KEBON NANAS", "creator": null, "created": null, "updater": null, "updated": null, "sync_state": 0, "last_sync": 1765414802000, "Nm_Ruas": null, "Status": null, "Propinsi": null, "Kab_Kot": null, "Panjang": null, "Segmen": null, "Satwil": null }, "geometry": { "type": "Point", "coordinates": [ 106.877131705000068, -6.23540765499996 ] } },
{ "type": "Feature", "properties": { "orig_fid": 327, "id": 278, "objectid": 327, "kode_ruas": "jiut2", "ruas": "Wiyoto - Wiyono", "kode_gt": "jiut2_pedati", "nama": "GT PEDATI", "seksi": 0, "sta": "2+550", "foto": "http://gis.bpjt.pu.go.id/data/foto/gt/gtpedati.jpg", "layer": "Gerbang Tol", "koord_x": "106.874921831722", "koord_y": "-6.2243340223303", "jml_gardu": "2", "jmlgrdrvs": " ", "jml_lajur": "2", "panjang_m": "337,68", "luas_m": "2502,39", "status": "Operasi", "sub_status": "Operasi Penuh", "region": "Jabodetabek", "bujt": "PT. Citra Marga Nusaphala", "kodefikasi": "B13", "no": 3, "shape_leng": 0, "keterangan": "GT PEDATI", "creator": null, "created": null, "updater": null, "updated": null, "sync_state": 0, "last_sync": 1765414802000, "Nm_Ruas": null, "Status": null, "Propinsi": null, "Kab_Kot": null, "Panjang": null, "Segmen": null, "Satwil": null }, "geometry": { "type": "Point", "coordinates": [ 106.874921832000041, -6.224334021999937 ] } },
{ "type": "Feature", "properties": { "orig_fid": 328, "id": 40, "objectid": 328, "kode_ruas": "jiut2", "ruas": "Wiyoto - Wiyono", "kode_gt": "jiut2_sunter", "nama": "GT SUNTER", "seksi": 0, "sta": "9+950", "foto": "http://gis.bpjt.pu.go.id/data/foto/gt/gtsunter-.j*", "layer": "Gerbang Tol", "koord_x": "106.883381424786", "koord_y": "-6.15896739119067", "jml_gardu": "2", "jmlgrdrvs": " ", "jml_lajur": "2", "panjang_m": "343,08", "luas_m": "2569,63", "status": "Operasi", "sub_status": "Operasi Penuh", "region": "Jabodetabek", "bujt": "PT. Citra Marga Nusaphala", "kodefikasi": "B13", "no": 8, "shape_leng": 0, "keterangan": "GT SUNTER", "creator": null, "created": null, "updater": null, "updated": null, "sync_state": 0, "last_sync": 1765414802000, "Nm_Ruas": null, "Status": null, "Propinsi": null, "Kab_Kot": null, "Panjang": null, "Segmen": null, "Satwil": null }, "geometry": { "type": "Point", "coordinates": [ 106.883381425000039, -6.158967390999976 ] } },
{ "type": "Feature", "properties": { "orig_fid": 329, "id": 3, "objectid": 329, "kode_ruas": "jiut2", "ruas": "Wiyoto - Wiyono", "kode_gt": "jiut2_podomoro", "nama": "GT PODOMORO", "seksi": 0, "sta": "11+350", "foto": "http://gis.bpjt.pu.go.id/data/foto/gt/gtpodomoro.*", "layer": "Gerbang Tol", "koord_x": "106.889596351144", "koord_y": "-6.14865984494188", "jml_gardu": "2", "jmlgrdrvs": " ", "jml_lajur": "2", "panjang_m": "344,276", "luas_m": "2506,65", "status": "Operasi", "sub_status": "Operasi Penuh", "region": "Jabodetabek", "bujt": "PT. Citra Marga Nusaphala", "kodefikasi": "B13", "no": 9, "shape_leng": 0, "keterangan": "GT PODOMORO", "creator": null, "created": null, "updater": null, "updated": null, "sync_state": 0, "last_sync": 1765414802000, "Nm_Ruas": null, "Status": null, "Propinsi": null, "Kab_Kot": null, "Panjang": null, "Segmen": null, "Satwil": null }, "geometry": { "type": "Point", "coordinates": [ 106.88959635100008, -6.148659844999941 ] } },
{ "type": "Feature", "properties": { "orig_fid": 330, "id": 1, "objectid": 330, "kode_ruas": "jiut2", "ruas": "Wiyoto - Wiyono", "kode_gt": "jiut2_tj_priok1", "nama": "GT TANJUNG PRIOK 1", "seksi": 0, "sta": "13+100", "foto": "http://gis.bpjt.pu.go.id/data/foto/gt/gttjpriok1.*", "layer": "Gerbang Tol", "koord_x": "106.892831895369", "koord_y": "-6.13277631401345", "jml_gardu": "3", "jmlgrdrvs": " ", "jml_lajur": "3", "panjang_m": "315,56", "luas_m": "4827,8", "status": "Operasi", "sub_status": "Operasi Penuh", "region": "Jabodetabek", "bujt": "PT. Citra Marga Nusaphala", "kodefikasi": "B13", "no": 10, "shape_leng": 0, "keterangan": "GT TJ PRIOK 1", "creator": null, "created": null, "updater": null, "updated": null, "sync_state": 0, "last_sync": 1765414802000, "Nm_Ruas": null, "Status": null, "Propinsi": null, "Kab_Kot": null, "Panjang": null, "Segmen": null, "Satwil": null }, "geometry": { "type": "Point", "coordinates": [ 106.892831895000086, -6.132776313999955 ] } },
{ "type": "Feature", "properties": { "orig_fid": 331, "id": 46, "objectid": 331, "kode_ruas": "jiut2", "ruas": "Wiyoto - Wiyono", "kode_gt": "jiut2_tj_priok2", "nama": "GT TANJUNG PRIOK 2", "seksi": 0, "sta": "13+250", "foto": "http://gis.bpjt.pu.go.id/data/foto/gt/gttjpriok2.*", "layer": "Gerbang Tol", "koord_x": "106.891217373793", "koord_y": "-6.13182573670553", "jml_gardu": "4", "jmlgrdrvs": " ", "jml_lajur": "4", "panjang_m": "624", "luas_m": "3201,54", "status": "Operasi", "sub_status": "Operasi Penuh", "region": "Jabodetabek", "bujt": "PT. Citra Marga Nusaphala", "kodefikasi": "B13", "no": 11, "shape_leng": 0, "keterangan": "GT TJ PRIOK 2", "creator": null, "created": null, "updater": null, "updated": null, "sync_state": 0, "last_sync": 1765414802000, "Nm_Ruas": null, "Status": null, "Propinsi": null, "Kab_Kot": null, "Panjang": null, "Segmen": null, "Satwil": null }, "geometry": { "type": "Point", "coordinates": [ 106.891217374000064, -6.131825736999929 ] } },
{ "type": "Feature", "properties": { "orig_fid": 332, "id": 47, "objectid": 332, "kode_ruas": "jiut2", "ruas": "Wiyoto - Wiyono", "kode_gt": "jiut2_kemayoran", "nama": "GT KEMAYORAN", "seksi": 0, "sta": "18+700", "foto": "http://gis.bpjt.pu.go.id/data/foto/gt/gtkemayoran*", "layer": "Gerbang Tol", "koord_x": "106.846127283392", "koord_y": "-6.13085749980527", "jml_gardu": "7", "jmlgrdrvs": " ", "jml_lajur": "2", "panjang_m": "669,278", "luas_m": "7291,62", "status": "Operasi", "sub_status": "Operasi Penuh", "region": "Jabodetabek", "bujt": "PT. Citra Marga Nusaphala", "kodefikasi": "B13", "no": 14, "shape_leng": 0, "keterangan": "GT KEMAYORAN", "creator": null, "created": null, "updater": null, "updated": null, "sync_state": 0, "last_sync": 1765414802000, "Nm_Ruas": null, "Status": null, "Propinsi": null, "Kab_Kot": null, "Panjang": null, "Segmen": null, "Satwil": null }, "geometry": { "type": "Point", "coordinates": [ 106.846127283000044, -6.130857499999934 ] } },
{ "type": "Feature", "properties": { "orig_fid": 333, "id": 296, "objectid": 333, "kode_ruas": "jiut2", "ruas": "Wiyoto - Wiyono", "kode_gt": "jiut2_pluit1", "nama": "GT PLUIT", "seksi": 0, "sta": "26+000", "foto": "http://gis.bpjt.pu.go.id/data/foto/gt/gtpluit-.jpg", "layer": "Gerbang Tol", "koord_x": "106.777638025865", "koord_y": "-6.1259594488151", "jml_gardu": "3", "jmlgrdrvs": " ", "jml_lajur": "3", "panjang_m": "224,71", "luas_m": "2805,15", "status": "Operasi", "sub_status": "Operasi Penuh", "region": "Jabodetabek", "bujt": "PT. Citra Marga Nusaphala", "kodefikasi": "B13", "no": 20, "shape_leng": 0, "keterangan": "GT PLUIT", "creator": null, "created": null, "updater": null, "updated": null, "sync_state": 0, "last_sync": 1765414802000, "Nm_Ruas": null, "Status": null, "Propinsi": null, "Kab_Kot": null, "Panjang": null, "Segmen": null, "Satwil": null }, "geometry": { "type": "Point", "coordinates": [ 106.777638026000034, -6.125959448999936 ] } },
{ "type": "Feature", "properties": { "orig_fid": 334, "id": 319, "objectid": 334, "kode_ruas": "atp", "ruas": "Wiyoto - Wiyono", "kode_gt": "atp_kebon_bawang", "nama": "GT KEBON BAWANG", "seksi": 0, "sta": "13+400", "foto": "http://gis.bpjt.pu.go.id/data/foto/gt/gtkebonbawa*", "layer": "Gerbang Tol", "koord_x": "106.893365732377", "koord_y": "-6.11956623134827", "jml_gardu": "5", "jmlgrdrvs": " ", "jml_lajur": "5", "panjang_m": "339,47", "luas_m": "5128,26", "status": "Operasi", "sub_status": "Operasi Penuh", "region": "Jabodetabek", "bujt": "PT. Citra Marga Nusaphala", "kodefikasi": "B13", "no": 12, "shape_leng": 0, "keterangan": "GT KEBON BAWANG", "creator": null, "created": null, "updater": null, "updated": null, "sync_state": 0, "last_sync": 1765414802000, "Nm_Ruas": null, "Status": null, "Propinsi": null, "Kab_Kot": null, "Panjang": null, "Segmen": null, "Satwil": null }, "geometry": { "type": "Point", "coordinates": [ 106.893365732000063, -6.119566230999965 ] } },
{ "type": "Feature", "properties": { "orig_fid": 335, "id": 107, "objectid": 335, "kode_ruas": "jorrs", "ruas": "JORR S (Pondok Pinang - TMII)", "kode_gt": "jorrs_lenteng_agung1", "nama": "GT LENTENG AGUNG 1", "seksi": 0, "sta": " ", "foto": "http://gis.bpjt.pu.go.id/data/foto/gt/gtlentengag*", "layer": "Gerbang Tol", "koord_x": "106.844728609591", "koord_y": "-6.3036447080097", "jml_gardu": " ", "jmlgrdrvs": " ", "jml_lajur": " ", "panjang_m": " ", "luas_m": " ", "status": "Operasi", "sub_status": "Operasi Penuh", "region": "Jabodetabek", "bujt": "PT Hutama Karya (Persero)", "kodefikasi": "B15", "no": 12, "shape_leng": 0, "keterangan": "GT LENTENG AGUNG 1", "creator": null, "created": null, "updater": null, "updated": null, "sync_state": 0, "last_sync": 1765414802000, "Nm_Ruas": null, "Status": null, "Propinsi": null, "Kab_Kot": null, "Panjang": null, "Segmen": null, "Satwil": null }, "geometry": { "type": "Point", "coordinates": [ 106.844728610000061, -6.303644707999979 ] } },
{ "type": "Feature", "properties": { "orig_fid": 336, "id": 0, "objectid": 336, "kode_ruas": "jorrs", "ruas": "JORR S (Pondok Pinang - TMII)", "kode_gt": "jorrs_lenteng_agung4", "nama": "GT LENTENG AGUNG 4", "seksi": 0, "sta": " ", "foto": " ", "layer": "Gerbang Tol", "koord_x": "106.835049373586", "koord_y": "-6.30096042157212", "jml_gardu": " ", "jmlgrdrvs": " ", "jml_lajur": " ", "panjang_m": " ", "luas_m": " ", "status": "Operasi", "sub_status": "Operasi Penuh", "region": "Jabodetabek", "bujt": "PT Hutama Karya (Persero)", "kodefikasi": "B15", "no": 8, "shape_leng": 0, "keterangan": " ", "creator": null, "created": null, "updater": null, "updated": null, "sync_state": 0, "last_sync": 1765414802000, "Nm_Ruas": null, "Status": null, "Propinsi": null, "Kab_Kot": null, "Panjang": null, "Segmen": null, "Satwil": null }, "geometry": { "type": "Point", "coordinates": [ 106.83504937400005, -6.300960421999946 ] } },
{ "type": "Feature", "properties": { "orig_fid": 337, "id": 0, "objectid": 337, "kode_ruas": "jorrs", "ruas": "JORR S (Pondok Pinang - TMII)", "kode_gt": "jorrs_lenteng_agung3", "nama": "GT LENTENG AGUNG GATE 3", "seksi": 0, "sta": " ", "foto": " ", "layer": "Gerbang Tol", "koord_x": "106.835235769298", "koord_y": "-6.30107664802333", "jml_gardu": " ", "jmlgrdrvs": " ", "jml_lajur": " ", "panjang_m": " ", "luas_m": " ", "status": "Operasi", "sub_status": "Operasi Penuh", "region": "Jabodetabek", "bujt": "PT Hutama Karya (Persero)", "kodefikasi": "B15", "no": 9, "shape_leng": 0, "keterangan": " ", "creator": null, "created": null, "updater": null, "updated": null, "sync_state": 0, "last_sync": 1765414802000, "Nm_Ruas": null, "Status": null, "Propinsi": null, "Kab_Kot": null, "Panjang": null, "Segmen": null, "Satwil": null }, "geometry": { "type": "Point", "coordinates": [ 106.835235769000064, -6.301076647999935 ] } },
{ "type": "Feature", "properties": { "orig_fid": 338, "id": 49, "objectid": 338, "kode_ruas": "jorrs", "ruas": "JORR S (Pondok Pinang - TMII)", "kode_gt": "jorrs_lenteng_agung2", "nama": "GT LENTENG AGUNG 2", "seksi": 0, "sta": " ", "foto": "http://gis.bpjt.pu.go.id/data/foto/gt/gtlentengag*", "layer": "Gerbang Tol", "koord_x": "106.835493349996", "koord_y": "-6.30127666006643", "jml_gardu": " ", "jmlgrdrvs": " ", "jml_lajur": " ", "panjang_m": " ", "luas_m": " ", "status": "Operasi", "sub_status": "Operasi Penuh", "region": "Jabodetabek", "bujt": "PT Hutama Karya (Persero)", "kodefikasi": "B15", "no": 10, "shape_leng": 0, "keterangan": "GT LENTENG AGUNG 2", "creator": null, "created": null, "updater": null, "updated": null, "sync_state": 0, "last_sync": 1765414802000, "Nm_Ruas": null, "Status": null, "Propinsi": null, "Kab_Kot": null, "Panjang": null, "Segmen": null, "Satwil": null }, "geometry": { "type": "Point", "coordinates": [ 106.835493350000036, -6.301276659999928 ] } },
{ "type": "Feature", "properties": { "orig_fid": 339, "id": 0, "objectid": 339, "kode_ruas": "jorrs", "ruas": "JORR S (Pondok Pinang - TMII)", "kode_gt": "jorrs_lenteng_agung1", "nama": "GT LENTENG AGUNG GATE 1", "seksi": 0, "sta": " ", "foto": " ", "layer": "Gerbang Tol", "koord_x": "106.835682031693", "koord_y": "-6.30139852329147", "jml_gardu": " ", "jmlgrdrvs": " ", "jml_lajur": " ", "panjang_m": " ", "luas_m": " ", "status": "Operasi", "sub_status": "Operasi Penuh", "region": "Jabodetabek", "bujt": "PT Hutama Karya (Persero)", "kodefikasi": "B15", "no": 11, "shape_leng": 0, "keterangan": " ", "creator": null, "created": null, "updater": null, "updated": null, "sync_state": 0, "last_sync": 1765414802000, "Nm_Ruas": null, "Status": null, "Propinsi": null, "Kab_Kot": null, "Panjang": null, "Segmen": null, "Satwil": null }, "geometry": { "type": "Point", "coordinates": [ 106.835682032000079, -6.301398522999932 ] } },
{ "type": "Feature", "properties": { "orig_fid": 340, "id": 95, "objectid": 340, "kode_ruas": "jorrs", "ruas": "JORR S (Pondok Pinang - TMII)", "kode_gt": "jorrs_ampera1", "nama": "GT AMPERA 1", "seksi": 0, "sta": " ", "foto": "http://gis.bpjt.pu.go.id/data/foto/gt/gtampera1.j*", "layer": "Gerbang Tol", "koord_x": "106.819244594504", "koord_y": "-6.29244890402399", "jml_gardu": " ", "jmlgrdrvs": " ", "jml_lajur": " ", "panjang_m": " ", "luas_m": " ", "status": "Operasi", "sub_status": "Operasi Penuh", "region": "Jabodetabek", "bujt": "PT Hutama Karya (Persero)", "kodefikasi": "B15", "no": 7, "shape_leng": 0, "keterangan": "GT AMPERA 1", "creator": null, "created": null, "updater": null, "updated": null, "sync_state": 0, "last_sync": 1765414802000, "Nm_Ruas": null, "Status": null, "Propinsi": null, "Kab_Kot": null, "Panjang": null, "Segmen": null, "Satwil": null }, "geometry": { "type": "Point", "coordinates": [ 106.819244595000043, -6.292448903999968 ] } },
{ "type": "Feature", "properties": { "orig_fid": 341, "id": 56, "objectid": 341, "kode_ruas": "jorrs", "ruas": "JORR S (Pondok Pinang - TMII)", "kode_gt": "jorrs_ampera2", "nama": "GT AMPERA 2", "seksi": 0, "sta": " ", "foto": "http://gis.bpjt.pu.go.id/data/foto/gt/gtampera2-.*", "layer": "Gerbang Tol", "koord_x": "106.813441195281", "koord_y": "-6.2923361767484", "jml_gardu": " ", "jmlgrdrvs": " ", "jml_lajur": " ", "panjang_m": " ", "luas_m": " ", "status": "Operasi", "sub_status": "Operasi Penuh", "region": "Jabodetabek", "bujt": "PT Hutama Karya (Persero)", "kodefikasi": "B15", "no": 6, "shape_leng": 0, "keterangan": "GT AMPERA 2", "creator": null, "created": null, "updater": null, "updated": null, "sync_state": 0, "last_sync": 1765414802000, "Nm_Ruas": null, "Status": null, "Propinsi": null, "Kab_Kot": null, "Panjang": null, "Segmen": null, "Satwil": null }, "geometry": { "type": "Point", "coordinates": [ 106.813441195000053, -6.292336176999925 ] } },
{ "type": "Feature", "properties": { "orig_fid": 342, "id": 82, "objectid": 342, "kode_ruas": "jorrs", "ruas": "JORR S (Pondok Pinang - TMII)", "kode_gt": "jorrs_ciputat1", "nama": "GT CIPUTAT 1", "seksi": 0, "sta": " ", "foto": "http://gis.bpjt.pu.go.id/data/foto/gt/gtciputat1.*", "layer": "Gerbang Tol", "koord_x": "106.774570941561", "koord_y": "-6.28401381002904", "jml_gardu": " ", "jmlgrdrvs": " ", "jml_lajur": " ", "panjang_m": " ", "luas_m": " ", "status": "Operasi", "sub_status": "Operasi Penuh", "region": "Jabodetabek", "bujt": "PT Hutama Karya (Persero)", "kodefikasi": "B15", "no": 1, "shape_leng": 0, "keterangan": "GT CIPUTAT 1", "creator": null, "created": null, "updater": null, "updated": null, "sync_state": 0, "last_sync": 1765414802000, "Nm_Ruas": null, "Status": null, "Propinsi": null, "Kab_Kot": null, "Panjang": null, "Segmen": null, "Satwil": null }, "geometry": { "type": "Point", "coordinates": [ 106.774570942000082, -6.284013809999976 ] } },
{ "type": "Feature", "properties": { "orig_fid": 343, "id": 68, "objectid": 343, "kode_ruas": "jorre", "ruas": "JORR S (Pondok Pinang - TMII)", "kode_gt": "jorre_ciputat2", "nama": "GT CIPUTAT 2", "seksi": 0, "sta": " ", "foto": "http://gis.bpjt.pu.go.id/data/foto/gt/gtciputat2.*", "layer": "Gerbang Tol", "koord_x": "106.774741887378", "koord_y": "-6.28427235505405", "jml_gardu": " ", "jmlgrdrvs": " ", "jml_lajur": " ", "panjang_m": " ", "luas_m": " ", "status": "Operasi", "sub_status": "Operasi Penuh", "region": "Jabodetabek", "bujt": "PT Hutama Karya (Persero)", "kodefikasi": "B15", "no": 2, "shape_leng": 0, "keterangan": "GT CIPUTAT 2", "creator": null, "created": null, "updater": null, "updated": null, "sync_state": 0, "last_sync": 1765414802000, "Nm_Ruas": null, "Status": null, "Propinsi": null, "Kab_Kot": null, "Panjang": null, "Segmen": null, "Satwil": null }, "geometry": { "type": "Point", "coordinates": [ 106.774741887000062, -6.284272354999928 ] } },
{ "type": "Feature", "properties": { "orig_fid": 344, "id": 0, "objectid": 344, "kode_ruas": "jorrs", "ruas": "JORR S (Pondok Pinang - TMII)", "kode_gt": "jorrs_kampung_rambutan1", "nama": "GT KAMPUNG RAMBUTAN 1", "seksi": 0, "sta": " ", "foto": " ", "layer": "Gerbang Tol", "koord_x": "106.877769440885", "koord_y": "-6.30719524767388", "jml_gardu": " ", "jmlgrdrvs": " ", "jml_lajur": " ", "panjang_m": " ", "luas_m": " ", "status": "Operasi", "sub_status": "Operasi Penuh", "region": "Jabodetabek", "bujt": "PT Hutama Karya (Persero)", "kodefikasi": "B15", "no": 17, "shape_leng": 0, "keterangan": " ", "creator": null, "created": null, "updater": null, "updated": null, "sync_state": 0, "last_sync": 1765414802000, "Nm_Ruas": null, "Status": null, "Propinsi": null, "Kab_Kot": null, "Panjang": null, "Segmen": null, "Satwil": null }, "geometry": { "type": "Point", "coordinates": [ 106.877769441000055, -6.307195247999971 ] } },
{ "type": "Feature", "properties": { "orig_fid": 345, "id": 32, "objectid": 345, "kode_ruas": "jorrs", "ruas": "JORR S (Pondok Pinang - TMII)", "kode_gt": "jorrs_kp_rambutan", "nama": "GT KAMPUNG RAMBUTAN 2", "seksi": 0, "sta": " ", "foto": "http://gis.bpjt.pu.go.id/data/foto/gt/gtkampungra*", "layer": "Gerbang Tol", "koord_x": "106.877233741623", "koord_y": "-6.30736679277932", "jml_gardu": " ", "jmlgrdrvs": " ", "jml_lajur": " ", "panjang_m": " ", "luas_m": " ", "status": "Operasi", "sub_status": "Operasi Penuh", "region": "Jabodetabek", "bujt": "PT Hutama Karya (Persero)", "kodefikasi": "B15", "no": 16, "shape_leng": 0, "keterangan": "GT KAMPUNG RAMBUTAN", "creator": null, "created": null, "updater": null, "updated": null, "sync_state": 0, "last_sync": 1765414802000, "Nm_Ruas": null, "Status": null, "Propinsi": null, "Kab_Kot": null, "Panjang": null, "Segmen": null, "Satwil": null }, "geometry": { "type": "Point", "coordinates": [ 106.877233742000044, -6.307366792999971 ] } },
{ "type": "Feature", "properties": { "orig_fid": 346, "id": 297, "objectid": 346, "kode_ruas": "jorrs", "ruas": "JORR S (Pondok Pinang - TMII)", "kode_gt": "jorrs_lenteng_agung3", "nama": "GT LENTENG AGUNG 3", "seksi": 0, "sta": " ", "foto": "http://gis.bpjt.pu.go.id/data/foto/gt/gtlentengag*", "layer": "Gerbang Tol", "koord_x": "106.848449798677", "koord_y": "-6.30403647556405", "jml_gardu": " ", "jmlgrdrvs": " ", "jml_lajur": " ", "panjang_m": " ", "luas_m": " ", "status": "Operasi", "sub_status": "Operasi Penuh", "region": "Jabodetabek", "bujt": "PT Hutama Karya (Persero)", "kodefikasi": "B15", "no": 13, "shape_leng": 0, "keterangan": "GT LENTENG AGUNG 3", "creator": null, "created": null, "updater": null, "updated": null, "sync_state": 0, "last_sync": 1765414802000, "Nm_Ruas": null, "Status": null, "Propinsi": null, "Kab_Kot": null, "Panjang": null, "Segmen": null, "Satwil": null }, "geometry": { "type": "Point", "coordinates": [ 106.848449799000036, -6.304036475999965 ] } },
{ "type": "Feature", "properties": { "orig_fid": 347, "id": 64, "objectid": 347, "kode_ruas": "jorrs", "ruas": "JORR S (Pondok Pinang - TMII)", "kode_gt": "jorrs_fatmawati2", "nama": "GT FATMAWATI 2", "seksi": 0, "sta": " ", "foto": "http://gis.bpjt.pu.go.id/data/foto/gt/gtfatmawati*", "layer": "Gerbang Tol", "koord_x": "106.791484019421", "koord_y": "-6.29238997970656", "jml_gardu": " ", "jmlgrdrvs": " ", "jml_lajur": " ", "panjang_m": " ", "luas_m": " ", "status": "Operasi", "sub_status": "Operasi Penuh", "region": "Jabodetabek", "bujt": "PT Hutama Karya (Persero)", "kodefikasi": "B15", "no": 4, "shape_leng": 0, "keterangan": "GT FATMAWATI 2", "creator": null, "created": null, "updater": null, "updated": null, "sync_state": 0, "last_sync": 1765414802000, "Nm_Ruas": null, "Status": null, "Propinsi": null, "Kab_Kot": null, "Panjang": null, "Segmen": null, "Satwil": null }, "geometry": { "type": "Point", "coordinates": [ 106.791484019000052, -6.292389979999939 ] } },
{ "type": "Feature", "properties": { "orig_fid": 422, "id": 0, "objectid": 422, "kode_ruas": "klbm", "ruas": "Krian Legundi Bunder Manyar", "kode_gt": "klbm_cerme", "nama": "GT ENTRANCE CERME", "seksi": 3, "sta": " ", "foto": " ", "layer": "Gerbang Tol", "koord_x": "112.575164347247", "koord_y": "-7.21677600735725", "jml_gardu": "2", "jmlgrdrvs": " ", "jml_lajur": " ", "panjang_m": " ", "luas_m": "351", "status": "Operasi", "sub_status": "Operasi", "region": "Non Trans", "bujt": "PT Waskita Bumi Wira", "kodefikasi": "D17", "no": 4, "shape_leng": 0, "keterangan": " ", "creator": null, "created": null, "updater": null, "updated": null, "sync_state": 0, "last_sync": 1765414802000, "Nm_Ruas": null, "Status": null, "Propinsi": null, "Kab_Kot": null, "Panjang": null, "Segmen": null, "Satwil": null }, "geometry": { "type": "Point", "coordinates": [ 112.575164347000054, -7.216776006999964 ] } },
{ "type": "Feature", "properties": { "orig_fid": 348, "id": 97, "objectid": 348, "kode_ruas": "jorrs", "ruas": "JORR S (Pondok Pinang - TMII)", "kode_gt": "jorrs_fatmawati1", "nama": "GT FATMAWATI 1", "seksi": 0, "sta": " ", "foto": "http://gis.bpjt.pu.go.id/data/foto/gt/gtfatmawati*", "layer": "Gerbang Tol", "koord_x": "106.797977098191", "koord_y": "-6.29211574017673", "jml_gardu": " ", "jmlgrdrvs": " ", "jml_lajur": " ", "panjang_m": " ", "luas_m": " ", "status": "Operasi", "sub_status": "Operasi Penuh", "region": "Jabodetabek", "bujt": "PT Hutama Karya (Persero)", "kodefikasi": "B15", "no": 5, "shape_leng": 0, "keterangan": "GT FATMAWATI 1", "creator": null, "created": null, "updater": null, "updated": null, "sync_state": 0, "last_sync": 1765414802000, "Nm_Ruas": null, "Status": null, "Propinsi": null, "Kab_Kot": null, "Panjang": null, "Segmen": null, "Satwil": null }, "geometry": { "type": "Point", "coordinates": [ 106.797977098000047, -6.292115739999929 ] } },
{ "type": "Feature", "properties": { "orig_fid": 349, "id": 22, "objectid": 349, "kode_ruas": "jorrw1", "ruas": "JORR W1 (Kebon Jeruk - Penjaringan)", "kode_gt": "jorrw1_kayu_besar1", "nama": "GT KAYU BESAR 1", "seksi": 0, "sta": " ", "foto": "http://gis.bpjt.pu.go.id/data/foto/gt/gtkayubesar*", "layer": "Gerbang Tol", "koord_x": "106.730143867254", "koord_y": "-6.12948893474575", "jml_gardu": " ", "jmlgrdrvs": " ", "jml_lajur": " ", "panjang_m": " ", "luas_m": " ", "status": "Operasi", "sub_status": "Operasi Penuh", "region": "Jabodetabek", "bujt": "PT Jakarta Lingkar Baratsatu", "kodefikasi": "B11", "no": 6, "shape_leng": 0, "keterangan": "GT KAYU BESAR 1", "creator": null, "created": null, "updater": null, "updated": null, "sync_state": 0, "last_sync": 1765414802000, "Nm_Ruas": null, "Status": null, "Propinsi": null, "Kab_Kot": null, "Panjang": null, "Segmen": null, "Satwil": null }, "geometry": { "type": "Point", "coordinates": [ 106.730143867000038, -6.129488934999927 ] } },
{ "type": "Feature", "properties": { "orig_fid": 350, "id": 23, "objectid": 350, "kode_ruas": "jorrw1", "ruas": "JORR W1 (Kebon Jeruk - Penjaringan)", "kode_gt": "jorrw1_kayu_besar2", "nama": "GT KAYU BESAR 2", "seksi": 0, "sta": " ", "foto": "http://gis.bpjt.pu.go.id/data/foto/gt/gtkayubesar*", "layer": "Gerbang Tol", "koord_x": "106.730232221236", "koord_y": "-6.12993537144897", "jml_gardu": " ", "jmlgrdrvs": " ", "jml_lajur": " ", "panjang_m": " ", "luas_m": " ", "status": "Operasi", "sub_status": "Operasi Penuh", "region": "Jabodetabek", "bujt": "PT Jakarta Lingkar Baratsatu", "kodefikasi": "B11", "no": 5, "shape_leng": 0, "keterangan": "GT KAYU BESAR 2", "creator": null, "created": null, "updater": null, "updated": null, "sync_state": 0, "last_sync": 1765414802000, "Nm_Ruas": null, "Status": null, "Propinsi": null, "Kab_Kot": null, "Panjang": null, "Segmen": null, "Satwil": null }, "geometry": { "type": "Point", "coordinates": [ 106.730232221000051, -6.129935370999931 ] } },
{ "type": "Feature", "properties": { "orig_fid": 351, "id": 26, "objectid": 351, "kode_ruas": "jorrw1", "ruas": "JORR W1 (Kebon Jeruk - Penjaringan)", "kode_gt": "jorrw1_rawa_buaya_utara", "nama": "GT RAWA BUAYA UTARA", "seksi": 0, "sta": " ", "foto": "http://gis.bpjt.pu.go.id/data/foto/gt/gtrawabuaya*", "layer": "Gerbang Tol", "koord_x": "106.727314730142", "koord_y": "-6.15201079801758", "jml_gardu": " ", "jmlgrdrvs": " ", "jml_lajur": " ", "panjang_m": " ", "luas_m": " ", "status": "Operasi", "sub_status": "Operasi Penuh", "region": "Jabodetabek", "bujt": "PT Jakarta Lingkar Baratsatu", "kodefikasi": "B11", "no": 4, "shape_leng": 0, "keterangan": "GT RAWA BUAYA UTARA", "creator": null, "created": null, "updater": null, "updated": null, "sync_state": 0, "last_sync": 1765414802000, "Nm_Ruas": null, "Status": null, "Propinsi": null, "Kab_Kot": null, "Panjang": null, "Segmen": null, "Satwil": null }, "geometry": { "type": "Point", "coordinates": [ 106.727314730000046, -6.152010797999935 ] } },
{ "type": "Feature", "properties": { "orig_fid": 352, "id": 25, "objectid": 352, "kode_ruas": "jorrw1", "ruas": "JORR W1 (Kebon Jeruk - Penjaringan)", "kode_gt": "jorrw1_rawa_buaya_selatan", "nama": "GT RAWA BUAYA SELATAN", "seksi": 0, "sta": " ", "foto": "http://gis.bpjt.pu.go.id/data/foto/gt/gtrawabuaya*", "layer": "Gerbang Tol", "koord_x": "106.727572306871", "koord_y": "-6.15743697583276", "jml_gardu": " ", "jmlgrdrvs": " ", "jml_lajur": " ", "panjang_m": " ", "luas_m": " ", "status": "Operasi", "sub_status": "Operasi Penuh", "region": "Jabodetabek", "bujt": "PT Jakarta Lingkar Baratsatu", "kodefikasi": "B11", "no": 3, "shape_leng": 0, "keterangan": "GT RAWA BUAYA SELATAN", "creator": null, "created": null, "updater": null, "updated": null, "sync_state": 0, "last_sync": 1765414802000, "Nm_Ruas": null, "Status": null, "Propinsi": null, "Kab_Kot": null, "Panjang": null, "Segmen": null, "Satwil": null }, "geometry": { "type": "Point", "coordinates": [ 106.727572307000059, -6.157436975999929 ] } },
{ "type": "Feature", "properties": { "orig_fid": 353, "id": 0, "objectid": 353, "kode_ruas": "jorrw1", "ruas": "JORR W1 (Kebon Jeruk - Penjaringan)", "kode_gt": "jorrw1_kembangan_utara2", "nama": "GT KEMBANGAN UTARA 2", "seksi": 0, "sta": " ", "foto": " ", "layer": "Gerbang Tol", "koord_x": "106.728877954763", "koord_y": "-6.18100606408377", "jml_gardu": " ", "jmlgrdrvs": " ", "jml_lajur": " ", "panjang_m": " ", "luas_m": " ", "status": "Operasi", "sub_status": "Operasi Penuh", "region": "Jabodetabek", "bujt": "PT Jakarta Lingkar Baratsatu", "kodefikasi": "B11", "no": 2, "shape_leng": 0, "keterangan": " ", "creator": null, "created": null, "updater": null, "updated": null, "sync_state": 0, "last_sync": 1765414802000, "Nm_Ruas": null, "Status": null, "Propinsi": null, "Kab_Kot": null, "Panjang": null, "Segmen": null, "Satwil": null }, "geometry": { "type": "Point", "coordinates": [ 106.728877955000087, -6.181006063999973 ] } },
{ "type": "Feature", "properties": { "orig_fid": 354, "id": 20, "objectid": 354, "kode_ruas": "jorrw1", "ruas": "JORR W1 (Kebon Jeruk - Penjaringan)", "kode_gt": "jorrw1_kembangan_utara", "nama": "GT KEMBANGAN UTARA 1", "seksi": 0, "sta": " ", "foto": "http://gis.bpjt.pu.go.id/data/foto/gt/gtkembangan*", "layer": "Gerbang Tol", "koord_x": "106.728987624775", "koord_y": "-6.18143284400474", "jml_gardu": " ", "jmlgrdrvs": " ", "jml_lajur": " ", "panjang_m": " ", "luas_m": " ", "status": "Operasi", "sub_status": "Operasi Penuh", "region": "Jabodetabek", "bujt": "PT Jakarta Lingkar Baratsatu", "kodefikasi": "B11", "no": 1, "shape_leng": 0, "keterangan": "GT KEMBANGAN UTARA", "creator": null, "created": null, "updater": null, "updated": null, "sync_state": 0, "last_sync": 1765414802000, "Nm_Ruas": null, "Status": null, "Propinsi": null, "Kab_Kot": null, "Panjang": null, "Segmen": null, "Satwil": null }, "geometry": { "type": "Point", "coordinates": [ 106.728987625000059, -6.181432843999971 ] } },
{ "type": "Feature", "properties": { "orig_fid": 355, "id": 376, "objectid": 355, "kode_ruas": "jorrw1", "ruas": "JORR W1 (Kebon Jeruk - Penjaringan)", "kode_gt": "jorrw1_kamal_utama", "nama": "GT KAMAL UTAMA", "seksi": 0, "sta": " ", "foto": "http://gis.bpjt.pu.go.id/data/foto/gt/gtkamalutam*", "layer": "Gerbang Tol", "koord_x": "106.734601404839", "koord_y": "-6.11679826242177", "jml_gardu": " ", "jmlgrdrvs": " ", "jml_lajur": " ", "panjang_m": " ", "luas_m": " ", "status": "Operasi", "sub_status": "Operasi Penuh", "region": "Jabodetabek", "bujt": "PT Jakarta Lingkar Baratsatu", "kodefikasi": "B11", "no": 7, "shape_leng": 0, "keterangan": "GT KAMAL UTAMA", "creator": null, "created": null, "updater": null, "updated": null, "sync_state": 0, "last_sync": 1765414802000, "Nm_Ruas": null, "Status": null, "Propinsi": null, "Kab_Kot": null, "Panjang": null, "Segmen": null, "Satwil": null }, "geometry": { "type": "Point", "coordinates": [ 106.734601405000035, -6.116798261999975 ] } },
{ "type": "Feature", "properties": { "orig_fid": 356, "id": 11, "objectid": 356, "kode_ruas": "jiut1", "ruas": "Cawang - Tomang - Pluit", "kode_gt": "jiut1_halim_utama", "nama": "GT HALIM UTAMA", "seksi": 0, "sta": "00+600", "foto": "http://gis.bpjt.pu.go.id/data/foto/gt/gthalimutam*", "layer": "Gerbang Tol", "koord_x": "106.888762373433", "koord_y": "-6.24526417591917", "jml_gardu": "13", "jmlgrdrvs": " ", "jml_lajur": "13", "panjang_m": "493", "luas_m": "20,401", "status": "Operasi", "sub_status": "Operasi Penuh", "region": "Jabodetabek", "bujt": "PT Jasa Marga (Persero) Tbk", "kodefikasi": "B33", "no": 1, "shape_leng": 0, "keterangan": "GT HALIM UTAMA", "creator": null, "created": null, "updater": null, "updated": null, "sync_state": 0, "last_sync": 1765414802000, "Nm_Ruas": null, "Status": null, "Propinsi": null, "Kab_Kot": null, "Panjang": null, "Segmen": null, "Satwil": null }, "geometry": { "type": "Point", "coordinates": [ 106.888762373000077, -6.245264175999978 ] } },
{ "type": "Feature", "properties": { "orig_fid": 357, "id": 10, "objectid": 357, "kode_ruas": "jiut1", "ruas": "Cawang - Tomang - Pluit", "kode_gt": "jiut1_halim2", "nama": "GT HALIM 2", "seksi": 0, "sta": "00+600", "foto": "http://gis.bpjt.pu.go.id/data/foto/gt/gthalim2.jpg", "layer": "Gerbang Tol", "koord_x": "106.887381762446", "koord_y": "-6.24635711120373", "jml_gardu": "4", "jmlgrdrvs": " ", "jml_lajur": "4", "panjang_m": " ", "luas_m": " ", "status": "Operasi", "sub_status": "Operasi Penuh", "region": "Jabodetabek", "bujt": "PT Jasa Marga (Persero) Tbk", "kodefikasi": "B33", "no": 2, "shape_leng": 0, "keterangan": "GT HALIM 2", "creator": null, "created": null, "updater": null, "updated": null, "sync_state": 0, "last_sync": 1765414802000, "Nm_Ruas": null, "Status": null, "Propinsi": null, "Kab_Kot": null, "Panjang": null, "Segmen": null, "Satwil": null }, "geometry": { "type": "Point", "coordinates": [ 106.887381762000075, -6.246357110999952 ] } },
{ "type": "Feature", "properties": { "orig_fid": 358, "id": 152, "objectid": 358, "kode_ruas": "jiut1", "ruas": "Cawang - Tomang - Pluit", "kode_gt": "jiut1_cawang", "nama": "GT CAWANG", "seksi": 0, "sta": "01+800", "foto": "http://gis.bpjt.pu.go.id/data/foto/gt/gtcawang.jpg", "layer": "Gerbang Tol", "koord_x": "106.85980455121", "koord_y": "-6.24332403438412", "jml_gardu": "3", "jmlgrdrvs": " ", "jml_lajur": "3", "panjang_m": "259", "luas_m": "2,429", "status": "Operasi", "sub_status": "Operasi Penuh", "region": "Jabodetabek", "bujt": "PT Jasa Marga (Persero) Tbk", "kodefikasi": "B33", "no": 3, "shape_leng": 0, "keterangan": "GT CAWANG", "creator": null, "created": null, "updater": null, "updated": null, "sync_state": 0, "last_sync": 1765414802000, "Nm_Ruas": null, "Status": null, "Propinsi": null, "Kab_Kot": null, "Panjang": null, "Segmen": null, "Satwil": null }, "geometry": { "type": "Point", "coordinates": [ 106.859804551000082, -6.243324033999954 ] } },
{ "type": "Feature", "properties": { "orig_fid": 359, "id": 1, "objectid": 359, "kode_ruas": "jgrw", "ruas": "Cawang - Tomang - Pluit", "kode_gt": "jgrw_cililitan", "nama": "GT CILILITAN UTAMA", "seksi": 0, "sta": "02+400", "foto": "http://gis.bpjt.pu.go.id/data/foto/gt/gtcililitan*", "layer": "Gerbang Tol", "koord_x": "106.872905187933", "koord_y": "-6.26707511775318", "jml_gardu": "18", "jmlgrdrvs": " ", "jml_lajur": "18", "panjang_m": "657", "luas_m": "27,077", "status": "Operasi", "sub_status": "Operasi Penuh", "region": "Jabodetabek", "bujt": "PT Jasa Marga (Persero) Tbk", "kodefikasi": "B33", "no": 4, "shape_leng": 0, "keterangan": "GT CILILITAN", "creator": null, "created": null, "updater": null, "updated": null, "sync_state": 0, "last_sync": 1765414802000, "Nm_Ruas": null, "Status": null, "Propinsi": null, "Kab_Kot": null, "Panjang": null, "Segmen": null, "Satwil": null }, "geometry": { "type": "Point", "coordinates": [ 106.872905188000061, -6.26707511799998 ] } },
{ "type": "Feature", "properties": { "orig_fid": 360, "id": 322, "objectid": 360, "kode_ruas": "jgrw", "ruas": "Cawang - Tomang - Pluit", "kode_gt": "jgrw_cililitan_utama2", "nama": "GT CILILITAN 2", "seksi": 0, "sta": "02+400", "foto": "http://gis.bpjt.pu.go.id/data/foto/gt/gtcililitan*", "layer": "Gerbang Tol", "koord_x": "106.872721552741", "koord_y": "-6.2660689020335", "jml_gardu": "5", "jmlgrdrvs": " ", "jml_lajur": "5", "panjang_m": " ", "luas_m": " ", "status": "Operasi", "sub_status": "Operasi Penuh", "region": "Jabodetabek", "bujt": "PT Jasa Marga (Persero) Tbk", "kodefikasi": "B33", "no": 5, "shape_leng": 0, "keterangan": "GT CILILITAN UTAMA 2", "creator": null, "created": null, "updater": null, "updated": null, "sync_state": 0, "last_sync": 1765414802000, "Nm_Ruas": null, "Status": null, "Propinsi": null, "Kab_Kot": null, "Panjang": null, "Segmen": null, "Satwil": null }, "geometry": { "type": "Point", "coordinates": [ 106.872721553000076, -6.266068901999972 ] } },
{ "type": "Feature", "properties": { "orig_fid": 361, "id": 323, "objectid": 361, "kode_ruas": "jgrw", "ruas": "Cawang - Tomang - Pluit", "kode_gt": "jgrw_cililitan3", "nama": "GT CILILITAN 3", "seksi": 0, "sta": "02+400", "foto": "http://gis.bpjt.pu.go.id/data/foto/gt/gtcililitan*", "layer": "Gerbang Tol", "koord_x": "106.873040237256", "koord_y": "-6.2655070777443", "jml_gardu": "4", "jmlgrdrvs": " ", "jml_lajur": "4", "panjang_m": " ", "luas_m": " ", "status": "Operasi", "sub_status": "Operasi Penuh", "region": "Jabodetabek", "bujt": "PT Jasa Marga (Persero) Tbk", "kodefikasi": "B33", "no": 6, "shape_leng": 0, "keterangan": "GT CILILITAN 3", "creator": null, "created": null, "updater": null, "updated": null, "sync_state": 0, "last_sync": 1765414802000, "Nm_Ruas": null, "Status": null, "Propinsi": null, "Kab_Kot": null, "Panjang": null, "Segmen": null, "Satwil": null }, "geometry": { "type": "Point", "coordinates": [ 106.873040237000055, -6.265507077999928 ] } },
{ "type": "Feature", "properties": { "orig_fid": 362, "id": 145, "objectid": 362, "kode_ruas": "jiut1", "ruas": "Cawang - Tomang - Pluit", "kode_gt": "jiut1_tebet1", "nama": "GT TEBET 1", "seksi": 0, "sta": "04+000", "foto": "http://gis.bpjt.pu.go.id/data/foto/gt/gttebet1.jpg", "layer": "Gerbang Tol", "koord_x": "106.840498588168", "koord_y": "-6.24248302974867", "jml_gardu": "2", "jmlgrdrvs": " ", "jml_lajur": "2", "panjang_m": "234", "luas_m": "1,723", "status": "Operasi", "sub_status": "Operasi Penuh", "region": "Jabodetabek", "bujt": "PT Jasa Marga (Persero) Tbk", "kodefikasi": "B33", "no": 8, "shape_leng": 0, "keterangan": "GT TEBET 1", "creator": null, "created": null, "updater": null, "updated": null, "sync_state": 0, "last_sync": 1765414802000, "Nm_Ruas": null, "Status": null, "Propinsi": null, "Kab_Kot": null, "Panjang": null, "Segmen": null, "Satwil": null }, "geometry": { "type": "Point", "coordinates": [ 106.840498588000059, -6.24248302999996 ] } },
{ "type": "Feature", "properties": { "orig_fid": 363, "id": 15, "objectid": 363, "kode_ruas": "jiut1", "ruas": "Cawang - Tomang - Pluit", "kode_gt": "jiut1_tebet2", "nama": "GT TEBET 2", "seksi": 0, "sta": "02+800", "foto": "http://gis.bpjt.pu.go.id/data/foto/gt/gttebet2.jpg", "layer": "Gerbang Tol", "koord_x": "106.849764149848", "koord_y": "-6.24313276610663", "jml_gardu": "3", "jmlgrdrvs": " ", "jml_lajur": "4", "panjang_m": "240", "luas_m": "1,753", "status": "Operasi", "sub_status": "Operasi Penuh", "region": "Jabodetabek", "bujt": "PT Jasa Marga (Persero) Tbk", "kodefikasi": "B33", "no": 7, "shape_leng": 0, "keterangan": "GT TEBET 2", "creator": null, "created": null, "updater": null, "updated": null, "sync_state": 0, "last_sync": 1765414802000, "Nm_Ruas": null, "Status": null, "Propinsi": null, "Kab_Kot": null, "Panjang": null, "Segmen": null, "Satwil": null }, "geometry": { "type": "Point", "coordinates": [ 106.849764150000055, -6.243132765999974 ] } },
{ "type": "Feature", "properties": { "orig_fid": 364, "id": 20, "objectid": 364, "kode_ruas": "jiut1", "ruas": "Cawang - Tomang - Pluit", "kode_gt": "jiut1_kuningan2", "nama": "GT KUNINGAN 2", "seksi": 0, "sta": "05+000", "foto": "http://gis.bpjt.pu.go.id/data/foto/gt/gtkuningan2*", "layer": "Gerbang Tol", "koord_x": "106.835186315887", "koord_y": "-6.24085706148965", "jml_gardu": "4", "jmlgrdrvs": " ", "jml_lajur": "4", "panjang_m": "208", "luas_m": "1,844", "status": "Operasi", "sub_status": "Operasi Penuh", "region": "Jabodetabek", "bujt": "PT Jasa Marga (Persero) Tbk", "kodefikasi": "B33", "no": 9, "shape_leng": 0, "keterangan": "GT KUNINGAN 2", "creator": null, "created": null, "updater": null, "updated": null, "sync_state": 0, "last_sync": 1765414802000, "Nm_Ruas": null, "Status": null, "Propinsi": null, "Kab_Kot": null, "Panjang": null, "Segmen": null, "Satwil": null }, "geometry": { "type": "Point", "coordinates": [ 106.835186316000033, -6.240857060999929 ] } },
{ "type": "Feature", "properties": { "orig_fid": 365, "id": 137, "objectid": 365, "kode_ruas": "jiut1", "ruas": "Cawang - Tomang - Pluit", "kode_gt": "jiut1_kuningan1", "nama": "GT KUNINGAN 1", "seksi": 0, "sta": "06+400", "foto": "http://gis.bpjt.pu.go.id/data/foto/gt/gtkuningan1*", "layer": "Gerbang Tol", "koord_x": "106.822857893763", "koord_y": "-6.23410856197261", "jml_gardu": "2", "jmlgrdrvs": " ", "jml_lajur": "2", "panjang_m": "208", "luas_m": "1,855", "status": "Operasi", "sub_status": "Operasi Penuh", "region": "Jabodetabek", "bujt": "PT Jasa Marga (Persero) Tbk", "kodefikasi": "B33", "no": 10, "shape_leng": 0, "keterangan": "GT KUNINGAN 1", "creator": null, "created": null, "updater": null, "updated": null, "sync_state": 0, "last_sync": 1765414802000, "Nm_Ruas": null, "Status": null, "Propinsi": null, "Kab_Kot": null, "Panjang": null, "Segmen": null, "Satwil": null }, "geometry": { "type": "Point", "coordinates": [ 106.822857894000038, -6.23410856199996 ] } },
{ "type": "Feature", "properties": { "orig_fid": 366, "id": 131, "objectid": 366, "kode_ruas": "jiut1", "ruas": "Cawang - Tomang - Pluit", "kode_gt": "jiut1_senayan", "nama": "GT SENAYAN", "seksi": 0, "sta": "08+800", "foto": "http://gis.bpjt.pu.go.id/data/foto/gt/gtsenayan.j*", "layer": "Gerbang Tol", "koord_x": "106.809187064115", "koord_y": "-6.21502442111086", "jml_gardu": "5", "jmlgrdrvs": " ", "jml_lajur": "5", "panjang_m": "224", "luas_m": "1,968", "status": "Operasi", "sub_status": "Operasi Penuh", "region": "Jabodetabek", "bujt": "PT Jasa Marga (Persero) Tbk", "kodefikasi": "B33", "no": 13, "shape_leng": 0, "keterangan": "GT SENAYAN", "creator": null, "created": null, "updater": null, "updated": null, "sync_state": 0, "last_sync": 1765414802000, "Nm_Ruas": null, "Status": null, "Propinsi": null, "Kab_Kot": null, "Panjang": null, "Segmen": null, "Satwil": null }, "geometry": { "type": "Point", "coordinates": [ 106.809187064000071, -6.215024420999953 ] } },
{ "type": "Feature", "properties": { "orig_fid": 367, "id": 114, "objectid": 367, "kode_ruas": "jiut1", "ruas": "Cawang - Tomang - Pluit", "kode_gt": "jiut1_tomang", "nama": "GT TOMANG", "seksi": 0, "sta": "00+000", "foto": "http://gis.bpjt.pu.go.id/data/foto/gt/gttomang.jpg", "layer": "Gerbang Tol", "koord_x": "106.793536857113", "koord_y": "-6.18158913804726", "jml_gardu": "7", "jmlgrdrvs": " ", "jml_lajur": "7", "panjang_m": "202", "luas_m": "4,990", "status": "Operasi", "sub_status": "Operasi Penuh", "region": "Jabodetabek", "bujt": "PT Jasa Marga (Persero) Tbk", "kodefikasi": "B33", "no": 15, "shape_leng": 0, "keterangan": "GT TOMANG", "creator": null, "created": null, "updater": null, "updated": null, "sync_state": 0, "last_sync": 1765414802000, "Nm_Ruas": null, "Status": null, "Propinsi": null, "Kab_Kot": null, "Panjang": null, "Segmen": null, "Satwil": null }, "geometry": { "type": "Point", "coordinates": [ 106.793536857000049, -6.181589137999936 ] } },
{ "type": "Feature", "properties": { "orig_fid": 368, "id": 124, "objectid": 368, "kode_ruas": "jiut1", "ruas": "Cawang - Tomang - Pluit", "kode_gt": "jiut1_slipi1", "nama": "GT SLIPI 1", "seksi": 0, "sta": "11+200", "foto": "http://gis.bpjt.pu.go.id/data/foto/gt/gtslipi1.jpg", "layer": "Gerbang Tol", "koord_x": "106.798634650584", "koord_y": "-6.19996799280481", "jml_gardu": "4", "jmlgrdrvs": " ", "jml_lajur": "4", "panjang_m": "252", "luas_m": "1,737", "status": "Operasi", "sub_status": "Operasi Penuh", "region": "Jabodetabek", "bujt": "PT Jasa Marga (Persero) Tbk", "kodefikasi": "B33", "no": 16, "shape_leng": 0, "keterangan": "GT SLIPI 1", "creator": null, "created": null, "updater": null, "updated": null, "sync_state": 0, "last_sync": 1765414802000, "Nm_Ruas": null, "Status": null, "Propinsi": null, "Kab_Kot": null, "Panjang": null, "Segmen": null, "Satwil": null }, "geometry": { "type": "Point", "coordinates": [ 106.798634651000043, -6.199967992999973 ] } },
{ "type": "Feature", "properties": { "orig_fid": 369, "id": 36, "objectid": 369, "kode_ruas": "jiut1", "ruas": "Cawang - Tomang - Pluit", "kode_gt": "jiut1_slipi2", "nama": "GT SLIPI 2", "seksi": 0, "sta": "11+600", "foto": "http://gis.bpjt.pu.go.id/data/foto/gt/gtslipi2.jpg", "layer": "Gerbang Tol", "koord_x": "106.79752653675", "koord_y": "-6.19519724567164", "jml_gardu": "2", "jmlgrdrvs": " ", "jml_lajur": "2", "panjang_m": "258", "luas_m": "1,813", "status": "Operasi", "sub_status": "Operasi Penuh", "region": "Jabodetabek", "bujt": "PT Jasa Marga (Persero) Tbk", "kodefikasi": "B33", "no": 17, "shape_leng": 0, "keterangan": "GT SLIPI 2", "creator": null, "created": null, "updater": null, "updated": null, "sync_state": 0, "last_sync": 1765414802000, "Nm_Ruas": null, "Status": null, "Propinsi": null, "Kab_Kot": null, "Panjang": null, "Segmen": null, "Satwil": null }, "geometry": { "type": "Point", "coordinates": [ 106.797526537000067, -6.195197245999964 ] } },
{ "type": "Feature", "properties": { "orig_fid": 370, "id": 33, "objectid": 370, "kode_ruas": "jiut1", "ruas": "Cawang - Tomang - Pluit", "kode_gt": "jiut1_pejompongan", "nama": "GT PEJOMPONGAN", "seksi": 0, "sta": "10+000", "foto": "http://gis.bpjt.pu.go.id/data/foto/gt/gtpejompong*", "layer": "Gerbang Tol", "koord_x": "106.802818911608", "koord_y": "-6.20674308877193", "jml_gardu": "2", "jmlgrdrvs": " ", "jml_lajur": "2", "panjang_m": "266", "luas_m": "1,902", "status": "Operasi", "sub_status": "Operasi Penuh", "region": "Jabodetabek", "bujt": "PT Jasa Marga (Persero) Tbk", "kodefikasi": "B33", "no": 14, "shape_leng": 0, "keterangan": "GT PEJOMPONGAN", "creator": null, "created": null, "updater": null, "updated": null, "sync_state": 0, "last_sync": 1765414802000, "Nm_Ruas": null, "Status": null, "Propinsi": null, "Kab_Kot": null, "Panjang": null, "Segmen": null, "Satwil": null }, "geometry": { "type": "Point", "coordinates": [ 106.802818912000077, -6.206743088999929 ] } },
{ "type": "Feature", "properties": { "orig_fid": 371, "id": 23, "objectid": 371, "kode_ruas": "jiut1", "ruas": "Cawang - Tomang - Pluit", "kode_gt": "jiut1_semanggi2", "nama": "GT SEMANGGI 2", "seksi": 0, "sta": "07+000", "foto": "http://gis.bpjt.pu.go.id/data/foto/gt/gtsemanggi2*", "layer": "Gerbang Tol", "koord_x": "106.819770069482", "koord_y": "-6.22998957726285", "jml_gardu": "4", "jmlgrdrvs": " ", "jml_lajur": "4", "panjang_m": "257", "luas_m": "1,701", "status": "Operasi", "sub_status": "Operasi Penuh", "region": "Jabodetabek", "bujt": "PT Jasa Marga (Persero) Tbk", "kodefikasi": "B33", "no": 11, "shape_leng": 0, "keterangan": "GT SEMANGGI 2", "creator": null, "created": null, "updater": null, "updated": null, "sync_state": 0, "last_sync": 1765414802000, "Nm_Ruas": null, "Status": null, "Propinsi": null, "Kab_Kot": null, "Panjang": null, "Segmen": null, "Satwil": null }, "geometry": { "type": "Point", "coordinates": [ 106.819770069000072, -6.229989576999969 ] } },
{ "type": "Feature", "properties": { "orig_fid": 372, "id": 26, "objectid": 372, "kode_ruas": "jiut1", "ruas": "Cawang - Tomang - Pluit", "kode_gt": "jiut1_semanggi1", "nama": "GT SEMANGGI 1", "seksi": 0, "sta": "08+000", "foto": "http://gis.bpjt.pu.go.id/data/foto/gt/gtsemanggi1*", "layer": "Gerbang Tol", "koord_x": "106.815515276305", "koord_y": "-6.22373243748111", "jml_gardu": "3", "jmlgrdrvs": " ", "jml_lajur": "3", "panjang_m": "193", "luas_m": "1,505", "status": "Operasi", "sub_status": "Operasi Penuh", "region": "Jabodetabek", "bujt": "PT Jasa Marga (Persero) Tbk", "kodefikasi": "B33", "no": 12, "shape_leng": 0, "keterangan": "GT SEMANGGI 1", "creator": null, "created": null, "updater": null, "updated": null, "sync_state": 0, "last_sync": 1765414802000, "Nm_Ruas": null, "Status": null, "Propinsi": null, "Kab_Kot": null, "Panjang": null, "Segmen": null, "Satwil": null }, "geometry": { "type": "Point", "coordinates": [ 106.815515276000042, -6.223732436999967 ] } },
{ "type": "Feature", "properties": { "orig_fid": 373, "id": 109, "objectid": 373, "kode_ruas": "jiut1", "ruas": "Cawang - Tomang - Pluit", "kode_gt": "jiut1_jelambar1", "nama": "GT JELAMBAR 1", "seksi": 0, "sta": "16+000", "foto": "http://gis.bpjt.pu.go.id/data/foto/gt/gtjelambar1*", "layer": "Gerbang Tol", "koord_x": "106.791910137405", "koord_y": "-6.15767850645822", "jml_gardu": "3", "jmlgrdrvs": " ", "jml_lajur": "3", "panjang_m": "541", "luas_m": "4,537", "status": "Operasi", "sub_status": "Operasi Penuh", "region": "Jabodetabek", "bujt": "PT Jasa Marga (Persero) Tbk", "kodefikasi": "B33", "no": 18, "shape_leng": 0, "keterangan": "GT JELAMBAR 1", "creator": null, "created": null, "updater": null, "updated": null, "sync_state": 0, "last_sync": 1765414802000, "Nm_Ruas": null, "Status": null, "Propinsi": null, "Kab_Kot": null, "Panjang": null, "Segmen": null, "Satwil": null }, "geometry": { "type": "Point", "coordinates": [ 106.791910137000059, -6.157678505999968 ] } },
{ "type": "Feature", "properties": { "orig_fid": 374, "id": 47, "objectid": 374, "kode_ruas": "jiut1", "ruas": "Cawang - Tomang - Pluit", "kode_gt": "jiut1_jelambar2", "nama": "GT JELAMBAR 2", "seksi": 0, "sta": "16+000", "foto": "http://gis.bpjt.pu.go.id/data/foto/gt/gtjelambar2*", "layer": "Gerbang Tol", "koord_x": "106.792920886421", "koord_y": "-6.15648501612516", "jml_gardu": "2", "jmlgrdrvs": " ", "jml_lajur": "2", "panjang_m": "157", "luas_m": "1,312", "status": "Operasi", "sub_status": "Operasi Penuh", "region": "Jabodetabek", "bujt": "PT Jasa Marga (Persero) Tbk", "kodefikasi": "B33", "no": 19, "shape_leng": 0, "keterangan": "GT JELAMBAR 2", "creator": null, "created": null, "updater": null, "updated": null, "sync_state": 0, "last_sync": 1765414802000, "Nm_Ruas": null, "Status": null, "Propinsi": null, "Kab_Kot": null, "Panjang": null, "Segmen": null, "Satwil": null }, "geometry": { "type": "Point", "coordinates": [ 106.792920886000047, -6.156485015999976 ] } },
{ "type": "Feature", "properties": { "orig_fid": 375, "id": 104, "objectid": 375, "kode_ruas": "jiut1", "ruas": "Cawang - Tomang - Pluit", "kode_gt": "jiut1_angke1", "nama": "GT ANGKE 1", "seksi": 0, "sta": "18+700", "foto": "http://gis.bpjt.pu.go.id/data/foto/gt/gtangke1.jpg", "layer": "Gerbang Tol", "koord_x": "106.787310774152", "koord_y": "-6.14056648027965", "jml_gardu": "2", "jmlgrdrvs": " ", "jml_lajur": "2", "panjang_m": "189", "luas_m": "1,573", "status": "Operasi", "sub_status": "Operasi Penuh", "region": "Jabodetabek", "bujt": "PT Jasa Marga (Persero) Tbk", "kodefikasi": "B33", "no": 20, "shape_leng": 0, "keterangan": "GT ANGKE 1", "creator": null, "created": null, "updater": null, "updated": null, "sync_state": 0, "last_sync": 1765414802000, "Nm_Ruas": null, "Status": null, "Propinsi": null, "Kab_Kot": null, "Panjang": null, "Segmen": null, "Satwil": null }, "geometry": { "type": "Point", "coordinates": [ 106.787310774000048, -6.140566479999961 ] } },
{ "type": "Feature", "properties": { "orig_fid": 376, "id": 52, "objectid": 376, "kode_ruas": "jiut1", "ruas": "Cawang - Tomang - Pluit", "kode_gt": "jiut1_angke2", "nama": "GT ANGKE 2", "seksi": 0, "sta": "17+800", "foto": "http://gis.bpjt.pu.go.id/data/foto/gt/gtangke2.jpg", "layer": "Gerbang Tol", "koord_x": "106.789793297127", "koord_y": "-6.14445967392592", "jml_gardu": "3", "jmlgrdrvs": " ", "jml_lajur": "3", "panjang_m": "185", "luas_m": "2,075", "status": "Operasi", "sub_status": "Operasi Penuh", "region": "Jabodetabek", "bujt": "PT Jasa Marga (Persero) Tbk", "kodefikasi": "B33", "no": 21, "shape_leng": 0, "keterangan": "GT ANGKE 2", "creator": null, "created": null, "updater": null, "updated": null, "sync_state": 0, "last_sync": 1765414802000, "Nm_Ruas": null, "Status": null, "Propinsi": null, "Kab_Kot": null, "Panjang": null, "Segmen": null, "Satwil": null }, "geometry": { "type": "Point", "coordinates": [ 106.789793297000074, -6.144459673999961 ] } },
{ "type": "Feature", "properties": { "orig_fid": 377, "id": 15, "objectid": 377, "kode_ruas": "jiut1", "ruas": "Cawang - Tomang - Pluit", "kode_gt": "jiut1_tanjung_duren", "nama": "GT TANJUNG DUREN", "seksi": 0, "sta": "14+400", "foto": "http://gis.bpjt.pu.go.id/data/foto/gt/gttanjungdu*", "layer": "Gerbang Tol", "koord_x": "106.790306990659", "koord_y": "-6.17328200366623", "jml_gardu": "2", "jmlgrdrvs": " ", "jml_lajur": "2", "panjang_m": "246", "luas_m": "1,531", "status": "Operasi", "sub_status": "Operasi Penuh", "region": "Jabodetabek", "bujt": "PT Jasa Marga (Persero) Tbk", "kodefikasi": "B33", "no": 22, "shape_leng": 0, "keterangan": "GT TANJUNG DUREN", "creator": null, "created": null, "updater": null, "updated": null, "sync_state": 0, "last_sync": 1765414802000, "Nm_Ruas": null, "Status": null, "Propinsi": null, "Kab_Kot": null, "Panjang": null, "Segmen": null, "Satwil": null }, "geometry": { "type": "Point", "coordinates": [ 106.79030699100008, -6.17328200399993 ] } },
{ "type": "Feature", "properties": { "orig_fid": 378, "id": 63, "objectid": 378, "kode_ruas": "jiut2", "ruas": "Cawang - Tomang - Pluit", "kode_gt": "jiut2_pluit3", "nama": "GT PLUIT 3", "seksi": 0, "sta": "19+000", "foto": "http://gis.bpjt.pu.go.id/data/foto/gt/gtpluit3.jpg", "layer": "Gerbang Tol", "koord_x": "106.779876664792", "koord_y": "-6.12457274432378", "jml_gardu": "4", "jmlgrdrvs": " ", "jml_lajur": "4", "panjang_m": "300", "luas_m": "4,556", "status": "Operasi", "sub_status": "Operasi Penuh", "region": "Jabodetabek", "bujt": "PT Jasa Marga (Persero) Tbk", "kodefikasi": "B33", "no": 23, "shape_leng": 0, "keterangan": "GT PLUIT 3", "creator": null, "created": null, "updater": null, "updated": null, "sync_state": 0, "last_sync": 1765414802000, "Nm_Ruas": null, "Status": null, "Propinsi": null, "Kab_Kot": null, "Panjang": null, "Segmen": null, "Satwil": null }, "geometry": { "type": "Point", "coordinates": [ 106.779876665000074, -6.124572743999977 ] } },
{ "type": "Feature", "properties": { "orig_fid": 379, "id": 270, "objectid": 379, "kode_ruas": "cpp", "ruas": "Cikampek - Purwakarta - Padalarang", "kode_gt": "cpp_cikamuning", "nama": "GT CIKAMUNING", "seksi": 0, "sta": "116+000", "foto": "http://gis.bpjt.pu.go.id/data/foto/gt/gtcikamunin*", "layer": "Gerbang Tol", "koord_x": "107.480768868726", "koord_y": "-6.81826157685025", "jml_gardu": "2", "jmlgrdrvs": " ", "jml_lajur": "5", "panjang_m": "19.06", "luas_m": "289.65", "status": "Operasi", "sub_status": "Operasi Penuh", "region": "Non Trans", "bujt": "PT Jasa Marga (Persero) Tbk", "kodefikasi": "D03", "no": 9, "shape_leng": 0, "keterangan": "GT CIKAMUNING", "creator": null, "created": null, "updater": null, "updated": null, "sync_state": 0, "last_sync": 1765414802000, "Nm_Ruas": null, "Status": null, "Propinsi": null, "Kab_Kot": null, "Panjang": null, "Segmen": null, "Satwil": null }, "geometry": { "type": "Point", "coordinates": [ 107.480768869000087, -6.81826157699993 ] } },
{ "type": "Feature", "properties": { "orig_fid": 380, "id": 5, "objectid": 380, "kode_ruas": "cpp", "ruas": "Cikampek - Purwakarta - Padalarang", "kode_gt": "cpp_jatiluhur", "nama": "GT JATILUHUR", "seksi": 0, "sta": "84+000", "foto": "http://gis.bpjt.pu.go.id/data/foto/gt/gtjatiluhur*", "layer": "Gerbang Tol", "koord_x": "107.429390141472", "koord_y": "-6.56658080239573", "jml_gardu": "5", "jmlgrdrvs": " ", "jml_lajur": "2", "panjang_m": "36.4", "luas_m": "982.06", "status": "Operasi", "sub_status": "Operasi Penuh", "region": "Non Trans", "bujt": "PT Jasa Marga (Persero) Tbk", "kodefikasi": "D03", "no": 8, "shape_leng": 0, "keterangan": "GT JATI LUHUR", "creator": null, "created": null, "updater": null, "updated": null, "sync_state": 0, "last_sync": 1765414802000, "Nm_Ruas": null, "Status": null, "Propinsi": null, "Kab_Kot": null, "Panjang": null, "Segmen": null, "Satwil": null }, "geometry": { "type": "Point", "coordinates": [ 107.429390141000056, -6.566580801999976 ] } },
{ "type": "Feature", "properties": { "orig_fid": 381, "id": 0, "objectid": 381, "kode_ruas": "cpp", "ruas": "Cikampek - Purwakarta - Padalarang", "kode_gt": "cpp_kalihurip_utama1_satelit", "nama": "GT KALIHURIP UTAMA 1 SATELIT", "seksi": 0, "sta": "67+000", "foto": " ", "layer": "Gerbang Tol", "koord_x": "107.424818381021", "koord_y": "-6.4314783759952", "jml_gardu": "6", "jmlgrdrvs": " ", "jml_lajur": "4", "panjang_m": "68.97", "luas_m": "1295", "status": "Operasi", "sub_status": "Operasi Penuh", "region": "Non Trans", "bujt": "PT Jasa Marga (Persero) Tbk", "kodefikasi": "D03", "no": 2, "shape_leng": 0, "keterangan": " ", "creator": null, "created": null, "updater": null, "updated": null, "sync_state": 0, "last_sync": 1765414802000, "Nm_Ruas": null, "Status": null, "Propinsi": null, "Kab_Kot": null, "Panjang": null, "Segmen": null, "Satwil": null }, "geometry": { "type": "Point", "coordinates": [ 107.42481838100008, -6.431478375999973 ] } },
{ "type": "Feature", "properties": { "orig_fid": 382, "id": 0, "objectid": 382, "kode_ruas": "cpp", "ruas": "Cikampek - Purwakarta - Padalarang", "kode_gt": "cpp_kalihurip_utama1", "nama": "GT KALIHURIP UTAMA 1", "seksi": 0, "sta": "67+000", "foto": " ", "layer": "Gerbang Tol", "koord_x": "107.424693794536", "koord_y": "-6.42915642430435", "jml_gardu": "13", "jmlgrdrvs": "13", "jml_lajur": "13", "panjang_m": "22.07", "luas_m": "383.98", "status": "Operasi", "sub_status": "Operasi Penuh", "region": "Non Trans", "bujt": "PT Jasa Marga (Persero) Tbk", "kodefikasi": "D03", "no": 1, "shape_leng": 0, "keterangan": " ", "creator": null, "created": null, "updater": null, "updated": null, "sync_state": 0, "last_sync": 1765414802000, "Nm_Ruas": null, "Status": null, "Propinsi": null, "Kab_Kot": null, "Panjang": null, "Segmen": null, "Satwil": null }, "geometry": { "type": "Point", "coordinates": [ 107.424693795000053, -6.429156423999927 ] } },
{ "type": "Feature", "properties": { "orig_fid": 383, "id": 13, "objectid": 383, "kode_ruas": "japek", "ruas": "Cikampek - Purwakarta - Padalarang", "kode_gt": "japek_kalihurip3", "nama": "GT KALIHURIP UTAMA 3", "seksi": 0, "sta": "67+600", "foto": "http://gis.bpjt.pu.go.id/data/foto/gt/notfound.jpg", "layer": "Gerbang Tol", "koord_x": "107.427287974218", "koord_y": "-6.42416540709419", "jml_gardu": "6", "jmlgrdrvs": " ", "jml_lajur": "6", "panjang_m": "28.34", "luas_m": "435.08", "status": "Operasi", "sub_status": "Operasi Penuh", "region": "Non Trans", "bujt": "PT Jasa Marga (Persero) Tbk", "kodefikasi": "D03", "no": 5, "shape_leng": 0, "keterangan": "GT KALIHURIP UTAMA 3", "creator": null, "created": null, "updater": null, "updated": null, "sync_state": 0, "last_sync": 1765414802000, "Nm_Ruas": null, "Status": null, "Propinsi": null, "Kab_Kot": null, "Panjang": null, "Segmen": null, "Satwil": null }, "geometry": { "type": "Point", "coordinates": [ 107.42728797400008, -6.424165406999975 ] } },
{ "type": "Feature", "properties": { "orig_fid": 384, "id": 269, "objectid": 384, "kode_ruas": "cpp", "ruas": "Cikampek - Purwakarta - Padalarang", "kode_gt": "cpp_sadang", "nama": "GT SADANG", "seksi": 0, "sta": "74+000", "foto": "http://gis.bpjt.pu.go.id/data/foto/gt/gtsadang.jpg", "layer": "Gerbang Tol", "koord_x": "107.447401688546", "koord_y": "-6.49817130362339", "jml_gardu": "6", "jmlgrdrvs": " ", "jml_lajur": "6", "panjang_m": "21.87", "luas_m": "824.34", "status": "Operasi", "sub_status": "Operasi Penuh", "region": "Non Trans", "bujt": "PT Jasa Marga (Persero) Tbk", "kodefikasi": "D03", "no": 7, "shape_leng": 0, "keterangan": "GT SADANG", "creator": null, "created": null, "updater": null, "updated": null, "sync_state": 0, "last_sync": 1765414802000, "Nm_Ruas": null, "Status": null, "Propinsi": null, "Kab_Kot": null, "Panjang": null, "Segmen": null, "Satwil": null }, "geometry": { "type": "Point", "coordinates": [ 107.44740168900006, -6.498171303999925 ] } },
{ "type": "Feature", "properties": { "orig_fid": 385, "id": 14, "objectid": 385, "kode_ruas": "japek", "ruas": "Cikampek - Purwakarta - Padalarang", "kode_gt": "japek_kalihurip4", "nama": "GT KALIHURIP UTAMA 4", "seksi": 0, "sta": "67+000", "foto": "http://gis.bpjt.pu.go.id/data/foto/gt/notfound.jpg", "layer": "Gerbang Tol", "koord_x": "107.424313369833", "koord_y": "-6.42554253298365", "jml_gardu": "3", "jmlgrdrvs": " ", "jml_lajur": "3", "panjang_m": " ", "luas_m": " ", "status": "Operasi", "sub_status": "Operasi Penuh", "region": "Non Trans", "bujt": "PT Jasa Marga (Persero) Tbk", "kodefikasi": "D03", "no": 6, "shape_leng": 0, "keterangan": "GT KALIHURIP UTAMA 4", "creator": null, "created": null, "updater": null, "updated": null, "sync_state": 0, "last_sync": 1765414802000, "Nm_Ruas": null, "Status": null, "Propinsi": null, "Kab_Kot": null, "Panjang": null, "Segmen": null, "Satwil": null }, "geometry": { "type": "Point", "coordinates": [ 107.42431337000005, -6.425542532999941 ] } },
{ "type": "Feature", "properties": { "orig_fid": 386, "id": 0, "objectid": 386, "kode_ruas": "cpp", "ruas": "Cikampek - Purwakarta - Padalarang", "kode_gt": "cpp_kalihurip_utama2_satelit", "nama": "GT KALIHURIP UTAMA 2 SATELIT", "seksi": 0, "sta": "67+000", "foto": " ", "layer": "Gerbang Tol", "koord_x": "107.424420518554", "koord_y": "-6.42499077333813", "jml_gardu": "6", "jmlgrdrvs": " ", "jml_lajur": "6", "panjang_m": " ", "luas_m": " ", "status": "Operasi", "sub_status": "Operasi Penuh", "region": "Non Trans", "bujt": "PT Jasa Marga (Persero) Tbk", "kodefikasi": "D03", "no": 4, "shape_leng": 0, "keterangan": " ", "creator": null, "created": null, "updater": null, "updated": null, "sync_state": 0, "last_sync": 1765414802000, "Nm_Ruas": null, "Status": null, "Propinsi": null, "Kab_Kot": null, "Panjang": null, "Segmen": null, "Satwil": null }, "geometry": { "type": "Point", "coordinates": [ 107.42442051900008, -6.424990772999934 ] } },
{ "type": "Feature", "properties": { "orig_fid": 387, "id": 0, "objectid": 387, "kode_ruas": "cpp", "ruas": "Cikampek - Purwakarta - Padalarang", "kode_gt": "cpp_kalihurip_utama1", "nama": "GT KALIHURIP UTAMA 2", "seksi": 0, "sta": "67+000", "foto": " ", "layer": "Gerbang Tol", "koord_x": "107.424701972259", "koord_y": "-6.42906186831631", "jml_gardu": "13", "jmlgrdrvs": "13", "jml_lajur": "13", "panjang_m": "22.07", "luas_m": "383.98", "status": "Operasi", "sub_status": "Operasi Penuh", "region": "Non Trans", "bujt": "PT Jasa Marga (Persero) Tbk", "kodefikasi": "D03", "no": 3, "shape_leng": 0, "keterangan": " ", "creator": null, "created": null, "updater": null, "updated": null, "sync_state": 0, "last_sync": 1765414802000, "Nm_Ruas": null, "Status": null, "Propinsi": null, "Kab_Kot": null, "Panjang": null, "Segmen": null, "Satwil": null }, "geometry": { "type": "Point", "coordinates": [ 107.424701972000037, -6.429061867999962 ] } },
{ "type": "Feature", "properties": { "orig_fid": 388, "id": 289, "objectid": 388, "kode_ruas": "pbu", "ruas": "Pondok Aren - Serpong", "kode_gt": "pbu_pondok_aren1", "nama": "GT PONDOK AREN BARAT 1", "seksi": 0, "sta": "06+200", "foto": "http://gis.bpjt.pu.go.id/data/foto/gt/gtpondokare*", "layer": "Gerbang Tol", "koord_x": "106.726151913892", "koord_y": "-6.28931522220677", "jml_gardu": "4", "jmlgrdrvs": " ", "jml_lajur": "4", "panjang_m": " ", "luas_m": "351", "status": "Operasi", "sub_status": "Operasi Penuh", "region": "Jabodetabek", "bujt": "PT Bintaro Serpong Damai", "kodefikasi": "B07", "no": 1, "shape_leng": 0, "keterangan": "GT PONDOK AREN 1", "creator": null, "created": null, "updater": null, "updated": null, "sync_state": 0, "last_sync": 1765414802000, "Nm_Ruas": null, "Status": null, "Propinsi": null, "Kab_Kot": null, "Panjang": null, "Segmen": null, "Satwil": null }, "geometry": { "type": "Point", "coordinates": [ 106.72615191400007, -6.289315221999971 ] } },
{ "type": "Feature", "properties": { "orig_fid": 389, "id": 288, "objectid": 389, "kode_ruas": "pbu", "ruas": "Pondok Aren - Serpong", "kode_gt": "pbu_pondok_aren2", "nama": "GT PONDOK AREN BARAT 2", "seksi": 0, "sta": "06+200", "foto": "http://gis.bpjt.pu.go.id/data/foto/gt/gtpondokare*", "layer": "Gerbang Tol", "koord_x": "106.726581470483", "koord_y": "-6.28976495167357", "jml_gardu": "4", "jmlgrdrvs": " ", "jml_lajur": "4", "panjang_m": " ", "luas_m": "356,3", "status": "Operasi", "sub_status": "Operasi Penuh", "region": "Jabodetabek", "bujt": "PT Bintaro Serpong Damai", "kodefikasi": "B07", "no": 2, "shape_leng": 0, "keterangan": "GT PONDOK AREN 2", "creator": null, "created": null, "updater": null, "updated": null, "sync_state": 0, "last_sync": 1765414802000, "Nm_Ruas": null, "Status": null, "Propinsi": null, "Kab_Kot": null, "Panjang": null, "Segmen": null, "Satwil": null }, "geometry": { "type": "Point", "coordinates": [ 106.726581470000042, -6.289764951999928 ] } },
{ "type": "Feature", "properties": { "orig_fid": 390, "id": 280, "objectid": 390, "kode_ruas": "janger", "ruas": "Serpong-Kunciran", "kode_gt": "janger_kunciran1", "nama": "GT KUNCIRAN 1", "seksi": 1, "sta": " ", "foto": "http://gis.bpjt.pu.go.id/data/foto/gt/gtkunciran1*", "layer": "Gerbang Tol", "koord_x": "106.668677190084", "koord_y": "-6.22010146944429", "jml_gardu": " ", "jmlgrdrvs": " ", "jml_lajur": "4", "panjang_m": "84,94", "luas_m": "449,20", "status": "Operasi", "sub_status": "Operasi Penuh", "region": "Jabodetabek", "bujt": "PT. Marga Trans Nusantara", "kodefikasi": "B06", "no": 1, "shape_leng": 0, "keterangan": "GT KUNCIRAN 1", "creator": null, "created": null, "updater": null, "updated": null, "sync_state": 0, "last_sync": 1765414802000, "Nm_Ruas": null, "Status": null, "Propinsi": null, "Kab_Kot": null, "Panjang": null, "Segmen": null, "Satwil": null }, "geometry": { "type": "Point", "coordinates": [ 106.668677190000039, -6.220101468999928 ] } },
{ "type": "Feature", "properties": { "orig_fid": 391, "id": 281, "objectid": 391, "kode_ruas": "janger", "ruas": "Serpong-Kunciran", "kode_gt": "janger_kunciran2", "nama": "GT KUNCIRAN 2", "seksi": 1, "sta": " ", "foto": "http://gis.bpjt.pu.go.id/data/foto/gt/gtkunciran2*", "layer": "Gerbang Tol", "koord_x": "106.669175440045", "koord_y": "-6.21993141575945", "jml_gardu": " ", "jmlgrdrvs": " ", "jml_lajur": "4", "panjang_m": "90,46", "luas_m": "511,47", "status": "Operasi", "sub_status": "Operasi Penuh", "region": "Jabodetabek", "bujt": "PT. Marga Trans Nusantara", "kodefikasi": "B06", "no": 2, "shape_leng": 0, "keterangan": "GT KUNCIRAN 2", "creator": null, "created": null, "updater": null, "updated": null, "sync_state": 0, "last_sync": 1765414802000, "Nm_Ruas": null, "Status": null, "Propinsi": null, "Kab_Kot": null, "Panjang": null, "Segmen": null, "Satwil": null }, "geometry": { "type": "Point", "coordinates": [ 106.66917544000006, -6.219931415999952 ] } },
{ "type": "Feature", "properties": { "orig_fid": 392, "id": 432, "objectid": 392, "kode_ruas": "kunsep", "ruas": "Serpong-Kunciran", "kode_gt": "kunsep_jelupang", "nama": "GT JELUMPANG", "seksi": 1, "sta": " ", "foto": "http://gis.bpjt.pu.go.id/data/foto/gt/gtjelupang.*", "layer": "Gerbang Tol", "koord_x": "106.674939017529", "koord_y": "-6.2670015985646", "jml_gardu": " ", "jmlgrdrvs": " ", "jml_lajur": "8", "panjang_m": "124,25", "luas_m": "864,55", "status": "Operasi", "sub_status": "Operasi Penuh", "region": "Jabodetabek", "bujt": "PT. Marga Trans Nusantara", "kodefikasi": "B06", "no": 3, "shape_leng": 0, "keterangan": "GT JELUPANG", "creator": null, "created": null, "updater": null, "updated": null, "sync_state": 0, "last_sync": 1765414802000, "Nm_Ruas": null, "Status": null, "Propinsi": null, "Kab_Kot": null, "Panjang": null, "Segmen": null, "Satwil": null }, "geometry": { "type": "Point", "coordinates": [ 106.674939018000089, -6.267001598999968 ] } },
{ "type": "Feature", "properties": { "orig_fid": 393, "id": 426, "objectid": 393, "kode_ruas": "kunsep", "ruas": "Serpong-Kunciran", "kode_gt": "kunsep_parigi", "nama": "GT PARIGI", "seksi": 1, "sta": " ", "foto": "http://gis.bpjt.pu.go.id/data/foto/gt/gtparigi.jpg", "layer": "Gerbang Tol", "koord_x": "106.685534203818", "koord_y": "-6.26692009343001", "jml_gardu": " ", "jmlgrdrvs": " ", "jml_lajur": "10", "panjang_m": "145,23", "luas_m": "1082,37", "status": "Operasi", "sub_status": "Operasi Penuh", "region": "Jabodetabek", "bujt": "PT. Marga Trans Nusantara", "kodefikasi": "B06", "no": 4, "shape_leng": 0, "keterangan": "GT PARIGI", "creator": null, "created": null, "updater": null, "updated": null, "sync_state": 0, "last_sync": 1765414802000, "Nm_Ruas": null, "Status": null, "Propinsi": null, "Kab_Kot": null, "Panjang": null, "Segmen": null, "Satwil": null }, "geometry": { "type": "Point", "coordinates": [ 106.685534204000078, -6.266920092999953 ] } },
{ "type": "Feature", "properties": { "orig_fid": 394, "id": 439, "objectid": 394, "kode_ruas": "kunsep", "ruas": "Serpong-Kunciran", "kode_gt": "kunsep_serpong3", "nama": "GT SERPONG 3", "seksi": 1, "sta": " ", "foto": "http://gis.bpjt.pu.go.id/data/foto/gt/gtserpong3.*", "layer": "Gerbang Tol", "koord_x": "106.699362309309", "koord_y": "-6.30402025302018", "jml_gardu": " ", "jmlgrdrvs": " ", "jml_lajur": "6", "panjang_m": "88,17", "luas_m": "485,59", "status": "Operasi", "sub_status": "Operasi Penuh", "region": "Jabodetabek", "bujt": "PT. Marga Trans Nusantara", "kodefikasi": "B06", "no": 5, "shape_leng": 0, "keterangan": "GT SERPONG 3", "creator": null, "created": null, "updater": null, "updated": null, "sync_state": 0, "last_sync": 1765414802000, "Nm_Ruas": null, "Status": null, "Propinsi": null, "Kab_Kot": null, "Panjang": null, "Segmen": null, "Satwil": null }, "geometry": { "type": "Point", "coordinates": [ 106.699362309000037, -6.304020252999976 ] } },
{ "type": "Feature", "properties": { "orig_fid": 395, "id": 438, "objectid": 395, "kode_ruas": "kunsep", "ruas": "Serpong-Kunciran", "kode_gt": "kunsep_serpong2", "nama": "GT SERPONG 2", "seksi": 1, "sta": " ", "foto": "http://gis.bpjt.pu.go.id/data/foto/gt/gtserpong2.*", "layer": "Gerbang Tol", "koord_x": "106.70013361137", "koord_y": "-6.30201058213919", "jml_gardu": " ", "jmlgrdrvs": " ", "jml_lajur": "4", "panjang_m": "95,53", "luas_m": "566,03", "status": "Operasi", "sub_status": "Operasi Penuh", "region": "Jabodetabek", "bujt": "PT. Marga Trans Nusantara", "kodefikasi": "B06", "no": 6, "shape_leng": 0, "keterangan": "GT SERPONG 2", "creator": null, "created": null, "updater": null, "updated": null, "sync_state": 0, "last_sync": 1765414802000, "Nm_Ruas": null, "Status": null, "Propinsi": null, "Kab_Kot": null, "Panjang": null, "Segmen": null, "Satwil": null }, "geometry": { "type": "Point", "coordinates": [ 106.700133611000069, -6.30201058199998 ] } },
{ "type": "Feature", "properties": { "orig_fid": 396, "id": 427, "objectid": 396, "kode_ruas": "kunsep", "ruas": "Serpong-Kunciran", "kode_gt": "kunsep_serpong4", "nama": "GT SERPONG 4", "seksi": 1, "sta": " ", "foto": "http://gis.bpjt.pu.go.id/data/foto/gt/gtserpong4.*", "layer": "Gerbang Tol", "koord_x": "106.700610235317", "koord_y": "-6.30185326945321", "jml_gardu": " ", "jmlgrdrvs": " ", "jml_lajur": "5", "panjang_m": "96,54", "luas_m": "579,60", "status": "Operasi", "sub_status": "Operasi Penuh", "region": "Jabodetabek", "bujt": "PT. Marga Trans Nusantara", "kodefikasi": "B06", "no": 7, "shape_leng": 0, "keterangan": "GT SERPONG 4", "creator": null, "created": null, "updater": null, "updated": null, "sync_state": 0, "last_sync": 1765414802000, "Nm_Ruas": null, "Status": null, "Propinsi": null, "Kab_Kot": null, "Panjang": null, "Segmen": null, "Satwil": null }, "geometry": { "type": "Point", "coordinates": [ 106.700610235000056, -6.301853268999935 ] } },
{ "type": "Feature", "properties": { "orig_fid": 397, "id": 433, "objectid": 397, "kode_ruas": "pbu", "ruas": "Serpong-Kunciran", "kode_gt": "pbu_serpong", "nama": "GT SERPONG 1", "seksi": 1, "sta": " ", "foto": "http://gis.bpjt.pu.go.id/data/foto/gt/gtserpong.j*", "layer": "Gerbang Tol", "koord_x": "106.703865311066", "koord_y": "-6.30076653577509", "jml_gardu": " ", "jmlgrdrvs": " ", "jml_lajur": "6", "panjang_m": "78,02", "luas_m": "550,33", "status": "Operasi", "sub_status": "Operasi Penuh", "region": "Jabodetabek", "bujt": "PT. Marga Trans Nusantara", "kodefikasi": "B06", "no": 8, "shape_leng": 0, "keterangan": "GT SERPONG", "creator": null, "created": null, "updater": null, "updated": null, "sync_state": 0, "last_sync": 1765414802000, "Nm_Ruas": null, "Status": null, "Propinsi": null, "Kab_Kot": null, "Panjang": null, "Segmen": null, "Satwil": null }, "geometry": { "type": "Point", "coordinates": [ 106.703865311000072, -6.300766535999969 ] } },
{ "type": "Feature", "properties": { "orig_fid": 398, "id": 0, "objectid": 398, "kode_ruas": " ", "ruas": "Serang - Panimbang", "kode_gt": " ", "nama": "GT CIKEUSAL", "seksi": 1, "sta": "0+500", "foto": " ", "layer": "Gerbang Tol", "koord_x": "106.259247192594", "koord_y": "-6.21496888090646", "jml_gardu": "6", "jmlgrdrvs": "0", "jml_lajur": "5", "panjang_m": "24,32", "luas_m": "811,73", "status": "Konstruksi", "sub_status": "Pekerjaan Fisik", "region": "Non Trans", "bujt": "PT. Wijaya Karya Serang Panimbang", "kodefikasi": "D02", "no": 1, "shape_leng": 0, "keterangan": " ", "creator": null, "created": null, "updater": null, "updated": null, "sync_state": 0, "last_sync": 1765414802000, "Nm_Ruas": null, "Status": null, "Propinsi": null, "Kab_Kot": null, "Panjang": null, "Segmen": null, "Satwil": null }, "geometry": { "type": "Point", "coordinates": [ 106.259247193000078, -6.214968880999947 ] } },
{ "type": "Feature", "properties": { "orig_fid": 399, "id": 0, "objectid": 399, "kode_ruas": " ", "ruas": "Serang - Panimbang", "kode_gt": " ", "nama": "GT PETIR", "seksi": 1, "sta": "0+550", "foto": " ", "layer": "Gerbang Tol", "koord_x": "106.254801778337", "koord_y": "-6.28658094415599", "jml_gardu": "6", "jmlgrdrvs": "0", "jml_lajur": "5", "panjang_m": "35,42", "luas_m": "974,05", "status": "Konstruksi", "sub_status": "Pekerjaan Fisik", "region": "Non Trans", "bujt": "PT. Wijaya Karya Serang Panimbang", "kodefikasi": "D02", "no": 2, "shape_leng": 0, "keterangan": " ", "creator": null, "created": null, "updater": null, "updated": null, "sync_state": 0, "last_sync": 1765414802000, "Nm_Ruas": null, "Status": null, "Propinsi": null, "Kab_Kot": null, "Panjang": null, "Segmen": null, "Satwil": null }, "geometry": { "type": "Point", "coordinates": [ 106.254801778000058, -6.286580943999979 ] } },
{ "type": "Feature", "properties": { "orig_fid": 400, "id": 0, "objectid": 400, "kode_ruas": " ", "ruas": "Serang - Panimbang", "kode_gt": " ", "nama": "GT CILELES", "seksi": 2, "sta": "0+250", "foto": " ", "layer": "Gerbang Tol", "koord_x": "106.059690729737", "koord_y": "-6.47340995748762", "jml_gardu": "9", "jmlgrdrvs": "0", "jml_lajur": "8", "panjang_m": "27,73", "luas_m": "530,04", "status": "Konstruksi", "sub_status": "Pekerjaan Fisik", "region": "Non Trans", "bujt": "PT. Wijaya Karya Serang Panimbang", "kodefikasi": "D02", "no": 4, "shape_leng": 0, "keterangan": " ", "creator": null, "created": null, "updater": null, "updated": null, "sync_state": 0, "last_sync": 1765414802000, "Nm_Ruas": null, "Status": null, "Propinsi": null, "Kab_Kot": null, "Panjang": null, "Segmen": null, "Satwil": null }, "geometry": { "type": "Point", "coordinates": [ 106.059690730000057, -6.473409956999944 ] } },
{ "type": "Feature", "properties": { "orig_fid": 401, "id": 0, "objectid": 401, "kode_ruas": " ", "ruas": "Serang - Panimbang", "kode_gt": " ", "nama": "GT CIKULUR", "seksi": 2, "sta": "0+425", "foto": " ", "layer": "Gerbang Tol", "koord_x": "106.15263160136", "koord_y": "-6.41826052245267", "jml_gardu": "9", "jmlgrdrvs": "0", "jml_lajur": "8", "panjang_m": "30,29", "luas_m": "537,41", "status": "Konstruksi", "sub_status": "Pekerjaan Fisik", "region": "Non Trans", "bujt": "PT. Wijaya Karya Serang Panimbang", "kodefikasi": "D02", "no": 5, "shape_leng": 0, "keterangan": " ", "creator": null, "created": null, "updater": null, "updated": null, "sync_state": 0, "last_sync": 1765414802000, "Nm_Ruas": null, "Status": null, "Propinsi": null, "Kab_Kot": null, "Panjang": null, "Segmen": null, "Satwil": null }, "geometry": { "type": "Point", "coordinates": [ 106.152631601000053, -6.418260521999969 ] } },
{ "type": "Feature", "properties": { "orig_fid": 402, "id": 0, "objectid": 402, "kode_ruas": " ", "ruas": "Serang - Panimbang", "kode_gt": " ", "nama": "GT RANGKASBITUNG", "seksi": 2, "sta": "1+250", "foto": " ", "layer": "Gerbang Tol", "koord_x": "106.22203664843", "koord_y": "-6.35002786039272", "jml_gardu": "12", "jmlgrdrvs": "0", "jml_lajur": "11", "panjang_m": "31,28", "luas_m": "657,15", "status": "Konstruksi", "sub_status": "Pekerjaan Fisik", "region": "Non Trans", "bujt": "PT. Wijaya Karya Serang Panimbang", "kodefikasi": "D02", "no": 3, "shape_leng": 0, "keterangan": " ", "creator": null, "created": null, "updater": null, "updated": null, "sync_state": 0, "last_sync": 1765414802000, "Nm_Ruas": null, "Status": null, "Propinsi": null, "Kab_Kot": null, "Panjang": null, "Segmen": null, "Satwil": null }, "geometry": { "type": "Point", "coordinates": [ 106.222036648000085, -6.350027859999955 ] } },
{ "type": "Feature", "properties": { "orig_fid": 403, "id": 426, "objectid": 403, "kode_ruas": "bakter", "ruas": "Bakauheni - Terbanggi Besar", "kode_gt": "bakter_gunungsugih", "nama": "GT GUNUNG SUGIH", "seksi": 4, "sta": "9+350", "foto": "http://gis.bpjt.pu.go.id/data/foto/gt/gtgunungsug*", "layer": "Gerbang Tol", "koord_x": "105.222142027584", "koord_y": "-4.95921947279402", "jml_gardu": "4", "jmlgrdrvs": " ", "jml_lajur": " ", "panjang_m": " ", "luas_m": " ", "status": "Operasi", "sub_status": "Operasi Penuh", "region": "Trans Sumatera", "bujt": "PT Hutama Karya (Persero)", "kodefikasi": "C15", "no": 11, "shape_leng": 0, "keterangan": "GT GUNUNG SUGIH", "creator": null, "created": null, "updater": null, "updated": null, "sync_state": 0, "last_sync": 1765414802000, "Nm_Ruas": null, "Status": null, "Propinsi": null, "Kab_Kot": null, "Panjang": null, "Segmen": null, "Satwil": null }, "geometry": { "type": "Point", "coordinates": [ 105.222142028000064, -4.959219472999962 ] } },
{ "type": "Feature", "properties": { "orig_fid": 404, "id": 431, "objectid": 404, "kode_ruas": "bakter", "ruas": "Bakauheni - Terbanggi Besar", "kode_gt": "bakter_terbanggibesar", "nama": "GT TERBANGGI BESAR", "seksi": 4, "sta": "9+425", "foto": "http://gis.bpjt.pu.go.id/data/foto/gt/gtterbanggi*", "layer": "Gerbang Tol", "koord_x": "105.225200713519", "koord_y": "-4.88185663669429", "jml_gardu": "4", "jmlgrdrvs": " ", "jml_lajur": " ", "panjang_m": " ", "luas_m": " ", "status": "Operasi", "sub_status": "Operasi Penuh", "region": "Trans Sumatera", "bujt": "PT Hutama Karya (Persero)", "kodefikasi": "C15", "no": 12, "shape_leng": 0, "keterangan": "GT TERBANGGI BESAR", "creator": null, "created": null, "updater": null, "updated": null, "sync_state": 0, "last_sync": 1765414802000, "Nm_Ruas": null, "Status": null, "Propinsi": null, "Kab_Kot": null, "Panjang": null, "Segmen": null, "Satwil": null }, "geometry": { "type": "Point", "coordinates": [ 105.225200714000039, -4.881856636999942 ] } },
{ "type": "Feature", "properties": { "orig_fid": 405, "id": 382, "objectid": 405, "kode_ruas": "bakter", "ruas": "Bakauheni - Terbanggi Besar", "kode_gt": "bakter_bakauheni_utara", "nama": "GT BAKAUHENI UTARA", "seksi": 1, "sta": "0+500", "foto": "http://gis.bpjt.pu.go.id/data/foto/gt/gtbakauheni*", "layer": "Gerbang Tol", "koord_x": "105.726361260633", "koord_y": "-5.80673472767438", "jml_gardu": "4", "jmlgrdrvs": " ", "jml_lajur": " ", "panjang_m": " ", "luas_m": " ", "status": "Operasi", "sub_status": "Operasi Penuh", "region": "Trans Sumatera", "bujt": "PT Hutama Karya (Persero)", "kodefikasi": "C15", "no": 3, "shape_leng": 0, "keterangan": "GT BAKAUHENI UTARA", "creator": null, "created": null, "updater": null, "updated": null, "sync_state": 0, "last_sync": 1765414802000, "Nm_Ruas": null, "Status": null, "Propinsi": null, "Kab_Kot": null, "Panjang": null, "Segmen": null, "Satwil": null }, "geometry": { "type": "Point", "coordinates": [ 105.726361261000079, -5.806734727999981 ] } },
{ "type": "Feature", "properties": { "orig_fid": 406, "id": 418, "objectid": 406, "kode_ruas": "bakter", "ruas": "Bakauheni - Terbanggi Besar", "kode_gt": "bakter_pel_bakauheni", "nama": "GT PELABUHAN", "seksi": 1, "sta": "-0+460", "foto": "http://gis.bpjt.pu.go.id/data/foto/gt/gtpelabuhan*", "layer": "Gerbang Tol", "koord_x": "105.755429284129", "koord_y": "-5.86653405655982", "jml_gardu": "0", "jmlgrdrvs": " ", "jml_lajur": " ", "panjang_m": " ", "luas_m": " ", "status": "Operasi", "sub_status": "Operasi Penuh", "region": "Trans Sumatera", "bujt": "PT Hutama Karya (Persero)", "kodefikasi": "C15", "no": 1, "shape_leng": 0, "keterangan": "GT PELABUHAN BAKAUHENI", "creator": null, "created": null, "updater": null, "updated": null, "sync_state": 0, "last_sync": 1765414802000, "Nm_Ruas": null, "Status": null, "Propinsi": null, "Kab_Kot": null, "Panjang": null, "Segmen": null, "Satwil": null }, "geometry": { "type": "Point", "coordinates": [ 105.755429284000058, -5.866534056999967 ] } },
{ "type": "Feature", "properties": { "orig_fid": 407, "id": 328, "objectid": 407, "kode_ruas": "bakter", "ruas": "Bakauheni - Terbanggi Besar", "kode_gt": "bakter_bakauheuni_selatan", "nama": "GT BAKAUHENI SELATAN", "seksi": 1, "sta": "4+400", "foto": "http://gis.bpjt.pu.go.id/data/foto/gt/gtbakauheni*", "layer": "Gerbang Tol", "koord_x": "105.728025899732", "koord_y": "-5.84283713196748", "jml_gardu": "8", "jmlgrdrvs": " ", "jml_lajur": " ", "panjang_m": " ", "luas_m": " ", "status": "Operasi", "sub_status": "Operasi Penuh", "region": "Trans Sumatera", "bujt": "PT Hutama Karya (Persero)", "kodefikasi": "C15", "no": 2, "shape_leng": 0, "keterangan": "GT BAKAUHENI SELATAN", "creator": null, "created": null, "updater": null, "updated": null, "sync_state": 0, "last_sync": 1765414802000, "Nm_Ruas": null, "Status": null, "Propinsi": null, "Kab_Kot": null, "Panjang": null, "Segmen": null, "Satwil": null }, "geometry": { "type": "Point", "coordinates": [ 105.728025900000034, -5.842837131999943 ] } },
{ "type": "Feature", "properties": { "orig_fid": 408, "id": 425, "objectid": 408, "kode_ruas": "bakter", "ruas": "Bakauheni - Terbanggi Besar", "kode_gt": "bakter_kalianda", "nama": "GT KALIANDA", "seksi": 1, "sta": "1+150", "foto": "http://gis.bpjt.pu.go.id/data/foto/gt/gtkalianda.*", "layer": "Gerbang Tol", "koord_x": "105.617603242894", "koord_y": "-5.69355792024746", "jml_gardu": "4", "jmlgrdrvs": " ", "jml_lajur": " ", "panjang_m": " ", "luas_m": " ", "status": "Operasi", "sub_status": "Operasi Penuh", "region": "Trans Sumatera", "bujt": "PT Hutama Karya (Persero)", "kodefikasi": "C15", "no": 4, "shape_leng": 0, "keterangan": "GT KALIANDA", "creator": null, "created": null, "updater": null, "updated": null, "sync_state": 0, "last_sync": 1765414802000, "Nm_Ruas": null, "Status": null, "Propinsi": null, "Kab_Kot": null, "Panjang": null, "Segmen": null, "Satwil": null }, "geometry": { "type": "Point", "coordinates": [ 105.617603243000076, -5.693557919999932 ] } },
{ "type": "Feature", "properties": { "orig_fid": 409, "id": 428, "objectid": 409, "kode_ruas": "bakter", "ruas": "Bakauheni - Terbanggi Besar", "kode_gt": "bakter_sidomulyo", "nama": "GT SIDOMULYO", "seksi": 1, "sta": "2+950", "foto": "http://gis.bpjt.pu.go.id/data/foto/gt/gtsidomulyo*", "layer": "Gerbang Tol", "koord_x": "105.547831528148", "koord_y": "-5.61211403556868", "jml_gardu": "4", "jmlgrdrvs": " ", "jml_lajur": " ", "panjang_m": " ", "luas_m": " ", "status": "Operasi", "sub_status": "Operasi Penuh", "region": "Trans Sumatera", "bujt": "PT Hutama Karya (Persero)", "kodefikasi": "C15", "no": 5, "shape_leng": 0, "keterangan": "GT SIDOMULYO", "creator": null, "created": null, "updater": null, "updated": null, "sync_state": 0, "last_sync": 1765414802000, "Nm_Ruas": null, "Status": null, "Propinsi": null, "Kab_Kot": null, "Panjang": null, "Segmen": null, "Satwil": null }, "geometry": { "type": "Point", "coordinates": [ 105.547831528000074, -5.61211403599998 ] } },
{ "type": "Feature", "properties": { "orig_fid": 410, "id": 280, "objectid": 410, "kode_ruas": "bakter", "ruas": "Bakauheni - Terbanggi Besar", "kode_gt": "bakter_lematang", "nama": "GT LEMATANG", "seksi": 2, "sta": "0+375", "foto": "http://gis.bpjt.pu.go.id/data/foto/gt/gtlematang.*", "layer": "Gerbang Tol", "koord_x": "105.346799857604", "koord_y": "-5.40526639841518", "jml_gardu": "6", "jmlgrdrvs": " ", "jml_lajur": " ", "panjang_m": " ", "luas_m": " ", "status": "Operasi", "sub_status": "Operasi Penuh", "region": "Trans Sumatera", "bujt": "PT Hutama Karya (Persero)", "kodefikasi": "C15", "no": 6, "shape_leng": 0, "keterangan": "GT LEMATANG", "creator": null, "created": null, "updater": null, "updated": null, "sync_state": 0, "last_sync": 1765414802000, "Nm_Ruas": null, "Status": null, "Propinsi": null, "Kab_Kot": null, "Panjang": null, "Segmen": null, "Satwil": null }, "geometry": { "type": "Point", "coordinates": [ 105.346799858000054, -5.405266397999981 ] } },
{ "type": "Feature", "properties": { "orig_fid": 411, "id": 279, "objectid": 411, "kode_ruas": "bakter", "ruas": "Bakauheni - Terbanggi Besar", "kode_gt": "bakter_kotabaru", "nama": "GT KOTABARU", "seksi": 2, "sta": "0+750", "foto": "http://gis.bpjt.pu.go.id/data/foto/gt/gtkotabaru.*", "layer": "Gerbang Tol", "koord_x": "105.327425650077", "koord_y": "-5.3582789890752", "jml_gardu": "7", "jmlgrdrvs": " ", "jml_lajur": " ", "panjang_m": " ", "luas_m": " ", "status": "Operasi", "sub_status": "Operasi Penuh", "region": "Trans Sumatera", "bujt": "PT Hutama Karya (Persero)", "kodefikasi": "C15", "no": 7, "shape_leng": 0, "keterangan": "GT KOTABARU", "creator": null, "created": null, "updater": null, "updated": null, "sync_state": 0, "last_sync": 1765414802000, "Nm_Ruas": null, "Status": null, "Propinsi": null, "Kab_Kot": null, "Panjang": null, "Segmen": null, "Satwil": null }, "geometry": { "type": "Point", "coordinates": [ 105.327425650000066, -5.358278988999928 ] } },
{ "type": "Feature", "properties": { "orig_fid": 412, "id": 413, "objectid": 412, "kode_ruas": "bakter", "ruas": "Bakauheni - Terbanggi Besar", "kode_gt": "bakter_natar", "nama": "GT NATAR", "seksi": 3, "sta": "2+475", "foto": "http://gis.bpjt.pu.go.id/data/foto/gt/gtnatar.jpg", "layer": "Gerbang Tol", "koord_x": "105.210289471495", "koord_y": "-5.27737416587302", "jml_gardu": "6", "jmlgrdrvs": " ", "jml_lajur": " ", "panjang_m": " ", "luas_m": " ", "status": "Operasi", "sub_status": "Operasi Penuh", "region": "Trans Sumatera", "bujt": "PT Hutama Karya (Persero)", "kodefikasi": "C15", "no": 8, "shape_leng": 0, "keterangan": "GT NATAR", "creator": null, "created": null, "updater": null, "updated": null, "sync_state": 0, "last_sync": 1765414802000, "Nm_Ruas": null, "Status": null, "Propinsi": null, "Kab_Kot": null, "Panjang": null, "Segmen": null, "Satwil": null }, "geometry": { "type": "Point", "coordinates": [ 105.210289471000067, -5.277374165999959 ] } },
{ "type": "Feature", "properties": { "orig_fid": 413, "id": 430, "objectid": 413, "kode_ruas": "bakter", "ruas": "Bakauheni - Terbanggi Besar", "kode_gt": "bakter_tegineneng_timur", "nama": "GT TEGINENENG TIMUR", "seksi": 3, "sta": "0+500", "foto": "http://gis.bpjt.pu.go.id/data/foto/gt/gtteginenen*", "layer": "Gerbang Tol", "koord_x": "105.219830435488", "koord_y": "-5.1688304488449", "jml_gardu": "4", "jmlgrdrvs": " ", "jml_lajur": " ", "panjang_m": " ", "luas_m": " ", "status": "Operasi", "sub_status": "Operasi Penuh", "region": "Trans Sumatera", "bujt": "PT Hutama Karya (Persero)", "kodefikasi": "C15", "no": 9, "shape_leng": 0, "keterangan": "GT TEGINENENG TIMUR", "creator": null, "created": null, "updater": null, "updated": null, "sync_state": 0, "last_sync": 1765414802000, "Nm_Ruas": null, "Status": null, "Propinsi": null, "Kab_Kot": null, "Panjang": null, "Segmen": null, "Satwil": null }, "geometry": { "type": "Point", "coordinates": [ 105.219830435000063, -5.168830448999927 ] } },
{ "type": "Feature", "properties": { "orig_fid": 414, "id": 429, "objectid": 414, "kode_ruas": "bakter", "ruas": "Bakauheni - Terbanggi Besar", "kode_gt": "bakter_tegineneng_barat", "nama": "GT TEGINENENG BARAT", "seksi": 3, "sta": "0+850", "foto": "http://gis.bpjt.pu.go.id/data/foto/gt/gtteginenen*", "layer": "Gerbang Tol", "koord_x": "105.187978973125", "koord_y": "-5.15874709172442", "jml_gardu": "4", "jmlgrdrvs": " ", "jml_lajur": " ", "panjang_m": " ", "luas_m": " ", "status": "Operasi", "sub_status": "Operasi Penuh", "region": "Trans Sumatera", "bujt": "PT Hutama Karya (Persero)", "kodefikasi": "C15", "no": 10, "shape_leng": 0, "keterangan": "GT TEGINENENG BARAT", "creator": null, "created": null, "updater": null, "updated": null, "sync_state": 0, "last_sync": 1765414802000, "Nm_Ruas": null, "Status": null, "Propinsi": null, "Kab_Kot": null, "Panjang": null, "Segmen": null, "Satwil": null }, "geometry": { "type": "Point", "coordinates": [ 105.187978973000043, -5.158747091999942 ] } },
{ "type": "Feature", "properties": { "orig_fid": 415, "id": 0, "objectid": 415, "kode_ruas": " ", "ruas": "Cileunyi - Sumedang - Dawuan", "kode_gt": " ", "nama": "GT LEGOK", "seksi": 4, "sta": " ", "foto": " ", "layer": "Gerbang Tol", "koord_x": "108.000616846839", "koord_y": "-6.78261129081086", "jml_gardu": "6", "jmlgrdrvs": " ", "jml_lajur": "2", "panjang_m": " ", "luas_m": " ", "status": "Konstruksi", "sub_status": "Pekerjaan Fisik", "region": "Non Trans", "bujt": "PT Citra Karya Jabar Tol", "kodefikasi": "D10", "no": 2, "shape_leng": 0, "keterangan": " ", "creator": null, "created": null, "updater": null, "updated": null, "sync_state": 0, "last_sync": 1765414802000, "Nm_Ruas": null, "Status": null, "Propinsi": null, "Kab_Kot": null, "Panjang": null, "Segmen": null, "Satwil": null }, "geometry": { "type": "Point", "coordinates": [ 108.00061684700006, -6.782611290999967 ] } },
{ "type": "Feature", "properties": { "orig_fid": 416, "id": 0, "objectid": 416, "kode_ruas": " ", "ruas": "Cileunyi - Sumedang - Dawuan", "kode_gt": " ", "nama": "GT UJUNGJAYA", "seksi": 6, "sta": " ", "foto": " ", "layer": "Gerbang Tol", "koord_x": "108.09092993344", "koord_y": "-6.71652355127839", "jml_gardu": "6", "jmlgrdrvs": " ", "jml_lajur": "2", "panjang_m": " ", "luas_m": " ", "status": "Konstruksi", "sub_status": "Pekerjaan Fisik", "region": "Non Trans", "bujt": "PT Citra Karya Jabar Tol", "kodefikasi": "D10", "no": 3, "shape_leng": 0, "keterangan": " ", "creator": null, "created": null, "updater": null, "updated": null, "sync_state": 0, "last_sync": 1765414802000, "Nm_Ruas": null, "Status": null, "Propinsi": null, "Kab_Kot": null, "Panjang": null, "Segmen": null, "Satwil": null }, "geometry": { "type": "Point", "coordinates": [ 108.090929933000041, -6.716523550999966 ] } },
{ "type": "Feature", "properties": { "orig_fid": 417, "id": 0, "objectid": 417, "kode_ruas": " ", "ruas": "Cileunyi - Sumedang - Dawuan", "kode_gt": " ", "nama": "GT DAWUAN", "seksi": 6, "sta": " ", "foto": " ", "layer": "Gerbang Tol", "koord_x": "108.112935866303", "koord_y": "-6.69124776203697", "jml_gardu": "6", "jmlgrdrvs": " ", "jml_lajur": " ", "panjang_m": " ", "luas_m": " ", "status": "Konstruksi", "sub_status": "Pekerjaan Fisik", "region": "Non Trans", "bujt": "PT Citra Karya Jabar Tol", "kodefikasi": "D10", "no": 4, "shape_leng": 0, "keterangan": " ", "creator": null, "created": null, "updater": null, "updated": null, "sync_state": 0, "last_sync": 1765414802000, "Nm_Ruas": null, "Status": null, "Propinsi": null, "Kab_Kot": null, "Panjang": null, "Segmen": null, "Satwil": null }, "geometry": { "type": "Point", "coordinates": [ 108.112935866000043, -6.691247761999932 ] } },
{ "type": "Feature", "properties": { "orig_fid": 418, "id": 0, "objectid": 418, "kode_ruas": " ", "ruas": "Cileunyi - Sumedang - Dawuan", "kode_gt": " ", "nama": "GT CIMALAKA", "seksi": 3, "sta": " ", "foto": " ", "layer": "Gerbang Tol", "koord_x": "107.940420965987", "koord_y": "-6.80177024379994", "jml_gardu": "6", "jmlgrdrvs": " ", "jml_lajur": "2", "panjang_m": " ", "luas_m": " ", "status": "Konstruksi", "sub_status": "Menunggu ULF", "region": "Non Trans", "bujt": "PT Citra Karya Jabar Tol", "kodefikasi": "D10", "no": 1, "shape_leng": 0, "keterangan": " ", "creator": null, "created": null, "updater": null, "updated": null, "sync_state": 0, "last_sync": 1765414802000, "Nm_Ruas": null, "Status": null, "Propinsi": null, "Kab_Kot": null, "Panjang": null, "Segmen": null, "Satwil": null }, "geometry": { "type": "Point", "coordinates": [ 107.940420966000033, -6.801770243999954 ] } },
{ "type": "Feature", "properties": { "orig_fid": 419, "id": 3, "objectid": 419, "kode_ruas": "klbm", "ruas": "Krian Legundi Bunder Manyar", "kode_gt": "klbm_lebani_gresik", "nama": "GT LEBANI GRESIK", "seksi": 1, "sta": " ", "foto": "http://gis.bpjt.pu.go.id/data/foto/gt/gtlebanigre*", "layer": "Gerbang Tol", "koord_x": "112.544898586803", "koord_y": "-7.38931709268557", "jml_gardu": "Entrance : 5 , Exit : 4", "jmlgrdrvs": " ", "jml_lajur": " ", "panjang_m": " ", "luas_m": "1700", "status": "Operasi", "sub_status": "Operasi", "region": "Non Trans", "bujt": "PT Waskita Bumi Wira", "kodefikasi": "D17", "no": 1, "shape_leng": 0, "keterangan": "GT LEBANI GRESIK", "creator": null, "created": null, "updater": null, "updated": null, "sync_state": 0, "last_sync": 1765414802000, "Nm_Ruas": null, "Status": null, "Propinsi": null, "Kab_Kot": null, "Panjang": null, "Segmen": null, "Satwil": null }, "geometry": { "type": "Point", "coordinates": [ 112.544898587000034, -7.389317092999931 ] } },
{ "type": "Feature", "properties": { "orig_fid": 420, "id": 2, "objectid": 420, "kode_ruas": "klbm", "ruas": "Krian Legundi bunder Manyar", "kode_gt": "klbm_kedamean", "nama": "GT EXIT BELAHANREJO", "seksi": 1, "sta": " ", "foto": "http://gis.bpjt.pu.go.id/data/foto/gt/gtkedamaian*", "layer": "Gerbang Tol", "koord_x": "112.534247637536", "koord_y": "-7.32980353168239", "jml_gardu": "3", "jmlgrdrvs": " ", "jml_lajur": " ", "panjang_m": " ", "luas_m": "411", "status": "Operasi", "sub_status": "Operasi", "region": "Non Trans", "bujt": "PT Waskita Bumi Wira", "kodefikasi": "D17", "no": 2, "shape_leng": 0, "keterangan": "GT KEDAMAIAN", "creator": null, "created": null, "updater": null, "updated": null, "sync_state": 0, "last_sync": 1765414802000, "Nm_Ruas": null, "Status": null, "Propinsi": null, "Kab_Kot": null, "Panjang": null, "Segmen": null, "Satwil": null }, "geometry": { "type": "Point", "coordinates": [ 112.534247638000011, -7.329803531999971 ] } },
{ "type": "Feature", "properties": { "orig_fid": 421, "id": 0, "objectid": 421, "kode_ruas": "klbm", "ruas": "Krian Legundi Bunder Manyar", "kode_gt": "klbm_belahanrejo", "nama": "GT ENTRANCE BELAHANREJO", "seksi": 1, "sta": " ", "foto": " ", "layer": "Gerbang Tol", "koord_x": "112.533647937762", "koord_y": "-7.32920613619498", "jml_gardu": "2", "jmlgrdrvs": " ", "jml_lajur": " ", "panjang_m": " ", "luas_m": "355", "status": "Operasi", "sub_status": "Operasi", "region": "Non Trans", "bujt": "PT Waskita Bumi Wira", "kodefikasi": "D17", "no": 3, "shape_leng": 0, "keterangan": " ", "creator": null, "created": null, "updater": null, "updated": null, "sync_state": 0, "last_sync": 1765414802000, "Nm_Ruas": null, "Status": null, "Propinsi": null, "Kab_Kot": null, "Panjang": null, "Segmen": null, "Satwil": null }, "geometry": { "type": "Point", "coordinates": [ 112.533647938000058, -7.329206135999925 ] } },
{ "type": "Feature", "properties": { "orig_fid": 423, "id": 458, "objectid": 423, "kode_ruas": "klbm", "ruas": "Krian Legundi Bunder Manyar", "kode_gt": "klbm_cerme", "nama": "GT EXIT CERME", "seksi": 3, "sta": " ", "foto": "http://gis.bpjt.pu.go.id/data/foto/gt/gtcerme.jpg", "layer": "Gerbang Tol", "koord_x": "112.574343689798", "koord_y": "-7.21660894106369", "jml_gardu": "3", "jmlgrdrvs": " ", "jml_lajur": " ", "panjang_m": " ", "luas_m": "434", "status": "Operasi", "sub_status": "Operasi", "region": "Non Trans", "bujt": "PT Waskita Bumi Wira", "kodefikasi": "D17", "no": 5, "shape_leng": 0, "keterangan": "GT CERME", "creator": null, "created": null, "updater": null, "updated": null, "sync_state": 0, "last_sync": 1765414802000, "Nm_Ruas": null, "Status": null, "Propinsi": null, "Kab_Kot": null, "Panjang": null, "Segmen": null, "Satwil": null }, "geometry": { "type": "Point", "coordinates": [ 112.574343690000092, -7.216608940999947 ] } },
{ "type": "Feature", "properties": { "orig_fid": 424, "id": 0, "objectid": 424, "kode_ruas": "klbm", "ruas": "Krian Legundi Bunder Manyar", "kode_gt": "klbm_bunder", "nama": "GT ENTRANCE BUNDER", "seksi": 3, "sta": " ", "foto": " ", "layer": "Gerbang Tol", "koord_x": "112.595530401274", "koord_y": "-7.17174308742868", "jml_gardu": "3", "jmlgrdrvs": " ", "jml_lajur": " ", "panjang_m": " ", "luas_m": "464", "status": "Operasi", "sub_status": "Operasi", "region": "Non Trans", "bujt": "PT Waskita Bumi Wira", "kodefikasi": "D17", "no": 6, "shape_leng": 0, "keterangan": " ", "creator": null, "created": null, "updater": null, "updated": null, "sync_state": 0, "last_sync": 1765414802000, "Nm_Ruas": null, "Status": null, "Propinsi": null, "Kab_Kot": null, "Panjang": null, "Segmen": null, "Satwil": null }, "geometry": { "type": "Point", "coordinates": [ 112.595530401000019, -7.171743086999925 ] } },
{ "type": "Feature", "properties": { "orig_fid": 425, "id": 1, "objectid": 425, "kode_ruas": "klbm", "ruas": "Krian Legundi Bunder Manyar", "kode_gt": "klbm_bunder", "nama": "GT EXIT BUNDER", "seksi": 3, "sta": " ", "foto": "http://gis.bpjt.pu.go.id/data/foto/gt/gtbunder.jpg", "layer": "Gerbang Tol", "koord_x": "112.594972331029", "koord_y": "-7.1718067388566", "jml_gardu": "4", "jmlgrdrvs": " ", "jml_lajur": " ", "panjang_m": " ", "luas_m": "667", "status": "Operasi", "sub_status": "Operasi", "region": "Non Trans", "bujt": "PT Waskita Bumi Wira", "kodefikasi": "D17", "no": 7, "shape_leng": 0, "keterangan": "GT BUNDER", "creator": null, "created": null, "updater": null, "updated": null, "sync_state": 0, "last_sync": 1765414802000, "Nm_Ruas": null, "Status": null, "Propinsi": null, "Kab_Kot": null, "Panjang": null, "Segmen": null, "Satwil": null }, "geometry": { "type": "Point", "coordinates": [ 112.594972331, -7.171806738999976 ] } },
{ "type": "Feature", "properties": { "orig_fid": 426, "id": 381, "objectid": 426, "kode_ruas": "ngwkts", "ruas": "Ngawi - Kertosono", "kode_gt": "ngwkts_nganjuk", "nama": "GT NGANJUK", "seksi": 0, "sta": "0+750", "foto": "http://gis.bpjt.pu.go.id/data/foto/gt/gtnganjuk.j*", "layer": "Gerbang Tol", "koord_x": "111.918157147406", "koord_y": "-7.57747881501297", "jml_gardu": "6", "jmlgrdrvs": " ", "jml_lajur": "6", "panjang_m": "38,72", "luas_m": "1.270,016", "status": "Operasi", "sub_status": "Operasi Penuh", "region": "Trans Jawa", "bujt": "PT Jasamarga Ngawi Kertosono", "kodefikasi": "A12", "no": 3, "shape_leng": 0, "keterangan": "GT NGANJUK", "creator": null, "created": null, "updater": null, "updated": null, "sync_state": 0, "last_sync": 1765414802000, "Nm_Ruas": null, "Status": null, "Propinsi": null, "Kab_Kot": null, "Panjang": null, "Segmen": null, "Satwil": null }, "geometry": { "type": "Point", "coordinates": [ 111.918157147000045, -7.577478814999949 ] } },
{ "type": "Feature", "properties": { "orig_fid": 427, "id": 335, "objectid": 427, "kode_ruas": "ngwkts", "ruas": "Ngawi - Kertosono", "kode_gt": "ngwkts_ic_caruban", "nama": "GT CARUBAN", "seksi": 2, "sta": "0+550", "foto": "http://gis.bpjt.pu.go.id/data/foto/gt/gtcaruban.j*", "layer": "Gerbang Tol", "koord_x": "111.62795475966", "koord_y": "-7.51974763573113", "jml_gardu": "4", "jmlgrdrvs": " ", "jml_lajur": "4", "panjang_m": "55", "luas_m": "1.166", "status": "Operasi", "sub_status": "Operasi Penuh", "region": "Trans Jawa", "bujt": "PT Jasamarga Ngawi Kertosono", "kodefikasi": "A12", "no": 2, "shape_leng": 0, "keterangan": "GT CARUBAN", "creator": null, "created": null, "updater": null, "updated": null, "sync_state": 0, "last_sync": 1765414802000, "Nm_Ruas": null, "Status": null, "Propinsi": null, "Kab_Kot": null, "Panjang": null, "Segmen": null, "Satwil": null }, "geometry": { "type": "Point", "coordinates": [ 111.62795476000008, -7.519747635999977 ] } },
{ "type": "Feature", "properties": { "orig_fid": 428, "id": 334, "objectid": 428, "kode_ruas": "ngwkts", "ruas": "Ngawi - Kertosono", "kode_gt": "ngwkts_ic_madiun", "nama": "GT MADIUN", "seksi": 1, "sta": "0+700", "foto": "http://gis.bpjt.pu.go.id/data/foto/gt/gtmadiun.jpg", "layer": "Gerbang Tol", "koord_x": "111.55081717237", "koord_y": "-7.55126087056297", "jml_gardu": "6", "jmlgrdrvs": " ", "jml_lajur": "6", "panjang_m": "55", "luas_m": "1.672", "status": "Operasi", "sub_status": "Operasi Penuh", "region": "Trans Jawa", "bujt": "PT Jasamarga Ngawi Kertosono", "kodefikasi": "A12", "no": 1, "shape_leng": 0, "keterangan": "GT MADIUN", "creator": null, "created": null, "updater": null, "updated": null, "sync_state": 0, "last_sync": 1765414802000, "Nm_Ruas": null, "Status": null, "Propinsi": null, "Kab_Kot": null, "Panjang": null, "Segmen": null, "Satwil": null }, "geometry": { "type": "Point", "coordinates": [ 111.550817172000052, -7.551260870999954 ] } },
{ "type": "Feature", "properties": { "orig_fid": 429, "id": 206, "objectid": 429, "kode_ruas": "psi", "ruas": "Palembang - Indralaya", "kode_gt": "psi_palembang", "nama": "GT PALEMBANG", "seksi": 1, "sta": "0+975", "foto": "http://gis.bpjt.pu.go.id/data/foto/gt/gtpalembang*", "layer": "Gerbang Tol", "koord_x": "104.75336504196", "koord_y": "-3.06032393066733", "jml_gardu": "7", "jmlgrdrvs": " ", "jml_lajur": " ", "panjang_m": " ", "luas_m": " ", "status": "Operasi", "sub_status": "Operasi Penuh", "region": "Trans Sumatera", "bujt": "PT Hutama Karya (Persero)", "kodefikasi": "C12", "no": 1, "shape_leng": 0, "keterangan": "GT PALEMBANG", "creator": null, "created": null, "updater": null, "updated": null, "sync_state": 0, "last_sync": 1765414802000, "Nm_Ruas": null, "Status": null, "Propinsi": null, "Kab_Kot": null, "Panjang": null, "Segmen": null, "Satwil": null }, "geometry": { "type": "Point", "coordinates": [ 104.753365042000041, -3.060323930999971 ] } },
{ "type": "Feature", "properties": { "orig_fid": 430, "id": 207, "objectid": 430, "kode_ruas": "psi", "ruas": "Palembang - Indralaya", "kode_gt": "psi_pemulutan", "nama": "GT PAMULUTAN", "seksi": 1, "sta": "0+025", "foto": "http://gis.bpjt.pu.go.id/data/foto/gt/gtpemulutan*", "layer": "Gerbang Tol", "koord_x": "104.722404503159", "koord_y": "-3.10569437815515", "jml_gardu": "5", "jmlgrdrvs": " ", "jml_lajur": " ", "panjang_m": " ", "luas_m": " ", "status": "Operasi", "sub_status": "Operasi Penuh", "region": "Trans Sumatera", "bujt": "PT Hutama Karya (Persero)", "kodefikasi": "C12", "no": 2, "shape_leng": 0, "keterangan": "GT PEMULUTAN", "creator": null, "created": null, "updater": null, "updated": null, "sync_state": 0, "last_sync": 1765414802000, "Nm_Ruas": null, "Status": null, "Propinsi": null, "Kab_Kot": null, "Panjang": null, "Segmen": null, "Satwil": null }, "geometry": { "type": "Point", "coordinates": [ 104.722404503000064, -3.105694377999953 ] } },
{ "type": "Feature", "properties": { "orig_fid": 431, "id": 431, "objectid": 431, "kode_ruas": "psi", "ruas": "Palembang - Indralaya", "kode_gt": "psi_ktm_rambutan", "nama": "GT RAMBUTAN", "seksi": 2, "sta": "0+025", "foto": "http://gis.bpjt.pu.go.id/data/foto/gt/gtktmrambut*", "layer": "Gerbang Tol", "koord_x": "104.703693415722", "koord_y": "-3.14708965742228", "jml_gardu": "5", "jmlgrdrvs": " ", "jml_lajur": " ", "panjang_m": " ", "luas_m": " ", "status": "Operasi", "sub_status": "Operasi Penuh", "region": "Trans Sumatera", "bujt": "PT Hutama Karya (Persero)", "kodefikasi": "C12", "no": 3, "shape_leng": 0, "keterangan": "GT KTM RAMBUTAN", "creator": null, "created": null, "updater": null, "updated": null, "sync_state": 0, "last_sync": 1765414802000, "Nm_Ruas": null, "Status": null, "Propinsi": null, "Kab_Kot": null, "Panjang": null, "Segmen": null, "Satwil": null }, "geometry": { "type": "Point", "coordinates": [ 104.703693416000078, -3.147089656999981 ] } },
{ "type": "Feature", "properties": { "orig_fid": 432, "id": 276, "objectid": 432, "kode_ruas": "psi", "ruas": "Palembang - Indralaya", "kode_gt": "psi_indralaya", "nama": "GT INDRALAYA", "seksi": 3, "sta": "20+000", "foto": "http://gis.bpjt.pu.go.id/data/foto/gt/gtindralaya*", "layer": "Gerbang Tol", "koord_x": "104.679750593581", "koord_y": "-3.21224915243154", "jml_gardu": "8", "jmlgrdrvs": " ", "jml_lajur": " ", "panjang_m": " ", "luas_m": " ", "status": "Operasi", "sub_status": "Operasi Penuh", "region": "Trans Sumatera", "bujt": "PT Hutama Karya (Persero)", "kodefikasi": "C12", "no": 4, "shape_leng": 0, "keterangan": "GT INDRALAYA", "creator": null, "created": null, "updater": null, "updated": null, "sync_state": 0, "last_sync": 1765414802000, "Nm_Ruas": null, "Status": null, "Propinsi": null, "Kab_Kot": null, "Panjang": null, "Segmen": null, "Satwil": null }, "geometry": { "type": "Point", "coordinates": [ 104.679750594000041, -3.21224915199997 ] } },
{ "type": "Feature", "properties": { "orig_fid": 433, "id": 3, "objectid": 433, "kode_ruas": "paspro", "ruas": "Pasuruan - Probolinggo", "kode_gt": "paspro_tongas", "nama": "GT TONGAS", "seksi": 2, "sta": "1+000", "foto": "http://gis.bpjt.pu.go.id/data/foto/gt/gttongas.jpg", "layer": "Gerbang Tol", "koord_x": "113.100279261761", "koord_y": "-7.74958222822117", "jml_gardu": "4", "jmlgrdrvs": " ", "jml_lajur": " ", "panjang_m": " ", "luas_m": " ", "status": "Operasi", "sub_status": "Operasi Penuh", "region": "Trans Jawa", "bujt": "PT Trans Jawa Paspro Jalan Tol", "kodefikasi": "A17", "no": 1, "shape_leng": 0, "keterangan": "GT TONGAS", "creator": null, "created": null, "updater": null, "updated": null, "sync_state": 0, "last_sync": 1765414802000, "Nm_Ruas": null, "Status": null, "Propinsi": null, "Kab_Kot": null, "Panjang": null, "Segmen": null, "Satwil": null }, "geometry": { "type": "Point", "coordinates": [ 113.100279262000072, -7.749582227999952 ] } },
{ "type": "Feature", "properties": { "orig_fid": 434, "id": 1, "objectid": 434, "kode_ruas": "paspro", "ruas": "Pasuruan - Probolinggo", "kode_gt": "paspro_probolinggo_barat", "nama": "GT PROBOLINGGO BARAT", "seksi": 3, "sta": "1+275", "foto": "http://gis.bpjt.pu.go.id/data/foto/gt/gtproboling*", "layer": "Gerbang Tol", "koord_x": "113.155788345993", "koord_y": "-7.78890986727603", "jml_gardu": "4", "jmlgrdrvs": " ", "jml_lajur": " ", "panjang_m": " ", "luas_m": " ", "status": "Operasi", "sub_status": "Operasi Penuh", "region": "Trans Jawa", "bujt": "PT Trans Jawa Paspro Jalan Tol", "kodefikasi": "A17", "no": 2, "shape_leng": 0, "keterangan": "GT PROBOLINGGO BARAT", "creator": null, "created": null, "updater": null, "updated": null, "sync_state": 0, "last_sync": 1765414802000, "Nm_Ruas": null, "Status": null, "Propinsi": null, "Kab_Kot": null, "Panjang": null, "Segmen": null, "Satwil": null }, "geometry": { "type": "Point", "coordinates": [ 113.155788346, -7.788909866999973 ] } },
{ "type": "Feature", "properties": { "orig_fid": 435, "id": 2, "objectid": 435, "kode_ruas": "paspro", "ruas": "Pasuruan - Probolinggo", "kode_gt": "paspro_probolinggo_timur", "nama": "GT PROBOLINGGO TIMUR", "seksi": 3, "sta": "0+500", "foto": "http://gis.bpjt.pu.go.id/data/foto/gt/gtproboling*", "layer": "Gerbang Tol", "koord_x": "113.231307874405", "koord_y": "-7.83414162672207", "jml_gardu": "5", "jmlgrdrvs": " ", "jml_lajur": " ", "panjang_m": " ", "luas_m": " ", "status": "Operasi", "sub_status": "Operasi Penuh", "region": "Trans Jawa", "bujt": "PT Trans Jawa Paspro Jalan Tol", "kodefikasi": "A17", "no": 3, "shape_leng": 0, "keterangan": "GT PROBOLINGGO TIMUR", "creator": null, "created": null, "updater": null, "updated": null, "sync_state": 0, "last_sync": 1765414802000, "Nm_Ruas": null, "Status": null, "Propinsi": null, "Kab_Kot": null, "Panjang": null, "Segmen": null, "Satwil": null }, "geometry": { "type": "Point", "coordinates": [ 113.231307874000095, -7.834141626999951 ] } },
{ "type": "Feature", "properties": { "orig_fid": 436, "id": 0, "objectid": 436, "kode_ruas": "paspro", "ruas": "Pasuruan - Probolinggo", "kode_gt": "paspro_gending", "nama": "GT GENDING", "seksi": 4, "sta": " ", "foto": " ", "layer": "Gerbang Tol", "koord_x": "113.306755903942", "koord_y": "-7.81339741392805", "jml_gardu": " ", "jmlgrdrvs": " ", "jml_lajur": " ", "panjang_m": " ", "luas_m": " ", "status": "Konstruksi", "sub_status": "Pengadaan Tanah", "region": "Trans Jawa", "bujt": "PT Trans Jawa Paspro Jalan Tol", "kodefikasi": "A17", "no": 4, "shape_leng": 0, "keterangan": " ", "creator": null, "created": null, "updater": null, "updated": null, "sync_state": 0, "last_sync": 1765414802000, "Nm_Ruas": null, "Status": null, "Propinsi": null, "Kab_Kot": null, "Panjang": null, "Segmen": null, "Satwil": null }, "geometry": { "type": "Point", "coordinates": [ 113.306755904000056, -7.813397413999951 ] } },
{ "type": "Feature", "properties": { "orig_fid": 437, "id": 451, "objectid": 437, "kode_ruas": "pekdum", "ruas": "Pekanbaru - Dumai", "kode_gt": "pekdum_pekanbaru", "nama": "GT PEKANBARU", "seksi": 1, "sta": "0+700", "foto": "http://gis.bpjt.pu.go.id/data/foto/gt/gtpekanbaru*", "layer": "Gerbang Tol", "koord_x": "101.446996376681", "koord_y": "0.643389627292692", "jml_gardu": "6", "jmlgrdrvs": " ", "jml_lajur": "0", "panjang_m": "182 m", "luas_m": "5824 m2", "status": "Operasi", "sub_status": "Operasi Penuh", "region": "Trans Sumatera", "bujt": "PT Hutama Karya (Persero)", "kodefikasi": "C08", "no": 1, "shape_leng": 0, "keterangan": "GT PEKANBARU", "creator": null, "created": null, "updater": null, "updated": null, "sync_state": 0, "last_sync": 1765414802000, "Nm_Ruas": null, "Status": null, "Propinsi": null, "Kab_Kot": null, "Panjang": null, "Segmen": null, "Satwil": null }, "geometry": { "type": "Point", "coordinates": [ 101.446996377000062, 0.643389627000033 ] } },
{ "type": "Feature", "properties": { "orig_fid": 438, "id": 447, "objectid": 438, "kode_ruas": "pekdum", "ruas": "Pekanbaru - Dumai", "kode_gt": "pekdum_duri_selatan", "nama": "GT PINGGIR", "seksi": 4, "sta": "0+550", "foto": "http://gis.bpjt.pu.go.id/data/foto/gt/notfound.jpg", "layer": "Gerbang Tol", "koord_x": "101.251383058584", "koord_y": "1.21194401375841", "jml_gardu": "4", "jmlgrdrvs": " ", "jml_lajur": "0", "panjang_m": "200 m", "luas_m": "5800 m2", "status": "Operasi", "sub_status": "Operasi Penuh", "region": "Trans Sumatera", "bujt": "PT Hutama Karya (Persero)", "kodefikasi": "C08", "no": 5, "shape_leng": 0, "keterangan": "GT DURI SELATAN", "creator": null, "created": null, "updater": null, "updated": null, "sync_state": 0, "last_sync": 1765414802000, "Nm_Ruas": null, "Status": null, "Propinsi": null, "Kab_Kot": null, "Panjang": null, "Segmen": null, "Satwil": null }, "geometry": { "type": "Point", "coordinates": [ 101.251383059000034, 1.211944014000039 ] } },
{ "type": "Feature", "properties": { "orig_fid": 439, "id": 448, "objectid": 439, "kode_ruas": "pekdum", "ruas": "Pekanbaru - Dumai", "kode_gt": "pekdum_kandis_utara", "nama": "GT KANDIS UTARA", "seksi": 3, "sta": "0+675", "foto": "http://gis.bpjt.pu.go.id/data/foto/gt/gtkandisuta*", "layer": "Gerbang Tol", "koord_x": "101.251532517761", "koord_y": "0.972800296849992", "jml_gardu": "4", "jmlgrdrvs": " ", "jml_lajur": "0", "panjang_m": "189 m", "luas_m": "5670 m2", "status": "Operasi", "sub_status": "Operasi Penuh", "region": "Trans Sumatera", "bujt": "PT Hutama Karya (Persero)", "kodefikasi": "C08", "no": 4, "shape_leng": 0, "keterangan": "GT KANDIS UTARA", "creator": null, "created": null, "updater": null, "updated": null, "sync_state": 0, "last_sync": 1765414802000, "Nm_Ruas": null, "Status": null, "Propinsi": null, "Kab_Kot": null, "Panjang": null, "Segmen": null, "Satwil": null }, "geometry": { "type": "Point", "coordinates": [ 101.251532518000033, 0.972800297000049 ] } },
{ "type": "Feature", "properties": { "orig_fid": 440, "id": 446, "objectid": 440, "kode_ruas": "pekdum", "ruas": "Pekanbaru - Dumai", "kode_gt": "pekdum_dumai", "nama": "GT DUMAI", "seksi": 6, "sta": "0+950", "foto": "http://gis.bpjt.pu.go.id/data/foto/gt/gtdumai.jpg", "layer": "Gerbang Tol", "koord_x": "101.395470418331", "koord_y": "1.57651913987754", "jml_gardu": "4", "jmlgrdrvs": " ", "jml_lajur": "0", "panjang_m": "182 m", "luas_m": "4870 m2", "status": "Operasi", "sub_status": "Operasi Penuh", "region": "Trans Sumatera", "bujt": "PT Hutama Karya (Persero)", "kodefikasi": "C08", "no": 7, "shape_leng": 0, "keterangan": "GT DUMAI", "creator": null, "created": null, "updater": null, "updated": null, "sync_state": 0, "last_sync": 1765414802000, "Nm_Ruas": null, "Status": null, "Propinsi": null, "Kab_Kot": null, "Panjang": null, "Segmen": null, "Satwil": null }, "geometry": { "type": "Point", "coordinates": [ 101.395470418000059, 1.576519140000073 ] } },
{ "type": "Feature", "properties": { "orig_fid": 441, "id": 445, "objectid": 441, "kode_ruas": "pekdum", "ruas": "Pekanbaru - Dumai", "kode_gt": "pekdum_duri_utara", "nama": "GT BATHIN SOLAPAN", "seksi": 5, "sta": "5+450", "foto": "http://gis.bpjt.pu.go.id/data/foto/gt/notfound.jpg", "layer": "Gerbang Tol", "koord_x": "101.268117441629", "koord_y": "1.42549162726517", "jml_gardu": "4", "jmlgrdrvs": " ", "jml_lajur": "0", "panjang_m": "240 m", "luas_m": "5800 m2", "status": "Operasi", "sub_status": "Operasi Penuh", "region": "Trans Sumatera", "bujt": "PT Hutama Karya (Persero)", "kodefikasi": "C08", "no": 6, "shape_leng": 0, "keterangan": "GT DURI UTARA", "creator": null, "created": null, "updater": null, "updated": null, "sync_state": 0, "last_sync": 1765414802000, "Nm_Ruas": null, "Status": null, "Propinsi": null, "Kab_Kot": null, "Panjang": null, "Segmen": null, "Satwil": null }, "geometry": { "type": "Point", "coordinates": [ 101.268117442000062, 1.425491627000042 ] } },
{ "type": "Feature", "properties": { "orig_fid": 442, "id": 449, "objectid": 442, "kode_ruas": "pekdum", "ruas": "Pekanbaru - Dumai", "kode_gt": "pekdum_kandis_selatan", "nama": "GT KANDIS SELATAN", "seksi": 2, "sta": "0+750", "foto": "http://gis.bpjt.pu.go.id/data/foto/gt/gtkandissel*", "layer": "Gerbang Tol", "koord_x": "101.279581012148", "koord_y": "0.857830906663257", "jml_gardu": "4", "jmlgrdrvs": " ", "jml_lajur": "0", "panjang_m": "277 m", "luas_m": "6648 m2", "status": "Operasi", "sub_status": "Operasi Penuh", "region": "Trans Sumatera", "bujt": "PT Hutama Karya (Persero)", "kodefikasi": "C08", "no": 3, "shape_leng": 0, "keterangan": "GT KANDIS SELATAN", "creator": null, "created": null, "updater": null, "updated": null, "sync_state": 0, "last_sync": 1765414802000, "Nm_Ruas": null, "Status": null, "Propinsi": null, "Kab_Kot": null, "Panjang": null, "Segmen": null, "Satwil": null }, "geometry": { "type": "Point", "coordinates": [ 101.279581012000051, 0.85783090700005 ] } },
{ "type": "Feature", "properties": { "orig_fid": 443, "id": 450, "objectid": 443, "kode_ruas": "pekdum", "ruas": "Pekanbaru - Dumai", "kode_gt": "pekdum_minas", "nama": "GT MINAS", "seksi": 1, "sta": "0+850", "foto": "http://gis.bpjt.pu.go.id/data/foto/gt/GT_Minas.jp*", "layer": "Gerbang Tol", "koord_x": "101.446197579315", "koord_y": "0.721493275915386", "jml_gardu": "4", "jmlgrdrvs": " ", "jml_lajur": "0", "panjang_m": "173 m", "luas_m": "2992.9 m2", "status": "Operasi", "sub_status": "Operasi Penuh", "region": "Trans Sumatera", "bujt": "PT Hutama Karya (Persero)", "kodefikasi": "C08", "no": 2, "shape_leng": 0, "keterangan": "GT MINAS", "creator": null, "created": null, "updater": null, "updated": null, "sync_state": 0, "last_sync": 1765414802000, "Nm_Ruas": null, "Status": null, "Propinsi": null, "Kab_Kot": null, "Panjang": null, "Segmen": null, "Satwil": null }, "geometry": { "type": "Point", "coordinates": [ 101.446197579000057, 0.721493276000047 ] } },
{ "type": "Feature", "properties": { "orig_fid": 444, "id": 28, "objectid": 444, "kode_ruas": "sswj", "ruas": "Simpang Susun Waru - Bandara Juanda", "kode_gt": "sswj_tambak_sumur1", "nama": "GT TAMBAK SUMUR 1", "seksi": 0, "sta": "6+810", "foto": "http://gis.bpjt.pu.go.id/data/foto/gt/gttambaksum*", "layer": "Gerbang Tol", "koord_x": "112.789260954598", "koord_y": "-7.34700539338614", "jml_gardu": "3", "jmlgrdrvs": " ", "jml_lajur": "3", "panjang_m": "12,5", "luas_m": "237,5", "status": "Operasi", "sub_status": "Operasi Penuh", "region": "Non Trans", "bujt": "PT Citra Margatama Surabaya", "kodefikasi": "D20", "no": 5, "shape_leng": 0, "keterangan": "GT TAMBAK SUMUR 1", "creator": null, "created": null, "updater": null, "updated": null, "sync_state": 0, "last_sync": 1765414802000, "Nm_Ruas": null, "Status": null, "Propinsi": null, "Kab_Kot": null, "Panjang": null, "Segmen": null, "Satwil": null }, "geometry": { "type": "Point", "coordinates": [ 112.789260955000032, -7.347005392999961 ] } },
{ "type": "Feature", "properties": { "orig_fid": 445, "id": 22, "objectid": 445, "kode_ruas": "sswj", "ruas": "Simpang Susun Waru - Bandara Juanda", "kode_gt": "sswj_mananggal", "nama": "GT MENANGGAL", "seksi": 0, "sta": "0+670", "foto": "http://gis.bpjt.pu.go.id/data/foto/gt/gtmenanggal*", "layer": "Gerbang Tol", "koord_x": "112.734727607956", "koord_y": "-7.34466211977172", "jml_gardu": "6", "jmlgrdrvs": " ", "jml_lajur": "6", "panjang_m": "15", "luas_m": "510", "status": "Operasi", "sub_status": "Operasi Penuh", "region": "Non Trans", "bujt": "PT Citra Margatama Surabaya", "kodefikasi": "D20", "no": 1, "shape_leng": 0, "keterangan": "GT MENANGGAL", "creator": null, "created": null, "updater": null, "updated": null, "sync_state": 0, "last_sync": 1765414802000, "Nm_Ruas": null, "Status": null, "Propinsi": null, "Kab_Kot": null, "Panjang": null, "Segmen": null, "Satwil": null }, "geometry": { "type": "Point", "coordinates": [ 112.734727608000071, -7.344662119999953 ] } },
{ "type": "Feature", "properties": { "orig_fid": 446, "id": 11, "objectid": 446, "kode_ruas": "sswj", "ruas": "Simpang Susun Waru - Bandara Juanda", "kode_gt": "sswj_berbek1", "nama": "GT BERBEK 2", "seksi": 0, "sta": "2+660", "foto": "http://gis.bpjt.pu.go.id/data/foto/gt/gtberbek2-.*", "layer": "Gerbang Tol", "koord_x": "112.752387543101", "koord_y": "-7.34315623117627", "jml_gardu": "3", "jmlgrdrvs": " ", "jml_lajur": "3", "panjang_m": "12,5", "luas_m": "237,5", "status": "Operasi", "sub_status": "Operasi Penuh", "region": "Non Trans", "bujt": "PT Citra Margatama Surabaya", "kodefikasi": "D20", "no": 2, "shape_leng": 0, "keterangan": "GT BERBEK 2", "creator": null, "created": null, "updater": null, "updated": null, "sync_state": 0, "last_sync": 1765414802000, "Nm_Ruas": null, "Status": null, "Propinsi": null, "Kab_Kot": null, "Panjang": null, "Segmen": null, "Satwil": null }, "geometry": { "type": "Point", "coordinates": [ 112.752387543000054, -7.343156230999966 ] } },
{ "type": "Feature", "properties": { "orig_fid": 447, "id": 12, "objectid": 447, "kode_ruas": "sswj", "ruas": "Simpang Susun Waru - Bandara Juanda", "kode_gt": "sswj_berbek2", "nama": "GT BERBEK 1", "seksi": 0, "sta": "3+300", "foto": "http://gis.bpjt.pu.go.id/data/foto/gt/gtberbek1-.*", "layer": "Gerbang Tol", "koord_x": "112.758087557443", "koord_y": "-7.34268153811364", "jml_gardu": "3", "jmlgrdrvs": " ", "jml_lajur": "3", "panjang_m": "12,5", "luas_m": "237,5", "status": "Operasi", "sub_status": "Operasi Penuh", "region": "Non Trans", "bujt": "PT Citra Margatama Surabaya", "kodefikasi": "D20", "no": 3, "shape_leng": 0, "keterangan": "GT BERBEK 1", "creator": null, "created": null, "updater": null, "updated": null, "sync_state": 0, "last_sync": 1765414802000, "Nm_Ruas": null, "Status": null, "Propinsi": null, "Kab_Kot": null, "Panjang": null, "Segmen": null, "Satwil": null }, "geometry": { "type": "Point", "coordinates": [ 112.758087557000067, -7.342681537999965 ] } },
{ "type": "Feature", "properties": { "orig_fid": 448, "id": 29, "objectid": 448, "kode_ruas": "sswj", "ruas": "Simpang Susun Waru - Bandara Juanda", "kode_gt": "sswj_tambak_sumur2", "nama": "GT TAMBAK SUMUR 2", "seksi": 0, "sta": "6+210", "foto": "http://gis.bpjt.pu.go.id/data/foto/gt/gttambaksum*", "layer": "Gerbang Tol", "koord_x": "112.783935062491", "koord_y": "-7.34617708297923", "jml_gardu": "3", "jmlgrdrvs": " ", "jml_lajur": "3", "panjang_m": "12,5", "luas_m": "237,5", "status": "Operasi", "sub_status": "Operasi Penuh", "region": "Non Trans", "bujt": "PT Citra Margatama Surabaya", "kodefikasi": "D20", "no": 4, "shape_leng": 0, "keterangan": "GT TAMBAK SUMUR 2", "creator": null, "created": null, "updater": null, "updated": null, "sync_state": 0, "last_sync": 1765414802000, "Nm_Ruas": null, "Status": null, "Propinsi": null, "Kab_Kot": null, "Panjang": null, "Segmen": null, "Satwil": null }, "geometry": { "type": "Point", "coordinates": [ 112.783935062000069, -7.34617708299993 ] } },
{ "type": "Feature", "properties": { "orig_fid": 449, "id": 18, "objectid": 449, "kode_ruas": "sswj", "ruas": "Simpang Susun Waru - Bandara Juanda", "kode_gt": "sswj_juanda", "nama": "GT JUANDA", "seksi": 0, "sta": "9+240", "foto": "http://gis.bpjt.pu.go.id/data/foto/gt/gtjuanda-.j*", "layer": "Gerbang Tol", "koord_x": "112.804987959972", "koord_y": "-7.35775841370353", "jml_gardu": "6", "jmlgrdrvs": " ", "jml_lajur": "6", "panjang_m": "15", "luas_m": "510", "status": "Operasi", "sub_status": "Operasi Penuh", "region": "Non Trans", "bujt": "PT Citra Margatama Surabaya", "kodefikasi": "D20", "no": 6, "shape_leng": 0, "keterangan": "GT JUANDA", "creator": null, "created": null, "updater": null, "updated": null, "sync_state": 0, "last_sync": 1765414802000, "Nm_Ruas": null, "Status": null, "Propinsi": null, "Kab_Kot": null, "Panjang": null, "Segmen": null, "Satwil": null }, "geometry": { "type": "Point", "coordinates": [ 112.804987960000062, -7.357758413999932 ] } },
{ "type": "Feature", "properties": { "orig_fid": 450, "id": 0, "objectid": 450, "kode_ruas": " ", "ruas": "Jakarta - Cikampek II Selatan", "kode_gt": " ", "nama": "GT JATI ASIH", "seksi": 1, "sta": " ", "foto": " ", "layer": "Gerbang Tol", "koord_x": "106.951302966206", "koord_y": "-6.29952955145739", "jml_gardu": " ", "jmlgrdrvs": " ", "jml_lajur": " ", "panjang_m": " ", "luas_m": " ", "status": "Konstruksi", "sub_status": "Pengadaan Tanah", "region": "Jabodetabek", "bujt": "PT Jasamarga Japek Selatan", "kodefikasi": "B29", "no": 1, "shape_leng": 0, "keterangan": " ", "creator": null, "created": null, "updater": null, "updated": null, "sync_state": 0, "last_sync": 1765414802000, "Nm_Ruas": null, "Status": null, "Propinsi": null, "Kab_Kot": null, "Panjang": null, "Segmen": null, "Satwil": null }, "geometry": { "type": "Point", "coordinates": [ 106.951302966000071, -6.299529550999978 ] } },
{ "type": "Feature", "properties": { "orig_fid": 451, "id": 0, "objectid": 451, "kode_ruas": " ", "ruas": "Jakarta - Cikampek II Selatan", "kode_gt": " ", "nama": "GT BANTAR GEBANG", "seksi": 1, "sta": " ", "foto": " ", "layer": "Gerbang Tol", "koord_x": "106.990341116236", "koord_y": "-6.32032021002663", "jml_gardu": " ", "jmlgrdrvs": " ", "jml_lajur": " ", "panjang_m": " ", "luas_m": " ", "status": "Konstruksi", "sub_status": "Pengadaan Tanah", "region": "Jabodetabek", "bujt": "PT Jasamarga Japek Selatan", "kodefikasi": "B29", "no": 2, "shape_leng": 0, "keterangan": " ", "creator": null, "created": null, "updater": null, "updated": null, "sync_state": 0, "last_sync": 1765414802000, "Nm_Ruas": null, "Status": null, "Propinsi": null, "Kab_Kot": null, "Panjang": null, "Segmen": null, "Satwil": null }, "geometry": { "type": "Point", "coordinates": [ 106.990341116000081, -6.320320209999977 ] } },
{ "type": "Feature", "properties": { "orig_fid": 452, "id": 0, "objectid": 452, "kode_ruas": " ", "ruas": "Jakarta - Cikampek II Selatan", "kode_gt": " ", "nama": "GT SETU", "seksi": 1, "sta": " ", "foto": " ", "layer": "Gerbang Tol", "koord_x": "107.029488863429", "koord_y": "-6.34204488817776", "jml_gardu": " ", "jmlgrdrvs": " ", "jml_lajur": " ", "panjang_m": " ", "luas_m": " ", "status": "Konstruksi", "sub_status": "Pengadaan Tanah", "region": "Jabodetabek", "bujt": "PT Jasamarga Japek Selatan", "kodefikasi": "B29", "no": 3, "shape_leng": 0, "keterangan": " ", "creator": null, "created": null, "updater": null, "updated": null, "sync_state": 0, "last_sync": 1765414802000, "Nm_Ruas": null, "Status": null, "Propinsi": null, "Kab_Kot": null, "Panjang": null, "Segmen": null, "Satwil": null }, "geometry": { "type": "Point", "coordinates": [ 107.02948886300004, -6.342044887999975 ] } },
{ "type": "Feature", "properties": { "orig_fid": 453, "id": 0, "objectid": 453, "kode_ruas": " ", "ruas": "Jakarta - Cikampek II Selatan", "kode_gt": " ", "nama": "GT SUKARAGAM", "seksi": 2, "sta": " ", "foto": " ", "layer": "Gerbang Tol", "koord_x": "107.097214048422", "koord_y": "-6.39069468951428", "jml_gardu": " ", "jmlgrdrvs": " ", "jml_lajur": " ", "panjang_m": " ", "luas_m": " ", "status": "Konstruksi", "sub_status": "Pengadaan Tanah", "region": "Jabodetabek", "bujt": "PT Jasamarga Japek Selatan", "kodefikasi": "B29", "no": 4, "shape_leng": 0, "keterangan": " ", "creator": null, "created": null, "updater": null, "updated": null, "sync_state": 0, "last_sync": 1765414802000, "Nm_Ruas": null, "Status": null, "Propinsi": null, "Kab_Kot": null, "Panjang": null, "Segmen": null, "Satwil": null }, "geometry": { "type": "Point", "coordinates": [ 107.097214048000069, -6.390694689999975 ] } },
{ "type": "Feature", "properties": { "orig_fid": 454, "id": 0, "objectid": 454, "kode_ruas": " ", "ruas": "Jakarta - Cikampek II Selatan", "kode_gt": " ", "nama": "GT SUKABUNGAH", "seksi": 2, "sta": " ", "foto": " ", "layer": "Gerbang Tol", "koord_x": "107.194198792386", "koord_y": "-6.42459286904009", "jml_gardu": " ", "jmlgrdrvs": " ", "jml_lajur": " ", "panjang_m": " ", "luas_m": " ", "status": "Konstruksi", "sub_status": "Pengadaan Tanah", "region": "Jabodetabek", "bujt": "PT Jasamarga Japek Selatan", "kodefikasi": "B29", "no": 5, "shape_leng": 0, "keterangan": " ", "creator": null, "created": null, "updater": null, "updated": null, "sync_state": 0, "last_sync": 1765414802000, "Nm_Ruas": null, "Status": null, "Propinsi": null, "Kab_Kot": null, "Panjang": null, "Segmen": null, "Satwil": null }, "geometry": { "type": "Point", "coordinates": [ 107.194198792000066, -6.42459286899998 ] } },
{ "type": "Feature", "properties": { "orig_fid": 455, "id": 0, "objectid": 455, "kode_ruas": " ", "ruas": "Jakarta - Cikampek II Selatan", "kode_gt": " ", "nama": "GT KUTANEGARA", "seksi": 3, "sta": " ", "foto": " ", "layer": "Gerbang Tol", "koord_x": "107.390005789749", "koord_y": "-6.45583723419402", "jml_gardu": " ", "jmlgrdrvs": " ", "jml_lajur": " ", "panjang_m": " ", "luas_m": " ", "status": "Konstruksi", "sub_status": "Pekerjaan Fisik", "region": "Jabodetabek", "bujt": "PT Jasamarga Japek Selatan", "kodefikasi": "B29", "no": 6, "shape_leng": 0, "keterangan": " ", "creator": null, "created": null, "updater": null, "updated": null, "sync_state": 0, "last_sync": 1765414802000, "Nm_Ruas": null, "Status": null, "Propinsi": null, "Kab_Kot": null, "Panjang": null, "Segmen": null, "Satwil": null }, "geometry": { "type": "Point", "coordinates": [ 107.390005790000089, -6.455837233999944 ] } },
{ "type": "Feature", "properties": { "orig_fid": 456, "id": 0, "objectid": 456, "kode_ruas": " ", "ruas": "Jakarta - Cikampek II Selatan", "kode_gt": " ", "nama": "GT SAMBA", "seksi": 3, "sta": " ", "foto": " ", "layer": "Gerbang Tol", "koord_x": "107.450309658676", "koord_y": "-6.49963185469167", "jml_gardu": " ", "jmlgrdrvs": " ", "jml_lajur": " ", "panjang_m": " ", "luas_m": " ", "status": "Konstruksi", "sub_status": "Pekerjaan Fisik", "region": "Jabodetabek", "bujt": "PT Jasamarga Japek Selatan", "kodefikasi": "B29", "no": 7, "shape_leng": 0, "keterangan": " ", "creator": null, "created": null, "updater": null, "updated": null, "sync_state": 0, "last_sync": 1765414802000, "Nm_Ruas": null, "Status": null, "Propinsi": null, "Kab_Kot": null, "Panjang": null, "Segmen": null, "Satwil": null }, "geometry": { "type": "Point", "coordinates": [ 107.450309659000084, -6.499631854999961 ] } },
{ "type": "Feature", "properties": { "orig_fid": 457, "id": 0, "objectid": 457, "kode_ruas": " ", "ruas": "Kertosono - Kediri", "kode_gt": " ", "nama": " ", "seksi": 0, "sta": "5+742", "foto": " ", "layer": "Gerbang Tol", "koord_x": "111.984680970992", "koord_y": "-7.65393462885837", "jml_gardu": "4", "jmlgrdrvs": " ", "jml_lajur": "4", "panjang_m": "142", "luas_m": "2575", "status": "Konstruksi", "sub_status": "Pengadaan Tanah", "region": "Non Trans", "bujt": "PT JNK", "kodefikasi": "D16", "no": 1, "shape_leng": 0, "keterangan": " ", "creator": null, "created": null, "updater": null, "updated": null, "sync_state": 0, "last_sync": 1765414802000, "Nm_Ruas": null, "Status": null, "Propinsi": null, "Kab_Kot": null, "Panjang": null, "Segmen": null, "Satwil": null }, "geometry": { "type": "Point", "coordinates": [ 111.984680971000046, -7.653934628999934 ] } },
{ "type": "Feature", "properties": { "orig_fid": 458, "id": 0, "objectid": 458, "kode_ruas": " ", "ruas": "Kertosono - Kediri", "kode_gt": " ", "nama": " ", "seksi": 0, "sta": "6+012", "foto": " ", "layer": "Gerbang Tol", "koord_x": "111.9838465242", "koord_y": "-7.65633080616747", "jml_gardu": "5", "jmlgrdrvs": " ", "jml_lajur": "5", "panjang_m": "191", "luas_m": "4237", "status": "Konstruksi", "sub_status": "Pengadaan Tanah", "region": "Non Trans", "bujt": "PT JNK", "kodefikasi": "D16", "no": 2, "shape_leng": 0, "keterangan": " ", "creator": null, "created": null, "updater": null, "updated": null, "sync_state": 0, "last_sync": 1765414802000, "Nm_Ruas": null, "Status": null, "Propinsi": null, "Kab_Kot": null, "Panjang": null, "Segmen": null, "Satwil": null }, "geometry": { "type": "Point", "coordinates": [ 111.983846524000057, -7.656330805999971 ] } },
{ "type": "Feature", "properties": { "orig_fid": 459, "id": 0, "objectid": 459, "kode_ruas": " ", "ruas": "Pekanbaru - Padang", "kode_gt": " ", "nama": "GT PADANG", "seksi": 0, "sta": "1+800", "foto": " ", "layer": "Gerbang Tol", "koord_x": "100.331366891272", "koord_y": "-0.793467112114082", "jml_gardu": "4", "jmlgrdrvs": "1", "jml_lajur": "6", "panjang_m": "31", "luas_m": "1796.808", "status": "Konstruksi", "sub_status": "Pekerjaan Fisik", "region": "Trans Sumatera", "bujt": "PT Hutama Karya (Persero)", "kodefikasi": "C09", "no": 1, "shape_leng": 0, "keterangan": " ", "creator": null, "created": null, "updater": null, "updated": null, "sync_state": 0, "last_sync": 1765414802000, "Nm_Ruas": null, "Status": null, "Propinsi": null, "Kab_Kot": null, "Panjang": null, "Segmen": null, "Satwil": null }, "geometry": { "type": "Point", "coordinates": [ 100.331366891000073, -0.793467111999973 ] } },
{ "type": "Feature", "properties": { "orig_fid": 460, "id": 0, "objectid": 460, "kode_ruas": " ", "ruas": "Pekanbaru - Padang", "kode_gt": " ", "nama": "GT KAYUTANAM", "seksi": 0, "sta": "35+600", "foto": " ", "layer": "Gerbang Tol", "koord_x": "100.30516067899", "koord_y": "-0.529134203042408", "jml_gardu": "-", "jmlgrdrvs": "-", "jml_lajur": "2", "panjang_m": "22.1", "luas_m": "638.49", "status": "Konstruksi", "sub_status": "Pekerjaan Fisik", "region": "Trans Sumatera", "bujt": "PT Hutama Karya (Persero)", "kodefikasi": "C09", "no": 2, "shape_leng": 0, "keterangan": " ", "creator": null, "created": null, "updater": null, "updated": null, "sync_state": 0, "last_sync": 1765414802000, "Nm_Ruas": null, "Status": null, "Propinsi": null, "Kab_Kot": null, "Panjang": null, "Segmen": null, "Satwil": null }, "geometry": { "type": "Point", "coordinates": [ 100.305160679000039, -0.529134202999956 ] } },
{ "type": "Feature", "properties": { "orig_fid": 461, "id": 0, "objectid": 461, "kode_ruas": " ", "ruas": "Pekanbaru - Padang", "kode_gt": " ", "nama": "GT KAYUTANAM", "seksi": 0, "sta": "35+725", "foto": " ", "layer": "Gerbang Tol", "koord_x": "100.305971037145", "koord_y": "-0.528133817899258", "jml_gardu": "-", "jmlgrdrvs": "-", "jml_lajur": "2", "panjang_m": "22.1", "luas_m": "638.49", "status": "Konstruksi", "sub_status": "Pekerjaan Fisik", "region": "Trans Sumatera", "bujt": "PT Hutama Karya (Persero)", "kodefikasi": "C09", "no": 3, "shape_leng": 0, "keterangan": " ", "creator": null, "created": null, "updater": null, "updated": null, "sync_state": 0, "last_sync": 1765414802000, "Nm_Ruas": null, "Status": null, "Propinsi": null, "Kab_Kot": null, "Panjang": null, "Segmen": null, "Satwil": null }, "geometry": { "type": "Point", "coordinates": [ 100.305971037000063, -0.528133817999958 ] } },
{ "type": "Feature", "properties": { "orig_fid": 462, "id": 0, "objectid": 462, "kode_ruas": " ", "ruas": "Kuala Tanjung - Tebing Tinggi - Parapat", "kode_gt": " ", "nama": "GT PARBARAKAN", "seksi": 1, "sta": "1+193", "foto": " ", "layer": "Gerbang Tol", "koord_x": "99.1608194786204", "koord_y": "3.38632985378013", "jml_gardu": " ", "jmlgrdrvs": " ", "jml_lajur": " ", "panjang_m": " ", "luas_m": "700,29", "status": "Konstruksi", "sub_status": "Pekerjaan Fisik", "region": "Trans Sumatera", "bujt": "PT. Hutama Marga Waskita", "kodefikasi": "C06", "no": 0, "shape_leng": 0, "keterangan": " ", "creator": null, "created": null, "updater": null, "updated": null, "sync_state": 0, "last_sync": 1765414802000, "Nm_Ruas": null, "Status": null, "Propinsi": null, "Kab_Kot": null, "Panjang": null, "Segmen": null, "Satwil": null }, "geometry": { "type": "Point", "coordinates": [ 99.160819479000054, 3.386329854000053 ] } },
{ "type": "Feature", "properties": { "orig_fid": 463, "id": 0, "objectid": 463, "kode_ruas": " ", "ruas": "Kuala Tanjung - Tebing Tinggi - Parapat", "kode_gt": " ", "nama": "GT TEBING TINGGI", "seksi": 3, "sta": "1+025", "foto": " ", "layer": "Gerbang Tol", "koord_x": "99.1430738462087", "koord_y": "3.38581155492014", "jml_gardu": " ", "jmlgrdrvs": " ", "jml_lajur": " ", "panjang_m": " ", "luas_m": "661,26", "status": "Konstruksi", "sub_status": "Pekerjaan Fisik", "region": "Trans Sumatera", "bujt": "PT. Hutama Marga Waskita", "kodefikasi": "C06", "no": 0, "shape_leng": 0, "keterangan": " ", "creator": null, "created": null, "updater": null, "updated": null, "sync_state": 0, "last_sync": 1765414802000, "Nm_Ruas": null, "Status": null, "Propinsi": null, "Kab_Kot": null, "Panjang": null, "Segmen": null, "Satwil": null }, "geometry": { "type": "Point", "coordinates": [ 99.14307384600005, 3.385811555000032 ] } },
{ "type": "Feature", "properties": { "orig_fid": 464, "id": 0, "objectid": 464, "kode_ruas": " ", "ruas": "Pekanbaru - Padang", "kode_gt": " ", "nama": "GT BANGKINANG", "seksi": 0, "sta": "0+900", "foto": " ", "layer": "Gerbang Tol", "koord_x": "101.021539057059", "koord_y": "0.384300337318536", "jml_gardu": "4", "jmlgrdrvs": "0", "jml_lajur": "4", "panjang_m": "0", "luas_m": "0", "status": "Konstruksi", "sub_status": "Pekerjaan Fisik", "region": "Trans Sumatera", "bujt": "PT Hutama Karya (Persero)", "kodefikasi": "C09", "no": 1, "shape_leng": 0, "keterangan": " ", "creator": null, "created": null, "updater": null, "updated": null, "sync_state": 0, "last_sync": 1765414802000, "Nm_Ruas": null, "Status": null, "Propinsi": null, "Kab_Kot": null, "Panjang": null, "Segmen": null, "Satwil": null }, "geometry": { "type": "Point", "coordinates": [ 101.021539057000041, 0.38430033700007 ] } },
{ "type": "Feature", "properties": { "orig_fid": 465, "id": 0, "objectid": 465, "kode_ruas": " ", "ruas": "Pekanbaru - Padang", "kode_gt": " ", "nama": "GT XII KOTO KAMPAR", "seksi": 0, "sta": "64+125", "foto": " ", "layer": "Gerbang Tol", "koord_x": "100.826326619864", "koord_y": "0.31813470493951", "jml_gardu": "5", "jmlgrdrvs": "0", "jml_lajur": "5", "panjang_m": "0", "luas_m": "0", "status": "Konstruksi", "sub_status": "Pekerjaan Fisik", "region": "Trans Sumatera", "bujt": "PT Hutama Karya (Persero)", "kodefikasi": "C09", "no": 2, "shape_leng": 0, "keterangan": " ", "creator": null, "created": null, "updater": null, "updated": null, "sync_state": 0, "last_sync": 1765414802000, "Nm_Ruas": null, "Status": null, "Propinsi": null, "Kab_Kot": null, "Panjang": null, "Segmen": null, "Satwil": null }, "geometry": { "type": "Point", "coordinates": [ 100.826326620000032, 0.318134705000034 ] } },
{ "type": "Feature", "properties": { "orig_fid": 466, "id": 64, "objectid": 466, "kode_ruas": "ps", "ruas": "Prof. Dr. Ir. Soedijatmo", "kode_gt": "ps_kapukawalsediyatmo", "nama": "GT KAPUK", "seksi": 0, "sta": "1+698", "foto": "http://gis.bpjt.pu.go.id/data/foto/gt/gtkapukawal*", "layer": "Gerbang Tol", "koord_x": "106.768782682691", "koord_y": "-6.121768764813", "jml_gardu": "17", "jmlgrdrvs": " ", "jml_lajur": "17", "panjang_m": "3555", "luas_m": "20,290", "status": "Operasi", "sub_status": "Operasi Penuh", "region": "Jabodetabek", "bujt": "PT. Jasamarga (Persero) Tbk", "kodefikasi": "B10", "no": 4, "shape_leng": 0, "keterangan": "GT KAPUK AWAL SEDIYATMO", "creator": null, "created": null, "updater": null, "updated": null, "sync_state": 0, "last_sync": 1765414802000, "Nm_Ruas": null, "Status": null, "Propinsi": null, "Kab_Kot": null, "Panjang": null, "Segmen": null, "Satwil": null }, "geometry": { "type": "Point", "coordinates": [ 106.76878268300004, -6.121768764999956 ] } },
{ "type": "Feature", "properties": { "orig_fid": 467, "id": 14, "objectid": 467, "kode_ruas": "ps", "ruas": "Prof. Dr. Ir. Soedijatmo", "kode_gt": "ps_kapuk2", "nama": "GT KAPUK 2", "seksi": 0, "sta": "1+612", "foto": "http://gis.bpjt.pu.go.id/data/foto/gt/gtkapuk2.jpg", "layer": "Gerbang Tol", "koord_x": "106.76962983121", "koord_y": "-6.121546341624", "jml_gardu": "17", "jmlgrdrvs": " ", "jml_lajur": "17", "panjang_m": "355", "luas_m": "20,290", "status": "Operasi", "sub_status": "Operasi Penuh", "region": "Jabodetabek", "bujt": "PT. Jasamarga (Persero) Tbk", "kodefikasi": "B10", "no": 5, "shape_leng": 0, "keterangan": "GT KAPUK 2", "creator": null, "created": null, "updater": null, "updated": null, "sync_state": 0, "last_sync": 1765414802000, "Nm_Ruas": null, "Status": null, "Propinsi": null, "Kab_Kot": null, "Panjang": null, "Segmen": null, "Satwil": null }, "geometry": { "type": "Point", "coordinates": [ 106.769629831000088, -6.121546341999931 ] } },
{ "type": "Feature", "properties": { "orig_fid": 468, "id": 12, "objectid": 468, "kode_ruas": "ps", "ruas": "Prof. Dr. Ir. Soedijatmo", "kode_gt": "ps_kamal1", "nama": "GT KAMAL 1", "seksi": 0, "sta": "5+550", "foto": "http://gis.bpjt.pu.go.id/data/foto/gt/gtkamal1.jpg", "layer": "Gerbang Tol", "koord_x": "106.73511583008", "koord_y": "-6.11896085357447", "jml_gardu": "9", "jmlgrdrvs": " ", "jml_lajur": "9", "panjang_m": "163", "luas_m": "5,550", "status": "Operasi", "sub_status": "Operasi Penuh", "region": "Jabodetabek", "bujt": "PT. Jasamarga (Persero) Tbk", "kodefikasi": "B10", "no": 8, "shape_leng": 0, "keterangan": "GT KAMAL 1", "creator": null, "created": null, "updater": null, "updated": null, "sync_state": 0, "last_sync": 1765414802000, "Nm_Ruas": null, "Status": null, "Propinsi": null, "Kab_Kot": null, "Panjang": null, "Segmen": null, "Satwil": null }, "geometry": { "type": "Point", "coordinates": [ 106.735115830000041, -6.118960853999965 ] } },
{ "type": "Feature", "properties": { "orig_fid": 469, "id": 71, "objectid": 469, "kode_ruas": "ps", "ruas": "Prof. Dr. Ir. Soedijatmo", "kode_gt": "ps_kamal2", "nama": "GT KAMAL 2", "seksi": 0, "sta": "5+866", "foto": "http://gis.bpjt.pu.go.id/data/foto/gt/gtkamal2.jpg", "layer": "Gerbang Tol", "koord_x": "106.734274414015", "koord_y": "-6.1156048713302", "jml_gardu": "2", "jmlgrdrvs": " ", "jml_lajur": "2", "panjang_m": " 204", "luas_m": "2,221", "status": "Operasi", "sub_status": "Operasi Penuh", "region": "Jabodetabek", "bujt": "PT. Jasamarga (Persero) Tbk", "kodefikasi": "B10", "no": 9, "shape_leng": 0, "keterangan": "GT KAMAL 2", "creator": null, "created": null, "updater": null, "updated": null, "sync_state": 0, "last_sync": 1765414802000, "Nm_Ruas": null, "Status": null, "Propinsi": null, "Kab_Kot": null, "Panjang": null, "Segmen": null, "Satwil": null }, "geometry": { "type": "Point", "coordinates": [ 106.734274414000083, -6.11560487099996 ] } },
{ "type": "Feature", "properties": { "orig_fid": 470, "id": 13, "objectid": 470, "kode_ruas": "ps", "ruas": "Prof. Dr. Ir. Soedijatmo", "kode_gt": "ps_kamal3", "nama": "GT KAMAL 3", "seksi": 0, "sta": "5+769", "foto": "http://gis.bpjt.pu.go.id/data/foto/gt/gtkamal3.jpg", "layer": "Gerbang Tol", "koord_x": "106.734143540478", "koord_y": "-6.11616406111122", "jml_gardu": "5", "jmlgrdrvs": " ", "jml_lajur": "5", "panjang_m": "125", "luas_m": "3,126", "status": "Operasi", "sub_status": "Operasi Penuh", "region": "Jabodetabek", "bujt": "PT. Jasamarga (Persero) Tbk", "kodefikasi": "B10", "no": 10, "shape_leng": 0, "keterangan": "GT KAMAL 3", "creator": null, "created": null, "updater": null, "updated": null, "sync_state": 0, "last_sync": 1765414802000, "Nm_Ruas": null, "Status": null, "Propinsi": null, "Kab_Kot": null, "Panjang": null, "Segmen": null, "Satwil": null }, "geometry": { "type": "Point", "coordinates": [ 106.734143540000048, -6.116164060999949 ] } },
{ "type": "Feature", "properties": { "orig_fid": 471, "id": 324, "objectid": 471, "kode_ruas": "ps", "ruas": "Prof. Dr. Ir. Soedijatmo", "kode_gt": "ps_kamal4", "nama": "GT KAMAL 4", "seksi": 0, "sta": "5+658", "foto": "http://gis.bpjt.pu.go.id/data/foto/gt/gtkamal4.jpg", "layer": "Gerbang Tol", "koord_x": "106.734295746872", "koord_y": "-6.11775942151922", "jml_gardu": "4", "jmlgrdrvs": " ", "jml_lajur": "4", "panjang_m": "148", "luas_m": "2,544", "status": "Operasi", "sub_status": "Operasi Penuh", "region": "Jabodetabek", "bujt": "PT. Jasamarga (Persero) Tbk", "kodefikasi": "B10", "no": 11, "shape_leng": 0, "keterangan": "GT KAMAL 4", "creator": null, "created": null, "updater": null, "updated": null, "sync_state": 0, "last_sync": 1765414802000, "Nm_Ruas": null, "Status": null, "Propinsi": null, "Kab_Kot": null, "Panjang": null, "Segmen": null, "Satwil": null }, "geometry": { "type": "Point", "coordinates": [ 106.734295747000033, -6.117759421999949 ] } },
{ "type": "Feature", "properties": { "orig_fid": 472, "id": 60, "objectid": 472, "kode_ruas": "jiut2", "ruas": "Prof. Dr. Ir. Soedijatmo", "kode_gt": "jiut2_pluit1", "nama": "GT PLUIT 1", "seksi": 0, "sta": "0+298", "foto": "http://gis.bpjt.pu.go.id/data/foto/gt/gtpluit1.jpg", "layer": "Gerbang Tol", "koord_x": "106.778787057694", "koord_y": "-6.12736731188239", "jml_gardu": "2", "jmlgrdrvs": " ", "jml_lajur": "2", "panjang_m": " ", "luas_m": "215,754", "status": "Operasi", "sub_status": "Operasi Penuh", "region": "Jabodetabek", "bujt": "PT. Jasamarga (Persero) Tbk", "kodefikasi": "B10", "no": 1, "shape_leng": 0, "keterangan": "GT PLUIT 1", "creator": null, "created": null, "updater": null, "updated": null, "sync_state": 0, "last_sync": 1765414802000, "Nm_Ruas": null, "Status": null, "Propinsi": null, "Kab_Kot": null, "Panjang": null, "Segmen": null, "Satwil": null }, "geometry": { "type": "Point", "coordinates": [ 106.778787058000034, -6.127367311999933 ] } },
{ "type": "Feature", "properties": { "orig_fid": 473, "id": 0, "objectid": 473, "kode_ruas": "ps", "ruas": "Prof. Dr. Ir. Soedijatmo", "kode_gt": "ps_pluit2", "nama": "GT PLUIT 2", "seksi": 0, "sta": "0+497", "foto": " ", "layer": "Gerbang Tol", "koord_x": "106.777617029675", "koord_y": "-6.12595738729571", "jml_gardu": "2", "jmlgrdrvs": " ", "jml_lajur": "2", "panjang_m": " ", "luas_m": "173,54", "status": "Operasi", "sub_status": "Operasi Penuh", "region": "Jabodetabek", "bujt": "PT. Jasamarga (Persero) Tbk", "kodefikasi": "B10", "no": 2, "shape_leng": 0, "keterangan": " ", "creator": null, "created": null, "updater": null, "updated": null, "sync_state": 0, "last_sync": 1765414802000, "Nm_Ruas": null, "Status": null, "Propinsi": null, "Kab_Kot": null, "Panjang": null, "Segmen": null, "Satwil": null }, "geometry": { "type": "Point", "coordinates": [ 106.777617030000044, -6.125957386999971 ] } },
{ "type": "Feature", "properties": { "orig_fid": 474, "id": 0, "objectid": 474, "kode_ruas": "ps", "ruas": "Prof. Dr. Ir. Soedijatmo", "kode_gt": "ps_pluit3", "nama": "GT PLUIT 3", "seksi": 0, "sta": "0+440", "foto": " ", "layer": "Gerbang Tol", "koord_x": "106.779872959157", "koord_y": "-6.12458311534552", "jml_gardu": "4", "jmlgrdrvs": " ", "jml_lajur": "4", "panjang_m": " 300", "luas_m": "4,556", "status": "Operasi", "sub_status": "Operasi Penuh", "region": "Jabodetabek", "bujt": "PT. Jasamarga (Persero) Tbk", "kodefikasi": "B10", "no": 3, "shape_leng": 0, "keterangan": " ", "creator": null, "created": null, "updater": null, "updated": null, "sync_state": 0, "last_sync": 1765414802000, "Nm_Ruas": null, "Status": null, "Propinsi": null, "Kab_Kot": null, "Panjang": null, "Segmen": null, "Satwil": null }, "geometry": { "type": "Point", "coordinates": [ 106.779872959000045, -6.12458311499995 ] } },
{ "type": "Feature", "properties": { "orig_fid": 475, "id": 84, "objectid": 475, "kode_ruas": "ps", "ruas": "Prof. Dr. Ir. Soedijatmo", "kode_gt": "ps_cengkareng", "nama": "GT CENGKARENG", "seksi": 0, "sta": "11+256", "foto": "http://gis.bpjt.pu.go.id/data/foto/gt/gtcengkaren*", "layer": "Gerbang Tol", "koord_x": "106.696339404262", "koord_y": "-6.10580256190873", "jml_gardu": "20", "jmlgrdrvs": " ", "jml_lajur": "20", "panjang_m": " 343", "luas_m": "13,569", "status": "Operasi", "sub_status": "Operasi Penuh", "region": "Jabodetabek", "bujt": "PT. Jasamarga (Persero) Tbk", "kodefikasi": "B10", "no": 7, "shape_leng": 0, "keterangan": "GT CENGKARENG", "creator": null, "created": null, "updater": null, "updated": null, "sync_state": 0, "last_sync": 1765414802000, "Nm_Ruas": null, "Status": null, "Propinsi": null, "Kab_Kot": null, "Panjang": null, "Segmen": null, "Satwil": null }, "geometry": { "type": "Point", "coordinates": [ 106.696339404000071, -6.105802561999951 ] } },
{ "type": "Feature", "properties": { "orig_fid": 476, "id": 0, "objectid": 476, "kode_ruas": "ps", "ruas": "Prof. Dr. Ir. Soedijatmo", "kode_gt": "ps_cengkareng2", "nama": "GT CENGKARENG 2", "seksi": 0, "sta": "11+256", "foto": " ", "layer": "Gerbang Tol", "koord_x": "106.697739263583", "koord_y": "-6.10516757527925", "jml_gardu": "20", "jmlgrdrvs": " ", "jml_lajur": "20", "panjang_m": " 343", "luas_m": "13,569", "status": "Operasi", "sub_status": "Operasi Penuh", "region": "Jabodetabek", "bujt": "PT. Jasamarga (Persero) Tbk", "kodefikasi": "B10", "no": 7, "shape_leng": 0, "keterangan": " ", "creator": null, "created": null, "updater": null, "updated": null, "sync_state": 0, "last_sync": 1765414802000, "Nm_Ruas": null, "Status": null, "Propinsi": null, "Kab_Kot": null, "Panjang": null, "Segmen": null, "Satwil": null }, "geometry": { "type": "Point", "coordinates": [ 106.697739264000063, -6.105167574999939 ] } },
{ "type": "Feature", "properties": { "orig_fid": 477, "id": 0, "objectid": 477, "kode_ruas": "ps", "ruas": "Prof. Dr. Ir. Soedijatmo", "kode_gt": "ps_kamal_utama", "nama": "GT KAMAL UTAMA", "seksi": 0, "sta": "11+256", "foto": " ", "layer": "Gerbang Tol", "koord_x": "106.734596993851", "koord_y": "-6.11680450128024", "jml_gardu": "20", "jmlgrdrvs": " ", "jml_lajur": "20", "panjang_m": " 343", "luas_m": "13,569", "status": "Operasi", "sub_status": "Operasi Penuh", "region": "Jabodetabek", "bujt": "PT. Jasamarga (Persero) Tbk", "kodefikasi": "B10", "no": 7, "shape_leng": 0, "keterangan": " ", "creator": null, "created": null, "updater": null, "updated": null, "sync_state": 0, "last_sync": 1765414802000, "Nm_Ruas": null, "Status": null, "Propinsi": null, "Kab_Kot": null, "Panjang": null, "Segmen": null, "Satwil": null }, "geometry": { "type": "Point", "coordinates": [ 106.734596994000071, -6.116804500999933 ] } },
{ "type": "Feature", "properties": { "orig_fid": 478, "id": 80, "objectid": 478, "kode_ruas": "jorre", "ruas": "JORR W2 Selatan", "kode_gt": "jorre_veteran2", "nama": "GT VETERAN 2", "seksi": 0, "sta": "16+800", "foto": "http://gis.bpjt.pu.go.id/data/foto/gt/gtveteran2.*", "layer": "Gerbang Tol", "koord_x": "106.765832889689", "koord_y": "-6.25960793609574", "jml_gardu": "3", "jmlgrdrvs": "0", "jml_lajur": "3", "panjang_m": "20", "luas_m": "300", "status": "Operasi", "sub_status": "Operasi Penuh", "region": "Jabodetabek", "bujt": "PT Jasa Marga (Persero) Tbk", "kodefikasi": "B31", "no": 1, "shape_leng": 0, "keterangan": "GT VETERAN 2", "creator": null, "created": null, "updater": null, "updated": null, "sync_state": 0, "last_sync": 1765414802000, "Nm_Ruas": null, "Status": null, "Propinsi": null, "Kab_Kot": null, "Panjang": null, "Segmen": null, "Satwil": null }, "geometry": { "type": "Point", "coordinates": [ 106.76583289000007, -6.259607935999952 ] } },
{ "type": "Feature", "properties": { "orig_fid": 479, "id": 85, "objectid": 479, "kode_ruas": "jorre", "ruas": "JORR W2 Selatan", "kode_gt": "jorre_veteran1", "nama": "GT VETERAN", "seksi": 0, "sta": "17+800", "foto": "http://gis.bpjt.pu.go.id/data/foto/gt/gtveteran1.*", "layer": "Gerbang Tol", "koord_x": "106.76801156448", "koord_y": "-6.2639931673069", "jml_gardu": "4", "jmlgrdrvs": "0", "jml_lajur": "4", "panjang_m": "80", "luas_m": "1200", "status": "Operasi", "sub_status": "Operasi Penuh", "region": "Jabodetabek", "bujt": "PT Jasa Marga (Persero) Tbk", "kodefikasi": "B31", "no": 2, "shape_leng": 0, "keterangan": "GT VETERAN 1", "creator": null, "created": null, "updater": null, "updated": null, "sync_state": 0, "last_sync": 1765414802000, "Nm_Ruas": null, "Status": null, "Propinsi": null, "Kab_Kot": null, "Panjang": null, "Segmen": null, "Satwil": null }, "geometry": { "type": "Point", "coordinates": [ 106.768011564000062, -6.263993166999967 ] } },
{ "type": "Feature", "properties": { "orig_fid": 480, "id": 0, "objectid": 480, "kode_ruas": " ", "ruas": "JORR W2 Selatan", "kode_gt": " ", "nama": "GT CIPUTAT 2", "seksi": 0, "sta": "18+600", "foto": " ", "layer": "Gerbang Tol", "koord_x": "106.768283600678", "koord_y": "-6.27684224448879", "jml_gardu": "3", "jmlgrdrvs": "0", "jml_lajur": "3", "panjang_m": "60", "luas_m": "480", "status": "Operasi", "sub_status": "Operasi Penuh", "region": "Jabodetabek", "bujt": "PT Jasa Marga (Persero) Tbk", "kodefikasi": "B31", "no": 3, "shape_leng": 0, "keterangan": " ", "creator": null, "created": null, "updater": null, "updated": null, "sync_state": 0, "last_sync": 1765414802000, "Nm_Ruas": null, "Status": null, "Propinsi": null, "Kab_Kot": null, "Panjang": null, "Segmen": null, "Satwil": null }, "geometry": { "type": "Point", "coordinates": [ 106.768283601000064, -6.276842243999965 ] } },
{ "type": "Feature", "properties": { "orig_fid": 481, "id": 0, "objectid": 481, "kode_ruas": " ", "ruas": "JORR W2 Selatan", "kode_gt": " ", "nama": "GT CIPUTAT 1", "seksi": 0, "sta": " ", "foto": " ", "layer": "Gerbang Tol", "koord_x": "106.774579936544", "koord_y": "-6.28400958696389", "jml_gardu": "3", "jmlgrdrvs": "0", "jml_lajur": "3", "panjang_m": " ", "luas_m": " ", "status": "Operasi", "sub_status": "Operasi Penuh", "region": "Jabodetabek", "bujt": "PT Jasa Marga (Persero) Tbk", "kodefikasi": "B31", "no": 4, "shape_leng": 0, "keterangan": " ", "creator": null, "created": null, "updater": null, "updated": null, "sync_state": 0, "last_sync": 1765414802000, "Nm_Ruas": null, "Status": null, "Propinsi": null, "Kab_Kot": null, "Panjang": null, "Segmen": null, "Satwil": null }, "geometry": { "type": "Point", "coordinates": [ 106.774579937000055, -6.284009586999957 ] } },
{ "type": "Feature", "properties": { "orig_fid": 482, "id": 264, "objectid": 482, "kode_ruas": "jorrw2", "ruas": "JORR W2 Utara (Ciledug - Ulujami)", "kode_gt": "jorrw2_ciledug3", "nama": "GT CILEDUG 3", "seksi": 0, "sta": " ", "foto": "http://gis.bpjt.pu.go.id/data/foto/gt/gtciledug3-*", "layer": "Gerbang Tol", "koord_x": "106.758587821047", "koord_y": "-6.24036132561463", "jml_gardu": " ", "jmlgrdrvs": " ", "jml_lajur": " ", "panjang_m": " ", "luas_m": " ", "status": "Operasi", "sub_status": "Operasi Penuh", "region": "Jabodetabek", "bujt": "PT Marga Lingkar Jakarta", "kodefikasi": "B12", "no": 10, "shape_leng": 0, "keterangan": "GT CILEDUG 3", "creator": null, "created": null, "updater": null, "updated": null, "sync_state": 0, "last_sync": 1765414802000, "Nm_Ruas": null, "Status": null, "Propinsi": null, "Kab_Kot": null, "Panjang": null, "Segmen": null, "Satwil": null }, "geometry": { "type": "Point", "coordinates": [ 106.758587821000049, -6.24036132599997 ] } },
{ "type": "Feature", "properties": { "orig_fid": 483, "id": 263, "objectid": 483, "kode_ruas": "jorrw2", "ruas": "JORR W2 Utara (Ciledug - Ulujami)", "kode_gt": "jorrw2_ciledug1", "nama": "GT CILEDUG 1", "seksi": 0, "sta": " ", "foto": "http://gis.bpjt.pu.go.id/data/foto/gt/gtciledug1-*", "layer": "Gerbang Tol", "koord_x": "106.758289601044", "koord_y": "-6.23911883690787", "jml_gardu": " ", "jmlgrdrvs": " ", "jml_lajur": " ", "panjang_m": " ", "luas_m": " ", "status": "Operasi", "sub_status": "Operasi Penuh", "region": "Jabodetabek", "bujt": "PT Marga Lingkar Jakarta", "kodefikasi": "B12", "no": 9, "shape_leng": 0, "keterangan": "GT CILEDUG 1", "creator": null, "created": null, "updater": null, "updated": null, "sync_state": 0, "last_sync": 1765414802000, "Nm_Ruas": null, "Status": null, "Propinsi": null, "Kab_Kot": null, "Panjang": null, "Segmen": null, "Satwil": null }, "geometry": { "type": "Point", "coordinates": [ 106.758289601000058, -6.239118836999978 ] } },
{ "type": "Feature", "properties": { "orig_fid": 484, "id": 262, "objectid": 484, "kode_ruas": "jorrw2", "ruas": "JORR W2 Utara (Ciledug - Ulujami)", "kode_gt": "jorrw2_ciledug2", "nama": "GT CILEDUG 2", "seksi": 0, "sta": " ", "foto": "http://gis.bpjt.pu.go.id/data/foto/gt/gtciledug2-*", "layer": "Gerbang Tol", "koord_x": "106.754846536819", "koord_y": "-6.23359957192944", "jml_gardu": " ", "jmlgrdrvs": " ", "jml_lajur": " ", "panjang_m": " ", "luas_m": " ", "status": "Operasi", "sub_status": "Operasi Penuh", "region": "Jabodetabek", "bujt": "PT Marga Lingkar Jakarta", "kodefikasi": "B12", "no": 8, "shape_leng": 0, "keterangan": "GT CILEDUG 2", "creator": null, "created": null, "updater": null, "updated": null, "sync_state": 0, "last_sync": 1765414802000, "Nm_Ruas": null, "Status": null, "Propinsi": null, "Kab_Kot": null, "Panjang": null, "Segmen": null, "Satwil": null }, "geometry": { "type": "Point", "coordinates": [ 106.754846537000049, -6.233599571999946 ] } },
{ "type": "Feature", "properties": { "orig_fid": 485, "id": 257, "objectid": 485, "kode_ruas": "jorrw2", "ruas": "JORR W2 Utara (Ciledug - Ulujami)", "kode_gt": "jorrw2_ciledug4", "nama": "GT CILEDUG 4", "seksi": 0, "sta": " ", "foto": "http://gis.bpjt.pu.go.id/data/foto/gtgtciledug4.j*", "layer": "Gerbang Tol", "koord_x": "106.754170661085", "koord_y": "-6.23263030029508", "jml_gardu": " ", "jmlgrdrvs": " ", "jml_lajur": " ", "panjang_m": " ", "luas_m": " ", "status": "Operasi", "sub_status": "Operasi Penuh", "region": "Jabodetabek", "bujt": "PT Marga Lingkar Jakarta", "kodefikasi": "B12", "no": 7, "shape_leng": 0, "keterangan": "GT CILEDUG 4", "creator": null, "created": null, "updater": null, "updated": null, "sync_state": 0, "last_sync": 1765414802000, "Nm_Ruas": null, "Status": null, "Propinsi": null, "Kab_Kot": null, "Panjang": null, "Segmen": null, "Satwil": null }, "geometry": { "type": "Point", "coordinates": [ 106.754170661000046, -6.232630299999926 ] } },
{ "type": "Feature", "properties": { "orig_fid": 486, "id": 258, "objectid": 486, "kode_ruas": "jorrw2", "ruas": "JORR W2 Utara (Ciledug - Ulujami)", "kode_gt": "jorrw2_joglo3", "nama": "GT JOGLO 3", "seksi": 0, "sta": " ", "foto": "http://gis.bpjt.pu.go.id/data/foto/gt/gtjoglo3.jpg", "layer": "Gerbang Tol", "koord_x": "106.747717422665", "koord_y": "-6.2219991095063", "jml_gardu": " ", "jmlgrdrvs": " ", "jml_lajur": " ", "panjang_m": " ", "luas_m": " ", "status": "Operasi", "sub_status": "Operasi Penuh", "region": "Jabodetabek", "bujt": "PT Marga Lingkar Jakarta", "kodefikasi": "B12", "no": 6, "shape_leng": 0, "keterangan": "GT JOGLO 3", "creator": null, "created": null, "updater": null, "updated": null, "sync_state": 0, "last_sync": 1765414802000, "Nm_Ruas": null, "Status": null, "Propinsi": null, "Kab_Kot": null, "Panjang": null, "Segmen": null, "Satwil": null }, "geometry": { "type": "Point", "coordinates": [ 106.74771742300004, -6.221999109999956 ] } },
{ "type": "Feature", "properties": { "orig_fid": 487, "id": 299, "objectid": 487, "kode_ruas": "jorrw2", "ruas": "JORR W2 Utara (Ciledug - Ulujami)", "kode_gt": "jorrw2_joglo2", "nama": "GT JOGLO 2", "seksi": 0, "sta": " ", "foto": "http://gis.bpjt.pu.go.id/data/foto/gt/gtjoglo2.jpg", "layer": "Gerbang Tol", "koord_x": "106.744045732832", "koord_y": "-6.21637797475703", "jml_gardu": " ", "jmlgrdrvs": " ", "jml_lajur": " ", "panjang_m": " ", "luas_m": " ", "status": "Operasi", "sub_status": "Operasi Penuh", "region": "Jabodetabek", "bujt": "PT Marga Lingkar Jakarta", "kodefikasi": "B12", "no": 5, "shape_leng": 0, "keterangan": "GT JOGLO 2", "creator": null, "created": null, "updater": null, "updated": null, "sync_state": 0, "last_sync": 1765414802000, "Nm_Ruas": null, "Status": null, "Propinsi": null, "Kab_Kot": null, "Panjang": null, "Segmen": null, "Satwil": null }, "geometry": { "type": "Point", "coordinates": [ 106.744045733000064, -6.216377974999943 ] } },
{ "type": "Feature", "properties": { "orig_fid": 488, "id": 259, "objectid": 488, "kode_ruas": "jorrw2", "ruas": "JORR W2 Utara (Ciledug - Ulujami)", "kode_gt": "jorrw2_joglo4", "nama": "GT JOGLO 4", "seksi": 0, "sta": " ", "foto": "http://gis.bpjt.pu.go.id/data/foto/gtgtjoglo4.jpg", "layer": "Gerbang Tol", "koord_x": "106.74356490345", "koord_y": "-6.21556935580628", "jml_gardu": " ", "jmlgrdrvs": " ", "jml_lajur": " ", "panjang_m": " ", "luas_m": " ", "status": "Operasi", "sub_status": "Operasi Penuh", "region": "Jabodetabek", "bujt": "PT Marga Lingkar Jakarta", "kodefikasi": "B12", "no": 4, "shape_leng": 0, "keterangan": "GT JOGLO 4", "creator": null, "created": null, "updater": null, "updated": null, "sync_state": 0, "last_sync": 1765414802000, "Nm_Ruas": null, "Status": null, "Propinsi": null, "Kab_Kot": null, "Panjang": null, "Segmen": null, "Satwil": null }, "geometry": { "type": "Point", "coordinates": [ 106.743564903000049, -6.215569355999946 ] } },
{ "type": "Feature", "properties": { "orig_fid": 489, "id": 261, "objectid": 489, "kode_ruas": "jorrw2", "ruas": "JORR W2 Utara (Ciledug - Ulujami)", "kode_gt": "jorrw2_meruya_selatan1", "nama": "GT MERUYA SELATAN 1", "seksi": 0, "sta": " ", "foto": "http://gis.bpjt.pu.go.id/data/foto/gt/gtmeruyasel*", "layer": "Gerbang Tol", "koord_x": "106.740215865529", "koord_y": "-6.20873845051148", "jml_gardu": " ", "jmlgrdrvs": " ", "jml_lajur": " ", "panjang_m": " ", "luas_m": " ", "status": "Operasi", "sub_status": "Operasi Penuh", "region": "Jabodetabek", "bujt": "PT Marga Lingkar Jakarta", "kodefikasi": "B12", "no": 3, "shape_leng": 0, "keterangan": "GT MERUYA SELATAN 1", "creator": null, "created": null, "updater": null, "updated": null, "sync_state": 0, "last_sync": 1765414802000, "Nm_Ruas": null, "Status": null, "Propinsi": null, "Kab_Kot": null, "Panjang": null, "Segmen": null, "Satwil": null }, "geometry": { "type": "Point", "coordinates": [ 106.740215866000085, -6.208738450999931 ] } },
{ "type": "Feature", "properties": { "orig_fid": 490, "id": 260, "objectid": 490, "kode_ruas": "jorrw2", "ruas": "JORR W2 Utara (Ciledug - Ulujami)", "kode_gt": "jorrw2_meruya_selatan2", "nama": "GT MERUYA SELATAN 2", "seksi": 0, "sta": " ", "foto": "http://gis.bpjt.pu.go.id/data/foto/gt/gtmeruyasel*", "layer": "Gerbang Tol", "koord_x": "106.737279526842", "koord_y": "-6.20413984741409", "jml_gardu": " ", "jmlgrdrvs": " ", "jml_lajur": " ", "panjang_m": " ", "luas_m": " ", "status": "Operasi", "sub_status": "Operasi Penuh", "region": "Jabodetabek", "bujt": "PT Marga Lingkar Jakarta", "kodefikasi": "B12", "no": 2, "shape_leng": 0, "keterangan": "GT MERUYA SELATAN 2", "creator": null, "created": null, "updater": null, "updated": null, "sync_state": 0, "last_sync": 1765414802000, "Nm_Ruas": null, "Status": null, "Propinsi": null, "Kab_Kot": null, "Panjang": null, "Segmen": null, "Satwil": null }, "geometry": { "type": "Point", "coordinates": [ 106.737279527000055, -6.204139846999965 ] } },
{ "type": "Feature", "properties": { "orig_fid": 491, "id": 266, "objectid": 491, "kode_ruas": "jorrw2", "ruas": "JORR W2 Utara (Ciledug - Ulujami)", "kode_gt": "jorrw2_meruya_utama1", "nama": "GT MERUYA UTAMA 1", "seksi": 0, "sta": " ", "foto": "http://gis.bpjt.pu.go.id/data/foto/gt/gtmeruyauta*", "layer": "Gerbang Tol", "koord_x": "106.732715296828", "koord_y": "-6.19394521598448", "jml_gardu": " ", "jmlgrdrvs": " ", "jml_lajur": " ", "panjang_m": " ", "luas_m": " ", "status": "Operasi", "sub_status": "Operasi Penuh", "region": "Jabodetabek", "bujt": "PT Marga Lingkar Jakarta", "kodefikasi": "B12", "no": 1, "shape_leng": 0, "keterangan": "GT MERUYA UTAMA 1", "creator": null, "created": null, "updater": null, "updated": null, "sync_state": 0, "last_sync": 1765414802000, "Nm_Ruas": null, "Status": null, "Propinsi": null, "Kab_Kot": null, "Panjang": null, "Segmen": null, "Satwil": null }, "geometry": { "type": "Point", "coordinates": [ 106.732715297000084, -6.193945215999975 ] } },
{ "type": "Feature", "properties": { "orig_fid": 492, "id": 12, "objectid": 492, "kode_ruas": "janger", "ruas": "Jakarta-Tangerang", "kode_gt": "janger_karawaci_barat", "nama": "GT KARAWACI BARAT", "seksi": 0, "sta": " ", "foto": "http://gis.bpjt.pu.go.id/data/foto/gt/gtkarawacib*", "layer": "Gerbang Tol", "koord_x": "106.614047672343", "koord_y": "-6.2268182154737", "jml_gardu": " ", "jmlgrdrvs": " ", "jml_lajur": " ", "panjang_m": " ", "luas_m": " ", "status": "Operasi", "sub_status": "Operasi Penuh", "region": "Jabodetabek", "bujt": "PT Jasa Marga (Persero) Tbk", "kodefikasi": "B01", "no": 0, "shape_leng": 0, "keterangan": "GT KARAWACI BARAT", "creator": null, "created": null, "updater": null, "updated": null, "sync_state": 0, "last_sync": 1765414802000, "Nm_Ruas": null, "Status": null, "Propinsi": null, "Kab_Kot": null, "Panjang": null, "Segmen": null, "Satwil": null }, "geometry": { "type": "Point", "coordinates": [ 106.614047672000083, -6.22681821499998 ] } },
{ "type": "Feature", "properties": { "orig_fid": 493, "id": 282, "objectid": 493, "kode_ruas": "janger", "ruas": "Jakarta-Tangerang", "kode_gt": "janger_karawaci1", "nama": "GT KARAWACI 1", "seksi": 0, "sta": " ", "foto": "http://gis.bpjt.pu.go.id/data/foto/gt/gtkarawaci1*", "layer": "Gerbang Tol", "koord_x": "106.616433268748", "koord_y": "-6.22661981918576", "jml_gardu": " ", "jmlgrdrvs": " ", "jml_lajur": " ", "panjang_m": " ", "luas_m": " ", "status": "Operasi", "sub_status": "Operasi Penuh", "region": "Jabodetabek", "bujt": "PT Jasa Marga (Persero) Tbk", "kodefikasi": "B01", "no": 0, "shape_leng": 0, "keterangan": "GT KARAWACI 1", "creator": null, "created": null, "updater": null, "updated": null, "sync_state": 0, "last_sync": 1765414802000, "Nm_Ruas": null, "Status": null, "Propinsi": null, "Kab_Kot": null, "Panjang": null, "Segmen": null, "Satwil": null }, "geometry": { "type": "Point", "coordinates": [ 106.616433269000083, -6.22661981899995 ] } },
{ "type": "Feature", "properties": { "orig_fid": 494, "id": 283, "objectid": 494, "kode_ruas": "janger", "ruas": "Jakarta-Tangerang", "kode_gt": "janger_karawaci2", "nama": "GT KARAWACI 2", "seksi": 0, "sta": " ", "foto": "http://gis.bpjt.pu.go.id/data/foto/gt/notfound.jpg", "layer": "Gerbang Tol", "koord_x": "106.616495879056", "koord_y": "-6.22475895124943", "jml_gardu": " ", "jmlgrdrvs": " ", "jml_lajur": " ", "panjang_m": " ", "luas_m": " ", "status": "Operasi", "sub_status": "Operasi Penuh", "region": "Jabodetabek", "bujt": "PT Jasa Marga (Persero) Tbk", "kodefikasi": "B01", "no": 0, "shape_leng": 0, "keterangan": "GT KARAWACI 2", "creator": null, "created": null, "updater": null, "updated": null, "sync_state": 0, "last_sync": 1765414802000, "Nm_Ruas": null, "Status": null, "Propinsi": null, "Kab_Kot": null, "Panjang": null, "Segmen": null, "Satwil": null }, "geometry": { "type": "Point", "coordinates": [ 106.61649587900007, -6.224758950999956 ] } },
{ "type": "Feature", "properties": { "orig_fid": 495, "id": 23, "objectid": 495, "kode_ruas": "janger", "ruas": "Jakarta-Tangerang", "kode_gt": "janger_karawaci_timur", "nama": "GT KARAWACI TIMUR", "seksi": 0, "sta": " ", "foto": "http://gis.bpjt.pu.go.id/data/foto/gt/notfound.jpg", "layer": "Gerbang Tol", "koord_x": "106.62162522919", "koord_y": "-6.22306496138113", "jml_gardu": " ", "jmlgrdrvs": " ", "jml_lajur": " ", "panjang_m": " ", "luas_m": " ", "status": "Operasi", "sub_status": "Operasi Penuh", "region": "Jabodetabek", "bujt": "PT Jasa Marga (Persero) Tbk", "kodefikasi": "B01", "no": 0, "shape_leng": 0, "keterangan": "GT KARAWACI TIMUR", "creator": null, "created": null, "updater": null, "updated": null, "sync_state": 0, "last_sync": 1765414802000, "Nm_Ruas": null, "Status": null, "Propinsi": null, "Kab_Kot": null, "Panjang": null, "Segmen": null, "Satwil": null }, "geometry": { "type": "Point", "coordinates": [ 106.621625229000074, -6.223064960999977 ] } },
{ "type": "Feature", "properties": { "orig_fid": 496, "id": 28, "objectid": 496, "kode_ruas": "janger", "ruas": "Jakarta-Tangerang", "kode_gt": "janger_tangerang2", "nama": "GT TANGERANG 2", "seksi": 0, "sta": " ", "foto": "http://gis.bpjt.pu.go.id/data/foto/gt/gttangerang*", "layer": "Gerbang Tol", "koord_x": "106.637829364651", "koord_y": "-6.22160687773481", "jml_gardu": " ", "jmlgrdrvs": " ", "jml_lajur": " ", "panjang_m": " ", "luas_m": " ", "status": "Operasi", "sub_status": "Operasi Penuh", "region": "Jabodetabek", "bujt": "PT Jasa Marga (Persero) Tbk", "kodefikasi": "B01", "no": 0, "shape_leng": 0, "keterangan": "GT TANGERANG 2", "creator": null, "created": null, "updater": null, "updated": null, "sync_state": 0, "last_sync": 1765414802000, "Nm_Ruas": null, "Status": null, "Propinsi": null, "Kab_Kot": null, "Panjang": null, "Segmen": null, "Satwil": null }, "geometry": { "type": "Point", "coordinates": [ 106.637829365000073, -6.221606877999932 ] } },
{ "type": "Feature", "properties": { "orig_fid": 497, "id": 29, "objectid": 497, "kode_ruas": "janger", "ruas": "Jakarta-Tangerang", "kode_gt": "janger_tangerang_utama", "nama": "GT TANGERANG UTAMA", "seksi": 0, "sta": " ", "foto": "http://gis.bpjt.pu.go.id/data/foto/gt/gttangerang*", "layer": "Gerbang Tol", "koord_x": "106.635553136865", "koord_y": "-6.22039682362942", "jml_gardu": " ", "jmlgrdrvs": " ", "jml_lajur": " ", "panjang_m": " ", "luas_m": " ", "status": "Operasi", "sub_status": "Operasi Penuh", "region": "Jabodetabek", "bujt": "PT Jasa Marga (Persero) Tbk", "kodefikasi": "B01", "no": 0, "shape_leng": 0, "keterangan": "GT TANGERANG UTAMA", "creator": null, "created": null, "updater": null, "updated": null, "sync_state": 0, "last_sync": 1765414802000, "Nm_Ruas": null, "Status": null, "Propinsi": null, "Kab_Kot": null, "Panjang": null, "Segmen": null, "Satwil": null }, "geometry": { "type": "Point", "coordinates": [ 106.635553137000045, -6.220396823999977 ] } },
{ "type": "Feature", "properties": { "orig_fid": 498, "id": 4, "objectid": 498, "kode_ruas": "janger", "ruas": "Jakarta-Tangerang", "kode_gt": "janger_tangerang1", "nama": "GT TANGERANG 1", "seksi": 0, "sta": " ", "foto": "http://gis.bpjt.pu.go.id/data/foto/gt/gttangerang*", "layer": "Gerbang Tol", "koord_x": "106.639506978437", "koord_y": "-6.22235427313269", "jml_gardu": " ", "jmlgrdrvs": " ", "jml_lajur": " ", "panjang_m": " ", "luas_m": " ", "status": "Operasi", "sub_status": "Operasi Penuh", "region": "Jabodetabek", "bujt": "PT Jasa Marga (Persero) Tbk", "kodefikasi": "B01", "no": 0, "shape_leng": 0, "keterangan": "GT TANGERANG 1", "creator": null, "created": null, "updater": null, "updated": null, "sync_state": 0, "last_sync": 1765414802000, "Nm_Ruas": null, "Status": null, "Propinsi": null, "Kab_Kot": null, "Panjang": null, "Segmen": null, "Satwil": null }, "geometry": { "type": "Point", "coordinates": [ 106.639506978000043, -6.222354272999951 ] } },
{ "type": "Feature", "properties": { "orig_fid": 499, "id": 0, "objectid": 499, "kode_ruas": "janger", "ruas": "Jakarta-Tangerang", "kode_gt": "janger_kunciran5", "nama": "GT KUNCIRAN 5", "seksi": 0, "sta": " ", "foto": " ", "layer": "Gerbang Tol", "koord_x": "106.662514930454", "koord_y": "-6.21828679889414", "jml_gardu": " ", "jmlgrdrvs": " ", "jml_lajur": " ", "panjang_m": " ", "luas_m": " ", "status": "Operasi", "sub_status": "Operasi Penuh", "region": "Jabodetabek", "bujt": "PT Jasa Marga (Persero) Tbk", "kodefikasi": "B01", "no": 0, "shape_leng": 0, "keterangan": " ", "creator": null, "created": null, "updater": null, "updated": null, "sync_state": 0, "last_sync": 1765414802000, "Nm_Ruas": null, "Status": null, "Propinsi": null, "Kab_Kot": null, "Panjang": null, "Segmen": null, "Satwil": null }, "geometry": { "type": "Point", "coordinates": [ 106.662514930000043, -6.218286798999941 ] } },
{ "type": "Feature", "properties": { "orig_fid": 500, "id": 0, "objectid": 500, "kode_ruas": "janger", "ruas": "Jakarta-Tangerang", "kode_gt": "janger_kunciran4", "nama": "GT KUNCIRAN 4", "seksi": 0, "sta": " ", "foto": " ", "layer": "Gerbang Tol", "koord_x": "106.668674261596", "koord_y": "-6.22011622259048", "jml_gardu": " ", "jmlgrdrvs": " ", "jml_lajur": " ", "panjang_m": " ", "luas_m": " ", "status": "Operasi", "sub_status": "Operasi Penuh", "region": "Jabodetabek", "bujt": "PT Jasa Marga (Persero) Tbk", "kodefikasi": "B01", "no": 0, "shape_leng": 0, "keterangan": " ", "creator": null, "created": null, "updater": null, "updated": null, "sync_state": 0, "last_sync": 1765414802000, "Nm_Ruas": null, "Status": null, "Propinsi": null, "Kab_Kot": null, "Panjang": null, "Segmen": null, "Satwil": null }, "geometry": { "type": "Point", "coordinates": [ 106.668674262000081, -6.220116222999934 ] } },
{ "type": "Feature", "properties": { "orig_fid": 501, "id": 0, "objectid": 501, "kode_ruas": "janger", "ruas": "Jakarta-Tangerang", "kode_gt": "janger_kunciran3", "nama": "GT KUNCIRAN 3", "seksi": 0, "sta": " ", "foto": " ", "layer": "Gerbang Tol", "koord_x": "106.669178975443", "koord_y": "-6.21989879202935", "jml_gardu": " ", "jmlgrdrvs": " ", "jml_lajur": " ", "panjang_m": " ", "luas_m": " ", "status": "Operasi", "sub_status": "Operasi Penuh", "region": "Jabodetabek", "bujt": "PT Jasa Marga (Persero) Tbk", "kodefikasi": "B01", "no": 0, "shape_leng": 0, "keterangan": " ", "creator": null, "created": null, "updater": null, "updated": null, "sync_state": 0, "last_sync": 1765414802000, "Nm_Ruas": null, "Status": null, "Propinsi": null, "Kab_Kot": null, "Panjang": null, "Segmen": null, "Satwil": null }, "geometry": { "type": "Point", "coordinates": [ 106.669178975000079, -6.219898791999981 ] } },
{ "type": "Feature", "properties": { "orig_fid": 502, "id": 0, "objectid": 502, "kode_ruas": "janger", "ruas": "Jakarta-Tangerang", "kode_gt": "janger_kunciran7", "nama": "GT KUNCIRAN 7", "seksi": 0, "sta": " ", "foto": " ", "layer": "Gerbang Tol", "koord_x": "106.665351059231", "koord_y": "-6.21560540606385", "jml_gardu": " ", "jmlgrdrvs": " ", "jml_lajur": " ", "panjang_m": " ", "luas_m": " ", "status": "Operasi", "sub_status": "Operasi Penuh", "region": "Jabodetabek", "bujt": "PT Jasa Marga (Persero) Tbk", "kodefikasi": "B01", "no": 0, "shape_leng": 0, "keterangan": " ", "creator": null, "created": null, "updater": null, "updated": null, "sync_state": 0, "last_sync": 1765414802000, "Nm_Ruas": null, "Status": null, "Propinsi": null, "Kab_Kot": null, "Panjang": null, "Segmen": null, "Satwil": null }, "geometry": { "type": "Point", "coordinates": [ 106.665351059000045, -6.215605405999952 ] } },
{ "type": "Feature", "properties": { "orig_fid": 503, "id": 0, "objectid": 503, "kode_ruas": "janger", "ruas": "Jakarta-Tangerang", "kode_gt": "janger_kunciran2", "nama": "GT KUNCIRAN 2 (GTO)", "seksi": 0, "sta": " ", "foto": " ", "layer": "Gerbang Tol", "koord_x": "106.668027213773", "koord_y": "-6.21736454296026", "jml_gardu": " ", "jmlgrdrvs": " ", "jml_lajur": " ", "panjang_m": " ", "luas_m": " ", "status": "Operasi", "sub_status": "Operasi Penuh", "region": "Jabodetabek", "bujt": "PT Jasa Marga (Persero) Tbk", "kodefikasi": "B01", "no": 0, "shape_leng": 0, "keterangan": " ", "creator": null, "created": null, "updater": null, "updated": null, "sync_state": 0, "last_sync": 1765414802000, "Nm_Ruas": null, "Status": null, "Propinsi": null, "Kab_Kot": null, "Panjang": null, "Segmen": null, "Satwil": null }, "geometry": { "type": "Point", "coordinates": [ 106.668027214000062, -6.217364542999974 ] } },
{ "type": "Feature", "properties": { "orig_fid": 504, "id": 0, "objectid": 504, "kode_ruas": "janger", "ruas": "Jakarta-Tangerang", "kode_gt": "janger_kunciran2", "nama": "GT KUNCIRAN 2", "seksi": 0, "sta": " ", "foto": " ", "layer": "Gerbang Tol", "koord_x": "106.668589695994", "koord_y": "-6.21712572803318", "jml_gardu": " ", "jmlgrdrvs": " ", "jml_lajur": " ", "panjang_m": " ", "luas_m": " ", "status": "Operasi", "sub_status": "Operasi Penuh", "region": "Jabodetabek", "bujt": "PT Jasa Marga (Persero) Tbk", "kodefikasi": "B01", "no": 0, "shape_leng": 0, "keterangan": " ", "creator": null, "created": null, "updater": null, "updated": null, "sync_state": 0, "last_sync": 1765414802000, "Nm_Ruas": null, "Status": null, "Propinsi": null, "Kab_Kot": null, "Panjang": null, "Segmen": null, "Satwil": null }, "geometry": { "type": "Point", "coordinates": [ 106.668589696000083, -6.217125727999928 ] } },
{ "type": "Feature", "properties": { "orig_fid": 505, "id": 0, "objectid": 505, "kode_ruas": "janger", "ruas": "Jakarta-Tangerang", "kode_gt": "janger_kunciran6", "nama": "GT KUNCIRAN 6", "seksi": 0, "sta": " ", "foto": " ", "layer": "Gerbang Tol", "koord_x": "106.66818154856", "koord_y": "-6.21655317772003", "jml_gardu": " ", "jmlgrdrvs": " ", "jml_lajur": " ", "panjang_m": " ", "luas_m": " ", "status": "Operasi", "sub_status": "Operasi Penuh", "region": "Jabodetabek", "bujt": "PT Jasa Marga (Persero) Tbk", "kodefikasi": "B01", "no": 0, "shape_leng": 0, "keterangan": " ", "creator": null, "created": null, "updater": null, "updated": null, "sync_state": 0, "last_sync": 1765414802000, "Nm_Ruas": null, "Status": null, "Propinsi": null, "Kab_Kot": null, "Panjang": null, "Segmen": null, "Satwil": null }, "geometry": { "type": "Point", "coordinates": [ 106.668181549000053, -6.21655317799997 ] } },
{ "type": "Feature", "properties": { "orig_fid": 506, "id": 46, "objectid": 506, "kode_ruas": "janger", "ruas": "Jakarta-Tangerang", "kode_gt": "janger_karang_tengah_barat2", "nama": "GT KARANG TENGAH BARAT 2", "seksi": 0, "sta": " ", "foto": "http://gis.bpjt.pu.go.id/data/foto/gt/gtkarangten*", "layer": "Gerbang Tol", "koord_x": "106.703285519886", "koord_y": "-6.20373349186807", "jml_gardu": " ", "jmlgrdrvs": " ", "jml_lajur": " ", "panjang_m": " ", "luas_m": " ", "status": "Operasi", "sub_status": "Operasi Penuh", "region": "Jabodetabek", "bujt": "PT Jasa Marga (Persero) Tbk", "kodefikasi": "B01", "no": 0, "shape_leng": 0, "keterangan": "GT KARANG TENGAH BARAT 2", "creator": null, "created": null, "updater": null, "updated": null, "sync_state": 0, "last_sync": 1765414802000, "Nm_Ruas": null, "Status": null, "Propinsi": null, "Kab_Kot": null, "Panjang": null, "Segmen": null, "Satwil": null }, "geometry": { "type": "Point", "coordinates": [ 106.703285520000065, -6.203733491999969 ] } },
{ "type": "Feature", "properties": { "orig_fid": 507, "id": 65, "objectid": 507, "kode_ruas": "janger", "ruas": "Jakarta-Tangerang", "kode_gt": "janger_karang_tengah_barat1", "nama": "GT KARANG TENGAH BARAT 1", "seksi": 0, "sta": " ", "foto": "http://gis.bpjt.pu.go.id/data/foto/gt/gtkarangten*", "layer": "Gerbang Tol", "koord_x": "106.703112869339", "koord_y": "-6.20470465536003", "jml_gardu": " ", "jmlgrdrvs": " ", "jml_lajur": " ", "panjang_m": " ", "luas_m": " ", "status": "Operasi", "sub_status": "Operasi Penuh", "region": "Jabodetabek", "bujt": "PT Jasa Marga (Persero) Tbk", "kodefikasi": "B01", "no": 0, "shape_leng": 0, "keterangan": "GT KARANG TENGAH BARAT 1", "creator": null, "created": null, "updater": null, "updated": null, "sync_state": 0, "last_sync": 1765414802000, "Nm_Ruas": null, "Status": null, "Propinsi": null, "Kab_Kot": null, "Panjang": null, "Segmen": null, "Satwil": null }, "geometry": { "type": "Point", "coordinates": [ 106.703112869000051, -6.204704654999944 ] } },
{ "type": "Feature", "properties": { "orig_fid": 508, "id": 357, "objectid": 508, "kode_ruas": "janger", "ruas": "Jakarta-Tangerang", "kode_gt": "janger_karang_tengah_barat2", "nama": "GT KARANG TENGAH BARAT 2", "seksi": 0, "sta": " ", "foto": "http://gis.bpjt.pu.go.id/data/foto/gt/gtkarangten*", "layer": "Gerbang Tol", "koord_x": "106.705714358189", "koord_y": "-6.2020964982434", "jml_gardu": " ", "jmlgrdrvs": " ", "jml_lajur": " ", "panjang_m": " ", "luas_m": " ", "status": "Operasi", "sub_status": "Operasi Penuh", "region": "Jabodetabek", "bujt": "PT Jasa Marga (Persero) Tbk", "kodefikasi": "B01", "no": 0, "shape_leng": 0, "keterangan": "GT KARANG TENGAH BARAT 2", "creator": null, "created": null, "updater": null, "updated": null, "sync_state": 0, "last_sync": 1765414802000, "Nm_Ruas": null, "Status": null, "Propinsi": null, "Kab_Kot": null, "Panjang": null, "Segmen": null, "Satwil": null }, "geometry": { "type": "Point", "coordinates": [ 106.70571435800008, -6.202096497999946 ] } },
{ "type": "Feature", "properties": { "orig_fid": 509, "id": 0, "objectid": 509, "kode_ruas": "janger", "ruas": "Jakarta-Tangerang", "kode_gt": "janger_karang_tengah_barat2", "nama": "GT KARANG TENGAH BARAT 2", "seksi": 0, "sta": " ", "foto": " ", "layer": "Gerbang Tol", "koord_x": "106.706590906109", "koord_y": "-6.20193674834788", "jml_gardu": " ", "jmlgrdrvs": " ", "jml_lajur": " ", "panjang_m": " ", "luas_m": " ", "status": "Operasi", "sub_status": "Operasi Penuh", "region": "Jabodetabek", "bujt": "PT Jasa Marga (Persero) Tbk", "kodefikasi": "B01", "no": 0, "shape_leng": 0, "keterangan": " ", "creator": null, "created": null, "updater": null, "updated": null, "sync_state": 0, "last_sync": 1765414802000, "Nm_Ruas": null, "Status": null, "Propinsi": null, "Kab_Kot": null, "Panjang": null, "Segmen": null, "Satwil": null }, "geometry": { "type": "Point", "coordinates": [ 106.706590906000088, -6.20193674799998 ] } },
{ "type": "Feature", "properties": { "orig_fid": 510, "id": 0, "objectid": 510, "kode_ruas": "janger", "ruas": "Jakarta-Tangerang", "kode_gt": "janger_karang_tengah_barat1", "nama": "GT KARANG TENGAH BARAT 1", "seksi": 0, "sta": " ", "foto": " ", "layer": "Gerbang Tol", "koord_x": "106.713908748166", "koord_y": "-6.19637820640378", "jml_gardu": " ", "jmlgrdrvs": " ", "jml_lajur": " ", "panjang_m": " ", "luas_m": " ", "status": "Operasi", "sub_status": "Operasi Penuh", "region": "Jabodetabek", "bujt": "PT Jasa Marga (Persero) Tbk", "kodefikasi": "B01", "no": 0, "shape_leng": 0, "keterangan": " ", "creator": null, "created": null, "updater": null, "updated": null, "sync_state": 0, "last_sync": 1765414802000, "Nm_Ruas": null, "Status": null, "Propinsi": null, "Kab_Kot": null, "Panjang": null, "Segmen": null, "Satwil": null }, "geometry": { "type": "Point", "coordinates": [ 106.713908748000051, -6.196378205999963 ] } },
{ "type": "Feature", "properties": { "orig_fid": 511, "id": 21, "objectid": 511, "kode_ruas": "jorrw1", "ruas": "Jakarta-Tangerang", "kode_gt": "jorrw1_kembangan_selatan 1", "nama": "GT KEMBANGAN SELATAN", "seksi": 0, "sta": " ", "foto": "http://gis.bpjt.pu.go.id/data/foto/gt/gtkembangse*", "layer": "Gerbang Tol", "koord_x": "106.730254816142", "koord_y": "-6.18995715975727", "jml_gardu": " ", "jmlgrdrvs": " ", "jml_lajur": " ", "panjang_m": " ", "luas_m": " ", "status": "Operasi", "sub_status": "Operasi Penuh", "region": "Jabodetabek", "bujt": "PT Jasa Marga (Persero) Tbk", "kodefikasi": "B01", "no": 0, "shape_leng": 0, "keterangan": "GT KEMBANGAN SELATAN 1", "creator": null, "created": null, "updater": null, "updated": null, "sync_state": 0, "last_sync": 1765414802000, "Nm_Ruas": null, "Status": null, "Propinsi": null, "Kab_Kot": null, "Panjang": null, "Segmen": null, "Satwil": null }, "geometry": { "type": "Point", "coordinates": [ 106.73025481600007, -6.189957159999949 ] } },
{ "type": "Feature", "properties": { "orig_fid": 512, "id": 360, "objectid": 512, "kode_ruas": "janger", "ruas": "Jakarta-Tangerang", "kode_gt": "janger_meruya_utara1", "nama": "GT MERUYA UTARA 1", "seksi": 0, "sta": " ", "foto": "http://gis.bpjt.pu.go.id/data/foto/gt/gtmeruyauta*", "layer": "Gerbang Tol", "koord_x": "106.735988997259", "koord_y": "-6.19135361745725", "jml_gardu": " ", "jmlgrdrvs": " ", "jml_lajur": " ", "panjang_m": " ", "luas_m": " ", "status": "Operasi", "sub_status": "Operasi Penuh", "region": "Jabodetabek", "bujt": "PT Jasa Marga (Persero) Tbk", "kodefikasi": "B01", "no": 0, "shape_leng": 0, "keterangan": "GT MERUYA UTARA 1", "creator": null, "created": null, "updater": null, "updated": null, "sync_state": 0, "last_sync": 1765414802000, "Nm_Ruas": null, "Status": null, "Propinsi": null, "Kab_Kot": null, "Panjang": null, "Segmen": null, "Satwil": null }, "geometry": { "type": "Point", "coordinates": [ 106.735988997000049, -6.191353616999947 ] } },
{ "type": "Feature", "properties": { "orig_fid": 513, "id": 60, "objectid": 513, "kode_ruas": "janger", "ruas": "Jakarta-Tangerang", "kode_gt": "janger_meruya1", "nama": "GT MERUYA 1", "seksi": 0, "sta": " ", "foto": "http://gis.bpjt.pu.go.id/data/foto/gt/gtmeruya1.j*", "layer": "Gerbang Tol", "koord_x": "106.744755568198", "koord_y": "-6.19171755276693", "jml_gardu": " ", "jmlgrdrvs": " ", "jml_lajur": " ", "panjang_m": " ", "luas_m": " ", "status": "Operasi", "sub_status": "Operasi Penuh", "region": "Jabodetabek", "bujt": "PT Jasa Marga (Persero) Tbk", "kodefikasi": "B01", "no": 0, "shape_leng": 0, "keterangan": "GT MERUYA 1", "creator": null, "created": null, "updater": null, "updated": null, "sync_state": 0, "last_sync": 1765414802000, "Nm_Ruas": null, "Status": null, "Propinsi": null, "Kab_Kot": null, "Panjang": null, "Segmen": null, "Satwil": null }, "geometry": { "type": "Point", "coordinates": [ 106.744755568000073, -6.191717552999933 ] } },
{ "type": "Feature", "properties": { "orig_fid": 514, "id": 0, "objectid": 514, "kode_ruas": "janger", "ruas": "Jakarta-Tangerang", "kode_gt": "janger", "nama": "GT MERUYA 1 SATELIT", "seksi": 0, "sta": " ", "foto": " ", "layer": "Gerbang Tol", "koord_x": "106.744231411226", "koord_y": "-6.19167667137574", "jml_gardu": " ", "jmlgrdrvs": " ", "jml_lajur": " ", "panjang_m": " ", "luas_m": " ", "status": "Operasi", "sub_status": "Operasi Penuh", "region": "Jabodetabek", "bujt": "PT Jasa Marga (Persero) Tbk", "kodefikasi": "B01", "no": 0, "shape_leng": 0, "keterangan": " ", "creator": null, "created": null, "updater": null, "updated": null, "sync_state": 0, "last_sync": 1765414802000, "Nm_Ruas": null, "Status": null, "Propinsi": null, "Kab_Kot": null, "Panjang": null, "Segmen": null, "Satwil": null }, "geometry": { "type": "Point", "coordinates": [ 106.744231411000044, -6.191676670999925 ] } },
{ "type": "Feature", "properties": { "orig_fid": 515, "id": 255, "objectid": 515, "kode_ruas": "janger", "ruas": "Jakarta-Tangerang", "kode_gt": "janger_meruya2", "nama": "GT MERUYA 2", "seksi": 0, "sta": " ", "foto": "http://gis.bpjt.pu.go.id/data/foto/gt/gtmeruya2.j*", "layer": "Gerbang Tol", "koord_x": "106.744195966035", "koord_y": "-6.19119751230057", "jml_gardu": " ", "jmlgrdrvs": " ", "jml_lajur": " ", "panjang_m": " ", "luas_m": " ", "status": "Operasi", "sub_status": "Operasi Penuh", "region": "Jabodetabek", "bujt": "PT Jasa Marga (Persero) Tbk", "kodefikasi": "B01", "no": 0, "shape_leng": 0, "keterangan": "GT MERUYA 2", "creator": null, "created": null, "updater": null, "updated": null, "sync_state": 0, "last_sync": 1765414802000, "Nm_Ruas": null, "Status": null, "Propinsi": null, "Kab_Kot": null, "Panjang": null, "Segmen": null, "Satwil": null }, "geometry": { "type": "Point", "coordinates": [ 106.744195966000063, -6.191197511999974 ] } },
{ "type": "Feature", "properties": { "orig_fid": 516, "id": 56, "objectid": 516, "kode_ruas": "janger", "ruas": "Jakarta-Tangerang", "kode_gt": "janger_kebon_jeruk1", "nama": "GT KEBON JERUK 1", "seksi": 0, "sta": " ", "foto": "http://gis.bpjt.pu.go.id/data/foto/gt/gtkebonjeru*", "layer": "Gerbang Tol", "koord_x": "106.767966818985", "koord_y": "-6.19026762620391", "jml_gardu": " ", "jmlgrdrvs": " ", "jml_lajur": " ", "panjang_m": " ", "luas_m": " ", "status": "Operasi", "sub_status": "Operasi Penuh", "region": "Jabodetabek", "bujt": "PT Jasa Marga (Persero) Tbk", "kodefikasi": "B01", "no": 0, "shape_leng": 0, "keterangan": "GT KEBON JERUK 1", "creator": null, "created": null, "updater": null, "updated": null, "sync_state": 0, "last_sync": 1765414802000, "Nm_Ruas": null, "Status": null, "Propinsi": null, "Kab_Kot": null, "Panjang": null, "Segmen": null, "Satwil": null }, "geometry": { "type": "Point", "coordinates": [ 106.767966819000037, -6.190267625999979 ] } },
{ "type": "Feature", "properties": { "orig_fid": 517, "id": 50, "objectid": 517, "kode_ruas": "janger", "ruas": "Jakarta-Tangerang", "kode_gt": "janger_kebon_jeruk2", "nama": "GT KEBON JERUK 2", "seksi": 0, "sta": " ", "foto": "http://gis.bpjt.pu.go.id/data/foto/gt/gtkebonjeru*", "layer": "Gerbang Tol", "koord_x": "106.767980018148", "koord_y": "-6.18972393168266", "jml_gardu": " ", "jmlgrdrvs": " ", "jml_lajur": " ", "panjang_m": " ", "luas_m": " ", "status": "Operasi", "sub_status": "Operasi Penuh", "region": "Jabodetabek", "bujt": "PT Jasa Marga (Persero) Tbk", "kodefikasi": "B01", "no": 0, "shape_leng": 0, "keterangan": "GT KEBON JERUK 2", "creator": null, "created": null, "updater": null, "updated": null, "sync_state": 0, "last_sync": 1765414802000, "Nm_Ruas": null, "Status": null, "Propinsi": null, "Kab_Kot": null, "Panjang": null, "Segmen": null, "Satwil": null }, "geometry": { "type": "Point", "coordinates": [ 106.76798001800006, -6.189723931999936 ] } },
{ "type": "Feature", "properties": { "orig_fid": 518, "id": 278, "objectid": 518, "kode_ruas": "janger", "ruas": "Jakarta-Tangerang", "kode_gt": "janger_bitung1", "nama": "GT BITUNG 1", "seksi": 0, "sta": " ", "foto": "http://gis.bpjt.pu.go.id/data/foto/gt/gtbitung1.j*", "layer": "Gerbang Tol", "koord_x": "106.565409059065", "koord_y": "-6.21864385259268", "jml_gardu": " ", "jmlgrdrvs": " ", "jml_lajur": " ", "panjang_m": " ", "luas_m": " ", "status": "Operasi", "sub_status": "Operasi Penuh", "region": "Jabodetabek", "bujt": "PT Jasa Marga (Persero) Tbk", "kodefikasi": "B01", "no": 0, "shape_leng": 0, "keterangan": "GT BITUNG 1", "creator": null, "created": null, "updater": null, "updated": null, "sync_state": 0, "last_sync": 1765414802000, "Nm_Ruas": null, "Status": null, "Propinsi": null, "Kab_Kot": null, "Panjang": null, "Segmen": null, "Satwil": null }, "geometry": { "type": "Point", "coordinates": [ 106.565409059000046, -6.218643852999946 ] } },
{ "type": "Feature", "properties": { "orig_fid": 519, "id": 279, "objectid": 519, "kode_ruas": "janger", "ruas": "Jakarta-Tangerang", "kode_gt": "janger_bitung2", "nama": "GT BITUNG 2", "seksi": 0, "sta": " ", "foto": "http://gis.bpjt.pu.go.id/data/foto/gt/gtbitung2.j*", "layer": "Gerbang Tol", "koord_x": "106.566232557428", "koord_y": "-6.21927668919671", "jml_gardu": " ", "jmlgrdrvs": " ", "jml_lajur": " ", "panjang_m": " ", "luas_m": " ", "status": "Operasi", "sub_status": "Operasi Penuh", "region": "Jabodetabek", "bujt": "PT Jasa Marga (Persero) Tbk", "kodefikasi": "B01", "no": 0, "shape_leng": 0, "keterangan": "GT BITUNG 2", "creator": null, "created": null, "updater": null, "updated": null, "sync_state": 0, "last_sync": 1765414802000, "Nm_Ruas": null, "Status": null, "Propinsi": null, "Kab_Kot": null, "Panjang": null, "Segmen": null, "Satwil": null }, "geometry": { "type": "Point", "coordinates": [ 106.566232557000035, -6.219276688999969 ] } },
{ "type": "Feature", "properties": { "orig_fid": 520, "id": 268, "objectid": 520, "kode_ruas": "janger", "ruas": "Jakarta-Tangerang", "kode_gt": "janger_meruya_utara4", "nama": "GT MERUYA UTARA 4", "seksi": 0, "sta": " ", "foto": "http://gis.bpjt.pu.go.id/data/foto/gt/gtmeruyauta*", "layer": "Gerbang Tol", "koord_x": "106.731418027166", "koord_y": "-6.19402918235133", "jml_gardu": " ", "jmlgrdrvs": " ", "jml_lajur": " ", "panjang_m": " ", "luas_m": " ", "status": "Operasi", "sub_status": "Operasi Penuh", "region": "Jabodetabek", "bujt": "PT Jasa Marga (Persero) Tbk", "kodefikasi": "B01", "no": 0, "shape_leng": 0, "keterangan": "GT MERUYA UTARA 4", "creator": null, "created": null, "updater": null, "updated": null, "sync_state": 0, "last_sync": 1765414802000, "Nm_Ruas": null, "Status": null, "Propinsi": null, "Kab_Kot": null, "Panjang": null, "Segmen": null, "Satwil": null }, "geometry": { "type": "Point", "coordinates": [ 106.731418027000075, -6.194029181999952 ] } },
{ "type": "Feature", "properties": { "orig_fid": 521, "id": 63, "objectid": 521, "kode_ruas": "jorrw1", "ruas": "Jakarta-Tangerang", "kode_gt": "jorrw1_meruya_utara2", "nama": "GT MERUYA UTARA 2", "seksi": 0, "sta": " ", "foto": "http://gis.bpjt.pu.go.id/data/foto/gt/gtmeruyauta*", "layer": "Gerbang Tol", "koord_x": "106.733459171616", "koord_y": "-6.1920352891121", "jml_gardu": " ", "jmlgrdrvs": " ", "jml_lajur": " ", "panjang_m": " ", "luas_m": " ", "status": "Operasi", "sub_status": "Operasi Penuh", "region": "Jabodetabek", "bujt": "PT Jasa Marga (Persero) Tbk", "kodefikasi": "B01", "no": 0, "shape_leng": 0, "keterangan": "GT MERUYA UTARA 2", "creator": null, "created": null, "updater": null, "updated": null, "sync_state": 0, "last_sync": 1765414802000, "Nm_Ruas": null, "Status": null, "Propinsi": null, "Kab_Kot": null, "Panjang": null, "Segmen": null, "Satwil": null }, "geometry": { "type": "Point", "coordinates": [ 106.733459172000039, -6.192035288999932 ] } },
{ "type": "Feature", "properties": { "orig_fid": 522, "id": 358, "objectid": 522, "kode_ruas": "jorrw2", "ruas": "Jakarta-Tangerang", "kode_gt": "jorrw2_meruya_utama3", "nama": "GT MERUYA UTAMA 3", "seksi": 0, "sta": " ", "foto": "http://gis.bpjt.pu.go.id/data/foto/gt/gtmeruyauta*", "layer": "Gerbang Tol", "koord_x": "106.732740246529", "koord_y": "-6.19316990732721", "jml_gardu": " ", "jmlgrdrvs": " ", "jml_lajur": " ", "panjang_m": " ", "luas_m": " ", "status": "Operasi", "sub_status": "Operasi Penuh", "region": "Jabodetabek", "bujt": "PT Jasa Marga (Persero) Tbk", "kodefikasi": "B01", "no": 0, "shape_leng": 0, "keterangan": "GT MERUYA UTAMA 3", "creator": null, "created": null, "updater": null, "updated": null, "sync_state": 0, "last_sync": 1765414802000, "Nm_Ruas": null, "Status": null, "Propinsi": null, "Kab_Kot": null, "Panjang": null, "Segmen": null, "Satwil": null }, "geometry": { "type": "Point", "coordinates": [ 106.732740247000038, -6.193169906999969 ] } },
{ "type": "Feature", "properties": { "orig_fid": 523, "id": 265, "objectid": 523, "kode_ruas": "jorrw2", "ruas": "Jakarta-Tangerang", "kode_gt": "jorrw2_meruya_utara3", "nama": "GT MERUYA UTARA 3", "seksi": 0, "sta": " ", "foto": "http://gis.bpjt.pu.go.id/data/foto/gt/gtmeruyauta*", "layer": "Gerbang Tol", "koord_x": "106.733227921454", "koord_y": "-6.19287390517389", "jml_gardu": " ", "jmlgrdrvs": " ", "jml_lajur": " ", "panjang_m": " ", "luas_m": " ", "status": "Operasi", "sub_status": "Operasi Penuh", "region": "Jabodetabek", "bujt": "PT Jasa Marga (Persero) Tbk", "kodefikasi": "B01", "no": 0, "shape_leng": 0, "keterangan": "GT MERUYA UTARA 3", "creator": null, "created": null, "updater": null, "updated": null, "sync_state": 0, "last_sync": 1765414802000, "Nm_Ruas": null, "Status": null, "Propinsi": null, "Kab_Kot": null, "Panjang": null, "Segmen": null, "Satwil": null }, "geometry": { "type": "Point", "coordinates": [ 106.733227921000037, -6.192873904999942 ] } },
{ "type": "Feature", "properties": { "orig_fid": 524, "id": 267, "objectid": 524, "kode_ruas": "jorrw2", "ruas": "Jakarta-Tangerang", "kode_gt": "jorrw2_meruya_utama2", "nama": "GT MERUYA UTAMA 2", "seksi": 0, "sta": " ", "foto": "http://gis.bpjt.pu.go.id/data/foto/gt/gtmeruyauta*", "layer": "Gerbang Tol", "koord_x": "106.733170680872", "koord_y": "-6.19486702058753", "jml_gardu": " ", "jmlgrdrvs": " ", "jml_lajur": " ", "panjang_m": " ", "luas_m": " ", "status": "Operasi", "sub_status": "Operasi Penuh", "region": "Jabodetabek", "bujt": "PT Jasa Marga (Persero) Tbk", "kodefikasi": "B01", "no": 0, "shape_leng": 0, "keterangan": "GT MERUYA UTAMA 2", "creator": null, "created": null, "updater": null, "updated": null, "sync_state": 0, "last_sync": 1765414802000, "Nm_Ruas": null, "Status": null, "Propinsi": null, "Kab_Kot": null, "Panjang": null, "Segmen": null, "Satwil": null }, "geometry": { "type": "Point", "coordinates": [ 106.733170681000047, -6.194867020999936 ] } },
{ "type": "Feature", "properties": { "orig_fid": 525, "id": 0, "objectid": 525, "kode_ruas": "jgrw", "ruas": "Jakarta - Bogor - Ciawi", "kode_gt": "jgrw", "nama": "GT BOGOR 1", "seksi": 0, "sta": "42+351", "foto": " ", "layer": "Gerbang Tol", "koord_x": "106.817616097792", "koord_y": "-6.59745532956557", "jml_gardu": "10", "jmlgrdrvs": " ", "jml_lajur": "10", "panjang_m": " ", "luas_m": " ", "status": "Operasi", "sub_status": "Operasi Penuh", "region": "Jabodetabek", "bujt": "PT Jasa Marga (Persero) Tbk", "kodefikasi": "B25", "no": 32, "shape_leng": 0, "keterangan": " ", "creator": null, "created": null, "updater": null, "updated": null, "sync_state": 0, "last_sync": 1765414802000, "Nm_Ruas": null, "Status": null, "Propinsi": null, "Kab_Kot": null, "Panjang": null, "Segmen": null, "Satwil": null }, "geometry": { "type": "Point", "coordinates": [ 106.817616098000087, -6.597455329999946 ] } },
{ "type": "Feature", "properties": { "orig_fid": 526, "id": 0, "objectid": 526, "kode_ruas": "jgrw", "ruas": "Jakarta - Bogor - Ciawi", "kode_gt": "jgrw", "nama": "GT CIAWI 1", "seksi": 0, "sta": "44+662", "foto": " ", "layer": "Gerbang Tol", "koord_x": "106.838987076946", "koord_y": "-6.63112928512899", "jml_gardu": "9", "jmlgrdrvs": " ", "jml_lajur": "9", "panjang_m": " ", "luas_m": " ", "status": "Operasi", "sub_status": "Operasi Penuh", "region": "Jabodetabek", "bujt": "PT Jasa Marga (Persero) Tbk", "kodefikasi": "B25", "no": 35, "shape_leng": 0, "keterangan": " ", "creator": null, "created": null, "updater": null, "updated": null, "sync_state": 0, "last_sync": 1765414802000, "Nm_Ruas": null, "Status": null, "Propinsi": null, "Kab_Kot": null, "Panjang": null, "Segmen": null, "Satwil": null }, "geometry": { "type": "Point", "coordinates": [ 106.83898707700007, -6.631129284999929 ] } },
{ "type": "Feature", "properties": { "orig_fid": 527, "id": 0, "objectid": 527, "kode_ruas": "jgrw", "ruas": "Jakarta - Bogor - Ciawi", "kode_gt": "jgrw", "nama": "GT SENTUL SELATAN 2", "seksi": 0, "sta": "36+794", "foto": " ", "layer": "Gerbang Tol", "koord_x": "106.842737002318", "koord_y": "-6.56248339006943", "jml_gardu": "7", "jmlgrdrvs": " ", "jml_lajur": "7", "panjang_m": " ", "luas_m": " ", "status": "Operasi", "sub_status": "Operasi Penuh", "region": "Jabodetabek", "bujt": "PT Jasa Marga (Persero) Tbk", "kodefikasi": "B25", "no": 29, "shape_leng": 0, "keterangan": " ", "creator": null, "created": null, "updater": null, "updated": null, "sync_state": 0, "last_sync": 1765414802000, "Nm_Ruas": null, "Status": null, "Propinsi": null, "Kab_Kot": null, "Panjang": null, "Segmen": null, "Satwil": null }, "geometry": { "type": "Point", "coordinates": [ 106.842737002000035, -6.562483389999954 ] } },
{ "type": "Feature", "properties": { "orig_fid": 528, "id": 0, "objectid": 528, "kode_ruas": "jgrw", "ruas": "Jakarta - Bogor - Ciawi", "kode_gt": "jgrw", "nama": "GT SENTUL SELATAN 1", "seksi": 0, "sta": "36+862", "foto": " ", "layer": "Gerbang Tol", "koord_x": "106.844929350582", "koord_y": "-6.56393240898539", "jml_gardu": "10", "jmlgrdrvs": " ", "jml_lajur": "10", "panjang_m": " ", "luas_m": " ", "status": "Operasi", "sub_status": "Operasi Penuh", "region": "Jabodetabek", "bujt": "PT Jasa Marga (Persero) Tbk", "kodefikasi": "B25", "no": 30, "shape_leng": 0, "keterangan": " ", "creator": null, "created": null, "updater": null, "updated": null, "sync_state": 0, "last_sync": 1765414802000, "Nm_Ruas": null, "Status": null, "Propinsi": null, "Kab_Kot": null, "Panjang": null, "Segmen": null, "Satwil": null }, "geometry": { "type": "Point", "coordinates": [ 106.844929351000076, -6.56393240899996 ] } },
{ "type": "Feature", "properties": { "orig_fid": 529, "id": 386, "objectid": 529, "kode_ruas": "mktt", "ruas": "Jakarta - Bogor - Ciawi", "kode_gt": "mktt_parbarakan", "nama": "GT CIBUBUR 3", "seksi": 0, "sta": "14+544", "foto": "http://gis.bpjt.pu.go.id/data/foto/gt/notfound.jpg", "layer": "Gerbang Tol", "koord_x": "106.896243315942", "koord_y": "-6.3732004948017", "jml_gardu": "2", "jmlgrdrvs": " ", "jml_lajur": "2", "panjang_m": " ", "luas_m": " ", "status": "Operasi", "sub_status": "Operasi Penuh", "region": "Jabodetabek", "bujt": "PT Jasa Marga (Persero) Tbk", "kodefikasi": "B25", "no": 9, "shape_leng": 0, "keterangan": "GT PARBARAKAN", "creator": null, "created": null, "updater": null, "updated": null, "sync_state": 0, "last_sync": 1765414802000, "Nm_Ruas": null, "Status": null, "Propinsi": null, "Kab_Kot": null, "Panjang": null, "Segmen": null, "Satwil": null }, "geometry": { "type": "Point", "coordinates": [ 106.896243316000039, -6.373200494999935 ] } },
{ "type": "Feature", "properties": { "orig_fid": 530, "id": 0, "objectid": 530, "kode_ruas": "jgrw", "ruas": "Jakarta - Bogor - Ciawi", "kode_gt": "jgrw", "nama": "GT CIBUBUR 1", "seksi": 0, "sta": "13+694", "foto": " ", "layer": "Gerbang Tol", "koord_x": "106.895014891776", "koord_y": "-6.36580562223427", "jml_gardu": "8", "jmlgrdrvs": " ", "jml_lajur": "8", "panjang_m": " ", "luas_m": " ", "status": "Operasi", "sub_status": "Operasi Penuh", "region": "Jabodetabek", "bujt": "PT Jasa Marga (Persero) Tbk", "kodefikasi": "B25", "no": 8, "shape_leng": 0, "keterangan": " ", "creator": null, "created": null, "updater": null, "updated": null, "sync_state": 0, "last_sync": 1765414802000, "Nm_Ruas": null, "Status": null, "Propinsi": null, "Kab_Kot": null, "Panjang": null, "Segmen": null, "Satwil": null }, "geometry": { "type": "Point", "coordinates": [ 106.895014892000063, -6.365805621999925 ] } },
{ "type": "Feature", "properties": { "orig_fid": 531, "id": 0, "objectid": 531, "kode_ruas": "jgrw", "ruas": "Jakarta - Bogor - Ciawi", "kode_gt": "jgrw", "nama": "GT CIBUBUR 2", "seksi": 0, "sta": "13+630", "foto": " ", "layer": "Gerbang Tol", "koord_x": "106.894234039512", "koord_y": "-6.36528921736785", "jml_gardu": "9", "jmlgrdrvs": " ", "jml_lajur": "9", "panjang_m": " ", "luas_m": " ", "status": "Operasi", "sub_status": "Operasi Penuh", "region": "Jabodetabek", "bujt": "PT Jasa Marga (Persero) Tbk", "kodefikasi": "B25", "no": 7, "shape_leng": 0, "keterangan": " ", "creator": null, "created": null, "updater": null, "updated": null, "sync_state": 0, "last_sync": 1765414802000, "Nm_Ruas": null, "Status": null, "Propinsi": null, "Kab_Kot": null, "Panjang": null, "Segmen": null, "Satwil": null }, "geometry": { "type": "Point", "coordinates": [ 106.894234040000072, -6.36528921699994 ] } },
{ "type": "Feature", "properties": { "orig_fid": 532, "id": 0, "objectid": 532, "kode_ruas": "jgrw", "ruas": "Jakarta - Bogor - Ciawi", "kode_gt": "jgrw", "nama": "GT CIMANGGIS 2", "seksi": 0, "sta": "15+597", "foto": " ", "layer": "Gerbang Tol", "koord_x": "106.895694739969", "koord_y": "-6.38281045402221", "jml_gardu": "5", "jmlgrdrvs": " ", "jml_lajur": "5", "panjang_m": " ", "luas_m": " ", "status": "Operasi", "sub_status": "Operasi Penuh", "region": "Jabodetabek", "bujt": "PT Jasa Marga (Persero) Tbk", "kodefikasi": "B25", "no": 10, "shape_leng": 0, "keterangan": " ", "creator": null, "created": null, "updater": null, "updated": null, "sync_state": 0, "last_sync": 1765414802000, "Nm_Ruas": null, "Status": null, "Propinsi": null, "Kab_Kot": null, "Panjang": null, "Segmen": null, "Satwil": null }, "geometry": { "type": "Point", "coordinates": [ 106.895694740000067, -6.38281045399998 ] } },
{ "type": "Feature", "properties": { "orig_fid": 533, "id": 0, "objectid": 533, "kode_ruas": "jgrw", "ruas": "Jakarta - Bogor - Ciawi", "kode_gt": "jgrw", "nama": "GT CIMANGGIS 4", "seksi": 0, "sta": "15+851", "foto": " ", "layer": "Gerbang Tol", "koord_x": "106.895552335581", "koord_y": "-6.38515046809201", "jml_gardu": "4", "jmlgrdrvs": " ", "jml_lajur": "4", "panjang_m": " ", "luas_m": " ", "status": "Operasi", "sub_status": "Operasi Penuh", "region": "Jabodetabek", "bujt": "PT Jasa Marga (Persero) Tbk", "kodefikasi": "B25", "no": 11, "shape_leng": 0, "keterangan": " ", "creator": null, "created": null, "updater": null, "updated": null, "sync_state": 0, "last_sync": 1765414802000, "Nm_Ruas": null, "Status": null, "Propinsi": null, "Kab_Kot": null, "Panjang": null, "Segmen": null, "Satwil": null }, "geometry": { "type": "Point", "coordinates": [ 106.895552336000037, -6.385150467999949 ] } },
{ "type": "Feature", "properties": { "orig_fid": 534, "id": 0, "objectid": 534, "kode_ruas": "jgrw", "ruas": "Jakarta - Bogor - Ciawi", "kode_gt": "jgrw", "nama": "GT CIMANGGIS 3", "seksi": 0, "sta": "16+039", "foto": " ", "layer": "Gerbang Tol", "koord_x": "106.896584037724", "koord_y": "-6.38676899659029", "jml_gardu": "5", "jmlgrdrvs": " ", "jml_lajur": "5", "panjang_m": " ", "luas_m": " ", "status": "Operasi", "sub_status": "Operasi Penuh", "region": "Jabodetabek", "bujt": "PT Jasa Marga (Persero) Tbk", "kodefikasi": "B25", "no": 12, "shape_leng": 0, "keterangan": " ", "creator": null, "created": null, "updater": null, "updated": null, "sync_state": 0, "last_sync": 1765414802000, "Nm_Ruas": null, "Status": null, "Propinsi": null, "Kab_Kot": null, "Panjang": null, "Segmen": null, "Satwil": null }, "geometry": { "type": "Point", "coordinates": [ 106.896584038000071, -6.386768996999933 ] } },
{ "type": "Feature", "properties": { "orig_fid": 535, "id": 0, "objectid": 535, "kode_ruas": "jgrw", "ruas": "Jakarta - Bogor - Ciawi", "kode_gt": "jgrw", "nama": "GT CIMANGGIS 5", "seksi": 0, "sta": "16+231", "foto": " ", "layer": "Gerbang Tol", "koord_x": "106.898139200839", "koord_y": "-6.38772609084325", "jml_gardu": "5", "jmlgrdrvs": " ", "jml_lajur": "5", "panjang_m": " ", "luas_m": " ", "status": "Operasi", "sub_status": "Operasi Penuh", "region": "Jabodetabek", "bujt": "PT Jasa Marga (Persero) Tbk", "kodefikasi": "B25", "no": 13, "shape_leng": 0, "keterangan": " ", "creator": null, "created": null, "updater": null, "updated": null, "sync_state": 0, "last_sync": 1765414802000, "Nm_Ruas": null, "Status": null, "Propinsi": null, "Kab_Kot": null, "Panjang": null, "Segmen": null, "Satwil": null }, "geometry": { "type": "Point", "coordinates": [ 106.898139201000049, -6.387726090999934 ] } },
{ "type": "Feature", "properties": { "orig_fid": 536, "id": 0, "objectid": 536, "kode_ruas": "jgrw", "ruas": "Jakarta - Bogor - Ciawi", "kode_gt": "jgrw", "nama": "GT CIMANGGIS 1", "seksi": 0, "sta": "16+464", "foto": " ", "layer": "Gerbang Tol", "koord_x": "106.895259627295", "koord_y": "-6.39065325031291", "jml_gardu": "2", "jmlgrdrvs": " ", "jml_lajur": "2", "panjang_m": " ", "luas_m": " ", "status": "Operasi", "sub_status": "Operasi Penuh", "region": "Jabodetabek", "bujt": "PT Jasa Marga (Persero) Tbk", "kodefikasi": "B25", "no": 14, "shape_leng": 0, "keterangan": " ", "creator": null, "created": null, "updater": null, "updated": null, "sync_state": 0, "last_sync": 1765414802000, "Nm_Ruas": null, "Status": null, "Propinsi": null, "Kab_Kot": null, "Panjang": null, "Segmen": null, "Satwil": null }, "geometry": { "type": "Point", "coordinates": [ 106.895259627000087, -6.390653249999957 ] } },
{ "type": "Feature", "properties": { "orig_fid": 537, "id": 10, "objectid": 537, "kode_ruas": "jgrw", "ruas": "Jakarta - Bogor - Ciawi", "kode_gt": "jgrw_tmii1", "nama": "GT TAMAN MINI 1", "seksi": 0, "sta": "04+700", "foto": "http://gis.bpjt.pu.go.id/data/foto/gt/gttmii1.jpg", "layer": "Gerbang Tol", "koord_x": "106.878240327682", "koord_y": "-6.28711220488779", "jml_gardu": "5", "jmlgrdrvs": " ", "jml_lajur": "5", "panjang_m": " ", "luas_m": " ", "status": "Operasi", "sub_status": "Operasi Penuh", "region": "Jabodetabek", "bujt": "PT Jasa Marga (Persero) Tbk", "kodefikasi": "B25", "no": 1, "shape_leng": 0, "keterangan": "GT TMII 1", "creator": null, "created": null, "updater": null, "updated": null, "sync_state": 0, "last_sync": 1765414802000, "Nm_Ruas": null, "Status": null, "Propinsi": null, "Kab_Kot": null, "Panjang": null, "Segmen": null, "Satwil": null }, "geometry": { "type": "Point", "coordinates": [ 106.878240328000061, -6.287112204999971 ] } },
{ "type": "Feature", "properties": { "orig_fid": 538, "id": 3, "objectid": 538, "kode_ruas": "jgrw", "ruas": "Jakarta - Bogor - Ciawi", "kode_gt": "jgrw_tmii2", "nama": "GT TAMAN MINI 2", "seksi": 0, "sta": "04+700", "foto": "http://gis.bpjt.pu.go.id/data/foto/gt/gttmii2.jpg", "layer": "Gerbang Tol", "koord_x": "106.877622837733", "koord_y": "-6.2873724757752", "jml_gardu": "5", "jmlgrdrvs": " ", "jml_lajur": "5", "panjang_m": " ", "luas_m": " ", "status": "Operasi", "sub_status": "Operasi Penuh", "region": "Jabodetabek", "bujt": "PT Jasa Marga (Persero) Tbk", "kodefikasi": "B25", "no": 2, "shape_leng": 0, "keterangan": "GT TMII 2", "creator": null, "created": null, "updater": null, "updated": null, "sync_state": 0, "last_sync": 1765414802000, "Nm_Ruas": null, "Status": null, "Propinsi": null, "Kab_Kot": null, "Panjang": null, "Segmen": null, "Satwil": null }, "geometry": { "type": "Point", "coordinates": [ 106.877622838000036, -6.287372475999973 ] } },
{ "type": "Feature", "properties": { "orig_fid": 539, "id": 119, "objectid": 539, "kode_ruas": "jorrs", "ruas": "Jakarta - Bogor - Ciawi", "kode_gt": "jorrs_dukuh1", "nama": "GT DUKUH 1", "seksi": 0, "sta": "06+481", "foto": "http://gis.bpjt.pu.go.id/data/foto/gt/gtdukuh1.jpg", "layer": "Gerbang Tol", "koord_x": "106.883554227672", "koord_y": "-6.30169067934521", "jml_gardu": "3", "jmlgrdrvs": " ", "jml_lajur": "3", "panjang_m": " ", "luas_m": " ", "status": "Operasi", "sub_status": "Operasi Penuh", "region": "Jabodetabek", "bujt": "PT Jasa Marga (Persero) Tbk", "kodefikasi": "B25", "no": 4, "shape_leng": 0, "keterangan": "GT DUKUH 1", "creator": null, "created": null, "updater": null, "updated": null, "sync_state": 0, "last_sync": 1765414802000, "Nm_Ruas": null, "Status": null, "Propinsi": null, "Kab_Kot": null, "Panjang": null, "Segmen": null, "Satwil": null }, "geometry": { "type": "Point", "coordinates": [ 106.883554228000037, -6.301690678999933 ] } },
{ "type": "Feature", "properties": { "orig_fid": 540, "id": 118, "objectid": 540, "kode_ruas": "jorrs", "ruas": "Jakarta - Bogor - Ciawi", "kode_gt": "jorrs_dukuh3", "nama": "GT DUKUH 3", "seksi": 0, "sta": "06+268", "foto": "http://gis.bpjt.pu.go.id/data/foto/gt/gtdukuh3.jpg", "layer": "Gerbang Tol", "koord_x": "106.883170836706", "koord_y": "-6.29984193189568", "jml_gardu": "3", "jmlgrdrvs": " ", "jml_lajur": "3", "panjang_m": " ", "luas_m": " ", "status": "Operasi", "sub_status": "Operasi Penuh", "region": "Jabodetabek", "bujt": "PT Jasa Marga (Persero) Tbk", "kodefikasi": "B25", "no": 3, "shape_leng": 0, "keterangan": "GT DUKUH 3", "creator": null, "created": null, "updater": null, "updated": null, "sync_state": 0, "last_sync": 1765414802000, "Nm_Ruas": null, "Status": null, "Propinsi": null, "Kab_Kot": null, "Panjang": null, "Segmen": null, "Satwil": null }, "geometry": { "type": "Point", "coordinates": [ 106.88317083700008, -6.299841931999936 ] } },
{ "type": "Feature", "properties": { "orig_fid": 541, "id": 0, "objectid": 541, "kode_ruas": "jgrw", "ruas": "Jakarta - Bogor - Ciawi", "kode_gt": "jgrw", "nama": "GT UTAMA PASAR REBO", "seksi": 0, "sta": "07+412", "foto": " ", "layer": "Gerbang Tol", "koord_x": "106.884776705803", "koord_y": "-6.31014487691253", "jml_gardu": "6", "jmlgrdrvs": " ", "jml_lajur": "6", "panjang_m": " ", "luas_m": " ", "status": "Operasi", "sub_status": "Operasi Penuh", "region": "Jabodetabek", "bujt": "PT Jasa Marga (Persero) Tbk", "kodefikasi": "B25", "no": 6, "shape_leng": 0, "keterangan": " ", "creator": null, "created": null, "updater": null, "updated": null, "sync_state": 0, "last_sync": 1765414802000, "Nm_Ruas": null, "Status": null, "Propinsi": null, "Kab_Kot": null, "Panjang": null, "Segmen": null, "Satwil": null }, "geometry": { "type": "Point", "coordinates": [ 106.884776706000082, -6.310144876999971 ] } },
{ "type": "Feature", "properties": { "orig_fid": 542, "id": 163, "objectid": 542, "kode_ruas": "jorrs", "ruas": "Jakarta - Bogor - Ciawi", "kode_gt": "jorrs_dkh_2e_ju", "nama": "GT DUKUH 2", "seksi": 0, "sta": "06+545", "foto": "http://gis.bpjt.pu.go.id/data/foto/gt/notfound.jpg", "layer": "Gerbang Tol", "koord_x": "106.883271910653", "koord_y": "-6.30340322701823", "jml_gardu": "11", "jmlgrdrvs": " ", "jml_lajur": "11", "panjang_m": " ", "luas_m": " ", "status": "Operasi", "sub_status": "Operasi Penuh", "region": "Jabodetabek", "bujt": "PT Jasa Marga (Persero) Tbk", "kodefikasi": "B25", "no": 5, "shape_leng": 0, "keterangan": "GT DUKUH 2E JU", "creator": null, "created": null, "updater": null, "updated": null, "sync_state": 0, "last_sync": 1765414802000, "Nm_Ruas": null, "Status": null, "Propinsi": null, "Kab_Kot": null, "Panjang": null, "Segmen": null, "Satwil": null }, "geometry": { "type": "Point", "coordinates": [ 106.883271911000065, -6.303403226999933 ] } },
{ "type": "Feature", "properties": { "orig_fid": 543, "id": 0, "objectid": 543, "kode_ruas": "jgrw", "ruas": "Jakarta - Bogor - Ciawi", "kode_gt": "jgrw", "nama": "GT CIMANGGIS OFF RAMP", "seksi": 0, "sta": "19+400", "foto": " ", "layer": "Gerbang Tol", "koord_x": "106.893741053961", "koord_y": "-6.42111687949954", "jml_gardu": "2", "jmlgrdrvs": "1", "jml_lajur": "3", "panjang_m": " ", "luas_m": " ", "status": "Operasi", "sub_status": "Operasi Penuh", "region": "Jabodetabek", "bujt": "PT Jasa Marga (Persero) Tbk", "kodefikasi": "B25", "no": 15, "shape_leng": 0, "keterangan": " ", "creator": null, "created": null, "updater": null, "updated": null, "sync_state": 0, "last_sync": 1765414802000, "Nm_Ruas": null, "Status": null, "Propinsi": null, "Kab_Kot": null, "Panjang": null, "Segmen": null, "Satwil": null }, "geometry": { "type": "Point", "coordinates": [ 106.893741054000088, -6.421116878999953 ] } },
{ "type": "Feature", "properties": { "orig_fid": 544, "id": 0, "objectid": 544, "kode_ruas": "jgrw", "ruas": "Jakarta - Bogor - Ciawi", "kode_gt": "jgrw", "nama": "GT CIMANGGIS ON RAMP", "seksi": 0, "sta": "19+400", "foto": " ", "layer": "Gerbang Tol", "koord_x": "106.89365894314", "koord_y": "-6.42104072956273", "jml_gardu": "2", "jmlgrdrvs": "1", "jml_lajur": "3", "panjang_m": " ", "luas_m": " ", "status": "Operasi", "sub_status": "Operasi Penuh", "region": "Jabodetabek", "bujt": "PT Jasa Marga (Persero) Tbk", "kodefikasi": "B25", "no": 16, "shape_leng": 0, "keterangan": " ", "creator": null, "created": null, "updater": null, "updated": null, "sync_state": 0, "last_sync": 1765414802000, "Nm_Ruas": null, "Status": null, "Propinsi": null, "Kab_Kot": null, "Panjang": null, "Segmen": null, "Satwil": null }, "geometry": { "type": "Point", "coordinates": [ 106.893658943000048, -6.421040729999959 ] } },
{ "type": "Feature", "properties": { "orig_fid": 545, "id": 0, "objectid": 545, "kode_ruas": "jgrw", "ruas": "Jakarta - Bogor - Ciawi", "kode_gt": "jgrw", "nama": "GT GUNUNG PUTRI ON RAMP", "seksi": 0, "sta": "24+619", "foto": " ", "layer": "Gerbang Tol", "koord_x": "106.889340590205", "koord_y": "-6.46126000064865", "jml_gardu": "4", "jmlgrdrvs": " ", "jml_lajur": "4", "panjang_m": " ", "luas_m": " ", "status": "Operasi", "sub_status": "Operasi Penuh", "region": "Jabodetabek", "bujt": "PT Jasa Marga (Persero) Tbk", "kodefikasi": "B25", "no": 17, "shape_leng": 0, "keterangan": " ", "creator": null, "created": null, "updater": null, "updated": null, "sync_state": 0, "last_sync": 1765414802000, "Nm_Ruas": null, "Status": null, "Propinsi": null, "Kab_Kot": null, "Panjang": null, "Segmen": null, "Satwil": null }, "geometry": { "type": "Point", "coordinates": [ 106.889340590000074, -6.461260000999971 ] } },
{ "type": "Feature", "properties": { "orig_fid": 546, "id": 0, "objectid": 546, "kode_ruas": "jgrw", "ruas": "Jakarta - Bogor - Ciawi", "kode_gt": "jgrw", "nama": "GT GUNUNG PUTRI OFF RAMP", "seksi": 0, "sta": "24+619", "foto": " ", "layer": "Gerbang Tol", "koord_x": "106.889173546409", "koord_y": "-6.46144933133314", "jml_gardu": "4", "jmlgrdrvs": " ", "jml_lajur": "4", "panjang_m": " ", "luas_m": " ", "status": "Operasi", "sub_status": "Operasi Penuh", "region": "Jabodetabek", "bujt": "PT Jasa Marga (Persero) Tbk", "kodefikasi": "B25", "no": 19, "shape_leng": 0, "keterangan": " ", "creator": null, "created": null, "updater": null, "updated": null, "sync_state": 0, "last_sync": 1765414802000, "Nm_Ruas": null, "Status": null, "Propinsi": null, "Kab_Kot": null, "Panjang": null, "Segmen": null, "Satwil": null }, "geometry": { "type": "Point", "coordinates": [ 106.889173546000052, -6.461449330999926 ] } },
{ "type": "Feature", "properties": { "orig_fid": 547, "id": 0, "objectid": 547, "kode_ruas": "jgrw", "ruas": "Jakarta - Bogor - Ciawi", "kode_gt": "jgrw", "nama": "GT KARANGGAN OFF RAMP", "seksi": 0, "sta": "24+886", "foto": " ", "layer": "Gerbang Tol", "koord_x": "106.884045862681", "koord_y": "-6.45723497046786", "jml_gardu": "4", "jmlgrdrvs": " ", "jml_lajur": "4", "panjang_m": " ", "luas_m": " ", "status": "Operasi", "sub_status": "Operasi Penuh", "region": "Jabodetabek", "bujt": "PT Jasa Marga (Persero) Tbk", "kodefikasi": "B25", "no": 18, "shape_leng": 0, "keterangan": " ", "creator": null, "created": null, "updater": null, "updated": null, "sync_state": 0, "last_sync": 1765414802000, "Nm_Ruas": null, "Status": null, "Propinsi": null, "Kab_Kot": null, "Panjang": null, "Segmen": null, "Satwil": null }, "geometry": { "type": "Point", "coordinates": [ 106.88404586300004, -6.457234969999945 ] } },
{ "type": "Feature", "properties": { "orig_fid": 548, "id": 0, "objectid": 548, "kode_ruas": "jgrw", "ruas": "Jakarta - Bogor - Ciawi", "kode_gt": "jgrw", "nama": "GT KARANGGAN ON RAMP", "seksi": 0, "sta": "24+886", "foto": " ", "layer": "Gerbang Tol", "koord_x": "106.884019642198", "koord_y": "-6.45718660665495", "jml_gardu": "4", "jmlgrdrvs": " ", "jml_lajur": "4", "panjang_m": " ", "luas_m": " ", "status": "Operasi", "sub_status": "Operasi Penuh", "region": "Jabodetabek", "bujt": "PT Jasa Marga (Persero) Tbk", "kodefikasi": "B25", "no": 20, "shape_leng": 0, "keterangan": " ", "creator": null, "created": null, "updater": null, "updated": null, "sync_state": 0, "last_sync": 1765414802000, "Nm_Ruas": null, "Status": null, "Propinsi": null, "Kab_Kot": null, "Panjang": null, "Segmen": null, "Satwil": null }, "geometry": { "type": "Point", "coordinates": [ 106.884019642000055, -6.457186606999926 ] } },
{ "type": "Feature", "properties": { "orig_fid": 549, "id": 0, "objectid": 549, "kode_ruas": "jgrw", "ruas": "Jakarta - Bogor - Ciawi", "kode_gt": "jgrw", "nama": "GT CITEUREUP 1", "seksi": 0, "sta": "27+100", "foto": " ", "layer": "Gerbang Tol", "koord_x": "106.874452464529", "koord_y": "-6.48246102075388", "jml_gardu": "4", "jmlgrdrvs": " ", "jml_lajur": "4", "panjang_m": " ", "luas_m": " ", "status": "Operasi", "sub_status": "Operasi Penuh", "region": "Jabodetabek", "bujt": "PT Jasa Marga (Persero) Tbk", "kodefikasi": "B25", "no": 21, "shape_leng": 0, "keterangan": " ", "creator": null, "created": null, "updater": null, "updated": null, "sync_state": 0, "last_sync": 1765414802000, "Nm_Ruas": null, "Status": null, "Propinsi": null, "Kab_Kot": null, "Panjang": null, "Segmen": null, "Satwil": null }, "geometry": { "type": "Point", "coordinates": [ 106.874452465000047, -6.482461020999949 ] } },
{ "type": "Feature", "properties": { "orig_fid": 550, "id": 0, "objectid": 550, "kode_ruas": "jgrw", "ruas": "Jakarta - Bogor - Ciawi", "kode_gt": "jgrw", "nama": "GT CITEUREUP 2", "seksi": 0, "sta": "27+334", "foto": " ", "layer": "Gerbang Tol", "koord_x": "106.873153453601", "koord_y": "-6.48342321092077", "jml_gardu": "4", "jmlgrdrvs": " ", "jml_lajur": "4", "panjang_m": " ", "luas_m": " ", "status": "Operasi", "sub_status": "Operasi Penuh", "region": "Jabodetabek", "bujt": "PT Jasa Marga (Persero) Tbk", "kodefikasi": "B25", "no": 22, "shape_leng": 0, "keterangan": " ", "creator": null, "created": null, "updater": null, "updated": null, "sync_state": 0, "last_sync": 1765414802000, "Nm_Ruas": null, "Status": null, "Propinsi": null, "Kab_Kot": null, "Panjang": null, "Segmen": null, "Satwil": null }, "geometry": { "type": "Point", "coordinates": [ 106.873153454000033, -6.483423210999945 ] } },
{ "type": "Feature", "properties": { "orig_fid": 551, "id": 0, "objectid": 551, "kode_ruas": "jgrw", "ruas": "Jakarta - Bogor - Ciawi", "kode_gt": "jgrw", "nama": "GT SENTUL 1", "seksi": 0, "sta": "32+648", "foto": " ", "layer": "Gerbang Tol", "koord_x": "106.8542828784", "koord_y": "-6.52812445206915", "jml_gardu": "4", "jmlgrdrvs": " ", "jml_lajur": "4", "panjang_m": " ", "luas_m": " ", "status": "Operasi", "sub_status": "Operasi Penuh", "region": "Jabodetabek", "bujt": "PT Jasa Marga (Persero) Tbk", "kodefikasi": "B25", "no": 25, "shape_leng": 0, "keterangan": " ", "creator": null, "created": null, "updater": null, "updated": null, "sync_state": 0, "last_sync": 1765414802000, "Nm_Ruas": null, "Status": null, "Propinsi": null, "Kab_Kot": null, "Panjang": null, "Segmen": null, "Satwil": null }, "geometry": { "type": "Point", "coordinates": [ 106.854282878000049, -6.528124451999929 ] } },
{ "type": "Feature", "properties": { "orig_fid": 552, "id": 0, "objectid": 552, "kode_ruas": "jgrw", "ruas": "Jakarta - Bogor - Ciawi", "kode_gt": "jgrw", "nama": "GT SENTUL 2", "seksi": 0, "sta": "33+119", "foto": " ", "layer": "Gerbang Tol", "koord_x": "106.852578539601", "koord_y": "-6.53144541632876", "jml_gardu": "3", "jmlgrdrvs": " ", "jml_lajur": "3", "panjang_m": " ", "luas_m": " ", "status": "Operasi", "sub_status": "Operasi Penuh", "region": "Jabodetabek", "bujt": "PT Jasa Marga (Persero) Tbk", "kodefikasi": "B25", "no": 26, "shape_leng": 0, "keterangan": " ", "creator": null, "created": null, "updater": null, "updated": null, "sync_state": 0, "last_sync": 1765414802000, "Nm_Ruas": null, "Status": null, "Propinsi": null, "Kab_Kot": null, "Panjang": null, "Segmen": null, "Satwil": null }, "geometry": { "type": "Point", "coordinates": [ 106.852578540000081, -6.53144541599994 ] } },
{ "type": "Feature", "properties": { "orig_fid": 553, "id": 0, "objectid": 553, "kode_ruas": "jgrw", "ruas": "Jakarta - Bogor - Ciawi", "kode_gt": "jgrw", "nama": "GT CIAWI 2", "seksi": 0, "sta": "41+312", "foto": " ", "layer": "Gerbang Tol", "koord_x": "106.831285672731", "koord_y": "-6.6022573389436", "jml_gardu": "10", "jmlgrdrvs": " ", "jml_lajur": "10", "panjang_m": " ", "luas_m": " ", "status": "Operasi", "sub_status": "Operasi Penuh", "region": "Jabodetabek", "bujt": "PT Jasa Marga (Persero) Tbk", "kodefikasi": "B25", "no": 33, "shape_leng": 0, "keterangan": " ", "creator": null, "created": null, "updater": null, "updated": null, "sync_state": 0, "last_sync": 1765414802000, "Nm_Ruas": null, "Status": null, "Propinsi": null, "Kab_Kot": null, "Panjang": null, "Segmen": null, "Satwil": null }, "geometry": { "type": "Point", "coordinates": [ 106.831285673000082, -6.602257338999948 ] } },
{ "type": "Feature", "properties": { "orig_fid": 554, "id": 0, "objectid": 554, "kode_ruas": "jgrw", "ruas": "Jakarta - Bogor - Ciawi", "kode_gt": "jgrw", "nama": "GT BOGOR SELATAN", "seksi": 0, "sta": "42+593", "foto": " ", "layer": "Gerbang Tol", "koord_x": "106.832399097998", "koord_y": "-6.61372028895817", "jml_gardu": "10", "jmlgrdrvs": " ", "jml_lajur": "10", "panjang_m": " ", "luas_m": " ", "status": "Operasi", "sub_status": "Operasi Penuh", "region": "Jabodetabek", "bujt": "PT Jasa Marga (Persero) Tbk", "kodefikasi": "B25", "no": 34, "shape_leng": 0, "keterangan": " ", "creator": null, "created": null, "updater": null, "updated": null, "sync_state": 0, "last_sync": 1765414802000, "Nm_Ruas": null, "Status": null, "Propinsi": null, "Kab_Kot": null, "Panjang": null, "Segmen": null, "Satwil": null }, "geometry": { "type": "Point", "coordinates": [ 106.832399098000053, -6.613720288999957 ] } },
{ "type": "Feature", "properties": { "orig_fid": 555, "id": 0, "objectid": 555, "kode_ruas": "jgrw", "ruas": "Jakarta - Bogor - Ciawi", "kode_gt": "jgrw", "nama": "GT BOGOR 2", "seksi": 0, "sta": "41+147", "foto": " ", "layer": "Gerbang Tol", "koord_x": "106.826461927102", "koord_y": "-6.59594009004263", "jml_gardu": "8", "jmlgrdrvs": " ", "jml_lajur": "8", "panjang_m": " ", "luas_m": " ", "status": "Operasi", "sub_status": "Operasi Penuh", "region": "Jabodetabek", "bujt": "PT Jasa Marga (Persero) Tbk", "kodefikasi": "B25", "no": 31, "shape_leng": 0, "keterangan": " ", "creator": null, "created": null, "updater": null, "updated": null, "sync_state": 0, "last_sync": 1765414802000, "Nm_Ruas": null, "Status": null, "Propinsi": null, "Kab_Kot": null, "Panjang": null, "Segmen": null, "Satwil": null }, "geometry": { "type": "Point", "coordinates": [ 106.826461927000082, -6.595940089999942 ] } },
{ "type": "Feature", "properties": { "orig_fid": 556, "id": 140, "objectid": 556, "kode_ruas": "jgrw", "ruas": "Jakarta - Bogor - Ciawi", "kode_gt": "jgrw_sentul4", "nama": "GT SENTUL 4", "seksi": 0, "sta": " ", "foto": "http://gis.bpjt.pu.go.id/data/foto/gt/gtsentul4.j*", "layer": "Gerbang Tol", "koord_x": "106.85192962237", "koord_y": "-6.53350568538691", "jml_gardu": "0", "jmlgrdrvs": " ", "jml_lajur": "0", "panjang_m": " ", "luas_m": " ", "status": "Operasi", "sub_status": "Operasi Penuh", "region": "Jabodetabek", "bujt": "PT Jasa Marga (Persero) Tbk", "kodefikasi": "B25", "no": 27, "shape_leng": 0, "keterangan": "GT SENTUL 4", "creator": null, "created": null, "updater": null, "updated": null, "sync_state": 0, "last_sync": 1765414802000, "Nm_Ruas": null, "Status": null, "Propinsi": null, "Kab_Kot": null, "Panjang": null, "Segmen": null, "Satwil": null }, "geometry": { "type": "Point", "coordinates": [ 106.851929622000057, -6.533505684999966 ] } },
{ "type": "Feature", "properties": { "orig_fid": 557, "id": 80, "objectid": 557, "kode_ruas": "jgrw", "ruas": "Jakarta - Bogor - Ciawi", "kode_gt": "jgrw_sentul3", "nama": "GT SENTUL 3", "seksi": 0, "sta": " ", "foto": "http://gis.bpjt.pu.go.id/data/foto/gt/gtsentul3.j*", "layer": "Gerbang Tol", "koord_x": "106.85243353015", "koord_y": "-6.53392132798543", "jml_gardu": "0", "jmlgrdrvs": " ", "jml_lajur": "0", "panjang_m": " ", "luas_m": " ", "status": "Operasi", "sub_status": "Operasi Penuh", "region": "Jabodetabek", "bujt": "PT Jasa Marga (Persero) Tbk", "kodefikasi": "B25", "no": 28, "shape_leng": 0, "keterangan": "GT SENTUL 3", "creator": null, "created": null, "updater": null, "updated": null, "sync_state": 0, "last_sync": 1765414802000, "Nm_Ruas": null, "Status": null, "Propinsi": null, "Kab_Kot": null, "Panjang": null, "Segmen": null, "Satwil": null }, "geometry": { "type": "Point", "coordinates": [ 106.852433530000042, -6.533921327999963 ] } },
{ "type": "Feature", "properties": { "orig_fid": 558, "id": 70, "objectid": 558, "kode_ruas": "jgrw", "ruas": "Jakarta - Bogor - Ciawi", "kode_gt": "jgrw_citereup3", "nama": "GT CITEUREUP 3", "seksi": 0, "sta": "27+711", "foto": "http://gis.bpjt.pu.go.id/data/foto/gt/gtciteurep3*", "layer": "Gerbang Tol", "koord_x": "106.872361329293", "koord_y": "-6.48675919205661", "jml_gardu": "0", "jmlgrdrvs": " ", "jml_lajur": "0", "panjang_m": " ", "luas_m": " ", "status": "Operasi", "sub_status": "Operasi Penuh", "region": "Jabodetabek", "bujt": "PT Jasa Marga (Persero) Tbk", "kodefikasi": "B25", "no": 24, "shape_leng": 0, "keterangan": "GT CITEREUP 3", "creator": null, "created": null, "updater": null, "updated": null, "sync_state": 0, "last_sync": 1765414802000, "Nm_Ruas": null, "Status": null, "Propinsi": null, "Kab_Kot": null, "Panjang": null, "Segmen": null, "Satwil": null }, "geometry": { "type": "Point", "coordinates": [ 106.872361329000057, -6.486759191999965 ] } },
{ "type": "Feature", "properties": { "orig_fid": 559, "id": 147, "objectid": 559, "kode_ruas": "jgrw", "ruas": "Jakarta - Bogor - Ciawi", "kode_gt": "jgrw_citereup4", "nama": "GT CITEUREUP 4", "seksi": 0, "sta": "27+658", "foto": "http://gis.bpjt.pu.go.id/data/foto/gt/notfound.jpg", "layer": "Gerbang Tol", "koord_x": "106.87187769094", "koord_y": "-6.48609076051855", "jml_gardu": "0", "jmlgrdrvs": " ", "jml_lajur": "0", "panjang_m": " ", "luas_m": " ", "status": "Operasi", "sub_status": "Operasi Penuh", "region": "Jabodetabek", "bujt": "PT Jasa Marga (Persero) Tbk", "kodefikasi": "B25", "no": 23, "shape_leng": 0, "keterangan": "GT CITEUREUP 4", "creator": null, "created": null, "updater": null, "updated": null, "sync_state": 0, "last_sync": 1765414802000, "Nm_Ruas": null, "Status": null, "Propinsi": null, "Kab_Kot": null, "Panjang": null, "Segmen": null, "Satwil": null }, "geometry": { "type": "Point", "coordinates": [ 106.871877691000066, -6.486090760999957 ] } },
{ "type": "Feature", "properties": { "orig_fid": 653, "id": 378, "objectid": 653, "kode_ruas": "pp", "ruas": "Pejagan - Pemalang", "kode_gt": "pp_ciledug", "nama": "GT CILEDUG", "seksi": 0, "sta": " ", "foto": "http://gis.bpjt.pu.go.id/data/foto/gt/gtciledug-.*", "layer": "Gerbang Tol", "koord_x": "108.74897216332", "koord_y": "-6.88825806892177", "jml_gardu": " ", "jmlgrdrvs": " ", "jml_lajur": " ", "panjang_m": " ", "luas_m": " ", "status": "Operasi", "sub_status": "Operasi Penuh", "region": "Trans Jawa", "bujt": "PT. Pejagan Pemalang Tol Road", "kodefikasi": "A06", "no": 0, "shape_leng": 0, "keterangan": "GT CILEDUG", "creator": null, "created": null, "updater": null, "updated": null, "sync_state": 0, "last_sync": 1765414802000, "Nm_Ruas": null, "Status": null, "Propinsi": null, "Kab_Kot": null, "Panjang": null, "Segmen": null, "Satwil": null }, "geometry": { "type": "Point", "coordinates": [ 108.748972163000076, -6.88825806899996 ] } },
{ "type": "Feature", "properties": { "orig_fid": 560, "id": 366, "objectid": 560, "kode_ruas": "bcky", "ruas": "Bekasi - Cawang - Kampung Melayu", "kode_gt": "bcky_pondok_kelapa2", "nama": "GT PONDOK KELAPA 2", "seksi": 0, "sta": " ", "foto": "http://gis.bpjt.pu.go.id/data/foto/gt/gtpondokkel*", "layer": "Gerbang Tol", "koord_x": "106.926014045711", "koord_y": "-6.24846685749154", "jml_gardu": "0", "jmlgrdrvs": " ", "jml_lajur": "0", "panjang_m": " ", "luas_m": " ", "status": "Operasi", "sub_status": "Operasi Penuh", "region": "Jabodetabek", "bujt": "PT Kresna Kusuma Dyandara Marga", "kodefikasi": "B22", "no": 0, "shape_leng": 0, "keterangan": "GT PONDOK KELAPA 2", "creator": null, "created": null, "updater": null, "updated": null, "sync_state": 0, "last_sync": 1765414802000, "Nm_Ruas": null, "Status": null, "Propinsi": null, "Kab_Kot": null, "Panjang": null, "Segmen": null, "Satwil": null }, "geometry": { "type": "Point", "coordinates": [ 106.926014046000034, -6.248466856999926 ] } },
{ "type": "Feature", "properties": { "orig_fid": 561, "id": 367, "objectid": 561, "kode_ruas": "bcky", "ruas": "Bekasi - Cawang - Kampung Melayu", "kode_gt": "bcky_pondok_kelapa", "nama": "GT PONDOK KELAPA", "seksi": 0, "sta": " ", "foto": "http://gis.bpjt.pu.go.id/data/foto/gt/gtpondokkel*", "layer": "Gerbang Tol", "koord_x": "106.933011678365", "koord_y": "-6.24865162205413", "jml_gardu": "0", "jmlgrdrvs": " ", "jml_lajur": "0", "panjang_m": " ", "luas_m": " ", "status": "Operasi", "sub_status": "Operasi Penuh", "region": "Jabodetabek", "bujt": "PT Kresna Kusuma Dyandara Marga", "kodefikasi": "B22", "no": 0, "shape_leng": 0, "keterangan": "GT PONDOK KELAPA", "creator": null, "created": null, "updater": null, "updated": null, "sync_state": 0, "last_sync": 1765414802000, "Nm_Ruas": null, "Status": null, "Propinsi": null, "Kab_Kot": null, "Panjang": null, "Segmen": null, "Satwil": null }, "geometry": { "type": "Point", "coordinates": [ 106.933011678000071, -6.248651621999954 ] } },
{ "type": "Feature", "properties": { "orig_fid": 562, "id": 365, "objectid": 562, "kode_ruas": "bcky", "ruas": "Bekasi - Cawang - Kampung Melayu", "kode_gt": "bcky_bintara_jaya", "nama": "GT BINTARA JAYA", "seksi": 0, "sta": " ", "foto": "http://gis.bpjt.pu.go.id/data/foto/gt/gtbintaraja*", "layer": "Gerbang Tol", "koord_x": "106.950174220929", "koord_y": "-6.24968872552131", "jml_gardu": "0", "jmlgrdrvs": " ", "jml_lajur": "0", "panjang_m": " ", "luas_m": " ", "status": "Operasi", "sub_status": "Operasi Penuh", "region": "Jabodetabek", "bujt": "PT Kresna Kusuma Dyandara Marga", "kodefikasi": "B22", "no": 0, "shape_leng": 0, "keterangan": "GT BINTARA JAYA", "creator": null, "created": null, "updater": null, "updated": null, "sync_state": 0, "last_sync": 1765414802000, "Nm_Ruas": null, "Status": null, "Propinsi": null, "Kab_Kot": null, "Panjang": null, "Segmen": null, "Satwil": null }, "geometry": { "type": "Point", "coordinates": [ 106.950174221000054, -6.249688725999931 ] } },
{ "type": "Feature", "properties": { "orig_fid": 563, "id": 333, "objectid": 563, "kode_ruas": "bcky", "ruas": "Bekasi - Cawang - Kampung Melayu", "kode_gt": "bcky_jakasampurna", "nama": "GT JAKASAMPURNA", "seksi": 0, "sta": " ", "foto": "http://gis.bpjt.pu.go.id/data/foto/gt/gtjakasampu*", "layer": "Gerbang Tol", "koord_x": "106.963561095877", "koord_y": "-6.24973213040689", "jml_gardu": "0", "jmlgrdrvs": " ", "jml_lajur": "0", "panjang_m": " ", "luas_m": " ", "status": "Operasi", "sub_status": "Operasi Penuh", "region": "Jabodetabek", "bujt": "PT Kresna Kusuma Dyandara Marga", "kodefikasi": "B22", "no": 0, "shape_leng": 0, "keterangan": "GT JAKASAMPURNA", "creator": null, "created": null, "updater": null, "updated": null, "sync_state": 0, "last_sync": 1765414802000, "Nm_Ruas": null, "Status": null, "Propinsi": null, "Kab_Kot": null, "Panjang": null, "Segmen": null, "Satwil": null }, "geometry": { "type": "Point", "coordinates": [ 106.963561096000035, -6.249732129999927 ] } },
{ "type": "Feature", "properties": { "orig_fid": 564, "id": 0, "objectid": 564, "kode_ruas": "bcky", "ruas": "Bekasi - Cawang - Kampung Melayu", "kode_gt": "bcky", "nama": " ", "seksi": 2, "sta": " ", "foto": " ", "layer": "Gerbang Tol", "koord_x": "106.998088525908", "koord_y": "-6.24773151929025", "jml_gardu": "0", "jmlgrdrvs": " ", "jml_lajur": "0", "panjang_m": " ", "luas_m": " ", "status": "Konstruksi", "sub_status": "Pekerjaan Fisik", "region": "Jabodetabek", "bujt": "PT Kresna Kusuma Dyandara Marga", "kodefikasi": "B22", "no": 1, "shape_leng": 0, "keterangan": " ", "creator": null, "created": null, "updater": null, "updated": null, "sync_state": 0, "last_sync": 1765414802000, "Nm_Ruas": null, "Status": null, "Propinsi": null, "Kab_Kot": null, "Panjang": null, "Segmen": null, "Satwil": null }, "geometry": { "type": "Point", "coordinates": [ 106.99808852600006, -6.247731518999956 ] } },
{ "type": "Feature", "properties": { "orig_fid": 565, "id": 362, "objectid": 565, "kode_ruas": "atp", "ruas": "Akses Tanjung Priok", "kode_gt": "atp_semper_utama", "nama": "GT SEMPER 1", "seksi": 0, "sta": "59+600", "foto": "http://gis.bpjt.pu.go.id/data/foto/gt/gtsemperuta*", "layer": "Gerbang Tol", "koord_x": "106.937934930603", "koord_y": "-6.13936350523041", "jml_gardu": "3", "jmlgrdrvs": " ", "jml_lajur": "3", "panjang_m": " ", "luas_m": "206.692747100663", "status": "Operasi", "sub_status": "Operasi Penuh", "region": "Jabodetabek", "bujt": "PT Hutama Karya (Persero)", "kodefikasi": "B20", "no": 3, "shape_leng": 0, "keterangan": "GT SEMPER UTAMA", "creator": null, "created": null, "updater": null, "updated": null, "sync_state": 0, "last_sync": 1765414802000, "Nm_Ruas": null, "Status": null, "Propinsi": null, "Kab_Kot": null, "Panjang": null, "Segmen": null, "Satwil": null }, "geometry": { "type": "Point", "coordinates": [ 106.937934931000086, -6.139363504999949 ] } },
{ "type": "Feature", "properties": { "orig_fid": 566, "id": 321, "objectid": 566, "kode_ruas": "atp", "ruas": "Akses Tanjung Priok", "kode_gt": "atp_semper2", "nama": "GT SEMPER 2", "seksi": 0, "sta": "62+140", "foto": "http://gis.bpjt.pu.go.id/data/foto/gt/gtsemper2a.*", "layer": "Gerbang Tol", "koord_x": "106.925551230073", "koord_y": "-6.11795644388078", "jml_gardu": "3", "jmlgrdrvs": " ", "jml_lajur": "3", "panjang_m": " ", "luas_m": "216.820781437268", "status": "Operasi", "sub_status": "Operasi Penuh", "region": "Jabodetabek", "bujt": "PT Hutama Karya (Persero)", "kodefikasi": "B20", "no": 4, "shape_leng": 0, "keterangan": "GT SEMPER 2", "creator": null, "created": null, "updater": null, "updated": null, "sync_state": 0, "last_sync": 1765414802000, "Nm_Ruas": null, "Status": null, "Propinsi": null, "Kab_Kot": null, "Panjang": null, "Segmen": null, "Satwil": null }, "geometry": { "type": "Point", "coordinates": [ 106.925551230000053, -6.117956443999958 ] } },
{ "type": "Feature", "properties": { "orig_fid": 567, "id": 362, "objectid": 567, "kode_ruas": "atp", "ruas": "Akses Tanjung Priok", "kode_gt": "atp_koja_timur", "nama": "GT KOJA TIMUR", "seksi": 0, "sta": "64+415", "foto": "http://gis.bpjt.pu.go.id/data/foto/gt/gtkojatimur*", "layer": "Gerbang Tol", "koord_x": "106.912483719842", "koord_y": "-6.10837404542205", "jml_gardu": "3", "jmlgrdrvs": " ", "jml_lajur": "3", "panjang_m": " ", "luas_m": "229.313294755977", "status": "Operasi", "sub_status": "Operasi Penuh", "region": "Jabodetabek", "bujt": "PT Hutama Karya (Persero)", "kodefikasi": "B20", "no": 6, "shape_leng": 0, "keterangan": "GT KOJA TIMUR", "creator": null, "created": null, "updater": null, "updated": null, "sync_state": 0, "last_sync": 1765414802000, "Nm_Ruas": null, "Status": null, "Propinsi": null, "Kab_Kot": null, "Panjang": null, "Segmen": null, "Satwil": null }, "geometry": { "type": "Point", "coordinates": [ 106.912483720000068, -6.108374044999948 ] } },
{ "type": "Feature", "properties": { "orig_fid": 568, "id": 318, "objectid": 568, "kode_ruas": "atp", "ruas": "Akses Tanjung Priok", "kode_gt": "atp_koja_barat", "nama": "GT KOJA BARAT", "seksi": 0, "sta": "65+530", "foto": "http://gis.bpjt.pu.go.id/data/foto/gt/gtkojabarat*", "layer": "Gerbang Tol", "koord_x": "106.902479070869", "koord_y": "-6.10847828627654", "jml_gardu": "3", "jmlgrdrvs": " ", "jml_lajur": "3", "panjang_m": " ", "luas_m": "157.485428488513", "status": "Operasi", "sub_status": "Operasi Penuh", "region": "Jabodetabek", "bujt": "PT Hutama Karya (Persero)", "kodefikasi": "B20", "no": 8, "shape_leng": 0, "keterangan": "GT KOJA BARAT", "creator": null, "created": null, "updater": null, "updated": null, "sync_state": 0, "last_sync": 1765414802000, "Nm_Ruas": null, "Status": null, "Propinsi": null, "Kab_Kot": null, "Panjang": null, "Segmen": null, "Satwil": null }, "geometry": { "type": "Point", "coordinates": [ 106.902479071000073, -6.108478285999979 ] } },
{ "type": "Feature", "properties": { "orig_fid": 569, "id": 361, "objectid": 569, "kode_ruas": "atp", "ruas": "Akses Tanjung Priok", "kode_gt": "atp_koja_direct", "nama": "GT KOJA DIRECT", "seksi": 0, "sta": "65+400", "foto": "http://gis.bpjt.pu.go.id/data/foto/gt/gtkojadirec*", "layer": "Gerbang Tol", "koord_x": "106.900018697464", "koord_y": "-6.10409164051143", "jml_gardu": "3", "jmlgrdrvs": " ", "jml_lajur": "3", "panjang_m": " ", "luas_m": "210.072118471602", "status": "Operasi", "sub_status": "Operasi Penuh", "region": "Jabodetabek", "bujt": "PT Hutama Karya (Persero)", "kodefikasi": "B20", "no": 6, "shape_leng": 0, "keterangan": "GT KOJA DIRECT", "creator": null, "created": null, "updater": null, "updated": null, "sync_state": 0, "last_sync": 1765414802000, "Nm_Ruas": null, "Status": null, "Propinsi": null, "Kab_Kot": null, "Panjang": null, "Segmen": null, "Satwil": null }, "geometry": { "type": "Point", "coordinates": [ 106.900018697000064, -6.104091640999968 ] } },
{ "type": "Feature", "properties": { "orig_fid": 570, "id": 170, "objectid": 570, "kode_ruas": "atp", "ruas": "Akses Tanjung Priok", "kode_gt": "atp_rorotan1", "nama": "GT ROROTAN 1", "seksi": 0, "sta": "58+600", "foto": "http://gis.bpjt.pu.go.id/data/foto/gt/gtrorotan1.*", "layer": "Gerbang Tol", "koord_x": "106.940256012493", "koord_y": "-6.14610024280511", "jml_gardu": "4", "jmlgrdrvs": " ", "jml_lajur": "4", "panjang_m": " ", "luas_m": "202.031122057894", "status": "Operasi", "sub_status": "Operasi Penuh", "region": "Jabodetabek", "bujt": "PT Hutama Karya (Persero)", "kodefikasi": "B20", "no": 2, "shape_leng": 0, "keterangan": "GT ROROTAN 1", "creator": null, "created": null, "updater": null, "updated": null, "sync_state": 0, "last_sync": 1765414802000, "Nm_Ruas": null, "Status": null, "Propinsi": null, "Kab_Kot": null, "Panjang": null, "Segmen": null, "Satwil": null }, "geometry": { "type": "Point", "coordinates": [ 106.940256012000077, -6.146100242999978 ] } },
{ "type": "Feature", "properties": { "orig_fid": 571, "id": 0, "objectid": 571, "kode_ruas": "atp", "ruas": "Akses Tanjung Priok", "kode_gt": "atp", "nama": "GT KEBON BAWANG", "seksi": 0, "sta": "67+780", "foto": " ", "layer": "Gerbang Tol", "koord_x": "106.893252195227", "koord_y": "-6.11954581096736", "jml_gardu": "3", "jmlgrdrvs": " ", "jml_lajur": "3", "panjang_m": " ", "luas_m": "215.337083487614", "status": "Operasi", "sub_status": "Operasi Penuh", "region": "Jabodetabek", "bujt": "PT Hutama Karya (Persero)", "kodefikasi": "B20", "no": 8, "shape_leng": 0, "keterangan": " ", "creator": null, "created": null, "updater": null, "updated": null, "sync_state": 0, "last_sync": 1765414802000, "Nm_Ruas": null, "Status": null, "Propinsi": null, "Kab_Kot": null, "Panjang": null, "Segmen": null, "Satwil": null }, "geometry": { "type": "Point", "coordinates": [ 106.893252195000059, -6.119545810999966 ] } },
{ "type": "Feature", "properties": { "orig_fid": 572, "id": 309, "objectid": 572, "kode_ruas": "mktt", "ruas": "Medan - Kualanamu - Tebing Tinggi", "kode_gt": "mktt_lubuk_pakam", "nama": "GT LUBUK PAKAM", "seksi": 0, "sta": "46+875", "foto": "http://gis.bpjt.pu.go.id/data/foto/gt/gtlubukpaka*", "layer": "Gerbang Tol", "koord_x": "98.892527450565", "koord_y": "3.53821209502222", "jml_gardu": "6", "jmlgrdrvs": " ", "jml_lajur": "6", "panjang_m": " ", "luas_m": "602.74", "status": "Operasi", "sub_status": "Operasi Penuh", "region": "Trans Sumatera", "bujt": "PT. Jasamarga Kualanamu Tol", "kodefikasi": "C05", "no": 1, "shape_leng": 0, "keterangan": "GT LUBUK PAKAM", "creator": null, "created": null, "updater": null, "updated": null, "sync_state": 0, "last_sync": 1765414802000, "Nm_Ruas": null, "Status": null, "Propinsi": null, "Kab_Kot": null, "Panjang": null, "Segmen": null, "Satwil": null }, "geometry": { "type": "Point", "coordinates": [ 98.892527451000035, 3.538212095000063 ] } },
{ "type": "Feature", "properties": { "orig_fid": 573, "id": 325, "objectid": 573, "kode_ruas": "mktt", "ruas": "Medan - Kualanamu - Tebing Tinggi", "kode_gt": "mktt_perbaungan", "nama": "GT PERBAUNGAN", "seksi": 0, "sta": "59+760", "foto": "http://gis.bpjt.pu.go.id/data/foto/gt/gtperbaunga*", "layer": "Gerbang Tol", "koord_x": "99.009824101952", "koord_y": "3.54879038672616", "jml_gardu": "6", "jmlgrdrvs": " ", "jml_lajur": "6", "panjang_m": " ", "luas_m": "768.54", "status": "Operasi", "sub_status": "Operasi Penuh", "region": "Trans Sumatera", "bujt": "PT. Jasamarga Kualanamu Tol", "kodefikasi": "C05", "no": 2, "shape_leng": 0, "keterangan": "GT PERBAUNGAN", "creator": null, "created": null, "updater": null, "updated": null, "sync_state": 0, "last_sync": 1765414802000, "Nm_Ruas": null, "Status": null, "Propinsi": null, "Kab_Kot": null, "Panjang": null, "Segmen": null, "Satwil": null }, "geometry": { "type": "Point", "coordinates": [ 99.009824102000039, 3.548790387000054 ] } },
{ "type": "Feature", "properties": { "orig_fid": 574, "id": 326, "objectid": 574, "kode_ruas": "mktt", "ruas": "Medan - Kualanamu - Tebing Tinggi", "kode_gt": "mktt_teluk_mengkudu", "nama": "GT TELUK MENGKUDU", "seksi": 0, "sta": "69+335", "foto": "http://gis.bpjt.pu.go.id/data/foto/gt/gttelukmeng*", "layer": "Gerbang Tol", "koord_x": "99.0953127222465", "koord_y": "3.51617776393397", "jml_gardu": "6", "jmlgrdrvs": " ", "jml_lajur": "6", "panjang_m": " ", "luas_m": "771.5", "status": "Operasi", "sub_status": "Operasi Penuh", "region": "Trans Sumatera", "bujt": "PT. Jasamarga Kualanamu Tol", "kodefikasi": "C05", "no": 3, "shape_leng": 0, "keterangan": "GT TELUK MENGKUDU", "creator": null, "created": null, "updater": null, "updated": null, "sync_state": 0, "last_sync": 1765414802000, "Nm_Ruas": null, "Status": null, "Propinsi": null, "Kab_Kot": null, "Panjang": null, "Segmen": null, "Satwil": null }, "geometry": { "type": "Point", "coordinates": [ 99.095312722000074, 3.516177764000076 ] } },
{ "type": "Feature", "properties": { "orig_fid": 575, "id": 327, "objectid": 575, "kode_ruas": "mktt", "ruas": "Medan - Kualanamu - Tebing Tinggi", "kode_gt": "mktt_sei_rampah", "nama": "GT SEI RAMPAH", "seksi": 0, "sta": "77+160", "foto": "http://gis.bpjt.pu.go.id/data/foto/gt/gtseirampah*", "layer": "Gerbang Tol", "koord_x": "99.1400407890083", "koord_y": "3.45740371034397", "jml_gardu": "6", "jmlgrdrvs": " ", "jml_lajur": "6", "panjang_m": " ", "luas_m": "877.54", "status": "Operasi", "sub_status": "Operasi Penuh", "region": "Trans Sumatera", "bujt": "PT. Jasamarga Kualanamu Tol", "kodefikasi": "C05", "no": 4, "shape_leng": 0, "keterangan": "GT SEI RAMPAH", "creator": null, "created": null, "updater": null, "updated": null, "sync_state": 0, "last_sync": 1765414802000, "Nm_Ruas": null, "Status": null, "Propinsi": null, "Kab_Kot": null, "Panjang": null, "Segmen": null, "Satwil": null }, "geometry": { "type": "Point", "coordinates": [ 99.140040789000068, 3.457403710000051 ] } },
{ "type": "Feature", "properties": { "orig_fid": 576, "id": 0, "objectid": 576, "kode_ruas": "mktt", "ruas": "Medan - Kualanamu - Tebing Tinggi", "kode_gt": "mktt", "nama": "GT PARBARAKAN", "seksi": 0, "sta": "85+660", "foto": " ", "layer": "Gerbang Tol", "koord_x": "99.1607544615334", "koord_y": "3.38636428438957", "jml_gardu": " ", "jmlgrdrvs": " ", "jml_lajur": " ", "panjang_m": " ", "luas_m": "670.27", "status": "Operasi", "sub_status": "Operasi Penuh", "region": "Trans Sumatera", "bujt": "PT. Jasamarga Kualanamu Tol", "kodefikasi": "C05", "no": 5, "shape_leng": 0, "keterangan": " ", "creator": null, "created": null, "updater": null, "updated": null, "sync_state": 0, "last_sync": 1765414802000, "Nm_Ruas": null, "Status": null, "Propinsi": null, "Kab_Kot": null, "Panjang": null, "Segmen": null, "Satwil": null }, "geometry": { "type": "Point", "coordinates": [ 99.160754462000057, 3.386364284000024 ] } },
{ "type": "Feature", "properties": { "orig_fid": 577, "id": 308, "objectid": 577, "kode_ruas": "mktt", "ruas": "Medan - Kualanamu - Tebing Tinggi", "kode_gt": "mktt_kemiri", "nama": "GT KEMIRI", "seksi": 0, "sta": " ", "foto": "http://gis.bpjt.pu.go.id/data/foto/gt/gtkemiri.jpg", "layer": "Gerbang Tol", "koord_x": "98.8532970216387", "koord_y": "3.55782646078911", "jml_gardu": "5", "jmlgrdrvs": " ", "jml_lajur": "5", "panjang_m": " ", "luas_m": "495.21", "status": "Operasi", "sub_status": "Operasi Penuh", "region": "Trans Sumatera", "bujt": "PT. Jasamarga Kualanamu Tol", "kodefikasi": "C05", "no": 6, "shape_leng": 0, "keterangan": "GT KEMIRI", "creator": null, "created": null, "updater": null, "updated": null, "sync_state": 0, "last_sync": 1765414802000, "Nm_Ruas": null, "Status": null, "Propinsi": null, "Kab_Kot": null, "Panjang": null, "Segmen": null, "Satwil": null }, "geometry": { "type": "Point", "coordinates": [ 98.853297022000049, 3.557826461000047 ] } },
{ "type": "Feature", "properties": { "orig_fid": 578, "id": 310, "objectid": 578, "kode_ruas": "mktt", "ruas": "Medan - Kualanamu - Tebing Tinggi", "kode_gt": "mktt_kualanamu", "nama": "GT KUALANAMU", "seksi": 0, "sta": " ", "foto": "http://gis.bpjt.pu.go.id/data/foto/gt/gtkualanamu*", "layer": "Gerbang Tol", "koord_x": "98.8448318566073", "koord_y": "3.58876379164518", "jml_gardu": "6", "jmlgrdrvs": " ", "jml_lajur": "6", "panjang_m": " ", "luas_m": "551.42", "status": "Operasi", "sub_status": "Operasi Penuh", "region": "Trans Sumatera", "bujt": "PT. Jasamarga Kualanamu Tol", "kodefikasi": "C05", "no": 7, "shape_leng": 0, "keterangan": "GT KUALANAMU", "creator": null, "created": null, "updater": null, "updated": null, "sync_state": 0, "last_sync": 1765414802000, "Nm_Ruas": null, "Status": null, "Propinsi": null, "Kab_Kot": null, "Panjang": null, "Segmen": null, "Satwil": null }, "geometry": { "type": "Point", "coordinates": [ 98.844831857000031, 3.588763792000066 ] } },
{ "type": "Feature", "properties": { "orig_fid": 579, "id": 0, "objectid": 579, "kode_ruas": "japek", "ruas": "Jakarta - Cikampek", "kode_gt": "japek", "nama": "GT HALIM 2", "seksi": 0, "sta": "0+580", "foto": " ", "layer": "Gerbang Tol", "koord_x": "106.887378384184", "koord_y": "-6.24638414419288", "jml_gardu": "4", "jmlgrdrvs": "0", "jml_lajur": "4", "panjang_m": "-", "luas_m": "399,84", "status": "Operasi", "sub_status": "Operasi Penuh", "region": "Trans Jawa", "bujt": "PT Jasa Marga (Persero) Tbk", "kodefikasi": "A02", "no": 1, "shape_leng": 0, "keterangan": " ", "creator": null, "created": null, "updater": null, "updated": null, "sync_state": 0, "last_sync": 1765414802000, "Nm_Ruas": null, "Status": null, "Propinsi": null, "Kab_Kot": null, "Panjang": null, "Segmen": null, "Satwil": null }, "geometry": { "type": "Point", "coordinates": [ 106.887378384000044, -6.246384143999933 ] } },
{ "type": "Feature", "properties": { "orig_fid": 580, "id": 157, "objectid": 580, "kode_ruas": "jiut1", "ruas": "Jakarta - Cikampek", "kode_gt": "jiut1_halim", "nama": "GT HALIM", "seksi": 0, "sta": "0+737", "foto": "http://gis.bpjt.pu.go.id/data/foto/gt/gthalim-.jpg", "layer": "Gerbang Tol", "koord_x": "106.888378998937", "koord_y": "-6.24543307688833", "jml_gardu": "3", "jmlgrdrvs": "0", "jml_lajur": "3", "panjang_m": "-", "luas_m": "290,05", "status": "Operasi", "sub_status": "Operasi Penuh", "region": "Trans Jawa", "bujt": "PT Jasa Marga (Persero) Tbk", "kodefikasi": "A02", "no": 2, "shape_leng": 0, "keterangan": "GT HALIM", "creator": null, "created": null, "updater": null, "updated": null, "sync_state": 0, "last_sync": 1765414802000, "Nm_Ruas": null, "Status": null, "Propinsi": null, "Kab_Kot": null, "Panjang": null, "Segmen": null, "Satwil": null }, "geometry": { "type": "Point", "coordinates": [ 106.888378999000054, -6.245433076999973 ] } },
{ "type": "Feature", "properties": { "orig_fid": 581, "id": 0, "objectid": 581, "kode_ruas": "japek", "ruas": "Jakarta - Cikampek", "kode_gt": "japek", "nama": "GT HALIM UTAMA", "seksi": 0, "sta": "0+807", "foto": " ", "layer": "Gerbang Tol", "koord_x": "106.889024904152", "koord_y": "-6.24518631356487", "jml_gardu": "6", "jmlgrdrvs": "0", "jml_lajur": "8", "panjang_m": "-", "luas_m": "606,93", "status": "Operasi", "sub_status": "Operasi Penuh", "region": "Trans Jawa", "bujt": "PT Jasa Marga (Persero) Tbk", "kodefikasi": "A02", "no": 3, "shape_leng": 0, "keterangan": " ", "creator": null, "created": null, "updater": null, "updated": null, "sync_state": 0, "last_sync": 1765414802000, "Nm_Ruas": null, "Status": null, "Propinsi": null, "Kab_Kot": null, "Panjang": null, "Segmen": null, "Satwil": null }, "geometry": { "type": "Point", "coordinates": [ 106.889024904000053, -6.245186313999966 ] } },
{ "type": "Feature", "properties": { "orig_fid": 582, "id": 353, "objectid": 582, "kode_ruas": "japek", "ruas": "Jakarta - Cikampek", "kode_gt": "japek_pondok_gede_barat2", "nama": "GT PONDOK GEDE BARAT 2", "seksi": 0, "sta": "3+464", "foto": "http://gis.bpjt.pu.go.id/data/foto/gt/gtpondokged*", "layer": "Gerbang Tol", "koord_x": "106.908139721265", "koord_y": "-6.25635343479603", "jml_gardu": "3", "jmlgrdrvs": "0", "jml_lajur": "3", "panjang_m": "-", "luas_m": "322,71", "status": "Operasi", "sub_status": "Operasi Penuh", "region": "Trans Jawa", "bujt": "PT Jasa Marga (Persero) Tbk", "kodefikasi": "A02", "no": 4, "shape_leng": 0, "keterangan": "GT PONDOK GEDE BARAT 2", "creator": null, "created": null, "updater": null, "updated": null, "sync_state": 0, "last_sync": 1765414802000, "Nm_Ruas": null, "Status": null, "Propinsi": null, "Kab_Kot": null, "Panjang": null, "Segmen": null, "Satwil": null }, "geometry": { "type": "Point", "coordinates": [ 106.908139721000055, -6.256353434999937 ] } },
{ "type": "Feature", "properties": { "orig_fid": 583, "id": 158, "objectid": 583, "kode_ruas": "japek", "ruas": "Jakarta - Cikampek", "kode_gt": "japek_pondok_gede_barat", "nama": "GT PONDOK GEDE BARAT", "seksi": 0, "sta": "3+533", "foto": "http://gis.bpjt.pu.go.id/data/foto/gt/gtpondokged*", "layer": "Gerbang Tol", "koord_x": "106.907788427205", "koord_y": "-6.25556938043866", "jml_gardu": "3", "jmlgrdrvs": "0", "jml_lajur": "3", "panjang_m": "-", "luas_m": "227,42", "status": "Operasi", "sub_status": "Operasi Penuh", "region": "Trans Jawa", "bujt": "PT Jasa Marga (Persero) Tbk", "kodefikasi": "A02", "no": 5, "shape_leng": 0, "keterangan": "GT PONDOK GEDE BARAT", "creator": null, "created": null, "updater": null, "updated": null, "sync_state": 0, "last_sync": 1765414802000, "Nm_Ruas": null, "Status": null, "Propinsi": null, "Kab_Kot": null, "Panjang": null, "Segmen": null, "Satwil": null }, "geometry": { "type": "Point", "coordinates": [ 106.907788427000071, -6.25556937999994 ] } },
{ "type": "Feature", "properties": { "orig_fid": 584, "id": 46, "objectid": 584, "kode_ruas": "japek", "ruas": "Jakarta - Cikampek", "kode_gt": "japek_pondok_gede_timur1", "nama": "GT PONDOK GEDE TIMUR 1", "seksi": 0, "sta": "7+445", "foto": "http://gis.bpjt.pu.go.id/data/foto/gt/gtpondokged*", "layer": "Gerbang Tol", "koord_x": "106.943273992319", "koord_y": "-6.25682539837079", "jml_gardu": "5", "jmlgrdrvs": "0", "jml_lajur": "5", "panjang_m": "-", "luas_m": "386,20", "status": "Operasi", "sub_status": "Operasi Penuh", "region": "Trans Jawa", "bujt": "PT Jasa Marga (Persero) Tbk", "kodefikasi": "A02", "no": 6, "shape_leng": 0, "keterangan": "GT PONDOK GEDE TIMUR 1", "creator": null, "created": null, "updater": null, "updated": null, "sync_state": 0, "last_sync": 1765414802000, "Nm_Ruas": null, "Status": null, "Propinsi": null, "Kab_Kot": null, "Panjang": null, "Segmen": null, "Satwil": null }, "geometry": { "type": "Point", "coordinates": [ 106.943273992000059, -6.256825397999933 ] } },
{ "type": "Feature", "properties": { "orig_fid": 585, "id": 354, "objectid": 585, "kode_ruas": "japek", "ruas": "Jakarta - Cikampek", "kode_gt": "japek_pondok_gede_timur2", "nama": "GT PONDOK GEDE TIMUR 2", "seksi": 0, "sta": "7+685", "foto": "http://gis.bpjt.pu.go.id/data/foto/gt/gtpondokged*", "layer": "Gerbang Tol", "koord_x": "106.945395623854", "koord_y": "-6.25754088061712", "jml_gardu": "5", "jmlgrdrvs": "0", "jml_lajur": "5", "panjang_m": "-", "luas_m": "466,32", "status": "Operasi", "sub_status": "Operasi Penuh", "region": "Trans Jawa", "bujt": "PT Jasa Marga (Persero) Tbk", "kodefikasi": "A02", "no": 7, "shape_leng": 0, "keterangan": "GT PONDOK GEDE TIMUR 2", "creator": null, "created": null, "updater": null, "updated": null, "sync_state": 0, "last_sync": 1765414802000, "Nm_Ruas": null, "Status": null, "Propinsi": null, "Kab_Kot": null, "Panjang": null, "Segmen": null, "Satwil": null }, "geometry": { "type": "Point", "coordinates": [ 106.945395624000071, -6.257540880999954 ] } },
{ "type": "Feature", "properties": { "orig_fid": 586, "id": 0, "objectid": 586, "kode_ruas": "japek", "ruas": "Jakarta - Cikampek", "kode_gt": "japek", "nama": "GT CIKUNIR 4", "seksi": 0, "sta": "8+719", "foto": " ", "layer": "Gerbang Tol", "koord_x": "106.954689598605", "koord_y": "-6.25641392030875", "jml_gardu": "4", "jmlgrdrvs": "0", "jml_lajur": "4", "panjang_m": "-", "luas_m": "280,71", "status": "Operasi", "sub_status": "Operasi Penuh", "region": "Trans Jawa", "bujt": "PT Jasa Marga (Persero) Tbk", "kodefikasi": "A02", "no": 8, "shape_leng": 0, "keterangan": " ", "creator": null, "created": null, "updater": null, "updated": null, "sync_state": 0, "last_sync": 1765414802000, "Nm_Ruas": null, "Status": null, "Propinsi": null, "Kab_Kot": null, "Panjang": null, "Segmen": null, "Satwil": null }, "geometry": { "type": "Point", "coordinates": [ 106.954689599000062, -6.256413919999943 ] } },
{ "type": "Feature", "properties": { "orig_fid": 587, "id": 0, "objectid": 587, "kode_ruas": "japek", "ruas": "Jakarta - Cikampek", "kode_gt": "japek", "nama": "GT CIKUNIR 3", "seksi": 0, "sta": "8+719", "foto": " ", "layer": "Gerbang Tol", "koord_x": "106.954714226026", "koord_y": "-6.25687149066016", "jml_gardu": "2", "jmlgrdrvs": "0", "jml_lajur": "3", "panjang_m": "-", "luas_m": "137,86", "status": "Operasi", "sub_status": "Operasi Penuh", "region": "Trans Jawa", "bujt": "PT Jasa Marga (Persero) Tbk", "kodefikasi": "A02", "no": 9, "shape_leng": 0, "keterangan": " ", "creator": null, "created": null, "updater": null, "updated": null, "sync_state": 0, "last_sync": 1765414802000, "Nm_Ruas": null, "Status": null, "Propinsi": null, "Kab_Kot": null, "Panjang": null, "Segmen": null, "Satwil": null }, "geometry": { "type": "Point", "coordinates": [ 106.954714226000078, -6.25687149099997 ] } },
{ "type": "Feature", "properties": { "orig_fid": 588, "id": 0, "objectid": 588, "kode_ruas": "japek", "ruas": "Jakarta - Cikampek", "kode_gt": "japek", "nama": "GT CIKUNIR 2", "seksi": 0, "sta": "9+298", "foto": " ", "layer": "Gerbang Tol", "koord_x": "106.960124754054", "koord_y": "-6.25678582115273", "jml_gardu": "6", "jmlgrdrvs": "0", "jml_lajur": "6", "panjang_m": "-", "luas_m": "453,58", "status": "Operasi", "sub_status": "Operasi Penuh", "region": "Trans Jawa", "bujt": "PT Jasa Marga (Persero) Tbk", "kodefikasi": "A02", "no": 10, "shape_leng": 0, "keterangan": " ", "creator": null, "created": null, "updater": null, "updated": null, "sync_state": 0, "last_sync": 1765414802000, "Nm_Ruas": null, "Status": null, "Propinsi": null, "Kab_Kot": null, "Panjang": null, "Segmen": null, "Satwil": null }, "geometry": { "type": "Point", "coordinates": [ 106.960124754000049, -6.256785820999937 ] } },
{ "type": "Feature", "properties": { "orig_fid": 589, "id": 248, "objectid": 589, "kode_ruas": "japek", "ruas": "Jakarta - Cikampek", "kode_gt": "japek_bekasi_barat2", "nama": "GT BEKASI BARAT 2", "seksi": 0, "sta": "12+685", "foto": "http://gis.bpjt.pu.go.id/data/foto/gt/gtbekasibar*", "layer": "Gerbang Tol", "koord_x": "106.987963255153", "koord_y": "-6.25250616141807", "jml_gardu": "4", "jmlgrdrvs": "0", "jml_lajur": "4", "panjang_m": "-", "luas_m": "427,15", "status": "Operasi", "sub_status": "Operasi Penuh", "region": "Trans Jawa", "bujt": "PT Jasa Marga (Persero) Tbk", "kodefikasi": "A02", "no": 11, "shape_leng": 0, "keterangan": "GT BEKASI BARAT 2", "creator": null, "created": null, "updater": null, "updated": null, "sync_state": 0, "last_sync": 1765414802000, "Nm_Ruas": null, "Status": null, "Propinsi": null, "Kab_Kot": null, "Panjang": null, "Segmen": null, "Satwil": null }, "geometry": { "type": "Point", "coordinates": [ 106.987963255000068, -6.252506160999928 ] } },
{ "type": "Feature", "properties": { "orig_fid": 590, "id": 12, "objectid": 590, "kode_ruas": "japek", "ruas": "Jakarta - Cikampek", "kode_gt": "japek_bekasi barat", "nama": "GT BEKASI BARAT", "seksi": 0, "sta": "12+505", "foto": "http://gis.bpjt.pu.go.id/data/foto/gt/notfound.jpg", "layer": "Gerbang Tol", "koord_x": "106.987056069254", "koord_y": "-6.25071506628765", "jml_gardu": "7", "jmlgrdrvs": "0", "jml_lajur": "7", "panjang_m": "-", "luas_m": "687,09", "status": "Operasi", "sub_status": "Operasi Penuh", "region": "Trans Jawa", "bujt": "PT Jasa Marga (Persero) Tbk", "kodefikasi": "A02", "no": 12, "shape_leng": 0, "keterangan": "GT BEKASI BARAT", "creator": null, "created": null, "updater": null, "updated": null, "sync_state": 0, "last_sync": 1765414802000, "Nm_Ruas": null, "Status": null, "Propinsi": null, "Kab_Kot": null, "Panjang": null, "Segmen": null, "Satwil": null }, "geometry": { "type": "Point", "coordinates": [ 106.987056069000062, -6.250715065999941 ] } },
{ "type": "Feature", "properties": { "orig_fid": 591, "id": 251, "objectid": 591, "kode_ruas": "japek", "ruas": "Jakarta - Cikampek", "kode_gt": "japek_bekasi_barat1", "nama": "GT BEKASI BARAT 1", "seksi": 0, "sta": "12+853", "foto": "http://gis.bpjt.pu.go.id/data/foto/gt/gtbekasibar*", "layer": "Gerbang Tol", "koord_x": "106.990340759269", "koord_y": "-6.2497731564328", "jml_gardu": "7", "jmlgrdrvs": "0", "jml_lajur": "7", "panjang_m": "-", "luas_m": "424,56", "status": "Operasi", "sub_status": "Operasi Penuh", "region": "Trans Jawa", "bujt": "PT Jasa Marga (Persero) Tbk", "kodefikasi": "A02", "no": 13, "shape_leng": 0, "keterangan": "GT BEKASI BARAT 1", "creator": null, "created": null, "updater": null, "updated": null, "sync_state": 0, "last_sync": 1765414802000, "Nm_Ruas": null, "Status": null, "Propinsi": null, "Kab_Kot": null, "Panjang": null, "Segmen": null, "Satwil": null }, "geometry": { "type": "Point", "coordinates": [ 106.990340759000048, -6.249773155999947 ] } },
{ "type": "Feature", "properties": { "orig_fid": 592, "id": 259, "objectid": 592, "kode_ruas": "japek", "ruas": "Jakarta - Cikampek", "kode_gt": "japek_bekasi_timur2", "nama": "GT BEKASI TIMUR 2", "seksi": 0, "sta": "15+000", "foto": "http://gis.bpjt.pu.go.id/data/foto/gt/gtbekasitim*", "layer": "Gerbang Tol", "koord_x": "107.0158738445", "koord_y": "-6.26346810007444", "jml_gardu": "4", "jmlgrdrvs": "0", "jml_lajur": "4", "panjang_m": "-", "luas_m": "312,57", "status": "Operasi", "sub_status": "Operasi Penuh", "region": "Trans Jawa", "bujt": "PT Jasa Marga (Persero) Tbk", "kodefikasi": "A02", "no": 14, "shape_leng": 0, "keterangan": "GT BEKASI TIMUR 2", "creator": null, "created": null, "updater": null, "updated": null, "sync_state": 0, "last_sync": 1765414802000, "Nm_Ruas": null, "Status": null, "Propinsi": null, "Kab_Kot": null, "Panjang": null, "Segmen": null, "Satwil": null }, "geometry": { "type": "Point", "coordinates": [ 107.015873844000055, -6.263468099999955 ] } },
{ "type": "Feature", "properties": { "orig_fid": 593, "id": 249, "objectid": 593, "kode_ruas": "japek", "ruas": "Jakarta - Cikampek", "kode_gt": "japek_bekasi_timur1", "nama": "GT BEKASI TIMUR 1", "seksi": 0, "sta": "15+000", "foto": "http://gis.bpjt.pu.go.id/data/foto/gt/gtbekasitim*", "layer": "Gerbang Tol", "koord_x": "107.016889915642", "koord_y": "-6.26152803582624", "jml_gardu": "4", "jmlgrdrvs": "0", "jml_lajur": "4", "panjang_m": "-", "luas_m": "320,59", "status": "Operasi", "sub_status": "Operasi Penuh", "region": "Trans Jawa", "bujt": "PT Jasa Marga (Persero) Tbk", "kodefikasi": "A02", "no": 15, "shape_leng": 0, "keterangan": "GT BEKASI TIMUR 1", "creator": null, "created": null, "updater": null, "updated": null, "sync_state": 0, "last_sync": 1765414802000, "Nm_Ruas": null, "Status": null, "Propinsi": null, "Kab_Kot": null, "Panjang": null, "Segmen": null, "Satwil": null }, "geometry": { "type": "Point", "coordinates": [ 107.016889916000082, -6.261528035999959 ] } },
{ "type": "Feature", "properties": { "orig_fid": 594, "id": 5, "objectid": 594, "kode_ruas": "japek", "ruas": "Jakarta - Cikampek", "kode_gt": "japek_tambun", "nama": "GT TAMBUN", "seksi": 0, "sta": "20+336", "foto": "http://gis.bpjt.pu.go.id/data/foto/gt/gttambun.jpg", "layer": "Gerbang Tol", "koord_x": "107.05166711402", "koord_y": "-6.27847363582649", "jml_gardu": "7", "jmlgrdrvs": "0", "jml_lajur": "8", "panjang_m": "-", "luas_m": "826,27", "status": "Operasi", "sub_status": "Operasi Penuh", "region": "Trans Jawa", "bujt": "PT Jasa Marga (Persero) Tbk", "kodefikasi": "A02", "no": 16, "shape_leng": 0, "keterangan": "GT TAMBUN", "creator": null, "created": null, "updater": null, "updated": null, "sync_state": 0, "last_sync": 1765414802000, "Nm_Ruas": null, "Status": null, "Propinsi": null, "Kab_Kot": null, "Panjang": null, "Segmen": null, "Satwil": null }, "geometry": { "type": "Point", "coordinates": [ 107.051667114000054, -6.278473635999944 ] } },
{ "type": "Feature", "properties": { "orig_fid": 595, "id": 368, "objectid": 595, "kode_ruas": "japek", "ruas": "Jakarta - Cikampek", "kode_gt": "japek_cibitung2", "nama": "GT CIBITUNG 2", "seksi": 0, "sta": "23+775", "foto": "http://gis.bpjt.pu.go.id/data/foto/gt/gtcibitung2*", "layer": "Gerbang Tol", "koord_x": "107.081771503626", "koord_y": "-6.28802539816462", "jml_gardu": "4", "jmlgrdrvs": "0", "jml_lajur": "4", "panjang_m": "-", "luas_m": "459,95", "status": "Operasi", "sub_status": "Operasi Penuh", "region": "Trans Jawa", "bujt": "PT Jasa Marga (Persero) Tbk", "kodefikasi": "A02", "no": 17, "shape_leng": 0, "keterangan": "GT CIBITUNG 2", "creator": null, "created": null, "updater": null, "updated": null, "sync_state": 0, "last_sync": 1765414802000, "Nm_Ruas": null, "Status": null, "Propinsi": null, "Kab_Kot": null, "Panjang": null, "Segmen": null, "Satwil": null }, "geometry": { "type": "Point", "coordinates": [ 107.081771504000073, -6.288025397999945 ] } },
{ "type": "Feature", "properties": { "orig_fid": 596, "id": 369, "objectid": 596, "kode_ruas": "japek", "ruas": "Jakarta - Cikampek", "kode_gt": "japek_cibitung", "nama": "GT CIBITUNG", "seksi": 0, "sta": "23+775", "foto": "http://gis.bpjt.pu.go.id/data/foto/gt/gtcibitung-*", "layer": "Gerbang Tol", "koord_x": "107.081122232412", "koord_y": "-6.28922188410921", "jml_gardu": "4", "jmlgrdrvs": "0", "jml_lajur": "4", "panjang_m": "-", "luas_m": "1003,65", "status": "Operasi", "sub_status": "Operasi Penuh", "region": "Trans Jawa", "bujt": "PT Jasa Marga (Persero) Tbk", "kodefikasi": "A02", "no": 18, "shape_leng": 0, "keterangan": "GT CIBITUNG", "creator": null, "created": null, "updater": null, "updated": null, "sync_state": 0, "last_sync": 1765414802000, "Nm_Ruas": null, "Status": null, "Propinsi": null, "Kab_Kot": null, "Panjang": null, "Segmen": null, "Satwil": null }, "geometry": { "type": "Point", "coordinates": [ 107.081122232000041, -6.289221883999971 ] } },
{ "type": "Feature", "properties": { "orig_fid": 597, "id": 25, "objectid": 597, "kode_ruas": "japek", "ruas": "Jakarta - Cikampek", "kode_gt": "japek_cibitung1", "nama": "GT CIBITUNG 1", "seksi": 0, "sta": "23+934", "foto": "http://gis.bpjt.pu.go.id/data/foto/gt/gtcibitung1*", "layer": "Gerbang Tol", "koord_x": "107.085077447703", "koord_y": "-6.28241480167346", "jml_gardu": "8", "jmlgrdrvs": "0", "jml_lajur": "8", "panjang_m": "-", "luas_m": "748,22", "status": "Operasi", "sub_status": "Operasi Penuh", "region": "Trans Jawa", "bujt": "PT Jasa Marga (Persero) Tbk", "kodefikasi": "A02", "no": 19, "shape_leng": 0, "keterangan": "GT CIBITUNG 1", "creator": null, "created": null, "updater": null, "updated": null, "sync_state": 0, "last_sync": 1765414802000, "Nm_Ruas": null, "Status": null, "Propinsi": null, "Kab_Kot": null, "Panjang": null, "Segmen": null, "Satwil": null }, "geometry": { "type": "Point", "coordinates": [ 107.08507744800005, -6.282414801999948 ] } },
{ "type": "Feature", "properties": { "orig_fid": 598, "id": 402, "objectid": 598, "kode_ruas": "japek", "ruas": "Jakarta - Cikampek", "kode_gt": "japek_cikarang_utara", "nama": "GT CIKARANG UTARA", "seksi": 0, "sta": "28+446", "foto": "http://gis.bpjt.pu.go.id/data/foto/gt/gtcikarangu*", "layer": "Gerbang Tol", "koord_x": "107.124491946617", "koord_y": "-6.29928982237926", "jml_gardu": "12", "jmlgrdrvs": "0", "jml_lajur": "12", "panjang_m": "-", "luas_m": "1641,46", "status": "Operasi", "sub_status": "Operasi Penuh", "region": "Trans Jawa", "bujt": "PT Jasa Marga (Persero) Tbk", "kodefikasi": "A02", "no": 20, "shape_leng": 0, "keterangan": "GT CIKARANG UTARA", "creator": null, "created": null, "updater": null, "updated": null, "sync_state": 0, "last_sync": 1765414802000, "Nm_Ruas": null, "Status": null, "Propinsi": null, "Kab_Kot": null, "Panjang": null, "Segmen": null, "Satwil": null }, "geometry": { "type": "Point", "coordinates": [ 107.124491947000081, -6.299289821999935 ] } },
{ "type": "Feature", "properties": { "orig_fid": 599, "id": 395, "objectid": 599, "kode_ruas": "japek", "ruas": "Jakarta - Cikampek", "kode_gt": "japek_cikarang_utama", "nama": "GT CIKARANG UTAMA", "seksi": 0, "sta": "28+446", "foto": "http://gis.bpjt.pu.go.id/data/foto/gt/gtcikarangu*", "layer": "Gerbang Tol", "koord_x": "107.120941744825", "koord_y": "-6.30318048847606", "jml_gardu": "0", "jmlgrdrvs": "0", "jml_lajur": "0", "panjang_m": "-", "luas_m": "1308,29", "status": "Operasi", "sub_status": "Operasi Penuh", "region": "Trans Jawa", "bujt": "PT Jasa Marga (Persero) Tbk", "kodefikasi": "A02", "no": 21, "shape_leng": 0, "keterangan": "GT CIKARANG UTAMA", "creator": null, "created": null, "updater": null, "updated": null, "sync_state": 0, "last_sync": 1765414802000, "Nm_Ruas": null, "Status": null, "Propinsi": null, "Kab_Kot": null, "Panjang": null, "Segmen": null, "Satwil": null }, "geometry": { "type": "Point", "coordinates": [ 107.120941745000039, -6.303180487999953 ] } },
{ "type": "Feature", "properties": { "orig_fid": 600, "id": 245, "objectid": 600, "kode_ruas": "japek", "ruas": "Jakarta - Cikampek", "kode_gt": "japek_cikarang_barat", "nama": "GT CIKARANG BARAT", "seksi": 0, "sta": "30+794", "foto": "http://gis.bpjt.pu.go.id/data/foto/gt/gtcikarangb*", "layer": "Gerbang Tol", "koord_x": "107.140019054717", "koord_y": "-6.31142769328725", "jml_gardu": "4", "jmlgrdrvs": "0", "jml_lajur": "4", "panjang_m": "-", "luas_m": "509,09", "status": "Operasi", "sub_status": "Operasi Penuh", "region": "Trans Jawa", "bujt": "PT Jasa Marga (Persero) Tbk", "kodefikasi": "A02", "no": 22, "shape_leng": 0, "keterangan": "GT CIKARANG BARAT", "creator": null, "created": null, "updater": null, "updated": null, "sync_state": 0, "last_sync": 1765414802000, "Nm_Ruas": null, "Status": null, "Propinsi": null, "Kab_Kot": null, "Panjang": null, "Segmen": null, "Satwil": null }, "geometry": { "type": "Point", "coordinates": [ 107.140019055000039, -6.311427692999928 ] } },
{ "type": "Feature", "properties": { "orig_fid": 601, "id": 246, "objectid": 601, "kode_ruas": "japek", "ruas": "Jakarta - Cikampek", "kode_gt": "japek_cikarang_barat2", "nama": "GT CIKARANG BARAT 2", "seksi": 0, "sta": "30+465", "foto": "http://gis.bpjt.pu.go.id/data/foto/gt/gtcikarangb*", "layer": "Gerbang Tol", "koord_x": "107.136806244975", "koord_y": "-6.31186485107148", "jml_gardu": "0", "jmlgrdrvs": "0", "jml_lajur": "0", "panjang_m": "-", "luas_m": "290,73", "status": "Operasi", "sub_status": "Operasi Penuh", "region": "Trans Jawa", "bujt": "PT Jasa Marga (Persero) Tbk", "kodefikasi": "A02", "no": 23, "shape_leng": 0, "keterangan": "GT CIKARANG BARAT 2", "creator": null, "created": null, "updater": null, "updated": null, "sync_state": 0, "last_sync": 1765414802000, "Nm_Ruas": null, "Status": null, "Propinsi": null, "Kab_Kot": null, "Panjang": null, "Segmen": null, "Satwil": null }, "geometry": { "type": "Point", "coordinates": [ 107.136806245000059, -6.311864850999939 ] } },
{ "type": "Feature", "properties": { "orig_fid": 602, "id": 244, "objectid": 602, "kode_ruas": "japek", "ruas": "Jakarta - Cikampek", "kode_gt": "japek_cikarang_barat1", "nama": "GT CIKARANG BARAT 1", "seksi": 0, "sta": "30+564", "foto": "http://gis.bpjt.pu.go.id/data/foto/gt/gtcikarangb*", "layer": "Gerbang Tol", "koord_x": "107.137164637691", "koord_y": "-6.31276573052371", "jml_gardu": "0", "jmlgrdrvs": "0", "jml_lajur": "0", "panjang_m": "-", "luas_m": "474,15", "status": "Operasi", "sub_status": "Operasi Penuh", "region": "Trans Jawa", "bujt": "PT Jasa Marga (Persero) Tbk", "kodefikasi": "A02", "no": 24, "shape_leng": 0, "keterangan": "GT CIKARANG BARAT 1", "creator": null, "created": null, "updater": null, "updated": null, "sync_state": 0, "last_sync": 1765414802000, "Nm_Ruas": null, "Status": null, "Propinsi": null, "Kab_Kot": null, "Panjang": null, "Segmen": null, "Satwil": null }, "geometry": { "type": "Point", "coordinates": [ 107.137164638000058, -6.312765730999956 ] } },
{ "type": "Feature", "properties": { "orig_fid": 603, "id": 247, "objectid": 603, "kode_ruas": "japek", "ruas": "Jakarta - Cikampek", "kode_gt": "japek_cikarang_barat5", "nama": "GT CIKARANG BARAT 5", "seksi": 0, "sta": "30+437", "foto": "http://gis.bpjt.pu.go.id/data/foto/gt/gtcikarangb*", "layer": "Gerbang Tol", "koord_x": "107.135819691044", "koord_y": "-6.31348235888705", "jml_gardu": "4", "jmlgrdrvs": "0", "jml_lajur": "4", "panjang_m": "-", "luas_m": "565,24", "status": "Operasi", "sub_status": "Operasi Penuh", "region": "Trans Jawa", "bujt": "PT Jasa Marga (Persero) Tbk", "kodefikasi": "A02", "no": 25, "shape_leng": 0, "keterangan": "GT CIKARANG BARAT 5", "creator": null, "created": null, "updater": null, "updated": null, "sync_state": 0, "last_sync": 1765414802000, "Nm_Ruas": null, "Status": null, "Propinsi": null, "Kab_Kot": null, "Panjang": null, "Segmen": null, "Satwil": null }, "geometry": { "type": "Point", "coordinates": [ 107.135819691000052, -6.313482358999977 ] } },
{ "type": "Feature", "properties": { "orig_fid": 604, "id": 35, "objectid": 604, "kode_ruas": "japek", "ruas": "Jakarta - Cikampek", "kode_gt": "japek_cikarang_barat3", "nama": "GT CIKARANG BARAT 3", "seksi": 0, "sta": "30+392", "foto": "http://gis.bpjt.pu.go.id/data/foto/gt/gtcikarangb*", "layer": "Gerbang Tol", "koord_x": "107.136024345937", "koord_y": "-6.31195958987554", "jml_gardu": "7", "jmlgrdrvs": "0", "jml_lajur": "7", "panjang_m": "-", "luas_m": "913,37", "status": "Operasi", "sub_status": "Operasi Penuh", "region": "Trans Jawa", "bujt": "PT Jasa Marga (Persero) Tbk", "kodefikasi": "A02", "no": 26, "shape_leng": 0, "keterangan": "GT CIKARANG BARAT 3", "creator": null, "created": null, "updater": null, "updated": null, "sync_state": 0, "last_sync": 1765414802000, "Nm_Ruas": null, "Status": null, "Propinsi": null, "Kab_Kot": null, "Panjang": null, "Segmen": null, "Satwil": null }, "geometry": { "type": "Point", "coordinates": [ 107.136024346000056, -6.311959589999958 ] } },
{ "type": "Feature", "properties": { "orig_fid": 605, "id": 243, "objectid": 605, "kode_ruas": "japek", "ruas": "Jakarta - Cikampek", "kode_gt": "japek_cibatu", "nama": "GT CIBATU", "seksi": 0, "sta": "33+889", "foto": "http://gis.bpjt.pu.go.id/data/foto/gt/gtcibatu-.j*", "layer": "Gerbang Tol", "koord_x": "107.16224113064", "koord_y": "-6.33223712874127", "jml_gardu": "8", "jmlgrdrvs": "0", "jml_lajur": "8", "panjang_m": "-", "luas_m": "1741,33", "status": "Operasi", "sub_status": "Operasi Penuh", "region": "Trans Jawa", "bujt": "PT Jasa Marga (Persero) Tbk", "kodefikasi": "A02", "no": 27, "shape_leng": 0, "keterangan": "GT CIBATU", "creator": null, "created": null, "updater": null, "updated": null, "sync_state": 0, "last_sync": 1765414802000, "Nm_Ruas": null, "Status": null, "Propinsi": null, "Kab_Kot": null, "Panjang": null, "Segmen": null, "Satwil": null }, "geometry": { "type": "Point", "coordinates": [ 107.162241131000087, -6.332237128999964 ] } },
{ "type": "Feature", "properties": { "orig_fid": 606, "id": 56, "objectid": 606, "kode_ruas": "japek", "ruas": "Jakarta - Cikampek", "kode_gt": "japek_cikarang_timur", "nama": "GT CIKARANG TIMUR", "seksi": 0, "sta": "36+703", "foto": "http://gis.bpjt.pu.go.id/data/foto/gt/gtcikarangt*", "layer": "Gerbang Tol", "koord_x": "107.185570128806", "koord_y": "-6.34182774511258", "jml_gardu": "5", "jmlgrdrvs": "0", "jml_lajur": "5", "panjang_m": "-", "luas_m": "543,48", "status": "Operasi", "sub_status": "Operasi Penuh", "region": "Trans Jawa", "bujt": "PT Jasa Marga (Persero) Tbk", "kodefikasi": "A02", "no": 28, "shape_leng": 0, "keterangan": "GT CIKARANG TIMUR", "creator": null, "created": null, "updater": null, "updated": null, "sync_state": 0, "last_sync": 1765414802000, "Nm_Ruas": null, "Status": null, "Propinsi": null, "Kab_Kot": null, "Panjang": null, "Segmen": null, "Satwil": null }, "geometry": { "type": "Point", "coordinates": [ 107.185570129000041, -6.341827744999932 ] } },
{ "type": "Feature", "properties": { "orig_fid": 607, "id": 63, "objectid": 607, "kode_ruas": "japek", "ruas": "Jakarta - Cikampek", "kode_gt": "japek_karawang_barat", "nama": "GT KARAWANG BARAT", "seksi": 0, "sta": "46+453", "foto": "http://gis.bpjt.pu.go.id/data/foto/gt/gtkarawangb*", "layer": "Gerbang Tol", "koord_x": "107.269529222581", "koord_y": "-6.34590365516431", "jml_gardu": "8", "jmlgrdrvs": "0", "jml_lajur": "8", "panjang_m": "-", "luas_m": "902,94", "status": "Operasi", "sub_status": "Operasi Penuh", "region": "Trans Jawa", "bujt": "PT Jasa Marga (Persero) Tbk", "kodefikasi": "A02", "no": 29, "shape_leng": 0, "keterangan": "GT KARAWANG BARAT", "creator": null, "created": null, "updater": null, "updated": null, "sync_state": 0, "last_sync": 1765414802000, "Nm_Ruas": null, "Status": null, "Propinsi": null, "Kab_Kot": null, "Panjang": null, "Segmen": null, "Satwil": null }, "geometry": { "type": "Point", "coordinates": [ 107.269529223000063, -6.345903654999972 ] } },
{ "type": "Feature", "properties": { "orig_fid": 608, "id": 0, "objectid": 608, "kode_ruas": "japek", "ruas": "Jakarta - Cikampek", "kode_gt": "japek", "nama": "GT KARAWANG BARAT 1", "seksi": 0, "sta": "46+176", "foto": " ", "layer": "Gerbang Tol", "koord_x": "107.266813988201", "koord_y": "-6.35191323085982", "jml_gardu": "6", "jmlgrdrvs": "0", "jml_lajur": "6", "panjang_m": "-", "luas_m": "354,95", "status": "Operasi", "sub_status": "Operasi Penuh", "region": "Trans Jawa", "bujt": "PT Jasa Marga (Persero) Tbk", "kodefikasi": "A02", "no": 30, "shape_leng": 0, "keterangan": " ", "creator": null, "created": null, "updater": null, "updated": null, "sync_state": 0, "last_sync": 1765414802000, "Nm_Ruas": null, "Status": null, "Propinsi": null, "Kab_Kot": null, "Panjang": null, "Segmen": null, "Satwil": null }, "geometry": { "type": "Point", "coordinates": [ 107.266813988000081, -6.351913230999969 ] } },
{ "type": "Feature", "properties": { "orig_fid": 609, "id": 345, "objectid": 609, "kode_ruas": "japek", "ruas": "Jakarta - Cikampek", "kode_gt": "japek_karawang_barat2", "nama": "GT KARAWANG BARAT 2", "seksi": 0, "sta": "46+176", "foto": "http://gis.bpjt.pu.go.id/data/foto/gt/gtkarawangb*", "layer": "Gerbang Tol", "koord_x": "107.26659435946", "koord_y": "-6.3527818688134", "jml_gardu": "4", "jmlgrdrvs": "0", "jml_lajur": "4", "panjang_m": "-", "luas_m": "501,37", "status": "Operasi", "sub_status": "Operasi Penuh", "region": "Trans Jawa", "bujt": "PT Jasa Marga (Persero) Tbk", "kodefikasi": "A02", "no": 31, "shape_leng": 0, "keterangan": "GT KARAWANG BARAT 2", "creator": null, "created": null, "updater": null, "updated": null, "sync_state": 0, "last_sync": 1765414802000, "Nm_Ruas": null, "Status": null, "Propinsi": null, "Kab_Kot": null, "Panjang": null, "Segmen": null, "Satwil": null }, "geometry": { "type": "Point", "coordinates": [ 107.266594359000067, -6.352781868999955 ] } },
{ "type": "Feature", "properties": { "orig_fid": 610, "id": 69, "objectid": 610, "kode_ruas": "japek", "ruas": "Jakarta - Cikampek", "kode_gt": "japek_karawang_timur1", "nama": "GT KARAWANG TIMUR 1", "seksi": 0, "sta": "53+802", "foto": "http://gis.bpjt.pu.go.id/data/foto/gt/gtkarawangt*", "layer": "Gerbang Tol", "koord_x": "107.336154752167", "koord_y": "-6.35293702273445", "jml_gardu": "4", "jmlgrdrvs": "0", "jml_lajur": "4", "panjang_m": "-", "luas_m": "537,89", "status": "Operasi", "sub_status": "Operasi Penuh", "region": "Trans Jawa", "bujt": "PT Jasa Marga (Persero) Tbk", "kodefikasi": "A02", "no": 32, "shape_leng": 0, "keterangan": "GT KARAWANG TIMUR 1", "creator": null, "created": null, "updater": null, "updated": null, "sync_state": 0, "last_sync": 1765414802000, "Nm_Ruas": null, "Status": null, "Propinsi": null, "Kab_Kot": null, "Panjang": null, "Segmen": null, "Satwil": null }, "geometry": { "type": "Point", "coordinates": [ 107.336154752000084, -6.352937022999981 ] } },
{ "type": "Feature", "properties": { "orig_fid": 611, "id": 346, "objectid": 611, "kode_ruas": "japek", "ruas": "Jakarta - Cikampek", "kode_gt": "japek_karawang_timur2", "nama": "GT KARAWANG TIMUR 2", "seksi": 0, "sta": "53+529", "foto": "http://gis.bpjt.pu.go.id/data/foto/gt/gtkarawangt*", "layer": "Gerbang Tol", "koord_x": "107.331847067588", "koord_y": "-6.35922090282626", "jml_gardu": "5", "jmlgrdrvs": "0", "jml_lajur": "5", "panjang_m": "-", "luas_m": "567,83", "status": "Operasi", "sub_status": "Operasi Penuh", "region": "Trans Jawa", "bujt": "PT Jasa Marga (Persero) Tbk", "kodefikasi": "A02", "no": 33, "shape_leng": 0, "keterangan": "GT KARAWANG TIMUR 2", "creator": null, "created": null, "updater": null, "updated": null, "sync_state": 0, "last_sync": 1765414802000, "Nm_Ruas": null, "Status": null, "Propinsi": null, "Kab_Kot": null, "Panjang": null, "Segmen": null, "Satwil": null }, "geometry": { "type": "Point", "coordinates": [ 107.331847068000059, -6.359220902999937 ] } },
{ "type": "Feature", "properties": { "orig_fid": 612, "id": 0, "objectid": 612, "kode_ruas": "japek", "ruas": "Jakarta - Cikampek", "kode_gt": "japek", "nama": "GT KALIHURIP UTAMA 4", "seksi": 0, "sta": "66+570", "foto": " ", "layer": "Gerbang Tol", "koord_x": "107.424329233186", "koord_y": "-6.42555168833617", "jml_gardu": "3", "jmlgrdrvs": "0", "jml_lajur": "3", "panjang_m": "-", "luas_m": "263,64", "status": "Operasi", "sub_status": "Operasi Penuh", "region": "Trans Jawa", "bujt": "PT Jasa Marga (Persero) Tbk", "kodefikasi": "A02", "no": 34, "shape_leng": 0, "keterangan": " ", "creator": null, "created": null, "updater": null, "updated": null, "sync_state": 0, "last_sync": 1765414802000, "Nm_Ruas": null, "Status": null, "Propinsi": null, "Kab_Kot": null, "Panjang": null, "Segmen": null, "Satwil": null }, "geometry": { "type": "Point", "coordinates": [ 107.424329233000037, -6.425551687999928 ] } },
{ "type": "Feature", "properties": { "orig_fid": 613, "id": 0, "objectid": 613, "kode_ruas": "japek", "ruas": "Jakarta - Cikampek", "kode_gt": "japek", "nama": "GT KALIHURIP 4", "seksi": 0, "sta": "66+536", "foto": " ", "layer": "Gerbang Tol", "koord_x": "107.424409610045", "koord_y": "-6.42498979890062", "jml_gardu": "6", "jmlgrdrvs": "0", "jml_lajur": "6", "panjang_m": "-", "luas_m": "537,26", "status": "Operasi", "sub_status": "Operasi Penuh", "region": "Trans Jawa", "bujt": "PT Jasa Marga (Persero) Tbk", "kodefikasi": "A02", "no": 35, "shape_leng": 0, "keterangan": " ", "creator": null, "created": null, "updater": null, "updated": null, "sync_state": 0, "last_sync": 1765414802000, "Nm_Ruas": null, "Status": null, "Propinsi": null, "Kab_Kot": null, "Panjang": null, "Segmen": null, "Satwil": null }, "geometry": { "type": "Point", "coordinates": [ 107.424409610000055, -6.424989798999945 ] } },
{ "type": "Feature", "properties": { "orig_fid": 614, "id": 286, "objectid": 614, "kode_ruas": "japek", "ruas": "Jakarta - Cikampek", "kode_gt": "japek_kalihurip2", "nama": "GT KALIHURIP 2", "seksi": 0, "sta": "67+170", "foto": "http://gis.bpjt.pu.go.id/data/foto/gt/gtkalihurip*", "layer": "Gerbang Tol", "koord_x": "107.429340897603", "koord_y": "-6.42619043000377", "jml_gardu": "4", "jmlgrdrvs": "0", "jml_lajur": "4", "panjang_m": "-", "luas_m": "453,02", "status": "Operasi", "sub_status": "Operasi Penuh", "region": "Trans Jawa", "bujt": "PT Jasa Marga (Persero) Tbk", "kodefikasi": "A02", "no": 36, "shape_leng": 0, "keterangan": "GT KALI HURIP 2", "creator": null, "created": null, "updater": null, "updated": null, "sync_state": 0, "last_sync": 1765414802000, "Nm_Ruas": null, "Status": null, "Propinsi": null, "Kab_Kot": null, "Panjang": null, "Segmen": null, "Satwil": null }, "geometry": { "type": "Point", "coordinates": [ 107.429340898000078, -6.426190429999963 ] } },
{ "type": "Feature", "properties": { "orig_fid": 615, "id": 87, "objectid": 615, "kode_ruas": "japek", "ruas": "Jakarta - Cikampek", "kode_gt": "japek_kalihurip1", "nama": "GT KALIHURIP 1", "seksi": 0, "sta": "67+170", "foto": "http://gis.bpjt.pu.go.id/data/foto/gt/gtkalihurip*", "layer": "Gerbang Tol", "koord_x": "107.430397415986", "koord_y": "-6.42354268334623", "jml_gardu": "4", "jmlgrdrvs": "0", "jml_lajur": "4", "panjang_m": "-", "luas_m": "257,71", "status": "Operasi", "sub_status": "Operasi Penuh", "region": "Trans Jawa", "bujt": "PT Jasa Marga (Persero) Tbk", "kodefikasi": "A02", "no": 37, "shape_leng": 0, "keterangan": "GT KALI HURIP 1", "creator": null, "created": null, "updater": null, "updated": null, "sync_state": 0, "last_sync": 1765414802000, "Nm_Ruas": null, "Status": null, "Propinsi": null, "Kab_Kot": null, "Panjang": null, "Segmen": null, "Satwil": null }, "geometry": { "type": "Point", "coordinates": [ 107.430397416000062, -6.423542682999937 ] } },
{ "type": "Feature", "properties": { "orig_fid": 616, "id": 0, "objectid": 616, "kode_ruas": "japek", "ruas": "Jakarta - Cikampek", "kode_gt": "japek", "nama": "GT KALIHURIP 3", "seksi": 0, "sta": "66+839", "foto": " ", "layer": "Gerbang Tol", "koord_x": "107.42728649102", "koord_y": "-6.42414949805135", "jml_gardu": "2", "jmlgrdrvs": "0", "jml_lajur": "2", "panjang_m": "-", "luas_m": "467,58", "status": "Operasi", "sub_status": "Operasi Penuh", "region": "Trans Jawa", "bujt": "PT Jasa Marga (Persero) Tbk", "kodefikasi": "A02", "no": 38, "shape_leng": 0, "keterangan": " ", "creator": null, "created": null, "updater": null, "updated": null, "sync_state": 0, "last_sync": 1765414802000, "Nm_Ruas": null, "Status": null, "Propinsi": null, "Kab_Kot": null, "Panjang": null, "Segmen": null, "Satwil": null }, "geometry": { "type": "Point", "coordinates": [ 107.427286491000075, -6.424149497999963 ] } },
{ "type": "Feature", "properties": { "orig_fid": 617, "id": 219, "objectid": 617, "kode_ruas": "bmdr", "ruas": "Nusa Dua-Ngurah Rai-Benoa (Bali Mandara)", "kode_gt": "bmdr_nusa_dua", "nama": "GT NUSA DUA", "seksi": 0, "sta": " ", "foto": "http://gis.bpjt.pu.go.id/data/foto/gt/gtnusadua.j*", "layer": "Gerbang Tol", "koord_x": "115.208560369418", "koord_y": "-8.77822224598212", "jml_gardu": "6", "jmlgrdrvs": "-", "jml_lajur": "6", "panjang_m": "-", "luas_m": " ", "status": "Operasi", "sub_status": "Operasi Penuh", "region": "Non Trans", "bujt": "PT Jasamarga Bali Tol", "kodefikasi": "D24", "no": 1, "shape_leng": 0, "keterangan": "GT NUSA DUA", "creator": null, "created": null, "updater": null, "updated": null, "sync_state": 0, "last_sync": 1765414802000, "Nm_Ruas": "Jl. Tol Nusa Dua - Ngurah Rai - Benoa (Bali Mandara)", "Status": "Jalan Tol", "Propinsi": "Bali", "Kab_Kot": "Badung", "Panjang": 501.43650579400003, "Segmen": "SEG_000017859", "Satwil": "Polda Bali" }, "geometry": { "type": "Point", "coordinates": [ 115.208560369000111, -8.778222245999928 ] } },
{ "type": "Feature", "properties": { "orig_fid": 617, "id": 219, "objectid": 617, "kode_ruas": "bmdr", "ruas": "Nusa Dua-Ngurah Rai-Benoa (Bali Mandara)", "kode_gt": "bmdr_nusa_dua", "nama": "GT NUSA DUA", "seksi": 0, "sta": " ", "foto": "http://gis.bpjt.pu.go.id/data/foto/gt/gtnusadua.j*", "layer": "Gerbang Tol", "koord_x": "115.208560369418", "koord_y": "-8.77822224598212", "jml_gardu": "6", "jmlgrdrvs": "-", "jml_lajur": "6", "panjang_m": "-", "luas_m": " ", "status": "Operasi", "sub_status": "Operasi Penuh", "region": "Non Trans", "bujt": "PT Jasamarga Bali Tol", "kodefikasi": "D24", "no": 1, "shape_leng": 0, "keterangan": "GT NUSA DUA", "creator": null, "created": null, "updater": null, "updated": null, "sync_state": 0, "last_sync": 1765414802000, "Nm_Ruas": "Jl. Tol Nusa Dua - Ngurah Rai - Benoa (Bali Mandara)", "Status": "Jalan Tol", "Propinsi": "Bali", "Kab_Kot": "Badung", "Panjang": 501.40136036400003, "Segmen": "SEG_000017840", "Satwil": "Polda Bali" }, "geometry": { "type": "Point", "coordinates": [ 115.208560369000111, -8.778222245999928 ] } },
{ "type": "Feature", "properties": { "orig_fid": 618, "id": 221, "objectid": 618, "kode_ruas": "bmdr", "ruas": "Nusa Dua-Ngurah Rai-Benoa (Bali Mandara)", "kode_gt": "bmdr_ngurah_rai", "nama": "GT NGURAH RAI", "seksi": 0, "sta": " ", "foto": "http://gis.bpjt.pu.go.id/data/foto/gt/gtngurahrai*", "layer": "Gerbang Tol", "koord_x": "115.188181365986", "koord_y": "-8.74418980461081", "jml_gardu": "7", "jmlgrdrvs": "-", "jml_lajur": "7", "panjang_m": "-", "luas_m": " ", "status": "Operasi", "sub_status": "Operasi Penuh", "region": "Non Trans", "bujt": "PT Jasamarga Bali Tol", "kodefikasi": "D24", "no": 2, "shape_leng": 0, "keterangan": "GT NGURAH RAI", "creator": null, "created": null, "updater": null, "updated": null, "sync_state": 0, "last_sync": 1765414802000, "Nm_Ruas": "Jl. Tol Nusa Dua - Ngurah Rai - Benoa (Bali Mandara)", "Status": "Jalan Tol", "Propinsi": "Bali", "Kab_Kot": "Badung", "Panjang": 500.34090703800001, "Segmen": "SEG_000017846", "Satwil": "Polda Bali" }, "geometry": { "type": "Point", "coordinates": [ 115.188181366000094, -8.744189804999962 ] } },
{ "type": "Feature", "properties": { "orig_fid": 618, "id": 221, "objectid": 618, "kode_ruas": "bmdr", "ruas": "Nusa Dua-Ngurah Rai-Benoa (Bali Mandara)", "kode_gt": "bmdr_ngurah_rai", "nama": "GT NGURAH RAI", "seksi": 0, "sta": " ", "foto": "http://gis.bpjt.pu.go.id/data/foto/gt/gtngurahrai*", "layer": "Gerbang Tol", "koord_x": "115.188181365986", "koord_y": "-8.74418980461081", "jml_gardu": "7", "jmlgrdrvs": "-", "jml_lajur": "7", "panjang_m": "-", "luas_m": " ", "status": "Operasi", "sub_status": "Operasi Penuh", "region": "Non Trans", "bujt": "PT Jasamarga Bali Tol", "kodefikasi": "D24", "no": 2, "shape_leng": 0, "keterangan": "GT NGURAH RAI", "creator": null, "created": null, "updater": null, "updated": null, "sync_state": 0, "last_sync": 1765414802000, "Nm_Ruas": "Jl. Tol Nusa Dua - Ngurah Rai - Benoa (Bali Mandara)", "Status": "Jalan Tol", "Propinsi": "Bali", "Kab_Kot": "Badung", "Panjang": 438.07387242200002, "Segmen": "SEG_000017847", "Satwil": "Polda Bali" }, "geometry": { "type": "Point", "coordinates": [ 115.188181366000094, -8.744189804999962 ] } },
{ "type": "Feature", "properties": { "orig_fid": 619, "id": 220, "objectid": 619, "kode_ruas": "bmdr", "ruas": "Nusa Dua-Ngurah Rai-Benoa (Bali Mandara)", "kode_gt": "bmdr_benoa", "nama": "GT BENOA", "seksi": 0, "sta": " ", "foto": "http://gis.bpjt.pu.go.id/data/foto/gt/gtbenoa.jpg", "layer": "Gerbang Tol", "koord_x": "115.207975101583", "koord_y": "-8.73520100587753", "jml_gardu": "6", "jmlgrdrvs": "-", "jml_lajur": "6", "panjang_m": "-", "luas_m": " ", "status": "Operasi", "sub_status": "Operasi Penuh", "region": "Non Trans", "bujt": "PT Jasamarga Bali Tol", "kodefikasi": "D24", "no": 3, "shape_leng": 0, "keterangan": "GT BENOA BALI", "creator": null, "created": null, "updater": null, "updated": null, "sync_state": 0, "last_sync": 1765414802000, "Nm_Ruas": "Jl. Tol Nusa Dua - Ngurah Rai - Benoa (Bali Mandara)", "Status": "Jalan Tol", "Propinsi": "Bali", "Kab_Kot": "Badung", "Panjang": 340.21979843000003, "Segmen": "SEG_000017844", "Satwil": "Polda Bali" }, "geometry": { "type": "Point", "coordinates": [ 115.207975102000091, -8.735201005999954 ] } },
{ "type": "Feature", "properties": { "orig_fid": 619, "id": 220, "objectid": 619, "kode_ruas": "bmdr", "ruas": "Nusa Dua-Ngurah Rai-Benoa (Bali Mandara)", "kode_gt": "bmdr_benoa", "nama": "GT BENOA", "seksi": 0, "sta": " ", "foto": "http://gis.bpjt.pu.go.id/data/foto/gt/gtbenoa.jpg", "layer": "Gerbang Tol", "koord_x": "115.207975101583", "koord_y": "-8.73520100587753", "jml_gardu": "6", "jmlgrdrvs": "-", "jml_lajur": "6", "panjang_m": "-", "luas_m": " ", "status": "Operasi", "sub_status": "Operasi Penuh", "region": "Non Trans", "bujt": "PT Jasamarga Bali Tol", "kodefikasi": "D24", "no": 3, "shape_leng": 0, "keterangan": "GT BENOA BALI", "creator": null, "created": null, "updater": null, "updated": null, "sync_state": 0, "last_sync": 1765414802000, "Nm_Ruas": "Jl. Tol Nusa Dua - Ngurah Rai - Benoa (Bali Mandara)", "Status": "Jalan Tol", "Propinsi": "Bali", "Kab_Kot": "Badung", "Panjang": 100.116476193, "Segmen": "SEG_000042704", "Satwil": "Polda Bali" }, "geometry": { "type": "Point", "coordinates": [ 115.207975102000091, -8.735201005999954 ] } },
{ "type": "Feature", "properties": { "orig_fid": 619, "id": 220, "objectid": 619, "kode_ruas": "bmdr", "ruas": "Nusa Dua-Ngurah Rai-Benoa (Bali Mandara)", "kode_gt": "bmdr_benoa", "nama": "GT BENOA", "seksi": 0, "sta": " ", "foto": "http://gis.bpjt.pu.go.id/data/foto/gt/gtbenoa.jpg", "layer": "Gerbang Tol", "koord_x": "115.207975101583", "koord_y": "-8.73520100587753", "jml_gardu": "6", "jmlgrdrvs": "-", "jml_lajur": "6", "panjang_m": "-", "luas_m": " ", "status": "Operasi", "sub_status": "Operasi Penuh", "region": "Non Trans", "bujt": "PT Jasamarga Bali Tol", "kodefikasi": "D24", "no": 3, "shape_leng": 0, "keterangan": "GT BENOA BALI", "creator": null, "created": null, "updater": null, "updated": null, "sync_state": 0, "last_sync": 1765414802000, "Nm_Ruas": "Jl. Tol Nusa Dua - Ngurah Rai - Benoa (Bali Mandara)", "Status": "Jalan Tol", "Propinsi": "Bali", "Kab_Kot": "Badung", "Panjang": 100.074035756, "Segmen": "SEG_000021995", "Satwil": "Polda Bali" }, "geometry": { "type": "Point", "coordinates": [ 115.207975102000091, -8.735201005999954 ] } },
{ "type": "Feature", "properties": { "orig_fid": 620, "id": 393, "objectid": 620, "kode_ruas": "btsmg", "ruas": "Batang - Semarang", "kode_gt": "btsmg_kaliwungu", "nama": "GT KALIWUNGU", "seksi": 0, "sta": "0+850", "foto": "http://gis.bpjt.pu.go.id/data/foto/gt/gtkaliwungu*", "layer": "Gerbang Tol", "koord_x": "110.282727823315", "koord_y": "-6.9706118063323", "jml_gardu": "0", "jmlgrdrvs": " ", "jml_lajur": "0", "panjang_m": " ", "luas_m": " ", "status": "Operasi", "sub_status": "Operasi Penuh", "region": "Trans Jawa", "bujt": "PT. Jasamarga Semarang Batang", "kodefikasi": "A08", "no": 4, "shape_leng": 0, "keterangan": "GT KALIWUNGU", "creator": null, "created": null, "updater": null, "updated": null, "sync_state": 0, "last_sync": 1765414802000, "Nm_Ruas": null, "Status": null, "Propinsi": null, "Kab_Kot": null, "Panjang": null, "Segmen": null, "Satwil": null }, "geometry": { "type": "Point", "coordinates": [ 110.282727823000073, -6.970611805999965 ] } },
{ "type": "Feature", "properties": { "orig_fid": 621, "id": 396, "objectid": 621, "kode_ruas": "btsmg", "ruas": "Batang - Semarang", "kode_gt": "btsmg_kalikangkung", "nama": "GT KALIANGKUNG", "seksi": 0, "sta": "413+806", "foto": "http://gis.bpjt.pu.go.id/data/foto/gt/gtkalikangk*", "layer": "Gerbang Tol", "koord_x": "110.316970318649", "koord_y": "-6.98757482195125", "jml_gardu": "0", "jmlgrdrvs": " ", "jml_lajur": "0", "panjang_m": " ", "luas_m": " ", "status": "Operasi", "sub_status": "Operasi Penuh", "region": "Trans Jawa", "bujt": "PT. Jasamarga Semarang Batang", "kodefikasi": "A08", "no": 5, "shape_leng": 0, "keterangan": "GT KALIKANGKUNG", "creator": null, "created": null, "updater": null, "updated": null, "sync_state": 0, "last_sync": 1765414802000, "Nm_Ruas": null, "Status": null, "Propinsi": null, "Kab_Kot": null, "Panjang": null, "Segmen": null, "Satwil": null }, "geometry": { "type": "Point", "coordinates": [ 110.316970319000063, -6.987574821999942 ] } },
{ "type": "Feature", "properties": { "orig_fid": 622, "id": 391, "objectid": 622, "kode_ruas": "btsmg", "ruas": "Batang - Semarang", "kode_gt": "btsmg_weleri", "nama": "GT WELERI", "seksi": 0, "sta": "0+651", "foto": "http://gis.bpjt.pu.go.id/data/foto/gt/gtweleri.jpg", "layer": "Gerbang Tol", "koord_x": "110.058560176984", "koord_y": "-6.97368486610832", "jml_gardu": "0", "jmlgrdrvs": " ", "jml_lajur": "0", "panjang_m": " ", "luas_m": " ", "status": "Operasi", "sub_status": "Operasi Penuh", "region": "Trans Jawa", "bujt": "PT. Jasamarga Semarang Batang", "kodefikasi": "A08", "no": 2, "shape_leng": 0, "keterangan": "GT WELERI", "creator": null, "created": null, "updater": null, "updated": null, "sync_state": 0, "last_sync": 1765414802000, "Nm_Ruas": null, "Status": null, "Propinsi": null, "Kab_Kot": null, "Panjang": null, "Segmen": null, "Satwil": null }, "geometry": { "type": "Point", "coordinates": [ 110.058560177000061, -6.973684865999928 ] } },
{ "type": "Feature", "properties": { "orig_fid": 623, "id": 392, "objectid": 623, "kode_ruas": "btsmg", "ruas": "Batang - Semarang", "kode_gt": "btsmg_kendal", "nama": "GT KENDAL", "seksi": 0, "sta": "0+600", "foto": "http://gis.bpjt.pu.go.id/data/foto/gt/gtkendal.jpg", "layer": "Gerbang Tol", "koord_x": "110.152886840873", "koord_y": "-6.98592828809582", "jml_gardu": "0", "jmlgrdrvs": " ", "jml_lajur": "0", "panjang_m": " ", "luas_m": " ", "status": "Operasi", "sub_status": "Operasi Penuh", "region": "Trans Jawa", "bujt": "PT. Jasamarga Semarang Batang", "kodefikasi": "A08", "no": 3, "shape_leng": 0, "keterangan": "GT KENDAL", "creator": null, "created": null, "updater": null, "updated": null, "sync_state": 0, "last_sync": 1765414802000, "Nm_Ruas": null, "Status": null, "Propinsi": null, "Kab_Kot": null, "Panjang": null, "Segmen": null, "Satwil": null }, "geometry": { "type": "Point", "coordinates": [ 110.152886841000054, -6.985928287999968 ] } },
{ "type": "Feature", "properties": { "orig_fid": 624, "id": 390, "objectid": 624, "kode_ruas": "btsmg", "ruas": "Batang - Semarang", "kode_gt": "btsmg_kandeman", "nama": "GT KANDEMAN", "seksi": 0, "sta": "0+600", "foto": "http://gis.bpjt.pu.go.id/data/foto/gt/gtkandeman.*", "layer": "Gerbang Tol", "koord_x": "109.759996874308", "koord_y": "-6.93258279683651", "jml_gardu": "0", "jmlgrdrvs": " ", "jml_lajur": "0", "panjang_m": " ", "luas_m": " ", "status": "Operasi", "sub_status": "Operasi Penuh", "region": "Trans Jawa", "bujt": "PT. Jasamarga Semarang Batang", "kodefikasi": "A08", "no": 1, "shape_leng": 0, "keterangan": "GT KANDEMAN", "creator": null, "created": null, "updater": null, "updated": null, "sync_state": 0, "last_sync": 1765414802000, "Nm_Ruas": null, "Status": null, "Propinsi": null, "Kab_Kot": null, "Panjang": null, "Segmen": null, "Satwil": null }, "geometry": { "type": "Point", "coordinates": [ 109.75999687400008, -6.932582796999952 ] } },
{ "type": "Feature", "properties": { "orig_fid": 625, "id": 0, "objectid": 625, "kode_ruas": "sibanceh", "ruas": "Sigli - Banda Aceh", "kode_gt": "sibanceh", "nama": "GT PADANG TIJI", "seksi": 1, "sta": "1+250", "foto": " ", "layer": "Gerbang Tol", "koord_x": "95.8492880077931", "koord_y": "5.36637432148511", "jml_gardu": "4", "jmlgrdrvs": "0", "jml_lajur": "4", "panjang_m": "52", "luas_m": " ", "status": "Konstruksi", "sub_status": "Pekerjaan Fisik", "region": "Trans Sumatera", "bujt": "PT Hutama Karya (Persero)", "kodefikasi": "C01", "no": 1, "shape_leng": 0, "keterangan": " ", "creator": null, "created": null, "updater": null, "updated": null, "sync_state": 0, "last_sync": 1765414802000, "Nm_Ruas": null, "Status": null, "Propinsi": null, "Kab_Kot": null, "Panjang": null, "Segmen": null, "Satwil": null }, "geometry": { "type": "Point", "coordinates": [ 95.849288008000087, 5.366374321000023 ] } },
{ "type": "Feature", "properties": { "orig_fid": 626, "id": 0, "objectid": 626, "kode_ruas": "sibanceh", "ruas": "Sigli - Banda Aceh", "kode_gt": "sibanceh", "nama": "GT SEULIMEUM", "seksi": 2, "sta": "0+500", "foto": " ", "layer": "Gerbang Tol", "koord_x": "95.6417142446778", "koord_y": "5.36135253620212", "jml_gardu": "4", "jmlgrdrvs": "0", "jml_lajur": "4", "panjang_m": "52", "luas_m": " ", "status": "Konstruksi", "sub_status": "Pekerjaan Fisik", "region": "Trans Sumatera", "bujt": "PT Hutama Karya (Persero)", "kodefikasi": "C01", "no": 2, "shape_leng": 0, "keterangan": " ", "creator": null, "created": null, "updater": null, "updated": null, "sync_state": 0, "last_sync": 1765414802000, "Nm_Ruas": null, "Status": null, "Propinsi": null, "Kab_Kot": null, "Panjang": null, "Segmen": null, "Satwil": null }, "geometry": { "type": "Point", "coordinates": [ 95.64171424500006, 5.361352536000027 ] } },
{ "type": "Feature", "properties": { "orig_fid": 627, "id": 0, "objectid": 627, "kode_ruas": "sibanceh", "ruas": "Sigli - Banda Aceh", "kode_gt": "sibanceh", "nama": "GT KUTA BARO", "seksi": 6, "sta": "2+950", "foto": " ", "layer": "Gerbang Tol", "koord_x": "95.411808345179", "koord_y": "5.5681971033411", "jml_gardu": "4", "jmlgrdrvs": "0", "jml_lajur": "4", "panjang_m": "52", "luas_m": " ", "status": "Konstruksi", "sub_status": "Pekerjaan Fisik", "region": "Trans Sumatera", "bujt": "PT Hutama Karya (Persero)", "kodefikasi": "C01", "no": 6, "shape_leng": 0, "keterangan": " ", "creator": null, "created": null, "updater": null, "updated": null, "sync_state": 0, "last_sync": 1765414802000, "Nm_Ruas": null, "Status": null, "Propinsi": null, "Kab_Kot": null, "Panjang": null, "Segmen": null, "Satwil": null }, "geometry": { "type": "Point", "coordinates": [ 95.411808345000054, 5.568197103000045 ] } },
{ "type": "Feature", "properties": { "orig_fid": 628, "id": 0, "objectid": 628, "kode_ruas": "sibanceh", "ruas": "Sigli - Banda Aceh", "kode_gt": "sibanceh", "nama": "GT BAITUSSALAM", "seksi": 6, "sta": "71+200", "foto": " ", "layer": "Gerbang Tol", "koord_x": "95.4055785788737", "koord_y": "5.58683481070285", "jml_gardu": "6", "jmlgrdrvs": "0", "jml_lajur": "6", "panjang_m": "52", "luas_m": " ", "status": "Konstruksi", "sub_status": "Pekerjaan Fisik", "region": "Trans Sumatera", "bujt": "PT Hutama Karya (Persero)", "kodefikasi": "C01", "no": 7, "shape_leng": 0, "keterangan": " ", "creator": null, "created": null, "updater": null, "updated": null, "sync_state": 0, "last_sync": 1765414802000, "Nm_Ruas": null, "Status": null, "Propinsi": null, "Kab_Kot": null, "Panjang": null, "Segmen": null, "Satwil": null }, "geometry": { "type": "Point", "coordinates": [ 95.405578579000064, 5.586834811000074 ] } },
{ "type": "Feature", "properties": { "orig_fid": 629, "id": 454, "objectid": 629, "kode_ruas": "sibanceh", "ruas": "Sigli - Banda Aceh", "kode_gt": "sibanceh_indrapuri", "nama": "GT INDRAPURI", "seksi": 4, "sta": "0+465", "foto": "http://gis.bpjt.pu.go.id/data/foto/gt/gtindrapuri*", "layer": "Gerbang Tol", "koord_x": "95.4597787820226", "koord_y": "5.40161859201535", "jml_gardu": "4", "jmlgrdrvs": "0", "jml_lajur": "4", "panjang_m": "52", "luas_m": " ", "status": "Operasi", "sub_status": "Operasi", "region": "Trans Sumatera", "bujt": "PT Hutama Karya (Persero)", "kodefikasi": "C01", "no": 4, "shape_leng": 0, "keterangan": "GT INDRAPURI", "creator": null, "created": null, "updater": null, "updated": null, "sync_state": 0, "last_sync": 1765414802000, "Nm_Ruas": null, "Status": null, "Propinsi": null, "Kab_Kot": null, "Panjang": null, "Segmen": null, "Satwil": null }, "geometry": { "type": "Point", "coordinates": [ 95.459778782000058, 5.401618592000034 ] } },
{ "type": "Feature", "properties": { "orig_fid": 630, "id": 0, "objectid": 630, "kode_ruas": "sibanceh", "ruas": "Sigli - Banda Aceh", "kode_gt": "sibanceh", "nama": "GT JANTHO", "seksi": 3, "sta": "1+000", "foto": " ", "layer": "Gerbang Tol", "koord_x": "95.5862087045467", "koord_y": "5.3240230571092", "jml_gardu": "4", "jmlgrdrvs": "0", "jml_lajur": "4", "panjang_m": "52", "luas_m": " ", "status": "Operasi", "sub_status": "Operasi", "region": "Trans Sumatera", "bujt": "PT Hutama Karya (Persero)", "kodefikasi": "C01", "no": 3, "shape_leng": 0, "keterangan": " ", "creator": null, "created": null, "updater": null, "updated": null, "sync_state": 0, "last_sync": 1765414802000, "Nm_Ruas": null, "Status": null, "Propinsi": null, "Kab_Kot": null, "Panjang": null, "Segmen": null, "Satwil": null }, "geometry": { "type": "Point", "coordinates": [ 95.586208705000047, 5.324023057000034 ] } },
{ "type": "Feature", "properties": { "orig_fid": 631, "id": 453, "objectid": 631, "kode_ruas": "sibanceh", "ruas": "Sigli - Banda Aceh", "kode_gt": "sibanceh_blangbintang", "nama": "GT BLANG BINTANG", "seksi": 4, "sta": "5+450", "foto": "http://gis.bpjt.pu.go.id/data/foto/gt/gtblangbint*", "layer": "Gerbang Tol", "koord_x": "95.4464347629638", "koord_y": "5.50808581389219", "jml_gardu": "4", "jmlgrdrvs": "0", "jml_lajur": "4", "panjang_m": "52", "luas_m": " ", "status": "Operasi", "sub_status": "Operasi", "region": "Trans Sumatera", "bujt": "PT Hutama Karya (Persero)", "kodefikasi": "C01", "no": 5, "shape_leng": 0, "keterangan": "GT BLANG BINTANG", "creator": null, "created": null, "updater": null, "updated": null, "sync_state": 0, "last_sync": 1765414802000, "Nm_Ruas": null, "Status": null, "Propinsi": null, "Kab_Kot": null, "Panjang": null, "Segmen": null, "Satwil": null }, "geometry": { "type": "Point", "coordinates": [ 95.44643476300007, 5.508085814000026 ] } },
{ "type": "Feature", "properties": { "orig_fid": 632, "id": 208, "objectid": 632, "kode_ruas": "kermo", "ruas": "Kertosono - Mojokerto", "kode_gt": "kermo_bandar", "nama": "GT BANDAR", "seksi": 0, "sta": "39+628", "foto": "http://gis.bpjt.pu.go.id/data/foto/gt/gtbandar.jp*", "layer": "Gerbang Tol", "koord_x": "112.137754480714", "koord_y": "-7.57951440174569", "jml_gardu": "8", "jmlgrdrvs": "0", "jml_lajur": "8", "panjang_m": "35.10", "luas_m": " ", "status": "Operasi", "sub_status": "Operasi Penuh", "region": "Trans Jawa", "bujt": "PT Marga Harjaya Infrastruktur", "kodefikasi": "A13", "no": 1, "shape_leng": 0, "keterangan": "GT BANDAR", "creator": null, "created": null, "updater": null, "updated": null, "sync_state": 0, "last_sync": 1765414802000, "Nm_Ruas": null, "Status": null, "Propinsi": null, "Kab_Kot": null, "Panjang": null, "Segmen": null, "Satwil": null }, "geometry": { "type": "Point", "coordinates": [ 112.137754481000115, -7.579514401999973 ] } },
{ "type": "Feature", "properties": { "orig_fid": 633, "id": 209, "objectid": 633, "kode_ruas": "kermo", "ruas": "Kertosono - Mojokerto", "kode_gt": "kermo_mojokerto_barat", "nama": "GT MOJOKERTO BARAT", "seksi": 0, "sta": "5+019", "foto": "http://gis.bpjt.pu.go.id/data/foto/gt/gtmobar.jpg", "layer": "Gerbang Tol", "koord_x": "112.406274108517", "koord_y": "-7.45159949218854", "jml_gardu": "5", "jmlgrdrvs": "0", "jml_lajur": "5", "panjang_m": "25.98", "luas_m": " ", "status": "Operasi", "sub_status": "Operasi Penuh", "region": "Trans Jawa", "bujt": "PT Marga Harjaya Infrastruktur", "kodefikasi": "A13", "no": 3, "shape_leng": 0, "keterangan": "GT MOBAR", "creator": null, "created": null, "updater": null, "updated": null, "sync_state": 0, "last_sync": 1765414802000, "Nm_Ruas": null, "Status": null, "Propinsi": null, "Kab_Kot": null, "Panjang": null, "Segmen": null, "Satwil": null }, "geometry": { "type": "Point", "coordinates": [ 112.406274109000037, -7.451599491999957 ] } },
{ "type": "Feature", "properties": { "orig_fid": 634, "id": 216, "objectid": 634, "kode_ruas": "kermo", "ruas": "Kertosono - Mojokerto", "kode_gt": "kermo_jombang", "nama": "GT JOMBANG", "seksi": 0, "sta": "25+170", "foto": "http://gis.bpjt.pu.go.id/data/foto/gt/gtjombang.j*", "layer": "Gerbang Tol", "koord_x": "112.239173304478", "koord_y": "-7.49310180352465", "jml_gardu": "5", "jmlgrdrvs": "0", "jml_lajur": "4", "panjang_m": "20.97", "luas_m": " ", "status": "Operasi", "sub_status": "Operasi Penuh", "region": "Trans Jawa", "bujt": "PT Marga Harjaya Infrastruktur", "kodefikasi": "A13", "no": 2, "shape_leng": 0, "keterangan": "GT JOMBANG", "creator": null, "created": null, "updater": null, "updated": null, "sync_state": 0, "last_sync": 1765414802000, "Nm_Ruas": null, "Status": null, "Propinsi": null, "Kab_Kot": null, "Panjang": null, "Segmen": null, "Satwil": null }, "geometry": { "type": "Point", "coordinates": [ 112.239173304000019, -7.493101803999934 ] } },
{ "type": "Feature", "properties": { "orig_fid": 635, "id": 312, "objectid": 635, "kode_ruas": "pp", "ruas": "Pejagan - Pemalang", "kode_gt": "pp_brebes_timur", "nama": "GT BREBES TIMUR", "seksi": 2, "sta": "269+340", "foto": "http://gis.bpjt.pu.go.id/data/foto/gt/gtbrebestim*", "layer": "Gerbang Tol", "koord_x": "109.067494462871", "koord_y": "-6.89837864702016", "jml_gardu": "6", "jmlgrdrvs": "0", "jml_lajur": "6", "panjang_m": "160", "luas_m": " ", "status": "Operasi", "sub_status": "Operasi Penuh", "region": "Trans Jawa", "bujt": "PT. Pejagan Pemalang Tol Road", "kodefikasi": "A06", "no": 2, "shape_leng": 0, "keterangan": "GT BREBES TIMUR", "creator": null, "created": null, "updater": null, "updated": null, "sync_state": 0, "last_sync": 1765414802000, "Nm_Ruas": null, "Status": null, "Propinsi": null, "Kab_Kot": null, "Panjang": null, "Segmen": null, "Satwil": null }, "geometry": { "type": "Point", "coordinates": [ 109.06749446300006, -6.898378646999959 ] } },
{ "type": "Feature", "properties": { "orig_fid": 636, "id": 311, "objectid": 636, "kode_ruas": "pp", "ruas": "Pejagan - Pemalang", "kode_gt": "pp_brebes_barat", "nama": "GT BREBES BARAT", "seksi": 1, "sta": "263+540", "foto": "http://gis.bpjt.pu.go.id/data/foto/gt/gtbrebesbar*", "layer": "Gerbang Tol", "koord_x": "109.015129825907", "koord_y": "-6.89925195669527", "jml_gardu": "5", "jmlgrdrvs": "0", "jml_lajur": "6", "panjang_m": "160", "luas_m": " ", "status": "Operasi", "sub_status": "Operasi Penuh", "region": "Trans Jawa", "bujt": "PT. Pejagan Pemalang Tol Road", "kodefikasi": "A06", "no": 1, "shape_leng": 0, "keterangan": "GT BREBES BARAT", "creator": null, "created": null, "updater": null, "updated": null, "sync_state": 0, "last_sync": 1765414802000, "Nm_Ruas": null, "Status": null, "Propinsi": null, "Kab_Kot": null, "Panjang": null, "Segmen": null, "Satwil": null }, "geometry": { "type": "Point", "coordinates": [ 109.015129826000077, -6.899251956999933 ] } },
{ "type": "Feature", "properties": { "orig_fid": 637, "id": 336, "objectid": 637, "kode_ruas": "pp", "ruas": "Pejagan - Pemalang", "kode_gt": "pp_tegal", "nama": "GT TEGAL", "seksi": 3, "sta": "280+050", "foto": "http://gis.bpjt.pu.go.id/data/foto/gt/gttegal.jpg", "layer": "Gerbang Tol", "koord_x": "109.149367135756", "koord_y": "-6.93853512367711", "jml_gardu": "5", "jmlgrdrvs": "0", "jml_lajur": "5", "panjang_m": "160", "luas_m": " ", "status": "Operasi", "sub_status": "Operasi Penuh", "region": "Trans Jawa", "bujt": "PT. Pejagan Pemalang Tol Road", "kodefikasi": "A06", "no": 3, "shape_leng": 0, "keterangan": "GT TEGAL", "creator": null, "created": null, "updater": null, "updated": null, "sync_state": 0, "last_sync": 1765414802000, "Nm_Ruas": null, "Status": null, "Propinsi": null, "Kab_Kot": null, "Panjang": null, "Segmen": null, "Satwil": null }, "geometry": { "type": "Point", "coordinates": [ 109.14936713600008, -6.938535123999941 ] } },
{ "type": "Feature", "properties": { "orig_fid": 638, "id": 73, "objectid": 638, "kode_ruas": "pbu", "ruas": "Ulujami - Pondok Aren", "kode_gt": "pbu_pondok_ranji_utama", "nama": "GT PONDOK RANJI", "seksi": 0, "sta": "4+975", "foto": "http://gis.bpjt.pu.go.id/data/foto/gt/gtpondokran*", "layer": "Gerbang Tol", "koord_x": "106.734740751045", "koord_y": "-6.28354881898949", "jml_gardu": "21", "jmlgrdrvs": " ", "jml_lajur": "24", "panjang_m": " ", "luas_m": " ", "status": "Operasi", "sub_status": "Operasi Penuh", "region": "Jabodetabek", "bujt": "PT. Jasamarga (Persero) Tbk", "kodefikasi": "B08", "no": 2, "shape_leng": 0, "keterangan": "GT PONDOK RANJI UTAMA", "creator": null, "created": null, "updater": null, "updated": null, "sync_state": 0, "last_sync": 1765414802000, "Nm_Ruas": null, "Status": null, "Propinsi": null, "Kab_Kot": null, "Panjang": null, "Segmen": null, "Satwil": null }, "geometry": { "type": "Point", "coordinates": [ 106.734740751000061, -6.283548818999975 ] } },
{ "type": "Feature", "properties": { "orig_fid": 639, "id": 316, "objectid": 639, "kode_ruas": "pbu", "ruas": "Ulujami - Pondok Aren", "kode_gt": "pbu_pondok_ranji_utama", "nama": "GT PONDOK RANJI SAYAP", "seksi": 0, "sta": "4+975", "foto": "http://gis.bpjt.pu.go.id/data/foto/gt/gtpondokran*", "layer": "Gerbang Tol", "koord_x": "106.736103027348", "koord_y": "-6.28258859399629", "jml_gardu": "21", "jmlgrdrvs": " ", "jml_lajur": "24", "panjang_m": " ", "luas_m": " ", "status": "Operasi", "sub_status": "Operasi Penuh", "region": "Jabodetabek", "bujt": "PT. Jasamarga (Persero) Tbk", "kodefikasi": "B08", "no": 2, "shape_leng": 0, "keterangan": "GT PONDOK RANJI UTAMA", "creator": null, "created": null, "updater": null, "updated": null, "sync_state": 0, "last_sync": 1765414802000, "Nm_Ruas": null, "Status": null, "Propinsi": null, "Kab_Kot": null, "Panjang": null, "Segmen": null, "Satwil": null }, "geometry": { "type": "Point", "coordinates": [ 106.73610302700007, -6.282588593999947 ] } },
{ "type": "Feature", "properties": { "orig_fid": 640, "id": 222, "objectid": 640, "kode_ruas": "sbygpl", "ruas": "Surabaya - Gempol", "kode_gt": "sbygpl_waru3", "nama": "GT WARU 3", "seksi": 0, "sta": " ", "foto": "http://gis.bpjt.pu.go.id/data/foto/gt/gtwaru3.jpg", "layer": "Gerbang Tol", "koord_x": "112.711186669012", "koord_y": "-7.34713729206999", "jml_gardu": " ", "jmlgrdrvs": " ", "jml_lajur": " ", "panjang_m": " ", "luas_m": " ", "status": "Operasi", "sub_status": "Operasi Penuh", "region": "Trans Jawa", "bujt": "PT. Jasamarga (Persero) Tbk", "kodefikasi": "A15", "no": 0, "shape_leng": 0, "keterangan": "GT WARU 3", "creator": null, "created": null, "updater": null, "updated": null, "sync_state": 0, "last_sync": 1765414802000, "Nm_Ruas": null, "Status": null, "Propinsi": null, "Kab_Kot": null, "Panjang": null, "Segmen": null, "Satwil": null }, "geometry": { "type": "Point", "coordinates": [ 112.711186669000085, -7.347137291999957 ] } },
{ "type": "Feature", "properties": { "orig_fid": 641, "id": 90, "objectid": 641, "kode_ruas": "jorre", "ruas": "JORR NON S", "kode_gt": "jorre_jorr", "nama": "GT JORR", "seksi": 0, "sta": " ", "foto": "http://gis.bpjt.pu.go.id/data/foto/gt/notfound.jpg", "layer": "Gerbang Tol", "koord_x": "106.768006580592", "koord_y": "-6.26463909489836", "jml_gardu": " ", "jmlgrdrvs": " ", "jml_lajur": " ", "panjang_m": " ", "luas_m": " ", "status": "Operasi", "sub_status": "Operasi Penuh", "region": "Jabodetabek", "bujt": "PT Jasa Marga (Persero) Tbk", "kodefikasi": "B18", "no": 0, "shape_leng": 0, "keterangan": "GT JORR", "creator": null, "created": null, "updater": null, "updated": null, "sync_state": 0, "last_sync": 1765414802000, "Nm_Ruas": null, "Status": null, "Propinsi": null, "Kab_Kot": null, "Panjang": null, "Segmen": null, "Satwil": null }, "geometry": { "type": "Point", "coordinates": [ 106.768006581000066, -6.26463909499995 ] } },
{ "type": "Feature", "properties": { "orig_fid": 642, "id": 24, "objectid": 642, "kode_ruas": "jsm", "ruas": " ", "kode_gt": "jsm_sby_suramadu", "nama": "GT SBY SURAMADU", "seksi": 0, "sta": " ", "foto": "http://gis.bpjt.pu.go.id/data/foto/gt/gtsbysurama*", "layer": "Gerbang Tol", "koord_x": "112.778361823749", "koord_y": "-7.2119295736994", "jml_gardu": " ", "jmlgrdrvs": " ", "jml_lajur": " ", "panjang_m": " ", "luas_m": " ", "status": "Operasi", "sub_status": "Operasi Penuh", "region": " ", "bujt": " ", "kodefikasi": " ", "no": 0, "shape_leng": 0, "keterangan": "GT SBY SURAMADU", "creator": null, "created": null, "updater": null, "updated": null, "sync_state": 0, "last_sync": 1765414802000, "Nm_Ruas": null, "Status": null, "Propinsi": null, "Kab_Kot": null, "Panjang": null, "Segmen": null, "Satwil": null }, "geometry": { "type": "Point", "coordinates": [ 112.778361824000058, -7.211929573999953 ] } },
{ "type": "Feature", "properties": { "orig_fid": 643, "id": 27, "objectid": 643, "kode_ruas": "jsm", "ruas": " ", "kode_gt": "jsm_suramadu", "nama": "GT SURAMADU 5151 MADURA", "seksi": 0, "sta": " ", "foto": "http://gis.bpjt.pu.go.id/data/foto/gt/gtsuramadu.*", "layer": "Gerbang Tol", "koord_x": "112.782180815102", "koord_y": "-7.15731084070086", "jml_gardu": " ", "jmlgrdrvs": " ", "jml_lajur": " ", "panjang_m": " ", "luas_m": " ", "status": "Operasi", "sub_status": "Operasi Penuh", "region": " ", "bujt": " ", "kodefikasi": " ", "no": 0, "shape_leng": 0, "keterangan": "GT SURAMADU 5151 MADURA", "creator": null, "created": null, "updater": null, "updated": null, "sync_state": 0, "last_sync": 1765414802000, "Nm_Ruas": null, "Status": null, "Propinsi": null, "Kab_Kot": null, "Panjang": null, "Segmen": null, "Satwil": null }, "geometry": { "type": "Point", "coordinates": [ 112.782180815000061, -7.157310840999969 ] } },
{ "type": "Feature", "properties": { "orig_fid": 644, "id": 0, "objectid": 644, "kode_ruas": "sbygsk", "ruas": "Surabaya - Gresik", "kode_gt": "sbygsk_margomulyo", "nama": "GT MARGOMULYO", "seksi": 0, "sta": " ", "foto": " ", "layer": "Gerbang Tol", "koord_x": "112.678825801303", "koord_y": "-7.23866113067565", "jml_gardu": " ", "jmlgrdrvs": " ", "jml_lajur": " ", "panjang_m": " ", "luas_m": " ", "status": "Operasi", "sub_status": "Operasi Penuh", "region": "Non Trans", "bujt": "PT. Margabumi Matraraya", "kodefikasi": "D 18", "no": 0, "shape_leng": 0, "keterangan": " ", "creator": null, "created": null, "updater": null, "updated": null, "sync_state": 0, "last_sync": 1765414802000, "Nm_Ruas": null, "Status": null, "Propinsi": null, "Kab_Kot": null, "Panjang": null, "Segmen": null, "Satwil": null }, "geometry": { "type": "Point", "coordinates": [ 112.678825801000016, -7.238661130999958 ] } },
{ "type": "Feature", "properties": { "orig_fid": 645, "id": 13, "objectid": 645, "kode_ruas": "jorre", "ruas": "JORR NON S", "kode_gt": "jorre_jatiwarna2", "nama": "GT JATIWARNA 2", "seksi": 0, "sta": " ", "foto": "http://gis.bpjt.pu.go.id/data/foto/gt/gtjtwarna2.*", "layer": "Gerbang Tol", "koord_x": "106.921654570366", "koord_y": "-6.31142855702305", "jml_gardu": " ", "jmlgrdrvs": " ", "jml_lajur": " ", "panjang_m": " ", "luas_m": " ", "status": "Operasi", "sub_status": "Operasi Penuh", "region": "Jabodetabek", "bujt": "PT Jasa Marga (Persero) Tbk", "kodefikasi": "B18", "no": 0, "shape_leng": 0, "keterangan": "GT JT WARNA 2", "creator": null, "created": null, "updater": null, "updated": null, "sync_state": 0, "last_sync": 1765414802000, "Nm_Ruas": null, "Status": null, "Propinsi": null, "Kab_Kot": null, "Panjang": null, "Segmen": null, "Satwil": null }, "geometry": { "type": "Point", "coordinates": [ 106.921654570000044, -6.311428556999942 ] } },
{ "type": "Feature", "properties": { "orig_fid": 646, "id": 90, "objectid": 646, "kode_ruas": "japek", "ruas": "Jakarta - Cikampek", "kode_gt": "japek_cikampek", "nama": "GT CIKAMPEK", "seksi": 0, "sta": " ", "foto": "http://gis.bpjt.pu.go.id/data/foto/gt/gtcikampek.*", "layer": "Gerbang Tol", "koord_x": "107.476810105804", "koord_y": "-6.44002670462399", "jml_gardu": " ", "jmlgrdrvs": " ", "jml_lajur": " ", "panjang_m": " ", "luas_m": " ", "status": "Operasi", "sub_status": "Operasi Penuh", "region": "Trans Jawa", "bujt": "PT Jasa Marga (Persero) Tbk", "kodefikasi": "A02", "no": 0, "shape_leng": 0, "keterangan": "GT CIKAMPEK", "creator": null, "created": null, "updater": null, "updated": null, "sync_state": 0, "last_sync": 1765414802000, "Nm_Ruas": null, "Status": null, "Propinsi": null, "Kab_Kot": null, "Panjang": null, "Segmen": null, "Satwil": null }, "geometry": { "type": "Point", "coordinates": [ 107.476810106000073, -6.44002670499998 ] } },
{ "type": "Feature", "properties": { "orig_fid": 647, "id": 205, "objectid": 647, "kode_ruas": "cipali", "ruas": "Cikampek - Palimanan", "kode_gt": "cipali_cikopo", "nama": "GT CIKOPO", "seksi": 0, "sta": " ", "foto": "http://gis.bpjt.pu.go.id/data/foto/gt/gtcikopo.jpg", "layer": "Gerbang Tol", "koord_x": "107.509225875909", "koord_y": "-6.45822891375991", "jml_gardu": " ", "jmlgrdrvs": " ", "jml_lajur": " ", "panjang_m": " ", "luas_m": " ", "status": "Operasi", "sub_status": "Operasi Penuh", "region": "Trans Jawa", "bujt": "PT. Lintas Marga Sedaya", "kodefikasi": "A03", "no": 0, "shape_leng": 0, "keterangan": "GT CIKOPO", "creator": null, "created": null, "updater": null, "updated": null, "sync_state": 0, "last_sync": 1765414802000, "Nm_Ruas": null, "Status": null, "Propinsi": null, "Kab_Kot": null, "Panjang": null, "Segmen": null, "Satwil": null }, "geometry": { "type": "Point", "coordinates": [ 107.509225876000073, -6.45822891399996 ] } },
{ "type": "Feature", "properties": { "orig_fid": 648, "id": 212, "objectid": 648, "kode_ruas": "pp", "ruas": "Pejagan - Pemalang", "kode_gt": "pp_pejagan", "nama": "GT PEJAGAN", "seksi": 0, "sta": " ", "foto": "http://gis.bpjt.pu.go.id/data/foto/gt/gtpejagan.j*", "layer": "Gerbang Tol", "koord_x": "108.882297463514", "koord_y": "-6.89567869323081", "jml_gardu": " ", "jmlgrdrvs": " ", "jml_lajur": " ", "panjang_m": " ", "luas_m": " ", "status": "Operasi", "sub_status": "Operasi Penuh", "region": "Trans Jawa", "bujt": "PT. Pejagan Pemalang Tol Road", "kodefikasi": "A06", "no": 0, "shape_leng": 0, "keterangan": "GT PEJAGAN", "creator": null, "created": null, "updater": null, "updated": null, "sync_state": 0, "last_sync": 1765414802000, "Nm_Ruas": null, "Status": null, "Propinsi": null, "Kab_Kot": null, "Panjang": null, "Segmen": null, "Satwil": null }, "geometry": { "type": "Point", "coordinates": [ 108.882297464000033, -6.895678692999979 ] } },
{ "type": "Feature", "properties": { "orig_fid": 649, "id": 224, "objectid": 649, "kode_ruas": "ups12", "ruas": "Ujung Pandang Seksi 1 dan 2", "kode_gt": "ups12_ramp_tallo_barat", "nama": "GT RAMP TALLO BARAT", "seksi": 0, "sta": " ", "foto": "http://gis.bpjt.pu.go.id/data/foto/gt/gtramptallo*", "layer": "Gerbang Tol", "koord_x": "119.439356465187", "koord_y": "-5.11124254953635", "jml_gardu": " ", "jmlgrdrvs": " ", "jml_lajur": " ", "panjang_m": " ", "luas_m": " ", "status": "Operasi", "sub_status": "Operasi Penuh", "region": "Non Trans", "bujt": "PT. Makassar Metro Network", "kodefikasi": "D26", "no": 0, "shape_leng": 0, "keterangan": "GT RAMP TALLO BARAT", "creator": null, "created": null, "updater": null, "updated": null, "sync_state": 0, "last_sync": 1765414802000, "Nm_Ruas": null, "Status": null, "Propinsi": null, "Kab_Kot": null, "Panjang": null, "Segmen": null, "Satwil": null }, "geometry": { "type": "Point", "coordinates": [ 119.43935646500006, -5.111242549999929 ] } },
{ "type": "Feature", "properties": { "orig_fid": 650, "id": 256, "objectid": 650, "kode_ruas": "jorrw2", "ruas": "JORR W2 Utara (Ciledug - Ulujami)", "kode_gt": "jorrw2_joglo1", "nama": "GT JOGLO 1", "seksi": 0, "sta": " ", "foto": "http://gis.bpjt.pu.go.id/data/foto/gt/gtjoglo1-.j*", "layer": "Gerbang Tol", "koord_x": "106.747200105443", "koord_y": "-6.22121427497382", "jml_gardu": " ", "jmlgrdrvs": " ", "jml_lajur": " ", "panjang_m": " ", "luas_m": " ", "status": "Operasi", "sub_status": "Operasi Penuh", "region": "Jabodetabek", "bujt": "PT Marga Lingkar Jakarta", "kodefikasi": "B12", "no": 0, "shape_leng": 0, "keterangan": "GT JOGLO 1", "creator": null, "created": null, "updater": null, "updated": null, "sync_state": 0, "last_sync": 1765414802000, "Nm_Ruas": null, "Status": null, "Propinsi": null, "Kab_Kot": null, "Panjang": null, "Segmen": null, "Satwil": null }, "geometry": { "type": "Point", "coordinates": [ 106.747200105000047, -6.221214274999966 ] } },
{ "type": "Feature", "properties": { "orig_fid": 651, "id": 285, "objectid": 651, "kode_ruas": "sbygpl", "ruas": "Surabaya - Gempol", "kode_gt": "sbygpl_kejapanan2", "nama": "GT KEJAPANAN 2", "seksi": 0, "sta": " ", "foto": "http://gis.bpjt.pu.go.id/data/foto/gt/gtkejapan2.*", "layer": "Gerbang Tol", "koord_x": "112.691106619053", "koord_y": "-7.55242623092061", "jml_gardu": " ", "jmlgrdrvs": " ", "jml_lajur": " ", "panjang_m": " ", "luas_m": " ", "status": "Operasi", "sub_status": "Operasi Penuh", "region": "Trans Jawa", "bujt": "PT. Jasamarga (Persero) Tbk", "kodefikasi": "A15", "no": 0, "shape_leng": 0, "keterangan": "GT KEJAPANAN 2", "creator": null, "created": null, "updater": null, "updated": null, "sync_state": 0, "last_sync": 1765414802000, "Nm_Ruas": null, "Status": null, "Propinsi": null, "Kab_Kot": null, "Panjang": null, "Segmen": null, "Satwil": null }, "geometry": { "type": "Point", "coordinates": [ 112.691106619000038, -7.55242623099997 ] } },
{ "type": "Feature", "properties": { "orig_fid": 652, "id": 329, "objectid": 652, "kode_ruas": "ngwkts", "ruas": "Ngawi - Kertosono", "kode_gt": "ngwkts_wilangan", "nama": "GT WILANGAN", "seksi": 0, "sta": " ", "foto": "http://gis.bpjt.pu.go.id/data/foto/gt/gtwilangan.*", "layer": "Gerbang Tol", "koord_x": "111.765972294344", "koord_y": "-7.55330709311591", "jml_gardu": " ", "jmlgrdrvs": " ", "jml_lajur": " ", "panjang_m": " ", "luas_m": " ", "status": "Operasi", "sub_status": "Operasi Penuh", "region": "Trans Jawa", "bujt": "PT Jasamarga Ngawi Kertosono", "kodefikasi": "A12", "no": 0, "shape_leng": 0, "keterangan": "GT WILANGAN", "creator": null, "created": null, "updater": null, "updated": null, "sync_state": 0, "last_sync": 1765414802000, "Nm_Ruas": null, "Status": null, "Propinsi": null, "Kab_Kot": null, "Panjang": null, "Segmen": null, "Satwil": null }, "geometry": { "type": "Point", "coordinates": [ 111.765972294000051, -7.553307092999944 ] } },
{ "type": "Feature", "properties": { "orig_fid": 654, "id": 384, "objectid": 654, "kode_ruas": "mb", "ruas": "Medan-Binjai", "kode_gt": "mb_marelan2", "nama": "GT MARELAN 2", "seksi": 0, "sta": " ", "foto": "http://gis.bpjt.pu.go.id/data/foto/gt/gtmarelan2.*", "layer": "Gerbang Tol", "koord_x": "98.6560365282069", "koord_y": "3.64877714229004", "jml_gardu": " ", "jmlgrdrvs": " ", "jml_lajur": " ", "panjang_m": " ", "luas_m": " ", "status": "Operasi", "sub_status": "Operasi Penuh", "region": "Trans Sumatera", "bujt": "Hutama Karya", "kodefikasi": "C03", "no": 0, "shape_leng": 0, "keterangan": "GT MARELAN 2", "creator": null, "created": null, "updater": null, "updated": null, "sync_state": 0, "last_sync": 1765414802000, "Nm_Ruas": "Jl. Tol Medan - Binjai", "Status": "Jalan Tol", "Propinsi": "Sumatera Utara", "Kab_Kot": "Kota Medan", "Panjang": 500.22867670699998, "Segmen": "SEG_000086985", "Satwil": "Polrestabes Medan" }, "geometry": { "type": "Point", "coordinates": [ 98.656036528000072, 3.648777142000029 ] } },
{ "type": "Feature", "properties": { "orig_fid": 654, "id": 384, "objectid": 654, "kode_ruas": "mb", "ruas": "Medan-Binjai", "kode_gt": "mb_marelan2", "nama": "GT MARELAN 2", "seksi": 0, "sta": " ", "foto": "http://gis.bpjt.pu.go.id/data/foto/gt/gtmarelan2.*", "layer": "Gerbang Tol", "koord_x": "98.6560365282069", "koord_y": "3.64877714229004", "jml_gardu": " ", "jmlgrdrvs": " ", "jml_lajur": " ", "panjang_m": " ", "luas_m": " ", "status": "Operasi", "sub_status": "Operasi Penuh", "region": "Trans Sumatera", "bujt": "Hutama Karya", "kodefikasi": "C03", "no": 0, "shape_leng": 0, "keterangan": "GT MARELAN 2", "creator": null, "created": null, "updater": null, "updated": null, "sync_state": 0, "last_sync": 1765414802000, "Nm_Ruas": "Jl. Tol Medan - Binjai", "Status": "Jalan Tol", "Propinsi": "Sumatera Utara", "Kab_Kot": "Kota Medan", "Panjang": 500.23235541499997, "Segmen": "SEG_000086974", "Satwil": "Polrestabes Medan" }, "geometry": { "type": "Point", "coordinates": [ 98.656036528000072, 3.648777142000029 ] } },
{ "type": "Feature", "properties": { "orig_fid": 655, "id": 385, "objectid": 655, "kode_ruas": "mb", "ruas": "Medan-Binjai", "kode_gt": "mb_marelan1", "nama": "GT MARELAN 1", "seksi": 0, "sta": " ", "foto": "http://gis.bpjt.pu.go.id/data/foto/gt/gtmarelan1.*", "layer": "Gerbang Tol", "koord_x": "98.6562154600806", "koord_y": "3.64924219482234", "jml_gardu": " ", "jmlgrdrvs": " ", "jml_lajur": " ", "panjang_m": " ", "luas_m": " ", "status": "Operasi", "sub_status": "Operasi Penuh", "region": "Trans Sumatera", "bujt": "Hutama Karya", "kodefikasi": "C03", "no": 0, "shape_leng": 0, "keterangan": "GT MARELAN 1", "creator": null, "created": null, "updater": null, "updated": null, "sync_state": 0, "last_sync": 1765414802000, "Nm_Ruas": "Jl. Tol Medan - Binjai", "Status": "Jalan Tol", "Propinsi": "Sumatera Utara", "Kab_Kot": "Kota Medan", "Panjang": 500.23235541499997, "Segmen": "SEG_000086974", "Satwil": "Polrestabes Medan" }, "geometry": { "type": "Point", "coordinates": [ 98.656215460000055, 3.649242195000056 ] } },
{ "type": "Feature", "properties": { "orig_fid": 655, "id": 385, "objectid": 655, "kode_ruas": "mb", "ruas": "Medan-Binjai", "kode_gt": "mb_marelan1", "nama": "GT MARELAN 1", "seksi": 0, "sta": " ", "foto": "http://gis.bpjt.pu.go.id/data/foto/gt/gtmarelan1.*", "layer": "Gerbang Tol", "koord_x": "98.6562154600806", "koord_y": "3.64924219482234", "jml_gardu": " ", "jmlgrdrvs": " ", "jml_lajur": " ", "panjang_m": " ", "luas_m": " ", "status": "Operasi", "sub_status": "Operasi Penuh", "region": "Trans Sumatera", "bujt": "Hutama Karya", "kodefikasi": "C03", "no": 0, "shape_leng": 0, "keterangan": "GT MARELAN 1", "creator": null, "created": null, "updater": null, "updated": null, "sync_state": 0, "last_sync": 1765414802000, "Nm_Ruas": "Jl. Tol Medan - Binjai", "Status": "Jalan Tol", "Propinsi": "Sumatera Utara", "Kab_Kot": "Kota Medan", "Panjang": 47.2948034952, "Segmen": "SEG_000082280", "Satwil": "Polrestabes Medan" }, "geometry": { "type": "Point", "coordinates": [ 98.656215460000055, 3.649242195000056 ] } },
{ "type": "Feature", "properties": { "orig_fid": 656, "id": 388, "objectid": 656, "kode_ruas": "bocimi", "ruas": "Ciawi - Sukabumi", "kode_gt": "bocimi_caringin", "nama": "GT CARINGIN", "seksi": 0, "sta": " ", "foto": "http://gis.bpjt.pu.go.id/data/foto/gt/gtcaringin.*", "layer": "Gerbang Tol", "koord_x": "106.824639519702", "koord_y": "-6.70122579066249", "jml_gardu": " ", "jmlgrdrvs": " ", "jml_lajur": " ", "panjang_m": " ", "luas_m": " ", "status": "Operasi", "sub_status": "Operasi Sebagian", "region": "Non Trans", "bujt": "PT Trans Jabar Tol", "kodefikasi": "D04", "no": 0, "shape_leng": 0, "keterangan": "GT CARINGIN", "creator": null, "created": null, "updater": null, "updated": null, "sync_state": 0, "last_sync": 1765414802000, "Nm_Ruas": null, "Status": null, "Propinsi": null, "Kab_Kot": null, "Panjang": null, "Segmen": null, "Satwil": null }, "geometry": { "type": "Point", "coordinates": [ 106.824639520000062, -6.701225790999956 ] } },
{ "type": "Feature", "properties": { "orig_fid": 657, "id": 2, "objectid": 657, "kode_ruas": "mabid", "ruas": "Manado-Bitung", "kode_gt": "mabid_airmadidi", "nama": "GT AIR MADIDI", "seksi": 0, "sta": " ", "foto": "http://gis.bpjt.pu.go.id/data/foto/gt/gtairmadidi*", "layer": "Gerbang Tol", "koord_x": "124.981890839673", "koord_y": "1.40978297424975", "jml_gardu": " ", "jmlgrdrvs": " ", "jml_lajur": " ", "panjang_m": " ", "luas_m": " ", "status": "Operasi", "sub_status": "Operasi Sebagian", "region": "Non Trans", "bujt": "PT Jasamarga Manado Bitung", "kodefikasi": "D29", "no": 0, "shape_leng": 0, "keterangan": "GT AIR MADIDI", "creator": null, "created": null, "updater": null, "updated": null, "sync_state": 0, "last_sync": 1765414802000, "Nm_Ruas": null, "Status": null, "Propinsi": null, "Kab_Kot": null, "Panjang": null, "Segmen": null, "Satwil": null }, "geometry": { "type": "Point", "coordinates": [ 124.981890840000119, 1.409782974000052 ] } },
{ "type": "Feature", "properties": { "orig_fid": 658, "id": 4, "objectid": 658, "kode_ruas": "balsam", "ruas": "Balikpapan - Samarinda", "kode_gt": "balsam_samboja", "nama": "GT SAMBOJA", "seksi": 0, "sta": " ", "foto": "http://gis.bpjt.pu.go.id/data/foto/gt/gtsamboja.j*", "layer": "Gerbang Tol", "koord_x": "116.986617626891", "koord_y": "-0.995190286527674", "jml_gardu": " ", "jmlgrdrvs": " ", "jml_lajur": " ", "panjang_m": " ", "luas_m": " ", "status": "Operasi", "sub_status": "Operasi Sebagian", "region": "Non Trans", "bujt": "PT Jasamarga Balikpapan Samarinda", "kodefikasi": "D27", "no": 0, "shape_leng": 0, "keterangan": "GT SAMBOJA", "creator": null, "created": null, "updater": null, "updated": null, "sync_state": 0, "last_sync": 1765414802000, "Nm_Ruas": null, "Status": null, "Propinsi": null, "Kab_Kot": null, "Panjang": null, "Segmen": null, "Satwil": null }, "geometry": { "type": "Point", "coordinates": [ 116.986617627000101, -0.995190286999957 ] } }
]
}
