{
"type": "FeatureCollection",
"name": "risk_prediction",
"crs": { "type": "name", "properties": { "name": "urn:ogc:def:crs:OGC:1.3:CRS84" } },
"features": [
{ "type": "Feature", "properties": { "Nm_Ruas": "Jl. A Yani Utara (Denpasar)", "Status": "Jalan Provinsi", "Propinsi": "Bali", "Kab_Kot": "Kota Denpasar", "risk_prediction": 1, "Satwil": "Polda Bali" }, "geometry": { "type": "LineString", "coordinates": [ [ 115.209051, -8.629594 ], [ 115.209124, -8.62975 ], [ 115.209461, -8.630244 ], [ 115.209539, -8.630359 ], [ 115.209683, -8.63057 ], [ 115.209799, -8.631189 ], [ 115.209803, -8.631213 ], [ 115.209835, -8.631407 ], [ 115.209881, -8.631681 ], [ 115.209935, -8.632007 ], [ 115.209941, -8.632042 ], [ 115.209952, -8.63211 ], [ 115.210093, -8.632932 ], [ 115.210154, -8.633292 ], [ 115.210171, -8.633393 ], [ 115.210229, -8.633731 ], [ 115.2103, -8.634184 ], [ 115.2103, -8.634189 ], [ 115.210397, -8.634809 ], [ 115.210422, -8.634976 ], [ 115.21044, -8.635088 ], [ 115.210451, -8.635159 ], [ 115.210501, -8.635875 ], [ 115.210504, -8.635924 ], [ 115.210505, -8.635934 ], [ 115.210594, -8.636823 ], [ 115.210596, -8.636834 ], [ 115.210597, -8.636839 ], [ 115.210697, -8.637369 ], [ 115.210807, -8.637709 ], [ 115.210813, -8.63772 ], [ 115.21086, -8.637804 ] ] } },
{ "type": "Feature", "properties": { "Nm_Ruas": "Jl. A Yani Utara (Denpasar)", "Status": "Jalan Provinsi", "Propinsi": "Bali", "Kab_Kot": "Kota Denpasar", "risk_prediction": 1, "Satwil": "Polda Bali" }, "geometry": { "type": "LineString", "coordinates": [ [ 115.21502, -8.595123 ], [ 115.214944, -8.595655 ], [ 115.214892, -8.596018 ], [ 115.214739, -8.597097 ], [ 115.214608, -8.598005 ], [ 115.214524, -8.598587 ], [ 115.214495, -8.598901 ], [ 115.214494, -8.598907 ], [ 115.214494, -8.598911 ], [ 115.214471, -8.598974 ], [ 115.214367, -8.599335 ], [ 115.214328, -8.599648 ], [ 115.214317, -8.599707 ], [ 115.21431, -8.599786 ], [ 115.214179, -8.60141 ], [ 115.214094, -8.602011 ], [ 115.213943, -8.602863 ], [ 115.213869, -8.603281 ], [ 115.213822, -8.603653 ], [ 115.21379, -8.603897 ], [ 115.213752, -8.604294 ], [ 115.213706, -8.604772 ], [ 115.213687, -8.604907 ], [ 115.213631, -8.605463 ], [ 115.213599, -8.60578 ], [ 115.213579, -8.606278 ], [ 115.213572, -8.606365 ], [ 115.213572, -8.60637 ], [ 115.213502, -8.607266 ], [ 115.213484, -8.607499 ], [ 115.21345, -8.607906 ], [ 115.213382, -8.608626 ], [ 115.21335, -8.609505 ], [ 115.213324, -8.609674 ], [ 115.213292, -8.609959 ], [ 115.213257, -8.610808 ], [ 115.213229, -8.611497 ], [ 115.213224, -8.611619 ], [ 115.213163, -8.612322 ], [ 115.213156, -8.612398 ], [ 115.213156, -8.612403 ], [ 115.213087, -8.613196 ], [ 115.213082, -8.613298 ], [ 115.213076, -8.613434 ], [ 115.21297, -8.61393 ], [ 115.212701, -8.614812 ], [ 115.212563, -8.615265 ], [ 115.212313, -8.616317 ], [ 115.212199, -8.616871 ], [ 115.212048, -8.617414 ], [ 115.21195, -8.617694 ] ] } },
{ "type": "Feature", "properties": { "Nm_Ruas": "Jl. A. Yani - Br.cabe", "Status": "Jalan Kabupaten", "Propinsi": "Bali", "Kab_Kot": "Badung", "risk_prediction": 1, "Satwil": "Polda Bali" }, "geometry": { "type": "LineString", "coordinates": [ [ 115.215982, -8.594745 ], [ 115.215387, -8.594618 ], [ 115.215096, -8.594548 ] ] } },
{ "type": "Feature", "properties": { "Nm_Ruas": "Jl. A. Yani Selatan", "Status": "Jalan Kota", "Propinsi": "Bali", "Kab_Kot": "Kota Denpasar", "risk_prediction": 1, "Satwil": "Polda Bali" }, "geometry": { "type": "LineString", "coordinates": [ [ 115.211294, -8.638598 ], [ 115.211239, -8.638507 ], [ 115.211102, -8.638259 ], [ 115.211008, -8.63807 ], [ 115.210861, -8.637806 ], [ 115.21086, -8.637804 ] ] } },
{ "type": "Feature", "properties": { "Nm_Ruas": "Jl. A.H. Nasution", "Status": "Jalan Nasional", "Propinsi": "Jawa Barat", "Kab_Kot": "Kota Bandung", "risk_prediction": 1, "Satwil": "Polrestabes Bandung" }, "geometry": { "type": "LineString", "coordinates": [ [ 107.660393, -6.902322 ], [ 107.660241, -6.902307 ], [ 107.660123, -6.902302 ], [ 107.65954, -6.902289 ], [ 107.659511, -6.902288 ] ] } },
{ "type": "Feature", "properties": { "Nm_Ruas": "Jl. A.H. Nasution", "Status": "Jalan Nasional", "Propinsi": "Jawa Barat", "Kab_Kot": "Kota Bandung", "risk_prediction": 1, "Satwil": "Polrestabes Bandung" }, "geometry": { "type": "LineString", "coordinates": [ [ 107.659513, -6.902212 ], [ 107.659534, -6.902213 ], [ 107.659689, -6.902217 ], [ 107.66012, -6.902237 ], [ 107.660254, -6.90225 ], [ 107.660393, -6.902322 ] ] } },
{ "type": "Feature", "properties": { "Nm_Ruas": "Jl. A.H. Nasution", "Status": "Jalan Nasional", "Propinsi": "Jawa Barat", "Kab_Kot": "Kota Bandung", "risk_prediction": 1, "Satwil": "Polrestabes Bandung" }, "geometry": { "type": "LineString", "coordinates": [ [ 107.677101, -6.904766 ], [ 107.67683, -6.904761 ], [ 107.676785, -6.904759 ], [ 107.676715, -6.90476 ], [ 107.676692, -6.90476 ], [ 107.676291, -6.904759 ], [ 107.676188, -6.904751 ], [ 107.676137, -6.904745 ], [ 107.676011, -6.904736 ], [ 107.675932, -6.904729 ], [ 107.67586, -6.904722 ], [ 107.675765, -6.904713 ], [ 107.675686, -6.904706 ], [ 107.67549, -6.904681 ], [ 107.675266, -6.904652 ], [ 107.675078, -6.904628 ], [ 107.675042, -6.904623 ], [ 107.675006, -6.904618 ], [ 107.674919, -6.904606 ], [ 107.674832, -6.904599 ], [ 107.674663, -6.904585 ], [ 107.67449, -6.904594 ], [ 107.674369, -6.90462 ], [ 107.67427, -6.904646 ], [ 107.674214, -6.904658 ], [ 107.674061, -6.904697 ], [ 107.673929, -6.904732 ], [ 107.673778, -6.904767 ], [ 107.673562, -6.904817 ], [ 107.673414, -6.904852 ], [ 107.673182, -6.90491 ], [ 107.673181, -6.90491 ], [ 107.673066, -6.904932 ], [ 107.67292, -6.904923 ], [ 107.672797, -6.904898 ], [ 107.67265, -6.90485 ], [ 107.672517, -6.904791 ], [ 107.672398, -6.904734 ], [ 107.672335, -6.904699 ], [ 107.672324, -6.904693 ], [ 107.672213, -6.904632 ], [ 107.672179, -6.904613 ], [ 107.672, -6.904519 ], [ 107.671853, -6.904451 ], [ 107.671805, -6.904429 ], [ 107.671782, -6.904419 ], [ 107.671729, -6.904394 ], [ 107.671459, -6.904296 ], [ 107.671355, -6.904272 ], [ 107.671261, -6.904252 ], [ 107.671153, -6.904242 ], [ 107.671057, -6.904241 ], [ 107.670957, -6.90424 ], [ 107.670783, -6.904244 ], [ 107.670404, -6.904242 ], [ 107.670396, -6.904242 ], [ 107.67037, -6.904241 ], [ 107.669869, -6.90423 ], [ 107.669791, -6.904228 ], [ 107.669696, -6.904226 ], [ 107.669495, -6.904222 ], [ 107.66943, -6.90422 ], [ 107.66932, -6.904218 ], [ 107.669297, -6.904218 ], [ 107.668262, -6.90421 ], [ 107.667918, -6.904204 ], [ 107.667762, -6.904201 ], [ 107.667497, -6.904197 ], [ 107.667356, -6.904191 ], [ 107.667266, -6.904186 ], [ 107.66719, -6.904182 ], [ 107.667008, -6.904169 ], [ 107.666996, -6.904169 ], [ 107.666894, -6.904161 ], [ 107.666862, -6.904159 ], [ 107.666843, -6.904158 ], [ 107.666806, -6.904156 ], [ 107.666706, -6.90415 ], [ 107.666634, -6.904147 ], [ 107.666225, -6.904103 ], [ 107.665653, -6.904047 ], [ 107.665479, -6.904029 ], [ 107.665381, -6.904018 ], [ 107.665334, -6.904013 ], [ 107.665272, -6.904006 ], [ 107.665032, -6.903979 ], [ 107.664957, -6.90397 ], [ 107.664911, -6.903966 ], [ 107.664714, -6.903945 ], [ 107.664405, -6.903911 ], [ 107.66425, -6.903894 ], [ 107.663898, -6.90386 ], [ 107.663777, -6.903847 ], [ 107.663253, -6.90379 ], [ 107.662949, -6.903758 ], [ 107.662872, -6.903749 ], [ 107.662521, -6.903704 ], [ 107.662411, -6.903693 ], [ 107.662352, -6.903687 ], [ 107.661812, -6.903624 ], [ 107.661671, -6.903596 ], [ 107.661518, -6.90354 ], [ 107.661439, -6.903489 ], [ 107.661345, -6.903412 ], [ 107.661242, -6.903307 ], [ 107.661182, -6.903235 ], [ 107.660921, -6.902894 ], [ 107.660807, -6.902754 ], [ 107.660579, -6.902475 ], [ 107.660498, -6.902387 ], [ 107.660414, -6.902335 ], [ 107.660393, -6.902322 ] ] } },
{ "type": "Feature", "properties": { "Nm_Ruas": "Jl. A.H. Nasution", "Status": "Jalan Nasional", "Propinsi": "Jawa Barat", "Kab_Kot": "Kota Bandung", "risk_prediction": 1, "Satwil": "Polrestabes Bandung" }, "geometry": { "type": "LineString", "coordinates": [ [ 107.699387, -6.914092 ], [ 107.698814, -6.914077 ], [ 107.698774, -6.914076 ], [ 107.698568, -6.914074 ], [ 107.698527, -6.914073 ], [ 107.698483, -6.914071 ], [ 107.698132, -6.914061 ], [ 107.697841, -6.914052 ], [ 107.697758, -6.91405 ], [ 107.696759, -6.91402 ], [ 107.69664, -6.913994 ], [ 107.695566, -6.91365 ], [ 107.695332, -6.913575 ], [ 107.695098, -6.913501 ], [ 107.695058, -6.913488 ], [ 107.6941, -6.913183 ], [ 107.694084, -6.913179 ], [ 107.693924, -6.913131 ], [ 107.693825, -6.913101 ], [ 107.693728, -6.91307 ], [ 107.6932, -6.912898 ], [ 107.692568, -6.912699 ], [ 107.692266, -6.912604 ], [ 107.692124, -6.912553 ], [ 107.691813, -6.912445 ], [ 107.691713, -6.91241 ], [ 107.691557, -6.912356 ], [ 107.691479, -6.912327 ], [ 107.691339, -6.912271 ], [ 107.691004, -6.912051 ], [ 107.691, -6.912048 ], [ 107.690464, -6.911429 ], [ 107.690413, -6.911365 ], [ 107.690411, -6.911362 ], [ 107.690367, -6.911308 ], [ 107.690286, -6.911206 ], [ 107.689848, -6.910739 ], [ 107.68976, -6.910638 ], [ 107.689759, -6.910637 ], [ 107.689668, -6.910499 ], [ 107.689552, -6.910325 ], [ 107.689292, -6.909912 ], [ 107.689271, -6.909879 ] ] } },
{ "type": "Feature", "properties": { "Nm_Ruas": "Jl. A.H. Nasution", "Status": "Jalan Nasional", "Propinsi": "Jawa Barat", "Kab_Kot": "Kota Bandung", "risk_prediction": 1, "Satwil": "Polrestabes Bandung" }, "geometry": { "type": "LineString", "coordinates": [ [ 107.699387, -6.914092 ], [ 107.69943, -6.914062 ], [ 107.700063, -6.914069 ], [ 107.700283, -6.914074 ] ] } },
{ "type": "Feature", "properties": { "Nm_Ruas": "Jl. A.H. Nasution", "Status": "Jalan Nasional", "Propinsi": "Jawa Barat", "Kab_Kot": "Kota Bandung", "risk_prediction": 1, "Satwil": "Polrestabes Bandung" }, "geometry": { "type": "LineString", "coordinates": [ [ 107.69966, -6.914127 ], [ 107.699432, -6.914122 ], [ 107.699387, -6.914092 ] ] } },
{ "type": "Feature", "properties": { "Nm_Ruas": "Jl. A.H. Nasution", "Status": "Jalan Nasional", "Propinsi": "Jawa Barat", "Kab_Kot": "Kota Bandung", "risk_prediction": 1, "Satwil": "Polrestabes Bandung" }, "geometry": { "type": "LineString", "coordinates": [ [ 107.716457, -6.933849 ], [ 107.716383, -6.933685 ], [ 107.716313, -6.933518 ], [ 107.716205, -6.933258 ], [ 107.716086, -6.932979 ], [ 107.71606, -6.932917 ], [ 107.715962, -6.932725 ], [ 107.715851, -6.93249 ], [ 107.715833, -6.932466 ], [ 107.715816, -6.932441 ], [ 107.715812, -6.932437 ], [ 107.715786, -6.93241 ], [ 107.715779, -6.932401 ], [ 107.715753, -6.932376 ], [ 107.715715, -6.932349 ], [ 107.715642, -6.932298 ], [ 107.715488, -6.932227 ], [ 107.71508, -6.932068 ], [ 107.714943, -6.932016 ], [ 107.714797, -6.93196 ], [ 107.714436, -6.931864 ], [ 107.714262, -6.931819 ], [ 107.714073, -6.931769 ], [ 107.714072, -6.931769 ], [ 107.713852, -6.931712 ], [ 107.713774, -6.931691 ], [ 107.713642, -6.931656 ], [ 107.713561, -6.931636 ], [ 107.713468, -6.931607 ], [ 107.713378, -6.931568 ], [ 107.713282, -6.931511 ], [ 107.713221, -6.931475 ], [ 107.713217, -6.931473 ], [ 107.713166, -6.931444 ], [ 107.712992, -6.931316 ], [ 107.712906, -6.931233 ], [ 107.712829, -6.931139 ], [ 107.71278, -6.931066 ], [ 107.712726, -6.930962 ], [ 107.712609, -6.930729 ], [ 107.71257, -6.930649 ], [ 107.712346, -6.930213 ], [ 107.712256, -6.930033 ], [ 107.712193, -6.929892 ], [ 107.712186, -6.929877 ], [ 107.711997, -6.929474 ], [ 107.711861, -6.929189 ], [ 107.711828, -6.929113 ], [ 107.711798, -6.929051 ], [ 107.71166, -6.928757 ], [ 107.711396, -6.928195 ], [ 107.711315, -6.928008 ] ] } },
{ "type": "Feature", "properties": { "Nm_Ruas": "Jl. Aceh", "Status": "Jalan Kota", "Propinsi": "Jawa Barat", "Kab_Kot": "Kota Bandung", "risk_prediction": 1, "Satwil": "Polrestabes Bandung" }, "geometry": { "type": "LineString", "coordinates": [ [ 107.609752, -6.910091 ], [ 107.610367, -6.909879 ], [ 107.610426, -6.909859 ], [ 107.610575, -6.909803 ], [ 107.610609, -6.9098 ], [ 107.610642, -6.909796 ], [ 107.610779, -6.909783 ], [ 107.610824, -6.909778 ], [ 107.610919, -6.909775 ], [ 107.610939, -6.909775 ], [ 107.611144, -6.909773 ], [ 107.611513, -6.909771 ] ] } },
{ "type": "Feature", "properties": { "Nm_Ruas": "Jl. Aceh", "Status": "Jalan Kota", "Propinsi": "Jawa Barat", "Kab_Kot": "Kota Bandung", "risk_prediction": 1, "Satwil": "Polrestabes Bandung" }, "geometry": { "type": "LineString", "coordinates": [ [ 107.613807, -6.910369 ], [ 107.613888, -6.910344 ], [ 107.613957, -6.910322 ], [ 107.614056, -6.910301 ] ] } },
{ "type": "Feature", "properties": { "Nm_Ruas": "Jl. Aceh", "Status": "Jalan Kota", "Propinsi": "Jawa Barat", "Kab_Kot": "Kota Bandung", "risk_prediction": 1, "Satwil": "Polrestabes Bandung" }, "geometry": { "type": "LineString", "coordinates": [ [ 107.614056, -6.910301 ], [ 107.61399, -6.910347 ], [ 107.613935, -6.910406 ], [ 107.613895, -6.910477 ], [ 107.61387, -6.910554 ] ] } },
{ "type": "Feature", "properties": { "Nm_Ruas": "Jl. Aceh", "Status": "Jalan Kota", "Propinsi": "Jawa Barat", "Kab_Kot": "Kota Bandung", "risk_prediction": 1, "Satwil": "Polrestabes Bandung" }, "geometry": { "type": "LineString", "coordinates": [ [ 107.614056, -6.910301 ], [ 107.614156, -6.910267 ], [ 107.614674, -6.910086 ], [ 107.614817, -6.910039 ], [ 107.614912, -6.910006 ], [ 107.615, -6.909975 ], [ 107.615343, -6.909861 ], [ 107.615652, -6.909752 ], [ 107.615744, -6.90972 ], [ 107.615769, -6.909711 ], [ 107.616127, -6.909581 ], [ 107.616329, -6.909511 ], [ 107.616449, -6.909469 ], [ 107.616505, -6.90945 ], [ 107.616553, -6.909434 ], [ 107.616751, -6.90937 ], [ 107.61739, -6.90916 ], [ 107.617412, -6.909152 ], [ 107.617414, -6.909152 ], [ 107.617471, -6.909132 ], [ 107.617777, -6.909024 ], [ 107.618203, -6.908873 ], [ 107.618269, -6.908853 ], [ 107.618315, -6.908839 ], [ 107.618451, -6.908813 ], [ 107.618593, -6.908806 ], [ 107.618699, -6.908816 ], [ 107.618852, -6.908844 ], [ 107.618893, -6.908853 ], [ 107.618971, -6.908871 ], [ 107.619044, -6.908886 ], [ 107.619095, -6.908898 ], [ 107.61916, -6.908913 ] ] } },
{ "type": "Feature", "properties": { "Nm_Ruas": "Jl. Ahmad Yani", "Status": "Jalan Kota", "Propinsi": "Jawa Barat", "Kab_Kot": "Kota Bandung", "risk_prediction": 1, "Satwil": "Polrestabes Bandung" }, "geometry": { "type": "LineString", "coordinates": [ [ 107.624136, -6.918877 ], [ 107.623948, -6.918977 ], [ 107.623691, -6.919115 ], [ 107.623606, -6.91916 ], [ 107.623503, -6.919214 ], [ 107.623338, -6.919302 ], [ 107.622904, -6.91953 ], [ 107.622859, -6.919553 ], [ 107.622466, -6.919748 ], [ 107.622178, -6.919901 ], [ 107.622155, -6.919912 ], [ 107.622026, -6.919982 ], [ 107.621862, -6.92007 ], [ 107.621673, -6.920172 ], [ 107.621571, -6.920225 ], [ 107.621315, -6.920361 ], [ 107.621134, -6.920458 ], [ 107.620644, -6.920719 ], [ 107.620257, -6.920925 ], [ 107.620138, -6.920988 ], [ 107.619912, -6.921109 ], [ 107.619848, -6.921143 ], [ 107.619832, -6.921152 ], [ 107.619459, -6.92135 ], [ 107.619458, -6.921351 ], [ 107.619104, -6.921554 ], [ 107.618722, -6.921751 ], [ 107.618664, -6.92178 ], [ 107.618417, -6.921902 ], [ 107.617949, -6.922133 ], [ 107.617724, -6.922241 ], [ 107.617605, -6.922299 ] ] } },
{ "type": "Feature", "properties": { "Nm_Ruas": "Jl. Ahmad Yani", "Status": "Jalan Kota", "Propinsi": "Jawa Barat", "Kab_Kot": "Kota Bandung", "risk_prediction": 1, "Satwil": "Polrestabes Bandung" }, "geometry": { "type": "LineString", "coordinates": [ [ 107.627443, -6.917114 ], [ 107.62736, -6.917194 ], [ 107.627089, -6.917338 ], [ 107.626886, -6.917446 ], [ 107.626808, -6.917488 ], [ 107.626663, -6.917565 ], [ 107.626661, -6.917566 ], [ 107.626656, -6.917569 ], [ 107.626601, -6.917598 ], [ 107.626314, -6.91775 ], [ 107.626243, -6.917788 ], [ 107.626113, -6.917856 ], [ 107.625882, -6.917977 ], [ 107.625836, -6.918 ], [ 107.625441, -6.918208 ], [ 107.625075, -6.918401 ], [ 107.624919, -6.918488 ], [ 107.624871, -6.918514 ], [ 107.624756, -6.918583 ], [ 107.624645, -6.91864 ], [ 107.624542, -6.918693 ], [ 107.624224, -6.918868 ], [ 107.624136, -6.918877 ] ] } },
{ "type": "Feature", "properties": { "Nm_Ruas": "Jl. Ahmad Yani", "Status": "Jalan Kota", "Propinsi": "Jawa Barat", "Kab_Kot": "Kota Bandung", "risk_prediction": 1, "Satwil": "Polrestabes Bandung" }, "geometry": { "type": "LineString", "coordinates": [ [ 107.624136, -6.918877 ], [ 107.624202, -6.918806 ], [ 107.624335, -6.918732 ], [ 107.62451, -6.918642 ], [ 107.624643, -6.918563 ], [ 107.624774, -6.918489 ], [ 107.624825, -6.91846 ], [ 107.624858, -6.918442 ], [ 107.624867, -6.918437 ], [ 107.624909, -6.918414 ] ] } },
{ "type": "Feature", "properties": { "Nm_Ruas": "Jl. Ahmad Yani", "Status": "Jalan Kota", "Propinsi": "Jawa Barat", "Kab_Kot": "Kota Bandung", "risk_prediction": 1, "Satwil": "Polrestabes Bandung" }, "geometry": { "type": "LineString", "coordinates": [ [ 107.626636, -6.917522 ], [ 107.626837, -6.917414 ], [ 107.627332, -6.917149 ], [ 107.627443, -6.917114 ] ] } },
{ "type": "Feature", "properties": { "Nm_Ruas": "Jl. Ahmad Yani", "Status": "Jalan Kota", "Propinsi": "Jawa Barat", "Kab_Kot": "Kota Bandung", "risk_prediction": 1, "Satwil": "Polrestabes Bandung" }, "geometry": { "type": "LineString", "coordinates": [ [ 107.629031, -6.916293 ], [ 107.628946, -6.916337 ], [ 107.628723, -6.916453 ], [ 107.628405, -6.916617 ], [ 107.628247, -6.9167 ], [ 107.62812, -6.916766 ], [ 107.627443, -6.917114 ] ] } },
{ "type": "Feature", "properties": { "Nm_Ruas": "Jl. Ahmad Yani", "Status": "Jalan Kota", "Propinsi": "Jawa Barat", "Kab_Kot": "Kota Bandung", "risk_prediction": 1, "Satwil": "Polrestabes Bandung" }, "geometry": { "type": "LineString", "coordinates": [ [ 107.629198, -6.916248 ], [ 107.629169, -6.916263 ], [ 107.629031, -6.916293 ] ] } },
{ "type": "Feature", "properties": { "Nm_Ruas": "Jl. Ahmad Yani", "Status": "Jalan Kota", "Propinsi": "Jawa Barat", "Kab_Kot": "Kota Bandung", "risk_prediction": 1, "Satwil": "Polrestabes Bandung" }, "geometry": { "type": "LineString", "coordinates": [ [ 107.629031, -6.916293 ], [ 107.629127, -6.916217 ], [ 107.629171, -6.916193 ] ] } },
{ "type": "Feature", "properties": { "Nm_Ruas": "Jl. Ahmad Yani", "Status": "Jalan Kota", "Propinsi": "Jawa Barat", "Kab_Kot": "Kota Bandung", "risk_prediction": 1, "Satwil": "Polrestabes Bandung" }, "geometry": { "type": "LineString", "coordinates": [ [ 107.630071, -6.915768 ], [ 107.629992, -6.915816 ], [ 107.629914, -6.915859 ], [ 107.629814, -6.915914 ], [ 107.629412, -6.916132 ], [ 107.629277, -6.916205 ] ] } },
{ "type": "Feature", "properties": { "Nm_Ruas": "Jl. Ahmad Yani", "Status": "Jalan Kota", "Propinsi": "Jawa Barat", "Kab_Kot": "Kota Bandung", "risk_prediction": 1, "Satwil": "Polrestabes Bandung" }, "geometry": { "type": "LineString", "coordinates": [ [ 107.634121, -6.913535 ], [ 107.634137, -6.913527 ], [ 107.634177, -6.913507 ], [ 107.634264, -6.913464 ], [ 107.634298, -6.913446 ], [ 107.634319, -6.913435 ], [ 107.634387, -6.913401 ], [ 107.634442, -6.913372 ], [ 107.634492, -6.913354 ], [ 107.634549, -6.913351 ] ] } },
{ "type": "Feature", "properties": { "Nm_Ruas": "Jl. Ahmad Yani", "Status": "Jalan Kota", "Propinsi": "Jawa Barat", "Kab_Kot": "Kota Bandung", "risk_prediction": 1, "Satwil": "Polrestabes Bandung" }, "geometry": { "type": "LineString", "coordinates": [ [ 107.634158, -6.913605 ], [ 107.634214, -6.913577 ], [ 107.634287, -6.913546 ], [ 107.634362, -6.913512 ], [ 107.634379, -6.913504 ], [ 107.634433, -6.913478 ], [ 107.634527, -6.91342 ], [ 107.634549, -6.913351 ] ] } },
{ "type": "Feature", "properties": { "Nm_Ruas": "Jl. Ahmad Yani", "Status": "Jalan Kota", "Propinsi": "Jawa Barat", "Kab_Kot": "Kota Bandung", "risk_prediction": 1, "Satwil": "Polrestabes Bandung" }, "geometry": { "type": "LineString", "coordinates": [ [ 107.634549, -6.913351 ], [ 107.634812, -6.9132 ], [ 107.635072, -6.913064 ], [ 107.635198, -6.912997 ], [ 107.636008, -6.912562 ], [ 107.636237, -6.912438 ], [ 107.636345, -6.912379 ], [ 107.636522, -6.912287 ], [ 107.636549, -6.912273 ], [ 107.636788, -6.91215 ], [ 107.636841, -6.912122 ], [ 107.637057, -6.912008 ], [ 107.637255, -6.911902 ], [ 107.637312, -6.911873 ], [ 107.637322, -6.911867 ], [ 107.637324, -6.911866 ], [ 107.637411, -6.911818 ], [ 107.637668, -6.911681 ], [ 107.638034, -6.911487 ], [ 107.638094, -6.911456 ], [ 107.63812, -6.911442 ], [ 107.638393, -6.911294 ], [ 107.638518, -6.911227 ], [ 107.638664, -6.911148 ], [ 107.638797, -6.911081 ], [ 107.639339, -6.910793 ], [ 107.63949, -6.910711 ], [ 107.639527, -6.91069 ], [ 107.63971, -6.910596 ], [ 107.640237, -6.91031 ], [ 107.640517, -6.910158 ], [ 107.641155, -6.909826 ], [ 107.64143, -6.909687 ], [ 107.64153, -6.909627 ], [ 107.641657, -6.909561 ], [ 107.641876, -6.909437 ] ] } },
{ "type": "Feature", "properties": { "Nm_Ruas": "Jl. Ahmad Yani", "Status": "Jalan Kota", "Propinsi": "Jawa Barat", "Kab_Kot": "Kota Bandung", "risk_prediction": 1, "Satwil": "Polrestabes Bandung" }, "geometry": { "type": "LineString", "coordinates": [ [ 107.641876, -6.909437 ], [ 107.642029, -6.909398 ], [ 107.64216, -6.909325 ], [ 107.642242, -6.90928 ], [ 107.643038, -6.908852 ] ] } },
{ "type": "Feature", "properties": { "Nm_Ruas": "Jl. Ahmad Yani", "Status": "Jalan Kota", "Propinsi": "Jawa Barat", "Kab_Kot": "Kota Bandung", "risk_prediction": 1, "Satwil": "Polrestabes Bandung" }, "geometry": { "type": "LineString", "coordinates": [ [ 107.641876, -6.909437 ], [ 107.641998, -6.909337 ], [ 107.642214, -6.909222 ], [ 107.642585, -6.909024 ], [ 107.643012, -6.908793 ], [ 107.643109, -6.908741 ], [ 107.643181, -6.908702 ], [ 107.64378, -6.90838 ], [ 107.64381, -6.908365 ], [ 107.644402, -6.908062 ], [ 107.644531, -6.908027 ] ] } },
{ "type": "Feature", "properties": { "Nm_Ruas": "Jl. Ahmad Yani", "Status": "Jalan Kota", "Propinsi": "Jawa Barat", "Kab_Kot": "Kota Bandung", "risk_prediction": 1, "Satwil": "Polrestabes Bandung" }, "geometry": { "type": "LineString", "coordinates": [ [ 107.644531, -6.908027 ], [ 107.644457, -6.908092 ], [ 107.644432, -6.908114 ], [ 107.643799, -6.908447 ], [ 107.643747, -6.908475 ] ] } },
{ "type": "Feature", "properties": { "Nm_Ruas": "Jl. Ahmad Yani", "Status": "Jalan Kota", "Propinsi": "Jawa Barat", "Kab_Kot": "Kota Bandung", "risk_prediction": 1, "Satwil": "Polrestabes Bandung" }, "geometry": { "type": "LineString", "coordinates": [ [ 107.644531, -6.908027 ], [ 107.644597, -6.907992 ], [ 107.644753, -6.907909 ], [ 107.644937, -6.907812 ], [ 107.64542, -6.907557 ], [ 107.645658, -6.907431 ], [ 107.645715, -6.907401 ], [ 107.645779, -6.907367 ], [ 107.645858, -6.907325 ], [ 107.64594, -6.907282 ], [ 107.646282, -6.907102 ], [ 107.646565, -6.906952 ], [ 107.646917, -6.906766 ], [ 107.646953, -6.906747 ], [ 107.64706, -6.906691 ], [ 107.647342, -6.906544 ], [ 107.647354, -6.906538 ], [ 107.647394, -6.906519 ], [ 107.647438, -6.906496 ], [ 107.647499, -6.906463 ], [ 107.647582, -6.90642 ], [ 107.647873, -6.906267 ], [ 107.648143, -6.906126 ], [ 107.648171, -6.906111 ], [ 107.648237, -6.906077 ], [ 107.648316, -6.906035 ], [ 107.64839, -6.905995 ], [ 107.648481, -6.905949 ], [ 107.64857, -6.905902 ], [ 107.648759, -6.905803 ], [ 107.648825, -6.905768 ], [ 107.648944, -6.905706 ], [ 107.648945, -6.905706 ], [ 107.649278, -6.905531 ], [ 107.649431, -6.905449 ], [ 107.649524, -6.905402 ], [ 107.649647, -6.905338 ], [ 107.649748, -6.905285 ], [ 107.649817, -6.905249 ], [ 107.649884, -6.905213 ], [ 107.650154, -6.905072 ], [ 107.650173, -6.905062 ], [ 107.650424, -6.904931 ], [ 107.650527, -6.904873 ], [ 107.650548, -6.904861 ], [ 107.650615, -6.904826 ], [ 107.650961, -6.904644 ], [ 107.651056, -6.904599 ], [ 107.651116, -6.904566 ], [ 107.651275, -6.904482 ], [ 107.65226, -6.90396 ], [ 107.652302, -6.903937 ], [ 107.652453, -6.903858 ], [ 107.653252, -6.903436 ], [ 107.653254, -6.903435 ], [ 107.653303, -6.903407 ], [ 107.653714, -6.90319 ], [ 107.653813, -6.903138 ], [ 107.65401, -6.903026 ] ] } },
{ "type": "Feature", "properties": { "Nm_Ruas": "Jl. Ahmad Yani", "Status": "Jalan Kota", "Propinsi": "Jawa Barat", "Kab_Kot": "Kota Bandung", "risk_prediction": 1, "Satwil": "Polrestabes Bandung" }, "geometry": { "type": "LineString", "coordinates": [ [ 107.654478, -6.902805 ], [ 107.654175, -6.902975 ], [ 107.654051, -6.903013 ], [ 107.65401, -6.903026 ] ] } },
{ "type": "Feature", "properties": { "Nm_Ruas": "Jl. Ahmad Yani", "Status": "Jalan Kota", "Propinsi": "Jawa Barat", "Kab_Kot": "Kota Bandung", "risk_prediction": 1, "Satwil": "Polrestabes Bandung" }, "geometry": { "type": "LineString", "coordinates": [ [ 107.65401, -6.903026 ], [ 107.65404, -6.902992 ], [ 107.654124, -6.902898 ], [ 107.6544, -6.902733 ], [ 107.654653, -6.902581 ], [ 107.654741, -6.902493 ], [ 107.655044, -6.902113 ] ] } },
{ "type": "Feature", "properties": { "Nm_Ruas": "Jl. Ahmad Yani", "Status": "Jalan Kota", "Propinsi": "Jawa Barat", "Kab_Kot": "Kota Bandung", "risk_prediction": 1, "Satwil": "Polrestabes Bandung" }, "geometry": { "type": "LineString", "coordinates": [ [ 107.655717, -6.902134 ], [ 107.654975, -6.902533 ], [ 107.654933, -6.902555 ], [ 107.654919, -6.902562 ] ] } },
{ "type": "Feature", "properties": { "Nm_Ruas": "Jl. Ahmad Yani", "Status": "Jalan Nasional", "Propinsi": "Jawa Barat", "Kab_Kot": "Kota Bandung", "risk_prediction": 1, "Satwil": "Polrestabes Bandung" }, "geometry": { "type": "LineString", "coordinates": [ [ 107.659511, -6.902288 ], [ 107.659381, -6.902286 ], [ 107.659333, -6.902285 ], [ 107.659174, -6.902282 ], [ 107.659124, -6.902282 ], [ 107.658976, -6.90228 ], [ 107.658677, -6.902266 ], [ 107.658608, -6.902263 ], [ 107.658529, -6.902259 ], [ 107.658121, -6.902239 ], [ 107.657628, -6.902223 ], [ 107.657624, -6.902223 ], [ 107.657312, -6.902213 ], [ 107.657253, -6.902215 ], [ 107.657163, -6.902219 ], [ 107.656801, -6.902212 ], [ 107.656718, -6.90221 ], [ 107.656658, -6.902209 ], [ 107.656427, -6.90219 ], [ 107.656408, -6.902188 ], [ 107.656323, -6.902179 ], [ 107.656238, -6.902163 ], [ 107.656168, -6.902152 ], [ 107.656098, -6.902145 ], [ 107.656017, -6.902143 ], [ 107.655717, -6.902134 ], [ 107.655339, -6.902117 ], [ 107.655223, -6.902112 ], [ 107.65505, -6.902105 ], [ 107.655121, -6.902025 ], [ 107.65514, -6.902024 ], [ 107.65523, -6.902029 ], [ 107.65534, -6.902036 ], [ 107.655558, -6.902045 ], [ 107.655741, -6.902053 ], [ 107.655918, -6.90206 ], [ 107.656024, -6.902064 ], [ 107.656137, -6.902068 ], [ 107.656162, -6.902069 ], [ 107.656414, -6.902105 ], [ 107.656457, -6.902111 ], [ 107.656634, -6.902124 ], [ 107.656797, -6.90213 ], [ 107.657168, -6.902137 ], [ 107.657319, -6.902141 ], [ 107.657631, -6.90215 ], [ 107.65813, -6.902169 ], [ 107.658224, -6.902173 ], [ 107.658535, -6.902186 ], [ 107.658609, -6.902189 ], [ 107.658773, -6.902196 ], [ 107.659386, -6.90221 ], [ 107.659513, -6.902212 ] ] } },
{ "type": "Feature", "properties": { "Nm_Ruas": "Jl. Ahmad Yani", "Status": "Jalan Provinsi", "Propinsi": "Jawa Barat", "Kab_Kot": "Kota Bandung", "risk_prediction": 1, "Satwil": "Polrestabes Bandung" }, "geometry": { "type": "LineString", "coordinates": [ [ 107.629961, -6.91575 ], [ 107.629963, -6.915749 ], [ 107.630039, -6.915701 ], [ 107.630088, -6.915676 ], [ 107.630309, -6.915559 ], [ 107.63076, -6.915324 ], [ 107.63084, -6.915283 ], [ 107.631052, -6.915172 ], [ 107.631134, -6.91516 ] ] } },
{ "type": "Feature", "properties": { "Nm_Ruas": "Jl. Ahmad Yani", "Status": "Jalan Provinsi", "Propinsi": "Jawa Barat", "Kab_Kot": "Kota Bandung", "risk_prediction": 1, "Satwil": "Polrestabes Bandung" }, "geometry": { "type": "LineString", "coordinates": [ [ 107.631134, -6.91516 ], [ 107.63108, -6.915221 ], [ 107.630971, -6.915279 ], [ 107.630866, -6.915334 ] ] } },
{ "type": "Feature", "properties": { "Nm_Ruas": "Jl. Ahmad Yani", "Status": "Jalan Provinsi", "Propinsi": "Jawa Barat", "Kab_Kot": "Kota Bandung", "risk_prediction": 1, "Satwil": "Polrestabes Bandung" }, "geometry": { "type": "LineString", "coordinates": [ [ 107.631134, -6.91516 ], [ 107.631322, -6.915057 ], [ 107.631392, -6.915019 ], [ 107.631485, -6.914968 ], [ 107.631643, -6.914882 ], [ 107.632075, -6.914655 ], [ 107.632287, -6.914543 ], [ 107.632541, -6.91441 ], [ 107.63256, -6.9144 ], [ 107.632762, -6.914294 ], [ 107.632788, -6.914279 ], [ 107.632836, -6.914257 ], [ 107.632988, -6.914175 ], [ 107.633211, -6.914057 ], [ 107.633341, -6.913989 ] ] } },
{ "type": "Feature", "properties": { "Nm_Ruas": "Jl. Ahmad Yani", "Status": "Jalan Provinsi", "Propinsi": "Jawa Barat", "Kab_Kot": "Kota Bandung", "risk_prediction": 1, "Satwil": "Polrestabes Bandung" }, "geometry": { "type": "LineString", "coordinates": [ [ 107.633341, -6.913989 ], [ 107.63344, -6.91397 ], [ 107.633493, -6.913944 ], [ 107.633511, -6.913935 ], [ 107.634158, -6.913605 ] ] } },
{ "type": "Feature", "properties": { "Nm_Ruas": "Jl. Ahmad Yani", "Status": "Jalan Provinsi", "Propinsi": "Jawa Barat", "Kab_Kot": "Kota Bandung", "risk_prediction": 1, "Satwil": "Polrestabes Bandung" }, "geometry": { "type": "LineString", "coordinates": [ [ 107.633341, -6.913989 ], [ 107.633406, -6.913922 ], [ 107.633796, -6.913709 ], [ 107.633861, -6.913675 ], [ 107.634121, -6.913535 ] ] } },
{ "type": "Feature", "properties": { "Nm_Ruas": "Jl. Alas Arum - Kutuh", "Status": "Jalan Kabupaten", "Propinsi": "Bali", "Kab_Kot": "Badung", "risk_prediction": 1, "Satwil": "Polda Bali" }, "geometry": { "type": "LineString", "coordinates": [ [ 115.171362, -8.837252 ], [ 115.171294, -8.837265 ], [ 115.171013, -8.837321 ], [ 115.170762, -8.837379 ], [ 115.170616, -8.837421 ], [ 115.170365, -8.837528 ], [ 115.17022, -8.837624 ], [ 115.17008, -8.837731 ], [ 115.169782, -8.838021 ], [ 115.169511, -8.838299 ], [ 115.169329, -8.838481 ], [ 115.169116, -8.838666 ], [ 115.168862, -8.838857 ], [ 115.168682, -8.838964 ], [ 115.168491, -8.839073 ], [ 115.168015, -8.839322 ], [ 115.167685, -8.839497 ], [ 115.167558, -8.839589 ], [ 115.167536, -8.839605 ], [ 115.167445, -8.839689 ], [ 115.167366, -8.839798 ], [ 115.167279, -8.839957 ] ] } },
{ "type": "Feature", "properties": { "Nm_Ruas": "Jl. Alun-Alun Timur", "Status": "Jalan Kota", "Propinsi": "Jawa Barat", "Kab_Kot": "Kota Bandung", "risk_prediction": 1, "Satwil": "Polrestabes Bandung" }, "geometry": { "type": "LineString", "coordinates": [ [ 107.60771, -6.922138 ], [ 107.607684, -6.922462 ], [ 107.607677, -6.922545 ] ] } },
{ "type": "Feature", "properties": { "Nm_Ruas": "Jl. Ancol Barat", "Status": "Jalan Kota", "Propinsi": "Jawa Barat", "Kab_Kot": "Kota Bandung", "risk_prediction": 1, "Satwil": "Polrestabes Bandung" }, "geometry": { "type": "LineString", "coordinates": [ [ 107.612401, -6.933886 ], [ 107.612417, -6.933895 ], [ 107.612571, -6.934038 ], [ 107.61266, -6.934135 ], [ 107.613029, -6.934535 ] ] } },
{ "type": "Feature", "properties": { "Nm_Ruas": "Jl. Andir", "Status": "Jalan Kota", "Propinsi": "Jawa Barat", "Kab_Kot": "Kota Bandung", "risk_prediction": 1, "Satwil": "Polrestabes Bandung" }, "geometry": { "type": "LineString", "coordinates": [ [ 107.584998, -6.918537 ], [ 107.585011, -6.91847 ], [ 107.585072, -6.917902 ], [ 107.585093, -6.917637 ] ] } },
{ "type": "Feature", "properties": { "Nm_Ruas": "Jl. Anggrek", "Status": "Jalan Kota", "Propinsi": "Jawa Barat", "Kab_Kot": "Kota Bandung", "risk_prediction": 1, "Satwil": "Polrestabes Bandung" }, "geometry": { "type": "LineString", "coordinates": [ [ 107.628615, -6.912681 ], [ 107.628716, -6.912606 ], [ 107.628878, -6.912467 ], [ 107.629187, -6.912202 ], [ 107.629301, -6.912092 ] ] } },
{ "type": "Feature", "properties": { "Nm_Ruas": "Jl. Anggrek", "Status": "Jalan Kota", "Propinsi": "Jawa Barat", "Kab_Kot": "Kota Bandung", "risk_prediction": 1, "Satwil": "Polrestabes Bandung" }, "geometry": { "type": "LineString", "coordinates": [ [ 107.629639, -6.911711 ], [ 107.629647, -6.9117 ], [ 107.630137, -6.910957 ], [ 107.630139, -6.910956 ], [ 107.630796, -6.910522 ], [ 107.630812, -6.910511 ], [ 107.630892, -6.910458 ] ] } },
{ "type": "Feature", "properties": { "Nm_Ruas": "Jl. Anggrek", "Status": "Jalan Kota", "Propinsi": "Jawa Barat", "Kab_Kot": "Kota Bandung", "risk_prediction": 1, "Satwil": "Polrestabes Bandung" }, "geometry": { "type": "LineString", "coordinates": [ [ 107.631164, -6.910275 ], [ 107.631291, -6.91019 ], [ 107.631783, -6.909861 ], [ 107.631916, -6.909773 ] ] } },
{ "type": "Feature", "properties": { "Nm_Ruas": "Jl. Antapani Lama", "Status": "Jalan Kota", "Propinsi": "Jawa Barat", "Kab_Kot": "Kota Bandung", "risk_prediction": 1, "Satwil": "Polrestabes Bandung" }, "geometry": { "type": "LineString", "coordinates": [ [ 107.657312, -6.902213 ], [ 107.657371, -6.902873 ], [ 107.657376, -6.902977 ], [ 107.657382, -6.903113 ] ] } },
{ "type": "Feature", "properties": { "Nm_Ruas": "Jl. Antapani Lama", "Status": "Jalan Kota", "Propinsi": "Jawa Barat", "Kab_Kot": "Kota Bandung", "risk_prediction": 1, "Satwil": "Polrestabes Bandung" }, "geometry": { "type": "LineString", "coordinates": [ [ 107.659231, -6.912627 ], [ 107.659235, -6.912731 ], [ 107.659263, -6.912818 ], [ 107.659303, -6.91295 ], [ 107.659317, -6.91299 ], [ 107.659429, -6.913508 ] ] } },
{ "type": "Feature", "properties": { "Nm_Ruas": "Jl. Antosari - Megati", "Status": "Jalan Nasional", "Propinsi": "Bali", "Kab_Kot": "Tabanan", "risk_prediction": 1, "Satwil": "Polda Bali" }, "geometry": { "type": "LineString", "coordinates": [ [ 115.033942, -8.495911 ], [ 115.03388, -8.49597 ], [ 115.03367, -8.49628 ], [ 115.03355, -8.49651 ], [ 115.03348, -8.49673 ], [ 115.03339, -8.49714 ], [ 115.0334, -8.4976 ], [ 115.03342, -8.49772 ], [ 115.03345, -8.49783 ], [ 115.03373, -8.49849 ], [ 115.0338, -8.49861 ], [ 115.03382, -8.49866 ], [ 115.03383, -8.49867 ], [ 115.03389, -8.49879 ], [ 115.0341, -8.49938 ], [ 115.03412, -8.49946 ], [ 115.03418, -8.49962 ], [ 115.03426, -8.49997 ], [ 115.03427, -8.50012 ], [ 115.034268, -8.500153 ], [ 115.03426, -8.50028 ], [ 115.03422, -8.50044 ], [ 115.0341, -8.50076 ], [ 115.0338, -8.50144 ], [ 115.03351, -8.50188 ], [ 115.03314, -8.50233 ], [ 115.03257, -8.50294 ], [ 115.03256, -8.50296 ], [ 115.032137, -8.503415 ], [ 115.0319, -8.50367 ], [ 115.0319, -8.50368 ], [ 115.03161, -8.50398 ], [ 115.031498, -8.504054 ], [ 115.031496, -8.504056 ], [ 115.03149, -8.50406 ], [ 115.03141, -8.50408 ], [ 115.03138, -8.50408 ], [ 115.03136, -8.50409 ], [ 115.03132, -8.50409 ], [ 115.03129, -8.50408 ], [ 115.03111, -8.50405 ], [ 115.030617, -8.503919 ], [ 115.030599, -8.503914 ], [ 115.03047, -8.50388 ], [ 115.02892, -8.50354 ], [ 115.028874, -8.503532 ], [ 115.02823, -8.50342 ], [ 115.02818, -8.50342 ], [ 115.02798, -8.503378 ], [ 115.027979, -8.503378 ], [ 115.02722, -8.50322 ], [ 115.027206, -8.50322 ], [ 115.02717, -8.50322 ], [ 115.027088, -8.503201 ], [ 115.02682, -8.50314 ], [ 115.026215, -8.502951 ], [ 115.025514, -8.502732 ], [ 115.025481, -8.502722 ], [ 115.02541, -8.5027 ], [ 115.025352, -8.502669 ] ] } },
{ "type": "Feature", "properties": { "Nm_Ruas": "Jl. Anusapati", "Status": "Jalan Kabupaten", "Propinsi": "Bali", "Kab_Kot": "Tabanan", "risk_prediction": 1, "Satwil": "Polda Bali" }, "geometry": { "type": "LineString", "coordinates": [ [ 115.025179, -8.503574 ], [ 115.02526, -8.503349 ], [ 115.025359, -8.50307 ], [ 115.025467, -8.502838 ], [ 115.025514, -8.502732 ] ] } },
{ "type": "Feature", "properties": { "Nm_Ruas": "Jl. Arjuna", "Status": "Jalan Kota", "Propinsi": "Jawa Barat", "Kab_Kot": "Kota Bandung", "risk_prediction": 1, "Satwil": "Polrestabes Bandung" }, "geometry": { "type": "LineString", "coordinates": [ [ 107.592855, -6.907287 ], [ 107.593044, -6.907036 ] ] } },
{ "type": "Feature", "properties": { "Nm_Ruas": "Jl. Arteri Utara (Yogyakarta)", "Status": "Jalan Nasional", "Propinsi": "Daerah Istimewa Yogyakarta", "Kab_Kot": "", "risk_prediction": 1, "Satwil": "Polda DI Yogyakarta" }, "geometry": { "type": "LineString", "coordinates": [ [ 110.368193, -7.750676 ], [ 110.368194, -7.750676 ], [ 110.368321, -7.750691 ], [ 110.368636, -7.750719 ], [ 110.36894, -7.750751 ], [ 110.369147, -7.750781 ], [ 110.369474, -7.75083 ], [ 110.369743, -7.750872 ], [ 110.369881, -7.750905 ], [ 110.370004, -7.750934 ], [ 110.370291, -7.75101 ], [ 110.370317, -7.751017 ], [ 110.370581, -7.751082 ], [ 110.370806, -7.751133 ], [ 110.370987, -7.751176 ], [ 110.3712, -7.75122 ], [ 110.371202, -7.75122 ], [ 110.371405, -7.751261 ], [ 110.37165, -7.75131 ], [ 110.37191, -7.751356 ], [ 110.372094, -7.751388 ], [ 110.372098, -7.751389 ], [ 110.372215, -7.751409 ], [ 110.37251, -7.751466 ], [ 110.37343, -7.751627 ], [ 110.373661, -7.75167 ], [ 110.374008, -7.751735 ], [ 110.374533, -7.751859 ], [ 110.374766, -7.751907 ], [ 110.374885, -7.751928 ], [ 110.37501, -7.751953 ], [ 110.375258, -7.751995 ], [ 110.375437, -7.752026 ], [ 110.375557, -7.752049 ], [ 110.375683, -7.752064 ], [ 110.375797, -7.752073 ], [ 110.375961, -7.75208 ], [ 110.376113, -7.752073 ], [ 110.376346, -7.752048 ], [ 110.376569, -7.752019 ] ] } },
{ "type": "Feature", "properties": { "Nm_Ruas": "Jl. Aseman - Dalung", "Status": "Jalan Kabupaten", "Propinsi": "Bali", "Kab_Kot": "Badung", "risk_prediction": 1, "Satwil": "Polda Bali" }, "geometry": { "type": "LineString", "coordinates": [ [ 115.172169, -8.610689 ], [ 115.171937, -8.610714 ], [ 115.171759, -8.610738 ], [ 115.171704, -8.61076 ], [ 115.171663, -8.610802 ], [ 115.171626, -8.610874 ], [ 115.171618, -8.610934 ], [ 115.17159, -8.611132 ], [ 115.171585, -8.611168 ] ] } },
{ "type": "Feature", "properties": { "Nm_Ruas": "Jl. Aseman - Pantai", "Status": "Jalan Kabupaten", "Propinsi": "Bali", "Kab_Kot": "Badung", "risk_prediction": 1, "Satwil": "Polda Bali" }, "geometry": { "type": "LineString", "coordinates": [ [ 115.154378, -8.643201 ], [ 115.15448, -8.643077 ], [ 115.154869, -8.64261 ], [ 115.154951, -8.6425 ] ] } },
{ "type": "Feature", "properties": { "Nm_Ruas": "Jl. Asia Afrika", "Status": "Jalan Kota", "Propinsi": "Jawa Barat", "Kab_Kot": "Kota Bandung", "risk_prediction": 1, "Satwil": "Polrestabes Bandung" }, "geometry": { "type": "LineString", "coordinates": [ [ 107.612911, -6.921841 ], [ 107.612832, -6.921832 ], [ 107.612725, -6.921819 ], [ 107.612672, -6.921813 ], [ 107.612495, -6.921793 ], [ 107.612406, -6.921782 ], [ 107.612012, -6.921739 ], [ 107.612011, -6.921739 ], [ 107.611819, -6.921711 ], [ 107.611498, -6.921672 ], [ 107.61142, -6.921663 ], [ 107.611237, -6.921642 ], [ 107.611115, -6.921627 ] ] } },
{ "type": "Feature", "properties": { "Nm_Ruas": "Jl. Assalam", "Status": "Jalan Kota", "Propinsi": "Jawa Barat", "Kab_Kot": "Kota Bandung", "risk_prediction": 1, "Satwil": "Polrestabes Bandung" }, "geometry": { "type": "LineString", "coordinates": [ [ 107.625831, -6.863352 ], [ 107.625729, -6.863316 ], [ 107.625436, -6.863256 ], [ 107.625323, -6.863238 ], [ 107.625247, -6.863233 ], [ 107.62521, -6.86323 ], [ 107.625157, -6.863237 ], [ 107.62511, -6.863241 ], [ 107.625031, -6.863261 ], [ 107.624959, -6.86329 ], [ 107.624949, -6.863296 ], [ 107.624928, -6.863308 ], [ 107.624904, -6.863322 ], [ 107.624807, -6.863379 ], [ 107.624653, -6.863478 ], [ 107.624582, -6.863525 ], [ 107.624366, -6.863682 ], [ 107.624334, -6.863706 ], [ 107.624233, -6.86379 ], [ 107.624199, -6.863819 ], [ 107.624142, -6.863878 ], [ 107.624106, -6.863929 ], [ 107.624031, -6.864048 ], [ 107.623943, -6.864235 ], [ 107.623887, -6.864359 ], [ 107.623866, -6.864392 ], [ 107.623863, -6.864396 ], [ 107.623849, -6.864408 ], [ 107.623838, -6.864417 ] ] } },
{ "type": "Feature", "properties": { "Nm_Ruas": "Jl. Astasura", "Status": "Jalan Kota", "Propinsi": "Bali", "Kab_Kot": "Kota Denpasar", "risk_prediction": 1, "Satwil": "Polda Bali" }, "geometry": { "type": "LineString", "coordinates": [ [ 115.213156, -8.612398 ], [ 115.213367, -8.612388 ], [ 115.213577, -8.612389 ], [ 115.213718, -8.612381 ], [ 115.213914, -8.612361 ], [ 115.214063, -8.612344 ] ] } },
{ "type": "Feature", "properties": { "Nm_Ruas": "Jl. BKR", "Status": "Jalan Provinsi", "Propinsi": "Jawa Barat", "Kab_Kot": "Kota Bandung", "risk_prediction": 1, "Satwil": "Polrestabes Bandung" }, "geometry": { "type": "LineString", "coordinates": [ [ 107.606227, -6.937621 ], [ 107.606163, -6.937617 ], [ 107.606088, -6.937611 ], [ 107.606036, -6.937606 ], [ 107.605937, -6.937597 ], [ 107.60551, -6.937559 ], [ 107.605325, -6.937542 ], [ 107.605263, -6.937536 ], [ 107.604578, -6.937474 ], [ 107.604469, -6.937464 ], [ 107.604363, -6.937455 ], [ 107.603969, -6.937419 ], [ 107.603689, -6.937393 ], [ 107.603299, -6.937358 ], [ 107.60317, -6.937346 ], [ 107.603067, -6.937336 ], [ 107.602995, -6.937329 ] ] } },
{ "type": "Feature", "properties": { "Nm_Ruas": "Jl. BKR", "Status": "Jalan Provinsi", "Propinsi": "Jawa Barat", "Kab_Kot": "Kota Bandung", "risk_prediction": 1, "Satwil": "Polrestabes Bandung" }, "geometry": { "type": "LineString", "coordinates": [ [ 107.603, -6.937238 ], [ 107.60308, -6.937245 ], [ 107.603176, -6.937253 ], [ 107.603309, -6.937265 ], [ 107.603903, -6.93731 ], [ 107.603936, -6.937313 ], [ 107.603981, -6.937318 ], [ 107.604379, -6.937361 ], [ 107.604567, -6.937378 ], [ 107.605272, -6.937442 ], [ 107.605956, -6.937504 ], [ 107.606069, -6.937517 ], [ 107.606098, -6.93752 ], [ 107.606172, -6.93753 ], [ 107.606174, -6.93753 ], [ 107.606235, -6.937534 ], [ 107.606317, -6.937535 ], [ 107.606583, -6.937541 ], [ 107.606656, -6.937543 ], [ 107.606762, -6.937546 ], [ 107.607079, -6.937557 ], [ 107.607139, -6.937558 ], [ 107.607542, -6.937571 ], [ 107.607975, -6.937585 ], [ 107.608305, -6.937596 ], [ 107.608358, -6.937598 ], [ 107.608418, -6.937599 ], [ 107.608475, -6.937601 ], [ 107.608762, -6.937611 ], [ 107.60888, -6.937614 ], [ 107.608948, -6.937617 ], [ 107.608984, -6.937618 ], [ 107.609071, -6.937619 ], [ 107.609183, -6.937621 ], [ 107.609289, -6.937629 ], [ 107.609664, -6.937639 ], [ 107.609786, -6.937643 ], [ 107.610179, -6.937657 ], [ 107.610425, -6.937666 ], [ 107.610691, -6.937674 ], [ 107.611041, -6.937685 ], [ 107.61109, -6.937687 ], [ 107.611368, -6.937696 ], [ 107.61185, -6.937711 ], [ 107.612618, -6.937735 ], [ 107.612682, -6.937737 ], [ 107.612754, -6.937739 ], [ 107.612756, -6.937739 ], [ 107.612796, -6.937738 ], [ 107.61281, -6.937738 ], [ 107.613661, -6.937768 ] ] } },
{ "type": "Feature", "properties": { "Nm_Ruas": "Jl. BKR", "Status": "Jalan Provinsi", "Propinsi": "Jawa Barat", "Kab_Kot": "Kota Bandung", "risk_prediction": 1, "Satwil": "Polrestabes Bandung" }, "geometry": { "type": "LineString", "coordinates": [ [ 107.622746, -6.936995 ], [ 107.622698, -6.937034 ], [ 107.62258, -6.937127 ], [ 107.622298, -6.937318 ], [ 107.622236, -6.937347 ], [ 107.621979, -6.937469 ], [ 107.621969, -6.937473 ], [ 107.621546, -6.937673 ], [ 107.620815, -6.937942 ], [ 107.620486, -6.938041 ], [ 107.620234, -6.938101 ], [ 107.619752, -6.938173 ], [ 107.619583, -6.938183 ], [ 107.619334, -6.938197 ], [ 107.619066, -6.938196 ], [ 107.618781, -6.93818 ], [ 107.618557, -6.938166 ], [ 107.618001, -6.938125 ], [ 107.617563, -6.938103 ], [ 107.617141, -6.938081 ], [ 107.61712, -6.93808 ], [ 107.616771, -6.938057 ], [ 107.616634, -6.938053 ], [ 107.616238, -6.938026 ], [ 107.616236, -6.938026 ], [ 107.616095, -6.938018 ], [ 107.615332, -6.937968 ], [ 107.615192, -6.937959 ] ] } },
{ "type": "Feature", "properties": { "Nm_Ruas": "Jl. BKR", "Status": "Jalan Provinsi", "Propinsi": "Jawa Barat", "Kab_Kot": "Kota Bandung", "risk_prediction": 1, "Satwil": "Polrestabes Bandung" }, "geometry": { "type": "LineString", "coordinates": [ [ 107.62191, -6.937386 ], [ 107.622221, -6.937243 ], [ 107.622428, -6.937101 ], [ 107.622606, -6.936979 ], [ 107.622636, -6.936959 ], [ 107.622687, -6.936925 ], [ 107.622688, -6.936925 ] ] } },
{ "type": "Feature", "properties": { "Nm_Ruas": "Jl. Babakan Ciparay", "Status": "Jalan Kota", "Propinsi": "Jawa Barat", "Kab_Kot": "Kota Bandung", "risk_prediction": 1, "Satwil": "Polrestabes Bandung" }, "geometry": { "type": "LineString", "coordinates": [ [ 107.584144, -6.945791 ], [ 107.584195, -6.945279 ], [ 107.584199, -6.945236 ], [ 107.584201, -6.945207 ], [ 107.584208, -6.945152 ], [ 107.58421, -6.945128 ], [ 107.584234, -6.944892 ] ] } },
{ "type": "Feature", "properties": { "Nm_Ruas": "Jl. Bakung", "Status": "Jalan Kota", "Propinsi": "Bali", "Kab_Kot": "Kota Denpasar", "risk_prediction": 1, "Satwil": "Polda Bali" }, "geometry": { "type": "LineString", "coordinates": [ [ 115.256256, -8.63393 ], [ 115.256338, -8.63413 ], [ 115.25643, -8.634321 ], [ 115.256501, -8.63447 ], [ 115.256655, -8.634735 ], [ 115.256658, -8.63474 ] ] } },
{ "type": "Feature", "properties": { "Nm_Ruas": "Jl. Balong Gede", "Status": "Jalan Kota", "Propinsi": "Jawa Barat", "Kab_Kot": "Kota Bandung", "risk_prediction": 1, "Satwil": "Polrestabes Bandung" }, "geometry": { "type": "LineString", "coordinates": [ [ 107.607677, -6.922545 ], [ 107.607622, -6.922973 ], [ 107.607634, -6.923028 ], [ 107.607669, -6.923057 ], [ 107.607967, -6.923129 ], [ 107.608006, -6.923143 ], [ 107.60802, -6.923163 ] ] } },
{ "type": "Feature", "properties": { "Nm_Ruas": "Jl. Banda", "Status": "Jalan Kota", "Propinsi": "Jawa Barat", "Kab_Kot": "Kota Bandung", "risk_prediction": 1, "Satwil": "Polrestabes Bandung" }, "geometry": { "type": "LineString", "coordinates": [ [ 107.616688, -6.9053 ], [ 107.616697, -6.905403 ], [ 107.61672, -6.905669 ], [ 107.616752, -6.906008 ], [ 107.616756, -6.906052 ], [ 107.616759, -6.906202 ] ] } },
{ "type": "Feature", "properties": { "Nm_Ruas": "Jl. Banda", "Status": "Jalan Kota", "Propinsi": "Jawa Barat", "Kab_Kot": "Kota Bandung", "risk_prediction": 1, "Satwil": "Polrestabes Bandung" }, "geometry": { "type": "LineString", "coordinates": [ [ 107.616759, -6.906202 ], [ 107.616684, -6.906065 ], [ 107.616612, -6.905318 ], [ 107.616611, -6.90531 ], [ 107.616597, -6.905158 ], [ 107.616592, -6.905035 ], [ 107.61659, -6.904961 ], [ 107.616588, -6.904828 ], [ 107.616596, -6.904661 ], [ 107.616616, -6.904517 ], [ 107.616642, -6.904389 ], [ 107.616678, -6.904265 ], [ 107.616694, -6.904226 ], [ 107.616733, -6.904129 ], [ 107.616793, -6.904006 ], [ 107.616835, -6.903934 ], [ 107.616881, -6.903853 ], [ 107.616941, -6.903757 ], [ 107.617008, -6.903664 ], [ 107.61707, -6.903583 ], [ 107.617119, -6.903519 ], [ 107.617166, -6.903457 ], [ 107.617175, -6.903446 ], [ 107.617246, -6.903391 ] ] } },
{ "type": "Feature", "properties": { "Nm_Ruas": "Jl. Banda", "Status": "Jalan Kota", "Propinsi": "Jawa Barat", "Kab_Kot": "Kota Bandung", "risk_prediction": 1, "Satwil": "Polrestabes Bandung" }, "geometry": { "type": "LineString", "coordinates": [ [ 107.617582, -6.91004 ], [ 107.617581, -6.910015 ], [ 107.617419, -6.909188 ], [ 107.617412, -6.909152 ], [ 107.617412, -6.90915 ], [ 107.617403, -6.909111 ], [ 107.617382, -6.909011 ], [ 107.617224, -6.908269 ], [ 107.617044, -6.907427 ], [ 107.616998, -6.907223 ], [ 107.616967, -6.907081 ], [ 107.616938, -6.906955 ], [ 107.616929, -6.906913 ], [ 107.61688, -6.906696 ], [ 107.616815, -6.906421 ], [ 107.616808, -6.906396 ], [ 107.616783, -6.906297 ], [ 107.616759, -6.906202 ] ] } },
{ "type": "Feature", "properties": { "Nm_Ruas": "Jl. Banteng", "Status": "Jalan Kabupaten", "Propinsi": "Bali", "Kab_Kot": "Gianyar", "risk_prediction": 1, "Satwil": "Polda Bali" }, "geometry": { "type": "LineString", "coordinates": [ [ 115.30292, -8.54279 ], [ 115.30298, -8.542792 ], [ 115.303517, -8.542805 ], [ 115.303829, -8.542809 ] ] } },
{ "type": "Feature", "properties": { "Nm_Ruas": "Jl. Bapak Gatot Raya", "Status": "Jalan Kota", "Propinsi": "Jawa Barat", "Kab_Kot": "Kota Bandung", "risk_prediction": 1, "Satwil": "Polrestabes Bandung" }, "geometry": { "type": "LineString", "coordinates": [ [ 107.586084, -6.86851 ], [ 107.58621, -6.867977 ], [ 107.58621, -6.867977 ], [ 107.58621, -6.867976 ], [ 107.586215, -6.867957 ], [ 107.586371, -6.867657 ] ] } },
{ "type": "Feature", "properties": { "Nm_Ruas": "Jl. Batanancak Tengkulak", "Status": "Jalan Kabupaten", "Propinsi": "Bali", "Kab_Kot": "Gianyar", "risk_prediction": 1, "Satwil": "Polda Bali" }, "geometry": { "type": "LineString", "coordinates": [ [ 115.273257, -8.541842 ], [ 115.273255, -8.541841 ], [ 115.273149, -8.541803 ], [ 115.273048, -8.541758 ], [ 115.272932, -8.541711 ], [ 115.272802, -8.541664 ], [ 115.272673, -8.541636 ], [ 115.272545, -8.541619 ], [ 115.272457, -8.541612 ], [ 115.272386, -8.541609 ], [ 115.27238, -8.541609 ] ] } },
{ "type": "Feature", "properties": { "Nm_Ruas": "Jl. Batu Kencana", "Status": "Jalan Kota", "Propinsi": "Jawa Barat", "Kab_Kot": "Kota Bandung", "risk_prediction": 1, "Satwil": "Polrestabes Bandung" }, "geometry": { "type": "LineString", "coordinates": [ [ 107.635731, -6.946294 ], [ 107.635738, -6.946309 ], [ 107.635952, -6.946815 ], [ 107.636117, -6.947073 ], [ 107.636137, -6.947101 ], [ 107.636143, -6.94711 ] ] } },
{ "type": "Feature", "properties": { "Nm_Ruas": "Jl. Batu Sari", "Status": "Jalan Kota", "Propinsi": "Bali", "Kab_Kot": "Kota Denpasar", "risk_prediction": 1, "Satwil": "Polda Bali" }, "geometry": { "type": "LineString", "coordinates": [ [ 115.222881, -8.672558 ], [ 115.222876, -8.672636 ], [ 115.222839, -8.673205 ], [ 115.222822, -8.673466 ] ] } },
{ "type": "Feature", "properties": { "Nm_Ruas": "Jl. Batubulan Batuaji", "Status": "Jalan Kabupaten", "Propinsi": "Bali", "Kab_Kot": "Gianyar", "risk_prediction": 1, "Satwil": "Polda Bali" }, "geometry": { "type": "LineString", "coordinates": [ [ 115.254916, -8.619478 ], [ 115.254951, -8.619464 ], [ 115.255034, -8.61943 ], [ 115.255129, -8.619396 ], [ 115.255226, -8.619362 ], [ 115.255317, -8.619318 ], [ 115.255425, -8.619272 ], [ 115.255535, -8.619237 ], [ 115.255659, -8.619207 ], [ 115.255764, -8.619192 ], [ 115.255775, -8.619191 ] ] } },
{ "type": "Feature", "properties": { "Nm_Ruas": "Jl. Batubulan Smki Celuk", "Status": "Jalan Kabupaten", "Propinsi": "Bali", "Kab_Kot": "Gianyar", "risk_prediction": 1, "Satwil": "Polda Bali" }, "geometry": { "type": "LineString", "coordinates": [ [ 115.258917, -8.604141 ], [ 115.258917, -8.604134 ], [ 115.258905, -8.603982 ], [ 115.258893, -8.603824 ], [ 115.258881, -8.603706 ], [ 115.258863, -8.603573 ], [ 115.258844, -8.603472 ], [ 115.258831, -8.603393 ], [ 115.258807, -8.603323 ], [ 115.258781, -8.603248 ] ] } },
{ "type": "Feature", "properties": { "Nm_Ruas": "Jl. Batubulan Terminal Tegehe", "Status": "Jalan Kabupaten", "Propinsi": "Bali", "Kab_Kot": "Gianyar", "risk_prediction": 1, "Satwil": "Polda Bali" }, "geometry": { "type": "LineString", "coordinates": [ [ 115.258566, -8.628641 ], [ 115.258609, -8.628632 ], [ 115.258799, -8.628593 ], [ 115.258954, -8.62856 ], [ 115.259091, -8.628542 ], [ 115.259218, -8.628524 ], [ 115.259364, -8.628503 ], [ 115.259461, -8.628489 ] ] } },
{ "type": "Feature", "properties": { "Nm_Ruas": "Jl. Baturiti - Sp. Batunya", "Status": "Jalan Kabupaten", "Propinsi": "Bali", "Kab_Kot": "Tabanan", "risk_prediction": 1, "Satwil": "Polda Bali" }, "geometry": { "type": "LineString", "coordinates": [ [ 115.186489, -8.324302 ], [ 115.186409, -8.324345 ], [ 115.186121, -8.324474 ], [ 115.185858, -8.324592 ], [ 115.185737, -8.324648 ], [ 115.185674, -8.324676 ], [ 115.185665, -8.324681 ] ] } },
{ "type": "Feature", "properties": { "Nm_Ruas": "Jl. Bedahulu", "Status": "Jalan Kota", "Propinsi": "Bali", "Kab_Kot": "Kota Denpasar", "risk_prediction": 1, "Satwil": "Polda Bali" }, "geometry": { "type": "LineString", "coordinates": [ [ 115.215851, -8.636181 ], [ 115.215975, -8.635992 ], [ 115.216056, -8.635865 ], [ 115.21615, -8.635727 ], [ 115.21624, -8.635581 ], [ 115.216329, -8.635449 ], [ 115.216349, -8.63542 ] ] } },
{ "type": "Feature", "properties": { "Nm_Ruas": "Jl. Bengawan", "Status": "Jalan Kota", "Propinsi": "Jawa Barat", "Kab_Kot": "Kota Bandung", "risk_prediction": 1, "Satwil": "Polrestabes Bandung" }, "geometry": { "type": "LineString", "coordinates": [ [ 107.626645, -6.906577 ], [ 107.626653, -6.906984 ], [ 107.626667, -6.907165 ], [ 107.626703, -6.907479 ], [ 107.626703, -6.90748 ], [ 107.626799, -6.907906 ], [ 107.626851, -6.908077 ], [ 107.626948, -6.908273 ], [ 107.626976, -6.90834 ], [ 107.627025, -6.908459 ], [ 107.627087, -6.908598 ], [ 107.627209, -6.90878 ], [ 107.627312, -6.908915 ], [ 107.627452, -6.909096 ], [ 107.627457, -6.909101 ], [ 107.627634, -6.909261 ], [ 107.627683, -6.909308 ], [ 107.627731, -6.909337 ], [ 107.627786, -6.909352 ], [ 107.627822, -6.909418 ], [ 107.627879, -6.909505 ], [ 107.628084, -6.909733 ], [ 107.628094, -6.909744 ], [ 107.628189, -6.909838 ], [ 107.628235, -6.909878 ], [ 107.62838, -6.910004 ], [ 107.628398, -6.910018 ], [ 107.62846, -6.910067 ], [ 107.628624, -6.910199 ], [ 107.628728, -6.910266 ], [ 107.628849, -6.910343 ], [ 107.628867, -6.910355 ], [ 107.628904, -6.910374 ], [ 107.628942, -6.910395 ], [ 107.629087, -6.910472 ], [ 107.629262, -6.910552 ], [ 107.629316, -6.910577 ], [ 107.630137, -6.910957 ], [ 107.630139, -6.910957 ], [ 107.63082, -6.911183 ], [ 107.630863, -6.911199 ], [ 107.630993, -6.911248 ], [ 107.631098, -6.911288 ], [ 107.631258, -6.911359 ], [ 107.631426, -6.911439 ], [ 107.631576, -6.911524 ], [ 107.631726, -6.911628 ], [ 107.631866, -6.911729 ], [ 107.631986, -6.91183 ], [ 107.632189, -6.91203 ], [ 107.632346, -6.912212 ], [ 107.632484, -6.912396 ], [ 107.632784, -6.912825 ], [ 107.632968, -6.913156 ], [ 107.632973, -6.913164 ], [ 107.633189, -6.91354 ], [ 107.633323, -6.913868 ], [ 107.633341, -6.913984 ], [ 107.633341, -6.913989 ] ] } },
{ "type": "Feature", "properties": { "Nm_Ruas": "Jl. Berembeng - Bebali", "Status": "Jalan Kabupaten", "Propinsi": "Bali", "Kab_Kot": "Tabanan", "risk_prediction": 1, "Satwil": "Polda Bali" }, "geometry": { "type": "LineString", "coordinates": [ [ 115.031496, -8.504056 ], [ 115.031469, -8.504113 ], [ 115.03137, -8.504316 ], [ 115.031271, -8.504523 ], [ 115.031184, -8.504704 ], [ 115.031119, -8.504838 ], [ 115.031105, -8.504871 ] ] } },
{ "type": "Feature", "properties": { "Nm_Ruas": "Jl. Bet Ngandang I", "Status": "Jalan Kota", "Propinsi": "Bali", "Kab_Kot": "Kota Denpasar", "risk_prediction": 1, "Satwil": "Polda Bali" }, "geometry": { "type": "LineString", "coordinates": [ [ 115.258516, -8.700261 ], [ 115.258522, -8.700283 ], [ 115.258573, -8.700442 ], [ 115.258707, -8.700522 ], [ 115.25874, -8.700542 ] ] } },
{ "type": "Feature", "properties": { "Nm_Ruas": "Jl. Bet Ngandang II", "Status": "Jalan Kota", "Propinsi": "Bali", "Kab_Kot": "Kota Denpasar", "risk_prediction": 1, "Satwil": "Polda Bali" }, "geometry": { "type": "LineString", "coordinates": [ [ 115.25876, -8.701539 ], [ 115.258806, -8.701584 ], [ 115.258931, -8.702206 ], [ 115.258937, -8.702379 ], [ 115.258939, -8.702416 ] ] } },
{ "type": "Feature", "properties": { "Nm_Ruas": "Jl. Blahbatu - Semebaung", "Status": "Jalan Nasional", "Propinsi": "Bali", "Kab_Kot": "Gianyar", "risk_prediction": 1, "Satwil": "Polda Bali" }, "geometry": { "type": "LineString", "coordinates": [ [ 115.303138, -8.544344 ], [ 115.303132, -8.544224 ], [ 115.303016, -8.543448 ], [ 115.303016, -8.543443 ], [ 115.302921, -8.542798 ], [ 115.30292, -8.54279 ], [ 115.302889, -8.542543 ], [ 115.302806, -8.541894 ], [ 115.302731, -8.541297 ], [ 115.302632, -8.540721 ], [ 115.302421, -8.53935 ], [ 115.302414, -8.539237 ], [ 115.302414, -8.539132 ], [ 115.302424, -8.538962 ], [ 115.302454, -8.538632 ], [ 115.302477, -8.538456 ], [ 115.302478, -8.538449 ], [ 115.302514, -8.538162 ], [ 115.302524, -8.538122 ], [ 115.302581, -8.53759 ], [ 115.302599, -8.537388 ], [ 115.302639, -8.536933 ], [ 115.30268, -8.536344 ], [ 115.302707, -8.535823 ], [ 115.302703, -8.535388 ], [ 115.302656, -8.53418 ], [ 115.30264, -8.53377 ], [ 115.30265, -8.53352 ], [ 115.30266, -8.53344 ], [ 115.30267, -8.5334 ], [ 115.302727, -8.533287 ] ] } },
{ "type": "Feature", "properties": { "Nm_Ruas": "Jl. Bojong", "Status": "Jalan Kota", "Propinsi": "Jawa Barat", "Kab_Kot": "Kota Bandung", "risk_prediction": 1, "Satwil": "Polrestabes Bandung" }, "geometry": { "type": "LineString", "coordinates": [ [ 107.565722, -6.926678 ], [ 107.565758, -6.926692 ], [ 107.56582, -6.926715 ], [ 107.565911, -6.926752 ], [ 107.566006, -6.926789 ], [ 107.566129, -6.926835 ], [ 107.566235, -6.926873 ], [ 107.566306, -6.9269 ], [ 107.566413, -6.926941 ] ] } },
{ "type": "Feature", "properties": { "Nm_Ruas": "Jl. Br. Bucu - Batas Kota Denpasar", "Status": "Jalan Kabupaten", "Propinsi": "Bali", "Kab_Kot": "Badung", "risk_prediction": 1, "Satwil": "Polda Bali" }, "geometry": { "type": "LineString", "coordinates": [ [ 115.205142, -8.588073 ], [ 115.205112, -8.587735 ], [ 115.205096, -8.587496 ], [ 115.205086, -8.587245 ], [ 115.20508, -8.587171 ] ] } },
{ "type": "Feature", "properties": { "Nm_Ruas": "Jl. Br. Cabe - Br. Telanga", "Status": "Jalan Kabupaten", "Propinsi": "Bali", "Kab_Kot": "Badung", "risk_prediction": 1, "Satwil": "Polda Bali" }, "geometry": { "type": "LineString", "coordinates": [ [ 115.214624, -8.594491 ], [ 115.214881, -8.594524 ], [ 115.215096, -8.594548 ] ] } },
{ "type": "Feature", "properties": { "Nm_Ruas": "Jl. Br. Cepaka - Br. Titih", "Status": "Jalan Kabupaten", "Propinsi": "Bali", "Kab_Kot": "Badung", "risk_prediction": 1, "Satwil": "Polda Bali" }, "geometry": { "type": "LineString", "coordinates": [ [ 115.181457, -8.571342 ], [ 115.181201, -8.571248 ], [ 115.180685, -8.571032 ], [ 115.180615, -8.571003 ] ] } },
{ "type": "Feature", "properties": { "Nm_Ruas": "Jl. Br. Darmasaba - Br. Dajan Bingin", "Status": "Jalan Kabupaten", "Propinsi": "Bali", "Kab_Kot": "Badung", "risk_prediction": 1, "Satwil": "Polda Bali" }, "geometry": { "type": "LineString", "coordinates": [ [ 115.204173, -8.587144 ], [ 115.204467, -8.587163 ], [ 115.204718, -8.58717 ], [ 115.20508, -8.587171 ], [ 115.205082, -8.587171 ], [ 115.205113, -8.587171 ], [ 115.205331, -8.587166 ], [ 115.205459, -8.587162 ], [ 115.205987, -8.587127 ], [ 115.206098, -8.587119 ], [ 115.207099, -8.58705 ], [ 115.207307, -8.587036 ], [ 115.208004, -8.586985 ], [ 115.208006, -8.586985 ], [ 115.208031, -8.586983 ], [ 115.208837, -8.586932 ], [ 115.208911, -8.586925 ], [ 115.209, -8.586916 ], [ 115.209015, -8.586915 ], [ 115.209839, -8.586834 ], [ 115.210464, -8.586784 ], [ 115.211196, -8.586736 ], [ 115.211691, -8.586701 ], [ 115.211877, -8.586689 ], [ 115.212118, -8.586676 ], [ 115.212406, -8.586657 ], [ 115.212759, -8.586638 ], [ 115.213074, -8.586619 ], [ 115.213444, -8.586595 ], [ 115.213508, -8.586591 ], [ 115.21368, -8.586581 ], [ 115.213705, -8.58658 ], [ 115.214492, -8.586537 ], [ 115.214817, -8.586524 ], [ 115.215037, -8.586515 ], [ 115.215358, -8.586503 ], [ 115.215536, -8.5865 ], [ 115.215676, -8.586497 ], [ 115.215725, -8.586495 ] ] } },
{ "type": "Feature", "properties": { "Nm_Ruas": "Jl. Br. Muncan - Br. Tampak Sari", "Status": "Jalan Kabupaten", "Propinsi": "Bali", "Kab_Kot": "Badung", "risk_prediction": 1, "Satwil": "Polda Bali" }, "geometry": { "type": "LineString", "coordinates": [ [ 115.177801, -8.577296 ], [ 115.177869, -8.577154 ], [ 115.177988, -8.576877 ], [ 115.178111, -8.576619 ], [ 115.178171, -8.57647 ] ] } },
{ "type": "Feature", "properties": { "Nm_Ruas": "Jl. Br. Pengembungan - Pererenan", "Status": "Jalan Kabupaten", "Propinsi": "Bali", "Kab_Kot": "Badung", "risk_prediction": 1, "Satwil": "Polda Bali" }, "geometry": { "type": "LineString", "coordinates": [ [ 115.128455, -8.643921 ], [ 115.128401, -8.643888 ], [ 115.128157, -8.64375 ], [ 115.128047, -8.643691 ], [ 115.127927, -8.643611 ], [ 115.127875, -8.643575 ], [ 115.127704, -8.643416 ] ] } },
{ "type": "Feature", "properties": { "Nm_Ruas": "Jl. Br. Taman Tanda - Mengwitani", "Status": "Jalan Nasional", "Propinsi": "Bali", "Kab_Kot": "Badung, Tabanan", "risk_prediction": 1, "Satwil": "Polda Bali" }, "geometry": { "type": "LineString", "coordinates": [ [ 115.183886, -8.319622 ], [ 115.18389, -8.319554 ], [ 115.183896, -8.319401 ], [ 115.183885, -8.319201 ], [ 115.183866, -8.319062 ], [ 115.183833, -8.318916 ], [ 115.183786, -8.318763 ], [ 115.183726, -8.318612 ], [ 115.183664, -8.318498 ], [ 115.183362, -8.317911 ], [ 115.1833, -8.317755 ], [ 115.18324, -8.317523 ], [ 115.183186, -8.317219 ], [ 115.183168, -8.316931 ], [ 115.183174, -8.316579 ], [ 115.183162, -8.316121 ], [ 115.183136, -8.315912 ], [ 115.183111, -8.315738 ], [ 115.183078, -8.315599 ], [ 115.183011, -8.315331 ], [ 115.182983, -8.315234 ], [ 115.182888, -8.314904 ], [ 115.182692, -8.314384 ], [ 115.182554, -8.31412 ], [ 115.182417, -8.313887 ], [ 115.182333, -8.313773 ], [ 115.182157, -8.313529 ], [ 115.182076, -8.313401 ], [ 115.182029, -8.313316 ], [ 115.181999, -8.313237 ], [ 115.181734, -8.312579 ], [ 115.181617, -8.312323 ], [ 115.181505, -8.312091 ], [ 115.181376, -8.311869 ], [ 115.181336, -8.311803 ] ] } },
{ "type": "Feature", "properties": { "Nm_Ruas": "Jl. Br. Taman Tanda - Mengwitani", "Status": "Jalan Nasional", "Propinsi": "Bali", "Kab_Kot": "Badung, Tabanan", "risk_prediction": 1, "Satwil": "Polda Bali" }, "geometry": { "type": "LineString", "coordinates": [ [ 115.187305, -8.335266 ], [ 115.187278, -8.334954 ], [ 115.18727, -8.33489 ], [ 115.187269, -8.334886 ], [ 115.187263, -8.334846 ], [ 115.187112, -8.334175 ], [ 115.187073, -8.333976 ], [ 115.187055, -8.333826 ], [ 115.186922, -8.332267 ], [ 115.186919, -8.332238 ], [ 115.18691, -8.332158 ], [ 115.186814, -8.331533 ], [ 115.186718, -8.331064 ], [ 115.186656, -8.330773 ], [ 115.186568, -8.330363 ], [ 115.186252, -8.328901 ], [ 115.18621, -8.328753 ], [ 115.186164, -8.328515 ], [ 115.186, -8.32743 ], [ 115.185923, -8.326876 ], [ 115.185812, -8.326075 ], [ 115.185798, -8.325981 ], [ 115.185797, -8.325976 ], [ 115.185791, -8.325937 ], [ 115.185704, -8.325071 ], [ 115.185668, -8.324709 ], [ 115.185665, -8.324681 ], [ 115.185653, -8.324577 ], [ 115.185618, -8.324424 ], [ 115.185576, -8.324294 ], [ 115.185539, -8.324181 ] ] } },
{ "type": "Feature", "properties": { "Nm_Ruas": "Jl. Br. Taman Tanda - Mengwitani", "Status": "Jalan Nasional", "Propinsi": "Bali", "Kab_Kot": "Badung, Tabanan", "risk_prediction": 1, "Satwil": "Polda Bali" }, "geometry": { "type": "LineString", "coordinates": [ [ 115.192734, -8.443682 ], [ 115.19279, -8.44365 ], [ 115.19303, -8.44357 ], [ 115.193165, -8.443558 ], [ 115.193281, -8.443534 ], [ 115.193359, -8.443496 ], [ 115.193439, -8.443436 ], [ 115.193493, -8.443373 ], [ 115.193578, -8.443248 ], [ 115.193852, -8.442745 ], [ 115.193994, -8.44246 ], [ 115.194213, -8.442035 ], [ 115.194252, -8.441964 ], [ 115.194282, -8.441907 ], [ 115.19445, -8.44159 ], [ 115.194622, -8.441244 ], [ 115.194664, -8.44116 ], [ 115.194693, -8.441101 ], [ 115.19497, -8.440566 ], [ 115.195096, -8.440291 ], [ 115.195195, -8.440084 ], [ 115.195778, -8.438861 ], [ 115.195898, -8.43863 ], [ 115.196315, -8.437799 ], [ 115.196811, -8.436809 ], [ 115.197139, -8.436156 ], [ 115.197211, -8.43601 ], [ 115.197585, -8.435242 ], [ 115.197678, -8.434992 ], [ 115.19784, -8.434499 ], [ 115.19818, -8.433479 ], [ 115.198367, -8.432745 ], [ 115.198549, -8.431961 ], [ 115.198597, -8.431697 ], [ 115.198653, -8.431394 ], [ 115.198703, -8.43115 ], [ 115.198718, -8.431078 ], [ 115.1988, -8.430713 ], [ 115.198845, -8.430514 ], [ 115.198922, -8.430226 ], [ 115.198997, -8.430025 ], [ 115.199067, -8.429849 ], [ 115.199068, -8.429845 ], [ 115.199081, -8.429813 ], [ 115.199131, -8.429685 ], [ 115.199474, -8.429041 ], [ 115.199582, -8.428836 ], [ 115.199933, -8.428097 ], [ 115.19997, -8.42802 ], [ 115.200051, -8.42782 ], [ 115.20008, -8.42775 ], [ 115.2003, -8.427167 ], [ 115.200378, -8.426881 ], [ 115.20048, -8.42641 ], [ 115.20051, -8.42628 ], [ 115.200568, -8.425826 ], [ 115.200625, -8.425187 ], [ 115.200634, -8.425111 ], [ 115.20064, -8.42505 ], [ 115.200662, -8.424704 ] ] } },
{ "type": "Feature", "properties": { "Nm_Ruas": "Jl. Br. Tegeh - Baturiti", "Status": "Jalan Kabupaten", "Propinsi": "Bali", "Kab_Kot": "Tabanan", "risk_prediction": 1, "Satwil": "Polda Bali" }, "geometry": { "type": "LineString", "coordinates": [ [ 115.185663, -8.326025 ], [ 115.185694, -8.326008 ], [ 115.185751, -8.325987 ], [ 115.185798, -8.325981 ] ] } },
{ "type": "Feature", "properties": { "Nm_Ruas": "Jl. Br. Telanga - Br.tengah", "Status": "Jalan Kabupaten", "Propinsi": "Bali", "Kab_Kot": "Badung", "risk_prediction": 1, "Satwil": "Polda Bali" }, "geometry": { "type": "LineString", "coordinates": [ [ 115.207989, -8.587888 ], [ 115.207996, -8.58733 ], [ 115.208004, -8.586985 ] ] } },
{ "type": "Feature", "properties": { "Nm_Ruas": "Jl. Br.anyar - Br.semer", "Status": "Jalan Kabupaten", "Propinsi": "Bali", "Kab_Kot": "Badung", "risk_prediction": 1, "Satwil": "Polda Bali" }, "geometry": { "type": "LineString", "coordinates": [ [ 115.161774, -8.646615 ], [ 115.161788, -8.646525 ], [ 115.161846, -8.646219 ], [ 115.161905, -8.645937 ], [ 115.161919, -8.645852 ], [ 115.161945, -8.645728 ] ] } },
{ "type": "Feature", "properties": { "Nm_Ruas": "Jl. Br.anyar - Br.semer", "Status": "Jalan Kabupaten", "Propinsi": "Bali", "Kab_Kot": "Badung", "risk_prediction": 1, "Satwil": "Polda Bali" }, "geometry": { "type": "LineString", "coordinates": [ [ 115.167336, -8.662285 ], [ 115.166959, -8.662278 ], [ 115.166799, -8.662268 ], [ 115.166738, -8.662261 ], [ 115.166431, -8.662215 ], [ 115.166417, -8.662213 ], [ 115.166281, -8.662186 ], [ 115.166144, -8.662163 ], [ 115.165915, -8.66213 ], [ 115.165787, -8.662119 ], [ 115.165684, -8.662113 ], [ 115.165613, -8.662115 ], [ 115.165519, -8.662126 ], [ 115.165345, -8.662194 ], [ 115.165335, -8.662195 ], [ 115.165254, -8.662208 ], [ 115.165097, -8.662212 ], [ 115.164783, -8.662213 ], [ 115.164575, -8.66221 ], [ 115.164506, -8.662206 ], [ 115.164449, -8.662181 ], [ 115.164438, -8.662168 ], [ 115.164428, -8.662154 ], [ 115.164385, -8.661996 ], [ 115.16425, -8.661504 ], [ 115.164197, -8.661293 ], [ 115.164194, -8.661281 ], [ 115.164189, -8.661258 ], [ 115.164158, -8.6612 ], [ 115.16409, -8.661068 ], [ 115.164034, -8.660964 ], [ 115.163925, -8.660769 ], [ 115.163864, -8.660664 ], [ 115.163788, -8.660532 ], [ 115.16374, -8.660454 ], [ 115.163705, -8.660394 ], [ 115.163615, -8.660263 ], [ 115.163447, -8.659994 ], [ 115.163375, -8.659865 ], [ 115.163302, -8.659734 ], [ 115.163146, -8.659491 ], [ 115.162966, -8.659194 ], [ 115.162911, -8.659092 ], [ 115.162887, -8.65903 ], [ 115.162859, -8.658943 ], [ 115.162814, -8.658779 ], [ 115.162796, -8.658704 ], [ 115.162789, -8.658654 ], [ 115.16277, -8.658537 ], [ 115.162773, -8.658298 ], [ 115.162777, -8.65815 ], [ 115.162794, -8.657801 ], [ 115.162797, -8.657759 ], [ 115.162797, -8.657748 ], [ 115.162799, -8.657583 ], [ 115.162792, -8.657435 ], [ 115.162764, -8.657227 ], [ 115.162746, -8.657126 ], [ 115.162743, -8.657109 ], [ 115.162711, -8.656955 ], [ 115.162674, -8.65677 ], [ 115.162659, -8.656708 ], [ 115.162607, -8.656511 ], [ 115.162567, -8.656343 ], [ 115.162525, -8.656156 ] ] } },
{ "type": "Feature", "properties": { "Nm_Ruas": "Jl. Br.anyar - Kantor Camat Kuta Utara", "Status": "Jalan Kabupaten", "Propinsi": "Bali", "Kab_Kot": "Badung", "risk_prediction": 1, "Satwil": "Polda Bali" }, "geometry": { "type": "LineString", "coordinates": [ [ 115.162285, -8.64489 ], [ 115.162223, -8.645041 ], [ 115.162061, -8.645397 ], [ 115.162022, -8.645489 ], [ 115.161945, -8.645728 ] ] } },
{ "type": "Feature", "properties": { "Nm_Ruas": "Jl. Br.basangkasa - Sp4 Legian", "Status": "Jalan Kabupaten", "Propinsi": "Bali", "Kab_Kot": "Badung", "risk_prediction": 1, "Satwil": "Polda Bali" }, "geometry": { "type": "LineString", "coordinates": [ [ 115.17193, -8.7084 ], [ 115.171911, -8.708338 ], [ 115.171684, -8.707536 ], [ 115.171683, -8.707531 ], [ 115.171491, -8.706863 ], [ 115.171375, -8.706466 ], [ 115.171308, -8.706239 ], [ 115.171175, -8.705779 ], [ 115.171122, -8.705598 ], [ 115.171121, -8.705593 ], [ 115.171113, -8.705566 ], [ 115.171028, -8.705273 ], [ 115.170863, -8.704721 ] ] } },
{ "type": "Feature", "properties": { "Nm_Ruas": "Jl. Br.bucu - Br.anyar", "Status": "Jalan Kabupaten", "Propinsi": "Bali", "Kab_Kot": "Badung", "risk_prediction": 1, "Satwil": "Polda Bali" }, "geometry": { "type": "LineString", "coordinates": [ [ 115.160049, -8.646333 ], [ 115.160073, -8.646185 ], [ 115.160103, -8.645806 ], [ 115.160135, -8.64546 ], [ 115.160137, -8.645434 ] ] } },
{ "type": "Feature", "properties": { "Nm_Ruas": "Jl. Br.gedon - Tegal Jaya", "Status": "Jalan Kabupaten", "Propinsi": "Bali", "Kab_Kot": "Badung", "risk_prediction": 1, "Satwil": "Polda Bali" }, "geometry": { "type": "LineString", "coordinates": [ [ 115.170008, -8.644006 ], [ 115.169896, -8.643978 ], [ 115.169797, -8.64397 ], [ 115.169697, -8.643973 ], [ 115.169629, -8.643981 ], [ 115.169506, -8.643987 ], [ 115.169363, -8.64399 ], [ 115.169305, -8.643986 ], [ 115.169179, -8.643947 ], [ 115.169128, -8.643949 ], [ 115.169095, -8.643975 ], [ 115.169027, -8.644105 ], [ 115.168951, -8.644258 ], [ 115.168911, -8.644336 ], [ 115.168868, -8.644421 ], [ 115.168854, -8.644455 ], [ 115.168827, -8.644539 ], [ 115.168812, -8.644587 ], [ 115.168775, -8.644738 ], [ 115.168748, -8.644834 ], [ 115.168611, -8.645189 ] ] } },
{ "type": "Feature", "properties": { "Nm_Ruas": "Jl. Br.gedon - Tegal Jaya", "Status": "Jalan Kabupaten", "Propinsi": "Bali", "Kab_Kot": "Badung", "risk_prediction": 1, "Satwil": "Polda Bali" }, "geometry": { "type": "LineString", "coordinates": [ [ 115.175778, -8.634344 ], [ 115.175582, -8.634303 ], [ 115.175385, -8.634272 ], [ 115.175036, -8.634228 ], [ 115.17488, -8.634207 ] ] } },
{ "type": "Feature", "properties": { "Nm_Ruas": "Jl. Br.kangkang - Pantai", "Status": "Jalan Kabupaten", "Propinsi": "Bali", "Kab_Kot": "Badung", "risk_prediction": 1, "Satwil": "Polda Bali" }, "geometry": { "type": "LineString", "coordinates": [ [ 115.126899, -8.64556 ], [ 115.126904, -8.645554 ], [ 115.126962, -8.645492 ], [ 115.127082, -8.645373 ], [ 115.127147, -8.64531 ], [ 115.127165, -8.645294 ], [ 115.127177, -8.645282 ], [ 115.127254, -8.645204 ], [ 115.127558, -8.644936 ], [ 115.127558, -8.644935 ], [ 115.127813, -8.644696 ], [ 115.127815, -8.644694 ], [ 115.127887, -8.644626 ], [ 115.127925, -8.64459 ], [ 115.128072, -8.644425 ], [ 115.128094, -8.6444 ], [ 115.12817, -8.64431 ], [ 115.128319, -8.644115 ], [ 115.128329, -8.644103 ], [ 115.12838, -8.644035 ], [ 115.128411, -8.643994 ], [ 115.128455, -8.643921 ], [ 115.128456, -8.643919 ], [ 115.128462, -8.643908 ], [ 115.128502, -8.64384 ], [ 115.128599, -8.64368 ], [ 115.128691, -8.643506 ], [ 115.128755, -8.643377 ], [ 115.128832, -8.64323 ], [ 115.128882, -8.643124 ], [ 115.128951, -8.64298 ], [ 115.129048, -8.642807 ], [ 115.129142, -8.642644 ], [ 115.129289, -8.642382 ], [ 115.129384, -8.642228 ], [ 115.129483, -8.642059 ], [ 115.129573, -8.64191 ], [ 115.12969, -8.641739 ], [ 115.129777, -8.641616 ], [ 115.129908, -8.641435 ], [ 115.13007, -8.641219 ], [ 115.130191, -8.641063 ], [ 115.130251, -8.640988 ], [ 115.130296, -8.640932 ], [ 115.130422, -8.64077 ], [ 115.130505, -8.64066 ], [ 115.130549, -8.640592 ], [ 115.130594, -8.640518 ], [ 115.130658, -8.640402 ], [ 115.130731, -8.640222 ], [ 115.130731, -8.640221 ], [ 115.130805, -8.639997 ], [ 115.130824, -8.639928 ], [ 115.13084, -8.639849 ], [ 115.130873, -8.639626 ], [ 115.130891, -8.639546 ], [ 115.130911, -8.639457 ], [ 115.130923, -8.639417 ], [ 115.130945, -8.639343 ] ] } },
{ "type": "Feature", "properties": { "Nm_Ruas": "Jl. Br.kauh Pr.puseh - Siligita", "Status": "Jalan Kabupaten", "Propinsi": "Bali", "Kab_Kot": "Badung", "risk_prediction": 1, "Satwil": "Polda Bali" }, "geometry": { "type": "LineString", "coordinates": [ [ 115.208195, -8.803278 ], [ 115.208001, -8.803357 ], [ 115.207735, -8.803496 ], [ 115.207506, -8.803609 ], [ 115.207265, -8.803744 ], [ 115.207259, -8.803747 ], [ 115.206964, -8.803899 ], [ 115.206609, -8.804086 ], [ 115.206494, -8.804149 ], [ 115.206069, -8.804376 ], [ 115.205617, -8.804615 ], [ 115.205553, -8.804648 ], [ 115.205175, -8.804847 ], [ 115.204813, -8.805027 ], [ 115.204458, -8.805197 ], [ 115.204147, -8.805344 ], [ 115.204054, -8.805388 ], [ 115.203847, -8.805494 ], [ 115.203501, -8.805664 ], [ 115.203123, -8.805841 ], [ 115.202732, -8.806037 ], [ 115.202381, -8.806205 ], [ 115.202107, -8.806346 ], [ 115.201653, -8.806578 ], [ 115.201369, -8.806716 ], [ 115.200947, -8.806952 ], [ 115.200532, -8.807158 ], [ 115.200151, -8.807354 ], [ 115.200086, -8.807385 ], [ 115.199943, -8.807454 ], [ 115.199575, -8.807651 ], [ 115.199413, -8.807736 ], [ 115.19928, -8.807777 ], [ 115.199112, -8.807759 ], [ 115.198894, -8.807735 ], [ 115.198629, -8.807699 ], [ 115.198329, -8.807671 ], [ 115.198144, -8.807648 ], [ 115.197844, -8.807603 ], [ 115.197755, -8.807601 ], [ 115.197663, -8.807608 ], [ 115.197602, -8.807619 ], [ 115.197434, -8.807668 ], [ 115.197208, -8.807768 ], [ 115.19716, -8.807793 ], [ 115.196936, -8.807935 ], [ 115.196267, -8.808344 ], [ 115.195889, -8.808554 ] ] } },
{ "type": "Feature", "properties": { "Nm_Ruas": "Jl. Br.pering - Kuta Raya", "Status": "Jalan Kabupaten", "Propinsi": "Bali", "Kab_Kot": "Badung", "risk_prediction": 1, "Satwil": "Polda Bali" }, "geometry": { "type": "LineString", "coordinates": [ [ 115.17645, -8.722317 ], [ 115.176057, -8.722336 ], [ 115.175542, -8.722346 ], [ 115.175493, -8.722347 ] ] } },
{ "type": "Feature", "properties": { "Nm_Ruas": "Jl. Br.petingan - Batu Bidak", "Status": "Jalan Kabupaten", "Propinsi": "Bali", "Kab_Kot": "Badung", "risk_prediction": 1, "Satwil": "Polda Bali" }, "geometry": { "type": "LineString", "coordinates": [ [ 115.172878, -8.641584 ], [ 115.172842, -8.641569 ], [ 115.172767, -8.641558 ] ] } },
{ "type": "Feature", "properties": { "Nm_Ruas": "Jl. Br.seminyak - Bts Kab/kantor Dkp", "Status": "Jalan Kabupaten", "Propinsi": "Bali", "Kab_Kot": "Badung", "risk_prediction": 1, "Satwil": "Polda Bali" }, "geometry": { "type": "LineString", "coordinates": [ [ 115.172438, -8.689036 ], [ 115.172374, -8.68903 ], [ 115.172314, -8.689035 ], [ 115.172143, -8.6891 ], [ 115.172082, -8.689137 ], [ 115.172011, -8.689181 ], [ 115.171818, -8.68917 ], [ 115.171754, -8.689162 ], [ 115.171644, -8.689168 ], [ 115.171548, -8.689191 ], [ 115.171477, -8.689209 ], [ 115.17144, -8.689209 ], [ 115.171271, -8.689084 ], [ 115.171151, -8.688983 ], [ 115.171035, -8.688887 ], [ 115.170916, -8.688818 ], [ 115.170802, -8.688777 ], [ 115.170503, -8.688676 ], [ 115.170279, -8.688624 ], [ 115.170138, -8.688614 ], [ 115.17006, -8.688605 ], [ 115.169918, -8.688557 ], [ 115.169826, -8.688523 ], [ 115.169725, -8.688495 ], [ 115.169528, -8.688474 ], [ 115.169308, -8.688453 ], [ 115.169177, -8.68844 ], [ 115.168992, -8.68844 ], [ 115.168798, -8.688448 ], [ 115.168734, -8.688458 ], [ 115.1685, -8.68852 ], [ 115.168346, -8.688567 ] ] } },
{ "type": "Feature", "properties": { "Nm_Ruas": "Jl. Br.tegeh - Br.kung", "Status": "Jalan Kabupaten", "Propinsi": "Bali", "Kab_Kot": "Badung", "risk_prediction": 1, "Satwil": "Polda Bali" }, "geometry": { "type": "LineString", "coordinates": [ [ 115.172371, -8.611587 ], [ 115.172349, -8.611397 ], [ 115.172332, -8.611263 ], [ 115.172321, -8.611203 ], [ 115.172292, -8.611087 ], [ 115.172287, -8.611066 ], [ 115.172218, -8.610912 ], [ 115.172191, -8.610701 ] ] } },
{ "type": "Feature", "properties": { "Nm_Ruas": "Jl. Braga", "Status": "Jalan Kota", "Propinsi": "Jawa Barat", "Kab_Kot": "Kota Bandung", "risk_prediction": 1, "Satwil": "Polrestabes Bandung" }, "geometry": { "type": "LineString", "coordinates": [ [ 107.608959, -6.915948 ], [ 107.60896, -6.916032 ], [ 107.608966, -6.916108 ], [ 107.608964, -6.916155 ], [ 107.608961, -6.916178 ], [ 107.608954, -6.916209 ], [ 107.608928, -6.916247 ], [ 107.608879, -6.916279 ], [ 107.608918, -6.916271 ], [ 107.608957, -6.916276 ], [ 107.608975, -6.916289 ], [ 107.608998, -6.91631 ], [ 107.609025, -6.916358 ], [ 107.609119, -6.916698 ], [ 107.6092, -6.916995 ], [ 107.609265, -6.917229 ], [ 107.60932, -6.917427 ], [ 107.609407, -6.917747 ], [ 107.60943, -6.917837 ], [ 107.609454, -6.917927 ], [ 107.609504, -6.918105 ], [ 107.609632, -6.918576 ], [ 107.609714, -6.91885 ], [ 107.609935, -6.919584 ], [ 107.609975, -6.919716 ], [ 107.609975, -6.919718 ], [ 107.609992, -6.919814 ] ] } },
{ "type": "Feature", "properties": { "Nm_Ruas": "Jl. Brigjen Katamso", "Status": "Jalan Kota", "Propinsi": "Jawa Barat", "Kab_Kot": "Kota Bandung", "risk_prediction": 1, "Satwil": "Polrestabes Bandung" }, "geometry": { "type": "LineString", "coordinates": [ [ 107.629843, -6.906557 ], [ 107.629935, -6.906507 ], [ 107.630321, -6.906328 ], [ 107.630073, -6.906718 ] ] } },
{ "type": "Feature", "properties": { "Nm_Ruas": "Jl. Brigjend. Katamso", "Status": "Jalan Kota", "Propinsi": "Daerah Istimewa Yogyakarta", "Kab_Kot": "Kota Yogyakarta", "risk_prediction": 1, "Satwil": "Polda DI Yogyakarta" }, "geometry": { "type": "LineString", "coordinates": [ [ 110.36871, -7.814471 ], [ 110.368702, -7.814585 ], [ 110.368699, -7.814696 ], [ 110.368475, -7.814789 ] ] } },
{ "type": "Feature", "properties": { "Nm_Ruas": "Jl. Bts. Kota Denpasar - Sp. Petang", "Status": "Jalan Provinsi", "Propinsi": "Bali", "Kab_Kot": "Badung", "risk_prediction": 1, "Satwil": "Polda Bali" }, "geometry": { "type": "LineString", "coordinates": [ [ 115.215698, -8.587398 ], [ 115.215702, -8.587353 ], [ 115.215722, -8.586641 ], [ 115.215725, -8.586495 ], [ 115.215725, -8.586489 ], [ 115.215726, -8.586399 ], [ 115.215772, -8.586173 ], [ 115.215782, -8.58613 ], [ 115.215784, -8.586105 ], [ 115.215715, -8.585936 ], [ 115.215549, -8.585722 ], [ 115.215508, -8.58567 ], [ 115.215475, -8.585626 ], [ 115.21547, -8.58562 ], [ 115.215227, -8.585283 ], [ 115.21488, -8.584804 ], [ 115.214691, -8.584554 ], [ 115.214692, -8.58455 ], [ 115.214702, -8.584449 ], [ 115.214742, -8.584325 ], [ 115.214792, -8.584159 ], [ 115.214985, -8.583699 ] ] } },
{ "type": "Feature", "properties": { "Nm_Ruas": "Jl. Bts. Kota Denpasar - Sp. Petang", "Status": "Jalan Provinsi", "Propinsi": "Bali", "Kab_Kot": "Badung", "risk_prediction": 1, "Satwil": "Polda Bali" }, "geometry": { "type": "LineString", "coordinates": [ [ 115.21502, -8.595123 ], [ 115.215062, -8.594826 ], [ 115.215095, -8.594553 ], [ 115.215096, -8.594548 ], [ 115.215135, -8.594221 ] ] } },
{ "type": "Feature", "properties": { "Nm_Ruas": "Jl. Buah Batu", "Status": "Jalan Kota", "Propinsi": "Jawa Barat", "Kab_Kot": "Kota Bandung", "risk_prediction": 1, "Satwil": "Polrestabes Bandung" }, "geometry": { "type": "LineString", "coordinates": [ [ 107.622746, -6.936995 ], [ 107.622688, -6.936925 ], [ 107.622641, -6.936868 ], [ 107.622539, -6.936746 ], [ 107.622471, -6.936679 ], [ 107.622127, -6.936335 ] ] } },
{ "type": "Feature", "properties": { "Nm_Ruas": "Jl. Buah Batu", "Status": "Jalan Provinsi", "Propinsi": "Jawa Barat", "Kab_Kot": "Kota Bandung", "risk_prediction": 1, "Satwil": "Polrestabes Bandung" }, "geometry": { "type": "LineString", "coordinates": [ [ 107.623365, -6.937657 ], [ 107.623089, -6.937365 ], [ 107.623053, -6.937326 ], [ 107.62299, -6.937259 ], [ 107.622818, -6.937073 ], [ 107.622789, -6.937042 ], [ 107.622746, -6.936995 ], [ 107.622826, -6.937012 ], [ 107.622839, -6.937027 ], [ 107.623026, -6.937236 ], [ 107.623327, -6.937554 ] ] } },
{ "type": "Feature", "properties": { "Nm_Ruas": "Jl. Buah Batu", "Status": "Jalan Provinsi", "Propinsi": "Jawa Barat", "Kab_Kot": "Kota Bandung", "risk_prediction": 1, "Satwil": "Polrestabes Bandung" }, "geometry": { "type": "LineString", "coordinates": [ [ 107.625146, -6.939447 ], [ 107.625291, -6.9396 ], [ 107.62544, -6.939754 ], [ 107.625771, -6.940099 ], [ 107.625772, -6.940101 ], [ 107.625925, -6.94026 ], [ 107.626195, -6.940541 ], [ 107.6264, -6.940755 ], [ 107.626446, -6.940802 ], [ 107.626767, -6.941137 ], [ 107.626819, -6.941191 ], [ 107.626856, -6.94123 ], [ 107.626967, -6.941346 ], [ 107.62709, -6.941474 ], [ 107.627538, -6.94194 ], [ 107.627593, -6.941998 ], [ 107.627594, -6.941999 ], [ 107.627955, -6.942372 ], [ 107.628222, -6.942653 ], [ 107.628228, -6.94266 ], [ 107.62858, -6.943026 ], [ 107.630216, -6.94473 ], [ 107.630456, -6.944979 ], [ 107.630531, -6.945058 ], [ 107.631228, -6.945792 ], [ 107.631603, -6.946179 ] ] } },
{ "type": "Feature", "properties": { "Nm_Ruas": "Jl. Buah Batu", "Status": "Jalan Provinsi", "Propinsi": "Jawa Barat", "Kab_Kot": "Kota Bandung", "risk_prediction": 1, "Satwil": "Polrestabes Bandung" }, "geometry": { "type": "LineString", "coordinates": [ [ 107.626151, -6.94058 ], [ 107.625658, -6.940059 ], [ 107.625628, -6.940026 ], [ 107.625531, -6.939919 ] ] } },
{ "type": "Feature", "properties": { "Nm_Ruas": "Jl. Buah Batu", "Status": "Jalan Provinsi", "Propinsi": "Jawa Barat", "Kab_Kot": "Kota Bandung", "risk_prediction": 1, "Satwil": "Polrestabes Bandung" }, "geometry": { "type": "LineString", "coordinates": [ [ 107.631557, -6.946226 ], [ 107.631308, -6.945968 ], [ 107.631219, -6.945876 ], [ 107.631049, -6.945699 ], [ 107.630853, -6.945495 ], [ 107.630638, -6.945272 ], [ 107.629915, -6.944521 ], [ 107.629005, -6.943576 ], [ 107.628597, -6.943153 ], [ 107.628522, -6.943076 ], [ 107.628058, -6.942597 ], [ 107.627963, -6.942496 ], [ 107.627894, -6.942424 ], [ 107.627573, -6.942084 ], [ 107.627272, -6.941765 ] ] } },
{ "type": "Feature", "properties": { "Nm_Ruas": "Jl. Buah Batu", "Status": "Jalan Provinsi", "Propinsi": "Jawa Barat", "Kab_Kot": "Kota Bandung", "risk_prediction": 1, "Satwil": "Polrestabes Bandung" }, "geometry": { "type": "LineString", "coordinates": [ [ 107.633414, -6.948106 ], [ 107.633297, -6.947989 ], [ 107.633251, -6.947945 ], [ 107.633147, -6.947841 ], [ 107.633003, -6.947702 ], [ 107.632803, -6.947505 ], [ 107.632768, -6.94747 ] ] } },
{ "type": "Feature", "properties": { "Nm_Ruas": "Jl. Buah Batu", "Status": "Jalan Provinsi", "Propinsi": "Jawa Barat", "Kab_Kot": "Kota Bandung", "risk_prediction": 1, "Satwil": "Polrestabes Bandung" }, "geometry": { "type": "LineString", "coordinates": [ [ 107.63289, -6.947453 ], [ 107.633028, -6.947587 ], [ 107.633229, -6.947788 ], [ 107.633343, -6.947902 ], [ 107.633526, -6.948077 ] ] } },
{ "type": "Feature", "properties": { "Nm_Ruas": "Jl. Buana Kubu", "Status": "Jalan Kota", "Propinsi": "Bali", "Kab_Kot": "Kota Denpasar", "risk_prediction": 1, "Satwil": "Polda Bali" }, "geometry": { "type": "LineString", "coordinates": [ [ 115.190526, -8.668495 ], [ 115.190606, -8.668449 ], [ 115.190726, -8.66838 ], [ 115.190814, -8.668287 ], [ 115.19085, -8.668245 ], [ 115.190898, -8.668201 ], [ 115.190991, -8.66818 ], [ 115.191083, -8.668171 ], [ 115.191214, -8.668186 ], [ 115.191324, -8.668193 ] ] } },
{ "type": "Feature", "properties": { "Nm_Ruas": "Jl. Buana Mekar", "Status": "Jalan Kota", "Propinsi": "Jawa Barat", "Kab_Kot": "Kota Bandung", "risk_prediction": 1, "Satwil": "Polrestabes Bandung" }, "geometry": { "type": "LineString", "coordinates": [ [ 107.641619, -6.959157 ], [ 107.641678, -6.959164 ], [ 107.642007, -6.959224 ], [ 107.642188, -6.959252 ], [ 107.642287, -6.959269 ], [ 107.642511, -6.959301 ], [ 107.642588, -6.959311 ], [ 107.642988, -6.959357 ], [ 107.64321, -6.959361 ], [ 107.643215, -6.959362 ], [ 107.643313, -6.959364 ], [ 107.643383, -6.959365 ], [ 107.643445, -6.95937 ], [ 107.643547, -6.959384 ], [ 107.643813, -6.95944 ], [ 107.644035, -6.959489 ], [ 107.644102, -6.959502 ], [ 107.644104, -6.959502 ] ] } },
{ "type": "Feature", "properties": { "Nm_Ruas": "Jl. Buana Raya", "Status": "Jalan Kota", "Propinsi": "Bali", "Kab_Kot": "Kota Denpasar", "risk_prediction": 1, "Satwil": "Polda Bali" }, "geometry": { "type": "LineString", "coordinates": [ [ 115.190526, -8.668495 ], [ 115.19017, -8.668593 ], [ 115.189927, -8.668643 ], [ 115.189809, -8.668679 ], [ 115.189647, -8.668723 ] ] } },
{ "type": "Feature", "properties": { "Nm_Ruas": "Jl. Budhi", "Status": "Jalan Kota", "Propinsi": "Jawa Barat", "Kab_Kot": "Kota Bandung", "risk_prediction": 1, "Satwil": "Polrestabes Bandung" }, "geometry": { "type": "LineString", "coordinates": [ [ 107.558071, -6.892243 ], [ 107.558072, -6.892244 ], [ 107.558125, -6.89221 ], [ 107.558149, -6.892194 ], [ 107.55818, -6.892172 ], [ 107.558203, -6.892155 ], [ 107.558215, -6.892142 ], [ 107.558243, -6.892102 ], [ 107.55831, -6.892011 ], [ 107.558325, -6.891978 ] ] } },
{ "type": "Feature", "properties": { "Nm_Ruas": "Jl. Buduk - Tiyigtutul", "Status": "Jalan Kabupaten", "Propinsi": "Bali", "Kab_Kot": "Badung", "risk_prediction": 1, "Satwil": "Polda Bali" }, "geometry": { "type": "LineString", "coordinates": [ [ 115.139766, -8.634703 ], [ 115.139816, -8.63457 ], [ 115.139867, -8.634374 ], [ 115.139944, -8.634082 ], [ 115.139979, -8.633925 ], [ 115.139989, -8.633872 ], [ 115.139998, -8.633829 ] ] } },
{ "type": "Feature", "properties": { "Nm_Ruas": "Jl. Bulaksumur - Samirono", "Status": "Jalan Kabupaten", "Propinsi": "Daerah Istimewa Yogyakarta", "Kab_Kot": "Sleman", "risk_prediction": 1, "Satwil": "Polda DI Yogyakarta" }, "geometry": { "type": "LineString", "coordinates": [ [ 110.380031, -7.776511 ], [ 110.380026, -7.776776 ], [ 110.380001, -7.777018 ], [ 110.37996, -7.777412 ] ] } },
{ "type": "Feature", "properties": { "Nm_Ruas": "Jl. Burangrang", "Status": "Jalan Kota", "Propinsi": "Jawa Barat", "Kab_Kot": "Kota Bandung", "risk_prediction": 1, "Satwil": "Polrestabes Bandung" }, "geometry": { "type": "LineString", "coordinates": [ [ 107.619853, -6.923256 ], [ 107.619796, -6.923112 ], [ 107.619729, -6.922985 ], [ 107.619637, -6.92277 ], [ 107.61962, -6.922728 ], [ 107.619593, -6.922623 ] ] } },
{ "type": "Feature", "properties": { "Nm_Ruas": "Jl. Burangrang", "Status": "Jalan Kota", "Propinsi": "Jawa Barat", "Kab_Kot": "Kota Bandung", "risk_prediction": 1, "Satwil": "Polrestabes Bandung" }, "geometry": { "type": "LineString", "coordinates": [ [ 107.620082, -6.922689 ], [ 107.620023, -6.922806 ], [ 107.619908, -6.922904 ], [ 107.619881, -6.922937 ], [ 107.619864, -6.922975 ], [ 107.619864, -6.923022 ], [ 107.619868, -6.923069 ], [ 107.619935, -6.923309 ], [ 107.619963, -6.923413 ], [ 107.619978, -6.9235 ] ] } },
{ "type": "Feature", "properties": { "Nm_Ruas": "Jl. By Pass Mcd - Pom Bensin Poltek", "Status": "Jalan Kabupaten", "Propinsi": "Bali", "Kab_Kot": "Badung", "risk_prediction": 1, "Satwil": "Polda Bali" }, "geometry": { "type": "LineString", "coordinates": [ [ 115.16083, -8.79805 ], [ 115.16085, -8.798056 ], [ 115.161299, -8.798176 ], [ 115.161703, -8.798301 ] ] } },
{ "type": "Feature", "properties": { "Nm_Ruas": "Jl. By Pass Mcd - Pom Bensin Poltek", "Status": "Jalan Kabupaten", "Propinsi": "Bali", "Kab_Kot": "Badung", "risk_prediction": 1, "Satwil": "Polda Bali" }, "geometry": { "type": "LineString", "coordinates": [ [ 115.17103, -8.798271 ], [ 115.171053, -8.797885 ], [ 115.171057, -8.797728 ], [ 115.171062, -8.797567 ], [ 115.171085, -8.797442 ], [ 115.1711, -8.79737 ], [ 115.171103, -8.797368 ], [ 115.171145, -8.797338 ], [ 115.171194, -8.797316 ], [ 115.171254, -8.797318 ], [ 115.171332, -8.797348 ], [ 115.17152, -8.797418 ], [ 115.17168, -8.797479 ], [ 115.171896, -8.797564 ], [ 115.171948, -8.797587 ], [ 115.171978, -8.7976 ], [ 115.172287, -8.797734 ], [ 115.172417, -8.797777 ], [ 115.172506, -8.797776 ], [ 115.172569, -8.797756 ], [ 115.17265, -8.797688 ], [ 115.172793, -8.797535 ], [ 115.172912, -8.797434 ], [ 115.172997, -8.797409 ], [ 115.173038, -8.79741 ], [ 115.173709, -8.797522 ], [ 115.173968, -8.797552 ], [ 115.17406, -8.797565 ], [ 115.174423, -8.797598 ], [ 115.174541, -8.797586 ], [ 115.174665, -8.797552 ], [ 115.174985, -8.797385 ], [ 115.175074, -8.797311 ], [ 115.175106, -8.797278 ], [ 115.175128, -8.797223 ], [ 115.175203, -8.79696 ], [ 115.175268, -8.796662 ], [ 115.175302, -8.796534 ], [ 115.17541, -8.796172 ], [ 115.17543, -8.796107 ], [ 115.175666, -8.795477 ], [ 115.175741, -8.795292 ], [ 115.175814, -8.795118 ], [ 115.175894, -8.794928 ], [ 115.17595, -8.794806 ], [ 115.176047, -8.794615 ], [ 115.1764, -8.793972 ], [ 115.176631, -8.793602 ], [ 115.176746, -8.793377 ], [ 115.176856, -8.793116 ], [ 115.17701, -8.792673 ], [ 115.177099, -8.792498 ], [ 115.177194, -8.792372 ], [ 115.177333, -8.792173 ], [ 115.177361, -8.792087 ], [ 115.177421, -8.791904 ], [ 115.177476, -8.791603 ], [ 115.177508, -8.791198 ], [ 115.177519, -8.790834 ], [ 115.177404, -8.790325 ], [ 115.177351, -8.790139 ], [ 115.177285, -8.789945 ], [ 115.177214, -8.789737 ], [ 115.177103, -8.789365 ], [ 115.17709, -8.789181 ], [ 115.177086, -8.789064 ], [ 115.177086, -8.789063 ], [ 115.177113, -8.788672 ], [ 115.177187, -8.788174 ], [ 115.177188, -8.788165 ], [ 115.177286, -8.787677 ], [ 115.177467, -8.787254 ], [ 115.177686, -8.786883 ], [ 115.177753, -8.786779 ], [ 115.177956, -8.786447 ], [ 115.178118, -8.786119 ], [ 115.178302, -8.785682 ], [ 115.178429, -8.785362 ], [ 115.178475, -8.785176 ], [ 115.178487, -8.785076 ], [ 115.178472, -8.784952 ], [ 115.178467, -8.784927 ], [ 115.178388, -8.784573 ], [ 115.178369, -8.784432 ], [ 115.178371, -8.784303 ], [ 115.178412, -8.784087 ], [ 115.178444, -8.783927 ], [ 115.178484, -8.783727 ], [ 115.178578, -8.783167 ], [ 115.178644, -8.782745 ], [ 115.178679, -8.782519 ], [ 115.178688, -8.782399 ], [ 115.178713, -8.782071 ], [ 115.178733, -8.781647 ], [ 115.178741, -8.781497 ] ] } },
{ "type": "Feature", "properties": { "Nm_Ruas": "Jl. Candrawulan III", "Status": "Jalan Kota", "Propinsi": "Jawa Barat", "Kab_Kot": "Kota Bandung", "risk_prediction": 1, "Satwil": "Polrestabes Bandung" }, "geometry": { "type": "LineString", "coordinates": [ [ 107.634617, -6.944087 ], [ 107.634778, -6.94408 ], [ 107.634786, -6.944079 ], [ 107.634917, -6.944069 ] ] } },
{ "type": "Feature", "properties": { "Nm_Ruas": "Jl. Canggui - Batu Bolong", "Status": "Jalan Kabupaten", "Propinsi": "Bali", "Kab_Kot": "Badung", "risk_prediction": 1, "Satwil": "Polda Bali" }, "geometry": { "type": "LineString", "coordinates": [ [ 115.146553, -8.63747 ], [ 115.146669, -8.637334 ], [ 115.146963, -8.636959 ], [ 115.147102, -8.63675 ] ] } },
{ "type": "Feature", "properties": { "Nm_Ruas": "Jl. Caringin", "Status": "Jalan Kota", "Propinsi": "Jawa Barat", "Kab_Kot": "Kota Bandung", "risk_prediction": 1, "Satwil": "Polrestabes Bandung" }, "geometry": { "type": "LineString", "coordinates": [ [ 107.588779, -6.946929 ], [ 107.588756, -6.946922 ], [ 107.588488, -6.946838 ], [ 107.588217, -6.946764 ], [ 107.588047, -6.946724 ], [ 107.587934, -6.94671 ], [ 107.587902, -6.946707 ], [ 107.587815, -6.946699 ], [ 107.587644, -6.946678 ], [ 107.587354, -6.946648 ], [ 107.587223, -6.946633 ], [ 107.586909, -6.946576 ], [ 107.586693, -6.946531 ], [ 107.586418, -6.946448 ], [ 107.586368, -6.946435 ], [ 107.586118, -6.946368 ], [ 107.586059, -6.946352 ], [ 107.586016, -6.946341 ], [ 107.58576, -6.946272 ], [ 107.585721, -6.946262 ], [ 107.585566, -6.94622 ], [ 107.585461, -6.946192 ], [ 107.585321, -6.946154 ], [ 107.585238, -6.946131 ], [ 107.585115, -6.946098 ], [ 107.585082, -6.946091 ], [ 107.585004, -6.946068 ], [ 107.584631, -6.94596 ], [ 107.58446, -6.9459 ], [ 107.584408, -6.945883 ], [ 107.584196, -6.945809 ], [ 107.584144, -6.945791 ], [ 107.584142, -6.945791 ], [ 107.583916, -6.945712 ], [ 107.583673, -6.945628 ], [ 107.58329, -6.945491 ], [ 107.583283, -6.945488 ], [ 107.583127, -6.945433 ], [ 107.583098, -6.945422 ], [ 107.582868, -6.94534 ], [ 107.582603, -6.945245 ], [ 107.582363, -6.945159 ], [ 107.582301, -6.945137 ], [ 107.582226, -6.94511 ], [ 107.582108, -6.945068 ], [ 107.581894, -6.944992 ], [ 107.581723, -6.94493 ], [ 107.581492, -6.944848 ], [ 107.581258, -6.944764 ], [ 107.58123, -6.944754 ], [ 107.581029, -6.944682 ], [ 107.580628, -6.944539 ], [ 107.580452, -6.944476 ], [ 107.580117, -6.944356 ], [ 107.57981, -6.944246 ], [ 107.579709, -6.94421 ], [ 107.579205, -6.94403 ], [ 107.579025, -6.943966 ], [ 107.579021, -6.943964 ], [ 107.578483, -6.943772 ], [ 107.578292, -6.943703 ], [ 107.578164, -6.943659 ], [ 107.577924, -6.943555 ], [ 107.577726, -6.943481 ], [ 107.57764, -6.943443 ], [ 107.577203, -6.943279 ], [ 107.577044, -6.943223 ], [ 107.576873, -6.943173 ], [ 107.576743, -6.943144 ], [ 107.576687, -6.943148 ], [ 107.57666, -6.943162 ], [ 107.576638, -6.943178 ], [ 107.576616, -6.94321 ], [ 107.576598, -6.943265 ], [ 107.5765, -6.943774 ], [ 107.576441, -6.944073 ], [ 107.576418, -6.944214 ], [ 107.576371, -6.944387 ], [ 107.576347, -6.944452 ], [ 107.576329, -6.94448 ], [ 107.576311, -6.944501 ], [ 107.576249, -6.94453 ], [ 107.57619, -6.944526 ], [ 107.576083, -6.944499 ], [ 107.576009, -6.944475 ], [ 107.575919, -6.944438 ], [ 107.575783, -6.944395 ], [ 107.575725, -6.944378 ], [ 107.575709, -6.944373 ], [ 107.57568, -6.944365 ], [ 107.575573, -6.944333 ], [ 107.575277, -6.94426 ], [ 107.575183, -6.944232 ], [ 107.574969, -6.944171 ], [ 107.574794, -6.944121 ], [ 107.57453, -6.944055 ], [ 107.574437, -6.944029 ], [ 107.574235, -6.94396 ], [ 107.574184, -6.943941 ], [ 107.574077, -6.943895 ], [ 107.573759, -6.94374 ], [ 107.573583, -6.943652 ], [ 107.573179, -6.943432 ], [ 107.572978, -6.943321 ], [ 107.572741, -6.943186 ], [ 107.57258, -6.943084 ], [ 107.572337, -6.942919 ], [ 107.572131, -6.942775 ], [ 107.572067, -6.942735 ], [ 107.571958, -6.942653 ], [ 107.571794, -6.942508 ], [ 107.571707, -6.94241 ], [ 107.571647, -6.942342 ], [ 107.571478, -6.942133 ], [ 107.571411, -6.942031 ], [ 107.571284, -6.941843 ], [ 107.571163, -6.941638 ], [ 107.571122, -6.941568 ], [ 107.570916, -6.941218 ], [ 107.570857, -6.941134 ], [ 107.570815, -6.941087 ], [ 107.570674, -6.940968 ], [ 107.570449, -6.940822 ], [ 107.570235, -6.940683 ], [ 107.569979, -6.940521 ], [ 107.569915, -6.940482 ], [ 107.569862, -6.940454 ], [ 107.569813, -6.94043 ], [ 107.569531, -6.940319 ], [ 107.569409, -6.940268 ], [ 107.569193, -6.940178 ], [ 107.568568, -6.939933 ] ] } },
{ "type": "Feature", "properties": { "Nm_Ruas": "Jl. Cendana", "Status": "Jalan Kota", "Propinsi": "Jawa Barat", "Kab_Kot": "Kota Bandung", "risk_prediction": 1, "Satwil": "Polrestabes Bandung" }, "geometry": { "type": "LineString", "coordinates": [ [ 107.627363, -6.909669 ], [ 107.627533, -6.909509 ], [ 107.627642, -6.909407 ], [ 107.627664, -6.909391 ], [ 107.627713, -6.909367 ], [ 107.627786, -6.909352 ], [ 107.627769, -6.909429 ], [ 107.627751, -6.90948 ], [ 107.627719, -6.909531 ], [ 107.627472, -6.909774 ] ] } },
{ "type": "Feature", "properties": { "Nm_Ruas": "Jl. Ceningan Sari", "Status": "Jalan Kota", "Propinsi": "Bali", "Kab_Kot": "Kota Denpasar", "risk_prediction": 1, "Satwil": "Polda Bali" }, "geometry": { "type": "LineString", "coordinates": [ [ 115.219103, -8.697865 ], [ 115.21912, -8.697873 ], [ 115.21949, -8.698051 ], [ 115.219864, -8.698201 ], [ 115.219935, -8.698229 ] ] } },
{ "type": "Feature", "properties": { "Nm_Ruas": "Jl. Cibadak", "Status": "Jalan Kota", "Propinsi": "Jawa Barat", "Kab_Kot": "Kota Bandung", "risk_prediction": 1, "Satwil": "Polrestabes Bandung" }, "geometry": { "type": "LineString", "coordinates": [ [ 107.59278, -6.920368 ], [ 107.59281, -6.920198 ], [ 107.592923, -6.919535 ], [ 107.592931, -6.919477 ] ] } },
{ "type": "Feature", "properties": { "Nm_Ruas": "Jl. Cibadak", "Status": "Jalan Kota", "Propinsi": "Jawa Barat", "Kab_Kot": "Kota Bandung", "risk_prediction": 1, "Satwil": "Polrestabes Bandung" }, "geometry": { "type": "LineString", "coordinates": [ [ 107.604009, -6.922058 ], [ 107.603367, -6.921981 ], [ 107.603111, -6.921951 ] ] } },
{ "type": "Feature", "properties": { "Nm_Ruas": "Jl. Cibaduyut", "Status": "Jalan Kota", "Propinsi": "Jawa Barat", "Kab_Kot": "Kota Bandung", "risk_prediction": 1, "Satwil": "Polrestabes Bandung" }, "geometry": { "type": "LineString", "coordinates": [ [ 107.595164, -6.947771 ], [ 107.595142, -6.947826 ], [ 107.59513, -6.947851 ], [ 107.595121, -6.947869 ], [ 107.595095, -6.947904 ], [ 107.595062, -6.947951 ], [ 107.595028, -6.947986 ], [ 107.594977, -6.948015 ], [ 107.594857, -6.948086 ], [ 107.594751, -6.94814 ], [ 107.594679, -6.948187 ], [ 107.594617, -6.948233 ], [ 107.594564, -6.948275 ], [ 107.594527, -6.948302 ], [ 107.594488, -6.948341 ], [ 107.594485, -6.948343 ], [ 107.59445, -6.948384 ], [ 107.594408, -6.948436 ], [ 107.594367, -6.948498 ], [ 107.594332, -6.948565 ], [ 107.5943, -6.948646 ], [ 107.594262, -6.948752 ], [ 107.594113, -6.949158 ], [ 107.594111, -6.949164 ], [ 107.594007, -6.949458 ], [ 107.593996, -6.949496 ], [ 107.593989, -6.949518 ], [ 107.593903, -6.949807 ], [ 107.593771, -6.950365 ], [ 107.593751, -6.950446 ], [ 107.593748, -6.950461 ], [ 107.593706, -6.950652 ], [ 107.593672, -6.950831 ], [ 107.593641, -6.951 ], [ 107.593606, -6.951225 ], [ 107.593602, -6.95125 ], [ 107.593594, -6.95131 ], [ 107.593593, -6.951315 ], [ 107.593527, -6.951765 ], [ 107.593511, -6.951851 ], [ 107.593458, -6.952143 ], [ 107.593457, -6.952144 ], [ 107.593426, -6.952288 ], [ 107.593399, -6.952424 ], [ 107.593375, -6.952556 ], [ 107.593328, -6.952739 ], [ 107.593318, -6.952797 ], [ 107.593309, -6.952877 ], [ 107.593304, -6.952972 ], [ 107.593304, -6.953033 ], [ 107.593305, -6.953237 ], [ 107.593308, -6.953473 ], [ 107.593299, -6.953636 ], [ 107.593291, -6.953869 ], [ 107.593295, -6.953984 ], [ 107.5933, -6.954179 ], [ 107.593305, -6.954225 ], [ 107.593337, -6.95439 ], [ 107.593394, -6.954619 ], [ 107.593406, -6.954662 ], [ 107.593438, -6.954782 ], [ 107.593469, -6.954934 ], [ 107.593488, -6.955044 ], [ 107.593493, -6.955098 ], [ 107.593495, -6.955175 ], [ 107.593492, -6.955191 ], [ 107.593475, -6.95528 ], [ 107.593446, -6.955381 ], [ 107.593375, -6.955636 ], [ 107.593366, -6.955663 ], [ 107.593298, -6.955853 ], [ 107.593267, -6.955945 ], [ 107.593248, -6.956004 ], [ 107.593243, -6.956021 ], [ 107.593169, -6.956261 ], [ 107.593128, -6.956434 ], [ 107.593112, -6.956512 ], [ 107.593101, -6.95659 ], [ 107.593092, -6.956747 ], [ 107.593183, -6.957429 ], [ 107.593185, -6.957478 ], [ 107.593188, -6.957554 ], [ 107.593193, -6.957738 ], [ 107.5932, -6.957832 ], [ 107.593207, -6.957957 ], [ 107.593227, -6.958063 ], [ 107.593256, -6.958195 ], [ 107.593284, -6.958285 ], [ 107.593349, -6.958434 ], [ 107.593417, -6.958598 ], [ 107.593482, -6.958759 ], [ 107.593516, -6.958844 ], [ 107.593544, -6.958919 ], [ 107.593558, -6.958994 ], [ 107.593554, -6.959054 ], [ 107.593542, -6.959136 ], [ 107.593532, -6.959203 ], [ 107.593517, -6.959341 ], [ 107.593502, -6.959464 ], [ 107.593486, -6.959587 ], [ 107.593485, -6.959663 ], [ 107.593485, -6.959765 ], [ 107.593495, -6.959866 ], [ 107.593503, -6.959926 ], [ 107.593515, -6.95998 ], [ 107.593534, -6.960041 ], [ 107.593561, -6.960101 ], [ 107.593585, -6.960131 ], [ 107.593697, -6.960292 ], [ 107.593787, -6.960423 ], [ 107.593849, -6.960516 ], [ 107.593971, -6.960706 ], [ 107.593998, -6.960759 ], [ 107.594019, -6.960807 ], [ 107.594034, -6.960847 ], [ 107.59404, -6.960893 ], [ 107.59404, -6.960902 ] ] } },
{ "type": "Feature", "properties": { "Nm_Ruas": "Jl. Cibaduyut Lama", "Status": "Jalan Kota", "Propinsi": "Jawa Barat", "Kab_Kot": "Kota Bandung", "risk_prediction": 1, "Satwil": "Polrestabes Bandung" }, "geometry": { "type": "LineString", "coordinates": [ [ 107.588779, -6.946929 ], [ 107.589424, -6.947136 ], [ 107.589636, -6.947216 ] ] } },
{ "type": "Feature", "properties": { "Nm_Ruas": "Jl. Cibaduyut Lama", "Status": "Jalan Kota", "Propinsi": "Jawa Barat", "Kab_Kot": "Kota Bandung", "risk_prediction": 1, "Satwil": "Polrestabes Bandung" }, "geometry": { "type": "LineString", "coordinates": [ [ 107.593458, -6.948317 ], [ 107.5943, -6.948646 ] ] } },
{ "type": "Feature", "properties": { "Nm_Ruas": "Jl. Cibatu Raya", "Status": "Jalan Kota", "Propinsi": "Jawa Barat", "Kab_Kot": "Kota Bandung", "risk_prediction": 1, "Satwil": "Polrestabes Bandung" }, "geometry": { "type": "LineString", "coordinates": [ [ 107.665697, -6.914934 ], [ 107.665708, -6.914862 ] ] } },
{ "type": "Feature", "properties": { "Nm_Ruas": "Jl. Cibolerang", "Status": "Jalan Kota", "Propinsi": "Jawa Barat", "Kab_Kot": "Kota Bandung", "risk_prediction": 1, "Satwil": "Polrestabes Bandung" }, "geometry": { "type": "LineString", "coordinates": [ [ 107.565388, -6.949137 ], [ 107.565419, -6.949085 ], [ 107.565473, -6.948999 ], [ 107.565602, -6.948764 ], [ 107.565627, -6.948755 ], [ 107.565641, -6.948754 ], [ 107.565655, -6.948757 ], [ 107.565748, -6.948788 ], [ 107.565928, -6.948849 ], [ 107.566017, -6.948886 ], [ 107.566051, -6.948898 ] ] } },
{ "type": "Feature", "properties": { "Nm_Ruas": "Jl. Cibolerang", "Status": "Jalan Kota", "Propinsi": "Jawa Barat", "Kab_Kot": "Kota Bandung", "risk_prediction": 1, "Satwil": "Polrestabes Bandung" }, "geometry": { "type": "LineString", "coordinates": [ [ 107.583603, -6.953285 ], [ 107.583641, -6.953296 ], [ 107.58396, -6.95339 ], [ 107.584475, -6.953525 ] ] } },
{ "type": "Feature", "properties": { "Nm_Ruas": "Jl. Cibolerang Barat", "Status": "Jalan Kota", "Propinsi": "Jawa Barat", "Kab_Kot": "Kota Bandung", "risk_prediction": 1, "Satwil": "Polrestabes Bandung" }, "geometry": { "type": "LineString", "coordinates": [ [ 107.565388, -6.949137 ], [ 107.565419, -6.949197 ], [ 107.565426, -6.949296 ], [ 107.565431, -6.949383 ], [ 107.565427, -6.94943 ], [ 107.565413, -6.949666 ], [ 107.565371, -6.949953 ], [ 107.565359, -6.95003 ] ] } },
{ "type": "Feature", "properties": { "Nm_Ruas": "Jl. Cicendo", "Status": "Jalan Provinsi", "Propinsi": "Jawa Barat", "Kab_Kot": "Kota Bandung", "risk_prediction": 1, "Satwil": "Polrestabes Bandung" }, "geometry": { "type": "LineString", "coordinates": [ [ 107.603956, -6.912545 ], [ 107.603912, -6.9126 ], [ 107.603857, -6.912644 ], [ 107.603782, -6.912659 ] ] } },
{ "type": "Feature", "properties": { "Nm_Ruas": "Jl. Cigondewah Rahayu", "Status": "Jalan Kota", "Propinsi": "Jawa Barat", "Kab_Kot": "Kota Bandung", "risk_prediction": 1, "Satwil": "Polrestabes Bandung" }, "geometry": { "type": "LineString", "coordinates": [ [ 107.56534, -6.944552 ], [ 107.56513, -6.944981 ], [ 107.56494, -6.945316 ], [ 107.564791, -6.945593 ], [ 107.564735, -6.945693 ], [ 107.564725, -6.945718 ], [ 107.564698, -6.945788 ], [ 107.564672, -6.945866 ], [ 107.564656, -6.945967 ], [ 107.564632, -6.946126 ], [ 107.564602, -6.946266 ], [ 107.564489, -6.946766 ], [ 107.564479, -6.946807 ], [ 107.564477, -6.946845 ], [ 107.564481, -6.946889 ], [ 107.56449, -6.947034 ], [ 107.564491, -6.947132 ], [ 107.56449, -6.947269 ], [ 107.56447, -6.947464 ], [ 107.564404, -6.947756 ], [ 107.564394, -6.947802 ], [ 107.564334, -6.948064 ], [ 107.564253, -6.948426 ], [ 107.564245, -6.948506 ], [ 107.564247, -6.948532 ], [ 107.564259, -6.948557 ], [ 107.564302, -6.948623 ], [ 107.564353, -6.94868 ], [ 107.564485, -6.948767 ], [ 107.564515, -6.948787 ], [ 107.564549, -6.948802 ], [ 107.564719, -6.948876 ], [ 107.564972, -6.948955 ], [ 107.565048, -6.948979 ], [ 107.565262, -6.94906 ], [ 107.565335, -6.949093 ], [ 107.565364, -6.949113 ], [ 107.565386, -6.949135 ], [ 107.565388, -6.949137 ] ] } },
{ "type": "Feature", "properties": { "Nm_Ruas": "Jl. Cigondewah Rahayu", "Status": "Jalan Kota", "Propinsi": "Jawa Barat", "Kab_Kot": "Kota Bandung", "risk_prediction": 1, "Satwil": "Polrestabes Bandung" }, "geometry": { "type": "LineString", "coordinates": [ [ 107.565847, -6.942827 ], [ 107.565848, -6.942832 ], [ 107.565873, -6.942918 ], [ 107.565881, -6.943005 ], [ 107.565877, -6.943075 ], [ 107.565859, -6.943157 ], [ 107.565692, -6.943702 ], [ 107.565687, -6.943717 ], [ 107.565653, -6.943798 ], [ 107.565621, -6.943883 ], [ 107.565563, -6.944045 ], [ 107.565513, -6.944181 ], [ 107.565484, -6.944251 ], [ 107.565431, -6.944365 ], [ 107.565346, -6.944538 ] ] } },
{ "type": "Feature", "properties": { "Nm_Ruas": "Jl. Cihampelas", "Status": "Jalan Kota", "Propinsi": "Jawa Barat", "Kab_Kot": "Kota Bandung", "risk_prediction": 1, "Satwil": "Polrestabes Bandung" }, "geometry": { "type": "LineString", "coordinates": [ [ 107.604124, -6.899242 ], [ 107.604149, -6.899657 ], [ 107.604173, -6.900053 ], [ 107.60418, -6.900144 ], [ 107.60418, -6.900146 ], [ 107.604181, -6.900158 ], [ 107.604187, -6.900239 ], [ 107.604189, -6.900275 ], [ 107.604195, -6.900321 ], [ 107.604199, -6.90036 ], [ 107.604202, -6.900384 ], [ 107.604264, -6.900872 ], [ 107.604276, -6.901047 ] ] } },
{ "type": "Feature", "properties": { "Nm_Ruas": "Jl. Cijambe", "Status": "Jalan Kota", "Propinsi": "Jawa Barat", "Kab_Kot": "Kota Bandung", "risk_prediction": 1, "Satwil": "Polrestabes Bandung" }, "geometry": { "type": "LineString", "coordinates": [ [ 107.68976, -6.910638 ], [ 107.689958, -6.910392 ], [ 107.690187, -6.910157 ], [ 107.690208, -6.910117 ], [ 107.690242, -6.91003 ], [ 107.690282, -6.909913 ] ] } },
{ "type": "Feature", "properties": { "Nm_Ruas": "Jl. Cijarga", "Status": "Jalan Kota", "Propinsi": "Jawa Barat", "Kab_Kot": "Kota Bandung", "risk_prediction": 1, "Satwil": "Polrestabes Bandung" }, "geometry": { "type": "LineString", "coordinates": [ [ 107.625974, -6.949462 ], [ 107.625964, -6.949382 ], [ 107.625955, -6.94928 ], [ 107.625951, -6.949153 ], [ 107.62594, -6.94856 ], [ 107.62594, -6.948558 ], [ 107.62597, -6.948218 ], [ 107.626001, -6.94795 ], [ 107.626011, -6.947754 ], [ 107.625984, -6.947315 ], [ 107.625995, -6.947282 ], [ 107.626018, -6.947264 ], [ 107.62605, -6.94725 ], [ 107.626119, -6.947215 ], [ 107.626383, -6.947053 ], [ 107.626411, -6.947022 ], [ 107.626438, -6.946969 ], [ 107.626467, -6.946903 ], [ 107.626598, -6.94653 ], [ 107.626623, -6.946372 ], [ 107.626641, -6.946242 ], [ 107.626646, -6.946218 ], [ 107.626662, -6.946132 ], [ 107.626708, -6.94595 ], [ 107.626729, -6.945867 ], [ 107.626783, -6.945648 ], [ 107.626884, -6.945159 ], [ 107.626931, -6.944946 ], [ 107.627011, -6.944578 ], [ 107.62706, -6.944354 ] ] } },
{ "type": "Feature", "properties": { "Nm_Ruas": "Jl. Cijarga", "Status": "Jalan Kota", "Propinsi": "Jawa Barat", "Kab_Kot": "Kota Bandung", "risk_prediction": 1, "Satwil": "Polrestabes Bandung" }, "geometry": { "type": "LineString", "coordinates": [ [ 107.627555, -6.942156 ], [ 107.627565, -6.942117 ], [ 107.627573, -6.942084 ], [ 107.627593, -6.941998 ] ] } },
{ "type": "Feature", "properties": { "Nm_Ruas": "Jl. Cikapayang", "Status": "Jalan Nasional", "Propinsi": "Jawa Barat", "Kab_Kot": "Kota Bandung", "risk_prediction": 1, "Satwil": "Polrestabes Bandung" }, "geometry": { "type": "LineString", "coordinates": [ [ 107.612699, -6.899074 ], [ 107.612588, -6.899069 ], [ 107.612483, -6.899063 ], [ 107.612144, -6.899047 ], [ 107.612055, -6.899033 ], [ 107.611799, -6.898996 ], [ 107.611734, -6.898986 ], [ 107.6116, -6.898962 ], [ 107.611441, -6.898925 ], [ 107.610765, -6.898709 ], [ 107.610397, -6.898563 ], [ 107.610314, -6.89853 ], [ 107.609782, -6.89833 ], [ 107.609636, -6.898298 ], [ 107.609626, -6.898296 ], [ 107.609539, -6.89828 ], [ 107.609458, -6.898274 ], [ 107.609391, -6.898269 ], [ 107.609207, -6.898244 ], [ 107.609158, -6.898238 ] ] } },
{ "type": "Feature", "properties": { "Nm_Ruas": "Jl. Cikapayang", "Status": "Jalan Nasional", "Propinsi": "Jawa Barat", "Kab_Kot": "Kota Bandung", "risk_prediction": 1, "Satwil": "Polrestabes Bandung" }, "geometry": { "type": "LineString", "coordinates": [ [ 107.611808, -6.898805 ], [ 107.612047, -6.898833 ], [ 107.612079, -6.898838 ], [ 107.612241, -6.898852 ], [ 107.612476, -6.898851 ], [ 107.61257, -6.898851 ], [ 107.6126, -6.898851 ], [ 107.612711, -6.89885 ] ] } },
{ "type": "Feature", "properties": { "Nm_Ruas": "Jl. Cikaso", "Status": "Jalan Kota", "Propinsi": "Jawa Barat", "Kab_Kot": "Kota Bandung", "risk_prediction": 1, "Satwil": "Polrestabes Bandung" }, "geometry": { "type": "LineString", "coordinates": [ [ 107.632299, -6.910165 ], [ 107.632319, -6.910152 ], [ 107.632355, -6.910128 ], [ 107.632463, -6.910058 ], [ 107.632614, -6.909959 ], [ 107.632757, -6.909872 ], [ 107.632781, -6.909859 ], [ 107.632798, -6.909855 ], [ 107.632809, -6.909854 ], [ 107.632822, -6.909854 ], [ 107.632835, -6.909854 ], [ 107.632851, -6.909857 ], [ 107.632868, -6.909863 ], [ 107.632876, -6.909866 ], [ 107.632883, -6.909869 ], [ 107.632894, -6.909877 ], [ 107.632909, -6.909892 ], [ 107.632923, -6.909911 ], [ 107.632968, -6.909984 ], [ 107.633023, -6.91005 ] ] } },
{ "type": "Feature", "properties": { "Nm_Ruas": "Jl. Cikaso", "Status": "Jalan Kota", "Propinsi": "Jawa Barat", "Kab_Kot": "Kota Bandung", "risk_prediction": 1, "Satwil": "Polrestabes Bandung" }, "geometry": { "type": "LineString", "coordinates": [ [ 107.637302, -6.911824 ], [ 107.637315, -6.91185 ], [ 107.637322, -6.911867 ] ] } },
{ "type": "Feature", "properties": { "Nm_Ruas": "Jl. Cikawao", "Status": "Jalan Kota", "Propinsi": "Jawa Barat", "Kab_Kot": "Kota Bandung", "risk_prediction": 1, "Satwil": "Polrestabes Bandung" }, "geometry": { "type": "LineString", "coordinates": [ [ 107.61343, -6.927365 ], [ 107.613359, -6.927355 ], [ 107.613285, -6.927347 ], [ 107.61323, -6.927346 ], [ 107.613176, -6.927365 ], [ 107.613144, -6.927393 ], [ 107.613109, -6.927457 ] ] } },
{ "type": "Feature", "properties": { "Nm_Ruas": "Jl. Cikawao", "Status": "Jalan Kota", "Propinsi": "Jawa Barat", "Kab_Kot": "Kota Bandung", "risk_prediction": 1, "Satwil": "Polrestabes Bandung" }, "geometry": { "type": "LineString", "coordinates": [ [ 107.613129, -6.926975 ], [ 107.613166, -6.927097 ], [ 107.613232, -6.927206 ], [ 107.613322, -6.927297 ], [ 107.61343, -6.927365 ] ] } },
{ "type": "Feature", "properties": { "Nm_Ruas": "Jl. Cikawao", "Status": "Jalan Kota", "Propinsi": "Jawa Barat", "Kab_Kot": "Kota Bandung", "risk_prediction": 1, "Satwil": "Polrestabes Bandung" }, "geometry": { "type": "LineString", "coordinates": [ [ 107.615785, -6.928404 ], [ 107.61564, -6.928342 ], [ 107.615152, -6.928135 ], [ 107.614603, -6.927881 ], [ 107.614496, -6.927832 ], [ 107.613999, -6.927614 ], [ 107.613805, -6.927529 ], [ 107.613756, -6.927508 ], [ 107.61343, -6.927365 ] ] } },
{ "type": "Feature", "properties": { "Nm_Ruas": "Jl. Cikawao", "Status": "Jalan Kota", "Propinsi": "Jawa Barat", "Kab_Kot": "Kota Bandung", "risk_prediction": 1, "Satwil": "Polrestabes Bandung" }, "geometry": { "type": "LineString", "coordinates": [ [ 107.616329, -6.928748 ], [ 107.616014, -6.928566 ], [ 107.615838, -6.928448 ], [ 107.615785, -6.928404 ] ] } },
{ "type": "Feature", "properties": { "Nm_Ruas": "Jl. Cikawao", "Status": "Jalan Kota", "Propinsi": "Jawa Barat", "Kab_Kot": "Kota Bandung", "risk_prediction": 1, "Satwil": "Polrestabes Bandung" }, "geometry": { "type": "LineString", "coordinates": [ [ 107.615785, -6.928404 ], [ 107.615855, -6.928414 ], [ 107.616048, -6.928511 ], [ 107.616464, -6.928716 ], [ 107.6166, -6.928792 ] ] } },
{ "type": "Feature", "properties": { "Nm_Ruas": "Jl. Cikondang", "Status": "Jalan Kota", "Propinsi": "Jawa Barat", "Kab_Kot": "Kota Bandung", "risk_prediction": 1, "Satwil": "Polrestabes Bandung" }, "geometry": { "type": "LineString", "coordinates": [ [ 107.63075, -6.892163 ], [ 107.630747, -6.892156 ], [ 107.630664, -6.891839 ], [ 107.630578, -6.891568 ], [ 107.630473, -6.891303 ] ] } },
{ "type": "Feature", "properties": { "Nm_Ruas": "Jl. Cikutra", "Status": "Jalan Kota", "Propinsi": "Jawa Barat", "Kab_Kot": "Kota Bandung", "risk_prediction": 1, "Satwil": "Polrestabes Bandung" }, "geometry": { "type": "LineString", "coordinates": [ [ 107.643793, -6.907476 ], [ 107.643831, -6.906778 ], [ 107.643844, -6.906499 ], [ 107.643844, -6.906481 ], [ 107.643849, -6.906249 ], [ 107.643841, -6.90586 ], [ 107.64384, -6.905678 ], [ 107.643858, -6.90519 ], [ 107.643902, -6.904705 ], [ 107.643932, -6.904299 ], [ 107.643944, -6.904024 ], [ 107.643967, -6.90342 ], [ 107.64397, -6.90334 ], [ 107.643972, -6.903302 ], [ 107.643977, -6.903181 ], [ 107.643993, -6.902953 ], [ 107.644009, -6.902739 ], [ 107.644023, -6.902368 ], [ 107.644043, -6.902073 ], [ 107.644046, -6.902042 ], [ 107.644072, -6.901543 ], [ 107.644077, -6.901462 ], [ 107.644077, -6.901343 ], [ 107.644075, -6.901274 ], [ 107.644067, -6.901216 ], [ 107.643916, -6.90083 ], [ 107.643878, -6.900778 ], [ 107.643839, -6.900746 ], [ 107.643835, -6.900743 ], [ 107.643639, -6.900599 ], [ 107.643574, -6.900533 ], [ 107.643538, -6.900479 ], [ 107.643486, -6.900413 ], [ 107.643469, -6.900377 ], [ 107.643419, -6.900252 ], [ 107.643402, -6.900182 ], [ 107.643398, -6.900126 ], [ 107.643408, -6.900013 ], [ 107.643414, -6.899948 ], [ 107.643422, -6.89972 ], [ 107.643455, -6.899174 ], [ 107.643458, -6.899109 ] ] } },
{ "type": "Feature", "properties": { "Nm_Ruas": "Jl. Cikutra", "Status": "Jalan Kota", "Propinsi": "Jawa Barat", "Kab_Kot": "Kota Bandung", "risk_prediction": 1, "Satwil": "Polrestabes Bandung" }, "geometry": { "type": "LineString", "coordinates": [ [ 107.643799, -6.908447 ], [ 107.64378, -6.90838 ], [ 107.643759, -6.908279 ], [ 107.643755, -6.908214 ], [ 107.643755, -6.908161 ], [ 107.643787, -6.907583 ], [ 107.643789, -6.907547 ] ] } },
{ "type": "Feature", "properties": { "Nm_Ruas": "Jl. Cikutra Barat", "Status": "Jalan Kota", "Propinsi": "Jawa Barat", "Kab_Kot": "Kota Bandung", "risk_prediction": 1, "Satwil": "Polrestabes Bandung" }, "geometry": { "type": "LineString", "coordinates": [ [ 107.63544, -6.892747 ], [ 107.635326, -6.892664 ], [ 107.635071, -6.89253 ], [ 107.635005, -6.892515 ], [ 107.634796, -6.892481 ], [ 107.634601, -6.892449 ], [ 107.63457, -6.892444 ], [ 107.634534, -6.89244 ], [ 107.634453, -6.892428 ], [ 107.634448, -6.892427 ], [ 107.634279, -6.892402 ], [ 107.634152, -6.892386 ], [ 107.633949, -6.892362 ], [ 107.633253, -6.892285 ], [ 107.633252, -6.892285 ], [ 107.632605, -6.892234 ], [ 107.63235, -6.892226 ], [ 107.632267, -6.892223 ], [ 107.631876, -6.89222 ], [ 107.631651, -6.892229 ], [ 107.631164, -6.892247 ], [ 107.631006, -6.892237 ], [ 107.630902, -6.892213 ], [ 107.630837, -6.892192 ], [ 107.630756, -6.892166 ], [ 107.63075, -6.892163 ], [ 107.630431, -6.892087 ], [ 107.629876, -6.891952 ], [ 107.62987, -6.89195 ], [ 107.629829, -6.89194 ], [ 107.629768, -6.891928 ], [ 107.629699, -6.891913 ], [ 107.629629, -6.891909 ], [ 107.629308, -6.891932 ], [ 107.629209, -6.89194 ], [ 107.62907, -6.891948 ], [ 107.628977, -6.891966 ], [ 107.628905, -6.892002 ], [ 107.628836, -6.892062 ], [ 107.628749, -6.892153 ], [ 107.628702, -6.892193 ], [ 107.628659, -6.892221 ], [ 107.628607, -6.892244 ], [ 107.628543, -6.892261 ], [ 107.628454, -6.892271 ], [ 107.628221, -6.892269 ], [ 107.628139, -6.892272 ], [ 107.627829, -6.89228 ], [ 107.627671, -6.892268 ], [ 107.627586, -6.892264 ], [ 107.627528, -6.892255 ], [ 107.62746, -6.892177 ], [ 107.627408, -6.892074 ], [ 107.627395, -6.892047 ], [ 107.62738, -6.892015 ], [ 107.627346, -6.89193 ], [ 107.627327, -6.891875 ], [ 107.627298, -6.891794 ], [ 107.627237, -6.891626 ], [ 107.627085, -6.891199 ] ] } },
{ "type": "Feature", "properties": { "Nm_Ruas": "Jl. Cilamaya", "Status": "Jalan Provinsi", "Propinsi": "Jawa Barat", "Kab_Kot": "Kota Bandung", "risk_prediction": 1, "Satwil": "Polrestabes Bandung" }, "geometry": { "type": "LineString", "coordinates": [ [ 107.61725, -6.903512 ], [ 107.617175, -6.903446 ], [ 107.617029, -6.903263 ], [ 107.617, -6.903218 ], [ 107.616966, -6.90314 ], [ 107.616945, -6.903052 ], [ 107.616931, -6.902895 ], [ 107.616924, -6.902711 ] ] } },
{ "type": "Feature", "properties": { "Nm_Ruas": "Jl. Cilamaya", "Status": "Jalan Provinsi", "Propinsi": "Jawa Barat", "Kab_Kot": "Kota Bandung", "risk_prediction": 1, "Satwil": "Polrestabes Bandung" }, "geometry": { "type": "LineString", "coordinates": [ [ 107.617006, -6.902519 ], [ 107.617007, -6.902538 ], [ 107.617017, -6.902895 ], [ 107.617019, -6.902957 ], [ 107.617038, -6.90307 ], [ 107.617056, -6.90312 ], [ 107.617072, -6.903153 ], [ 107.617094, -6.903189 ], [ 107.617112, -6.903211 ], [ 107.617227, -6.903366 ], [ 107.617246, -6.903391 ], [ 107.617296, -6.903437 ] ] } },
{ "type": "Feature", "properties": { "Nm_Ruas": "Jl. Ciliwung", "Status": "Jalan Kota", "Propinsi": "Jawa Barat", "Kab_Kot": "Kota Bandung", "risk_prediction": 1, "Satwil": "Polrestabes Bandung" }, "geometry": { "type": "LineString", "coordinates": [ [ 107.628438, -6.904217 ], [ 107.628346, -6.904275 ], [ 107.627677, -6.904709 ] ] } },
{ "type": "Feature", "properties": { "Nm_Ruas": "Jl. Ciliwung", "Status": "Jalan Kota", "Propinsi": "Jawa Barat", "Kab_Kot": "Kota Bandung", "risk_prediction": 1, "Satwil": "Polrestabes Bandung" }, "geometry": { "type": "LineString", "coordinates": [ [ 107.627767, -6.904559 ], [ 107.628304, -6.904214 ], [ 107.628396, -6.904151 ] ] } },
{ "type": "Feature", "properties": { "Nm_Ruas": "Jl. Cimuncang", "Status": "Jalan Kota", "Propinsi": "Jawa Barat", "Kab_Kot": "Kota Bandung", "risk_prediction": 1, "Satwil": "Polrestabes Bandung" }, "geometry": { "type": "LineString", "coordinates": [ [ 107.648944, -6.905706 ], [ 107.648934, -6.905644 ], [ 107.648926, -6.905593 ], [ 107.64892, -6.905503 ], [ 107.64902, -6.904809 ] ] } },
{ "type": "Feature", "properties": { "Nm_Ruas": "Jl. Ciparay", "Status": "Jalan Kota", "Propinsi": "Jawa Barat", "Kab_Kot": "Kota Bandung", "risk_prediction": 1, "Satwil": "Polrestabes Bandung" }, "geometry": { "type": "LineString", "coordinates": [ [ 107.641619, -6.959157 ], [ 107.641376, -6.959114 ], [ 107.640977, -6.959048 ], [ 107.640727, -6.959006 ], [ 107.640592, -6.958984 ], [ 107.640547, -6.958977 ], [ 107.640307, -6.958925 ], [ 107.64021, -6.958904 ], [ 107.6401, -6.958881 ], [ 107.639763, -6.95881 ], [ 107.639755, -6.958808 ], [ 107.639698, -6.958796 ], [ 107.639421, -6.958743 ] ] } },
{ "type": "Feature", "properties": { "Nm_Ruas": "Jl. Cisadea", "Status": "Jalan Kota", "Propinsi": "Jawa Barat", "Kab_Kot": "Kota Bandung", "risk_prediction": 1, "Satwil": "Polrestabes Bandung" }, "geometry": { "type": "LineString", "coordinates": [ [ 107.630944, -6.908077 ], [ 107.63102, -6.908081 ], [ 107.63106, -6.908069 ], [ 107.631098, -6.908047 ], [ 107.63116, -6.908004 ], [ 107.631131, -6.90807 ], [ 107.63111, -6.908115 ], [ 107.631095, -6.908164 ], [ 107.631068, -6.908268 ] ] } },
{ "type": "Feature", "properties": { "Nm_Ruas": "Jl. Citarum", "Status": "Jalan Kota", "Propinsi": "Jawa Barat", "Kab_Kot": "Kota Bandung", "risk_prediction": 1, "Satwil": "Polrestabes Bandung" }, "geometry": { "type": "LineString", "coordinates": [ [ 107.625358, -6.901041 ], [ 107.625357, -6.901109 ], [ 107.625319, -6.901162 ], [ 107.625249, -6.90126 ], [ 107.625108, -6.901422 ], [ 107.625044, -6.901503 ], [ 107.624933, -6.901641 ], [ 107.624878, -6.901711 ], [ 107.62484, -6.901757 ], [ 107.624834, -6.901763 ] ] } },
{ "type": "Feature", "properties": { "Nm_Ruas": "Jl. Citarum", "Status": "Jalan Kota", "Propinsi": "Jawa Barat", "Kab_Kot": "Kota Bandung", "risk_prediction": 1, "Satwil": "Polrestabes Bandung" }, "geometry": { "type": "LineString", "coordinates": [ [ 107.625296, -6.901106 ], [ 107.625297, -6.901043 ] ] } },
{ "type": "Feature", "properties": { "Nm_Ruas": "Jl. Citra Green", "Status": "Jalan Kota", "Propinsi": "Jawa Barat", "Kab_Kot": "Kota Bandung", "risk_prediction": 1, "Satwil": "Polrestabes Bandung" }, "geometry": { "type": "LineString", "coordinates": [ [ 107.621032, -6.866417 ], [ 107.620614, -6.865885 ], [ 107.620598, -6.865824 ], [ 107.620592, -6.865784 ], [ 107.620603, -6.865732 ], [ 107.620628, -6.865664 ] ] } },
{ "type": "Feature", "properties": { "Nm_Ruas": "Jl. Ciumbuleuit", "Status": "Jalan Kota", "Propinsi": "Jawa Barat", "Kab_Kot": "Kota Bandung", "risk_prediction": 1, "Satwil": "Polrestabes Bandung" }, "geometry": { "type": "LineString", "coordinates": [ [ 107.604507, -6.882468 ], [ 107.604361, -6.882183 ], [ 107.604313, -6.88206 ], [ 107.604255, -6.881918 ], [ 107.604223, -6.881852 ], [ 107.604113, -6.881548 ], [ 107.60406, -6.881393 ], [ 107.604036, -6.881322 ], [ 107.603966, -6.881111 ], [ 107.603914, -6.880944 ], [ 107.60388, -6.880847 ], [ 107.603831, -6.880698 ], [ 107.603824, -6.880675 ], [ 107.603815, -6.880651 ], [ 107.603781, -6.880538 ], [ 107.603623, -6.880064 ], [ 107.603606, -6.880009 ], [ 107.603502, -6.87967 ], [ 107.603495, -6.879538 ], [ 107.603517, -6.879424 ], [ 107.603521, -6.879409 ], [ 107.60356, -6.879253 ], [ 107.603715, -6.878637 ], [ 107.603823, -6.878156 ], [ 107.603866, -6.877964 ], [ 107.603938, -6.877636 ], [ 107.603949, -6.877579 ], [ 107.604013, -6.877317 ], [ 107.604027, -6.877256 ], [ 107.604122, -6.876817 ], [ 107.604148, -6.876691 ], [ 107.60419, -6.876508 ], [ 107.604198, -6.876473 ], [ 107.604243, -6.87629 ], [ 107.604282, -6.876106 ], [ 107.604351, -6.875819 ], [ 107.604438, -6.875432 ], [ 107.604465, -6.875315 ], [ 107.604523, -6.875031 ], [ 107.604611, -6.87466 ], [ 107.604623, -6.874611 ], [ 107.60468, -6.874374 ], [ 107.604704, -6.874267 ], [ 107.604811, -6.873736 ], [ 107.604825, -6.87367 ], [ 107.604871, -6.873397 ], [ 107.604934, -6.873117 ], [ 107.604987, -6.872891 ], [ 107.605, -6.872834 ], [ 107.605054, -6.872627 ], [ 107.605097, -6.872454 ], [ 107.605169, -6.872146 ], [ 107.605242, -6.871863 ], [ 107.605381, -6.871146 ], [ 107.60541, -6.870969 ], [ 107.605495, -6.870577 ], [ 107.605587, -6.870187 ], [ 107.605658, -6.869872 ] ] } },
{ "type": "Feature", "properties": { "Nm_Ruas": "Jl. Cukang Kawung", "Status": "Jalan Kota", "Propinsi": "Jawa Barat", "Kab_Kot": "Kota Bandung", "risk_prediction": 1, "Satwil": "Polrestabes Bandung" }, "geometry": { "type": "LineString", "coordinates": [ [ 107.633274, -6.891381 ], [ 107.633265, -6.891508 ], [ 107.63326, -6.891674 ], [ 107.633257, -6.891787 ], [ 107.633253, -6.892285 ] ] } },
{ "type": "Feature", "properties": { "Nm_Ruas": "Jl. Dago Asri Raya", "Status": "Jalan Kota", "Propinsi": "Jawa Barat", "Kab_Kot": "Kota Bandung", "risk_prediction": 1, "Satwil": "Polrestabes Bandung" }, "geometry": { "type": "LineString", "coordinates": [ [ 107.616593, -6.878787 ], [ 107.616358, -6.878711 ], [ 107.616067, -6.878627 ], [ 107.616014, -6.878583 ], [ 107.616079, -6.878579 ], [ 107.616333, -6.878652 ], [ 107.616369, -6.878662 ], [ 107.616609, -6.878728 ] ] } },
{ "type": "Feature", "properties": { "Nm_Ruas": "Jl. Dalam Kota Ubud", "Status": "Jalan Kabupaten", "Propinsi": "Bali", "Kab_Kot": "Gianyar", "risk_prediction": 1, "Satwil": "Polda Bali" }, "geometry": { "type": "LineString", "coordinates": [ [ 115.266106, -8.508492 ], [ 115.266073, -8.508636 ], [ 115.266049, -8.50876 ], [ 115.266028, -8.508868 ], [ 115.266008, -8.508972 ], [ 115.265983, -8.509108 ], [ 115.26595, -8.509284 ], [ 115.265917, -8.50946 ], [ 115.265888, -8.50964 ], [ 115.265859, -8.509846 ], [ 115.265821, -8.51005 ], [ 115.265784, -8.510262 ], [ 115.265755, -8.510446 ], [ 115.265718, -8.510658 ], [ 115.265681, -8.51083 ], [ 115.265638, -8.511099 ], [ 115.265604, -8.511315 ], [ 115.265536, -8.51167 ], [ 115.265488, -8.511969 ], [ 115.265444, -8.512269 ], [ 115.265405, -8.51255 ], [ 115.265352, -8.5129 ], [ 115.265339, -8.512972 ] ] } },
{ "type": "Feature", "properties": { "Nm_Ruas": "Jl. Dalam Kota Ubud", "Status": "Jalan Kabupaten", "Propinsi": "Bali", "Kab_Kot": "Gianyar", "risk_prediction": 1, "Satwil": "Polda Bali" }, "geometry": { "type": "LineString", "coordinates": [ [ 115.266786, -8.510179 ], [ 115.266787, -8.510149 ], [ 115.266795, -8.509956 ], [ 115.266817, -8.509797 ], [ 115.266831, -8.509637 ], [ 115.26686, -8.509485 ], [ 115.266916, -8.509327 ], [ 115.266972, -8.509189 ], [ 115.267029, -8.509023 ], [ 115.267064, -8.508885 ], [ 115.267092, -8.508774 ], [ 115.267092, -8.508753 ] ] } },
{ "type": "Feature", "properties": { "Nm_Ruas": "Jl. Dalem Kaum", "Status": "Jalan Kota", "Propinsi": "Jawa Barat", "Kab_Kot": "Kota Bandung", "risk_prediction": 1, "Satwil": "Polrestabes Bandung" }, "geometry": { "type": "LineString", "coordinates": [ [ 107.607421, -6.922517 ], [ 107.607432, -6.922518 ], [ 107.607517, -6.922527 ], [ 107.607677, -6.922545 ], [ 107.607732, -6.922552 ], [ 107.608321, -6.922621 ], [ 107.608442, -6.922635 ], [ 107.608504, -6.922642 ], [ 107.608576, -6.92265 ], [ 107.60872, -6.922666 ], [ 107.609814, -6.922794 ], [ 107.610382, -6.922859 ], [ 107.610457, -6.922868 ], [ 107.610497, -6.922873 ], [ 107.610734, -6.9229 ], [ 107.610916, -6.922922 ], [ 107.610961, -6.922927 ], [ 107.611377, -6.922975 ], [ 107.611859, -6.923033 ] ] } },
{ "type": "Feature", "properties": { "Nm_Ruas": "Jl. Dam Tukad Badung", "Status": "Jalan Kota", "Propinsi": "Bali", "Kab_Kot": "Kota Denpasar", "risk_prediction": 1, "Satwil": "Polda Bali" }, "geometry": { "type": "LineString", "coordinates": [ [ 115.195751, -8.683496 ], [ 115.195775, -8.683514 ], [ 115.196156, -8.683793 ], [ 115.196503, -8.684002 ] ] } },
{ "type": "Feature", "properties": { "Nm_Ruas": "Jl. Danau Batur", "Status": "Jalan Kota", "Propinsi": "Bali", "Kab_Kot": "Kota Denpasar", "risk_prediction": 1, "Satwil": "Polda Bali" }, "geometry": { "type": "LineString", "coordinates": [ [ 115.257692, -8.678518 ], [ 115.257854, -8.678518 ], [ 115.258254, -8.678518 ], [ 115.258578, -8.678523 ], [ 115.2586, -8.678523 ] ] } },
{ "type": "Feature", "properties": { "Nm_Ruas": "Jl. Danau Beratan", "Status": "Jalan Kota", "Propinsi": "Bali", "Kab_Kot": "Kota Denpasar", "risk_prediction": 1, "Satwil": "Polda Bali" }, "geometry": { "type": "LineString", "coordinates": [ [ 115.257033, -8.674627 ], [ 115.256877, -8.675314 ], [ 115.256832, -8.675514 ] ] } },
{ "type": "Feature", "properties": { "Nm_Ruas": "Jl. Danau Kerinci", "Status": "Jalan Kota", "Propinsi": "Bali", "Kab_Kot": "Kota Denpasar", "risk_prediction": 1, "Satwil": "Polda Bali" }, "geometry": { "type": "LineString", "coordinates": [ [ 115.254752, -8.674399 ], [ 115.254753, -8.67446 ], [ 115.25477, -8.675165 ], [ 115.254772, -8.675302 ] ] } },
{ "type": "Feature", "properties": { "Nm_Ruas": "Jl. Danau Maninjau", "Status": "Jalan Kota", "Propinsi": "Bali", "Kab_Kot": "Kota Denpasar", "risk_prediction": 1, "Satwil": "Polda Bali" }, "geometry": { "type": "LineString", "coordinates": [ [ 115.257819, -8.675467 ], [ 115.257938, -8.675222 ], [ 115.25802, -8.675011 ], [ 115.258154, -8.67464 ], [ 115.258158, -8.674629 ] ] } },
{ "type": "Feature", "properties": { "Nm_Ruas": "Jl. Dayu - Krapyak", "Status": "Jalan Kabupaten", "Propinsi": "Daerah Istimewa Yogyakarta", "Kab_Kot": "Sleman", "risk_prediction": 1, "Satwil": "Polda DI Yogyakarta" }, "geometry": { "type": "LineString", "coordinates": [ [ 110.399005, -7.728071 ], [ 110.399248, -7.728191 ], [ 110.399838, -7.728429 ] ] } },
{ "type": "Feature", "properties": { "Nm_Ruas": "Jl. Denpasar - Sanur", "Status": "Jalan Provinsi", "Propinsi": "Bali", "Kab_Kot": "Kota Denpasar", "risk_prediction": 1, "Satwil": "Polda Bali" }, "geometry": { "type": "LineString", "coordinates": [ [ 115.24629, -8.673577 ], [ 115.246633, -8.673597 ], [ 115.247378, -8.673599 ], [ 115.249343, -8.673771 ], [ 115.250819, -8.673936 ], [ 115.250955, -8.673951 ], [ 115.25123, -8.673981 ], [ 115.251591, -8.674021 ], [ 115.252015, -8.674079 ], [ 115.252131, -8.674095 ], [ 115.252132, -8.674095 ] ] } },
{ "type": "Feature", "properties": { "Nm_Ruas": "Jl. Denpasar - Sanur", "Status": "Jalan Provinsi", "Propinsi": "Bali", "Kab_Kot": "Kota Denpasar", "risk_prediction": 1, "Satwil": "Polda Bali" }, "geometry": { "type": "LineString", "coordinates": [ [ 115.254751, -8.674399 ], [ 115.254752, -8.674399 ], [ 115.255115, -8.674454 ], [ 115.255652, -8.674514 ], [ 115.255686, -8.674518 ], [ 115.256128, -8.67455 ], [ 115.256614, -8.674585 ], [ 115.256988, -8.674627 ], [ 115.257033, -8.674627 ], [ 115.257034, -8.674627 ], [ 115.257943, -8.674629 ], [ 115.258158, -8.674629 ], [ 115.258188, -8.674629 ], [ 115.258844, -8.674522 ], [ 115.259532, -8.67441 ], [ 115.259692, -8.674384 ] ] } },
{ "type": "Feature", "properties": { "Nm_Ruas": "Jl. Denpasar - Simp. Pesanggaran", "Status": "Jalan Provinsi", "Propinsi": "Bali", "Kab_Kot": "Kota Denpasar", "risk_prediction": 1, "Satwil": "Polda Bali" }, "geometry": { "type": "LineString", "coordinates": [ [ 115.215337, -8.716346 ], [ 115.215311, -8.716498 ], [ 115.21507, -8.71721 ] ] } },
{ "type": "Feature", "properties": { "Nm_Ruas": "Jl. Denpasar - Simp. Pesanggaran", "Status": "Jalan Provinsi", "Propinsi": "Bali", "Kab_Kot": "Kota Denpasar", "risk_prediction": 1, "Satwil": "Polda Bali" }, "geometry": { "type": "LineString", "coordinates": [ [ 115.215522, -8.669297 ], [ 115.215528, -8.669553 ], [ 115.215549, -8.670205 ] ] } },
{ "type": "Feature", "properties": { "Nm_Ruas": "Jl. Denpasar - Simp. Pesanggaran", "Status": "Jalan Provinsi", "Propinsi": "Bali", "Kab_Kot": "Kota Denpasar", "risk_prediction": 1, "Satwil": "Polda Bali" }, "geometry": { "type": "LineString", "coordinates": [ [ 115.217416, -8.689937 ], [ 115.21753, -8.690315 ], [ 115.21797, -8.691876 ], [ 115.218512, -8.694045 ], [ 115.218585, -8.69433 ] ] } },
{ "type": "Feature", "properties": { "Nm_Ruas": "Jl. Denpasar - Simp. Pesanggaran", "Status": "Jalan Provinsi", "Propinsi": "Bali", "Kab_Kot": "Kota Denpasar", "risk_prediction": 1, "Satwil": "Polda Bali" }, "geometry": { "type": "LineString", "coordinates": [ [ 115.218612, -8.694438 ], [ 115.218664, -8.69464 ], [ 115.218779, -8.695276 ], [ 115.218786, -8.695325 ], [ 115.218786, -8.69533 ], [ 115.218916, -8.696219 ], [ 115.218948, -8.69644 ], [ 115.219016, -8.696965 ], [ 115.219036, -8.697117 ], [ 115.219103, -8.697865 ], [ 115.219104, -8.69787 ], [ 115.219109, -8.697922 ], [ 115.219184, -8.698765 ], [ 115.219233, -8.699308 ], [ 115.219269, -8.699621 ], [ 115.219298, -8.699875 ], [ 115.219347, -8.700521 ], [ 115.219347, -8.700526 ], [ 115.219349, -8.700552 ], [ 115.219384, -8.701019 ], [ 115.219443, -8.70142 ], [ 115.219608, -8.702538 ], [ 115.219704, -8.703203 ], [ 115.219734, -8.703447 ], [ 115.219846, -8.704343 ], [ 115.219847, -8.704349 ], [ 115.219849, -8.704367 ], [ 115.219866, -8.7045 ], [ 115.219993, -8.705235 ] ] } },
{ "type": "Feature", "properties": { "Nm_Ruas": "Jl. Denpasar - Simp. Tohpati", "Status": "Jalan Provinsi", "Propinsi": "Bali", "Kab_Kot": "Kota Denpasar", "risk_prediction": 1, "Satwil": "Polda Bali" }, "geometry": { "type": "LineString", "coordinates": [ [ 115.228177, -8.649113 ], [ 115.228958, -8.649043 ], [ 115.229863, -8.648961 ], [ 115.229864, -8.648961 ], [ 115.230253, -8.64893 ], [ 115.230768, -8.648893 ], [ 115.230924, -8.648881 ], [ 115.231581, -8.648834 ], [ 115.232265, -8.648751 ], [ 115.232616, -8.648726 ], [ 115.232943, -8.648703 ], [ 115.233522, -8.648674 ], [ 115.233523, -8.648674 ], [ 115.233586, -8.648671 ], [ 115.234094, -8.648626 ], [ 115.234429, -8.648596 ], [ 115.23449, -8.64859 ], [ 115.234848, -8.648558 ], [ 115.235079, -8.648537 ], [ 115.235665, -8.648465 ], [ 115.235751, -8.648458 ], [ 115.235752, -8.648458 ], [ 115.235882, -8.648447 ], [ 115.236158, -8.648427 ], [ 115.236319, -8.648415 ], [ 115.236658, -8.64839 ], [ 115.236727, -8.648385 ], [ 115.237062, -8.648341 ], [ 115.237182, -8.648326 ], [ 115.237581, -8.648298 ], [ 115.238184, -8.648257 ], [ 115.238487, -8.648241 ], [ 115.238488, -8.64824 ], [ 115.238618, -8.648233 ], [ 115.239252, -8.648192 ], [ 115.239395, -8.648177 ], [ 115.239875, -8.648129 ], [ 115.240106, -8.648105 ], [ 115.2403, -8.648086 ], [ 115.241152, -8.648001 ], [ 115.241205, -8.647995 ], [ 115.241217, -8.647994 ], [ 115.241455, -8.647966 ], [ 115.241784, -8.647944 ], [ 115.242099, -8.647856 ], [ 115.242101, -8.647855 ], [ 115.242112, -8.647843 ], [ 115.242226, -8.647719 ], [ 115.242312, -8.647469 ], [ 115.242448, -8.647209 ], [ 115.242669, -8.64697 ], [ 115.242819, -8.646881 ], [ 115.243004, -8.64687 ], [ 115.243334, -8.64686 ], [ 115.243358, -8.646859 ], [ 115.244, -8.646656 ], [ 115.244199, -8.646586 ], [ 115.244639, -8.646431 ], [ 115.245056, -8.646281 ], [ 115.245097, -8.646266 ], [ 115.245578, -8.646106 ], [ 115.24582, -8.645988 ], [ 115.245864, -8.64591 ] ] } },
{ "type": "Feature", "properties": { "Nm_Ruas": "Jl. Desa Cipadung", "Status": "Jalan Kota", "Propinsi": "Jawa Barat", "Kab_Kot": "Kota Bandung", "risk_prediction": 1, "Satwil": "Polrestabes Bandung" }, "geometry": { "type": "LineString", "coordinates": [ [ 107.714469, -6.930957 ], [ 107.71442, -6.931059 ], [ 107.714271, -6.931376 ], [ 107.714073, -6.931769 ] ] } },
{ "type": "Feature", "properties": { "Nm_Ruas": "Jl. Dewi Madri", "Status": "Jalan Kota", "Propinsi": "Bali", "Kab_Kot": "Kota Denpasar", "risk_prediction": 1, "Satwil": "Polda Bali" }, "geometry": { "type": "LineString", "coordinates": [ [ 115.236697, -8.666353 ], [ 115.236697, -8.666347 ], [ 115.236679, -8.665835 ], [ 115.236671, -8.665589 ], [ 115.236674, -8.665445 ], [ 115.236678, -8.665198 ], [ 115.236684, -8.664893 ], [ 115.236679, -8.66454 ], [ 115.236679, -8.664536 ], [ 115.236674, -8.664137 ], [ 115.236672, -8.663825 ], [ 115.236671, -8.663627 ], [ 115.236671, -8.663581 ], [ 115.236678, -8.663443 ], [ 115.236684, -8.663318 ], [ 115.23668, -8.663268 ], [ 115.236656, -8.663173 ], [ 115.236598, -8.662996 ], [ 115.236572, -8.662927 ], [ 115.236551, -8.662873 ], [ 115.236533, -8.662776 ], [ 115.236548, -8.662591 ], [ 115.236564, -8.662392 ], [ 115.236559, -8.662125 ], [ 115.236538, -8.661997 ], [ 115.236528, -8.661963 ], [ 115.236471, -8.661773 ], [ 115.236453, -8.661603 ], [ 115.236492, -8.661406 ], [ 115.236488, -8.661221 ], [ 115.23652, -8.661071 ], [ 115.236522, -8.66106 ] ] } },
{ "type": "Feature", "properties": { "Nm_Ruas": "Jl. Dewi Madri II", "Status": "Jalan Kota", "Propinsi": "Bali", "Kab_Kot": "Kota Denpasar", "risk_prediction": 1, "Satwil": "Polda Bali" }, "geometry": { "type": "LineString", "coordinates": [ [ 115.236679, -8.665835 ], [ 115.236002, -8.665793 ], [ 115.235772, -8.665779 ] ] } },
{ "type": "Feature", "properties": { "Nm_Ruas": "Jl. Dewi Madri III", "Status": "Jalan Kota", "Propinsi": "Bali", "Kab_Kot": "Kota Denpasar", "risk_prediction": 1, "Satwil": "Polda Bali" }, "geometry": { "type": "LineString", "coordinates": [ [ 115.236678, -8.665198 ], [ 115.235943, -8.665142 ], [ 115.235772, -8.665125 ] ] } },
{ "type": "Feature", "properties": { "Nm_Ruas": "Jl. Dewi Madri IV", "Status": "Jalan Kota", "Propinsi": "Bali", "Kab_Kot": "Kota Denpasar", "risk_prediction": 1, "Satwil": "Polda Bali" }, "geometry": { "type": "LineString", "coordinates": [ [ 115.236679, -8.66454 ], [ 115.236034, -8.664485 ], [ 115.235773, -8.664461 ] ] } },
{ "type": "Feature", "properties": { "Nm_Ruas": "Jl. Dewi Madri VIII", "Status": "Jalan Kota", "Propinsi": "Bali", "Kab_Kot": "Kota Denpasar", "risk_prediction": 1, "Satwil": "Polda Bali" }, "geometry": { "type": "LineString", "coordinates": [ [ 115.236672, -8.663825 ], [ 115.236003, -8.663773 ], [ 115.235766, -8.663755 ] ] } },
{ "type": "Feature", "properties": { "Nm_Ruas": "Jl. Dewi Madri X", "Status": "Jalan Kota", "Propinsi": "Bali", "Kab_Kot": "Kota Denpasar", "risk_prediction": 1, "Satwil": "Polda Bali" }, "geometry": { "type": "LineString", "coordinates": [ [ 115.237579, -8.663866 ], [ 115.237003, -8.66384 ], [ 115.236672, -8.663825 ] ] } },
{ "type": "Feature", "properties": { "Nm_Ruas": "Jl. Dipan - Kulur", "Status": "Jalan Kabupaten", "Propinsi": "Daerah Istimewa Yogyakarta", "Kab_Kot": "Kulon Progo", "risk_prediction": 1, "Satwil": "Polda DI Yogyakarta" }, "geometry": { "type": "LineString", "coordinates": [ [ 110.121868, -7.87122 ], [ 110.12162, -7.87129 ], [ 110.121201, -7.871409 ], [ 110.12102, -7.87146 ], [ 110.120998, -7.871465 ], [ 110.12088, -7.87149 ], [ 110.12079, -7.87152 ], [ 110.12048, -7.87161 ], [ 110.12, -7.87171 ], [ 110.11911, -7.872 ], [ 110.11887, -7.87209 ], [ 110.11794, -7.87236 ], [ 110.11781, -7.87241 ], [ 110.117724, -7.87243 ], [ 110.11764, -7.87245 ], [ 110.11751, -7.87251 ], [ 110.11727, -7.87259 ], [ 110.11707, -7.87266 ], [ 110.1168, -7.87276 ], [ 110.116667, -7.872807 ], [ 110.11652, -7.87286 ], [ 110.116028, -7.87301 ], [ 110.11583, -7.87307 ], [ 110.1156, -7.87313 ], [ 110.11554, -7.87314 ], [ 110.11502, -7.87328 ], [ 110.11487, -7.87332 ], [ 110.1143, -7.87346 ], [ 110.11414, -7.8735 ], [ 110.11398, -7.87356 ], [ 110.11387, -7.8736 ], [ 110.113453, -7.873775 ], [ 110.1133, -7.87384 ], [ 110.1131, -7.87392 ], [ 110.11295, -7.87397 ], [ 110.11279, -7.87406 ], [ 110.112353, -7.874183 ] ] } },
{ "type": "Feature", "properties": { "Nm_Ruas": "Jl. Dipan - Kulur", "Status": "Jalan Kabupaten", "Propinsi": "Daerah Istimewa Yogyakarta", "Kab_Kot": "Kulon Progo", "risk_prediction": 1, "Satwil": "Polda DI Yogyakarta" }, "geometry": { "type": "LineString", "coordinates": [ [ 110.150468, -7.863352 ], [ 110.15046, -7.86335 ], [ 110.15037, -7.86333 ], [ 110.150212, -7.863283 ], [ 110.149697, -7.863199 ], [ 110.149529, -7.863158 ], [ 110.14938, -7.86313 ], [ 110.14931, -7.86311 ], [ 110.14886, -7.86302 ], [ 110.1486, -7.86298 ], [ 110.14819, -7.86287 ], [ 110.14799, -7.86284 ], [ 110.147794, -7.862833 ], [ 110.147508, -7.862908 ], [ 110.14736, -7.86296 ], [ 110.146901, -7.863093 ], [ 110.14684, -7.86311 ], [ 110.14664, -7.8632 ], [ 110.14622, -7.86335 ], [ 110.146078, -7.863403 ], [ 110.1459, -7.86347 ], [ 110.14544, -7.86359 ], [ 110.14518, -7.86366 ], [ 110.14477, -7.86377 ], [ 110.14443, -7.86386 ], [ 110.144342, -7.863885 ], [ 110.14411, -7.86395 ], [ 110.14353, -7.86414 ], [ 110.14271, -7.86442 ], [ 110.14222, -7.8646 ], [ 110.14215, -7.86462 ], [ 110.141745, -7.864746 ], [ 110.141713, -7.864756 ], [ 110.14141, -7.86485 ], [ 110.14061, -7.8651 ], [ 110.14055, -7.86512 ], [ 110.14015, -7.86526 ], [ 110.139904, -7.865336 ], [ 110.13986, -7.86535 ], [ 110.1396, -7.86544 ], [ 110.13946, -7.8655 ], [ 110.139156, -7.865576 ], [ 110.1391, -7.86559 ], [ 110.13904, -7.86561 ], [ 110.139039, -7.86561 ], [ 110.13873, -7.8657 ], [ 110.138169, -7.865862 ], [ 110.13766, -7.86601 ], [ 110.13745, -7.86607 ], [ 110.137, -7.86621 ], [ 110.13664, -7.86632 ], [ 110.136571, -7.866351 ], [ 110.13655, -7.86636 ], [ 110.13601, -7.86655 ], [ 110.13489, -7.86692 ], [ 110.13461, -7.86701 ], [ 110.13443, -7.86706 ], [ 110.13401, -7.867196 ], [ 110.133848, -7.867249 ], [ 110.13366, -7.86731 ], [ 110.13335, -7.86739 ], [ 110.13311, -7.86745 ], [ 110.13306, -7.86751 ], [ 110.13299, -7.86757 ], [ 110.13285, -7.86763 ], [ 110.13268, -7.86767 ], [ 110.13243, -7.86774 ], [ 110.13236, -7.86774 ], [ 110.13225, -7.86779 ], [ 110.1316, -7.86802 ], [ 110.13153, -7.868035 ], [ 110.13115, -7.86812 ], [ 110.13072, -7.86824 ], [ 110.13026, -7.86841 ], [ 110.12995, -7.86852 ], [ 110.12965, -7.86862 ], [ 110.129563, -7.868655 ], [ 110.1294, -7.86872 ], [ 110.12927, -7.86878 ], [ 110.128931, -7.868865 ], [ 110.12871, -7.86892 ], [ 110.12798, -7.86917 ], [ 110.12776, -7.86925 ], [ 110.12749, -7.86932 ], [ 110.12744, -7.86934 ], [ 110.12725, -7.86941 ], [ 110.126324, -7.869716 ], [ 110.12595, -7.86984 ], [ 110.12553, -7.86997 ], [ 110.125249, -7.870056 ], [ 110.12517, -7.87008 ], [ 110.125, -7.87014 ], [ 110.12484, -7.87019 ], [ 110.12475, -7.87023 ], [ 110.12446, -7.87031 ], [ 110.12417, -7.8704 ], [ 110.12396, -7.87046 ], [ 110.123754, -7.87052 ], [ 110.1231, -7.87071 ], [ 110.12306, -7.87069 ], [ 110.12292, -7.87075 ], [ 110.122697, -7.870849 ] ] } },
{ "type": "Feature", "properties": { "Nm_Ruas": "Jl. Dipatiukur", "Status": "Jalan Kota", "Propinsi": "Jawa Barat", "Kab_Kot": "Kota Bandung", "risk_prediction": 1, "Satwil": "Polrestabes Bandung" }, "geometry": { "type": "LineString", "coordinates": [ [ 107.6128, -6.898722 ], [ 107.612908, -6.898623 ], [ 107.612979, -6.898569 ], [ 107.61303, -6.898537 ], [ 107.613062, -6.898517 ], [ 107.613117, -6.898483 ], [ 107.613208, -6.898445 ], [ 107.613553, -6.898224 ] ] } },
{ "type": "Feature", "properties": { "Nm_Ruas": "Jl. Dipatiukur", "Status": "Jalan Kota", "Propinsi": "Jawa Barat", "Kab_Kot": "Kota Bandung", "risk_prediction": 1, "Satwil": "Polrestabes Bandung" }, "geometry": { "type": "LineString", "coordinates": [ [ 107.613554, -6.898223 ], [ 107.613983, -6.897948 ], [ 107.615034, -6.897306 ], [ 107.615587, -6.896938 ], [ 107.615988, -6.896606 ], [ 107.616282, -6.89633 ], [ 107.616619, -6.895956 ], [ 107.616882, -6.895592 ], [ 107.616943, -6.8955 ], [ 107.617215, -6.895088 ], [ 107.617258, -6.895023 ], [ 107.617284, -6.894984 ], [ 107.617432, -6.894739 ], [ 107.617433, -6.894738 ], [ 107.617512, -6.894601 ], [ 107.617683, -6.894334 ] ] } },
{ "type": "Feature", "properties": { "Nm_Ruas": "Jl. Dipatiukur", "Status": "Jalan Kota", "Propinsi": "Jawa Barat", "Kab_Kot": "Kota Bandung", "risk_prediction": 1, "Satwil": "Polrestabes Bandung" }, "geometry": { "type": "LineString", "coordinates": [ [ 107.614303, -6.885397 ], [ 107.614244, -6.8854 ], [ 107.61414, -6.885369 ], [ 107.613931, -6.885313 ], [ 107.613919, -6.88531 ], [ 107.613763, -6.88529 ] ] } },
{ "type": "Feature", "properties": { "Nm_Ruas": "Jl. Dipatiukur", "Status": "Jalan Kota", "Propinsi": "Jawa Barat", "Kab_Kot": "Kota Bandung", "risk_prediction": 1, "Satwil": "Polrestabes Bandung" }, "geometry": { "type": "LineString", "coordinates": [ [ 107.613777, -6.885234 ], [ 107.613927, -6.885262 ], [ 107.613943, -6.885265 ], [ 107.614001, -6.885277 ], [ 107.614255, -6.885351 ], [ 107.614303, -6.885397 ] ] } },
{ "type": "Feature", "properties": { "Nm_Ruas": "Jl. Dipatiukur", "Status": "Jalan Kota", "Propinsi": "Jawa Barat", "Kab_Kot": "Kota Bandung", "risk_prediction": 1, "Satwil": "Polrestabes Bandung" }, "geometry": { "type": "LineString", "coordinates": [ [ 107.614303, -6.885397 ], [ 107.614409, -6.885461 ], [ 107.614486, -6.885516 ], [ 107.614543, -6.885571 ], [ 107.614599, -6.885634 ], [ 107.614631, -6.885669 ], [ 107.614661, -6.885715 ], [ 107.614703, -6.885795 ], [ 107.614734, -6.885882 ], [ 107.614894, -6.886412 ], [ 107.614949, -6.886574 ], [ 107.614967, -6.886627 ], [ 107.615092, -6.887011 ], [ 107.615109, -6.887064 ], [ 107.615204, -6.887351 ], [ 107.615241, -6.887463 ], [ 107.615279, -6.887568 ], [ 107.615698, -6.888699 ], [ 107.615802, -6.888981 ], [ 107.615854, -6.889097 ], [ 107.615889, -6.889175 ], [ 107.616034, -6.889473 ], [ 107.616274, -6.889819 ], [ 107.616565, -6.890241 ], [ 107.616618, -6.890318 ], [ 107.616623, -6.890325 ] ] } },
{ "type": "Feature", "properties": { "Nm_Ruas": "Jl. Dipatiukur", "Status": "Jalan Kota", "Propinsi": "Jawa Barat", "Kab_Kot": "Kota Bandung", "risk_prediction": 1, "Satwil": "Polrestabes Bandung" }, "geometry": { "type": "LineString", "coordinates": [ [ 107.616623, -6.890325 ], [ 107.616637, -6.890323 ], [ 107.616652, -6.890328 ], [ 107.616671, -6.890345 ], [ 107.616754, -6.890464 ], [ 107.61681, -6.890556 ], [ 107.616813, -6.890591 ] ] } },
{ "type": "Feature", "properties": { "Nm_Ruas": "Jl. Dipatiukur", "Status": "Jalan Kota", "Propinsi": "Jawa Barat", "Kab_Kot": "Kota Bandung", "risk_prediction": 1, "Satwil": "Polrestabes Bandung" }, "geometry": { "type": "LineString", "coordinates": [ [ 107.616813, -6.890591 ], [ 107.616781, -6.890577 ], [ 107.61663, -6.89037 ], [ 107.616622, -6.890354 ], [ 107.616619, -6.89034 ], [ 107.616623, -6.890325 ] ] } },
{ "type": "Feature", "properties": { "Nm_Ruas": "Jl. Dipatiukur", "Status": "Jalan Kota", "Propinsi": "Jawa Barat", "Kab_Kot": "Kota Bandung", "risk_prediction": 1, "Satwil": "Polrestabes Bandung" }, "geometry": { "type": "LineString", "coordinates": [ [ 107.616813, -6.890591 ], [ 107.616911, -6.890724 ], [ 107.616936, -6.89076 ], [ 107.61705, -6.890926 ], [ 107.617163, -6.891092 ], [ 107.617419, -6.891581 ], [ 107.617426, -6.891594 ], [ 107.617467, -6.891673 ], [ 107.617578, -6.891899 ], [ 107.617776, -6.892305 ], [ 107.617819, -6.892392 ] ] } },
{ "type": "Feature", "properties": { "Nm_Ruas": "Jl. Dipatiukur", "Status": "Jalan Kota", "Propinsi": "Jawa Barat", "Kab_Kot": "Kota Bandung", "risk_prediction": 1, "Satwil": "Polrestabes Bandung" }, "geometry": { "type": "LineString", "coordinates": [ [ 107.617819, -6.892392 ], [ 107.617995, -6.892588 ], [ 107.618007, -6.892837 ], [ 107.618025, -6.893229 ], [ 107.618027, -6.893272 ], [ 107.618034, -6.893413 ], [ 107.618036, -6.893457 ], [ 107.618036, -6.893486 ], [ 107.618038, -6.893855 ], [ 107.617997, -6.893939 ], [ 107.617959, -6.894004 ], [ 107.61783, -6.894218 ], [ 107.617782, -6.894272 ], [ 107.617683, -6.894334 ] ] } },
{ "type": "Feature", "properties": { "Nm_Ruas": "Jl. Dipatiukur", "Status": "Jalan Kota", "Propinsi": "Jawa Barat", "Kab_Kot": "Kota Bandung", "risk_prediction": 1, "Satwil": "Polrestabes Bandung" }, "geometry": { "type": "LineString", "coordinates": [ [ 107.617683, -6.894334 ], [ 107.61771, -6.894238 ], [ 107.617756, -6.894158 ], [ 107.617853, -6.894015 ], [ 107.617886, -6.893957 ] ] } },
{ "type": "Feature", "properties": { "Nm_Ruas": "Jl. Dipatiukur", "Status": "Jalan Kota", "Propinsi": "Jawa Barat", "Kab_Kot": "Kota Bandung", "risk_prediction": 1, "Satwil": "Polrestabes Bandung" }, "geometry": { "type": "LineString", "coordinates": [ [ 107.617908, -6.893291 ], [ 107.617907, -6.893273 ], [ 107.617894, -6.892788 ], [ 107.617879, -6.892686 ], [ 107.617819, -6.892393 ], [ 107.617819, -6.892392 ] ] } },
{ "type": "Feature", "properties": { "Nm_Ruas": "Jl. Diponegoro", "Status": "Jalan Kota", "Propinsi": "Jawa Barat", "Kab_Kot": "Kota Bandung", "risk_prediction": 1, "Satwil": "Polrestabes Bandung" }, "geometry": { "type": "LineString", "coordinates": [ [ 107.612522, -6.900205 ], [ 107.612595, -6.90024 ], [ 107.612738, -6.900306 ], [ 107.61286, -6.900354 ], [ 107.613085, -6.900413 ], [ 107.613196, -6.900433 ], [ 107.613239, -6.90044 ], [ 107.613349, -6.900456 ], [ 107.613385, -6.900461 ] ] } },
{ "type": "Feature", "properties": { "Nm_Ruas": "Jl. Diponegoro", "Status": "Jalan Provinsi", "Propinsi": "Jawa Barat", "Kab_Kot": "Kota Bandung", "risk_prediction": 1, "Satwil": "Polrestabes Bandung" }, "geometry": { "type": "LineString", "coordinates": [ [ 107.617797, -6.901302 ], [ 107.618055, -6.901293 ], [ 107.618155, -6.901286 ], [ 107.618519, -6.901271 ], [ 107.618702, -6.901267 ], [ 107.618719, -6.901267 ], [ 107.618981, -6.901261 ], [ 107.619124, -6.901254 ], [ 107.619167, -6.901251 ] ] } },
{ "type": "Feature", "properties": { "Nm_Ruas": "Jl. Diponegoro", "Status": "Jalan Provinsi", "Propinsi": "Jawa Barat", "Kab_Kot": "Kota Bandung", "risk_prediction": 1, "Satwil": "Polrestabes Bandung" }, "geometry": { "type": "LineString", "coordinates": [ [ 107.619167, -6.901251 ], [ 107.619246, -6.901203 ], [ 107.619302, -6.901193 ], [ 107.619419, -6.901188 ], [ 107.619538, -6.901184 ], [ 107.61992, -6.901174 ], [ 107.620058, -6.901171 ], [ 107.62084, -6.901149 ], [ 107.620964, -6.901146 ], [ 107.621303, -6.901138 ], [ 107.621677, -6.901129 ], [ 107.62174, -6.901127 ], [ 107.622125, -6.901117 ], [ 107.622408, -6.90111 ], [ 107.623493, -6.901083 ], [ 107.623669, -6.901079 ], [ 107.623812, -6.901075 ], [ 107.624188, -6.901066 ], [ 107.624392, -6.901061 ], [ 107.624694, -6.901053 ], [ 107.624928, -6.901048 ], [ 107.62512, -6.901044 ], [ 107.625297, -6.901043 ] ] } },
{ "type": "Feature", "properties": { "Nm_Ruas": "Jl. Diponegoro", "Status": "Jalan Provinsi", "Propinsi": "Jawa Barat", "Kab_Kot": "Kota Bandung", "risk_prediction": 1, "Satwil": "Polrestabes Bandung" }, "geometry": { "type": "LineString", "coordinates": [ [ 107.619934, -6.901257 ], [ 107.619705, -6.901265 ], [ 107.619512, -6.901267 ], [ 107.619423, -6.901269 ], [ 107.619302, -6.901272 ], [ 107.619247, -6.90127 ], [ 107.619167, -6.901251 ] ] } },
{ "type": "Feature", "properties": { "Nm_Ruas": "Jl. Dr. Abdul Rivai", "Status": "Jalan Kota", "Propinsi": "Jawa Barat", "Kab_Kot": "Kota Bandung", "risk_prediction": 1, "Satwil": "Polrestabes Bandung" }, "geometry": { "type": "LineString", "coordinates": [ [ 107.602447, -6.904185 ], [ 107.602461, -6.904232 ], [ 107.602473, -6.904279 ], [ 107.60248, -6.904328 ], [ 107.602484, -6.904383 ], [ 107.602485, -6.904433 ], [ 107.60248, -6.904498 ], [ 107.602571, -6.904501 ], [ 107.602921, -6.904503 ], [ 107.602977, -6.904488 ], [ 107.603041, -6.904464 ], [ 107.60306, -6.904455 ] ] } },
{ "type": "Feature", "properties": { "Nm_Ruas": "Jl. Dr. Cipto", "Status": "Jalan Kota", "Propinsi": "Jawa Barat", "Kab_Kot": "Kota Bandung", "risk_prediction": 1, "Satwil": "Polrestabes Bandung" }, "geometry": { "type": "LineString", "coordinates": [ [ 107.598794, -6.906746 ], [ 107.598872, -6.906716 ], [ 107.598955, -6.906678 ], [ 107.59905, -6.906628 ], [ 107.599226, -6.906536 ], [ 107.599346, -6.906452 ], [ 107.599393, -6.906422 ], [ 107.59941, -6.906409 ], [ 107.599569, -6.906286 ], [ 107.599571, -6.906284 ], [ 107.599575, -6.906281 ], [ 107.599921, -6.906024 ], [ 107.600441, -6.905609 ], [ 107.600642, -6.905462 ], [ 107.601041, -6.905171 ], [ 107.601154, -6.905081 ], [ 107.601286, -6.904984 ], [ 107.601325, -6.904935 ], [ 107.601337, -6.904896 ], [ 107.601339, -6.904888 ], [ 107.601519, -6.904878 ], [ 107.602129, -6.904842 ], [ 107.602172, -6.904835 ], [ 107.602213, -6.904824 ], [ 107.602231, -6.904817 ], [ 107.602248, -6.904811 ], [ 107.602288, -6.904787 ], [ 107.602324, -6.904762 ], [ 107.602355, -6.904735 ], [ 107.602387, -6.904698 ], [ 107.60241, -6.904667 ], [ 107.602434, -6.904626 ], [ 107.602453, -6.90459 ], [ 107.602469, -6.904546 ], [ 107.60248, -6.904498 ] ] } },
{ "type": "Feature", "properties": { "Nm_Ruas": "Jl. Dr. Djundjunan", "Status": "Jalan Nasional", "Propinsi": "Jawa Barat", "Kab_Kot": "Kota Bandung", "risk_prediction": 1, "Satwil": "Polrestabes Bandung" }, "geometry": { "type": "LineString", "coordinates": [ [ 107.576189, -6.89111 ], [ 107.576343, -6.891143 ], [ 107.576486, -6.891158 ] ] } },
{ "type": "Feature", "properties": { "Nm_Ruas": "Jl. Dr. Djundjunan", "Status": "Jalan Nasional", "Propinsi": "Jawa Barat", "Kab_Kot": "Kota Bandung", "risk_prediction": 1, "Satwil": "Polrestabes Bandung" }, "geometry": { "type": "LineString", "coordinates": [ [ 107.580054, -6.891692 ], [ 107.579705, -6.891535 ], [ 107.57927, -6.891323 ], [ 107.578909, -6.891167 ], [ 107.578663, -6.891085 ], [ 107.578494, -6.891028 ], [ 107.578447, -6.891012 ], [ 107.578141, -6.890935 ], [ 107.577916, -6.890878 ], [ 107.577391, -6.890758 ], [ 107.577259, -6.890729 ], [ 107.576885, -6.890648 ], [ 107.576803, -6.890628 ], [ 107.576732, -6.890622 ], [ 107.576688, -6.89063 ] ] } },
{ "type": "Feature", "properties": { "Nm_Ruas": "Jl. Dr. Djundjunan", "Status": "Jalan Nasional", "Propinsi": "Jawa Barat", "Kab_Kot": "Kota Bandung", "risk_prediction": 1, "Satwil": "Polrestabes Bandung" }, "geometry": { "type": "LineString", "coordinates": [ [ 107.581106, -6.892045 ], [ 107.581081, -6.892001 ], [ 107.581044, -6.891972 ], [ 107.580995, -6.891933 ], [ 107.580934, -6.891901 ], [ 107.58087, -6.891894 ], [ 107.580764, -6.891893 ], [ 107.580627, -6.891886 ], [ 107.580511, -6.891867 ], [ 107.580391, -6.891833 ], [ 107.58033, -6.89181 ], [ 107.580272, -6.891787 ] ] } },
{ "type": "Feature", "properties": { "Nm_Ruas": "Jl. Dr. Djundjunan", "Status": "Jalan Nasional", "Propinsi": "Jawa Barat", "Kab_Kot": "Kota Bandung", "risk_prediction": 1, "Satwil": "Polrestabes Bandung" }, "geometry": { "type": "LineString", "coordinates": [ [ 107.581058, -6.892147 ], [ 107.581157, -6.892168 ], [ 107.581318, -6.892198 ], [ 107.581947, -6.892275 ], [ 107.581954, -6.892275 ] ] } },
{ "type": "Feature", "properties": { "Nm_Ruas": "Jl. Dr. Djundjunan", "Status": "Jalan Nasional", "Propinsi": "Jawa Barat", "Kab_Kot": "Kota Bandung", "risk_prediction": 1, "Satwil": "Polrestabes Bandung" }, "geometry": { "type": "LineString", "coordinates": [ [ 107.592939, -6.897688 ], [ 107.592971, -6.897712 ], [ 107.593017, -6.897745 ], [ 107.593218, -6.897932 ], [ 107.593531, -6.898235 ], [ 107.593602, -6.898303 ], [ 107.593603, -6.898304 ], [ 107.594085, -6.898658 ], [ 107.594114, -6.898679 ], [ 107.594315, -6.898858 ], [ 107.594445, -6.898974 ], [ 107.594767, -6.899275 ], [ 107.595013, -6.899501 ], [ 107.595258, -6.899685 ], [ 107.595426, -6.899799 ], [ 107.595551, -6.899865 ], [ 107.595629, -6.899907 ], [ 107.595736, -6.899957 ], [ 107.595858, -6.900005 ], [ 107.596011, -6.900057 ], [ 107.59625, -6.90012 ], [ 107.59634, -6.900147 ], [ 107.596453, -6.900171 ], [ 107.596462, -6.900173 ], [ 107.596578, -6.900185 ], [ 107.596791, -6.900205 ], [ 107.597049, -6.900207 ], [ 107.597357, -6.900208 ] ] } },
{ "type": "Feature", "properties": { "Nm_Ruas": "Jl. Dr. Gunawan", "Status": "Jalan Kota", "Propinsi": "Jawa Barat", "Kab_Kot": "Kota Bandung", "risk_prediction": 1, "Satwil": "Polrestabes Bandung" }, "geometry": { "type": "LineString", "coordinates": [ [ 107.601339, -6.904888 ], [ 107.601403, -6.904652 ], [ 107.601436, -6.90422 ], [ 107.60136, -6.904013 ], [ 107.601353, -6.904015 ] ] } },
{ "type": "Feature", "properties": { "Nm_Ruas": "Jl. Dr. Radjiman", "Status": "Jalan Kota", "Propinsi": "Jawa Barat", "Kab_Kot": "Kota Bandung", "risk_prediction": 1, "Satwil": "Polrestabes Bandung" }, "geometry": { "type": "LineString", "coordinates": [ [ 107.597534, -6.903992 ], [ 107.598421, -6.903982 ], [ 107.598422, -6.903982 ], [ 107.598428, -6.903982 ], [ 107.598438, -6.903981 ] ] } },
{ "type": "Feature", "properties": { "Nm_Ruas": "Jl. Dr. Rum", "Status": "Jalan Kota", "Propinsi": "Jawa Barat", "Kab_Kot": "Kota Bandung", "risk_prediction": 1, "Satwil": "Polrestabes Bandung" }, "geometry": { "type": "LineString", "coordinates": [ [ 107.601339, -6.904888 ], [ 107.601133, -6.904894 ], [ 107.600971, -6.9049 ], [ 107.60085, -6.904909 ], [ 107.600435, -6.904918 ], [ 107.600327, -6.904921 ], [ 107.599693, -6.904933 ], [ 107.59884, -6.904938 ], [ 107.598539, -6.904937 ], [ 107.598458, -6.904937 ], [ 107.597763, -6.904938 ], [ 107.597554, -6.904933 ] ] } },
{ "type": "Feature", "properties": { "Nm_Ruas": "Jl. Dr. Setiabudi", "Status": "Jalan Provinsi", "Propinsi": "Jawa Barat", "Kab_Kot": "Kota Bandung", "risk_prediction": 1, "Satwil": "Polrestabes Bandung" }, "geometry": { "type": "LineString", "coordinates": [ [ 107.594394, -6.863848 ], [ 107.594394, -6.863923 ], [ 107.59439, -6.863942 ], [ 107.594376, -6.864013 ], [ 107.594299, -6.864287 ], [ 107.594248, -6.864497 ], [ 107.594221, -6.864611 ], [ 107.594184, -6.86482 ], [ 107.594184, -6.864823 ], [ 107.594146, -6.865063 ], [ 107.594096, -6.865108 ] ] } },
{ "type": "Feature", "properties": { "Nm_Ruas": "Jl. Dr. Setiabudi", "Status": "Jalan Provinsi", "Propinsi": "Jawa Barat", "Kab_Kot": "Kota Bandung", "risk_prediction": 1, "Satwil": "Polrestabes Bandung" }, "geometry": { "type": "LineString", "coordinates": [ [ 107.594096, -6.865108 ], [ 107.594073, -6.865056 ], [ 107.594078, -6.864995 ], [ 107.594112, -6.864801 ], [ 107.594154, -6.864606 ], [ 107.594183, -6.864481 ], [ 107.594232, -6.86428 ], [ 107.594247, -6.864226 ], [ 107.594314, -6.863983 ], [ 107.594341, -6.863927 ], [ 107.594348, -6.863913 ], [ 107.594394, -6.863848 ] ] } },
{ "type": "Feature", "properties": { "Nm_Ruas": "Jl. Dr. Setiabudi", "Status": "Jalan Provinsi", "Propinsi": "Jawa Barat", "Kab_Kot": "Kota Bandung", "risk_prediction": 1, "Satwil": "Polrestabes Bandung" }, "geometry": { "type": "LineString", "coordinates": [ [ 107.594096, -6.865108 ], [ 107.594049, -6.865502 ], [ 107.594044, -6.865556 ], [ 107.594028, -6.8657 ], [ 107.593994, -6.866016 ], [ 107.59398, -6.866147 ], [ 107.593948, -6.866412 ], [ 107.59394, -6.866472 ], [ 107.593914, -6.86669 ], [ 107.593824, -6.867404 ], [ 107.593789, -6.867701 ], [ 107.593756, -6.867933 ], [ 107.593713, -6.868224 ], [ 107.593709, -6.868246 ], [ 107.593703, -6.868294 ], [ 107.593693, -6.868362 ], [ 107.593659, -6.868628 ], [ 107.593653, -6.868685 ], [ 107.593637, -6.868816 ], [ 107.593618, -6.86896 ], [ 107.593606, -6.869061 ], [ 107.593572, -6.869361 ], [ 107.593563, -6.869439 ], [ 107.593554, -6.869523 ], [ 107.593534, -6.869695 ], [ 107.593525, -6.86977 ], [ 107.593517, -6.869868 ], [ 107.59351, -6.869957 ], [ 107.593506, -6.870101 ], [ 107.593525, -6.870426 ], [ 107.593618, -6.870782 ], [ 107.593746, -6.871154 ], [ 107.593792, -6.871278 ], [ 107.593797, -6.871288 ], [ 107.593895, -6.871503 ], [ 107.594069, -6.871792 ], [ 107.594414, -6.872232 ], [ 107.594807, -6.872718 ], [ 107.59498, -6.872925 ], [ 107.595111, -6.873094 ], [ 107.595302, -6.87333 ], [ 107.595537, -6.873622 ], [ 107.595662, -6.873779 ], [ 107.595681, -6.873806 ], [ 107.595691, -6.873817 ], [ 107.595731, -6.873883 ], [ 107.595759, -6.873936 ], [ 107.595788, -6.873988 ], [ 107.595826, -6.874064 ], [ 107.595827, -6.874066 ], [ 107.595884, -6.874108 ], [ 107.595923, -6.874145 ], [ 107.595999, -6.874251 ], [ 107.596042, -6.874307 ], [ 107.596108, -6.874408 ], [ 107.596131, -6.874445 ], [ 107.596214, -6.874582 ], [ 107.596241, -6.874624 ], [ 107.596267, -6.874666 ], [ 107.596352, -6.874795 ], [ 107.596354, -6.874799 ], [ 107.596358, -6.874804 ], [ 107.596418, -6.874893 ], [ 107.596537, -6.875091 ], [ 107.596685, -6.875356 ], [ 107.59675, -6.87549 ], [ 107.596756, -6.875502 ], [ 107.596857, -6.875696 ], [ 107.596925, -6.875784 ], [ 107.597224, -6.87601 ], [ 107.597375, -6.876119 ], [ 107.597416, -6.87616 ], [ 107.59745, -6.87621 ], [ 107.597493, -6.876291 ], [ 107.597527, -6.876394 ], [ 107.59754, -6.876462 ], [ 107.597547, -6.876547 ], [ 107.597546, -6.876633 ], [ 107.597517, -6.876786 ], [ 107.597506, -6.876831 ], [ 107.59747, -6.876986 ], [ 107.59745, -6.877112 ], [ 107.597455, -6.877208 ], [ 107.597477, -6.877321 ], [ 107.597494, -6.877379 ] ] } },
{ "type": "Feature", "properties": { "Nm_Ruas": "Jl. Dr. Setiabudi", "Status": "Jalan Provinsi", "Propinsi": "Jawa Barat", "Kab_Kot": "Kota Bandung", "risk_prediction": 1, "Satwil": "Polrestabes Bandung" }, "geometry": { "type": "LineString", "coordinates": [ [ 107.596661, -6.851558 ], [ 107.596592, -6.851851 ], [ 107.596554, -6.852017 ], [ 107.596343, -6.852919 ], [ 107.596308, -6.853073 ], [ 107.596274, -6.853238 ], [ 107.595942, -6.854558 ], [ 107.595927, -6.854633 ], [ 107.595913, -6.854697 ], [ 107.595842, -6.855041 ], [ 107.595682, -6.855706 ], [ 107.595628, -6.855968 ], [ 107.595569, -6.856254 ], [ 107.595525, -6.856431 ], [ 107.595421, -6.856856 ], [ 107.595227, -6.857597 ], [ 107.595155, -6.857884 ], [ 107.595144, -6.857927 ], [ 107.595005, -6.858474 ], [ 107.594955, -6.85871 ], [ 107.594942, -6.858762 ], [ 107.594942, -6.858764 ], [ 107.59493, -6.858844 ], [ 107.594917, -6.858911 ], [ 107.594873, -6.859188 ], [ 107.594843, -6.859355 ], [ 107.594831, -6.859424 ], [ 107.594809, -6.859551 ], [ 107.594805, -6.859571 ], [ 107.594797, -6.859654 ], [ 107.594757, -6.860037 ], [ 107.594753, -6.860072 ], [ 107.594749, -6.860105 ], [ 107.594742, -6.860153 ], [ 107.59473, -6.860228 ], [ 107.594688, -6.860499 ], [ 107.594683, -6.860589 ], [ 107.594682, -6.860712 ], [ 107.594691, -6.860783 ], [ 107.594711, -6.86088 ], [ 107.594754, -6.860984 ], [ 107.594789, -6.861054 ], [ 107.594834, -6.861136 ], [ 107.594873, -6.861189 ], [ 107.594914, -6.861242 ], [ 107.595009, -6.861346 ], [ 107.595089, -6.861426 ], [ 107.595173, -6.861488 ], [ 107.595248, -6.861538 ], [ 107.595416, -6.861651 ], [ 107.595548, -6.861742 ], [ 107.595831, -6.861938 ], [ 107.595987, -6.862046 ], [ 107.596167, -6.862172 ], [ 107.596199, -6.862207 ], [ 107.596224, -6.862261 ], [ 107.596224, -6.862325 ], [ 107.596214, -6.862385 ], [ 107.5962, -6.862421 ], [ 107.596047, -6.862775 ], [ 107.595926, -6.862985 ], [ 107.595836, -6.863069 ], [ 107.59578, -6.863124 ], [ 107.595735, -6.863154 ], [ 107.595682, -6.863178 ], [ 107.59559, -6.863212 ], [ 107.595582, -6.863215 ], [ 107.594751, -6.863442 ], [ 107.594634, -6.863496 ], [ 107.594575, -6.863534 ], [ 107.594512, -6.863602 ], [ 107.594469, -6.863669 ], [ 107.594394, -6.863848 ] ] } },
{ "type": "Feature", "properties": { "Nm_Ruas": "Jl. Dr. Sutomo", "Status": "Jalan Kota", "Propinsi": "Daerah Istimewa Yogyakarta", "Kab_Kot": "Kota Yogyakarta", "risk_prediction": 1, "Satwil": "Polda DI Yogyakarta" }, "geometry": { "type": "LineString", "coordinates": [ [ 110.377896, -7.791867 ], [ 110.377895, -7.791905 ], [ 110.377925, -7.792292 ], [ 110.37793, -7.792574 ], [ 110.377923, -7.792774 ], [ 110.377893, -7.79363 ], [ 110.37789, -7.793681 ], [ 110.377877, -7.793896 ], [ 110.377857, -7.794282 ], [ 110.37784, -7.794588 ], [ 110.377825, -7.794861 ], [ 110.377812, -7.795136 ], [ 110.377791, -7.795494 ] ] } },
{ "type": "Feature", "properties": { "Nm_Ruas": "Jl. Dukuh Sari", "Status": "Jalan Kota", "Propinsi": "Bali", "Kab_Kot": "Kota Denpasar", "risk_prediction": 1, "Satwil": "Polda Bali" }, "geometry": { "type": "LineString", "coordinates": [ [ 115.218786, -8.695325 ], [ 115.218682, -8.69533 ], [ 115.218563, -8.695263 ], [ 115.218353, -8.695101 ], [ 115.218299, -8.695073 ], [ 115.21826, -8.69506 ], [ 115.217982, -8.695051 ], [ 115.217959, -8.695051 ] ] } },
{ "type": "Feature", "properties": { "Nm_Ruas": "Jl. Dursasana", "Status": "Jalan Kota", "Propinsi": "Jawa Barat", "Kab_Kot": "Kota Bandung", "risk_prediction": 1, "Satwil": "Polrestabes Bandung" }, "geometry": { "type": "LineString", "coordinates": [ [ 107.597259, -6.90399 ], [ 107.597534, -6.903992 ] ] } },
{ "type": "Feature", "properties": { "Nm_Ruas": "Jl. Empu Gandring", "Status": "Jalan Kota", "Propinsi": "Bali", "Kab_Kot": "Kota Denpasar", "risk_prediction": 1, "Satwil": "Polda Bali" }, "geometry": { "type": "LineString", "coordinates": [ [ 115.209475, -8.632161 ], [ 115.209543, -8.632134 ], [ 115.209639, -8.632106 ], [ 115.209658, -8.632102 ], [ 115.209701, -8.632088 ], [ 115.209734, -8.632099 ], [ 115.20979, -8.632096 ], [ 115.209937, -8.632043 ], [ 115.209941, -8.632042 ] ] } },
{ "type": "Feature", "properties": { "Nm_Ruas": "Jl. Gajah Sura", "Status": "Jalan Kota", "Propinsi": "Bali", "Kab_Kot": "Kota Denpasar", "risk_prediction": 1, "Satwil": "Polda Bali" }, "geometry": { "type": "LineString", "coordinates": [ [ 115.214495, -8.598901 ], [ 115.214593, -8.598905 ], [ 115.214791, -8.598909 ], [ 115.214906, -8.598913 ], [ 115.215033, -8.598918 ], [ 115.215293, -8.59893 ], [ 115.215402, -8.598936 ] ] } },
{ "type": "Feature", "properties": { "Nm_Ruas": "Jl. Gandok - Klebengan", "Status": "Jalan Kabupaten", "Propinsi": "Daerah Istimewa Yogyakarta", "Kab_Kot": "Sleman", "risk_prediction": 1, "Satwil": "Polda DI Yogyakarta" }, "geometry": { "type": "LineString", "coordinates": [ [ 110.387912, -7.767256 ], [ 110.387665, -7.768026 ], [ 110.387633, -7.768115 ] ] } },
{ "type": "Feature", "properties": { "Nm_Ruas": "Jl. Ganeca", "Status": "Jalan Kota", "Propinsi": "Jawa Barat", "Kab_Kot": "Kota Bandung", "risk_prediction": 1, "Satwil": "Polrestabes Bandung" }, "geometry": { "type": "LineString", "coordinates": [ [ 107.6121, -6.893606 ], [ 107.612145, -6.893614 ], [ 107.612335, -6.893649 ], [ 107.612577, -6.893691 ], [ 107.612929, -6.893752 ], [ 107.61299, -6.893766 ], [ 107.612992, -6.893766 ], [ 107.613052, -6.893774 ] ] } },
{ "type": "Feature", "properties": { "Nm_Ruas": "Jl. Gang Maruti", "Status": "Jalan Kota", "Propinsi": "Bali", "Kab_Kot": "Kota Denpasar", "risk_prediction": 1, "Satwil": "Polda Bali" }, "geometry": { "type": "LineString", "coordinates": [ [ 115.211431, -8.668695 ], [ 115.211437, -8.668733 ], [ 115.211339, -8.668982 ], [ 115.211256, -8.669465 ], [ 115.211248, -8.669509 ] ] } },
{ "type": "Feature", "properties": { "Nm_Ruas": "Jl. Gangin - Ngebel", "Status": "Jalan Kabupaten", "Propinsi": "Daerah Istimewa Yogyakarta", "Kab_Kot": "Bantul", "risk_prediction": 1, "Satwil": "Polda DI Yogyakarta" }, "geometry": { "type": "LineString", "coordinates": [ [ 110.319871, -7.829146 ], [ 110.319869, -7.829073 ], [ 110.319868, -7.829035 ], [ 110.319862, -7.828874 ], [ 110.319856, -7.828735 ], [ 110.319858, -7.828607 ], [ 110.319865, -7.828242 ] ] } },
{ "type": "Feature", "properties": { "Nm_Ruas": "Jl. Gardujati", "Status": "Jalan Kota", "Propinsi": "Jawa Barat", "Kab_Kot": "Kota Bandung", "risk_prediction": 1, "Satwil": "Polrestabes Bandung" }, "geometry": { "type": "LineString", "coordinates": [ [ 107.598211, -6.917227 ], [ 107.598207, -6.917087 ], [ 107.598185, -6.916448 ], [ 107.598184, -6.916412 ], [ 107.59818, -6.916324 ] ] } },
{ "type": "Feature", "properties": { "Nm_Ruas": "Jl. Gasibu Barat", "Status": "Jalan Provinsi", "Propinsi": "Jawa Barat", "Kab_Kot": "Kota Bandung", "risk_prediction": 1, "Satwil": "Polrestabes Bandung" }, "geometry": { "type": "LineString", "coordinates": [ [ 107.618055, -6.901293 ], [ 107.618041, -6.900389 ] ] } },
{ "type": "Feature", "properties": { "Nm_Ruas": "Jl. Gatot Subroto - Gaji", "Status": "Jalan Kabupaten", "Propinsi": "Bali", "Kab_Kot": "Badung", "risk_prediction": 1, "Satwil": "Polda Bali" }, "geometry": { "type": "LineString", "coordinates": [ [ 115.174562, -8.623253 ], [ 115.17452, -8.623518 ], [ 115.174492, -8.623763 ], [ 115.174464, -8.624242 ], [ 115.174416, -8.625209 ], [ 115.174411, -8.625419 ], [ 115.174419, -8.625885 ], [ 115.174431, -8.626134 ], [ 115.174444, -8.626382 ], [ 115.174458, -8.626546 ], [ 115.1745, -8.626764 ], [ 115.174559, -8.627049 ], [ 115.174648, -8.627388 ], [ 115.174712, -8.627591 ], [ 115.17477, -8.627749 ], [ 115.174834, -8.627923 ], [ 115.174889, -8.628076 ], [ 115.175113, -8.628668 ], [ 115.175187, -8.628862 ], [ 115.175238, -8.629026 ], [ 115.175308, -8.629249 ], [ 115.175516, -8.629886 ], [ 115.175518, -8.629891 ], [ 115.175547, -8.629981 ], [ 115.17565, -8.630265 ], [ 115.175811, -8.630741 ], [ 115.17584, -8.630827 ], [ 115.176041, -8.631412 ], [ 115.176148, -8.631735 ], [ 115.17616, -8.63177 ], [ 115.176166, -8.63179 ], [ 115.176196, -8.631926 ], [ 115.1762, -8.63195 ], [ 115.176203, -8.632007 ], [ 115.176188, -8.632199 ], [ 115.17617, -8.632327 ], [ 115.176113, -8.632614 ], [ 115.17611, -8.63263 ], [ 115.176108, -8.632637 ], [ 115.176079, -8.632785 ], [ 115.176019, -8.633191 ], [ 115.175958, -8.633526 ], [ 115.175932, -8.633666 ], [ 115.175897, -8.633827 ], [ 115.17587, -8.63394 ], [ 115.175795, -8.634273 ], [ 115.175778, -8.634344 ], [ 115.175762, -8.634413 ], [ 115.175744, -8.634488 ], [ 115.175663, -8.634745 ], [ 115.175587, -8.634948 ], [ 115.175471, -8.635274 ], [ 115.17547, -8.635276 ], [ 115.17536, -8.63554 ], [ 115.175277, -8.635777 ], [ 115.175255, -8.635842 ], [ 115.175178, -8.636059 ], [ 115.175144, -8.636121 ] ] } },
{ "type": "Feature", "properties": { "Nm_Ruas": "Jl. Gatot Subroto I", "Status": "Jalan Kota", "Propinsi": "Bali", "Kab_Kot": "Kota Denpasar", "risk_prediction": 1, "Satwil": "Polda Bali" }, "geometry": { "type": "LineString", "coordinates": [ [ 115.220776, -8.63577 ], [ 115.220782, -8.63561 ], [ 115.220788, -8.635444 ], [ 115.220793, -8.635299 ], [ 115.220795, -8.635212 ], [ 115.220795, -8.635193 ], [ 115.220796, -8.63515 ], [ 115.220791, -8.635023 ], [ 115.2208, -8.634861 ] ] } },
{ "type": "Feature", "properties": { "Nm_Ruas": "Jl. Gatot Subroto II", "Status": "Jalan Kota", "Propinsi": "Bali", "Kab_Kot": "Kota Denpasar", "risk_prediction": 1, "Satwil": "Polda Bali" }, "geometry": { "type": "LineString", "coordinates": [ [ 115.220776, -8.63577 ], [ 115.220777, -8.636003 ], [ 115.220782, -8.636244 ], [ 115.22078, -8.636279 ], [ 115.220775, -8.636351 ], [ 115.220765, -8.636528 ], [ 115.220761, -8.636679 ] ] } },
{ "type": "Feature", "properties": { "Nm_Ruas": "Jl. Gatot Subroto IV", "Status": "Jalan Kota", "Propinsi": "Bali", "Kab_Kot": "Kota Denpasar", "risk_prediction": 1, "Satwil": "Polda Bali" }, "geometry": { "type": "LineString", "coordinates": [ [ 115.218275, -8.63576 ], [ 115.21828, -8.636039 ], [ 115.218282, -8.636185 ], [ 115.21829, -8.636375 ], [ 115.218293, -8.636445 ], [ 115.21829, -8.636669 ] ] } },
{ "type": "Feature", "properties": { "Nm_Ruas": "Jl. Gatot Subroto VI", "Status": "Jalan Kota", "Propinsi": "Bali", "Kab_Kot": "Kota Denpasar", "risk_prediction": 1, "Satwil": "Polda Bali" }, "geometry": { "type": "LineString", "coordinates": [ [ 115.21609, -8.636894 ], [ 115.21608, -8.636859 ], [ 115.216055, -8.636762 ], [ 115.216007, -8.636582 ], [ 115.215851, -8.636181 ] ] } },
{ "type": "Feature", "properties": { "Nm_Ruas": "Jl. Gedebage Raya", "Status": "Jalan Kota", "Propinsi": "Jawa Barat", "Kab_Kot": "Kota Bandung", "risk_prediction": 1, "Satwil": "Polrestabes Bandung" }, "geometry": { "type": "LineString", "coordinates": [ [ 107.687605, -6.950984 ], [ 107.686993, -6.950676 ], [ 107.686971, -6.950665 ], [ 107.686797, -6.950578 ] ] } },
{ "type": "Feature", "properties": { "Nm_Ruas": "Jl. Gedebage Raya", "Status": "Jalan Kota", "Propinsi": "Jawa Barat", "Kab_Kot": "Kota Bandung", "risk_prediction": 1, "Satwil": "Polrestabes Bandung" }, "geometry": { "type": "LineString", "coordinates": [ [ 107.686904, -6.950291 ], [ 107.686928, -6.95037 ], [ 107.686971, -6.950469 ], [ 107.687031, -6.950532 ], [ 107.687168, -6.950598 ], [ 107.687598, -6.950804 ] ] } },
{ "type": "Feature", "properties": { "Nm_Ruas": "Jl. Gedebage Selatan", "Status": "Jalan Provinsi", "Propinsi": "Jawa Barat", "Kab_Kot": "Kota Bandung", "risk_prediction": 1, "Satwil": "Polrestabes Bandung" }, "geometry": { "type": "LineString", "coordinates": [ [ 107.686714, -6.951477 ], [ 107.686797, -6.950578 ], [ 107.686798, -6.950575 ], [ 107.68683, -6.950436 ], [ 107.686904, -6.950291 ], [ 107.686966, -6.950193 ], [ 107.687197, -6.949767 ], [ 107.687208, -6.949747 ], [ 107.687342, -6.949501 ], [ 107.687457, -6.949289 ], [ 107.687655, -6.948937 ], [ 107.687827, -6.948598 ], [ 107.688419, -6.947642 ], [ 107.688655, -6.947186 ], [ 107.688743, -6.946856 ], [ 107.688784, -6.946537 ], [ 107.688787, -6.946478 ], [ 107.688806, -6.946287 ], [ 107.688806, -6.946266 ], [ 107.68884, -6.946049 ], [ 107.688882, -6.945757 ], [ 107.688888, -6.945717 ], [ 107.688951, -6.945346 ] ] } },
{ "type": "Feature", "properties": { "Nm_Ruas": "Jl. Gedongkuning", "Status": "Jalan Kota", "Propinsi": "Daerah Istimewa Yogyakarta", "Kab_Kot": "Kota Yogyakarta", "risk_prediction": 1, "Satwil": "Polda DI Yogyakarta" }, "geometry": { "type": "LineString", "coordinates": [ [ 110.402137, -7.811603 ], [ 110.402138, -7.811525 ], [ 110.402155, -7.811095 ], [ 110.402159, -7.810699 ], [ 110.402159, -7.810695 ], [ 110.402148, -7.810084 ], [ 110.40215, -7.809795 ], [ 110.402152, -7.809404 ], [ 110.402158, -7.808493 ], [ 110.402161, -7.808328 ], [ 110.402175, -7.807425 ], [ 110.402175, -7.80742 ], [ 110.402176, -7.807388 ], [ 110.402173, -7.807153 ], [ 110.402187, -7.806512 ] ] } },
{ "type": "Feature", "properties": { "Nm_Ruas": "Jl. Gegerkalong Girang", "Status": "Jalan Kota", "Propinsi": "Jawa Barat", "Kab_Kot": "Kota Bandung", "risk_prediction": 1, "Satwil": "Polrestabes Bandung" }, "geometry": { "type": "LineString", "coordinates": [ [ 107.593228, -6.864612 ], [ 107.594076, -6.864793 ], [ 107.594112, -6.864801 ] ] } },
{ "type": "Feature", "properties": { "Nm_Ruas": "Jl. Gegerkalong Hilir", "Status": "Jalan Kota", "Propinsi": "Jawa Barat", "Kab_Kot": "Kota Bandung", "risk_prediction": 1, "Satwil": "Polrestabes Bandung" }, "geometry": { "type": "LineString", "coordinates": [ [ 107.584289, -6.868248 ], [ 107.584395, -6.868271 ], [ 107.58517, -6.868452 ], [ 107.585171, -6.868453 ], [ 107.585452, -6.868477 ], [ 107.585479, -6.868474 ], [ 107.585505, -6.868467 ], [ 107.5856, -6.868419 ], [ 107.585615, -6.868413 ], [ 107.58563, -6.86841 ], [ 107.585727, -6.868396 ], [ 107.585779, -6.868395 ], [ 107.585836, -6.868404 ], [ 107.586043, -6.868492 ], [ 107.586055, -6.868497 ], [ 107.586084, -6.86851 ], [ 107.586103, -6.868519 ], [ 107.586857, -6.868889 ], [ 107.586896, -6.868908 ], [ 107.586988, -6.868953 ], [ 107.587611, -6.869147 ], [ 107.588013, -6.869285 ], [ 107.588982, -6.869619 ], [ 107.589215, -6.869697 ], [ 107.589287, -6.869717 ], [ 107.589718, -6.869857 ], [ 107.589736, -6.869863 ], [ 107.589788, -6.869879 ], [ 107.589845, -6.869892 ], [ 107.589965, -6.869903 ], [ 107.590116, -6.869917 ], [ 107.590266, -6.869916 ], [ 107.590498, -6.869916 ], [ 107.590618, -6.869919 ], [ 107.590621, -6.869919 ], [ 107.590899, -6.869926 ], [ 107.591279, -6.869952 ], [ 107.59152, -6.86999 ] ] } },
{ "type": "Feature", "properties": { "Nm_Ruas": "Jl. Gegerkalong Hilir", "Status": "Jalan Kota", "Propinsi": "Jawa Barat", "Kab_Kot": "Kota Bandung", "risk_prediction": 1, "Satwil": "Polrestabes Bandung" }, "geometry": { "type": "LineString", "coordinates": [ [ 107.592638, -6.870252 ], [ 107.592978, -6.870349 ], [ 107.593175, -6.870382 ], [ 107.593257, -6.870393 ], [ 107.593421, -6.870421 ], [ 107.593524, -6.870426 ], [ 107.593525, -6.870426 ] ] } },
{ "type": "Feature", "properties": { "Nm_Ruas": "Jl. Gelumpang Pinda", "Status": "Jalan Kabupaten", "Propinsi": "Bali", "Kab_Kot": "Gianyar", "risk_prediction": 1, "Satwil": "Polda Bali" }, "geometry": { "type": "LineString", "coordinates": [ [ 115.291914, -8.601822 ], [ 115.292063, -8.601833 ], [ 115.292225, -8.601812 ], [ 115.292291, -8.6018 ], [ 115.292376, -8.601781 ], [ 115.292558, -8.601739 ], [ 115.292663, -8.601707 ], [ 115.292756, -8.601681 ], [ 115.292803, -8.601669 ] ] } },
{ "type": "Feature", "properties": { "Nm_Ruas": "Jl. Gemitir ( Selatan)", "Status": "Jalan Kota", "Propinsi": "Bali", "Kab_Kot": "Kota Denpasar", "risk_prediction": 1, "Satwil": "Polda Bali" }, "geometry": { "type": "LineString", "coordinates": [ [ 115.269329, -8.648358 ], [ 115.269301, -8.648726 ], [ 115.269285, -8.648909 ], [ 115.269258, -8.649172 ], [ 115.269248, -8.649258 ] ] } },
{ "type": "Feature", "properties": { "Nm_Ruas": "Jl. Genitri", "Status": "Jalan Kota", "Propinsi": "Bali", "Kab_Kot": "Kota Denpasar", "risk_prediction": 1, "Satwil": "Polda Bali" }, "geometry": { "type": "LineString", "coordinates": [ [ 115.232321, -8.636113 ], [ 115.232187, -8.635769 ] ] } },
{ "type": "Feature", "properties": { "Nm_Ruas": "Jl. Golf", "Status": "Jalan Kota", "Propinsi": "Jawa Barat", "Kab_Kot": "Kota Bandung", "risk_prediction": 1, "Satwil": "Polrestabes Bandung" }, "geometry": { "type": "LineString", "coordinates": [ [ 107.690815, -6.912933 ], [ 107.690862, -6.912479 ], [ 107.690898, -6.912315 ], [ 107.690999, -6.912052 ], [ 107.691, -6.912048 ] ] } },
{ "type": "Feature", "properties": { "Nm_Ruas": "Jl. Golo", "Status": "Jalan Kota", "Propinsi": "Daerah Istimewa Yogyakarta", "Kab_Kot": "Kota Yogyakarta", "risk_prediction": 1, "Satwil": "Polda DI Yogyakarta" }, "geometry": { "type": "LineString", "coordinates": [ [ 110.381418, -7.816462 ], [ 110.381437, -7.815946 ], [ 110.381449, -7.815559 ] ] } },
{ "type": "Feature", "properties": { "Nm_Ruas": "Jl. Grand Boulevard", "Status": "Jalan Kota", "Propinsi": "Jawa Barat", "Kab_Kot": "Kota Bandung", "risk_prediction": 1, "Satwil": "Polrestabes Bandung" }, "geometry": { "type": "LineString", "coordinates": [ [ 107.691299, -6.953075 ], [ 107.691225, -6.953131 ], [ 107.691069, -6.953192 ], [ 107.690903, -6.953209 ], [ 107.690739, -6.953179 ], [ 107.690589, -6.953106 ], [ 107.690481, -6.953009 ] ] } },
{ "type": "Feature", "properties": { "Nm_Ruas": "Jl. Grand Boulevard", "Status": "Jalan Kota", "Propinsi": "Jawa Barat", "Kab_Kot": "Kota Bandung", "risk_prediction": 1, "Satwil": "Polrestabes Bandung" }, "geometry": { "type": "LineString", "coordinates": [ [ 107.690502, -6.952192 ], [ 107.6906, -6.952109 ], [ 107.690745, -6.952041 ], [ 107.690903, -6.952013 ], [ 107.691063, -6.952028 ], [ 107.691213, -6.952084 ], [ 107.691324, -6.952164 ] ] } },
{ "type": "Feature", "properties": { "Nm_Ruas": "Jl. Gudang Utara", "Status": "Jalan Kota", "Propinsi": "Jawa Barat", "Kab_Kot": "Kota Bandung", "risk_prediction": 1, "Satwil": "Polrestabes Bandung" }, "geometry": { "type": "LineString", "coordinates": [ [ 107.626552, -6.916961 ], [ 107.62664, -6.916982 ], [ 107.627041, -6.917079 ], [ 107.627268, -6.917119 ], [ 107.62744, -6.917114 ], [ 107.627443, -6.917114 ] ] } },
{ "type": "Feature", "properties": { "Nm_Ruas": "Jl. Gumicik Menguntur", "Status": "Jalan Kabupaten", "Propinsi": "Bali", "Kab_Kot": "Gianyar", "risk_prediction": 1, "Satwil": "Polda Bali" }, "geometry": { "type": "LineString", "coordinates": [ [ 115.260245, -8.63232 ], [ 115.260227, -8.632286 ], [ 115.260141, -8.632144 ], [ 115.260083, -8.632048 ] ] } },
{ "type": "Feature", "properties": { "Nm_Ruas": "Jl. Gunung Agung - Akses Kargo", "Status": "Jalan Nasional", "Propinsi": "Bali", "Kab_Kot": "Kota Denpasar", "risk_prediction": 1, "Satwil": "Polda Bali" }, "geometry": { "type": "LineString", "coordinates": [ [ 115.196571, -8.637768 ], [ 115.19658, -8.63761 ], [ 115.196613, -8.637273 ], [ 115.196632, -8.637121 ], [ 115.19667, -8.63687 ], [ 115.196672, -8.636865 ], [ 115.196677, -8.636854 ], [ 115.1968, -8.63657 ], [ 115.19684, -8.63646 ], [ 115.19688, -8.63634 ], [ 115.196907, -8.63626 ], [ 115.196908, -8.636257 ], [ 115.196988, -8.636023 ] ] } },
{ "type": "Feature", "properties": { "Nm_Ruas": "Jl. Gunung Agung - Gunung Sanghyang (Denpasar)", "Status": "Jalan Provinsi", "Propinsi": "Bali", "Kab_Kot": "Denpasar, Badung", "risk_prediction": 1, "Satwil": "Polda Bali" }, "geometry": { "type": "LineString", "coordinates": [ [ 115.174086, -8.646713 ], [ 115.173196, -8.646531 ], [ 115.173195, -8.64653 ], [ 115.173188, -8.646529 ], [ 115.173163, -8.646468 ], [ 115.172664, -8.64638 ], [ 115.172637, -8.646375 ], [ 115.17234, -8.646325 ] ] } },
{ "type": "Feature", "properties": { "Nm_Ruas": "Jl. Gunung Agung - Gunung Sanghyang (Denpasar)", "Status": "Jalan Provinsi", "Propinsi": "Bali", "Kab_Kot": "Denpasar, Badung", "risk_prediction": 1, "Satwil": "Polda Bali" }, "geometry": { "type": "LineString", "coordinates": [ [ 115.187359, -8.650839 ], [ 115.187124, -8.650824 ], [ 115.186506, -8.650765 ], [ 115.186505, -8.650765 ], [ 115.186455, -8.650761 ], [ 115.186455, -8.65076 ], [ 115.186467, -8.650451 ], [ 115.186499, -8.649859 ], [ 115.186511, -8.649653 ], [ 115.186512, -8.649621 ], [ 115.186502, -8.64925 ], [ 115.18646, -8.648755 ], [ 115.18645, -8.648754 ], [ 115.18644, -8.648752 ], [ 115.185552, -8.64861 ] ] } },
{ "type": "Feature", "properties": { "Nm_Ruas": "Jl. Gunung Andakasa", "Status": "Jalan Kota", "Propinsi": "Bali", "Kab_Kot": "Kota Denpasar", "risk_prediction": 1, "Satwil": "Polda Bali" }, "geometry": { "type": "LineString", "coordinates": [ [ 115.191542, -8.636636 ], [ 115.191558, -8.63636 ] ] } },
{ "type": "Feature", "properties": { "Nm_Ruas": "Jl. Gunung Catur", "Status": "Jalan Kota", "Propinsi": "Bali", "Kab_Kot": "Kota Denpasar", "risk_prediction": 1, "Satwil": "Polda Bali" }, "geometry": { "type": "LineString", "coordinates": [ [ 115.191558, -8.63636 ], [ 115.191518, -8.635992 ], [ 115.191402, -8.635626 ], [ 115.191387, -8.63558 ], [ 115.191353, -8.635479 ] ] } },
{ "type": "Feature", "properties": { "Nm_Ruas": "Jl. Gunung Soputan", "Status": "Jalan Kota", "Propinsi": "Bali", "Kab_Kot": "Kota Denpasar", "risk_prediction": 1, "Satwil": "Polda Bali" }, "geometry": { "type": "LineString", "coordinates": [ [ 115.189878, -8.688581 ], [ 115.189157, -8.688378 ], [ 115.189049, -8.688335 ], [ 115.189017, -8.688305 ], [ 115.189014, -8.688303 ], [ 115.188976, -8.688269 ], [ 115.18885, -8.68814 ], [ 115.188799, -8.688094 ], [ 115.188746, -8.688066 ], [ 115.188678, -8.688046 ], [ 115.188483, -8.688013 ], [ 115.18834, -8.687982 ], [ 115.188218, -8.687935 ], [ 115.188189, -8.687924 ], [ 115.188165, -8.687915 ], [ 115.187694, -8.687741 ], [ 115.187686, -8.687738 ], [ 115.18729, -8.68758 ], [ 115.186907, -8.687374 ], [ 115.186874, -8.687352 ], [ 115.186441, -8.687067 ], [ 115.186357, -8.687021 ], [ 115.186101, -8.686878 ] ] } },
{ "type": "Feature", "properties": { "Nm_Ruas": "Jl. Gunung Soputan I", "Status": "Jalan Kota", "Propinsi": "Bali", "Kab_Kot": "Kota Denpasar", "risk_prediction": 1, "Satwil": "Polda Bali" }, "geometry": { "type": "LineString", "coordinates": [ [ 115.186874, -8.687352 ], [ 115.187087, -8.686985 ], [ 115.187339, -8.686575 ] ] } },
{ "type": "Feature", "properties": { "Nm_Ruas": "Jl. Gunung Tangkuban Perahu Utara", "Status": "Jalan Kota", "Propinsi": "Bali", "Kab_Kot": "Kota Denpasar", "risk_prediction": 1, "Satwil": "Polda Bali" }, "geometry": { "type": "LineString", "coordinates": [ [ 115.185983, -8.656888 ], [ 115.18598, -8.656748 ], [ 115.185987, -8.65661 ], [ 115.186009, -8.656458 ], [ 115.186027, -8.65635 ], [ 115.186065, -8.656095 ], [ 115.186101, -8.655885 ], [ 115.186123, -8.655717 ], [ 115.186147, -8.655558 ], [ 115.18616, -8.655454 ], [ 115.186194, -8.655223 ], [ 115.186225, -8.655032 ], [ 115.186252, -8.654852 ], [ 115.186277, -8.654665 ], [ 115.186319, -8.654402 ], [ 115.186346, -8.654245 ], [ 115.186374, -8.654065 ], [ 115.186397, -8.653872 ], [ 115.186421, -8.653712 ], [ 115.186453, -8.653432 ], [ 115.18647, -8.653228 ], [ 115.186469, -8.653052 ], [ 115.18647, -8.652695 ], [ 115.186472, -8.652458 ], [ 115.186473, -8.652377 ], [ 115.186474, -8.652289 ], [ 115.186484, -8.651982 ], [ 115.186481, -8.651808 ], [ 115.18648, -8.651665 ], [ 115.18648, -8.651559 ], [ 115.186479, -8.651392 ], [ 115.186491, -8.65096 ], [ 115.186455, -8.650761 ] ] } },
{ "type": "Feature", "properties": { "Nm_Ruas": "Jl. Gurita", "Status": "Jalan Kota", "Propinsi": "Bali", "Kab_Kot": "Kota Denpasar", "risk_prediction": 1, "Satwil": "Polda Bali" }, "geometry": { "type": "LineString", "coordinates": [ [ 115.21906, -8.704441 ], [ 115.219331, -8.704413 ], [ 115.219834, -8.704345 ], [ 115.219846, -8.704343 ] ] } },
{ "type": "Feature", "properties": { "Nm_Ruas": "Jl. Guwang Rangkan", "Status": "Jalan Kabupaten", "Propinsi": "Bali", "Kab_Kot": "Gianyar", "risk_prediction": 1, "Satwil": "Polda Bali" }, "geometry": { "type": "LineString", "coordinates": [ [ 115.283526, -8.610746 ], [ 115.283566, -8.610746 ], [ 115.283616, -8.610746 ], [ 115.283706, -8.610728 ], [ 115.283825, -8.610716 ], [ 115.283963, -8.610706 ], [ 115.284118, -8.610699 ], [ 115.284256, -8.610697 ], [ 115.284379, -8.610694 ], [ 115.284432, -8.610692 ] ] } },
{ "type": "Feature", "properties": { "Nm_Ruas": "Jl. H. Achsan", "Status": "Jalan Kota", "Propinsi": "Jawa Barat", "Kab_Kot": "Kota Bandung", "risk_prediction": 1, "Satwil": "Polrestabes Bandung" }, "geometry": { "type": "LineString", "coordinates": [ [ 107.607467, -6.940086 ], [ 107.607447, -6.94008 ], [ 107.607285, -6.940026 ], [ 107.607164, -6.939984 ], [ 107.607015, -6.939936 ], [ 107.606904, -6.939903 ], [ 107.606829, -6.939886 ], [ 107.606762, -6.939882 ], [ 107.606737, -6.939884 ], [ 107.606712, -6.939889 ], [ 107.606679, -6.939897 ], [ 107.606655, -6.939902 ], [ 107.606636, -6.939906 ], [ 107.606596, -6.939916 ], [ 107.606578, -6.93992 ] ] } },
{ "type": "Feature", "properties": { "Nm_Ruas": "Jl. H. Kurdi", "Status": "Jalan Kota", "Propinsi": "Jawa Barat", "Kab_Kot": "Kota Bandung", "risk_prediction": 1, "Satwil": "Polrestabes Bandung" }, "geometry": { "type": "LineString", "coordinates": [ [ 107.60296, -6.943388 ], [ 107.603036, -6.943476 ], [ 107.603092, -6.943531 ], [ 107.60322, -6.943614 ], [ 107.603493, -6.943719 ], [ 107.603742, -6.943811 ] ] } },
{ "type": "Feature", "properties": { "Nm_Ruas": "Jl. H. Kurdi", "Status": "Jalan Kota", "Propinsi": "Jawa Barat", "Kab_Kot": "Kota Bandung", "risk_prediction": 1, "Satwil": "Polrestabes Bandung" }, "geometry": { "type": "LineString", "coordinates": [ [ 107.607018, -6.944105 ], [ 107.607068, -6.94409 ], [ 107.607796, -6.943832 ], [ 107.607871, -6.943805 ] ] } },
{ "type": "Feature", "properties": { "Nm_Ruas": "Jl. Hasanudin", "Status": "Jalan Kota", "Propinsi": "Jawa Barat", "Kab_Kot": "Kota Bandung", "risk_prediction": 1, "Satwil": "Polrestabes Bandung" }, "geometry": { "type": "LineString", "coordinates": [ [ 107.61387, -6.894837 ], [ 107.613486, -6.894829 ], [ 107.613434, -6.894826 ], [ 107.613301, -6.894822 ], [ 107.613049, -6.894809 ], [ 107.612966, -6.894805 ] ] } },
{ "type": "Feature", "properties": { "Nm_Ruas": "Jl. Hasanudin", "Status": "Jalan Kota", "Propinsi": "Jawa Barat", "Kab_Kot": "Kota Bandung", "risk_prediction": 1, "Satwil": "Polrestabes Bandung" }, "geometry": { "type": "LineString", "coordinates": [ [ 107.617432, -6.894739 ], [ 107.616632, -6.894853 ], [ 107.616535, -6.894856 ] ] } },
{ "type": "Feature", "properties": { "Nm_Ruas": "Jl. Holis", "Status": "Jalan Kota", "Propinsi": "Jawa Barat", "Kab_Kot": "Kota Bandung", "risk_prediction": 1, "Satwil": "Polrestabes Bandung" }, "geometry": { "type": "LineString", "coordinates": [ [ 107.565687, -6.943717 ], [ 107.565935, -6.943816 ], [ 107.56607, -6.943865 ], [ 107.566194, -6.943893 ], [ 107.566288, -6.943903 ], [ 107.566374, -6.943905 ], [ 107.566447, -6.943885 ], [ 107.566511, -6.943844 ], [ 107.566533, -6.943816 ] ] } },
{ "type": "Feature", "properties": { "Nm_Ruas": "Jl. Holis", "Status": "Jalan Kota", "Propinsi": "Jawa Barat", "Kab_Kot": "Kota Bandung", "risk_prediction": 1, "Satwil": "Polrestabes Bandung" }, "geometry": { "type": "LineString", "coordinates": [ [ 107.568052, -6.940675 ], [ 107.568092, -6.940593 ], [ 107.568177, -6.940459 ], [ 107.568568, -6.939933 ], [ 107.568569, -6.939933 ], [ 107.568731, -6.93969 ], [ 107.569003, -6.939267 ], [ 107.569063, -6.939177 ] ] } },
{ "type": "Feature", "properties": { "Nm_Ruas": "Jl. Holis", "Status": "Jalan Kota", "Propinsi": "Jawa Barat", "Kab_Kot": "Kota Bandung", "risk_prediction": 1, "Satwil": "Polrestabes Bandung" }, "geometry": { "type": "LineString", "coordinates": [ [ 107.575064, -6.924631 ], [ 107.575052, -6.92461 ], [ 107.575036, -6.924593 ], [ 107.575016, -6.924588 ], [ 107.574995, -6.92459 ], [ 107.574976, -6.924601 ], [ 107.574957, -6.924617 ], [ 107.574983, -6.924491 ], [ 107.575015, -6.924286 ] ] } },
{ "type": "Feature", "properties": { "Nm_Ruas": "Jl. Ibu Inggit Garnasih", "Status": "Jalan Kota", "Propinsi": "Jawa Barat", "Kab_Kot": "Kota Bandung", "risk_prediction": 1, "Satwil": "Polrestabes Bandung" }, "geometry": { "type": "LineString", "coordinates": [ [ 107.604294, -6.93154 ], [ 107.604158, -6.931522 ], [ 107.604003, -6.931507 ], [ 107.603922, -6.931496 ], [ 107.603453, -6.931435 ], [ 107.603397, -6.931428 ], [ 107.603396, -6.931428 ], [ 107.602497, -6.931315 ] ] } },
{ "type": "Feature", "properties": { "Nm_Ruas": "Jl. Indra Raya", "Status": "Jalan Kota", "Propinsi": "Jawa Barat", "Kab_Kot": "Kota Bandung", "risk_prediction": 1, "Satwil": "Polrestabes Bandung" }, "geometry": { "type": "LineString", "coordinates": [ [ 107.593458, -6.952143 ], [ 107.593674, -6.952204 ], [ 107.594253, -6.95229 ], [ 107.594348, -6.9523 ] ] } },
{ "type": "Feature", "properties": { "Nm_Ruas": "Jl. Inhofftank", "Status": "Jalan Kota", "Propinsi": "Jawa Barat", "Kab_Kot": "Kota Bandung", "risk_prediction": 1, "Satwil": "Polrestabes Bandung" }, "geometry": { "type": "LineString", "coordinates": [ [ 107.602316, -6.945588 ], [ 107.602323, -6.945554 ], [ 107.602359, -6.945378 ], [ 107.602375, -6.94531 ], [ 107.602439, -6.945129 ], [ 107.602447, -6.94506 ], [ 107.602436, -6.944979 ], [ 107.602419, -6.944932 ], [ 107.602391, -6.944829 ], [ 107.602388, -6.94476 ], [ 107.602398, -6.944708 ], [ 107.602401, -6.944693 ], [ 107.602402, -6.944689 ], [ 107.602422, -6.944631 ], [ 107.602444, -6.944572 ], [ 107.602499, -6.944504 ], [ 107.602526, -6.944478 ], [ 107.60256, -6.944448 ], [ 107.602626, -6.944411 ], [ 107.60269, -6.944371 ], [ 107.602741, -6.944323 ], [ 107.602772, -6.944245 ], [ 107.602799, -6.944112 ], [ 107.602821, -6.943963 ], [ 107.60285, -6.943767 ], [ 107.602909, -6.943577 ], [ 107.60296, -6.943388 ], [ 107.603017, -6.94308 ], [ 107.603044, -6.942931 ], [ 107.60306, -6.942826 ], [ 107.603093, -6.94262 ], [ 107.603111, -6.942496 ], [ 107.603115, -6.942467 ], [ 107.603264, -6.941635 ], [ 107.603273, -6.941593 ], [ 107.603278, -6.941565 ], [ 107.603335, -6.941202 ], [ 107.603362, -6.941056 ], [ 107.603377, -6.940935 ] ] } },
{ "type": "Feature", "properties": { "Nm_Ruas": "Jl. Inhofftank", "Status": "Jalan Kota", "Propinsi": "Jawa Barat", "Kab_Kot": "Kota Bandung", "risk_prediction": 1, "Satwil": "Polrestabes Bandung" }, "geometry": { "type": "LineString", "coordinates": [ [ 107.602607, -6.947895 ], [ 107.602593, -6.947857 ], [ 107.602582, -6.947825 ], [ 107.60252, -6.947608 ], [ 107.60246, -6.947443 ], [ 107.602446, -6.947405 ], [ 107.602419, -6.947323 ], [ 107.602395, -6.947187 ], [ 107.60238, -6.947035 ], [ 107.602377, -6.947023 ] ] } },
{ "type": "Feature", "properties": { "Nm_Ruas": "Jl. Ir. H. Juanda", "Status": "Jalan Kota", "Propinsi": "Jawa Barat", "Kab_Kot": "Kota Bandung", "risk_prediction": 1, "Satwil": "Polrestabes Bandung" }, "geometry": { "type": "LineString", "coordinates": [ [ 107.610545, -6.906988 ], [ 107.610552, -6.90683 ], [ 107.610553, -6.906738 ], [ 107.610556, -6.906502 ], [ 107.610554, -6.906084 ], [ 107.610553, -6.90589 ], [ 107.610553, -6.905494 ], [ 107.610561, -6.90526 ], [ 107.610576, -6.905038 ], [ 107.610615, -6.904811 ], [ 107.610648, -6.904694 ], [ 107.610678, -6.904611 ], [ 107.610847, -6.904189 ], [ 107.611062, -6.903668 ], [ 107.611062, -6.903667 ], [ 107.611194, -6.903297 ], [ 107.611388, -6.902825 ], [ 107.611389, -6.902823 ], [ 107.611525, -6.902482 ], [ 107.611575, -6.902357 ], [ 107.611726, -6.901982 ], [ 107.611793, -6.901816 ], [ 107.611806, -6.901784 ], [ 107.611917, -6.90152 ], [ 107.612075, -6.901145 ], [ 107.612103, -6.901079 ], [ 107.61213, -6.901019 ], [ 107.612203, -6.900857 ], [ 107.612335, -6.900587 ], [ 107.612431, -6.9004 ], [ 107.612443, -6.900377 ], [ 107.612455, -6.900355 ], [ 107.612522, -6.900205 ], [ 107.612523, -6.900203 ], [ 107.612587, -6.900063 ], [ 107.612606, -6.900015 ], [ 107.612637, -6.899928 ], [ 107.612655, -6.899835 ], [ 107.612682, -6.899516 ], [ 107.612686, -6.899455 ], [ 107.612691, -6.899323 ], [ 107.612696, -6.899198 ], [ 107.612697, -6.89916 ], [ 107.612697, -6.899139 ], [ 107.612699, -6.899074 ], [ 107.612702, -6.899018 ], [ 107.612706, -6.898951 ], [ 107.612711, -6.89885 ], [ 107.61274, -6.898451 ], [ 107.612742, -6.89842 ], [ 107.612742, -6.898419 ], [ 107.612753, -6.898237 ], [ 107.61276, -6.898023 ], [ 107.612765, -6.897889 ], [ 107.612767, -6.897819 ], [ 107.612775, -6.89763 ], [ 107.612779, -6.897519 ], [ 107.612782, -6.897345 ], [ 107.612786, -6.897261 ], [ 107.612792, -6.897075 ], [ 107.612839, -6.895905 ], [ 107.612851, -6.895702 ], [ 107.612864, -6.895475 ], [ 107.612908, -6.894802 ] ] } },
{ "type": "Feature", "properties": { "Nm_Ruas": "Jl. Ir. H. Juanda", "Status": "Jalan Kota", "Propinsi": "Jawa Barat", "Kab_Kot": "Kota Bandung", "risk_prediction": 1, "Satwil": "Polrestabes Bandung" }, "geometry": { "type": "LineString", "coordinates": [ [ 107.612966, -6.894805 ], [ 107.612959, -6.894937 ], [ 107.612923, -6.895521 ], [ 107.612913, -6.895707 ], [ 107.612903, -6.895908 ], [ 107.612849, -6.897272 ], [ 107.612845, -6.89743 ], [ 107.612842, -6.897514 ], [ 107.612839, -6.897653 ], [ 107.612832, -6.897819 ], [ 107.612826, -6.897983 ], [ 107.612817, -6.898239 ], [ 107.612811, -6.898425 ], [ 107.612809, -6.898455 ], [ 107.612807, -6.898514 ], [ 107.6128, -6.898722 ], [ 107.6128, -6.898724 ], [ 107.612795, -6.898845 ], [ 107.61279, -6.898951 ], [ 107.612787, -6.89902 ], [ 107.612784, -6.899076 ], [ 107.612781, -6.899142 ], [ 107.612778, -6.899197 ], [ 107.61276, -6.899511 ], [ 107.612753, -6.899629 ], [ 107.61274, -6.899845 ], [ 107.612722, -6.899955 ], [ 107.612693, -6.900068 ], [ 107.612684, -6.900096 ], [ 107.612595, -6.90024 ], [ 107.612518, -6.900373 ], [ 107.612502, -6.900406 ], [ 107.61247, -6.900471 ], [ 107.612404, -6.900607 ], [ 107.612276, -6.900871 ], [ 107.612194, -6.90105 ], [ 107.612167, -6.90111 ], [ 107.612135, -6.901179 ], [ 107.612061, -6.90135 ], [ 107.61198, -6.901537 ], [ 107.611976, -6.901547 ], [ 107.611867, -6.901805 ], [ 107.611851, -6.901844 ], [ 107.6118, -6.901969 ], [ 107.611632, -6.902385 ], [ 107.611622, -6.90241 ], [ 107.611584, -6.902507 ], [ 107.611441, -6.902847 ], [ 107.611291, -6.903224 ], [ 107.611254, -6.903318 ], [ 107.611122, -6.903688 ], [ 107.611122, -6.903689 ], [ 107.61091, -6.904216 ], [ 107.610738, -6.904624 ], [ 107.610704, -6.904712 ], [ 107.610674, -6.904825 ], [ 107.610639, -6.905042 ], [ 107.610623, -6.905261 ], [ 107.610613, -6.905495 ], [ 107.610613, -6.90588 ], [ 107.610615, -6.906087 ], [ 107.610621, -6.90659 ], [ 107.61062, -6.906794 ], [ 107.61062, -6.906831 ], [ 107.610613, -6.906991 ] ] } },
{ "type": "Feature", "properties": { "Nm_Ruas": "Jl. Ir. H. Juanda", "Status": "Jalan Kota", "Propinsi": "Jawa Barat", "Kab_Kot": "Kota Bandung", "risk_prediction": 1, "Satwil": "Polrestabes Bandung" }, "geometry": { "type": "LineString", "coordinates": [ [ 107.612908, -6.894802 ], [ 107.61293, -6.894464 ], [ 107.612946, -6.894229 ], [ 107.612978, -6.893899 ], [ 107.61299, -6.893766 ], [ 107.612997, -6.893667 ], [ 107.613016, -6.893454 ], [ 107.613038, -6.893134 ], [ 107.613048, -6.892996 ], [ 107.613059, -6.892865 ], [ 107.613074, -6.892663 ], [ 107.613099, -6.892397 ], [ 107.6131, -6.892393 ], [ 107.613141, -6.891841 ], [ 107.613166, -6.891496 ], [ 107.613166, -6.891494 ], [ 107.613217, -6.890944 ], [ 107.613254, -6.890596 ], [ 107.613256, -6.890574 ], [ 107.61328, -6.890323 ], [ 107.613311, -6.890034 ], [ 107.613357, -6.889663 ], [ 107.613386, -6.889427 ], [ 107.613406, -6.889253 ], [ 107.613434, -6.889033 ], [ 107.613458, -6.888852 ], [ 107.613486, -6.888554 ], [ 107.613504, -6.888317 ], [ 107.613506, -6.888298 ], [ 107.61351, -6.888222 ], [ 107.613519, -6.888029 ], [ 107.613545, -6.887511 ], [ 107.613551, -6.887414 ], [ 107.613551, -6.887412 ], [ 107.613559, -6.887218 ], [ 107.613564, -6.887007 ], [ 107.613569, -6.886815 ], [ 107.613572, -6.886673 ], [ 107.613575, -6.88652 ], [ 107.613575, -6.886511 ], [ 107.613583, -6.88636 ], [ 107.613599, -6.886178 ], [ 107.613613, -6.886017 ], [ 107.613663, -6.885418 ], [ 107.613667, -6.885377 ], [ 107.613669, -6.885352 ], [ 107.613679, -6.885277 ], [ 107.613679, -6.885276 ], [ 107.613691, -6.885216 ], [ 107.613716, -6.885076 ], [ 107.613726, -6.885038 ], [ 107.613746, -6.884957 ], [ 107.613809, -6.884725 ], [ 107.613868, -6.884506 ], [ 107.613882, -6.884445 ], [ 107.613895, -6.884396 ], [ 107.613898, -6.884384 ], [ 107.613911, -6.88434 ], [ 107.613966, -6.88415 ], [ 107.613987, -6.884078 ], [ 107.614044, -6.883895 ], [ 107.614058, -6.883869 ], [ 107.614076, -6.883833 ], [ 107.6141, -6.883787 ], [ 107.614134, -6.883738 ], [ 107.614175, -6.883681 ], [ 107.614271, -6.883589 ], [ 107.614449, -6.883406 ], [ 107.614533, -6.883318 ], [ 107.614953, -6.882814 ], [ 107.61503, -6.882712 ] ] } },
{ "type": "Feature", "properties": { "Nm_Ruas": "Jl. Ir. H. Juanda", "Status": "Jalan Kota", "Propinsi": "Jawa Barat", "Kab_Kot": "Kota Bandung", "risk_prediction": 1, "Satwil": "Polrestabes Bandung" }, "geometry": { "type": "LineString", "coordinates": [ [ 107.612966, -6.894805 ], [ 107.612908, -6.894802 ] ] } },
{ "type": "Feature", "properties": { "Nm_Ruas": "Jl. Ir. H. Juanda", "Status": "Jalan Kota", "Propinsi": "Jawa Barat", "Kab_Kot": "Kota Bandung", "risk_prediction": 1, "Satwil": "Polrestabes Bandung" }, "geometry": { "type": "LineString", "coordinates": [ [ 107.61332, -6.890601 ], [ 107.613307, -6.890744 ], [ 107.613286, -6.890933 ], [ 107.613275, -6.891037 ], [ 107.613233, -6.891501 ], [ 107.613233, -6.891503 ], [ 107.61319, -6.892027 ], [ 107.613163, -6.892402 ], [ 107.613156, -6.892493 ], [ 107.613144, -6.892619 ], [ 107.61313, -6.892786 ], [ 107.613122, -6.892872 ], [ 107.613121, -6.892884 ], [ 107.613109, -6.893054 ], [ 107.613101, -6.89317 ], [ 107.613081, -6.893456 ], [ 107.613061, -6.893676 ], [ 107.613052, -6.893774 ], [ 107.613052, -6.893775 ], [ 107.613007, -6.894267 ], [ 107.612976, -6.894678 ], [ 107.612966, -6.894805 ] ] } },
{ "type": "Feature", "properties": { "Nm_Ruas": "Jl. Ir. H. Juanda", "Status": "Jalan Kota", "Propinsi": "Jawa Barat", "Kab_Kot": "Kota Bandung", "risk_prediction": 1, "Satwil": "Polrestabes Bandung" }, "geometry": { "type": "LineString", "coordinates": [ [ 107.620944, -6.866704 ], [ 107.620948, -6.866811 ], [ 107.620935, -6.866862 ], [ 107.620889, -6.867036 ], [ 107.620843, -6.867209 ], [ 107.62082, -6.867296 ], [ 107.62075, -6.867562 ], [ 107.620714, -6.867693 ], [ 107.620681, -6.867843 ], [ 107.620651, -6.86806 ], [ 107.620642, -6.868473 ], [ 107.620646, -6.868628 ], [ 107.620652, -6.868842 ], [ 107.620651, -6.868896 ], [ 107.620651, -6.869036 ], [ 107.620645, -6.869115 ], [ 107.620636, -6.86917 ], [ 107.620591, -6.869332 ], [ 107.620462, -6.869708 ], [ 107.620426, -6.86982 ], [ 107.620297, -6.870207 ], [ 107.620229, -6.870414 ], [ 107.620188, -6.87056 ], [ 107.620146, -6.870724 ], [ 107.620106, -6.870897 ], [ 107.62009, -6.870974 ], [ 107.620082, -6.871044 ], [ 107.620078, -6.871076 ], [ 107.620072, -6.87114 ], [ 107.620017, -6.871719 ], [ 107.619998, -6.871909 ], [ 107.61998, -6.872159 ], [ 107.619965, -6.872269 ], [ 107.619948, -6.872344 ], [ 107.619888, -6.872548 ], [ 107.619871, -6.872603 ], [ 107.619825, -6.872745 ], [ 107.619804, -6.872812 ], [ 107.619792, -6.872849 ], [ 107.619755, -6.872945 ], [ 107.61965, -6.873203 ], [ 107.619608, -6.873303 ], [ 107.619568, -6.873401 ], [ 107.619524, -6.87351 ], [ 107.619441, -6.873712 ], [ 107.619365, -6.873894 ], [ 107.619258, -6.87415 ], [ 107.619255, -6.874156 ], [ 107.619203, -6.874273 ], [ 107.619095, -6.874529 ], [ 107.618771, -6.875304 ], [ 107.618657, -6.875547 ], [ 107.618557, -6.875727 ], [ 107.618441, -6.875935 ], [ 107.618419, -6.875975 ], [ 107.618198, -6.876304 ], [ 107.617894, -6.876718 ], [ 107.617859, -6.876768 ], [ 107.617802, -6.87685 ], [ 107.617466, -6.877319 ], [ 107.61733, -6.877481 ], [ 107.617015, -6.877856 ], [ 107.616984, -6.877906 ], [ 107.616979, -6.877915 ], [ 107.616879, -6.878116 ], [ 107.616851, -6.878201 ], [ 107.616761, -6.878548 ], [ 107.616734, -6.878648 ], [ 107.616703, -6.878763 ], [ 107.616662, -6.878917 ], [ 107.61648, -6.879571 ], [ 107.616463, -6.879636 ], [ 107.616452, -6.879679 ], [ 107.616402, -6.879873 ], [ 107.61635, -6.880079 ], [ 107.616246, -6.88048 ], [ 107.616103, -6.881018 ], [ 107.616033, -6.88126 ], [ 107.615934, -6.881602 ], [ 107.615919, -6.881659 ], [ 107.615885, -6.88173 ], [ 107.61587, -6.88176 ], [ 107.615826, -6.881847 ], [ 107.61563, -6.882121 ], [ 107.61549, -6.882287 ], [ 107.615324, -6.882502 ], [ 107.615124, -6.882762 ], [ 107.615029, -6.882885 ], [ 107.615005, -6.882916 ], [ 107.614544, -6.883455 ], [ 107.614543, -6.883456 ], [ 107.61424, -6.883792 ], [ 107.614183, -6.883879 ], [ 107.614126, -6.884017 ], [ 107.614063, -6.884207 ], [ 107.614059, -6.884218 ], [ 107.614012, -6.884361 ], [ 107.613997, -6.884404 ], [ 107.613828, -6.885062 ], [ 107.613826, -6.885069 ], [ 107.613819, -6.8851 ], [ 107.613777, -6.885234 ], [ 107.613777, -6.885235 ], [ 107.613763, -6.88529 ], [ 107.613748, -6.885356 ], [ 107.613745, -6.885376 ], [ 107.613739, -6.885423 ], [ 107.613728, -6.885517 ], [ 107.613701, -6.885813 ], [ 107.613672, -6.886134 ] ] } },
{ "type": "Feature", "properties": { "Nm_Ruas": "Jl. Ir. H. Juanda", "Status": "Jalan Kota", "Propinsi": "Jawa Barat", "Kab_Kot": "Kota Bandung", "risk_prediction": 1, "Satwil": "Polrestabes Bandung" }, "geometry": { "type": "LineString", "coordinates": [ [ 107.61504, -6.8827 ], [ 107.615125, -6.882588 ], [ 107.615385, -6.882261 ], [ 107.615646, -6.881899 ], [ 107.615787, -6.881698 ], [ 107.615814, -6.881613 ], [ 107.615901, -6.881332 ], [ 107.615931, -6.881233 ], [ 107.615957, -6.881141 ], [ 107.615999, -6.880991 ], [ 107.616122, -6.880552 ], [ 107.616167, -6.880379 ], [ 107.616276, -6.880005 ], [ 107.616316, -6.879849 ], [ 107.616365, -6.879661 ], [ 107.616425, -6.879438 ], [ 107.616505, -6.879128 ], [ 107.616553, -6.878944 ], [ 107.616593, -6.878787 ], [ 107.616594, -6.878785 ], [ 107.616609, -6.878728 ], [ 107.616671, -6.878516 ], [ 107.6168, -6.878083 ], [ 107.616835, -6.878005 ], [ 107.616882, -6.877929 ], [ 107.616914, -6.877877 ], [ 107.616954, -6.877812 ], [ 107.617026, -6.877725 ], [ 107.617292, -6.877376 ], [ 107.617307, -6.877355 ], [ 107.617384, -6.87725 ], [ 107.617853, -6.87663 ], [ 107.61787, -6.876609 ], [ 107.618035, -6.876381 ], [ 107.618126, -6.876262 ], [ 107.618243, -6.876101 ], [ 107.61836, -6.875916 ], [ 107.618467, -6.875725 ], [ 107.618494, -6.875674 ], [ 107.618582, -6.875505 ], [ 107.618662, -6.875345 ], [ 107.618814, -6.874996 ], [ 107.618885, -6.874828 ], [ 107.619022, -6.8745 ], [ 107.619128, -6.874245 ], [ 107.619164, -6.874157 ], [ 107.619182, -6.874115 ], [ 107.619225, -6.874013 ], [ 107.619354, -6.873709 ], [ 107.6194, -6.873589 ], [ 107.619469, -6.873427 ], [ 107.619584, -6.873159 ], [ 107.619702, -6.87284 ], [ 107.619722, -6.872786 ], [ 107.619746, -6.872721 ], [ 107.619794, -6.872579 ], [ 107.619871, -6.872314 ], [ 107.619886, -6.87224 ], [ 107.619899, -6.872166 ], [ 107.619904, -6.872132 ], [ 107.619922, -6.871904 ], [ 107.619957, -6.871552 ], [ 107.619961, -6.871497 ], [ 107.619969, -6.871353 ], [ 107.620002, -6.871023 ], [ 107.620012, -6.870949 ], [ 107.620025, -6.870881 ], [ 107.620039, -6.87082 ], [ 107.620066, -6.870705 ], [ 107.620112, -6.870515 ], [ 107.620192, -6.870237 ], [ 107.620214, -6.870173 ], [ 107.620227, -6.87013 ], [ 107.620248, -6.870066 ], [ 107.620285, -6.869952 ], [ 107.620308, -6.869888 ], [ 107.620346, -6.869795 ], [ 107.620386, -6.869682 ], [ 107.620391, -6.869669 ], [ 107.620498, -6.869373 ], [ 107.620524, -6.869277 ], [ 107.620557, -6.869153 ], [ 107.620567, -6.869088 ], [ 107.620568, -6.869024 ], [ 107.620572, -6.868958 ], [ 107.62057, -6.868893 ], [ 107.620569, -6.868475 ], [ 107.620572, -6.868232 ], [ 107.620574, -6.868059 ], [ 107.620601, -6.867828 ], [ 107.620614, -6.867749 ], [ 107.620639, -6.867648 ], [ 107.620738, -6.867272 ], [ 107.620804, -6.867019 ], [ 107.620834, -6.866905 ], [ 107.620865, -6.866787 ], [ 107.620916, -6.866727 ], [ 107.620944, -6.866704 ] ] } },
{ "type": "Feature", "properties": { "Nm_Ruas": "Jl. Ir. H. Juanda", "Status": "Jalan Kota", "Propinsi": "Jawa Barat", "Kab_Kot": "Kota Bandung", "risk_prediction": 1, "Satwil": "Polrestabes Bandung" }, "geometry": { "type": "LineString", "coordinates": [ [ 107.622196, -6.865228 ], [ 107.621911, -6.865429 ], [ 107.621683, -6.865542 ], [ 107.621472, -6.865623 ], [ 107.621468, -6.865626 ], [ 107.621378, -6.865684 ], [ 107.621332, -6.865722 ], [ 107.621272, -6.86579 ], [ 107.621214, -6.865895 ], [ 107.621169, -6.865999 ], [ 107.621103, -6.866199 ], [ 107.621039, -6.866394 ], [ 107.621032, -6.866417 ], [ 107.620957, -6.866659 ], [ 107.620944, -6.866704 ] ] } },
{ "type": "Feature", "properties": { "Nm_Ruas": "Jl. Ir. H. Juanda", "Status": "Jalan Kota", "Propinsi": "Jawa Barat", "Kab_Kot": "Kota Bandung", "risk_prediction": 1, "Satwil": "Polrestabes Bandung" }, "geometry": { "type": "LineString", "coordinates": [ [ 107.622196, -6.865228 ], [ 107.622302, -6.865184 ], [ 107.622545, -6.865035 ], [ 107.622994, -6.864741 ], [ 107.623039, -6.864712 ], [ 107.623164, -6.864666 ], [ 107.623329, -6.864582 ], [ 107.623407, -6.864513 ], [ 107.623433, -6.864493 ], [ 107.623508, -6.864473 ], [ 107.623615, -6.864456 ], [ 107.623686, -6.86445 ], [ 107.62378, -6.864435 ], [ 107.623823, -6.864422 ], [ 107.623838, -6.864417 ] ] } },
{ "type": "Feature", "properties": { "Nm_Ruas": "Jl. Ir. H. Juanda", "Status": "Jalan Kota", "Propinsi": "Jawa Barat", "Kab_Kot": "Kota Bandung", "risk_prediction": 1, "Satwil": "Polrestabes Bandung" }, "geometry": { "type": "LineString", "coordinates": [ [ 107.622954, -6.864606 ], [ 107.622597, -6.864883 ], [ 107.622196, -6.865228 ] ] } },
{ "type": "Feature", "properties": { "Nm_Ruas": "Jl. Ireda", "Status": "Jalan Kota", "Propinsi": "Daerah Istimewa Yogyakarta", "Kab_Kot": "Kota Yogyakarta", "risk_prediction": 1, "Satwil": "Polda DI Yogyakarta" }, "geometry": { "type": "LineString", "coordinates": [ [ 110.371934, -7.815093 ], [ 110.371948, -7.814973 ], [ 110.371982, -7.814394 ], [ 110.371995, -7.814191 ] ] } },
{ "type": "Feature", "properties": { "Nm_Ruas": "Jl. Jakarta", "Status": "Jalan Kota", "Propinsi": "Jawa Barat", "Kab_Kot": "Kota Bandung", "risk_prediction": 1, "Satwil": "Polrestabes Bandung" }, "geometry": { "type": "LineString", "coordinates": [ [ 107.634314, -6.913553 ], [ 107.634264, -6.913464 ] ] } },
{ "type": "Feature", "properties": { "Nm_Ruas": "Jl. Jakarta", "Status": "Jalan Kota", "Propinsi": "Jawa Barat", "Kab_Kot": "Kota Bandung", "risk_prediction": 1, "Satwil": "Polrestabes Bandung" }, "geometry": { "type": "LineString", "coordinates": [ [ 107.634814, -6.91422 ], [ 107.634678, -6.914096 ], [ 107.634535, -6.913835 ], [ 107.634411, -6.913591 ], [ 107.634335, -6.913461 ], [ 107.634319, -6.913435 ] ] } },
{ "type": "Feature", "properties": { "Nm_Ruas": "Jl. Jakarta", "Status": "Jalan Kota", "Propinsi": "Jawa Barat", "Kab_Kot": "Kota Bandung", "risk_prediction": 1, "Satwil": "Polrestabes Bandung" }, "geometry": { "type": "LineString", "coordinates": [ [ 107.634851, -6.914159 ], [ 107.634764, -6.914092 ], [ 107.634706, -6.914007 ], [ 107.634448, -6.913503 ], [ 107.634433, -6.913478 ], [ 107.634387, -6.913401 ] ] } },
{ "type": "Feature", "properties": { "Nm_Ruas": "Jl. Jakarta", "Status": "Jalan Kota", "Propinsi": "Jawa Barat", "Kab_Kot": "Kota Bandung", "risk_prediction": 1, "Satwil": "Polrestabes Bandung" }, "geometry": { "type": "LineString", "coordinates": [ [ 107.641788, -6.913962 ], [ 107.641697, -6.913974 ], [ 107.641492, -6.914 ], [ 107.641333, -6.91402 ], [ 107.641229, -6.914033 ], [ 107.641087, -6.914051 ], [ 107.640999, -6.914063 ], [ 107.640891, -6.914076 ], [ 107.640534, -6.914122 ], [ 107.640444, -6.914133 ], [ 107.640306, -6.914151 ], [ 107.640224, -6.914161 ], [ 107.639957, -6.914197 ], [ 107.639902, -6.914204 ], [ 107.639752, -6.914221 ], [ 107.639489, -6.914254 ], [ 107.639306, -6.914278 ], [ 107.639171, -6.914295 ], [ 107.63911, -6.914303 ], [ 107.638969, -6.91432 ], [ 107.638847, -6.914336 ], [ 107.638648, -6.914361 ], [ 107.638585, -6.914369 ], [ 107.638471, -6.914384 ], [ 107.638196, -6.914419 ], [ 107.63795, -6.91445 ], [ 107.637832, -6.914464 ], [ 107.637711, -6.914479 ], [ 107.637615, -6.91449 ], [ 107.637566, -6.914496 ], [ 107.637551, -6.914498 ], [ 107.637422, -6.914513 ], [ 107.637407, -6.914515 ], [ 107.637359, -6.914521 ], [ 107.637144, -6.914547 ], [ 107.636904, -6.914575 ], [ 107.636815, -6.914589 ], [ 107.636513, -6.914633 ], [ 107.636398, -6.914646 ], [ 107.636247, -6.914663 ], [ 107.636208, -6.914667 ], [ 107.636134, -6.914665 ], [ 107.636008, -6.914645 ], [ 107.635733, -6.914572 ] ] } },
{ "type": "Feature", "properties": { "Nm_Ruas": "Jl. Jamika", "Status": "Jalan Kota", "Propinsi": "Jawa Barat", "Kab_Kot": "Kota Bandung", "risk_prediction": 1, "Satwil": "Polrestabes Bandung" }, "geometry": { "type": "LineString", "coordinates": [ [ 107.586341, -6.919633 ], [ 107.586434, -6.919005 ], [ 107.58644, -6.918883 ], [ 107.586432, -6.918815 ], [ 107.586431, -6.918802 ], [ 107.58639, -6.918749 ], [ 107.586376, -6.91873 ] ] } },
{ "type": "Feature", "properties": { "Nm_Ruas": "Jl. Jamika", "Status": "Jalan Kota", "Propinsi": "Jawa Barat", "Kab_Kot": "Kota Bandung", "risk_prediction": 1, "Satwil": "Polrestabes Bandung" }, "geometry": { "type": "LineString", "coordinates": [ [ 107.586566, -6.918747 ], [ 107.586571, -6.918766 ], [ 107.58657, -6.918814 ], [ 107.586545, -6.918987 ], [ 107.586431, -6.91964 ] ] } },
{ "type": "Feature", "properties": { "Nm_Ruas": "Jl. Jatayu", "Status": "Jalan Kota", "Propinsi": "Jawa Barat", "Kab_Kot": "Kota Bandung", "risk_prediction": 1, "Satwil": "Polrestabes Bandung" }, "geometry": { "type": "LineString", "coordinates": [ [ 107.579945, -6.907659 ], [ 107.579984, -6.907563 ], [ 107.579988, -6.907469 ] ] } },
{ "type": "Feature", "properties": { "Nm_Ruas": "Jl. Jatihandap", "Status": "Jalan Kota", "Propinsi": "Jawa Barat", "Kab_Kot": "Kota Bandung", "risk_prediction": 1, "Satwil": "Polrestabes Bandung" }, "geometry": { "type": "LineString", "coordinates": [ [ 107.657631, -6.90215 ], [ 107.657633, -6.901844 ], [ 107.657623, -6.901616 ], [ 107.657596, -6.901343 ], [ 107.657591, -6.901248 ] ] } },
{ "type": "Feature", "properties": { "Nm_Ruas": "Jl. Jawa", "Status": "Jalan Kota", "Propinsi": "Jawa Barat", "Kab_Kot": "Kota Bandung", "risk_prediction": 1, "Satwil": "Polrestabes Bandung" }, "geometry": { "type": "LineString", "coordinates": [ [ 107.610283, -6.914166 ], [ 107.610354, -6.914294 ], [ 107.610419, -6.914368 ], [ 107.610497, -6.914429 ], [ 107.610556, -6.914464 ], [ 107.610448, -6.914476 ], [ 107.6104, -6.914492 ], [ 107.610328, -6.914528 ], [ 107.610241, -6.914604 ] ] } },
{ "type": "Feature", "properties": { "Nm_Ruas": "Jl. Jaya Karta", "Status": "Jalan Kota", "Propinsi": "Bali", "Kab_Kot": "Kota Denpasar", "risk_prediction": 1, "Satwil": "Polda Bali" }, "geometry": { "type": "LineString", "coordinates": [ [ 115.215141, -8.636399 ], [ 115.215151, -8.636052 ], [ 115.215186, -8.635637 ], [ 115.215195, -8.635566 ], [ 115.215204, -8.635493 ] ] } },
{ "type": "Feature", "properties": { "Nm_Ruas": "Jl. Jemb. Nakula - Jemb. Sunset Road", "Status": "Jalan Kabupaten", "Propinsi": "Bali", "Kab_Kot": "Badung", "risk_prediction": 1, "Satwil": "Polda Bali" }, "geometry": { "type": "LineString", "coordinates": [ [ 115.176309, -8.696612 ], [ 115.176238, -8.696633 ], [ 115.176144, -8.696662 ], [ 115.176042, -8.696669 ], [ 115.175937, -8.696675 ], [ 115.175837, -8.696655 ], [ 115.175768, -8.696628 ], [ 115.175707, -8.696596 ], [ 115.175627, -8.696508 ], [ 115.175558, -8.69634 ], [ 115.175537, -8.69629 ], [ 115.175454, -8.696101 ], [ 115.175321, -8.695906 ], [ 115.175197, -8.695793 ], [ 115.175163, -8.695762 ], [ 115.175157, -8.695757 ], [ 115.175084, -8.695695 ], [ 115.175012, -8.695677 ], [ 115.174946, -8.695699 ], [ 115.174918, -8.695727 ], [ 115.174814, -8.695844 ], [ 115.174718, -8.695936 ], [ 115.174687, -8.695961 ], [ 115.174603, -8.696003 ], [ 115.174543, -8.696014 ], [ 115.174443, -8.696019 ], [ 115.17424, -8.696 ], [ 115.17413, -8.695989 ], [ 115.173738, -8.69593 ], [ 115.17369, -8.695924 ], [ 115.173472, -8.695897 ], [ 115.173284, -8.695868 ], [ 115.173177, -8.695851 ], [ 115.173129, -8.695858 ], [ 115.173109, -8.695888 ], [ 115.173107, -8.69593 ], [ 115.173135, -8.696034 ], [ 115.173147, -8.6961 ], [ 115.173147, -8.696162 ], [ 115.173133, -8.696229 ], [ 115.173065, -8.696405 ], [ 115.173013, -8.6965 ] ] } },
{ "type": "Feature", "properties": { "Nm_Ruas": "Jl. Jenderal Gatot Subroto", "Status": "Jalan Kota", "Propinsi": "Jawa Barat", "Kab_Kot": "Kota Bandung", "risk_prediction": 1, "Satwil": "Polrestabes Bandung" }, "geometry": { "type": "LineString", "coordinates": [ [ 107.623622, -6.923576 ], [ 107.623386, -6.923477 ], [ 107.623345, -6.92346 ], [ 107.623188, -6.92339 ], [ 107.622813, -6.92322 ], [ 107.622673, -6.923158 ], [ 107.622526, -6.923098 ], [ 107.622352, -6.923053 ], [ 107.621983, -6.922989 ], [ 107.621511, -6.922915 ], [ 107.621424, -6.922902 ], [ 107.621403, -6.922899 ], [ 107.621125, -6.922857 ], [ 107.620975, -6.922832 ], [ 107.620736, -6.922794 ], [ 107.620082, -6.922689 ], [ 107.62008, -6.922689 ], [ 107.619732, -6.922642 ], [ 107.619593, -6.922623 ], [ 107.619413, -6.922597 ], [ 107.619181, -6.92258 ] ] } },
{ "type": "Feature", "properties": { "Nm_Ruas": "Jl. Jenderal Gatot Subroto", "Status": "Jalan Kota", "Propinsi": "Jawa Barat", "Kab_Kot": "Kota Bandung", "risk_prediction": 1, "Satwil": "Polrestabes Bandung" }, "geometry": { "type": "LineString", "coordinates": [ [ 107.623622, -6.923576 ], [ 107.623771, -6.923562 ], [ 107.623864, -6.923579 ], [ 107.624282, -6.923678 ], [ 107.624396, -6.923706 ], [ 107.624508, -6.923732 ] ] } },
{ "type": "Feature", "properties": { "Nm_Ruas": "Jl. Jenderal Gatot Subroto", "Status": "Jalan Kota", "Propinsi": "Jawa Barat", "Kab_Kot": "Kota Bandung", "risk_prediction": 1, "Satwil": "Polrestabes Bandung" }, "geometry": { "type": "LineString", "coordinates": [ [ 107.625087, -6.923909 ], [ 107.624979, -6.923936 ], [ 107.624361, -6.923802 ], [ 107.62424, -6.923776 ], [ 107.624202, -6.923767 ], [ 107.623764, -6.923672 ], [ 107.623622, -6.923576 ] ] } },
{ "type": "Feature", "properties": { "Nm_Ruas": "Jl. Jenderal Gatot Subroto", "Status": "Jalan Kota", "Propinsi": "Jawa Barat", "Kab_Kot": "Kota Bandung", "risk_prediction": 1, "Satwil": "Polrestabes Bandung" }, "geometry": { "type": "LineString", "coordinates": [ [ 107.627246, -6.924435 ], [ 107.626966, -6.924364 ], [ 107.626913, -6.924352 ], [ 107.626816, -6.924329 ], [ 107.626754, -6.924315 ], [ 107.626711, -6.924305 ], [ 107.626288, -6.924202 ], [ 107.625443, -6.923996 ], [ 107.625266, -6.923953 ] ] } },
{ "type": "Feature", "properties": { "Nm_Ruas": "Jl. Jenderal Gatot Subroto", "Status": "Jalan Kota", "Propinsi": "Jawa Barat", "Kab_Kot": "Kota Bandung", "risk_prediction": 1, "Satwil": "Polrestabes Bandung" }, "geometry": { "type": "LineString", "coordinates": [ [ 107.627246, -6.924435 ], [ 107.627368, -6.924435 ], [ 107.627405, -6.924434 ], [ 107.627575, -6.924473 ], [ 107.627595, -6.924477 ], [ 107.627642, -6.924489 ], [ 107.627728, -6.92451 ], [ 107.627797, -6.924527 ], [ 107.627857, -6.924542 ], [ 107.628009, -6.924581 ], [ 107.628131, -6.924611 ] ] } },
{ "type": "Feature", "properties": { "Nm_Ruas": "Jl. Jenderal Gatot Subroto", "Status": "Jalan Kota", "Propinsi": "Jawa Barat", "Kab_Kot": "Kota Bandung", "risk_prediction": 1, "Satwil": "Polrestabes Bandung" }, "geometry": { "type": "LineString", "coordinates": [ [ 107.627777, -6.924606 ], [ 107.627709, -6.924589 ], [ 107.627622, -6.924567 ], [ 107.627578, -6.924556 ], [ 107.627388, -6.924507 ], [ 107.627246, -6.924435 ] ] } },
{ "type": "Feature", "properties": { "Nm_Ruas": "Jl. Jenderal H. Amir Machmud", "Status": "Jalan Nasional", "Propinsi": "Jawa Barat", "Kab_Kot": "Kota Bandung", "risk_prediction": 1, "Satwil": "Polrestabes Bandung" }, "geometry": { "type": "LineString", "coordinates": [ [ 107.565673, -6.904953 ], [ 107.56533, -6.904392 ], [ 107.565136, -6.904073 ], [ 107.564773, -6.903472 ], [ 107.564728, -6.903398 ], [ 107.564696, -6.903345 ], [ 107.56443, -6.902905 ], [ 107.564343, -6.902761 ], [ 107.564288, -6.902671 ], [ 107.56391, -6.902045 ], [ 107.563684, -6.901674 ], [ 107.563639, -6.901598 ], [ 107.563587, -6.901506 ], [ 107.563549, -6.901452 ], [ 107.56351, -6.901399 ], [ 107.563324, -6.901081 ], [ 107.563317, -6.901069 ], [ 107.563217, -6.9009 ], [ 107.562808, -6.900225 ], [ 107.56269, -6.90003 ], [ 107.56253, -6.899765 ], [ 107.562386, -6.899528 ], [ 107.562287, -6.899363 ], [ 107.562266, -6.899329 ], [ 107.561919, -6.898755 ] ] } },
{ "type": "Feature", "properties": { "Nm_Ruas": "Jl. Jenderal H. Amir Machmud", "Status": "Jalan Nasional", "Propinsi": "Jawa Barat", "Kab_Kot": "Kota Bandung", "risk_prediction": 1, "Satwil": "Polrestabes Bandung" }, "geometry": { "type": "LineString", "coordinates": [ [ 107.562001, -6.898705 ], [ 107.562017, -6.898731 ], [ 107.562183, -6.899004 ], [ 107.562298, -6.899195 ], [ 107.562469, -6.899478 ], [ 107.562572, -6.899648 ], [ 107.562885, -6.900164 ], [ 107.563072, -6.900474 ], [ 107.563215, -6.900718 ], [ 107.563486, -6.901162 ], [ 107.563679, -6.901477 ], [ 107.563773, -6.901631 ], [ 107.563792, -6.901663 ], [ 107.564029, -6.902055 ], [ 107.564139, -6.902236 ], [ 107.564181, -6.902307 ], [ 107.564426, -6.90271 ], [ 107.564511, -6.902852 ], [ 107.56478, -6.903296 ], [ 107.564803, -6.903335 ], [ 107.564814, -6.903353 ], [ 107.565195, -6.903988 ], [ 107.565423, -6.904359 ], [ 107.565475, -6.904444 ], [ 107.565755, -6.90491 ] ] } },
{ "type": "Feature", "properties": { "Nm_Ruas": "Jl. Jenderal H. Amir Machmud", "Status": "Jalan Nasional", "Propinsi": "Jawa Barat", "Kab_Kot": "Kota Bandung", "risk_prediction": 1, "Satwil": "Polrestabes Bandung" }, "geometry": { "type": "LineString", "coordinates": [ [ 107.565755, -6.90491 ], [ 107.565673, -6.904953 ] ] } },
{ "type": "Feature", "properties": { "Nm_Ruas": "Jl. Jenderal H. Amir Machmud", "Status": "Jalan Nasional", "Propinsi": "Jawa Barat", "Kab_Kot": "Kota Bandung", "risk_prediction": 1, "Satwil": "Polrestabes Bandung" }, "geometry": { "type": "LineString", "coordinates": [ [ 107.568967, -6.910405 ], [ 107.568951, -6.910378 ], [ 107.568889, -6.910276 ], [ 107.568859, -6.910225 ], [ 107.568807, -6.910139 ], [ 107.568644, -6.909875 ], [ 107.568499, -6.909632 ], [ 107.568319, -6.909332 ], [ 107.567674, -6.908268 ], [ 107.567472, -6.907933 ], [ 107.567333, -6.907702 ], [ 107.567244, -6.907556 ], [ 107.566983, -6.907125 ], [ 107.566848, -6.906902 ], [ 107.566614, -6.906515 ], [ 107.566514, -6.906349 ], [ 107.566488, -6.906306 ], [ 107.566306, -6.906005 ], [ 107.566053, -6.905587 ], [ 107.565944, -6.905407 ], [ 107.565924, -6.905373 ], [ 107.565673, -6.904953 ] ] } },
{ "type": "Feature", "properties": { "Nm_Ruas": "Jl. Jenderal H. Amir Machmud", "Status": "Jalan Nasional", "Propinsi": "Jawa Barat", "Kab_Kot": "Kota Bandung", "risk_prediction": 1, "Satwil": "Polrestabes Bandung" }, "geometry": { "type": "LineString", "coordinates": [ [ 107.565755, -6.90491 ], [ 107.565964, -6.905255 ], [ 107.566133, -6.905533 ], [ 107.566326, -6.905851 ], [ 107.566602, -6.906305 ], [ 107.566603, -6.906307 ], [ 107.566929, -6.906846 ], [ 107.567069, -6.907079 ], [ 107.567328, -6.907507 ], [ 107.567555, -6.907882 ], [ 107.567752, -6.908213 ], [ 107.568093, -6.908772 ], [ 107.568442, -6.909348 ], [ 107.568586, -6.909586 ], [ 107.568667, -6.90972 ], [ 107.569033, -6.910325 ], [ 107.569055, -6.910361 ], [ 107.569059, -6.910369 ], [ 107.569091, -6.910421 ] ] } },
{ "type": "Feature", "properties": { "Nm_Ruas": "Jl. Jenderal H. Ibrahim Adjie", "Status": "Jalan Kota", "Propinsi": "Jawa Barat", "Kab_Kot": "Kota Bandung", "risk_prediction": 1, "Satwil": "Polrestabes Bandung" }, "geometry": { "type": "LineString", "coordinates": [ [ 107.641767, -6.946486 ], [ 107.641691, -6.946972 ], [ 107.64164, -6.947294 ], [ 107.641608, -6.947538 ], [ 107.641598, -6.947603 ], [ 107.641558, -6.94792 ], [ 107.641529, -6.948142 ], [ 107.6415, -6.948367 ], [ 107.641451, -6.948656 ], [ 107.641448, -6.948681 ], [ 107.641401, -6.94896 ], [ 107.641388, -6.949043 ], [ 107.641379, -6.949119 ], [ 107.64134, -6.949399 ], [ 107.641298, -6.949692 ], [ 107.641285, -6.949773 ], [ 107.641238, -6.950076 ], [ 107.641181, -6.950436 ], [ 107.641131, -6.950774 ], [ 107.641106, -6.95094 ], [ 107.641101, -6.950966 ], [ 107.641068, -6.951144 ], [ 107.640991, -6.951546 ], [ 107.640866, -6.951925 ], [ 107.64078, -6.952189 ], [ 107.640767, -6.952228 ], [ 107.640581, -6.952791 ], [ 107.640515, -6.953028 ], [ 107.64047, -6.953187 ], [ 107.640232, -6.954033 ], [ 107.640225, -6.954057 ] ] } },
{ "type": "Feature", "properties": { "Nm_Ruas": "Jl. Jenderal H. Ibrahim Adjie", "Status": "Jalan Kota", "Propinsi": "Jawa Barat", "Kab_Kot": "Kota Bandung", "risk_prediction": 1, "Satwil": "Polrestabes Bandung" }, "geometry": { "type": "LineString", "coordinates": [ [ 107.643051, -6.932682 ], [ 107.643017, -6.932885 ], [ 107.642995, -6.933002 ], [ 107.642925, -6.933362 ], [ 107.642917, -6.933399 ], [ 107.642804, -6.93393 ], [ 107.642777, -6.9341 ], [ 107.642714, -6.93447 ], [ 107.642703, -6.934544 ], [ 107.642669, -6.934777 ], [ 107.642659, -6.934879 ], [ 107.642621, -6.935285 ], [ 107.642588, -6.935755 ], [ 107.642557, -6.936192 ], [ 107.642528, -6.936689 ], [ 107.642524, -6.936759 ], [ 107.642505, -6.937036 ], [ 107.642503, -6.937068 ], [ 107.642496, -6.93717 ], [ 107.642494, -6.937198 ], [ 107.642464, -6.937603 ], [ 107.642436, -6.938047 ], [ 107.642413, -6.938422 ], [ 107.642407, -6.938514 ], [ 107.642367, -6.939115 ], [ 107.642358, -6.939254 ], [ 107.642323, -6.939785 ], [ 107.642315, -6.939898 ], [ 107.642307, -6.940017 ], [ 107.642307, -6.940019 ], [ 107.642247, -6.940918 ], [ 107.642211, -6.941461 ], [ 107.642208, -6.94151 ], [ 107.642184, -6.941814 ], [ 107.642154, -6.942189 ], [ 107.642113, -6.942755 ], [ 107.642106, -6.94286 ], [ 107.642095, -6.943011 ], [ 107.642091, -6.943063 ], [ 107.64209, -6.943081 ], [ 107.642048, -6.943664 ], [ 107.642016, -6.944119 ], [ 107.642, -6.944341 ], [ 107.641992, -6.944451 ], [ 107.641984, -6.944562 ], [ 107.641947, -6.944923 ], [ 107.641937, -6.945217 ], [ 107.641931, -6.945353 ], [ 107.641931, -6.945354 ], [ 107.641913, -6.945553 ], [ 107.641907, -6.945614 ], [ 107.641879, -6.945906 ], [ 107.641867, -6.946018 ], [ 107.641854, -6.94609 ], [ 107.64184, -6.94613 ], [ 107.641804, -6.946177 ], [ 107.641781, -6.946117 ], [ 107.641776, -6.946077 ], [ 107.641793, -6.945916 ], [ 107.641817, -6.945645 ], [ 107.641821, -6.945584 ], [ 107.641837, -6.945387 ], [ 107.641842, -6.945279 ] ] } },
{ "type": "Feature", "properties": { "Nm_Ruas": "Jl. Jenderal H. Ibrahim Adjie", "Status": "Jalan Kota", "Propinsi": "Jawa Barat", "Kab_Kot": "Kota Bandung", "risk_prediction": 1, "Satwil": "Polrestabes Bandung" }, "geometry": { "type": "LineString", "coordinates": [ [ 107.643038, -6.908852 ], [ 107.643073, -6.908837 ], [ 107.643093, -6.908834 ], [ 107.643116, -6.908839 ], [ 107.643154, -6.908871 ], [ 107.643189, -6.908952 ], [ 107.643204, -6.909043 ], [ 107.64324, -6.90931 ], [ 107.643256, -6.909377 ], [ 107.643285, -6.909452 ], [ 107.643302, -6.909387 ], [ 107.643307, -6.909301 ], [ 107.643295, -6.909219 ], [ 107.643267, -6.909015 ], [ 107.643254, -6.908825 ], [ 107.643264, -6.908779 ], [ 107.643272, -6.908758 ] ] } },
{ "type": "Feature", "properties": { "Nm_Ruas": "Jl. Jenderal H. Ibrahim Adjie", "Status": "Jalan Kota", "Propinsi": "Jawa Barat", "Kab_Kot": "Kota Bandung", "risk_prediction": 1, "Satwil": "Polrestabes Bandung" }, "geometry": { "type": "LineString", "coordinates": [ [ 107.64367, -6.913775 ], [ 107.643664, -6.913715 ], [ 107.643658, -6.913654 ], [ 107.643648, -6.913546 ], [ 107.643634, -6.913395 ], [ 107.643609, -6.913104 ], [ 107.643636, -6.913018 ], [ 107.643675, -6.913091 ], [ 107.643707, -6.913474 ], [ 107.643713, -6.913541 ], [ 107.643724, -6.913647 ], [ 107.64373, -6.913706 ], [ 107.643738, -6.913777 ], [ 107.64374, -6.913807 ], [ 107.643751, -6.91391 ], [ 107.643771, -6.914119 ], [ 107.643823, -6.914671 ] ] } },
{ "type": "Feature", "properties": { "Nm_Ruas": "Jl. Jenderal H. Ibrahim Adjie", "Status": "Jalan Kota", "Propinsi": "Jawa Barat", "Kab_Kot": "Kota Bandung", "risk_prediction": 1, "Satwil": "Polrestabes Bandung" }, "geometry": { "type": "LineString", "coordinates": [ [ 107.644191, -6.919044 ], [ 107.644158, -6.918833 ], [ 107.644123, -6.918459 ], [ 107.644052, -6.917693 ], [ 107.644039, -6.917551 ], [ 107.643971, -6.916829 ], [ 107.643954, -6.916645 ], [ 107.643948, -6.916582 ], [ 107.643935, -6.91644 ], [ 107.643891, -6.915962 ], [ 107.643883, -6.915884 ], [ 107.643785, -6.914827 ], [ 107.643759, -6.914687 ] ] } },
{ "type": "Feature", "properties": { "Nm_Ruas": "Jl. Jenderal H. Ibrahim Adjie", "Status": "Jalan Kota", "Propinsi": "Jawa Barat", "Kab_Kot": "Kota Bandung", "risk_prediction": 1, "Satwil": "Polrestabes Bandung" }, "geometry": { "type": "LineString", "coordinates": [ [ 107.643823, -6.914671 ], [ 107.643823, -6.914679 ], [ 107.643919, -6.915881 ], [ 107.643926, -6.91596 ], [ 107.643968, -6.916438 ], [ 107.643981, -6.91658 ], [ 107.643987, -6.916648 ], [ 107.644087, -6.917547 ], [ 107.644098, -6.917691 ], [ 107.644163, -6.918456 ], [ 107.644199, -6.918829 ] ] } },
{ "type": "Feature", "properties": { "Nm_Ruas": "Jl. Jenderal H. Ibrahim Adjie", "Status": "Jalan Kota", "Propinsi": "Jawa Barat", "Kab_Kot": "Kota Bandung", "risk_prediction": 1, "Satwil": "Polrestabes Bandung" }, "geometry": { "type": "LineString", "coordinates": [ [ 107.643823, -6.914671 ], [ 107.643825, -6.914679 ], [ 107.643844, -6.914729 ], [ 107.643872, -6.914798 ], [ 107.643883, -6.914834 ], [ 107.643905, -6.915074 ], [ 107.644025, -6.916433 ], [ 107.644038, -6.916576 ], [ 107.644045, -6.916664 ], [ 107.644116, -6.917283 ], [ 107.644141, -6.91754 ], [ 107.644155, -6.917685 ], [ 107.644212, -6.918293 ], [ 107.644228, -6.918449 ], [ 107.644269, -6.919053 ] ] } },
{ "type": "Feature", "properties": { "Nm_Ruas": "Jl. Jenderal H. Ibrahim Adjie", "Status": "Jalan Kota", "Propinsi": "Jawa Barat", "Kab_Kot": "Kota Bandung", "risk_prediction": 1, "Satwil": "Polrestabes Bandung" }, "geometry": { "type": "LineString", "coordinates": [ [ 107.644199, -6.918829 ], [ 107.644191, -6.919044 ] ] } },
{ "type": "Feature", "properties": { "Nm_Ruas": "Jl. Jenderal H. Ibrahim Adjie", "Status": "Jalan Kota", "Propinsi": "Jawa Barat", "Kab_Kot": "Kota Bandung", "risk_prediction": 1, "Satwil": "Polrestabes Bandung" }, "geometry": { "type": "LineString", "coordinates": [ [ 107.644233, -6.919764 ], [ 107.644209, -6.919328 ], [ 107.644207, -6.919269 ], [ 107.644191, -6.919044 ] ] } },
{ "type": "Feature", "properties": { "Nm_Ruas": "Jl. Jenderal H. Ibrahim Adjie", "Status": "Jalan Kota", "Propinsi": "Jawa Barat", "Kab_Kot": "Kota Bandung", "risk_prediction": 1, "Satwil": "Polrestabes Bandung" }, "geometry": { "type": "LineString", "coordinates": [ [ 107.644199, -6.918829 ], [ 107.644269, -6.919053 ] ] } },
{ "type": "Feature", "properties": { "Nm_Ruas": "Jl. Jenderal H. Ibrahim Adjie", "Status": "Jalan Kota", "Propinsi": "Jawa Barat", "Kab_Kot": "Kota Bandung", "risk_prediction": 1, "Satwil": "Polrestabes Bandung" }, "geometry": { "type": "LineString", "coordinates": [ [ 107.644269, -6.919053 ], [ 107.644271, -6.919268 ], [ 107.644275, -6.919326 ], [ 107.644284, -6.919531 ] ] } },
{ "type": "Feature", "properties": { "Nm_Ruas": "Jl. Jenderal Sudirman", "Status": "Jalan Kota", "Propinsi": "Jawa Barat", "Kab_Kot": "Kota Bandung", "risk_prediction": 1, "Satwil": "Polrestabes Bandung" }, "geometry": { "type": "LineString", "coordinates": [ [ 107.5821, -6.918198 ], [ 107.581976, -6.918185 ], [ 107.581328, -6.918117 ], [ 107.581199, -6.918104 ], [ 107.581196, -6.918104 ], [ 107.580301, -6.917984 ], [ 107.5803, -6.917984 ], [ 107.579874, -6.917927 ], [ 107.57929, -6.917849 ], [ 107.57917, -6.917834 ], [ 107.578943, -6.917805 ], [ 107.57886, -6.917795 ], [ 107.578431, -6.917742 ], [ 107.578287, -6.917724 ], [ 107.578106, -6.917701 ], [ 107.577618, -6.917652 ], [ 107.577114, -6.917602 ], [ 107.577063, -6.917597 ], [ 107.576835, -6.917572 ], [ 107.576738, -6.917566 ], [ 107.576716, -6.917563 ] ] } },
{ "type": "Feature", "properties": { "Nm_Ruas": "Jl. Jenderal Sudirman", "Status": "Jalan Kota", "Propinsi": "Jawa Barat", "Kab_Kot": "Kota Bandung", "risk_prediction": 1, "Satwil": "Polrestabes Bandung" }, "geometry": { "type": "LineString", "coordinates": [ [ 107.586376, -6.91873 ], [ 107.586359, -6.918722 ], [ 107.586307, -6.918709 ], [ 107.58552, -6.918607 ], [ 107.58548, -6.918602 ], [ 107.585306, -6.918579 ], [ 107.585095, -6.918551 ], [ 107.584998, -6.918537 ], [ 107.584582, -6.918485 ], [ 107.584208, -6.918439 ], [ 107.584101, -6.918427 ] ] } },
{ "type": "Feature", "properties": { "Nm_Ruas": "Jl. Jenderal Sudirman", "Status": "Jalan Kota", "Propinsi": "Jawa Barat", "Kab_Kot": "Kota Bandung", "risk_prediction": 1, "Satwil": "Polrestabes Bandung" }, "geometry": { "type": "LineString", "coordinates": [ [ 107.59744, -6.920015 ], [ 107.597287, -6.919997 ], [ 107.597247, -6.919992 ], [ 107.595721, -6.91981 ], [ 107.595713, -6.919809 ], [ 107.595636, -6.9198 ], [ 107.595481, -6.919782 ], [ 107.595137, -6.91974 ], [ 107.594976, -6.919721 ], [ 107.59453, -6.919668 ], [ 107.593892, -6.919591 ], [ 107.593829, -6.919584 ], [ 107.593742, -6.919573 ], [ 107.593643, -6.919562 ], [ 107.593036, -6.919489 ], [ 107.592931, -6.919477 ], [ 107.592929, -6.919477 ], [ 107.592526, -6.919428 ], [ 107.592033, -6.919369 ], [ 107.591965, -6.919361 ], [ 107.591747, -6.919334 ], [ 107.591552, -6.919311 ], [ 107.590851, -6.919227 ], [ 107.590134, -6.919141 ], [ 107.588992, -6.919008 ], [ 107.58885, -6.918991 ], [ 107.588378, -6.918933 ], [ 107.588273, -6.918921 ], [ 107.587977, -6.918887 ], [ 107.587535, -6.918835 ], [ 107.587533, -6.918835 ], [ 107.587467, -6.918827 ], [ 107.587445, -6.918824 ], [ 107.587295, -6.918805 ], [ 107.587156, -6.918789 ], [ 107.586943, -6.918774 ], [ 107.586566, -6.918747 ], [ 107.586565, -6.918746 ], [ 107.586534, -6.918696 ], [ 107.586521, -6.918686 ], [ 107.586499, -6.918673 ], [ 107.586478, -6.918665 ], [ 107.585702, -6.918562 ], [ 107.585011, -6.91847 ], [ 107.584804, -6.918447 ] ] } },
{ "type": "Feature", "properties": { "Nm_Ruas": "Jl. Jenderal Sudirman", "Status": "Jalan Nasional", "Propinsi": "Jawa Barat", "Kab_Kot": "Kota Bandung", "risk_prediction": 1, "Satwil": "Polrestabes Bandung" }, "geometry": { "type": "LineString", "coordinates": [ [ 107.57198, -6.915441 ], [ 107.571912, -6.915333 ], [ 107.571869, -6.915263 ], [ 107.571782, -6.915102 ], [ 107.571726, -6.915003 ], [ 107.571515, -6.914666 ], [ 107.571514, -6.914664 ], [ 107.571424, -6.914509 ], [ 107.571384, -6.914442 ], [ 107.571085, -6.913941 ], [ 107.571054, -6.913888 ], [ 107.570938, -6.913686 ], [ 107.570877, -6.913559 ], [ 107.570701, -6.913251 ], [ 107.570575, -6.913052 ], [ 107.570343, -6.912689 ], [ 107.570128, -6.912327 ], [ 107.569895, -6.911936 ], [ 107.569789, -6.911767 ], [ 107.569777, -6.911746 ], [ 107.569648, -6.911525 ], [ 107.569633, -6.9115 ], [ 107.569624, -6.911485 ], [ 107.569579, -6.91141 ], [ 107.569274, -6.9109 ], [ 107.569159, -6.910708 ], [ 107.569114, -6.910631 ], [ 107.568967, -6.910405 ] ] } },
{ "type": "Feature", "properties": { "Nm_Ruas": "Jl. Jenderal Sudirman", "Status": "Jalan Nasional", "Propinsi": "Jawa Barat", "Kab_Kot": "Kota Bandung", "risk_prediction": 1, "Satwil": "Polrestabes Bandung" }, "geometry": { "type": "LineString", "coordinates": [ [ 107.57456, -6.917279 ], [ 107.574525, -6.917331 ], [ 107.574475, -6.917369 ], [ 107.574416, -6.917391 ], [ 107.574354, -6.917394 ], [ 107.574294, -6.917378 ], [ 107.57424, -6.917343 ], [ 107.574199, -6.917294 ] ] } },
{ "type": "Feature", "properties": { "Nm_Ruas": "Jl. Jetis Pasiraman", "Status": "Jalan Kota", "Propinsi": "Daerah Istimewa Yogyakarta", "Kab_Kot": "Kota Yogyakarta", "risk_prediction": 1, "Satwil": "Polda DI Yogyakarta" }, "geometry": { "type": "LineString", "coordinates": [ [ 110.36762, -7.77846 ], [ 110.368019, -7.778505 ], [ 110.36852, -7.778578 ] ] } },
{ "type": "Feature", "properties": { "Nm_Ruas": "Jl. Jetis/Kasihan - Karangjati", "Status": "Jalan Kabupaten", "Propinsi": "Daerah Istimewa Yogyakarta", "Kab_Kot": "Bantul", "risk_prediction": 1, "Satwil": "Polda DI Yogyakarta" }, "geometry": { "type": "LineString", "coordinates": [ [ 110.32376, -7.827951 ], [ 110.323758, -7.827978 ], [ 110.323697, -7.828852 ] ] } },
{ "type": "Feature", "properties": { "Nm_Ruas": "Jl. Jimbaran - Uluwatu", "Status": "Jalan Nasional", "Propinsi": "Bali", "Kab_Kot": "Badung", "risk_prediction": 1, "Satwil": "Polda Bali" }, "geometry": { "type": "LineString", "coordinates": [ [ 115.135413, -8.829909 ], [ 115.13501, -8.83007 ], [ 115.134892, -8.830122 ], [ 115.134725, -8.830195 ], [ 115.13442, -8.83033 ], [ 115.13427, -8.83038 ], [ 115.13412, -8.83042 ], [ 115.134046, -8.830433 ], [ 115.133863, -8.830465 ], [ 115.13372, -8.83049 ], [ 115.133159, -8.830608 ], [ 115.13301, -8.83064 ], [ 115.132972, -8.830647 ], [ 115.13278, -8.83068 ], [ 115.13248, -8.83074 ], [ 115.132272, -8.83078 ], [ 115.13227, -8.83078 ], [ 115.132083, -8.830832 ], [ 115.1318, -8.83091 ], [ 115.13171, -8.83093 ], [ 115.1317, -8.83093 ], [ 115.13159, -8.83092 ], [ 115.131388, -8.83092 ], [ 115.13138, -8.83092 ], [ 115.131188, -8.83091 ], [ 115.131022, -8.830902 ], [ 115.13078, -8.83089 ], [ 115.130486, -8.830867 ], [ 115.13039, -8.83086 ], [ 115.130281, -8.830852 ], [ 115.13012, -8.83084 ], [ 115.12961, -8.83081 ], [ 115.129584, -8.830812 ], [ 115.12947, -8.83082 ], [ 115.129376, -8.830839 ], [ 115.12932, -8.83085 ], [ 115.12926, -8.83086 ], [ 115.12892, -8.83082 ], [ 115.12891, -8.83082 ], [ 115.128686, -8.830812 ], [ 115.12862, -8.83081 ], [ 115.1286, -8.83081 ], [ 115.128472, -8.830798 ], [ 115.12817, -8.83077 ], [ 115.128, -8.83076 ], [ 115.127785, -8.830754 ], [ 115.127565, -8.830747 ], [ 115.12732, -8.83074 ], [ 115.12712, -8.83072 ], [ 115.12694, -8.83071 ], [ 115.1269, -8.83071 ], [ 115.126882, -8.830713 ], [ 115.12677, -8.83073 ], [ 115.126758, -8.830733 ], [ 115.12669, -8.83075 ], [ 115.12667, -8.83077 ], [ 115.12664, -8.8308 ], [ 115.12658, -8.83088 ], [ 115.12656, -8.83093 ], [ 115.12654, -8.83104 ], [ 115.12653, -8.83122 ], [ 115.126514, -8.831411 ], [ 115.126502, -8.831541 ], [ 115.1265, -8.83157 ], [ 115.126497, -8.831598 ], [ 115.126493, -8.831635 ], [ 115.12649, -8.83166 ], [ 115.12648, -8.83173 ], [ 115.12648, -8.83178 ], [ 115.12643, -8.83229 ], [ 115.12643, -8.83231 ], [ 115.12643, -8.83232 ], [ 115.12643, -8.83237 ], [ 115.126419, -8.832446 ], [ 115.126412, -8.832498 ], [ 115.126407, -8.832534 ], [ 115.12635, -8.83293 ], [ 115.12635, -8.83296 ], [ 115.12631, -8.83319 ], [ 115.12631, -8.833205 ], [ 115.12631, -8.83321 ], [ 115.126262, -8.833425 ], [ 115.1262, -8.8337 ], [ 115.12619, -8.83375 ], [ 115.12617, -8.83388 ], [ 115.12614, -8.83398 ], [ 115.12614, -8.834 ], [ 115.12612, -8.83402 ], [ 115.1261, -8.83405 ], [ 115.12609, -8.83406 ], [ 115.12608, -8.83406 ], [ 115.126079, -8.834061 ], [ 115.12606, -8.83407 ], [ 115.12603, -8.83408 ], [ 115.12589, -8.8341 ], [ 115.125857, -8.834104 ], [ 115.12574, -8.83412 ], [ 115.12563, -8.83414 ], [ 115.12555, -8.83418 ], [ 115.12549, -8.83422 ], [ 115.12543, -8.83429 ], [ 115.12537, -8.8344 ], [ 115.12534, -8.83443 ], [ 115.125317, -8.834441 ], [ 115.1253, -8.83445 ], [ 115.12527, -8.83446 ], [ 115.12521, -8.83447 ], [ 115.125091, -8.834465 ], [ 115.12496, -8.83446 ], [ 115.124918, -8.83446 ] ] } },
{ "type": "Feature", "properties": { "Nm_Ruas": "Jl. Jimbaran - Uluwatu", "Status": "Jalan Nasional", "Propinsi": "Bali", "Kab_Kot": "Badung", "risk_prediction": 1, "Satwil": "Polda Bali" }, "geometry": { "type": "LineString", "coordinates": [ [ 115.155972, -8.815641 ], [ 115.155946, -8.815676 ], [ 115.15592, -8.81571 ], [ 115.15569, -8.81596 ], [ 115.155498, -8.81617 ], [ 115.155438, -8.816236 ], [ 115.15538, -8.8163 ], [ 115.155365, -8.816317 ], [ 115.155339, -8.816348 ], [ 115.15511, -8.81662 ], [ 115.15508, -8.81665 ], [ 115.15491, -8.816857 ], [ 115.154852, -8.816927 ], [ 115.15476, -8.81704 ], [ 115.15474, -8.81706 ], [ 115.15455, -8.8173 ], [ 115.15448, -8.8174 ], [ 115.1544, -8.81751 ], [ 115.154357, -8.817571 ], [ 115.154303, -8.817646 ], [ 115.1543, -8.81765 ], [ 115.15419, -8.81782 ], [ 115.15413, -8.81794 ], [ 115.15396, -8.81826 ], [ 115.15392, -8.81834 ], [ 115.153912, -8.818356 ], [ 115.153873, -8.818442 ], [ 115.15385, -8.81849 ], [ 115.153848, -8.818493 ], [ 115.15383, -8.81852 ], [ 115.15356, -8.81901 ], [ 115.15352, -8.81909 ], [ 115.153492, -8.819156 ], [ 115.15349, -8.81916 ], [ 115.153447, -8.81924 ], [ 115.15342, -8.81929 ], [ 115.153416, -8.819292 ], [ 115.15333, -8.81934 ], [ 115.15324, -8.81937 ], [ 115.15291, -8.81948 ], [ 115.152716, -8.81955 ], [ 115.152623, -8.819584 ], [ 115.152568, -8.819604 ], [ 115.15233, -8.81969 ], [ 115.151864, -8.819852 ], [ 115.151766, -8.819886 ], [ 115.15164, -8.81993 ], [ 115.15114, -8.82013 ], [ 115.151019, -8.820171 ], [ 115.150916, -8.820206 ], [ 115.15073, -8.82027 ], [ 115.15067, -8.82029 ], [ 115.15061, -8.8203 ], [ 115.15049, -8.82034 ], [ 115.15037, -8.82037 ], [ 115.15027, -8.8204 ], [ 115.15026, -8.8204 ], [ 115.15015, -8.820413 ], [ 115.150039, -8.820426 ], [ 115.14974, -8.82046 ], [ 115.14945, -8.82051 ], [ 115.149255, -8.820537 ], [ 115.14916, -8.82055 ], [ 115.14914, -8.820557 ], [ 115.14913, -8.82056 ], [ 115.14891, -8.82061 ], [ 115.148366, -8.820697 ], [ 115.14835, -8.8207 ], [ 115.148246, -8.820716 ], [ 115.148185, -8.820726 ], [ 115.14784, -8.82078 ], [ 115.147473, -8.820834 ], [ 115.14736, -8.82085 ], [ 115.147348, -8.820854 ], [ 115.14733, -8.82086 ], [ 115.14714, -8.82089 ], [ 115.14692, -8.82093 ], [ 115.14687, -8.82094 ], [ 115.146582, -8.820987 ], [ 115.1465, -8.821 ], [ 115.146452, -8.821005 ], [ 115.14632, -8.82102 ], [ 115.14616, -8.82105 ], [ 115.14602, -8.82108 ], [ 115.14577, -8.82114 ], [ 115.145697, -8.821163 ], [ 115.14564, -8.82118 ], [ 115.145567, -8.821203 ], [ 115.14551, -8.82122 ], [ 115.1452, -8.82134 ], [ 115.144844, -8.821461 ], [ 115.14473, -8.8215 ], [ 115.144711, -8.821507 ], [ 115.14435, -8.82164 ], [ 115.14422, -8.82169 ], [ 115.14414, -8.82172 ], [ 115.1441, -8.82174 ], [ 115.14403, -8.82178 ], [ 115.144005, -8.821795 ], [ 115.14398, -8.82181 ], [ 115.14391, -8.82188 ], [ 115.143899, -8.821891 ], [ 115.143853, -8.821937 ], [ 115.14371, -8.82208 ], [ 115.1437, -8.82209 ], [ 115.14368, -8.82211 ], [ 115.14354, -8.82226 ], [ 115.143381, -8.822447 ], [ 115.14337, -8.82246 ], [ 115.143283, -8.822555 ], [ 115.14315, -8.8227 ], [ 115.1429, -8.82296 ], [ 115.142775, -8.823095 ], [ 115.142764, -8.823107 ], [ 115.142663, -8.823216 ], [ 115.14265, -8.82323 ], [ 115.14237, -8.82351 ], [ 115.14223, -8.82367 ], [ 115.142149, -8.823751 ], [ 115.142147, -8.823753 ], [ 115.14214, -8.82376 ], [ 115.14212, -8.82378 ], [ 115.14205, -8.82385 ], [ 115.142033, -8.823867 ], [ 115.14199, -8.82391 ], [ 115.14193, -8.82397 ], [ 115.14185, -8.82407 ], [ 115.14179, -8.82414 ], [ 115.14174, -8.82421 ], [ 115.14156, -8.824437 ], [ 115.141553, -8.824446 ], [ 115.14151, -8.8245 ], [ 115.141459, -8.824567 ], [ 115.14115, -8.82498 ], [ 115.141013, -8.825171 ], [ 115.140923, -8.825297 ], [ 115.14087, -8.82537 ], [ 115.14074, -8.82554 ], [ 115.14053, -8.82584 ], [ 115.140482, -8.825903 ], [ 115.140387, -8.826027 ], [ 115.14018, -8.8263 ], [ 115.139956, -8.826637 ], [ 115.139868, -8.826769 ], [ 115.13976, -8.82693 ], [ 115.139444, -8.827382 ], [ 115.139352, -8.827513 ], [ 115.13918, -8.82776 ], [ 115.13899, -8.82802 ], [ 115.13894, -8.82809 ], [ 115.138914, -8.828113 ], [ 115.138902, -8.828123 ] ] } },
{ "type": "Feature", "properties": { "Nm_Ruas": "Jl. Jimbaran - Uluwatu", "Status": "Jalan Nasional", "Propinsi": "Bali", "Kab_Kot": "Badung", "risk_prediction": 1, "Satwil": "Polda Bali" }, "geometry": { "type": "LineString", "coordinates": [ [ 115.164006, -8.790228 ], [ 115.16399, -8.7903 ], [ 115.16396, -8.79048 ], [ 115.163901, -8.790783 ], [ 115.16389, -8.79084 ], [ 115.163888, -8.790852 ], [ 115.16386, -8.791 ], [ 115.16386, -8.79101 ], [ 115.16379, -8.79137 ], [ 115.16377, -8.79147 ], [ 115.16374, -8.79159 ], [ 115.163728, -8.79167 ], [ 115.163718, -8.79174 ], [ 115.16369, -8.79193 ], [ 115.16368, -8.79194 ], [ 115.16366, -8.79204 ], [ 115.16364, -8.79212 ], [ 115.16355, -8.7924 ], [ 115.163493, -8.792537 ], [ 115.163466, -8.792603 ], [ 115.1634, -8.79276 ], [ 115.16328, -8.79302 ], [ 115.16321, -8.79319 ], [ 115.16318, -8.79327 ], [ 115.16314, -8.79337 ], [ 115.163114, -8.793436 ], [ 115.16304, -8.79362 ], [ 115.16286, -8.79402 ], [ 115.16286, -8.79404 ], [ 115.1628, -8.794205 ], [ 115.162775, -8.794273 ], [ 115.162675, -8.794547 ], [ 115.16267, -8.79456 ], [ 115.16262, -8.79467 ], [ 115.16257, -8.79479 ], [ 115.1625, -8.79497 ], [ 115.162469, -8.795046 ], [ 115.162442, -8.795113 ], [ 115.16239, -8.79524 ], [ 115.16237, -8.79528 ], [ 115.16221, -8.79561 ], [ 115.16216, -8.79569 ], [ 115.162068, -8.795855 ], [ 115.16206, -8.79587 ], [ 115.162032, -8.79592 ], [ 115.16201, -8.79596 ], [ 115.16171, -8.79642 ], [ 115.161586, -8.79662 ], [ 115.16158, -8.79663 ], [ 115.161546, -8.796683 ], [ 115.16141, -8.79689 ], [ 115.16134, -8.79701 ], [ 115.161217, -8.797232 ], [ 115.16114, -8.79737 ], [ 115.161122, -8.797395 ], [ 115.16109, -8.79744 ], [ 115.161082, -8.797459 ], [ 115.16105, -8.79753 ], [ 115.16095, -8.79767 ], [ 115.1609, -8.79774 ], [ 115.16088, -8.79778 ], [ 115.16086, -8.79783 ], [ 115.16085, -8.79788 ], [ 115.160831, -8.798038 ], [ 115.16083, -8.79805 ], [ 115.16081, -8.79817 ], [ 115.160806, -8.798219 ], [ 115.1608, -8.79828 ], [ 115.160799, -8.798296 ], [ 115.16076, -8.79874 ], [ 115.16075, -8.79888 ], [ 115.16074, -8.798942 ], [ 115.160738, -8.798949 ], [ 115.16073, -8.799 ], [ 115.16073, -8.79903 ], [ 115.160717, -8.799118 ], [ 115.160705, -8.799195 ], [ 115.16066, -8.79949 ], [ 115.160621, -8.800016 ], [ 115.160616, -8.800094 ], [ 115.16061, -8.80017 ], [ 115.16056, -8.80054 ], [ 115.16053, -8.80073 ], [ 115.16049, -8.80086 ], [ 115.160477, -8.800906 ], [ 115.160456, -8.800981 ], [ 115.16042, -8.80111 ], [ 115.160231, -8.801776 ], [ 115.16023, -8.80178 ], [ 115.160207, -8.801851 ], [ 115.16012, -8.80212 ], [ 115.1601, -8.80216 ], [ 115.16003, -8.8024 ], [ 115.16001, -8.80247 ], [ 115.159964, -8.802639 ], [ 115.159944, -8.802715 ], [ 115.15994, -8.80273 ], [ 115.15984, -8.80308 ], [ 115.15983, -8.8031 ], [ 115.15979, -8.80326 ], [ 115.159755, -8.803369 ], [ 115.159711, -8.803507 ], [ 115.159687, -8.803582 ], [ 115.15957, -8.80395 ], [ 115.15952, -8.80409 ], [ 115.15951, -8.80416 ], [ 115.159446, -8.80437 ], [ 115.159423, -8.804446 ], [ 115.15934, -8.80472 ], [ 115.15933, -8.80474 ], [ 115.15921, -8.80524 ], [ 115.15921, -8.805241 ], [ 115.159188, -8.805318 ], [ 115.15915, -8.80545 ], [ 115.15911, -8.80558 ], [ 115.15907, -8.80574 ], [ 115.15903, -8.80589 ], [ 115.159, -8.80598 ], [ 115.15898, -8.80604 ], [ 115.15896, -8.8061 ], [ 115.158957, -8.806109 ], [ 115.158934, -8.806186 ], [ 115.15888, -8.80637 ], [ 115.1588, -8.80664 ], [ 115.158686, -8.806971 ], [ 115.15866, -8.807048 ], [ 115.15858, -8.80728 ], [ 115.15845, -8.80765 ], [ 115.158432, -8.807714 ], [ 115.15841, -8.80779 ], [ 115.158403, -8.807829 ], [ 115.1584, -8.80785 ], [ 115.15838, -8.807907 ], [ 115.15835, -8.80799 ], [ 115.15826, -8.8083 ], [ 115.15822, -8.80842 ], [ 115.158117, -8.808686 ], [ 115.1581, -8.80873 ], [ 115.158085, -8.808761 ], [ 115.15796, -8.80903 ], [ 115.15791, -8.80914 ], [ 115.157796, -8.809528 ], [ 115.15779, -8.80955 ], [ 115.157772, -8.809607 ], [ 115.15772, -8.80977 ], [ 115.15766, -8.81011 ], [ 115.15763, -8.81022 ], [ 115.15761, -8.81034 ], [ 115.1576, -8.81036 ], [ 115.157594, -8.810407 ], [ 115.157583, -8.810489 ], [ 115.15753, -8.8109 ], [ 115.15752, -8.81124 ], [ 115.15752, -8.811307 ], [ 115.15752, -8.81133 ], [ 115.157516, -8.81139 ], [ 115.15751, -8.8115 ], [ 115.1575, -8.81202 ], [ 115.157481, -8.812116 ] ] } },
{ "type": "Feature", "properties": { "Nm_Ruas": "Jl. Jimbaran - Uluwatu", "Status": "Jalan Nasional", "Propinsi": "Bali", "Kab_Kot": "Badung", "risk_prediction": 1, "Satwil": "Polda Bali" }, "geometry": { "type": "LineString", "coordinates": [ [ 115.17892, -8.7815 ], [ 115.178741, -8.781497 ], [ 115.178654, -8.781496 ], [ 115.178427, -8.781444 ], [ 115.17823, -8.7814 ], [ 115.17808, -8.78135 ], [ 115.178036, -8.78134 ], [ 115.178032, -8.781339 ], [ 115.178031, -8.781338 ], [ 115.17791, -8.78131 ], [ 115.177854, -8.781302 ], [ 115.17777, -8.78129 ], [ 115.17765, -8.78128 ], [ 115.17749, -8.78126 ], [ 115.17732, -8.78126 ], [ 115.17724, -8.78126 ], [ 115.177139, -8.781255 ], [ 115.177129, -8.781255 ], [ 115.17702, -8.78125 ], [ 115.17663, -8.78124 ], [ 115.176235, -8.781256 ], [ 115.176221, -8.781257 ], [ 115.17615, -8.78126 ], [ 115.17601, -8.78127 ], [ 115.17596, -8.78129 ], [ 115.17584, -8.78133 ], [ 115.17562, -8.78143 ], [ 115.17548, -8.7815 ], [ 115.175392, -8.781547 ], [ 115.175376, -8.781556 ], [ 115.1752, -8.78165 ], [ 115.17512, -8.78169 ], [ 115.17488, -8.7818 ], [ 115.17477, -8.78184 ], [ 115.1747, -8.78188 ], [ 115.17458, -8.781943 ], [ 115.174561, -8.781953 ], [ 115.17449, -8.78199 ], [ 115.17432, -8.7821 ], [ 115.174, -8.78234 ], [ 115.17393, -8.7824 ], [ 115.173848, -8.782469 ], [ 115.173828, -8.782485 ], [ 115.173684, -8.782605 ], [ 115.17351, -8.78275 ], [ 115.17345, -8.78279 ], [ 115.17319, -8.78301 ], [ 115.17318, -8.78303 ], [ 115.173158, -8.78305 ], [ 115.173137, -8.783069 ], [ 115.17306, -8.78314 ], [ 115.1729, -8.78327 ], [ 115.17271, -8.78341 ], [ 115.17266, -8.78344 ], [ 115.17257, -8.7835 ], [ 115.172421, -8.783563 ], [ 115.172392, -8.783575 ], [ 115.17238, -8.78358 ], [ 115.1722, -8.78366 ], [ 115.17211, -8.78369 ], [ 115.17203, -8.78372 ], [ 115.17184, -8.78379 ], [ 115.17176, -8.78384 ], [ 115.17172, -8.78387 ], [ 115.17163, -8.78391 ], [ 115.1716, -8.783932 ], [ 115.171571, -8.783952 ], [ 115.17156, -8.78396 ], [ 115.17151, -8.784 ], [ 115.17148, -8.78402 ], [ 115.17141, -8.78409 ], [ 115.17133, -8.78419 ], [ 115.17128, -8.78426 ], [ 115.17121, -8.78438 ], [ 115.17116, -8.78447 ], [ 115.171068, -8.784648 ], [ 115.171051, -8.784681 ], [ 115.171, -8.78478 ], [ 115.171, -8.78479 ], [ 115.17076, -8.78521 ], [ 115.17069, -8.78533 ], [ 115.170628, -8.785436 ], [ 115.17062, -8.78545 ], [ 115.17061, -8.78547 ], [ 115.17058, -8.78553 ], [ 115.17056, -8.78556 ], [ 115.170516, -8.785646 ], [ 115.17041, -8.78585 ], [ 115.1703, -8.786 ], [ 115.17023, -8.78608 ], [ 115.170125, -8.786177 ], [ 115.1701, -8.7862 ], [ 115.170095, -8.786204 ], [ 115.17006, -8.78623 ], [ 115.17003, -8.78626 ], [ 115.16999, -8.78629 ], [ 115.16996, -8.78631 ], [ 115.16993, -8.78632 ], [ 115.16989, -8.78634 ], [ 115.16986, -8.78635 ], [ 115.16979, -8.78637 ], [ 115.1696, -8.7864 ], [ 115.16944, -8.7864 ], [ 115.16929, -8.78641 ], [ 115.169281, -8.78641 ], [ 115.169237, -8.78641 ], [ 115.16922, -8.78641 ], [ 115.16918, -8.78641 ], [ 115.16911, -8.7864 ], [ 115.16904, -8.78639 ], [ 115.16898, -8.78637 ], [ 115.16892, -8.78635 ], [ 115.16884, -8.78633 ], [ 115.16865, -8.78627 ], [ 115.16854, -8.78623 ], [ 115.168412, -8.786184 ], [ 115.168366, -8.786167 ], [ 115.16832, -8.78615 ], [ 115.16808, -8.78607 ], [ 115.16795, -8.78603 ], [ 115.1679, -8.78601 ], [ 115.167381, -8.785852 ] ] } },
{ "type": "Feature", "properties": { "Nm_Ruas": "Jl. K.H. Ahmad Dahlan", "Status": "Jalan Kota", "Propinsi": "Jawa Barat", "Kab_Kot": "Kota Bandung", "risk_prediction": 1, "Satwil": "Polrestabes Bandung" }, "geometry": { "type": "LineString", "coordinates": [ [ 107.62405, -6.934394 ], [ 107.624192, -6.934499 ], [ 107.624293, -6.934573 ], [ 107.624348, -6.934614 ], [ 107.624566, -6.934775 ], [ 107.624748, -6.934909 ], [ 107.624777, -6.934931 ] ] } },
{ "type": "Feature", "properties": { "Nm_Ruas": "Jl. Kalipah Apo", "Status": "Jalan Kota", "Propinsi": "Jawa Barat", "Kab_Kot": "Kota Bandung", "risk_prediction": 1, "Satwil": "Polrestabes Bandung" }, "geometry": { "type": "LineString", "coordinates": [ [ 107.60388, -6.92383 ], [ 107.603484, -6.923785 ], [ 107.602982, -6.923726 ] ] } },
{ "type": "Feature", "properties": { "Nm_Ruas": "Jl. Kampus Unud - Poltek", "Status": "Jalan Kabupaten", "Propinsi": "Bali", "Kab_Kot": "Badung", "risk_prediction": 1, "Satwil": "Polda Bali" }, "geometry": { "type": "LineString", "coordinates": [ [ 115.176181, -8.789141 ], [ 115.176211, -8.78914 ], [ 115.176425, -8.789124 ], [ 115.176703, -8.789106 ], [ 115.176898, -8.789079 ], [ 115.177086, -8.789063 ] ] } },
{ "type": "Feature", "properties": { "Nm_Ruas": "Jl. Kapal - Buduk", "Status": "Jalan Kabupaten", "Propinsi": "Bali", "Kab_Kot": "Badung", "risk_prediction": 1, "Satwil": "Polda Bali" }, "geometry": { "type": "LineString", "coordinates": [ [ 115.177368, -8.576188 ], [ 115.177423, -8.576199 ], [ 115.177616, -8.576268 ], [ 115.177957, -8.576392 ], [ 115.178171, -8.57647 ] ] } },
{ "type": "Feature", "properties": { "Nm_Ruas": "Jl. Kapal - Gaji", "Status": "Jalan Kabupaten", "Propinsi": "Bali", "Kab_Kot": "Badung", "risk_prediction": 1, "Satwil": "Polda Bali" }, "geometry": { "type": "LineString", "coordinates": [ [ 115.175944, -8.610894 ], [ 115.175708, -8.610857 ], [ 115.175539, -8.610823 ], [ 115.175404, -8.610794 ], [ 115.175191, -8.610748 ], [ 115.175053, -8.610722 ], [ 115.175027, -8.610717 ], [ 115.174867, -8.610697 ], [ 115.174714, -8.610682 ], [ 115.174576, -8.610666 ], [ 115.174391, -8.610665 ], [ 115.174144, -8.610667 ], [ 115.173956, -8.610678 ], [ 115.173758, -8.610691 ], [ 115.173495, -8.610702 ], [ 115.173304, -8.610701 ], [ 115.173099, -8.610706 ], [ 115.172931, -8.61071 ], [ 115.172779, -8.610714 ], [ 115.172325, -8.61072 ], [ 115.17224, -8.610719 ], [ 115.172193, -8.610702 ], [ 115.172191, -8.610701 ], [ 115.172169, -8.610689 ], [ 115.172149, -8.610678 ], [ 115.172124, -8.610618 ], [ 115.17211, -8.610495 ], [ 115.172096, -8.61028 ], [ 115.172096, -8.610261 ], [ 115.172098, -8.61012 ], [ 115.172104, -8.610035 ], [ 115.172131, -8.609929 ], [ 115.172163, -8.609835 ], [ 115.17218, -8.609785 ], [ 115.172201, -8.609725 ], [ 115.172244, -8.609591 ], [ 115.172306, -8.609382 ], [ 115.17238, -8.609118 ], [ 115.17244, -8.60891 ], [ 115.172496, -8.608688 ], [ 115.172502, -8.608661 ], [ 115.172514, -8.608581 ], [ 115.172517, -8.60855 ], [ 115.172517, -8.608458 ], [ 115.172505, -8.608312 ], [ 115.172482, -8.608049 ], [ 115.17245, -8.607752 ], [ 115.172424, -8.607544 ], [ 115.1724, -8.607469 ], [ 115.172313, -8.607338 ], [ 115.172256, -8.607266 ] ] } },
{ "type": "Feature", "properties": { "Nm_Ruas": "Jl. Kapal - Gaji", "Status": "Jalan Kabupaten", "Propinsi": "Bali", "Kab_Kot": "Badung", "risk_prediction": 1, "Satwil": "Polda Bali" }, "geometry": { "type": "LineString", "coordinates": [ [ 115.181569, -8.578531 ], [ 115.181679, -8.578048 ], [ 115.181753, -8.577747 ], [ 115.181776, -8.577651 ] ] } },
{ "type": "Feature", "properties": { "Nm_Ruas": "Jl. Karangjati - Kocoran", "Status": "Jalan Kabupaten", "Propinsi": "Daerah Istimewa Yogyakarta", "Kab_Kot": "Sleman", "risk_prediction": 1, "Satwil": "Polda DI Yogyakarta" }, "geometry": { "type": "LineString", "coordinates": [ [ 110.370215, -7.762276 ], [ 110.369962, -7.762188 ], [ 110.369376, -7.762036 ], [ 110.369343, -7.762033 ] ] } },
{ "type": "Feature", "properties": { "Nm_Ruas": "Jl. Karangsari", "Status": "Jalan Kota", "Propinsi": "Bali", "Kab_Kot": "Kota Denpasar", "risk_prediction": 1, "Satwil": "Polda Bali" }, "geometry": { "type": "LineString", "coordinates": [ [ 115.25874, -8.70097 ], [ 115.259636, -8.701116 ] ] } },
{ "type": "Feature", "properties": { "Nm_Ruas": "Jl. Karangsari", "Status": "Jalan Kota", "Propinsi": "Daerah Istimewa Yogyakarta", "Kab_Kot": "Kota Yogyakarta", "risk_prediction": 1, "Satwil": "Polda DI Yogyakarta" }, "geometry": { "type": "LineString", "coordinates": [ [ 110.402175, -7.807425 ], [ 110.401269, -7.807407 ] ] } },
{ "type": "Feature", "properties": { "Nm_Ruas": "Jl. Karapitan", "Status": "Jalan Kota", "Propinsi": "Jawa Barat", "Kab_Kot": "Kota Bandung", "risk_prediction": 1, "Satwil": "Polrestabes Bandung" }, "geometry": { "type": "LineString", "coordinates": [ [ 107.616455, -6.928739 ], [ 107.616464, -6.928716 ], [ 107.616495, -6.928603 ], [ 107.616571, -6.928329 ], [ 107.616582, -6.92829 ], [ 107.616683, -6.927924 ], [ 107.616699, -6.927867 ] ] } },
{ "type": "Feature", "properties": { "Nm_Ruas": "Jl. Karawitan", "Status": "Jalan Kota", "Propinsi": "Jawa Barat", "Kab_Kot": "Kota Bandung", "risk_prediction": 1, "Satwil": "Polrestabes Bandung" }, "geometry": { "type": "LineString", "coordinates": [ [ 107.634641, -6.941631 ], [ 107.634443, -6.941565 ], [ 107.634221, -6.941476 ], [ 107.633828, -6.941307 ], [ 107.633803, -6.941292 ], [ 107.632779, -6.940712 ], [ 107.632534, -6.940551 ], [ 107.632337, -6.940426 ], [ 107.631717, -6.940053 ], [ 107.631497, -6.939921 ], [ 107.631308, -6.939808 ], [ 107.630964, -6.939627 ], [ 107.63034, -6.939363 ], [ 107.630106, -6.939259 ], [ 107.629781, -6.939116 ], [ 107.629288, -6.938873 ], [ 107.629287, -6.938872 ], [ 107.6285, -6.938485 ], [ 107.628477, -6.938473 ], [ 107.628426, -6.938448 ], [ 107.628054, -6.938263 ], [ 107.62802, -6.938245 ], [ 107.627898, -6.93818 ], [ 107.627638, -6.938048 ], [ 107.627392, -6.937926 ], [ 107.627212, -6.937838 ], [ 107.627211, -6.937837 ], [ 107.626925, -6.937671 ], [ 107.626755, -6.937531 ], [ 107.626509, -6.937327 ], [ 107.626485, -6.937302 ] ] } },
{ "type": "Feature", "properties": { "Nm_Ruas": "Jl. Karya 4", "Status": "Jalan Kota", "Propinsi": "Jawa Barat", "Kab_Kot": "Kota Bandung", "risk_prediction": 1, "Satwil": "Polrestabes Bandung" }, "geometry": { "type": "LineString", "coordinates": [ [ 107.559815, -6.895118 ], [ 107.559999, -6.895216 ], [ 107.560158, -6.895288 ], [ 107.560221, -6.895315 ] ] } },
{ "type": "Feature", "properties": { "Nm_Ruas": "Jl. Kasihan - Bangunjiwo", "Status": "Jalan Kabupaten", "Propinsi": "Daerah Istimewa Yogyakarta", "Kab_Kot": "Bantul", "risk_prediction": 1, "Satwil": "Polda DI Yogyakarta" }, "geometry": { "type": "LineString", "coordinates": [ [ 110.328183, -7.824635 ], [ 110.328178, -7.82486 ], [ 110.328171, -7.825443 ], [ 110.328169, -7.825491 ], [ 110.328152, -7.825527 ], [ 110.328141, -7.825533 ], [ 110.328134, -7.825537 ], [ 110.328045, -7.825589 ], [ 110.327387, -7.826038 ], [ 110.327382, -7.826041 ], [ 110.326835, -7.826413 ], [ 110.326225, -7.826847 ], [ 110.325809, -7.827131 ], [ 110.325505, -7.827344 ], [ 110.325378, -7.827432 ], [ 110.325219, -7.827491 ], [ 110.325063, -7.827523 ], [ 110.324812, -7.827575 ], [ 110.324726, -7.827598 ], [ 110.324611, -7.827641 ], [ 110.324411, -7.827716 ], [ 110.323774, -7.827945 ], [ 110.32376, -7.827951 ], [ 110.323758, -7.827951 ], [ 110.323134, -7.828199 ], [ 110.322915, -7.828278 ], [ 110.322914, -7.828278 ], [ 110.322325, -7.828502 ], [ 110.321675, -7.828752 ], [ 110.321489, -7.828836 ], [ 110.321276, -7.828905 ], [ 110.321125, -7.828937 ], [ 110.320818, -7.829017 ], [ 110.320769, -7.829025 ], [ 110.320545, -7.829062 ], [ 110.320458, -7.829081 ], [ 110.32003, -7.82912 ], [ 110.319911, -7.829135 ], [ 110.319871, -7.829146 ], [ 110.31987, -7.829146 ], [ 110.319817, -7.829161 ], [ 110.319711, -7.829208 ], [ 110.319443, -7.829343 ], [ 110.319063, -7.829556 ] ] } },
{ "type": "Feature", "properties": { "Nm_Ruas": "Jl. Katrangan", "Status": "Jalan Kota", "Propinsi": "Bali", "Kab_Kot": "Kota Denpasar", "risk_prediction": 1, "Satwil": "Polda Bali" }, "geometry": { "type": "LineString", "coordinates": [ [ 115.236158, -8.648427 ], [ 115.23618, -8.648494 ], [ 115.236439, -8.649292 ] ] } },
{ "type": "Feature", "properties": { "Nm_Ruas": "Jl. Kautamaan Istri", "Status": "Jalan Kota", "Propinsi": "Jawa Barat", "Kab_Kot": "Kota Bandung", "risk_prediction": 1, "Satwil": "Polrestabes Bandung" }, "geometry": { "type": "LineString", "coordinates": [ [ 107.603785, -6.925525 ], [ 107.604423, -6.925578 ], [ 107.60448, -6.92554 ], [ 107.604533, -6.925518 ], [ 107.604586, -6.925493 ], [ 107.604633, -6.925487 ], [ 107.604667, -6.925489 ] ] } },
{ "type": "Feature", "properties": { "Nm_Ruas": "Jl. Kayu Tulang - Br.babakan", "Status": "Jalan Kabupaten", "Propinsi": "Bali", "Kab_Kot": "Badung", "risk_prediction": 1, "Satwil": "Polda Bali" }, "geometry": { "type": "LineString", "coordinates": [ [ 115.148709, -8.63678 ], [ 115.148698, -8.636816 ], [ 115.148684, -8.636869 ], [ 115.148638, -8.637016 ], [ 115.1486, -8.637123 ], [ 115.148522, -8.637306 ], [ 115.148366, -8.637605 ], [ 115.148361, -8.637615 ] ] } },
{ "type": "Feature", "properties": { "Nm_Ruas": "Jl. Kebo Iwa Selatan", "Status": "Jalan Kota", "Propinsi": "Bali", "Kab_Kot": "Kota Denpasar", "risk_prediction": 1, "Satwil": "Polda Bali" }, "geometry": { "type": "LineString", "coordinates": [ [ 115.18644, -8.648752 ], [ 115.186423, -8.648367 ], [ 115.186319, -8.647878 ], [ 115.186312, -8.647858 ] ] } },
{ "type": "Feature", "properties": { "Nm_Ruas": "Jl. Kebon Jati", "Status": "Jalan Kota", "Propinsi": "Jawa Barat", "Kab_Kot": "Kota Bandung", "risk_prediction": 1, "Satwil": "Polrestabes Bandung" }, "geometry": { "type": "LineString", "coordinates": [ [ 107.598052, -6.916329 ], [ 107.598093, -6.916328 ], [ 107.59818, -6.916324 ], [ 107.598248, -6.916321 ], [ 107.598392, -6.91631 ] ] } },
{ "type": "Feature", "properties": { "Nm_Ruas": "Jl. Kebon Kawung", "Status": "Jalan Kota", "Propinsi": "Jawa Barat", "Kab_Kot": "Kota Bandung", "risk_prediction": 1, "Satwil": "Polrestabes Bandung" }, "geometry": { "type": "LineString", "coordinates": [ [ 107.604692, -6.912762 ], [ 107.604143, -6.912709 ], [ 107.603792, -6.91266 ] ] } },
{ "type": "Feature", "properties": { "Nm_Ruas": "Jl. Kebon Kawung", "Status": "Jalan Provinsi", "Propinsi": "Jawa Barat", "Kab_Kot": "Kota Bandung", "risk_prediction": 1, "Satwil": "Polrestabes Bandung" }, "geometry": { "type": "LineString", "coordinates": [ [ 107.603792, -6.91266 ], [ 107.603782, -6.912659 ], [ 107.603742, -6.912655 ], [ 107.603607, -6.912644 ], [ 107.603243, -6.912618 ], [ 107.602982, -6.912599 ], [ 107.60293, -6.912595 ], [ 107.602889, -6.912593 ], [ 107.60288, -6.912592 ], [ 107.602717, -6.912581 ], [ 107.602478, -6.912565 ], [ 107.602354, -6.912561 ], [ 107.602274, -6.912557 ], [ 107.602012, -6.91254 ], [ 107.601931, -6.912535 ], [ 107.601745, -6.912524 ], [ 107.601624, -6.912517 ], [ 107.601564, -6.912514 ], [ 107.601055, -6.912492 ], [ 107.600967, -6.912488 ], [ 107.600722, -6.912477 ], [ 107.600649, -6.912474 ], [ 107.600222, -6.912449 ], [ 107.60002, -6.912439 ], [ 107.599387, -6.912399 ], [ 107.599157, -6.912383 ], [ 107.599041, -6.912374 ], [ 107.599013, -6.912372 ], [ 107.598253, -6.912368 ], [ 107.598252, -6.912368 ], [ 107.598174, -6.912367 ], [ 107.598096, -6.912349 ], [ 107.598025, -6.912314 ], [ 107.597963, -6.912265 ] ] } },
{ "type": "Feature", "properties": { "Nm_Ruas": "Jl. Kecubung", "Status": "Jalan Kota", "Propinsi": "Bali", "Kab_Kot": "Kota Denpasar", "risk_prediction": 1, "Satwil": "Polda Bali" }, "geometry": { "type": "LineString", "coordinates": [ [ 115.229834, -8.649632 ], [ 115.22984, -8.649475 ], [ 115.229863, -8.648961 ] ] } },
{ "type": "Feature", "properties": { "Nm_Ruas": "Jl. Kedewatan - Payangan - Baturanyar", "Status": "Jalan Provinsi", "Propinsi": "Bali", "Kab_Kot": "Gianyar, Bangli", "risk_prediction": 1, "Satwil": "Polda Bali" }, "geometry": { "type": "LineString", "coordinates": [ [ 115.246224, -8.48567 ], [ 115.24623, -8.485479 ], [ 115.246234, -8.485342 ], [ 115.246287, -8.484769 ] ] } },
{ "type": "Feature", "properties": { "Nm_Ruas": "Jl. Kedewatan - Ubud", "Status": "Jalan Provinsi", "Propinsi": "Bali", "Kab_Kot": "Gianyar", "risk_prediction": 1, "Satwil": "Polda Bali" }, "geometry": { "type": "LineString", "coordinates": [ [ 115.246224, -8.48567 ], [ 115.247131, -8.485697 ] ] } },
{ "type": "Feature", "properties": { "Nm_Ruas": "Jl. Kedisan Cebok Tegallalang", "Status": "Jalan Kabupaten", "Propinsi": "Bali", "Kab_Kot": "Gianyar", "risk_prediction": 1, "Satwil": "Polda Bali" }, "geometry": { "type": "LineString", "coordinates": [ [ 115.291072, -8.425295 ], [ 115.290993, -8.42539 ], [ 115.290955, -8.425418 ], [ 115.290762, -8.425621 ], [ 115.29062, -8.425846 ], [ 115.290548, -8.425991 ], [ 115.29051, -8.426346 ], [ 115.290496, -8.42672 ], [ 115.290514, -8.427046 ], [ 115.290536, -8.427165 ], [ 115.290601, -8.42727 ], [ 115.290674, -8.427337 ], [ 115.290732, -8.427395 ], [ 115.290812, -8.427636 ], [ 115.290791, -8.427923 ], [ 115.290773, -8.427993 ], [ 115.290719, -8.428045 ], [ 115.290619, -8.428058 ], [ 115.290543, -8.428087 ], [ 115.290494, -8.428131 ], [ 115.29047, -8.428173 ], [ 115.290411, -8.428448 ], [ 115.290332, -8.428576 ], [ 115.290226, -8.428671 ], [ 115.290144, -8.428715 ], [ 115.290062, -8.428786 ], [ 115.290058, -8.428792 ], [ 115.290032, -8.428806 ], [ 115.289951, -8.428902 ], [ 115.289863, -8.429021 ], [ 115.289792, -8.429109 ] ] } },
{ "type": "Feature", "properties": { "Nm_Ruas": "Jl. Kelan Abian - Bypass", "Status": "Jalan Kabupaten", "Propinsi": "Bali", "Kab_Kot": "Badung", "risk_prediction": 1, "Satwil": "Polda Bali" }, "geometry": { "type": "LineString", "coordinates": [ [ 115.178889, -8.761067 ], [ 115.178732, -8.761059 ], [ 115.178203, -8.761031 ], [ 115.177981, -8.76102 ] ] } },
{ "type": "Feature", "properties": { "Nm_Ruas": "Jl. Kelenteng", "Status": "Jalan Kota", "Propinsi": "Jawa Barat", "Kab_Kot": "Kota Bandung", "risk_prediction": 1, "Satwil": "Polrestabes Bandung" }, "geometry": { "type": "LineString", "coordinates": [ [ 107.592931, -6.919477 ], [ 107.593023, -6.918799 ], [ 107.593043, -6.918653 ], [ 107.593053, -6.918582 ] ] } },
{ "type": "Feature", "properties": { "Nm_Ruas": "Jl. Kembang Kepah", "Status": "Jalan Kota", "Propinsi": "Bali", "Kab_Kot": "Kota Denpasar", "risk_prediction": 1, "Satwil": "Polda Bali" }, "geometry": { "type": "LineString", "coordinates": [ [ 115.238608, -8.637024 ], [ 115.238611, -8.636939 ], [ 115.238605, -8.636403 ], [ 115.238591, -8.636121 ] ] } },
{ "type": "Feature", "properties": { "Nm_Ruas": "Jl. Kembang Kertas", "Status": "Jalan Kota", "Propinsi": "Bali", "Kab_Kot": "Kota Denpasar", "risk_prediction": 1, "Satwil": "Polda Bali" }, "geometry": { "type": "LineString", "coordinates": [ [ 115.226773, -8.635609 ], [ 115.226759, -8.635777 ], [ 115.226754, -8.635924 ], [ 115.226746, -8.636056 ], [ 115.226744, -8.636189 ], [ 115.226733, -8.636475 ] ] } },
{ "type": "Feature", "properties": { "Nm_Ruas": "Jl. Kembang Sepatu", "Status": "Jalan Kota", "Propinsi": "Jawa Barat", "Kab_Kot": "Kota Bandung", "risk_prediction": 1, "Satwil": "Polrestabes Bandung" }, "geometry": { "type": "LineString", "coordinates": [ [ 107.624756, -6.918583 ], [ 107.624756, -6.918641 ], [ 107.624756, -6.918689 ], [ 107.624788, -6.918743 ], [ 107.624837, -6.918776 ], [ 107.625072, -6.918819 ] ] } },
{ "type": "Feature", "properties": { "Nm_Ruas": "Jl. Kentungan - Gemawang", "Status": "Jalan Kabupaten", "Propinsi": "Daerah Istimewa Yogyakarta", "Kab_Kot": "Sleman", "risk_prediction": 1, "Satwil": "Polda DI Yogyakarta" }, "geometry": { "type": "LineString", "coordinates": [ [ 110.370738, -7.756253 ], [ 110.370626, -7.756255 ], [ 110.370466, -7.756253 ], [ 110.369832, -7.756245 ] ] } },
{ "type": "Feature", "properties": { "Nm_Ruas": "Jl. Kenyeri", "Status": "Jalan Kota", "Propinsi": "Bali", "Kab_Kot": "Kota Denpasar", "risk_prediction": 1, "Satwil": "Polda Bali" }, "geometry": { "type": "LineString", "coordinates": [ [ 115.229863, -8.648961 ], [ 115.229874, -8.648759 ], [ 115.229916, -8.648552 ], [ 115.229946, -8.648225 ], [ 115.229959, -8.6481 ], [ 115.229963, -8.648063 ] ] } },
{ "type": "Feature", "properties": { "Nm_Ruas": "Jl. Kenyeri II", "Status": "Jalan Kota", "Propinsi": "Bali", "Kab_Kot": "Kota Denpasar", "risk_prediction": 1, "Satwil": "Polda Bali" }, "geometry": { "type": "LineString", "coordinates": [ [ 115.230867, -8.63565 ], [ 115.230867, -8.63566 ], [ 115.23085, -8.636262 ], [ 115.230845, -8.63645 ], [ 115.230851, -8.636559 ] ] } },
{ "type": "Feature", "properties": { "Nm_Ruas": "Jl. Kenyeri III", "Status": "Jalan Kota", "Propinsi": "Bali", "Kab_Kot": "Kota Denpasar", "risk_prediction": 1, "Satwil": "Polda Bali" }, "geometry": { "type": "LineString", "coordinates": [ [ 115.231773, -8.635739 ], [ 115.231739, -8.636493 ], [ 115.23174, -8.636648 ] ] } },
{ "type": "Feature", "properties": { "Nm_Ruas": "Jl. Kepatihan", "Status": "Jalan Kota", "Propinsi": "Jawa Barat", "Kab_Kot": "Kota Bandung", "risk_prediction": 1, "Satwil": "Polrestabes Bandung" }, "geometry": { "type": "LineString", "coordinates": [ [ 107.604832, -6.923249 ], [ 107.604696, -6.92323 ], [ 107.604636, -6.923222 ], [ 107.604598, -6.923218 ], [ 107.604531, -6.92321 ], [ 107.604505, -6.923207 ], [ 107.604496, -6.923206 ], [ 107.604382, -6.923192 ], [ 107.60406, -6.923152 ], [ 107.604, -6.923145 ], [ 107.603979, -6.923154 ], [ 107.603953, -6.923177 ], [ 107.603944, -6.923181 ], [ 107.60393, -6.923187 ] ] } },
{ "type": "Feature", "properties": { "Nm_Ruas": "Jl. Kepatihan", "Status": "Jalan Kota", "Propinsi": "Jawa Barat", "Kab_Kot": "Kota Bandung", "risk_prediction": 1, "Satwil": "Polrestabes Bandung" }, "geometry": { "type": "LineString", "coordinates": [ [ 107.603937, -6.923115 ], [ 107.604062, -6.923128 ], [ 107.604501, -6.923183 ], [ 107.604506, -6.923183 ], [ 107.604534, -6.923185 ], [ 107.6046, -6.923194 ], [ 107.604639, -6.923199 ], [ 107.604698, -6.923207 ], [ 107.604737, -6.923212 ], [ 107.604835, -6.923225 ] ] } },
{ "type": "Feature", "properties": { "Nm_Ruas": "Jl. Kerobokan - Br.babakan", "Status": "Jalan Kabupaten", "Propinsi": "Bali", "Kab_Kot": "Badung", "risk_prediction": 1, "Satwil": "Polda Bali" }, "geometry": { "type": "LineString", "coordinates": [ [ 115.172737, -8.641722 ], [ 115.172483, -8.641719 ], [ 115.17214, -8.641709 ], [ 115.171983, -8.641705 ], [ 115.171924, -8.641685 ], [ 115.171897, -8.641643 ], [ 115.17189, -8.6416 ] ] } },
{ "type": "Feature", "properties": { "Nm_Ruas": "Jl. Kerobokan - Kesambi", "Status": "Jalan Kabupaten", "Propinsi": "Bali", "Kab_Kot": "Badung", "risk_prediction": 1, "Satwil": "Polda Bali" }, "geometry": { "type": "LineString", "coordinates": [ [ 115.173809, -8.656785 ], [ 115.173751, -8.656747 ], [ 115.173479, -8.656568 ], [ 115.17332, -8.656456 ], [ 115.173217, -8.656371 ], [ 115.173178, -8.656331 ], [ 115.173131, -8.656283 ], [ 115.173107, -8.656225 ], [ 115.173104, -8.656217 ], [ 115.1731, -8.656208 ], [ 115.173082, -8.656145 ], [ 115.173033, -8.656034 ], [ 115.172865, -8.655673 ], [ 115.172729, -8.655413 ], [ 115.172725, -8.655401 ], [ 115.172723, -8.655396 ], [ 115.172683, -8.655286 ], [ 115.172563, -8.654985 ], [ 115.172485, -8.654734 ], [ 115.172442, -8.654547 ], [ 115.172411, -8.654348 ], [ 115.172395, -8.654198 ], [ 115.17239, -8.654071 ], [ 115.172389, -8.653911 ], [ 115.172401, -8.653689 ], [ 115.172421, -8.653483 ], [ 115.17245, -8.653194 ], [ 115.172452, -8.653176 ], [ 115.172465, -8.653038 ], [ 115.172475, -8.652853 ], [ 115.172503, -8.652464 ], [ 115.172504, -8.652455 ], [ 115.172524, -8.652225 ], [ 115.172544, -8.652096 ], [ 115.172574, -8.651935 ], [ 115.172619, -8.651708 ], [ 115.172623, -8.651683 ], [ 115.172667, -8.651435 ], [ 115.172702, -8.651167 ], [ 115.172715, -8.651011 ], [ 115.172722, -8.650922 ], [ 115.172722, -8.650919 ], [ 115.17273, -8.650728 ], [ 115.172742, -8.650524 ], [ 115.172745, -8.650388 ], [ 115.172742, -8.650023 ], [ 115.172741, -8.649691 ], [ 115.172742, -8.649467 ], [ 115.172742, -8.649271 ], [ 115.17274, -8.649006 ], [ 115.172746, -8.648754 ], [ 115.172748, -8.648624 ], [ 115.172764, -8.648491 ], [ 115.17278, -8.648398 ], [ 115.172812, -8.648264 ], [ 115.172861, -8.648051 ], [ 115.17293, -8.647779 ], [ 115.172975, -8.647593 ], [ 115.173013, -8.647416 ], [ 115.173133, -8.646866 ], [ 115.173195, -8.646539 ], [ 115.173196, -8.646531 ] ] } },
{ "type": "Feature", "properties": { "Nm_Ruas": "Jl. Kesari", "Status": "Jalan Kota", "Propinsi": "Bali", "Kab_Kot": "Kota Denpasar", "risk_prediction": 1, "Satwil": "Polda Bali" }, "geometry": { "type": "LineString", "coordinates": [ [ 115.259146, -8.699544 ], [ 115.259027, -8.699563 ], [ 115.25874, -8.699594 ] ] } },
{ "type": "Feature", "properties": { "Nm_Ruas": "Jl. Kesatrian", "Status": "Jalan Kota", "Propinsi": "Jawa Barat", "Kab_Kot": "Kota Bandung", "risk_prediction": 1, "Satwil": "Polrestabes Bandung" }, "geometry": { "type": "LineString", "coordinates": [ [ 107.597038, -6.911873 ], [ 107.597049, -6.91187 ], [ 107.597183, -6.911833 ], [ 107.597286, -6.911805 ], [ 107.597385, -6.911785 ], [ 107.597462, -6.911774 ], [ 107.597569, -6.91177 ], [ 107.597688, -6.911775 ], [ 107.597776, -6.91178 ], [ 107.597839, -6.911783 ], [ 107.597931, -6.911784 ], [ 107.597938, -6.911784 ] ] } },
{ "type": "Feature", "properties": { "Nm_Ruas": "Jl. Ketapang", "Status": "Jalan Kota", "Propinsi": "Jawa Barat", "Kab_Kot": "Kota Bandung", "risk_prediction": 1, "Satwil": "Polrestabes Bandung" }, "geometry": { "type": "LineString", "coordinates": [ [ 107.619459, -6.92135 ], [ 107.619534, -6.921457 ], [ 107.619591, -6.921597 ], [ 107.619609, -6.921643 ], [ 107.619623, -6.92169 ], [ 107.619633, -6.921781 ], [ 107.619633, -6.921858 ], [ 107.619604, -6.922214 ], [ 107.619581, -6.922505 ], [ 107.619593, -6.922623 ] ] } },
{ "type": "Feature", "properties": { "Nm_Ruas": "Jl. Ketewel - Sukawati", "Status": "Jalan Provinsi", "Propinsi": "Bali", "Kab_Kot": "Gianyar", "risk_prediction": 1, "Satwil": "Polda Bali" }, "geometry": { "type": "LineString", "coordinates": [ [ 115.283291, -8.606276 ], [ 115.283346, -8.607369 ], [ 115.283351, -8.607915 ], [ 115.283402, -8.608516 ], [ 115.283469, -8.609521 ], [ 115.283484, -8.609844 ], [ 115.283526, -8.610746 ], [ 115.283526, -8.610752 ], [ 115.283528, -8.610799 ], [ 115.283562, -8.611646 ], [ 115.283562, -8.611649 ], [ 115.283631, -8.612985 ], [ 115.28365, -8.613407 ] ] } },
{ "type": "Feature", "properties": { "Nm_Ruas": "Jl. Klan Desa - Kubu Alit", "Status": "Jalan Kabupaten", "Propinsi": "Bali", "Kab_Kot": "Badung", "risk_prediction": 1, "Satwil": "Polda Bali" }, "geometry": { "type": "LineString", "coordinates": [ [ 115.181077, -8.750799 ], [ 115.181092, -8.750794 ], [ 115.181217, -8.750737 ], [ 115.181282, -8.750722 ], [ 115.181351, -8.750718 ], [ 115.181537, -8.750742 ], [ 115.181699, -8.750739 ], [ 115.181811, -8.75072 ], [ 115.181966, -8.750695 ], [ 115.181979, -8.750693 ] ] } },
{ "type": "Feature", "properties": { "Nm_Ruas": "Jl. Kliningan", "Status": "Jalan Kota", "Propinsi": "Jawa Barat", "Kab_Kot": "Kota Bandung", "risk_prediction": 1, "Satwil": "Polrestabes Bandung" }, "geometry": { "type": "LineString", "coordinates": [ [ 107.627955, -6.942372 ], [ 107.627983, -6.942346 ], [ 107.628271, -6.942053 ], [ 107.628444, -6.941832 ], [ 107.628453, -6.94182 ], [ 107.628459, -6.941808 ], [ 107.628463, -6.941795 ], [ 107.628481, -6.941662 ] ] } },
{ "type": "Feature", "properties": { "Nm_Ruas": "Jl. Kliningan", "Status": "Jalan Kota", "Propinsi": "Jawa Barat", "Kab_Kot": "Kota Bandung", "risk_prediction": 1, "Satwil": "Polrestabes Bandung" }, "geometry": { "type": "LineString", "coordinates": [ [ 107.628967, -6.939717 ], [ 107.629009, -6.939586 ], [ 107.629118, -6.939282 ], [ 107.629134, -6.93924 ], [ 107.629288, -6.938873 ] ] } },
{ "type": "Feature", "properties": { "Nm_Ruas": "Jl. Kocoran - Mrican", "Status": "Jalan Kabupaten", "Propinsi": "Daerah Istimewa Yogyakarta", "Kab_Kot": "Sleman", "risk_prediction": 1, "Satwil": "Polda DI Yogyakarta" }, "geometry": { "type": "LineString", "coordinates": [ [ 110.383815, -7.76687 ], [ 110.384013, -7.766849 ], [ 110.384199, -7.766859 ], [ 110.384405, -7.766871 ], [ 110.38469, -7.766986 ], [ 110.384992, -7.767113 ], [ 110.384998, -7.767116 ], [ 110.38519, -7.767159 ], [ 110.385393, -7.767235 ], [ 110.385489, -7.767282 ], [ 110.385879, -7.767463 ], [ 110.385949, -7.767492 ], [ 110.386765, -7.767793 ], [ 110.386784, -7.7678 ], [ 110.387422, -7.768039 ], [ 110.387633, -7.768115 ], [ 110.387635, -7.768116 ], [ 110.387961, -7.768234 ], [ 110.388247, -7.768354 ], [ 110.38848, -7.768438 ] ] } },
{ "type": "Feature", "properties": { "Nm_Ruas": "Jl. Kol. Sugiyono", "Status": "Jalan Kota", "Propinsi": "Daerah Istimewa Yogyakarta", "Kab_Kot": "Kota Yogyakarta", "risk_prediction": 1, "Satwil": "Polda DI Yogyakarta" }, "geometry": { "type": "LineString", "coordinates": [ [ 110.368699, -7.814696 ], [ 110.368787, -7.814696 ], [ 110.369002, -7.814696 ], [ 110.369602, -7.814777 ], [ 110.369752, -7.814797 ], [ 110.370631, -7.81492 ], [ 110.371036, -7.814969 ], [ 110.371447, -7.815019 ], [ 110.371934, -7.815093 ], [ 110.371935, -7.815093 ], [ 110.372832, -7.815233 ], [ 110.373161, -7.815285 ], [ 110.373458, -7.815327 ], [ 110.373731, -7.815361 ] ] } },
{ "type": "Feature", "properties": { "Nm_Ruas": "Jl. Kolombo - Bulaksumur", "Status": "Jalan Kabupaten", "Propinsi": "Daerah Istimewa Yogyakarta", "Kab_Kot": "Sleman", "risk_prediction": 1, "Satwil": "Polda DI Yogyakarta" }, "geometry": { "type": "LineString", "coordinates": [ [ 110.385712, -7.77771 ], [ 110.384847, -7.777441 ], [ 110.384845, -7.77744 ], [ 110.384566, -7.777354 ], [ 110.38426, -7.777243 ], [ 110.384184, -7.777209 ], [ 110.384006, -7.77713 ], [ 110.383997, -7.777128 ], [ 110.383595, -7.777045 ], [ 110.383126, -7.776978 ], [ 110.382876, -7.776935 ], [ 110.382129, -7.776806 ], [ 110.381855, -7.776759 ], [ 110.38154, -7.776715 ], [ 110.381333, -7.776694 ], [ 110.381218, -7.776678 ], [ 110.380963, -7.776663 ], [ 110.380925, -7.776657 ], [ 110.380776, -7.776632 ], [ 110.380487, -7.776583 ], [ 110.380376, -7.776565 ], [ 110.380275, -7.776548 ], [ 110.380065, -7.776512 ], [ 110.380031, -7.776511 ], [ 110.380029, -7.776511 ], [ 110.379955, -7.77649 ], [ 110.379667, -7.776361 ], [ 110.379492, -7.776278 ], [ 110.379201, -7.776224 ], [ 110.379176, -7.776223 ] ] } },
{ "type": "Feature", "properties": { "Nm_Ruas": "Jl. Komplek Bandara Internasional Husain Sastranegara", "Status": "Jalan Kota", "Propinsi": "Jawa Barat", "Kab_Kot": "Kota Bandung", "risk_prediction": 1, "Satwil": "Polrestabes Bandung" }, "geometry": { "type": "LineString", "coordinates": [ [ 107.575499, -6.891694 ], [ 107.575527, -6.891468 ], [ 107.575566, -6.891371 ], [ 107.575647, -6.891307 ], [ 107.575973, -6.891124 ], [ 107.576045, -6.891101 ], [ 107.576064, -6.891094 ], [ 107.576077, -6.89109 ], [ 107.576189, -6.89111 ] ] } },
{ "type": "Feature", "properties": { "Nm_Ruas": "Jl. Kopo", "Status": "Jalan Kota", "Propinsi": "Jawa Barat", "Kab_Kot": "Kota Bandung", "risk_prediction": 1, "Satwil": "Polrestabes Bandung" }, "geometry": { "type": "LineString", "coordinates": [ [ 107.594982, -6.93705 ], [ 107.595012, -6.937001 ], [ 107.595042, -6.936952 ], [ 107.595089, -6.936878 ], [ 107.595101, -6.936858 ], [ 107.595154, -6.936779 ], [ 107.595187, -6.93673 ], [ 107.595423, -6.936354 ], [ 107.595462, -6.936282 ] ] } },
{ "type": "Feature", "properties": { "Nm_Ruas": "Jl. Kopo", "Status": "Jalan Provinsi", "Propinsi": "Jawa Barat", "Kab_Kot": "Kota Bandung", "risk_prediction": 1, "Satwil": "Polrestabes Bandung" }, "geometry": { "type": "LineString", "coordinates": [ [ 107.582674, -6.956226 ], [ 107.582694, -6.956199 ], [ 107.582808, -6.956038 ], [ 107.58286, -6.955961 ], [ 107.583054, -6.955693 ], [ 107.583408, -6.955153 ], [ 107.583461, -6.955067 ], [ 107.583518, -6.954976 ], [ 107.583753, -6.954627 ], [ 107.583844, -6.9545 ], [ 107.583952, -6.95433 ], [ 107.583983, -6.954284 ], [ 107.584005, -6.954252 ], [ 107.584043, -6.954196 ], [ 107.584112, -6.954093 ], [ 107.584203, -6.953949 ], [ 107.584242, -6.953893 ], [ 107.584259, -6.953861 ], [ 107.584465, -6.953542 ], [ 107.584475, -6.953525 ], [ 107.584476, -6.953524 ], [ 107.584791, -6.95302 ], [ 107.584874, -6.952889 ], [ 107.584923, -6.952811 ], [ 107.584956, -6.95276 ], [ 107.585074, -6.952576 ], [ 107.585189, -6.952396 ], [ 107.585396, -6.952064 ], [ 107.585478, -6.951937 ], [ 107.585605, -6.951751 ], [ 107.585679, -6.951638 ], [ 107.585716, -6.951582 ], [ 107.585805, -6.951458 ], [ 107.585868, -6.951371 ], [ 107.586056, -6.951042 ], [ 107.586114, -6.950948 ], [ 107.586385, -6.950535 ], [ 107.586475, -6.950397 ], [ 107.586583, -6.950238 ], [ 107.586664, -6.950111 ], [ 107.586813, -6.949901 ], [ 107.587042, -6.949559 ], [ 107.587339, -6.94912 ], [ 107.587375, -6.949066 ], [ 107.587439, -6.948974 ], [ 107.587637, -6.948682 ], [ 107.58792, -6.948268 ], [ 107.588049, -6.948085 ], [ 107.588258, -6.947753 ], [ 107.588295, -6.947692 ], [ 107.588377, -6.947559 ], [ 107.588411, -6.947503 ], [ 107.588514, -6.947349 ], [ 107.588779, -6.946929 ], [ 107.58878, -6.946927 ], [ 107.589176, -6.946335 ], [ 107.589216, -6.946275 ], [ 107.589282, -6.946173 ], [ 107.589377, -6.946027 ], [ 107.589431, -6.945942 ] ] } },
{ "type": "Feature", "properties": { "Nm_Ruas": "Jl. Kopo", "Status": "Jalan Provinsi", "Propinsi": "Jawa Barat", "Kab_Kot": "Kota Bandung", "risk_prediction": 1, "Satwil": "Polrestabes Bandung" }, "geometry": { "type": "LineString", "coordinates": [ [ 107.58992, -6.945295 ], [ 107.589897, -6.94536 ], [ 107.589794, -6.945511 ], [ 107.589769, -6.945549 ], [ 107.589723, -6.94561 ], [ 107.589673, -6.945675 ], [ 107.58964, -6.945719 ], [ 107.589607, -6.94576 ], [ 107.589496, -6.945907 ], [ 107.589431, -6.945942 ] ] } },
{ "type": "Feature", "properties": { "Nm_Ruas": "Jl. Kopo", "Status": "Jalan Provinsi", "Propinsi": "Jawa Barat", "Kab_Kot": "Kota Bandung", "risk_prediction": 1, "Satwil": "Polrestabes Bandung" }, "geometry": { "type": "LineString", "coordinates": [ [ 107.589431, -6.945942 ], [ 107.589442, -6.945887 ], [ 107.589546, -6.94573 ], [ 107.589575, -6.945691 ], [ 107.589609, -6.945648 ], [ 107.589659, -6.945584 ], [ 107.589709, -6.945521 ], [ 107.589736, -6.945484 ], [ 107.589863, -6.945338 ], [ 107.58992, -6.945295 ] ] } },
{ "type": "Feature", "properties": { "Nm_Ruas": "Jl. Kopo", "Status": "Jalan Provinsi", "Propinsi": "Jawa Barat", "Kab_Kot": "Kota Bandung", "risk_prediction": 1, "Satwil": "Polrestabes Bandung" }, "geometry": { "type": "LineString", "coordinates": [ [ 107.58992, -6.945295 ], [ 107.589968, -6.945229 ], [ 107.590035, -6.945124 ], [ 107.590155, -6.944935 ], [ 107.590251, -6.944785 ], [ 107.590306, -6.944699 ], [ 107.590488, -6.944413 ], [ 107.590539, -6.944333 ], [ 107.59059, -6.944253 ], [ 107.590768, -6.943976 ], [ 107.590806, -6.943915 ], [ 107.590863, -6.943825 ], [ 107.591027, -6.943548 ], [ 107.59106, -6.943493 ], [ 107.59109, -6.943446 ], [ 107.591103, -6.943423 ], [ 107.59112, -6.943393 ], [ 107.591215, -6.94323 ], [ 107.591257, -6.943157 ], [ 107.5913, -6.943086 ], [ 107.591344, -6.943014 ], [ 107.591469, -6.942814 ], [ 107.591651, -6.942522 ], [ 107.591845, -6.942203 ], [ 107.591865, -6.942171 ], [ 107.59192, -6.942084 ], [ 107.592072, -6.941844 ], [ 107.592239, -6.94159 ], [ 107.592464, -6.941245 ], [ 107.592659, -6.940949 ], [ 107.59309, -6.940298 ], [ 107.59314, -6.940217 ], [ 107.593215, -6.940096 ], [ 107.593236, -6.940063 ], [ 107.593309, -6.939944 ], [ 107.59344, -6.939733 ], [ 107.593601, -6.939475 ], [ 107.593769, -6.939164 ], [ 107.593909, -6.938912 ], [ 107.593999, -6.938752 ], [ 107.594081, -6.938604 ], [ 107.594102, -6.93857 ], [ 107.594148, -6.938487 ], [ 107.594204, -6.938388 ], [ 107.594516, -6.937827 ], [ 107.594524, -6.937813 ], [ 107.594587, -6.937699 ], [ 107.594622, -6.937638 ], [ 107.594654, -6.937585 ], [ 107.59483, -6.937314 ], [ 107.594944, -6.937117 ], [ 107.594981, -6.937052 ], [ 107.594982, -6.93705 ] ] } },
{ "type": "Feature", "properties": { "Nm_Ruas": "Jl. Kranggan", "Status": "Jalan Kota", "Propinsi": "Daerah Istimewa Yogyakarta", "Kab_Kot": "Kota Yogyakarta", "risk_prediction": 1, "Satwil": "Polda DI Yogyakarta" }, "geometry": { "type": "LineString", "coordinates": [ [ 110.366287, -7.781543 ], [ 110.366743, -7.781554 ], [ 110.367122, -7.781585 ], [ 110.367192, -7.781586 ] ] } },
{ "type": "Feature", "properties": { "Nm_Ruas": "Jl. Kroya", "Status": "Jalan Kota", "Propinsi": "Bali", "Kab_Kot": "Kota Denpasar", "risk_prediction": 1, "Satwil": "Polda Bali" }, "geometry": { "type": "LineString", "coordinates": [ [ 115.238487, -8.648241 ], [ 115.238571, -8.648485 ], [ 115.238718, -8.6489 ], [ 115.238798, -8.649089 ] ] } },
{ "type": "Feature", "properties": { "Nm_Ruas": "Jl. Ktr.ds.tibubeneng - Btn Canggu", "Status": "Jalan Kabupaten", "Propinsi": "Bali", "Kab_Kot": "Badung", "risk_prediction": 1, "Satwil": "Polda Bali" }, "geometry": { "type": "LineString", "coordinates": [ [ 115.142561, -8.653996 ], [ 115.142434, -8.6541 ], [ 115.14229, -8.654226 ], [ 115.142039, -8.654474 ], [ 115.14194, -8.65458 ], [ 115.141909, -8.654619 ], [ 115.141873, -8.654674 ], [ 115.141829, -8.654752 ], [ 115.141798, -8.654819 ], [ 115.141693, -8.655041 ], [ 115.141599, -8.655226 ], [ 115.14153, -8.655366 ], [ 115.14137, -8.655692 ], [ 115.141329, -8.655783 ], [ 115.141275, -8.655892 ], [ 115.141144, -8.656183 ], [ 115.141133, -8.656208 ], [ 115.141053, -8.656382 ], [ 115.141013, -8.656459 ], [ 115.140987, -8.656508 ], [ 115.140956, -8.656571 ], [ 115.140922, -8.656673 ], [ 115.140915, -8.656697 ], [ 115.140861, -8.656881 ], [ 115.140838, -8.656938 ], [ 115.140758, -8.657129 ], [ 115.140619, -8.657429 ], [ 115.140596, -8.657482 ], [ 115.140577, -8.657523 ], [ 115.140533, -8.657618 ], [ 115.140412, -8.657922 ], [ 115.140407, -8.657932 ] ] } },
{ "type": "Feature", "properties": { "Nm_Ruas": "Jl. Kuburan - Br.babakan", "Status": "Jalan Kabupaten", "Propinsi": "Bali", "Kab_Kot": "Badung", "risk_prediction": 1, "Satwil": "Polda Bali" }, "geometry": { "type": "LineString", "coordinates": [ [ 115.172863, -8.638815 ], [ 115.172911, -8.638848 ], [ 115.172961, -8.638893 ], [ 115.173053, -8.639012 ], [ 115.1731, -8.639058 ], [ 115.173169, -8.639096 ], [ 115.17329, -8.639126 ], [ 115.173455, -8.639166 ] ] } },
{ "type": "Feature", "properties": { "Nm_Ruas": "Jl. Kuburan Tuan Lange - Blambangan", "Status": "Jalan Kabupaten", "Propinsi": "Bali", "Kab_Kot": "Badung", "risk_prediction": 1, "Satwil": "Polda Bali" }, "geometry": { "type": "LineString", "coordinates": [ [ 115.179237, -8.72846 ], [ 115.179243, -8.728512 ], [ 115.179291, -8.728619 ], [ 115.179313, -8.72873 ], [ 115.179316, -8.728846 ], [ 115.179314, -8.728949 ], [ 115.17932, -8.729031 ], [ 115.179341, -8.729355 ], [ 115.179341, -8.729357 ] ] } },
{ "type": "Feature", "properties": { "Nm_Ruas": "Jl. Kuningan", "Status": "Jalan Kota", "Propinsi": "Jawa Barat", "Kab_Kot": "Kota Bandung", "risk_prediction": 1, "Satwil": "Polrestabes Bandung" }, "geometry": { "type": "LineString", "coordinates": [ [ 107.660257, -6.913694 ], [ 107.660235, -6.913768 ], [ 107.660127, -6.914143 ], [ 107.6601, -6.914269 ], [ 107.660098, -6.914363 ], [ 107.66012, -6.914459 ], [ 107.660162, -6.914535 ], [ 107.660181, -6.914558 ] ] } },
{ "type": "Feature", "properties": { "Nm_Ruas": "Jl. Kuta - Sp. Br. Abian Base", "Status": "Jalan Nasional", "Propinsi": "Bali", "Kab_Kot": "Badung", "risk_prediction": 1, "Satwil": "Polda Bali" }, "geometry": { "type": "LineString", "coordinates": [ [ 115.183978, -8.719057 ], [ 115.1841, -8.71882 ], [ 115.18422, -8.71855 ], [ 115.18436, -8.71827 ], [ 115.184373, -8.718244 ], [ 115.184375, -8.71824 ], [ 115.18478, -8.717436 ], [ 115.18501, -8.71698 ], [ 115.18524, -8.71652 ], [ 115.185689, -8.715612 ], [ 115.1857, -8.71559 ], [ 115.18578, -8.71543 ], [ 115.18596, -8.71505 ], [ 115.18606, -8.71481 ], [ 115.186068, -8.714791 ], [ 115.186069, -8.714787 ], [ 115.1861, -8.71471 ], [ 115.18618, -8.71446 ], [ 115.1862, -8.71435 ], [ 115.18623, -8.71424 ], [ 115.18626, -8.71402 ], [ 115.186273, -8.713911 ], [ 115.18629, -8.71377 ], [ 115.18629, -8.71371 ], [ 115.1863, -8.71364 ], [ 115.1863, -8.71349 ], [ 115.1863, -8.71333 ], [ 115.18629, -8.71319 ], [ 115.18627, -8.71303 ], [ 115.18623, -8.71282 ], [ 115.18621, -8.71272 ], [ 115.18616, -8.71253 ], [ 115.18613, -8.71239 ], [ 115.1861, -8.7123 ], [ 115.18607, -8.7122 ], [ 115.18602, -8.71207 ], [ 115.18589, -8.71182 ], [ 115.18583, -8.71172 ], [ 115.18493, -8.71019 ], [ 115.184849, -8.710049 ], [ 115.184402, -8.709263 ], [ 115.1844, -8.70926 ], [ 115.184399, -8.709259 ], [ 115.183954, -8.708477 ], [ 115.18395, -8.70847 ], [ 115.18385, -8.70829 ], [ 115.1836, -8.70788 ], [ 115.18331, -8.70735 ], [ 115.183046, -8.706857 ], [ 115.18301, -8.70679 ], [ 115.18288, -8.70656 ], [ 115.1826, -8.70607 ] ] } },
{ "type": "Feature", "properties": { "Nm_Ruas": "Jl. Kuta Jayakarta - Padma", "Status": "Jalan Kabupaten", "Propinsi": "Bali", "Kab_Kot": "Badung", "risk_prediction": 1, "Satwil": "Polda Bali" }, "geometry": { "type": "LineString", "coordinates": [ [ 115.168313, -8.705236 ], [ 115.168327, -8.705613 ], [ 115.168328, -8.705625 ], [ 115.168333, -8.705733 ], [ 115.168368, -8.706138 ] ] } },
{ "type": "Feature", "properties": { "Nm_Ruas": "Jl. Kutapang - Maos", "Status": "Jalan Kabupaten", "Propinsi": "Bali", "Kab_Kot": "Klungkung", "risk_prediction": 1, "Satwil": "Polda Bali" }, "geometry": { "type": "LineString", "coordinates": [ [ 115.582563, -8.701458 ], [ 115.582642, -8.701456 ], [ 115.583073, -8.701527 ], [ 115.583423, -8.701566 ] ] } },
{ "type": "Feature", "properties": { "Nm_Ruas": "Jl. Kutu - Karangjati", "Status": "Jalan Kabupaten", "Propinsi": "Daerah Istimewa Yogyakarta", "Kab_Kot": "Sleman", "risk_prediction": 1, "Satwil": "Polda DI Yogyakarta" }, "geometry": { "type": "LineString", "coordinates": [ [ 110.368438, -7.761998 ], [ 110.368635, -7.762006 ], [ 110.368841, -7.761993 ], [ 110.369343, -7.762033 ] ] } },
{ "type": "Feature", "properties": { "Nm_Ruas": "Jl. Kutuh Junjungan", "Status": "Jalan Kabupaten", "Propinsi": "Bali", "Kab_Kot": "Gianyar", "risk_prediction": 1, "Satwil": "Polda Bali" }, "geometry": { "type": "LineString", "coordinates": [ [ 115.268591, -8.50674 ], [ 115.268579, -8.506807 ], [ 115.26856, -8.506929 ], [ 115.268548, -8.507051 ], [ 115.268535, -8.507155 ], [ 115.268518, -8.507266 ], [ 115.268498, -8.507375 ], [ 115.268473, -8.507524 ], [ 115.26846, -8.507626 ], [ 115.26844, -8.507722 ], [ 115.268423, -8.507819 ], [ 115.268415, -8.507952 ], [ 115.268401, -8.508056 ], [ 115.268383, -8.508169 ], [ 115.268374, -8.508283 ], [ 115.268368, -8.508395 ], [ 115.268358, -8.508494 ], [ 115.268346, -8.508634 ], [ 115.268338, -8.508722 ], [ 115.268324, -8.508837 ], [ 115.268317, -8.508901 ], [ 115.268315, -8.508919 ] ] } },
{ "type": "Feature", "properties": { "Nm_Ruas": "Jl. L.L. R.E. Martadinata", "Status": "Jalan Kota", "Propinsi": "Jawa Barat", "Kab_Kot": "Kota Bandung", "risk_prediction": 1, "Satwil": "Polrestabes Bandung" }, "geometry": { "type": "LineString", "coordinates": [ [ 107.621384, -6.906041 ], [ 107.621381, -6.90604 ], [ 107.621213, -6.905988 ], [ 107.621078, -6.905945 ], [ 107.62094, -6.905915 ], [ 107.620724, -6.905879 ], [ 107.620706, -6.905876 ], [ 107.620565, -6.905862 ], [ 107.6205, -6.905859 ], [ 107.620363, -6.905852 ], [ 107.620318, -6.905853 ], [ 107.620278, -6.905853 ], [ 107.620168, -6.905854 ], [ 107.619959, -6.905876 ], [ 107.619675, -6.905905 ], [ 107.619601, -6.905912 ], [ 107.619533, -6.905921 ], [ 107.619389, -6.905953 ], [ 107.619057, -6.906021 ], [ 107.618973, -6.906033 ], [ 107.61889, -6.906046 ], [ 107.61872, -6.906067 ], [ 107.618704, -6.90607 ], [ 107.618528, -6.906088 ], [ 107.618463, -6.906095 ], [ 107.618378, -6.906098 ], [ 107.61766, -6.906127 ], [ 107.617453, -6.906135 ], [ 107.617407, -6.906139 ], [ 107.617336, -6.906143 ], [ 107.617221, -6.906151 ], [ 107.617022, -6.906169 ], [ 107.616982, -6.906173 ], [ 107.616759, -6.906202 ], [ 107.616758, -6.906202 ], [ 107.616583, -6.906221 ], [ 107.616557, -6.906225 ], [ 107.61597, -6.906314 ], [ 107.615864, -6.906331 ], [ 107.615325, -6.906418 ], [ 107.615268, -6.906425 ], [ 107.6151, -6.906438 ], [ 107.614976, -6.906447 ], [ 107.614409, -6.906475 ], [ 107.614025, -6.906493 ], [ 107.613904, -6.906505 ], [ 107.613808, -6.906529 ], [ 107.613693, -6.906574 ], [ 107.613622, -6.90661 ], [ 107.613532, -6.906655 ], [ 107.613065, -6.906921 ], [ 107.61299, -6.906961 ], [ 107.612932, -6.906991 ], [ 107.612817, -6.907014 ], [ 107.612814, -6.907015 ], [ 107.612696, -6.907036 ], [ 107.612478, -6.907055 ], [ 107.612424, -6.907059 ], [ 107.612061, -6.907071 ], [ 107.611939, -6.907067 ], [ 107.611914, -6.907066 ], [ 107.611911, -6.907066 ], [ 107.611729, -6.907062 ], [ 107.61167, -6.907061 ], [ 107.611634, -6.90706 ], [ 107.611515, -6.90705 ], [ 107.611449, -6.907044 ], [ 107.611398, -6.90704 ], [ 107.611375, -6.907039 ], [ 107.611171, -6.907025 ], [ 107.610965, -6.907006 ], [ 107.610747, -6.906996 ], [ 107.610613, -6.906991 ], [ 107.610611, -6.906991 ], [ 107.610545, -6.906988 ], [ 107.610409, -6.906968 ], [ 107.61039, -6.906966 ], [ 107.609764, -6.906873 ], [ 107.609714, -6.906866 ] ] } },
{ "type": "Feature", "properties": { "Nm_Ruas": "Jl. L.L. R.E. Martadinata", "Status": "Jalan Kota", "Propinsi": "Jawa Barat", "Kab_Kot": "Kota Bandung", "risk_prediction": 1, "Satwil": "Polrestabes Bandung" }, "geometry": { "type": "LineString", "coordinates": [ [ 107.626083, -6.910076 ], [ 107.625982, -6.909987 ], [ 107.625949, -6.909958 ], [ 107.625923, -6.909934 ], [ 107.625839, -6.909854 ], [ 107.625745, -6.909763 ], [ 107.62543, -6.90945 ], [ 107.625364, -6.909385 ], [ 107.625309, -6.909332 ], [ 107.625261, -6.909286 ], [ 107.625168, -6.909198 ], [ 107.625121, -6.909152 ], [ 107.625067, -6.909101 ], [ 107.625004, -6.909044 ], [ 107.624964, -6.909008 ], [ 107.624793, -6.908869 ], [ 107.624643, -6.90874 ], [ 107.624592, -6.908697 ], [ 107.624424, -6.908556 ], [ 107.624369, -6.908514 ], [ 107.624295, -6.908457 ], [ 107.624221, -6.908401 ], [ 107.624173, -6.908367 ], [ 107.624036, -6.908255 ], [ 107.623941, -6.908179 ], [ 107.62393, -6.908171 ] ] } },
{ "type": "Feature", "properties": { "Nm_Ruas": "Jl. L.L. R.E. Martadinata", "Status": "Jalan Kota", "Propinsi": "Jawa Barat", "Kab_Kot": "Kota Bandung", "risk_prediction": 1, "Satwil": "Polrestabes Bandung" }, "geometry": { "type": "LineString", "coordinates": [ [ 107.627074, -6.91105 ], [ 107.627017, -6.911099 ], [ 107.627003, -6.91111 ], [ 107.626913, -6.91118 ], [ 107.626405, -6.910701 ], [ 107.626396, -6.910693 ], [ 107.625947, -6.910263 ], [ 107.626083, -6.910076 ] ] } },
{ "type": "Feature", "properties": { "Nm_Ruas": "Jl. L.L. R.E. Martadinata", "Status": "Jalan Kota", "Propinsi": "Jawa Barat", "Kab_Kot": "Kota Bandung", "risk_prediction": 1, "Satwil": "Polrestabes Bandung" }, "geometry": { "type": "LineString", "coordinates": [ [ 107.627074, -6.91105 ], [ 107.626979, -6.910954 ], [ 107.626634, -6.910618 ], [ 107.626581, -6.910564 ], [ 107.62656, -6.910542 ], [ 107.6265, -6.910482 ], [ 107.626429, -6.910413 ], [ 107.626341, -6.910327 ], [ 107.626223, -6.910211 ], [ 107.626167, -6.910154 ], [ 107.626083, -6.910076 ] ] } },
{ "type": "Feature", "properties": { "Nm_Ruas": "Jl. L.L. R.E. Martadinata", "Status": "Jalan Kota", "Propinsi": "Jawa Barat", "Kab_Kot": "Kota Bandung", "risk_prediction": 1, "Satwil": "Polrestabes Bandung" }, "geometry": { "type": "LineString", "coordinates": [ [ 107.629576, -6.914758 ], [ 107.629456, -6.914423 ], [ 107.62925, -6.913799 ], [ 107.629172, -6.913568 ], [ 107.629141, -6.913501 ], [ 107.629131, -6.91348 ], [ 107.629111, -6.913437 ], [ 107.629108, -6.913429 ], [ 107.629089, -6.913389 ], [ 107.629069, -6.91335 ], [ 107.628985, -6.913192 ], [ 107.628864, -6.913016 ], [ 107.628731, -6.912829 ], [ 107.628697, -6.912785 ], [ 107.628616, -6.912681 ], [ 107.628615, -6.912681 ], [ 107.628535, -6.912579 ], [ 107.628344, -6.912323 ], [ 107.628265, -6.912222 ], [ 107.628154, -6.912105 ], [ 107.628037, -6.911986 ], [ 107.627857, -6.911804 ], [ 107.62783, -6.911778 ], [ 107.627803, -6.911751 ], [ 107.627725, -6.911676 ], [ 107.627654, -6.911606 ], [ 107.627171, -6.911143 ], [ 107.627074, -6.91105 ] ] } },
{ "type": "Feature", "properties": { "Nm_Ruas": "Jl. L.L. R.E. Martadinata", "Status": "Jalan Kota", "Propinsi": "Jawa Barat", "Kab_Kot": "Kota Bandung", "risk_prediction": 1, "Satwil": "Polrestabes Bandung" }, "geometry": { "type": "LineString", "coordinates": [ [ 107.629992, -6.915816 ], [ 107.629963, -6.915749 ], [ 107.629917, -6.915645 ], [ 107.629839, -6.915468 ], [ 107.629636, -6.914983 ], [ 107.629605, -6.914909 ], [ 107.629598, -6.914892 ], [ 107.629576, -6.914758 ] ] } },
{ "type": "Feature", "properties": { "Nm_Ruas": "Jl. L.L. R.E. Martadinata", "Status": "Jalan Kota", "Propinsi": "Jawa Barat", "Kab_Kot": "Kota Bandung", "risk_prediction": 1, "Satwil": "Polrestabes Bandung" }, "geometry": { "type": "LineString", "coordinates": [ [ 107.629576, -6.914758 ], [ 107.629671, -6.914858 ], [ 107.629677, -6.914873 ], [ 107.629914, -6.915431 ], [ 107.629994, -6.915604 ], [ 107.630039, -6.915701 ], [ 107.63004, -6.915703 ], [ 107.630071, -6.915768 ] ] } },
{ "type": "Feature", "properties": { "Nm_Ruas": "Jl. Labuan Sait - Suluban", "Status": "Jalan Kabupaten", "Propinsi": "Bali", "Kab_Kot": "Badung", "risk_prediction": 1, "Satwil": "Polda Bali" }, "geometry": { "type": "LineString", "coordinates": [ [ 115.099858, -8.816459 ], [ 115.099818, -8.816298 ], [ 115.099809, -8.816236 ], [ 115.099808, -8.816228 ], [ 115.099778, -8.816043 ], [ 115.099773, -8.815981 ], [ 115.099795, -8.815665 ], [ 115.099808, -8.815339 ], [ 115.099808, -8.815053 ], [ 115.0998, -8.814749 ], [ 115.099795, -8.814576 ], [ 115.099802, -8.81448 ], [ 115.099823, -8.814401 ], [ 115.099868, -8.814312 ], [ 115.099932, -8.814246 ], [ 115.100007, -8.814208 ], [ 115.100063, -8.8142 ], [ 115.100154, -8.814206 ], [ 115.100265, -8.814238 ], [ 115.100483, -8.814311 ], [ 115.10052, -8.814323 ], [ 115.100869, -8.814432 ], [ 115.101081, -8.814473 ], [ 115.101242, -8.814497 ], [ 115.101353, -8.814512 ], [ 115.101422, -8.814521 ], [ 115.101521, -8.81451 ], [ 115.101533, -8.814504 ], [ 115.101617, -8.814434 ], [ 115.10168, -8.814357 ], [ 115.101767, -8.814181 ], [ 115.101862, -8.813979 ], [ 115.101876, -8.81395 ], [ 115.102018, -8.813641 ], [ 115.102133, -8.813402 ], [ 115.10217, -8.813295 ], [ 115.102189, -8.813201 ], [ 115.102207, -8.813087 ], [ 115.10224, -8.812844 ], [ 115.102253, -8.812654 ], [ 115.102275, -8.812475 ], [ 115.102285, -8.812408 ], [ 115.10231, -8.812332 ], [ 115.10233, -8.812283 ], [ 115.102363, -8.812232 ], [ 115.102395, -8.812195 ], [ 115.102458, -8.812155 ], [ 115.10253, -8.812124 ], [ 115.102637, -8.8121 ], [ 115.10284, -8.812063 ], [ 115.102964, -8.812054 ], [ 115.103009, -8.812053 ], [ 115.103433, -8.812054 ], [ 115.103681, -8.812054 ], [ 115.103763, -8.812042 ], [ 115.103842, -8.812022 ], [ 115.103917, -8.811983 ], [ 115.10392, -8.811982 ], [ 115.104063, -8.811879 ], [ 115.104201, -8.811785 ], [ 115.104227, -8.811772 ], [ 115.10427, -8.811753 ], [ 115.104342, -8.811727 ], [ 115.104529, -8.811678 ], [ 115.104628, -8.811656 ], [ 115.104743, -8.811641 ], [ 115.104758, -8.811639 ] ] } },
{ "type": "Feature", "properties": { "Nm_Ruas": "Jl. Lantang Hidung", "Status": "Jalan Kota", "Propinsi": "Bali", "Kab_Kot": "Kota Denpasar", "risk_prediction": 1, "Satwil": "Polda Bali" }, "geometry": { "type": "LineString", "coordinates": [ [ 115.257899, -8.702794 ], [ 115.258021, -8.702741 ], [ 115.258337, -8.702601 ], [ 115.258711, -8.702463 ], [ 115.25874, -8.702452 ] ] } },
{ "type": "Feature", "properties": { "Nm_Ruas": "Jl. Lap.samudra - Bypass", "Status": "Jalan Kabupaten", "Propinsi": "Bali", "Kab_Kot": "Badung", "risk_prediction": 1, "Satwil": "Polda Bali" }, "geometry": { "type": "LineString", "coordinates": [ [ 115.180664, -8.725867 ], [ 115.180526, -8.725853 ], [ 115.180033, -8.725801 ], [ 115.179761, -8.725776 ] ] } },
{ "type": "Feature", "properties": { "Nm_Ruas": "Jl. Lapang Supratman", "Status": "Jalan Kota", "Propinsi": "Jawa Barat", "Kab_Kot": "Kota Bandung", "risk_prediction": 1, "Satwil": "Polrestabes Bandung" }, "geometry": { "type": "LineString", "coordinates": [ [ 107.629786, -6.907209 ], [ 107.629787, -6.907208 ], [ 107.630113, -6.906988 ], [ 107.630205, -6.906926 ] ] } },
{ "type": "Feature", "properties": { "Nm_Ruas": "Jl. Lapang Supratman", "Status": "Jalan Kota", "Propinsi": "Jawa Barat", "Kab_Kot": "Kota Bandung", "risk_prediction": 1, "Satwil": "Polrestabes Bandung" }, "geometry": { "type": "LineString", "coordinates": [ [ 107.630693, -6.90769 ], [ 107.630591, -6.907753 ], [ 107.630284, -6.907955 ], [ 107.630116, -6.908066 ], [ 107.629949, -6.908176 ], [ 107.629932, -6.908181 ] ] } },
{ "type": "Feature", "properties": { "Nm_Ruas": "Jl. Laswi", "Status": "Jalan Provinsi", "Propinsi": "Jawa Barat", "Kab_Kot": "Kota Bandung", "risk_prediction": 1, "Satwil": "Polrestabes Bandung" }, "geometry": { "type": "LineString", "coordinates": [ [ 107.630955, -6.917804 ], [ 107.630719, -6.917313 ], [ 107.630628, -6.917125 ], [ 107.630389, -6.916628 ], [ 107.630143, -6.916119 ], [ 107.630089, -6.916009 ], [ 107.630029, -6.91589 ], [ 107.629992, -6.915816 ] ] } },
{ "type": "Feature", "properties": { "Nm_Ruas": "Jl. Latu - Darmasaba", "Status": "Jalan Kabupaten", "Propinsi": "Bali", "Kab_Kot": "Badung", "risk_prediction": 1, "Satwil": "Polda Bali" }, "geometry": { "type": "LineString", "coordinates": [ [ 115.20508, -8.587171 ], [ 115.20508, -8.587155 ], [ 115.205068, -8.586793 ], [ 115.205022, -8.586602 ], [ 115.205005, -8.5865 ], [ 115.20499, -8.586406 ], [ 115.20498, -8.586273 ] ] } },
{ "type": "Feature", "properties": { "Nm_Ruas": "Jl. Layang Pasupati", "Status": "Jalan Nasional", "Propinsi": "Jawa Barat", "Kab_Kot": "Kota Bandung", "risk_prediction": 1, "Satwil": "Polrestabes Bandung" }, "geometry": { "type": "LineString", "coordinates": [ [ 107.611804, -6.898879 ], [ 107.612225, -6.898926 ], [ 107.612478, -6.898942 ], [ 107.612604, -6.89895 ], [ 107.612706, -6.898951 ], [ 107.612707, -6.898951 ], [ 107.61279, -6.898951 ], [ 107.612956, -6.898953 ], [ 107.613109, -6.898953 ], [ 107.613613, -6.898952 ] ] } },
{ "type": "Feature", "properties": { "Nm_Ruas": "Jl. Layang Pasupati", "Status": "Jalan Nasional", "Propinsi": "Jawa Barat", "Kab_Kot": "Kota Bandung", "risk_prediction": 1, "Satwil": "Polrestabes Bandung" }, "geometry": { "type": "LineString", "coordinates": [ [ 107.613691, -6.899025 ], [ 107.613108, -6.899024 ], [ 107.612965, -6.899024 ], [ 107.612787, -6.89902 ], [ 107.612785, -6.89902 ], [ 107.612702, -6.899018 ], [ 107.612606, -6.899017 ], [ 107.612481, -6.89901 ], [ 107.612209, -6.898994 ], [ 107.611882, -6.898953 ] ] } },
{ "type": "Feature", "properties": { "Nm_Ruas": "Jl. Lc Buruan Bitera", "Status": "Jalan Kabupaten", "Propinsi": "Bali", "Kab_Kot": "Gianyar", "risk_prediction": 1, "Satwil": "Polda Bali" }, "geometry": { "type": "LineString", "coordinates": [ [ 115.303917, -8.543559 ], [ 115.303872, -8.543562 ], [ 115.303749, -8.543562 ], [ 115.3036, -8.54354 ], [ 115.303515, -8.543534 ], [ 115.303387, -8.543491 ], [ 115.303308, -8.543459 ], [ 115.303212, -8.543453 ], [ 115.303024, -8.543448 ], [ 115.303016, -8.543448 ] ] } },
{ "type": "Feature", "properties": { "Nm_Ruas": "Jl. Lc Noja", "Status": "Jalan Kota", "Propinsi": "Bali", "Kab_Kot": "Kota Denpasar", "risk_prediction": 1, "Satwil": "Polda Bali" }, "geometry": { "type": "LineString", "coordinates": [ [ 115.237012, -8.636411 ], [ 115.237011, -8.636137 ] ] } },
{ "type": "Feature", "properties": { "Nm_Ruas": "Jl. Legian - H.padma", "Status": "Jalan Kabupaten", "Propinsi": "Bali", "Kab_Kot": "Badung", "risk_prediction": 1, "Satwil": "Polda Bali" }, "geometry": { "type": "LineString", "coordinates": [ [ 115.16747, -8.706273 ], [ 115.167609, -8.706253 ], [ 115.168017, -8.706196 ], [ 115.16834, -8.706143 ], [ 115.168368, -8.706138 ], [ 115.168369, -8.706138 ], [ 115.168619, -8.706093 ], [ 115.168893, -8.70605 ], [ 115.168923, -8.706045 ], [ 115.169219, -8.706009 ], [ 115.169268, -8.706002 ], [ 115.169613, -8.705953 ], [ 115.169792, -8.705926 ], [ 115.169862, -8.705916 ], [ 115.170249, -8.705845 ], [ 115.170296, -8.705837 ], [ 115.170662, -8.70576 ], [ 115.170911, -8.705677 ], [ 115.171121, -8.705598 ], [ 115.171122, -8.705598 ] ] } },
{ "type": "Feature", "properties": { "Nm_Ruas": "Jl. Legian Kelod - Sp.patih Jelantik", "Status": "Jalan Kabupaten", "Propinsi": "Bali", "Kab_Kot": "Badung", "risk_prediction": 1, "Satwil": "Polda Bali" }, "geometry": { "type": "LineString", "coordinates": [ [ 115.172281, -8.708367 ], [ 115.17193, -8.7084 ] ] } },
{ "type": "Feature", "properties": { "Nm_Ruas": "Jl. Lembong", "Status": "Jalan Kota", "Propinsi": "Jawa Barat", "Kab_Kot": "Kota Bandung", "risk_prediction": 1, "Satwil": "Polrestabes Bandung" }, "geometry": { "type": "LineString", "coordinates": [ [ 107.609025, -6.916358 ], [ 107.609036, -6.916306 ], [ 107.609049, -6.916258 ], [ 107.609076, -6.916224 ], [ 107.609104, -6.916199 ], [ 107.609152, -6.91618 ], [ 107.609209, -6.916184 ] ] } },
{ "type": "Feature", "properties": { "Nm_Ruas": "Jl. Lengkong Besar", "Status": "Jalan Kota", "Propinsi": "Jawa Barat", "Kab_Kot": "Kota Bandung", "risk_prediction": 1, "Satwil": "Polrestabes Bandung" }, "geometry": { "type": "LineString", "coordinates": [ [ 107.612012, -6.921739 ], [ 107.611996, -6.921872 ], [ 107.611966, -6.922102 ], [ 107.611929, -6.922405 ], [ 107.611913, -6.922535 ], [ 107.611902, -6.922638 ], [ 107.611859, -6.923033 ], [ 107.611817, -6.923466 ], [ 107.61181, -6.923539 ], [ 107.611793, -6.923738 ], [ 107.611774, -6.923933 ], [ 107.611746, -6.924219 ], [ 107.611699, -6.924687 ], [ 107.611694, -6.924737 ], [ 107.611685, -6.924856 ], [ 107.611682, -6.924917 ], [ 107.611696, -6.92499 ], [ 107.611729, -6.925067 ], [ 107.611782, -6.925158 ], [ 107.611855, -6.925277 ], [ 107.61194, -6.925414 ], [ 107.612003, -6.925507 ], [ 107.612043, -6.92556 ], [ 107.612054, -6.925573 ], [ 107.612146, -6.925681 ], [ 107.61257, -6.926196 ], [ 107.612597, -6.926229 ], [ 107.612632, -6.926269 ], [ 107.612633, -6.92627 ], [ 107.61285, -6.926524 ], [ 107.612972, -6.926661 ], [ 107.613045, -6.926762 ], [ 107.613089, -6.926834 ], [ 107.613117, -6.926917 ], [ 107.613129, -6.926975 ], [ 107.613127, -6.927008 ], [ 107.613109, -6.927457 ], [ 107.613098, -6.927569 ], [ 107.613073, -6.927912 ], [ 107.613041, -6.92835 ], [ 107.613041, -6.928358 ], [ 107.612992, -6.929029 ], [ 107.612981, -6.92918 ], [ 107.612968, -6.929358 ], [ 107.612961, -6.929463 ], [ 107.61296, -6.929479 ], [ 107.612933, -6.92975 ], [ 107.612928, -6.92979 ], [ 107.612886, -6.930269 ], [ 107.612861, -6.93041 ], [ 107.612837, -6.930544 ] ] } },
{ "type": "Feature", "properties": { "Nm_Ruas": "Jl. Lengkong Kecil", "Status": "Jalan Kota", "Propinsi": "Jawa Barat", "Kab_Kot": "Kota Bandung", "risk_prediction": 1, "Satwil": "Polrestabes Bandung" }, "geometry": { "type": "LineString", "coordinates": [ [ 107.611859, -6.923033 ], [ 107.612194, -6.923074 ], [ 107.612484, -6.923112 ], [ 107.612756, -6.923147 ] ] } },
{ "type": "Feature", "properties": { "Nm_Ruas": "Jl. Leumah Nendeut", "Status": "Jalan Kota", "Propinsi": "Jawa Barat", "Kab_Kot": "Kota Bandung", "risk_prediction": 1, "Satwil": "Polrestabes Bandung" }, "geometry": { "type": "LineString", "coordinates": [ [ 107.58142, -6.882439 ], [ 107.581212, -6.882427 ], [ 107.580981, -6.882433 ], [ 107.5809, -6.882441 ], [ 107.580774, -6.882477 ], [ 107.580662, -6.882527 ], [ 107.580547, -6.882592 ] ] } },
{ "type": "Feature", "properties": { "Nm_Ruas": "Jl. Leuwi Panjang", "Status": "Jalan Kota", "Propinsi": "Jawa Barat", "Kab_Kot": "Kota Bandung", "risk_prediction": 1, "Satwil": "Polrestabes Bandung" }, "geometry": { "type": "LineString", "coordinates": [ [ 107.59688, -6.938679 ], [ 107.596862, -6.938744 ], [ 107.596845, -6.938809 ], [ 107.596814, -6.938943 ], [ 107.596788, -6.939098 ], [ 107.596622, -6.939946 ], [ 107.596605, -6.940041 ], [ 107.596611, -6.94012 ], [ 107.596633, -6.940174 ], [ 107.596675, -6.94028 ], [ 107.596697, -6.940353 ], [ 107.596709, -6.940417 ], [ 107.596703, -6.940486 ], [ 107.596583, -6.941097 ], [ 107.596542, -6.941284 ], [ 107.596495, -6.941419 ], [ 107.596452, -6.941514 ], [ 107.596365, -6.941697 ], [ 107.596237, -6.941923 ], [ 107.596167, -6.942046 ], [ 107.596115, -6.942194 ], [ 107.596089, -6.942292 ], [ 107.59607, -6.942387 ], [ 107.596038, -6.942547 ], [ 107.595975, -6.942858 ], [ 107.595947, -6.943023 ], [ 107.595946, -6.943032 ], [ 107.595944, -6.943042 ], [ 107.595899, -6.943279 ], [ 107.595727, -6.944081 ], [ 107.595721, -6.944108 ], [ 107.595645, -6.944645 ], [ 107.595546, -6.945022 ], [ 107.595499, -6.945201 ], [ 107.595463, -6.945324 ], [ 107.595433, -6.945459 ], [ 107.595412, -6.945571 ], [ 107.5954, -6.945659 ], [ 107.595384, -6.945847 ], [ 107.595377, -6.945973 ], [ 107.59537, -6.946064 ], [ 107.595357, -6.94622 ], [ 107.595355, -6.946242 ], [ 107.59535, -6.946299 ], [ 107.595294, -6.946921 ], [ 107.59528, -6.947124 ], [ 107.595275, -6.947202 ] ] } },
{ "type": "Feature", "properties": { "Nm_Ruas": "Jl. Leuwi Panjang", "Status": "Jalan Kota", "Propinsi": "Jawa Barat", "Kab_Kot": "Kota Bandung", "risk_prediction": 1, "Satwil": "Polrestabes Bandung" }, "geometry": { "type": "LineString", "coordinates": [ [ 107.597167, -6.937696 ], [ 107.597138, -6.937801 ], [ 107.596972, -6.938355 ], [ 107.596912, -6.938565 ] ] } },
{ "type": "Feature", "properties": { "Nm_Ruas": "Jl. Leuwi Panjang", "Status": "Jalan Kota", "Propinsi": "Jawa Barat", "Kab_Kot": "Kota Bandung", "risk_prediction": 1, "Satwil": "Polrestabes Bandung" }, "geometry": { "type": "LineString", "coordinates": [ [ 107.597055, -6.93779 ], [ 107.597083, -6.937684 ] ] } },
{ "type": "Feature", "properties": { "Nm_Ruas": "Jl. Lila Cita II", "Status": "Jalan Kabupaten", "Propinsi": "Bali", "Kab_Kot": "Buleleng", "risk_prediction": 1, "Satwil": "Polda Bali" }, "geometry": { "type": "LineString", "coordinates": [ [ 115.05515, -8.138407 ], [ 115.055137, -8.138387 ], [ 115.054833, -8.137904 ], [ 115.054715, -8.137619 ], [ 115.054714, -8.137615 ] ] } },
{ "type": "Feature", "properties": { "Nm_Ruas": "Jl. Lodaya", "Status": "Jalan Kota", "Propinsi": "Jawa Barat", "Kab_Kot": "Kota Bandung", "risk_prediction": 1, "Satwil": "Polrestabes Bandung" }, "geometry": { "type": "LineString", "coordinates": [ [ 107.625672, -6.932509 ], [ 107.625635, -6.932462 ], [ 107.625598, -6.932417 ], [ 107.625546, -6.932377 ], [ 107.625349, -6.932288 ], [ 107.625306, -6.932266 ], [ 107.625251, -6.932211 ], [ 107.62535, -6.932217 ], [ 107.625423, -6.932242 ], [ 107.625595, -6.932317 ], [ 107.625602, -6.932323 ], [ 107.625626, -6.932345 ], [ 107.625695, -6.932417 ] ] } },
{ "type": "Feature", "properties": { "Nm_Ruas": "Jl. Logam", "Status": "Jalan Kota", "Propinsi": "Jawa Barat", "Kab_Kot": "Kota Bandung", "risk_prediction": 1, "Satwil": "Polrestabes Bandung" }, "geometry": { "type": "LineString", "coordinates": [ [ 107.643818, -6.95475 ], [ 107.643813, -6.954791 ], [ 107.643797, -6.955262 ], [ 107.643794, -6.955328 ], [ 107.64378, -6.955622 ], [ 107.64378, -6.955653 ], [ 107.64378, -6.955666 ], [ 107.643776, -6.95585 ], [ 107.643772, -6.95598 ], [ 107.643762, -6.956264 ], [ 107.643739, -6.95709 ], [ 107.643741, -6.957218 ], [ 107.643736, -6.957314 ], [ 107.643726, -6.957643 ], [ 107.643725, -6.957699 ], [ 107.643719, -6.957961 ], [ 107.643718, -6.958037 ], [ 107.64371, -6.958279 ], [ 107.643711, -6.958356 ], [ 107.643715, -6.958483 ], [ 107.643718, -6.958527 ], [ 107.643732, -6.95856 ], [ 107.643752, -6.958577 ], [ 107.643778, -6.958587 ], [ 107.64386, -6.958613 ], [ 107.643899, -6.958622 ], [ 107.644072, -6.958662 ], [ 107.644078, -6.958972 ], [ 107.644098, -6.95939 ], [ 107.644104, -6.959502 ], [ 107.644113, -6.959591 ], [ 107.64414, -6.959876 ], [ 107.64415, -6.959946 ], [ 107.644156, -6.960021 ], [ 107.644179, -6.960292 ], [ 107.644189, -6.960402 ], [ 107.644198, -6.960509 ], [ 107.644201, -6.960577 ], [ 107.644199, -6.96066 ], [ 107.644193, -6.960708 ], [ 107.64416, -6.960938 ], [ 107.644164, -6.960961 ], [ 107.64417, -6.960982 ], [ 107.644189, -6.961 ], [ 107.644209, -6.961014 ], [ 107.644346, -6.961065 ], [ 107.644512, -6.961119 ], [ 107.644471, -6.961332 ], [ 107.644311, -6.962138 ], [ 107.644217, -6.962455 ], [ 107.644181, -6.962562 ], [ 107.644149, -6.962684 ], [ 107.644099, -6.962924 ], [ 107.644024, -6.963308 ], [ 107.643989, -6.963521 ], [ 107.643985, -6.96355 ], [ 107.643916, -6.963992 ], [ 107.643857, -6.964477 ], [ 107.643856, -6.964511 ] ] } },
{ "type": "Feature", "properties": { "Nm_Ruas": "Jl. Lombok", "Status": "Jalan Kota", "Propinsi": "Jawa Barat", "Kab_Kot": "Kota Bandung", "risk_prediction": 1, "Satwil": "Polrestabes Bandung" }, "geometry": { "type": "LineString", "coordinates": [ [ 107.618779, -6.909755 ], [ 107.618788, -6.909718 ], [ 107.618949, -6.908994 ], [ 107.618957, -6.908953 ], [ 107.618961, -6.908926 ], [ 107.618971, -6.908871 ], [ 107.618972, -6.90887 ], [ 107.619003, -6.908793 ], [ 107.619013, -6.908767 ], [ 107.619112, -6.908531 ], [ 107.619319, -6.908038 ], [ 107.619429, -6.907776 ], [ 107.619518, -6.907564 ], [ 107.619576, -6.907424 ], [ 107.619867, -6.907274 ], [ 107.619973, -6.90722 ], [ 107.620181, -6.907118 ], [ 107.620771, -6.90686 ], [ 107.620861, -6.906821 ], [ 107.62091, -6.906799 ], [ 107.620997, -6.906666 ], [ 107.621075, -6.906549 ], [ 107.621119, -6.90647 ], [ 107.621158, -6.906375 ], [ 107.621173, -6.906339 ], [ 107.621248, -6.906143 ], [ 107.621261, -6.906103 ] ] } },
{ "type": "Feature", "properties": { "Nm_Ruas": "Jl. Lombok", "Status": "Jalan Kota", "Propinsi": "Jawa Barat", "Kab_Kot": "Kota Bandung", "risk_prediction": 1, "Satwil": "Polrestabes Bandung" }, "geometry": { "type": "LineString", "coordinates": [ [ 107.621261, -6.906103 ], [ 107.621213, -6.905988 ] ] } },
{ "type": "Feature", "properties": { "Nm_Ruas": "Jl. Lombok", "Status": "Jalan Kota", "Propinsi": "Jawa Barat", "Kab_Kot": "Kota Bandung", "risk_prediction": 1, "Satwil": "Polrestabes Bandung" }, "geometry": { "type": "LineString", "coordinates": [ [ 107.621381, -6.90604 ], [ 107.621261, -6.906103 ] ] } },
{ "type": "Feature", "properties": { "Nm_Ruas": "Jl. Lowanu", "Status": "Jalan Kota", "Propinsi": "Daerah Istimewa Yogyakarta", "Kab_Kot": "Kota Yogyakarta", "risk_prediction": 1, "Satwil": "Polda DI Yogyakarta" }, "geometry": { "type": "LineString", "coordinates": [ [ 110.376182, -7.815702 ], [ 110.376181, -7.815745 ], [ 110.376154, -7.815933 ], [ 110.376099, -7.816321 ], [ 110.376054, -7.816597 ] ] } },
{ "type": "Feature", "properties": { "Nm_Ruas": "Jl. Majapahit", "Status": "Jalan Kota", "Propinsi": "Bali", "Kab_Kot": "Kota Denpasar", "risk_prediction": 1, "Satwil": "Polda Bali" }, "geometry": { "type": "LineString", "coordinates": [ [ 115.210596, -8.636834 ], [ 115.210956, -8.636784 ], [ 115.210974, -8.636782 ], [ 115.211285, -8.63675 ], [ 115.21142, -8.636731 ], [ 115.211497, -8.63672 ] ] } },
{ "type": "Feature", "properties": { "Nm_Ruas": "Jl. Malabar", "Status": "Jalan Kota", "Propinsi": "Jawa Barat", "Kab_Kot": "Kota Bandung", "risk_prediction": 1, "Satwil": "Polrestabes Bandung" }, "geometry": { "type": "LineString", "coordinates": [ [ 107.62406, -6.924441 ], [ 107.624044, -6.924334 ], [ 107.62424, -6.923776 ], [ 107.624282, -6.923678 ], [ 107.624342, -6.923598 ] ] } },
{ "type": "Feature", "properties": { "Nm_Ruas": "Jl. Malabar", "Status": "Jalan Kota", "Propinsi": "Jawa Barat", "Kab_Kot": "Kota Bandung", "risk_prediction": 1, "Satwil": "Polrestabes Bandung" }, "geometry": { "type": "LineString", "coordinates": [ [ 107.624377, -6.923552 ], [ 107.624396, -6.923706 ], [ 107.624361, -6.923802 ], [ 107.624261, -6.924068 ], [ 107.62415, -6.92436 ], [ 107.624112, -6.924395 ] ] } },
{ "type": "Feature", "properties": { "Nm_Ruas": "Jl. Malabar", "Status": "Jalan Kota", "Propinsi": "Jawa Barat", "Kab_Kot": "Kota Bandung", "risk_prediction": 1, "Satwil": "Polrestabes Bandung" }, "geometry": { "type": "LineString", "coordinates": [ [ 107.624344, -6.919756 ], [ 107.624338, -6.919716 ], [ 107.624276, -6.919234 ], [ 107.62423, -6.918993 ], [ 107.624146, -6.918889 ], [ 107.624136, -6.918877 ] ] } },
{ "type": "Feature", "properties": { "Nm_Ruas": "Jl. Mandala Sari", "Status": "Jalan Kota", "Propinsi": "Bali", "Kab_Kot": "Kota Denpasar", "risk_prediction": 1, "Satwil": "Polda Bali" }, "geometry": { "type": "LineString", "coordinates": [ [ 115.221992, -8.672513 ], [ 115.221988, -8.672598 ], [ 115.221958, -8.673177 ], [ 115.221951, -8.673421 ] ] } },
{ "type": "Feature", "properties": { "Nm_Ruas": "Jl. Mangkubumi (Jl. Am Sangaji)", "Status": "Jalan Kota", "Propinsi": "Daerah Istimewa Yogyakarta", "Kab_Kot": "Kota Yogyakarta", "risk_prediction": 1, "Satwil": "Polda DI Yogyakarta" }, "geometry": { "type": "LineString", "coordinates": [ [ 110.367152, -7.781994 ], [ 110.367152, -7.781967 ], [ 110.367192, -7.781586 ], [ 110.367207, -7.781494 ], [ 110.367232, -7.781159 ], [ 110.367244, -7.781091 ], [ 110.367267, -7.780969 ], [ 110.367271, -7.780956 ], [ 110.367318, -7.780613 ], [ 110.367353, -7.780191 ], [ 110.367356, -7.780156 ], [ 110.367372, -7.780059 ], [ 110.367408, -7.77983 ], [ 110.367414, -7.779794 ], [ 110.367477, -7.779429 ], [ 110.367488, -7.779354 ], [ 110.367545, -7.778986 ], [ 110.367577, -7.778748 ], [ 110.36762, -7.77846 ], [ 110.36762, -7.778456 ], [ 110.367651, -7.778139 ], [ 110.367684, -7.777745 ], [ 110.3677, -7.777552 ] ] } },
{ "type": "Feature", "properties": { "Nm_Ruas": "Jl. Manuk Rawa", "Status": "Jalan Kota", "Propinsi": "Bali", "Kab_Kot": "Kota Denpasar", "risk_prediction": 1, "Satwil": "Polda Bali" }, "geometry": { "type": "LineString", "coordinates": [ [ 115.209427, -8.631755 ], [ 115.20948, -8.631746 ], [ 115.209544, -8.631729 ], [ 115.209596, -8.631729 ], [ 115.20966, -8.631721 ], [ 115.209718, -8.631714 ], [ 115.209881, -8.631681 ] ] } },
{ "type": "Feature", "properties": { "Nm_Ruas": "Jl. Marga Padmayana", "Status": "Jalan Kota", "Propinsi": "Bali", "Kab_Kot": "Kota Denpasar", "risk_prediction": 1, "Satwil": "Polda Bali" }, "geometry": { "type": "LineString", "coordinates": [ [ 115.184469, -8.704133 ], [ 115.184709, -8.704213 ], [ 115.184964, -8.704277 ], [ 115.185149, -8.704307 ], [ 115.185348, -8.704344 ], [ 115.185352, -8.704345 ] ] } },
{ "type": "Feature", "properties": { "Nm_Ruas": "Jl. Marga Puri Ayu", "Status": "Jalan Kota", "Propinsi": "Bali", "Kab_Kot": "Kota Denpasar", "risk_prediction": 1, "Satwil": "Polda Bali" }, "geometry": { "type": "LineString", "coordinates": [ [ 115.184181, -8.701325 ], [ 115.184284, -8.701342 ], [ 115.184321, -8.701348 ], [ 115.184675, -8.701384 ], [ 115.185053, -8.701439 ], [ 115.185082, -8.701443 ] ] } },
{ "type": "Feature", "properties": { "Nm_Ruas": "Jl. Margacinta", "Status": "Jalan Kota", "Propinsi": "Jawa Barat", "Kab_Kot": "Kota Bandung", "risk_prediction": 1, "Satwil": "Polrestabes Bandung" }, "geometry": { "type": "LineString", "coordinates": [ [ 107.639106, -6.954383 ], [ 107.639286, -6.954407 ], [ 107.639334, -6.954412 ] ] } },
{ "type": "Feature", "properties": { "Nm_Ruas": "Jl. Margacinta", "Status": "Jalan Kota", "Propinsi": "Jawa Barat", "Kab_Kot": "Kota Bandung", "risk_prediction": 1, "Satwil": "Polrestabes Bandung" }, "geometry": { "type": "LineString", "coordinates": [ [ 107.639334, -6.954412 ], [ 107.639307, -6.954436 ], [ 107.639298, -6.954442 ], [ 107.639156, -6.954549 ], [ 107.639151, -6.954553 ] ] } },
{ "type": "Feature", "properties": { "Nm_Ruas": "Jl. Margacinta", "Status": "Jalan Kota", "Propinsi": "Jawa Barat", "Kab_Kot": "Kota Bandung", "risk_prediction": 1, "Satwil": "Polrestabes Bandung" }, "geometry": { "type": "LineString", "coordinates": [ [ 107.639334, -6.954412 ], [ 107.63939, -6.954393 ], [ 107.639544, -6.954343 ], [ 107.639655, -6.954305 ], [ 107.63983, -6.954238 ], [ 107.64005, -6.954154 ], [ 107.640185, -6.954103 ], [ 107.640188, -6.954102 ] ] } },
{ "type": "Feature", "properties": { "Nm_Ruas": "Jl. Margacinta", "Status": "Jalan Kota", "Propinsi": "Jawa Barat", "Kab_Kot": "Kota Bandung", "risk_prediction": 1, "Satwil": "Polrestabes Bandung" }, "geometry": { "type": "LineString", "coordinates": [ [ 107.640188, -6.954102 ], [ 107.640189, -6.954086 ], [ 107.640196, -6.954071 ], [ 107.640209, -6.954061 ], [ 107.640225, -6.954057 ], [ 107.640241, -6.954059 ], [ 107.640253, -6.954068 ], [ 107.640262, -6.954079 ], [ 107.640264, -6.954096 ] ] } },
{ "type": "Feature", "properties": { "Nm_Ruas": "Jl. Margacinta", "Status": "Jalan Kota", "Propinsi": "Jawa Barat", "Kab_Kot": "Kota Bandung", "risk_prediction": 1, "Satwil": "Polrestabes Bandung" }, "geometry": { "type": "LineString", "coordinates": [ [ 107.640246, -6.954128 ], [ 107.640232, -6.954133 ], [ 107.640217, -6.954133 ], [ 107.640204, -6.954126 ], [ 107.640194, -6.954116 ], [ 107.640188, -6.954102 ] ] } },
{ "type": "Feature", "properties": { "Nm_Ruas": "Jl. Margacinta", "Status": "Jalan Kota", "Propinsi": "Jawa Barat", "Kab_Kot": "Kota Bandung", "risk_prediction": 1, "Satwil": "Polrestabes Bandung" }, "geometry": { "type": "LineString", "coordinates": [ [ 107.640264, -6.954096 ], [ 107.640259, -6.954114 ], [ 107.640246, -6.954128 ] ] } },
{ "type": "Feature", "properties": { "Nm_Ruas": "Jl. Margacinta", "Status": "Jalan Kota", "Propinsi": "Jawa Barat", "Kab_Kot": "Kota Bandung", "risk_prediction": 1, "Satwil": "Polrestabes Bandung" }, "geometry": { "type": "LineString", "coordinates": [ [ 107.64038, -6.954147 ], [ 107.640336, -6.954148 ], [ 107.640308, -6.954142 ], [ 107.640246, -6.954128 ] ] } },
{ "type": "Feature", "properties": { "Nm_Ruas": "Jl. Margacinta", "Status": "Jalan Kota", "Propinsi": "Jawa Barat", "Kab_Kot": "Kota Bandung", "risk_prediction": 1, "Satwil": "Polrestabes Bandung" }, "geometry": { "type": "LineString", "coordinates": [ [ 107.64038, -6.954147 ], [ 107.640346, -6.954117 ], [ 107.640264, -6.954096 ] ] } },
{ "type": "Feature", "properties": { "Nm_Ruas": "Jl. Margacinta", "Status": "Jalan Kota", "Propinsi": "Jawa Barat", "Kab_Kot": "Kota Bandung", "risk_prediction": 1, "Satwil": "Polrestabes Bandung" }, "geometry": { "type": "LineString", "coordinates": [ [ 107.64038, -6.954147 ], [ 107.640423, -6.954158 ], [ 107.640484, -6.954171 ], [ 107.640639, -6.954196 ], [ 107.640738, -6.954216 ], [ 107.641017, -6.954267 ], [ 107.641101, -6.954282 ], [ 107.641164, -6.954294 ], [ 107.641606, -6.954368 ], [ 107.641761, -6.954402 ], [ 107.641898, -6.954427 ], [ 107.642078, -6.954457 ], [ 107.642207, -6.954482 ], [ 107.642669, -6.954596 ], [ 107.642718, -6.954608 ], [ 107.642755, -6.954614 ], [ 107.642908, -6.954645 ], [ 107.642919, -6.954647 ], [ 107.643119, -6.95468 ], [ 107.643306, -6.954702 ], [ 107.643496, -6.95472 ], [ 107.643732, -6.954741 ], [ 107.643807, -6.954748 ], [ 107.643818, -6.95475 ], [ 107.643819, -6.95475 ], [ 107.643836, -6.954751 ], [ 107.644004, -6.954765 ], [ 107.64441, -6.954799 ], [ 107.644666, -6.954819 ], [ 107.644719, -6.954824 ], [ 107.644754, -6.954826 ], [ 107.645074, -6.954853 ], [ 107.645204, -6.954863 ], [ 107.645414, -6.954881 ], [ 107.64552, -6.954889 ], [ 107.645702, -6.954904 ], [ 107.645806, -6.954913 ], [ 107.646073, -6.954935 ], [ 107.646301, -6.954953 ], [ 107.646691, -6.954985 ], [ 107.647016, -6.955012 ], [ 107.647339, -6.955039 ], [ 107.647563, -6.955057 ], [ 107.647977, -6.955091 ], [ 107.648486, -6.955132 ], [ 107.648747, -6.955154 ], [ 107.64905, -6.955179 ], [ 107.649201, -6.955191 ], [ 107.649233, -6.955194 ] ] } },
{ "type": "Feature", "properties": { "Nm_Ruas": "Jl. Martanegara", "Status": "Jalan Kota", "Propinsi": "Jawa Barat", "Kab_Kot": "Kota Bandung", "risk_prediction": 1, "Satwil": "Polrestabes Bandung" }, "geometry": { "type": "LineString", "coordinates": [ [ 107.625695, -6.932417 ], [ 107.625768, -6.932523 ], [ 107.62582, -6.932585 ], [ 107.625876, -6.932614 ], [ 107.626038, -6.932667 ], [ 107.626152, -6.932708 ], [ 107.626233, -6.932773 ], [ 107.626131, -6.932765 ], [ 107.625973, -6.932727 ], [ 107.625822, -6.93268 ], [ 107.625792, -6.932659 ], [ 107.625745, -6.932611 ], [ 107.625672, -6.932509 ] ] } },
{ "type": "Feature", "properties": { "Nm_Ruas": "Jl. Maruti", "Status": "Jalan Kota", "Propinsi": "Bali", "Kab_Kot": "Kota Denpasar", "risk_prediction": 1, "Satwil": "Polda Bali" }, "geometry": { "type": "LineString", "coordinates": [ [ 115.20929, -8.644567 ], [ 115.209643, -8.644587 ], [ 115.210072, -8.644579 ], [ 115.210479, -8.644581 ], [ 115.210922, -8.644587 ], [ 115.21127, -8.644595 ], [ 115.211398, -8.644604 ], [ 115.211629, -8.644632 ], [ 115.211767, -8.644654 ] ] } },
{ "type": "Feature", "properties": { "Nm_Ruas": "Jl. Mas Abianseka", "Status": "Jalan Kabupaten", "Propinsi": "Bali", "Kab_Kot": "Gianyar", "risk_prediction": 1, "Satwil": "Polda Bali" }, "geometry": { "type": "LineString", "coordinates": [ [ 115.27112, -8.544122 ], [ 115.271222, -8.544151 ], [ 115.271362, -8.544183 ], [ 115.271537, -8.544235 ], [ 115.271661, -8.544281 ], [ 115.27178, -8.544323 ], [ 115.271885, -8.544352 ], [ 115.271979, -8.544372 ], [ 115.271992, -8.544374 ] ] } },
{ "type": "Feature", "properties": { "Nm_Ruas": "Jl. Mas Kengetan", "Status": "Jalan Kabupaten", "Propinsi": "Bali", "Kab_Kot": "Gianyar", "risk_prediction": 1, "Satwil": "Polda Bali" }, "geometry": { "type": "LineString", "coordinates": [ [ 115.271328, -8.542588 ], [ 115.271362, -8.542597 ], [ 115.271526, -8.542634 ], [ 115.271693, -8.542675 ], [ 115.271843, -8.542709 ], [ 115.271992, -8.542745 ], [ 115.272115, -8.542767 ], [ 115.272198, -8.542787 ], [ 115.272213, -8.54279 ] ] } },
{ "type": "Feature", "properties": { "Nm_Ruas": "Jl. Matahari Terbit", "Status": "Jalan Kota", "Propinsi": "Bali", "Kab_Kot": "Kota Denpasar", "risk_prediction": 1, "Satwil": "Polda Bali" }, "geometry": { "type": "LineString", "coordinates": [ [ 115.258363, -8.672026 ], [ 115.259204, -8.671734 ], [ 115.259209, -8.671732 ], [ 115.259221, -8.671728 ] ] } },
{ "type": "Feature", "properties": { "Nm_Ruas": "Jl. Mataram", "Status": "Jalan Kota", "Propinsi": "Bali", "Kab_Kot": "Kota Denpasar", "risk_prediction": 1, "Satwil": "Polda Bali" }, "geometry": { "type": "LineString", "coordinates": [ [ 115.2124, -8.637284 ], [ 115.212415, -8.637675 ], [ 115.212435, -8.638148 ], [ 115.212439, -8.638187 ] ] } },
{ "type": "Feature", "properties": { "Nm_Ruas": "Jl. Meduri", "Status": "Jalan Kota", "Propinsi": "Bali", "Kab_Kot": "Kota Denpasar", "risk_prediction": 1, "Satwil": "Polda Bali" }, "geometry": { "type": "LineString", "coordinates": [ [ 115.235548, -8.647578 ], [ 115.235601, -8.647857 ], [ 115.235678, -8.648139 ], [ 115.235724, -8.648341 ], [ 115.235746, -8.648436 ], [ 115.235751, -8.648458 ] ] } },
{ "type": "Feature", "properties": { "Nm_Ruas": "Jl. Mekar Abadi", "Status": "Jalan Kota", "Propinsi": "Jawa Barat", "Kab_Kot": "Kota Bandung", "risk_prediction": 1, "Satwil": "Polrestabes Bandung" }, "geometry": { "type": "LineString", "coordinates": [ [ 107.609193, -6.954806 ], [ 107.608791, -6.954623 ], [ 107.608419, -6.954456 ], [ 107.608369, -6.954434 ], [ 107.607992, -6.954266 ], [ 107.607911, -6.954229 ], [ 107.607319, -6.953987 ], [ 107.607023, -6.953864 ], [ 107.606487, -6.953673 ], [ 107.606413, -6.953647 ], [ 107.606154, -6.953538 ], [ 107.605958, -6.953456 ], [ 107.605633, -6.953382 ], [ 107.605632, -6.953381 ] ] } },
{ "type": "Feature", "properties": { "Nm_Ruas": "Jl. Mekar Agung", "Status": "Jalan Kota", "Propinsi": "Jawa Barat", "Kab_Kot": "Kota Bandung", "risk_prediction": 1, "Satwil": "Polrestabes Bandung" }, "geometry": { "type": "LineString", "coordinates": [ [ 107.609849, -6.954949 ], [ 107.609663, -6.954984 ], [ 107.609522, -6.955015 ], [ 107.609418, -6.955048 ], [ 107.609306, -6.955045 ], [ 107.609209, -6.954978 ], [ 107.60919, -6.954946 ], [ 107.609184, -6.954891 ], [ 107.609185, -6.954852 ], [ 107.609193, -6.954806 ], [ 107.609217, -6.954757 ] ] } },
{ "type": "Feature", "properties": { "Nm_Ruas": "Jl. Mekar Agung", "Status": "Jalan Kota", "Propinsi": "Jawa Barat", "Kab_Kot": "Kota Bandung", "risk_prediction": 1, "Satwil": "Polrestabes Bandung" }, "geometry": { "type": "LineString", "coordinates": [ [ 107.611406, -6.95491 ], [ 107.61159, -6.954839 ] ] } },
{ "type": "Feature", "properties": { "Nm_Ruas": "Jl. Mekar Laksana", "Status": "Jalan Kota", "Propinsi": "Jawa Barat", "Kab_Kot": "Kota Bandung", "risk_prediction": 1, "Satwil": "Polrestabes Bandung" }, "geometry": { "type": "LineString", "coordinates": [ [ 107.605632, -6.953381 ], [ 107.604732, -6.953294 ] ] } },
{ "type": "Feature", "properties": { "Nm_Ruas": "Jl. Melasti - Padma", "Status": "Jalan Kabupaten", "Propinsi": "Bali", "Kab_Kot": "Badung", "risk_prediction": 1, "Satwil": "Polda Bali" }, "geometry": { "type": "LineString", "coordinates": [ [ 115.169107, -8.706928 ], [ 115.169057, -8.706746 ], [ 115.169003, -8.706541 ], [ 115.168947, -8.706305 ], [ 115.168899, -8.706087 ], [ 115.168893, -8.70605 ] ] } },
{ "type": "Feature", "properties": { "Nm_Ruas": "Jl. Melong Asih", "Status": "Jalan Kota", "Propinsi": "Jawa Barat", "Kab_Kot": "Kota Bandung", "risk_prediction": 1, "Satwil": "Polrestabes Bandung" }, "geometry": { "type": "LineString", "coordinates": [ [ 107.568963, -6.920077 ], [ 107.568966, -6.920078 ], [ 107.569024, -6.920098 ], [ 107.569259, -6.920169 ], [ 107.569396, -6.920209 ], [ 107.569432, -6.92022 ], [ 107.569829, -6.920333 ] ] } },
{ "type": "Feature", "properties": { "Nm_Ruas": "Jl. Mengwitani - Bts. Kota Denpasar", "Status": "Jalan Nasional", "Propinsi": "Bali", "Kab_Kot": "Badung", "risk_prediction": 1, "Satwil": "Polda Bali" }, "geometry": { "type": "LineString", "coordinates": [ [ 115.187583, -8.581784 ], [ 115.187488, -8.581699 ], [ 115.18731, -8.581516 ], [ 115.186906, -8.581168 ], [ 115.186643, -8.58096 ], [ 115.186067, -8.580501 ], [ 115.185416, -8.579982 ], [ 115.18484, -8.5795 ], [ 115.184577, -8.579281 ], [ 115.184544, -8.579253 ], [ 115.18436, -8.5791 ], [ 115.1842, -8.57898 ], [ 115.184084, -8.578885 ], [ 115.183494, -8.578401 ], [ 115.183281, -8.578228 ], [ 115.183132, -8.578129 ], [ 115.183002, -8.578062 ], [ 115.182881, -8.578008 ], [ 115.182642, -8.577924 ], [ 115.182564, -8.577897 ], [ 115.181911, -8.57769 ], [ 115.181776, -8.577651 ], [ 115.181775, -8.57765 ], [ 115.181746, -8.577642 ], [ 115.181569, -8.577581 ], [ 115.181418, -8.577533 ], [ 115.181352, -8.577513 ], [ 115.180914, -8.577368 ], [ 115.18074, -8.57731 ], [ 115.1806, -8.577257 ], [ 115.180445, -8.577214 ], [ 115.179736, -8.576991 ], [ 115.1797, -8.57698 ], [ 115.179675, -8.576972 ], [ 115.17921, -8.57682 ], [ 115.17903, -8.57676 ], [ 115.17894, -8.57673 ], [ 115.178877, -8.576711 ], [ 115.178811, -8.576691 ], [ 115.17871, -8.57666 ], [ 115.178413, -8.576564 ], [ 115.178373, -8.576544 ], [ 115.178343, -8.576524 ], [ 115.178313, -8.576504 ], [ 115.178283, -8.576474 ], [ 115.17826, -8.576437 ], [ 115.178243, -8.576404 ], [ 115.178239, -8.576382 ], [ 115.178233, -8.576354 ], [ 115.178236, -8.576279 ], [ 115.178246, -8.576217 ], [ 115.178267, -8.576166 ], [ 115.178296, -8.576093 ], [ 115.178515, -8.575635 ], [ 115.178531, -8.575601 ], [ 115.178621, -8.575382 ], [ 115.178783, -8.575007 ], [ 115.178957, -8.574626 ], [ 115.17918, -8.57414 ], [ 115.17925, -8.57398 ], [ 115.179341, -8.573765 ], [ 115.179369, -8.573697 ], [ 115.17944, -8.57353 ], [ 115.179508, -8.573392 ], [ 115.1797, -8.572936 ], [ 115.179734, -8.57287 ], [ 115.180239, -8.571825 ], [ 115.18041, -8.57147 ], [ 115.180481, -8.571297 ], [ 115.180615, -8.571003 ], [ 115.180616, -8.571001 ], [ 115.180617, -8.570999 ], [ 115.180848, -8.570527 ], [ 115.181009, -8.570189 ] ] } },
{ "type": "Feature", "properties": { "Nm_Ruas": "Jl. Mengwitani - Bts. Kota Denpasar", "Status": "Jalan Nasional", "Propinsi": "Bali", "Kab_Kot": "Badung", "risk_prediction": 1, "Satwil": "Polda Bali" }, "geometry": { "type": "LineString", "coordinates": [ [ 115.185766, -8.605213 ], [ 115.185763, -8.605206 ], [ 115.185763, -8.605139 ], [ 115.185773, -8.604969 ], [ 115.185809, -8.604558 ], [ 115.18583, -8.60433 ], [ 115.186047, -8.602469 ], [ 115.186076, -8.602183 ], [ 115.186099, -8.601828 ], [ 115.186142, -8.601084 ], [ 115.18616, -8.60061 ], [ 115.18619, -8.60017 ], [ 115.186192, -8.600058 ], [ 115.186193, -8.600031 ], [ 115.186193, -8.60003 ], [ 115.18621, -8.59963 ], [ 115.18622, -8.59938 ], [ 115.18623, -8.599155 ], [ 115.18623, -8.59913 ], [ 115.18623, -8.599128 ], [ 115.18624, -8.59883 ], [ 115.186265, -8.598252 ], [ 115.186267, -8.598225 ], [ 115.18628, -8.59806 ], [ 115.186286, -8.597962 ], [ 115.186303, -8.597689 ], [ 115.18631, -8.597386 ], [ 115.186327, -8.597128 ], [ 115.18633, -8.597059 ], [ 115.18633, -8.597054 ], [ 115.186341, -8.596818 ], [ 115.18634, -8.59656 ], [ 115.186346, -8.596446 ], [ 115.186347, -8.596419 ], [ 115.18636, -8.596156 ], [ 115.18636, -8.59615 ], [ 115.18639, -8.5956 ], [ 115.186393, -8.595544 ], [ 115.186394, -8.595516 ], [ 115.186441, -8.594641 ], [ 115.186443, -8.594613 ], [ 115.18648, -8.59391 ], [ 115.186495, -8.593739 ], [ 115.186497, -8.593711 ], [ 115.18654, -8.59322 ], [ 115.186569, -8.592838 ], [ 115.186572, -8.59281 ], [ 115.18659, -8.59257 ], [ 115.18661, -8.59243 ], [ 115.186637, -8.592195 ], [ 115.186665, -8.591974 ], [ 115.186675, -8.591785 ], [ 115.186687, -8.591624 ], [ 115.186701, -8.591454 ], [ 115.186732, -8.591259 ], [ 115.186748, -8.591051 ], [ 115.186788, -8.590544 ], [ 115.1868, -8.59037 ], [ 115.18682, -8.59016 ], [ 115.186823, -8.590139 ], [ 115.186827, -8.590111 ], [ 115.18687, -8.58981 ], [ 115.18691, -8.58954 ], [ 115.18694, -8.58933 ], [ 115.186955, -8.589245 ], [ 115.18696, -8.58922 ], [ 115.18696, -8.589217 ], [ 115.18699, -8.58902 ], [ 115.18702, -8.588814 ], [ 115.18705, -8.58865 ], [ 115.18707, -8.58854 ], [ 115.187099, -8.588354 ], [ 115.187104, -8.588326 ], [ 115.18718, -8.58784 ], [ 115.187233, -8.587486 ], [ 115.18727, -8.5872 ], [ 115.187282, -8.587119 ], [ 115.1873, -8.58699 ], [ 115.187367, -8.586566 ], [ 115.18737, -8.58655 ], [ 115.187372, -8.586538 ], [ 115.18745, -8.58612 ], [ 115.18752, -8.58578 ], [ 115.187542, -8.585679 ], [ 115.187548, -8.585651 ], [ 115.187641, -8.585272 ], [ 115.18774, -8.584849 ], [ 115.187821, -8.58447 ], [ 115.187899, -8.584145 ], [ 115.188005, -8.58366 ], [ 115.188102, -8.583238 ], [ 115.188107, -8.583217 ], [ 115.188208, -8.58276 ], [ 115.18821, -8.582604 ], [ 115.188208, -8.582517 ], [ 115.188202, -8.58245 ], [ 115.188171, -8.58237 ], [ 115.18816, -8.582348 ] ] } },
{ "type": "Feature", "properties": { "Nm_Ruas": "Jl. Menteri Supeno", "Status": "Jalan Kota", "Propinsi": "Daerah Istimewa Yogyakarta", "Kab_Kot": "Kota Yogyakarta", "risk_prediction": 1, "Satwil": "Polda DI Yogyakarta" }, "geometry": { "type": "LineString", "coordinates": [ [ 110.38116, -7.816429 ], [ 110.381418, -7.816462 ], [ 110.381675, -7.816488 ], [ 110.382058, -7.816554 ], [ 110.38241, -7.816614 ], [ 110.382585, -7.816645 ], [ 110.38292, -7.8167 ], [ 110.382954, -7.816705 ], [ 110.383242, -7.816753 ], [ 110.383793, -7.816819 ], [ 110.383853, -7.816829 ], [ 110.384317, -7.816901 ], [ 110.384746, -7.816969 ], [ 110.38475, -7.816969 ] ] } },
{ "type": "Feature", "properties": { "Nm_Ruas": "Jl. Merak", "Status": "Jalan Kota", "Propinsi": "Bali", "Kab_Kot": "Kota Denpasar", "risk_prediction": 1, "Satwil": "Polda Bali" }, "geometry": { "type": "LineString", "coordinates": [ [ 115.209835, -8.631407 ], [ 115.209852, -8.631406 ], [ 115.210116, -8.631398 ], [ 115.210233, -8.631384 ], [ 115.210333, -8.631362 ], [ 115.210422, -8.631337 ], [ 115.210556, -8.631329 ], [ 115.21072, -8.631362 ], [ 115.210733, -8.631364 ] ] } },
{ "type": "Feature", "properties": { "Nm_Ruas": "Jl. Merak", "Status": "Jalan Kota", "Propinsi": "Bali", "Kab_Kot": "Kota Denpasar", "risk_prediction": 1, "Satwil": "Polda Bali" }, "geometry": { "type": "LineString", "coordinates": [ [ 115.255473, -8.635911 ], [ 115.255733, -8.635923 ], [ 115.255942, -8.635932 ], [ 115.25615, -8.635932 ], [ 115.256381, -8.635929 ] ] } },
{ "type": "Feature", "properties": { "Nm_Ruas": "Jl. Merdeka", "Status": "Jalan Kota", "Propinsi": "Jawa Barat", "Kab_Kot": "Kota Bandung", "risk_prediction": 1, "Satwil": "Polrestabes Bandung" }, "geometry": { "type": "LineString", "coordinates": [ [ 107.610613, -6.909799 ], [ 107.610611, -6.909999 ], [ 107.610611, -6.910025 ], [ 107.610605, -6.910418 ], [ 107.61059, -6.910703 ], [ 107.610551, -6.911429 ], [ 107.610519, -6.911853 ], [ 107.610439, -6.912714 ], [ 107.610438, -6.912726 ], [ 107.610433, -6.912766 ], [ 107.610342, -6.913613 ], [ 107.610341, -6.913615 ], [ 107.61029, -6.914071 ], [ 107.610283, -6.914166 ], [ 107.610249, -6.914516 ], [ 107.610241, -6.914604 ], [ 107.610183, -6.915246 ], [ 107.610179, -6.915283 ], [ 107.610176, -6.915323 ], [ 107.610174, -6.915352 ], [ 107.610172, -6.915386 ], [ 107.61017, -6.915419 ], [ 107.610162, -6.915504 ], [ 107.610161, -6.915525 ], [ 107.610158, -6.915556 ], [ 107.610154, -6.915607 ], [ 107.61015, -6.915659 ], [ 107.610109, -6.916168 ], [ 107.610095, -6.916315 ], [ 107.610078, -6.916489 ], [ 107.610076, -6.91651 ], [ 107.610072, -6.91656 ] ] } },
{ "type": "Feature", "properties": { "Nm_Ruas": "Jl. Merdeka", "Status": "Jalan Kota", "Propinsi": "Jawa Barat", "Kab_Kot": "Kota Bandung", "risk_prediction": 1, "Satwil": "Polrestabes Bandung" }, "geometry": { "type": "LineString", "coordinates": [ [ 107.610545, -6.906988 ], [ 107.610541, -6.90719 ], [ 107.610543, -6.907891 ], [ 107.610543, -6.907956 ], [ 107.610548, -6.908316 ], [ 107.610559, -6.908898 ], [ 107.610563, -6.909113 ], [ 107.610569, -6.909305 ], [ 107.610573, -6.909643 ], [ 107.610573, -6.909665 ], [ 107.610612, -6.909798 ], [ 107.610613, -6.909799 ] ] } },
{ "type": "Feature", "properties": { "Nm_Ruas": "Jl. Merdeka", "Status": "Jalan Kota", "Propinsi": "Jawa Barat", "Kab_Kot": "Kota Bandung", "risk_prediction": 1, "Satwil": "Polrestabes Bandung" }, "geometry": { "type": "LineString", "coordinates": [ [ 107.610613, -6.906991 ], [ 107.610607, -6.90719 ], [ 107.610609, -6.907565 ], [ 107.610612, -6.907894 ], [ 107.610616, -6.908207 ], [ 107.610618, -6.908451 ], [ 107.610623, -6.908862 ], [ 107.610623, -6.908889 ], [ 107.610623, -6.908896 ], [ 107.610627, -6.909103 ], [ 107.610639, -6.909643 ], [ 107.61064, -6.909666 ], [ 107.610613, -6.909799 ] ] } },
{ "type": "Feature", "properties": { "Nm_Ruas": "Jl. Merdeka IV", "Status": "Jalan Kota", "Propinsi": "Bali", "Kab_Kot": "Kota Denpasar", "risk_prediction": 1, "Satwil": "Polda Bali" }, "geometry": { "type": "LineString", "coordinates": [ [ 115.236679, -8.665835 ], [ 115.236957, -8.665863 ], [ 115.237011, -8.665868 ], [ 115.237458, -8.665905 ], [ 115.237583, -8.665916 ] ] } },
{ "type": "Feature", "properties": { "Nm_Ruas": "Jl. Merdeka VI", "Status": "Jalan Kota", "Propinsi": "Bali", "Kab_Kot": "Kota Denpasar", "risk_prediction": 1, "Satwil": "Polda Bali" }, "geometry": { "type": "LineString", "coordinates": [ [ 115.236678, -8.665198 ], [ 115.237172, -8.665231 ], [ 115.237583, -8.665262 ] ] } },
{ "type": "Feature", "properties": { "Nm_Ruas": "Jl. Merdeka VIII", "Status": "Jalan Kota", "Propinsi": "Bali", "Kab_Kot": "Kota Denpasar", "risk_prediction": 1, "Satwil": "Polda Bali" }, "geometry": { "type": "LineString", "coordinates": [ [ 115.236679, -8.66454 ], [ 115.237211, -8.664573 ], [ 115.237586, -8.664582 ] ] } },
{ "type": "Feature", "properties": { "Nm_Ruas": "Jl. Mochamad Ramdan", "Status": "Jalan Kota", "Propinsi": "Jawa Barat", "Kab_Kot": "Kota Bandung", "risk_prediction": 1, "Satwil": "Polrestabes Bandung" }, "geometry": { "type": "LineString", "coordinates": [ [ 107.609037, -6.937702 ], [ 107.609071, -6.937619 ], [ 107.609184, -6.937526 ], [ 107.609401, -6.937378 ], [ 107.609545, -6.937285 ], [ 107.609642, -6.937236 ], [ 107.609695, -6.937218 ], [ 107.609618, -6.937303 ], [ 107.609544, -6.937355 ], [ 107.609272, -6.937551 ], [ 107.609249, -6.937568 ], [ 107.609183, -6.937621 ], [ 107.609152, -6.937706 ] ] } },
{ "type": "Feature", "properties": { "Nm_Ruas": "Jl. Mochamad Ramdan", "Status": "Jalan Kota", "Propinsi": "Jawa Barat", "Kab_Kot": "Kota Bandung", "risk_prediction": 1, "Satwil": "Polrestabes Bandung" }, "geometry": { "type": "LineString", "coordinates": [ [ 107.610625, -6.936575 ], [ 107.610719, -6.936508 ], [ 107.611406, -6.935983 ], [ 107.611537, -6.935876 ], [ 107.61199, -6.935507 ], [ 107.612368, -6.935165 ], [ 107.612375, -6.935159 ], [ 107.612756, -6.934806 ], [ 107.613029, -6.934535 ], [ 107.61303, -6.934534 ], [ 107.61367, -6.933898 ], [ 107.613828, -6.933741 ], [ 107.614087, -6.933465 ], [ 107.614119, -6.933435 ], [ 107.614333, -6.933194 ], [ 107.614443, -6.93307 ], [ 107.614501, -6.933004 ], [ 107.614911, -6.932538 ] ] } },
{ "type": "Feature", "properties": { "Nm_Ruas": "Jl. Mochamad Ramdan", "Status": "Jalan Kota", "Propinsi": "Jawa Barat", "Kab_Kot": "Kota Bandung", "risk_prediction": 1, "Satwil": "Polrestabes Bandung" }, "geometry": { "type": "LineString", "coordinates": [ [ 107.615254, -6.932165 ], [ 107.615101, -6.932361 ], [ 107.614944, -6.932512 ], [ 107.614911, -6.932538 ] ] } },
{ "type": "Feature", "properties": { "Nm_Ruas": "Jl. Mochamad Ramdan", "Status": "Jalan Kota", "Propinsi": "Jawa Barat", "Kab_Kot": "Kota Bandung", "risk_prediction": 1, "Satwil": "Polrestabes Bandung" }, "geometry": { "type": "LineString", "coordinates": [ [ 107.614911, -6.932538 ], [ 107.61492, -6.932506 ], [ 107.615046, -6.932321 ], [ 107.615223, -6.932096 ], [ 107.615389, -6.931878 ], [ 107.615444, -6.931809 ] ] } },
{ "type": "Feature", "properties": { "Nm_Ruas": "Jl. Mochamad Toha", "Status": "Jalan Provinsi", "Propinsi": "Jawa Barat", "Kab_Kot": "Kota Bandung", "risk_prediction": 1, "Satwil": "Polrestabes Bandung" }, "geometry": { "type": "LineString", "coordinates": [ [ 107.606253, -6.936918 ], [ 107.606261, -6.93694 ], [ 107.606261, -6.936959 ], [ 107.606251, -6.937123 ], [ 107.606247, -6.937281 ], [ 107.606239, -6.937442 ], [ 107.606235, -6.937534 ], [ 107.606228, -6.937621 ], [ 107.606223, -6.937686 ], [ 107.606219, -6.937808 ], [ 107.606219, -6.937822 ], [ 107.606199, -6.938295 ], [ 107.606194, -6.938323 ], [ 107.606175, -6.938344 ] ] } },
{ "type": "Feature", "properties": { "Nm_Ruas": "Jl. Mochamad Toha", "Status": "Jalan Provinsi", "Propinsi": "Jawa Barat", "Kab_Kot": "Kota Bandung", "risk_prediction": 1, "Satwil": "Polrestabes Bandung" }, "geometry": { "type": "LineString", "coordinates": [ [ 107.606175, -6.938344 ], [ 107.606157, -6.938324 ], [ 107.606151, -6.938301 ], [ 107.606148, -6.937868 ], [ 107.606157, -6.937729 ], [ 107.606159, -6.937681 ], [ 107.606163, -6.937617 ], [ 107.606172, -6.93753 ], [ 107.606183, -6.937447 ] ] } },
{ "type": "Feature", "properties": { "Nm_Ruas": "Jl. Mochamad Toha", "Status": "Jalan Provinsi", "Propinsi": "Jawa Barat", "Kab_Kot": "Kota Bandung", "risk_prediction": 1, "Satwil": "Polrestabes Bandung" }, "geometry": { "type": "LineString", "coordinates": [ [ 107.612162, -6.956532 ], [ 107.612097, -6.956451 ], [ 107.612056, -6.956333 ], [ 107.612009, -6.956197 ], [ 107.611931, -6.956005 ], [ 107.611902, -6.955933 ], [ 107.611867, -6.95582 ], [ 107.611844, -6.955745 ], [ 107.611826, -6.955697 ], [ 107.611819, -6.955679 ], [ 107.611791, -6.9556 ], [ 107.611786, -6.955578 ], [ 107.611748, -6.955459 ], [ 107.61174, -6.955432 ], [ 107.611674, -6.955222 ], [ 107.611614, -6.955027 ], [ 107.611611, -6.954903 ], [ 107.61159, -6.954839 ], [ 107.61155, -6.954718 ], [ 107.61154, -6.954689 ], [ 107.611531, -6.954661 ], [ 107.611517, -6.954618 ], [ 107.611506, -6.954584 ], [ 107.611431, -6.954357 ], [ 107.611404, -6.954278 ], [ 107.611378, -6.954199 ], [ 107.611349, -6.954113 ], [ 107.611326, -6.954043 ], [ 107.611306, -6.953982 ], [ 107.611302, -6.953971 ], [ 107.611243, -6.953794 ], [ 107.611209, -6.95369 ], [ 107.611146, -6.953493 ], [ 107.611103, -6.95337 ], [ 107.611013, -6.953099 ], [ 107.610982, -6.953007 ], [ 107.61096, -6.95294 ], [ 107.610882, -6.952705 ], [ 107.610817, -6.95251 ], [ 107.610715, -6.952203 ], [ 107.610704, -6.952169 ], [ 107.610693, -6.952135 ], [ 107.610629, -6.951938 ], [ 107.610553, -6.951714 ], [ 107.610522, -6.951621 ], [ 107.610308, -6.950975 ], [ 107.610165, -6.950546 ], [ 107.610111, -6.950382 ], [ 107.609996, -6.950036 ], [ 107.609879, -6.949683 ], [ 107.609808, -6.94947 ], [ 107.609732, -6.949239 ], [ 107.609703, -6.949152 ], [ 107.609634, -6.948946 ], [ 107.609582, -6.948789 ], [ 107.609532, -6.948642 ], [ 107.609444, -6.948382 ], [ 107.609443, -6.94838 ], [ 107.60941, -6.948273 ], [ 107.609304, -6.947981 ], [ 107.609295, -6.947958 ], [ 107.609241, -6.947811 ], [ 107.609194, -6.947678 ], [ 107.609151, -6.947561 ], [ 107.609139, -6.947527 ], [ 107.609103, -6.947422 ], [ 107.6091, -6.947412 ], [ 107.609086, -6.947373 ], [ 107.609079, -6.94735 ], [ 107.608987, -6.947082 ], [ 107.608773, -6.946453 ], [ 107.608695, -6.946224 ], [ 107.608668, -6.946142 ], [ 107.608609, -6.945971 ], [ 107.608587, -6.945906 ], [ 107.608562, -6.945832 ], [ 107.608528, -6.945733 ], [ 107.608482, -6.945598 ], [ 107.608478, -6.945585 ], [ 107.60845, -6.945502 ], [ 107.608427, -6.945435 ], [ 107.608407, -6.945374 ], [ 107.608349, -6.945205 ], [ 107.60826, -6.944944 ], [ 107.608243, -6.944893 ], [ 107.60821, -6.944798 ], [ 107.608163, -6.94466 ], [ 107.608091, -6.944449 ], [ 107.607967, -6.944084 ], [ 107.607871, -6.943805 ], [ 107.60787, -6.943803 ], [ 107.607766, -6.943505 ], [ 107.607735, -6.943413 ], [ 107.607677, -6.943242 ], [ 107.607648, -6.943156 ], [ 107.607578, -6.94295 ], [ 107.607569, -6.942923 ], [ 107.607499, -6.942716 ], [ 107.607415, -6.942468 ], [ 107.607404, -6.942436 ], [ 107.607327, -6.942207 ], [ 107.607287, -6.942086 ], [ 107.60721, -6.941851 ], [ 107.607174, -6.941739 ], [ 107.607009, -6.941238 ], [ 107.606932, -6.941002 ], [ 107.606898, -6.940899 ], [ 107.606859, -6.94078 ], [ 107.60679, -6.940569 ], [ 107.606742, -6.940423 ], [ 107.606662, -6.940176 ], [ 107.606613, -6.940028 ], [ 107.606583, -6.939937 ], [ 107.606578, -6.93992 ], [ 107.606577, -6.939919 ], [ 107.606508, -6.939711 ], [ 107.606437, -6.939497 ], [ 107.606321, -6.93913 ], [ 107.606302, -6.939069 ], [ 107.606299, -6.939061 ], [ 107.606289, -6.939027 ], [ 107.606276, -6.938985 ], [ 107.60626, -6.938937 ], [ 107.60624, -6.938862 ], [ 107.606201, -6.938707 ], [ 107.606189, -6.938655 ], [ 107.606183, -6.938524 ], [ 107.606183, -6.93852 ], [ 107.606175, -6.938344 ] ] } },
{ "type": "Feature", "properties": { "Nm_Ruas": "Jl. Mochamad Toha", "Status": "Jalan Provinsi", "Propinsi": "Jawa Barat", "Kab_Kot": "Kota Bandung", "risk_prediction": 1, "Satwil": "Polrestabes Bandung" }, "geometry": { "type": "LineString", "coordinates": [ [ 107.611925, -6.955747 ], [ 107.611942, -6.955797 ], [ 107.611977, -6.955905 ], [ 107.611999, -6.95597 ], [ 107.612088, -6.956223 ], [ 107.612142, -6.956387 ], [ 107.612154, -6.956427 ], [ 107.612162, -6.956532 ] ] } },
{ "type": "Feature", "properties": { "Nm_Ruas": "Jl. Mochamad Toha", "Status": "Jalan Provinsi", "Propinsi": "Jawa Barat", "Kab_Kot": "Kota Bandung", "risk_prediction": 1, "Satwil": "Polrestabes Bandung" }, "geometry": { "type": "LineString", "coordinates": [ [ 107.613665, -6.961013 ], [ 107.613621, -6.960882 ], [ 107.613571, -6.960733 ], [ 107.613524, -6.960593 ], [ 107.613497, -6.960511 ], [ 107.613483, -6.960469 ], [ 107.613451, -6.960375 ], [ 107.613449, -6.960369 ], [ 107.613429, -6.960311 ], [ 107.613377, -6.960154 ], [ 107.613334, -6.960025 ], [ 107.6133, -6.959926 ], [ 107.613232, -6.959723 ], [ 107.613218, -6.959681 ], [ 107.613186, -6.959585 ], [ 107.613103, -6.959337 ], [ 107.613054, -6.95919 ], [ 107.61302, -6.959089 ], [ 107.612963, -6.958919 ], [ 107.612941, -6.958853 ], [ 107.612868, -6.958635 ], [ 107.612834, -6.958535 ], [ 107.612791, -6.958407 ], [ 107.612698, -6.958115 ], [ 107.612624, -6.957907 ], [ 107.612499, -6.957535 ], [ 107.612453, -6.957399 ], [ 107.612429, -6.957328 ], [ 107.61238, -6.95718 ], [ 107.612334, -6.957042 ], [ 107.612333, -6.95704 ], [ 107.612309, -6.956967 ], [ 107.612272, -6.956858 ], [ 107.612254, -6.956806 ], [ 107.612215, -6.95669 ], [ 107.612179, -6.956581 ], [ 107.612162, -6.956532 ] ] } },
{ "type": "Feature", "properties": { "Nm_Ruas": "Jl. Muara", "Status": "Jalan Kota", "Propinsi": "Jawa Barat", "Kab_Kot": "Kota Bandung", "risk_prediction": 1, "Satwil": "Polrestabes Bandung" }, "geometry": { "type": "LineString", "coordinates": [ [ 107.599992, -6.93746 ], [ 107.599992, -6.93746 ], [ 107.599998, -6.9375 ], [ 107.600011, -6.937586 ], [ 107.600035, -6.937726 ], [ 107.600048, -6.937809 ], [ 107.600069, -6.937957 ], [ 107.600088, -6.938108 ], [ 107.600104, -6.93826 ], [ 107.600109, -6.938305 ], [ 107.600109, -6.938307 ], [ 107.600111, -6.938317 ], [ 107.600117, -6.93837 ], [ 107.600128, -6.938445 ], [ 107.600139, -6.938535 ], [ 107.600162, -6.938702 ], [ 107.600177, -6.938811 ], [ 107.600189, -6.938895 ], [ 107.600197, -6.939016 ], [ 107.600198, -6.939132 ], [ 107.600202, -6.939396 ], [ 107.600202, -6.939517 ], [ 107.600201, -6.939589 ], [ 107.600201, -6.939659 ], [ 107.6002, -6.939774 ], [ 107.6002, -6.939777 ], [ 107.6002, -6.939779 ], [ 107.600197, -6.939972 ], [ 107.600196, -6.940071 ], [ 107.600194, -6.940166 ], [ 107.600191, -6.940313 ], [ 107.60019, -6.940393 ] ] } },
{ "type": "Feature", "properties": { "Nm_Ruas": "Jl. Muara Sari I", "Status": "Jalan Kota", "Propinsi": "Jawa Barat", "Kab_Kot": "Kota Bandung", "risk_prediction": 1, "Satwil": "Polrestabes Bandung" }, "geometry": { "type": "LineString", "coordinates": [ [ 107.601513, -6.944525 ], [ 107.601616, -6.944545 ], [ 107.601748, -6.944568 ], [ 107.601883, -6.944593 ], [ 107.60206, -6.944623 ], [ 107.602133, -6.944637 ], [ 107.602271, -6.944663 ], [ 107.60233, -6.944674 ], [ 107.602332, -6.944675 ], [ 107.602362, -6.944681 ], [ 107.602402, -6.944689 ] ] } },
{ "type": "Feature", "properties": { "Nm_Ruas": "Jl. Muding - Kuburan Kerobokan", "Status": "Jalan Kabupaten", "Propinsi": "Bali", "Kab_Kot": "Badung", "risk_prediction": 1, "Satwil": "Polda Bali" }, "geometry": { "type": "LineString", "coordinates": [ [ 115.174588, -8.638722 ], [ 115.174207, -8.638731 ], [ 115.173964, -8.638741 ], [ 115.173783, -8.638749 ] ] } },
{ "type": "Feature", "properties": { "Nm_Ruas": "Jl. Mulawarman", "Status": "Jalan Kota", "Propinsi": "Bali", "Kab_Kot": "Kota Denpasar", "risk_prediction": 1, "Satwil": "Polda Bali" }, "geometry": { "type": "LineString", "coordinates": [ [ 115.211362, -8.635148 ], [ 115.211154, -8.635095 ], [ 115.210875, -8.635052 ], [ 115.210808, -8.635042 ], [ 115.210468, -8.634984 ], [ 115.210422, -8.634976 ] ] } },
{ "type": "Feature", "properties": { "Nm_Ruas": "Jl. Mulawarman", "Status": "Jalan Kota", "Propinsi": "Bali", "Kab_Kot": "Kota Denpasar", "risk_prediction": 1, "Satwil": "Polda Bali" }, "geometry": { "type": "LineString", "coordinates": [ [ 115.2124, -8.637284 ], [ 115.212393, -8.636766 ], [ 115.212393, -8.636602 ], [ 115.212393, -8.636374 ] ] } },
{ "type": "Feature", "properties": { "Nm_Ruas": "Jl. Mutiara Estete", "Status": "Jalan Kota", "Propinsi": "Bali", "Kab_Kot": "Kota Denpasar", "risk_prediction": 1, "Satwil": "Polda Bali" }, "geometry": { "type": "LineString", "coordinates": [ [ 115.208578, -8.630454 ], [ 115.208706, -8.630464 ], [ 115.208889, -8.630467 ], [ 115.209, -8.63046 ], [ 115.209103, -8.630421 ], [ 115.209229, -8.630363 ], [ 115.209433, -8.630258 ], [ 115.20944, -8.630254 ], [ 115.209461, -8.630244 ] ] } },
{ "type": "Feature", "properties": { "Nm_Ruas": "Jl. Nakula", "Status": "Jalan Kota", "Propinsi": "Bali", "Kab_Kot": "Kota Denpasar", "risk_prediction": 1, "Satwil": "Polda Bali" }, "geometry": { "type": "LineString", "coordinates": [ [ 115.18431, -8.700163 ], [ 115.184455, -8.700182 ], [ 115.184798, -8.700209 ], [ 115.185081, -8.700244 ], [ 115.185183, -8.700255 ], [ 115.185212, -8.700258 ] ] } },
{ "type": "Feature", "properties": { "Nm_Ruas": "Jl. Nandan - Blunyah", "Status": "Jalan Kabupaten", "Propinsi": "Daerah Istimewa Yogyakarta", "Kab_Kot": "Sleman", "risk_prediction": 1, "Satwil": "Polda DI Yogyakarta" }, "geometry": { "type": "LineString", "coordinates": [ [ 110.3712, -7.75122 ], [ 110.371198, -7.751226 ], [ 110.371109, -7.751411 ], [ 110.371011, -7.751662 ], [ 110.370888, -7.752017 ], [ 110.370868, -7.75206 ], [ 110.370758, -7.752293 ], [ 110.3707, -7.752466 ], [ 110.370684, -7.752503 ], [ 110.370684, -7.752507 ], [ 110.37067, -7.752533 ], [ 110.370622, -7.752677 ], [ 110.370489, -7.753051 ], [ 110.370386, -7.753347 ], [ 110.370316, -7.753479 ], [ 110.370105, -7.754104 ], [ 110.369964, -7.754483 ], [ 110.369959, -7.754538 ], [ 110.369895, -7.755344 ], [ 110.369861, -7.755772 ], [ 110.369849, -7.756036 ], [ 110.369832, -7.756245 ], [ 110.369832, -7.75625 ], [ 110.369801, -7.756595 ], [ 110.369757, -7.757146 ], [ 110.36975, -7.75723 ], [ 110.369709, -7.757836 ], [ 110.369688, -7.758031 ], [ 110.369673, -7.758168 ], [ 110.369639, -7.758483 ], [ 110.369639, -7.758484 ], [ 110.369621, -7.758719 ], [ 110.369546, -7.759305 ], [ 110.369432, -7.760395 ], [ 110.369421, -7.760496 ], [ 110.369419, -7.760521 ], [ 110.369381, -7.76113 ], [ 110.36937, -7.761314 ], [ 110.369347, -7.761888 ], [ 110.369343, -7.762033 ], [ 110.369343, -7.762037 ], [ 110.36934, -7.762129 ], [ 110.369337, -7.762226 ], [ 110.369325, -7.7625 ], [ 110.369287, -7.762935 ], [ 110.369286, -7.76294 ], [ 110.369179, -7.76401 ], [ 110.369134, -7.76456 ], [ 110.369113, -7.764737 ], [ 110.369072, -7.765097 ], [ 110.369074, -7.765428 ], [ 110.369103, -7.765835 ], [ 110.369104, -7.765988 ], [ 110.369086, -7.766154 ], [ 110.369076, -7.766462 ], [ 110.369074, -7.766544 ] ] } },
{ "type": "Feature", "properties": { "Nm_Ruas": "Jl. Narakusuma", "Status": "Jalan Kota", "Propinsi": "Bali", "Kab_Kot": "Kota Denpasar", "risk_prediction": 1, "Satwil": "Polda Bali" }, "geometry": { "type": "LineString", "coordinates": [ [ 115.237148, -8.661715 ], [ 115.236864, -8.661439 ], [ 115.236627, -8.661209 ], [ 115.236522, -8.66106 ], [ 115.236522, -8.661059 ], [ 115.236509, -8.660993 ], [ 115.236487, -8.660548 ], [ 115.236453, -8.66026 ], [ 115.236447, -8.660159 ] ] } },
{ "type": "Feature", "properties": { "Nm_Ruas": "Jl. Naripan", "Status": "Jalan Kota", "Propinsi": "Jawa Barat", "Kab_Kot": "Kota Bandung", "risk_prediction": 1, "Satwil": "Polrestabes Bandung" }, "geometry": { "type": "LineString", "coordinates": [ [ 107.609465, -6.919726 ], [ 107.609864, -6.919714 ], [ 107.6099, -6.919713 ], [ 107.609975, -6.919716 ], [ 107.61015, -6.919738 ], [ 107.610366, -6.919777 ] ] } },
{ "type": "Feature", "properties": { "Nm_Ruas": "Jl. Naripan", "Status": "Jalan Kota", "Propinsi": "Jawa Barat", "Kab_Kot": "Kota Bandung", "risk_prediction": 1, "Satwil": "Polrestabes Bandung" }, "geometry": { "type": "LineString", "coordinates": [ [ 107.611319, -6.91995 ], [ 107.611459, -6.919975 ], [ 107.611858, -6.920047 ], [ 107.612086, -6.920088 ], [ 107.612101, -6.920091 ], [ 107.612209, -6.920109 ], [ 107.612211, -6.920109 ], [ 107.61231, -6.920128 ], [ 107.612724, -6.920208 ], [ 107.613097, -6.920283 ] ] } },
{ "type": "Feature", "properties": { "Nm_Ruas": "Jl. Naripan", "Status": "Jalan Kota", "Propinsi": "Jawa Barat", "Kab_Kot": "Kota Bandung", "risk_prediction": 1, "Satwil": "Polrestabes Bandung" }, "geometry": { "type": "LineString", "coordinates": [ [ 107.618627, -6.921342 ], [ 107.618639, -6.921345 ], [ 107.618823, -6.921377 ], [ 107.618936, -6.92139 ], [ 107.618994, -6.921398 ], [ 107.61903, -6.921399 ], [ 107.619086, -6.921383 ], [ 107.619113, -6.921373 ], [ 107.619224, -6.921323 ], [ 107.619308, -6.921305 ], [ 107.61936, -6.921307 ], [ 107.61941, -6.92132 ], [ 107.619459, -6.92135 ] ] } },
{ "type": "Feature", "properties": { "Nm_Ruas": "Jl. Nitikan", "Status": "Jalan Kota", "Propinsi": "Daerah Istimewa Yogyakarta", "Kab_Kot": "Kota Yogyakarta", "risk_prediction": 1, "Satwil": "Polda DI Yogyakarta" }, "geometry": { "type": "LineString", "coordinates": [ [ 110.383242, -7.816753 ], [ 110.383187, -7.816981 ], [ 110.383127, -7.817276 ], [ 110.383074, -7.817522 ], [ 110.383046, -7.817635 ] ] } },
{ "type": "Feature", "properties": { "Nm_Ruas": "Jl. Noja", "Status": "Jalan Kota", "Propinsi": "Bali", "Kab_Kot": "Kota Denpasar", "risk_prediction": 1, "Satwil": "Polda Bali" }, "geometry": { "type": "LineString", "coordinates": [ [ 115.235771, -8.636746 ], [ 115.235543, -8.636295 ], [ 115.235378, -8.63601 ] ] } },
{ "type": "Feature", "properties": { "Nm_Ruas": "Jl. Noja", "Status": "Jalan Kota", "Propinsi": "Bali", "Kab_Kot": "Kota Denpasar", "risk_prediction": 1, "Satwil": "Polda Bali" }, "geometry": { "type": "LineString", "coordinates": [ [ 115.244199, -8.646586 ], [ 115.244182, -8.646534 ], [ 115.243937, -8.645781 ], [ 115.243912, -8.645723 ] ] } },
{ "type": "Feature", "properties": { "Nm_Ruas": "Jl. Noja Saraswati", "Status": "Jalan Kota", "Propinsi": "Bali", "Kab_Kot": "Kota Denpasar", "risk_prediction": 1, "Satwil": "Polda Bali" }, "geometry": { "type": "LineString", "coordinates": [ [ 115.234967, -8.635351 ], [ 115.235016, -8.635418 ], [ 115.235174, -8.635673 ], [ 115.235258, -8.635803 ], [ 115.235378, -8.63601 ] ] } },
{ "type": "Feature", "properties": { "Nm_Ruas": "Jl. Nusa Indah", "Status": "Jalan Kota", "Propinsi": "Bali", "Kab_Kot": "Kota Denpasar", "risk_prediction": 1, "Satwil": "Polda Bali" }, "geometry": { "type": "LineString", "coordinates": [ [ 115.233631, -8.648853 ], [ 115.233586, -8.648671 ] ] } },
{ "type": "Feature", "properties": { "Nm_Ruas": "Jl. Otto Iskandar Dinata", "Status": "Jalan Kota", "Propinsi": "Jawa Barat", "Kab_Kot": "Kota Bandung", "risk_prediction": 1, "Satwil": "Polrestabes Bandung" }, "geometry": { "type": "LineString", "coordinates": [ [ 107.602995, -6.937329 ], [ 107.603, -6.937238 ], [ 107.60301, -6.937121 ], [ 107.603019, -6.937005 ], [ 107.603023, -6.936952 ], [ 107.60306, -6.936506 ], [ 107.603066, -6.936426 ], [ 107.603071, -6.936363 ], [ 107.603073, -6.936337 ], [ 107.60308, -6.936252 ], [ 107.603084, -6.936206 ], [ 107.603105, -6.935946 ], [ 107.603135, -6.935574 ], [ 107.603136, -6.935503 ], [ 107.603107, -6.935448 ], [ 107.603046, -6.935388 ], [ 107.603041, -6.935384 ], [ 107.602994, -6.935353 ], [ 107.603064, -6.935324 ], [ 107.603112, -6.935286 ], [ 107.603143, -6.93524 ], [ 107.603178, -6.935137 ] ] } },
{ "type": "Feature", "properties": { "Nm_Ruas": "Jl. Otto Iskandar Dinata", "Status": "Jalan Kota", "Propinsi": "Jawa Barat", "Kab_Kot": "Kota Bandung", "risk_prediction": 1, "Satwil": "Polrestabes Bandung" }, "geometry": { "type": "LineString", "coordinates": [ [ 107.603166, -6.936345 ], [ 107.603162, -6.936393 ], [ 107.60315, -6.936569 ], [ 107.603132, -6.936775 ], [ 107.603103, -6.937015 ], [ 107.603093, -6.93713 ], [ 107.60308, -6.937245 ], [ 107.60308, -6.937246 ], [ 107.603069, -6.937337 ] ] } },
{ "type": "Feature", "properties": { "Nm_Ruas": "Jl. Otto Iskandar Dinata", "Status": "Jalan Kota", "Propinsi": "Jawa Barat", "Kab_Kot": "Kota Bandung", "risk_prediction": 1, "Satwil": "Polrestabes Bandung" }, "geometry": { "type": "LineString", "coordinates": [ [ 107.603178, -6.935137 ], [ 107.603186, -6.934989 ], [ 107.603208, -6.934475 ], [ 107.603216, -6.934286 ], [ 107.603223, -6.933973 ], [ 107.603226, -6.933858 ], [ 107.603235, -6.933719 ], [ 107.603238, -6.933679 ], [ 107.603267, -6.93327 ], [ 107.603312, -6.932628 ], [ 107.603325, -6.932453 ], [ 107.603333, -6.932329 ], [ 107.603397, -6.931428 ], [ 107.603397, -6.931425 ], [ 107.60346, -6.930526 ], [ 107.603466, -6.930437 ], [ 107.603471, -6.930374 ], [ 107.603476, -6.930325 ], [ 107.603484, -6.930184 ], [ 107.6035, -6.929948 ], [ 107.603528, -6.92955 ], [ 107.603551, -6.929222 ], [ 107.603599, -6.928534 ], [ 107.603629, -6.928101 ], [ 107.603633, -6.928044 ], [ 107.603692, -6.927199 ], [ 107.603692, -6.927197 ], [ 107.603697, -6.927107 ], [ 107.603742, -6.926292 ], [ 107.603781, -6.925607 ], [ 107.603785, -6.925525 ], [ 107.603794, -6.925388 ], [ 107.60385, -6.924519 ], [ 107.603852, -6.924484 ], [ 107.603872, -6.923931 ], [ 107.60388, -6.92383 ], [ 107.6039, -6.923579 ], [ 107.60393, -6.923187 ], [ 107.603937, -6.923115 ], [ 107.603943, -6.923019 ], [ 107.603967, -6.922676 ], [ 107.604009, -6.922058 ], [ 107.604014, -6.921976 ], [ 107.604029, -6.921772 ] ] } },
{ "type": "Feature", "properties": { "Nm_Ruas": "Jl. Otto Iskandar Dinata", "Status": "Jalan Kota", "Propinsi": "Jawa Barat", "Kab_Kot": "Kota Bandung", "risk_prediction": 1, "Satwil": "Polrestabes Bandung" }, "geometry": { "type": "LineString", "coordinates": [ [ 107.603178, -6.935137 ], [ 107.603214, -6.935245 ], [ 107.603225, -6.935349 ], [ 107.603224, -6.935481 ], [ 107.603217, -6.935578 ], [ 107.603208, -6.935722 ], [ 107.603186, -6.936036 ] ] } },
{ "type": "Feature", "properties": { "Nm_Ruas": "Jl. P. Saram Banggao", "Status": "Jalan Kota", "Propinsi": "Jawa Barat", "Kab_Kot": "Kota Bandung", "risk_prediction": 1, "Satwil": "Polrestabes Bandung" }, "geometry": { "type": "LineString", "coordinates": [ [ 107.613203, -6.90783 ], [ 107.612895, -6.90721 ], [ 107.612869, -6.907151 ], [ 107.612841, -6.907083 ], [ 107.612814, -6.907015 ] ] } },
{ "type": "Feature", "properties": { "Nm_Ruas": "Jl. PHH. Mustofa", "Status": "Jalan Nasional", "Propinsi": "Jawa Barat", "Kab_Kot": "Kota Bandung", "risk_prediction": 1, "Satwil": "Polrestabes Bandung" }, "geometry": { "type": "LineString", "coordinates": [ [ 107.634182, -6.897791 ], [ 107.634332, -6.897805 ], [ 107.634445, -6.897826 ], [ 107.634991, -6.897951 ], [ 107.635069, -6.897969 ], [ 107.635302, -6.898024 ], [ 107.635732, -6.898126 ], [ 107.635831, -6.898151 ], [ 107.636041, -6.898208 ], [ 107.636083, -6.89822 ], [ 107.636132, -6.898231 ], [ 107.636209, -6.898248 ], [ 107.636351, -6.898281 ], [ 107.636459, -6.898305 ], [ 107.63653, -6.898321 ], [ 107.636733, -6.898367 ], [ 107.636918, -6.898409 ], [ 107.636942, -6.898415 ], [ 107.637082, -6.898448 ], [ 107.637183, -6.898471 ], [ 107.63734, -6.898508 ], [ 107.637342, -6.898508 ], [ 107.637407, -6.898523 ], [ 107.637525, -6.898552 ], [ 107.637657, -6.898583 ], [ 107.637857, -6.89863 ], [ 107.637906, -6.898642 ], [ 107.63798, -6.89866 ], [ 107.638061, -6.898679 ], [ 107.6382, -6.898712 ], [ 107.63822, -6.898716 ], [ 107.638302, -6.898736 ], [ 107.638597, -6.898804 ], [ 107.63895, -6.898889 ], [ 107.639258, -6.898962 ], [ 107.639434, -6.899004 ], [ 107.639528, -6.899026 ], [ 107.639689, -6.899063 ], [ 107.639799, -6.89909 ], [ 107.639896, -6.899114 ], [ 107.639976, -6.899132 ], [ 107.640051, -6.899147 ], [ 107.640438, -6.899242 ], [ 107.640532, -6.899265 ], [ 107.640713, -6.899308 ], [ 107.640766, -6.89932 ], [ 107.640844, -6.899338 ], [ 107.641276, -6.899441 ], [ 107.641347, -6.899458 ], [ 107.641552, -6.899508 ], [ 107.641609, -6.89952 ], [ 107.641679, -6.899537 ], [ 107.641695, -6.89954 ], [ 107.641739, -6.899551 ], [ 107.641784, -6.899561 ], [ 107.642003, -6.899613 ], [ 107.642088, -6.899633 ], [ 107.642198, -6.899659 ], [ 107.642294, -6.899682 ], [ 107.642465, -6.899723 ], [ 107.642534, -6.899739 ], [ 107.642674, -6.899773 ], [ 107.64279, -6.8998 ], [ 107.642932, -6.899834 ], [ 107.642973, -6.899844 ], [ 107.643104, -6.899872 ], [ 107.643414, -6.899948 ], [ 107.643415, -6.899948 ], [ 107.64353, -6.899966 ], [ 107.643612, -6.89998 ], [ 107.643667, -6.899988 ], [ 107.643756, -6.900003 ], [ 107.643785, -6.900007 ], [ 107.64382, -6.900013 ], [ 107.643933, -6.900026 ], [ 107.643984, -6.900031 ], [ 107.644221, -6.900058 ], [ 107.644309, -6.900077 ], [ 107.644648, -6.900149 ], [ 107.644678, -6.90016 ], [ 107.644895, -6.900241 ], [ 107.644981, -6.900274 ], [ 107.645207, -6.900372 ], [ 107.645244, -6.900388 ], [ 107.645284, -6.900405 ], [ 107.645399, -6.900455 ], [ 107.645512, -6.90051 ], [ 107.6456, -6.900554 ], [ 107.645767, -6.900636 ], [ 107.645842, -6.900673 ], [ 107.646109, -6.900803 ], [ 107.646191, -6.900843 ], [ 107.646333, -6.900917 ], [ 107.64643, -6.900967 ], [ 107.646905, -6.901214 ], [ 107.646929, -6.901226 ], [ 107.64745, -6.901458 ], [ 107.647719, -6.901552 ], [ 107.647857, -6.901585 ], [ 107.648015, -6.901603 ], [ 107.648132, -6.901612 ], [ 107.648458, -6.901636 ], [ 107.648515, -6.901641 ] ] } },
{ "type": "Feature", "properties": { "Nm_Ruas": "Jl. PHH. Mustofa", "Status": "Jalan Nasional", "Propinsi": "Jawa Barat", "Kab_Kot": "Kota Bandung", "risk_prediction": 1, "Satwil": "Polrestabes Bandung" }, "geometry": { "type": "LineString", "coordinates": [ [ 107.654613, -6.901993 ], [ 107.654892, -6.90201 ], [ 107.655121, -6.902025 ] ] } },
{ "type": "Feature", "properties": { "Nm_Ruas": "Jl. Pacuan Kuda", "Status": "Jalan Kota", "Propinsi": "Jawa Barat", "Kab_Kot": "Kota Bandung", "risk_prediction": 1, "Satwil": "Polrestabes Bandung" }, "geometry": { "type": "LineString", "coordinates": [ [ 107.673182, -6.90491 ], [ 107.673219, -6.905185 ], [ 107.673225, -6.905312 ], [ 107.67322, -6.905451 ], [ 107.673181, -6.905324 ], [ 107.67315, -6.905203 ], [ 107.673066, -6.904932 ] ] } },
{ "type": "Feature", "properties": { "Nm_Ruas": "Jl. Padang Galak 2", "Status": "Jalan Kota", "Propinsi": "Bali", "Kab_Kot": "Kota Denpasar", "risk_prediction": 1, "Satwil": "Polda Bali" }, "geometry": { "type": "LineString", "coordinates": [ [ 115.25646, -8.6687 ], [ 115.256413, -8.668491 ], [ 115.25628, -8.668139 ], [ 115.256154, -8.667892 ], [ 115.256145, -8.667852 ] ] } },
{ "type": "Feature", "properties": { "Nm_Ruas": "Jl. Padang Luwih - Campuan Asri", "Status": "Jalan Kabupaten", "Propinsi": "Bali", "Kab_Kot": "Badung", "risk_prediction": 1, "Satwil": "Polda Bali" }, "geometry": { "type": "LineString", "coordinates": [ [ 115.174609, -8.629869 ], [ 115.174699, -8.62988 ], [ 115.174963, -8.629909 ], [ 115.175288, -8.629911 ], [ 115.175515, -8.629886 ], [ 115.175516, -8.629886 ] ] } },
{ "type": "Feature", "properties": { "Nm_Ruas": "Jl. Padang Luwih - Gatsu Barat", "Status": "Jalan Kabupaten", "Propinsi": "Bali", "Kab_Kot": "Badung", "risk_prediction": 1, "Satwil": "Polda Bali" }, "geometry": { "type": "LineString", "coordinates": [ [ 115.175608, -8.635772 ], [ 115.175277, -8.635777 ] ] } },
{ "type": "Feature", "properties": { "Nm_Ruas": "Jl. Padang Luwih - Kubu Gunung", "Status": "Jalan Kabupaten", "Propinsi": "Bali", "Kab_Kot": "Badung", "risk_prediction": 1, "Satwil": "Polda Bali" }, "geometry": { "type": "LineString", "coordinates": [ [ 115.176993, -8.632433 ], [ 115.17696, -8.63248 ], [ 115.17689, -8.632531 ], [ 115.176805, -8.63259 ], [ 115.176676, -8.632632 ], [ 115.17642, -8.632672 ], [ 115.17627, -8.632664 ], [ 115.176192, -8.632652 ], [ 115.176155, -8.632645 ], [ 115.176108, -8.632637 ] ] } },
{ "type": "Feature", "properties": { "Nm_Ruas": "Jl. Padangtegal Lapangan Ubud", "Status": "Jalan Kabupaten", "Propinsi": "Bali", "Kab_Kot": "Gianyar", "risk_prediction": 1, "Satwil": "Polda Bali" }, "geometry": { "type": "LineString", "coordinates": [ [ 115.262323, -8.509711 ], [ 115.26227, -8.509697 ], [ 115.262182, -8.509664 ], [ 115.262086, -8.509644 ], [ 115.261964, -8.509673 ], [ 115.261854, -8.509657 ], [ 115.261732, -8.509627 ], [ 115.261641, -8.509604 ], [ 115.261442, -8.509548 ], [ 115.261431, -8.509545 ] ] } },
{ "type": "Feature", "properties": { "Nm_Ruas": "Jl. Padasuka", "Status": "Jalan Kota", "Propinsi": "Jawa Barat", "Kab_Kot": "Kota Bandung", "risk_prediction": 1, "Satwil": "Polrestabes Bandung" }, "geometry": { "type": "LineString", "coordinates": [ [ 107.653524, -6.902756 ], [ 107.653398, -6.903034 ], [ 107.653252, -6.903436 ] ] } },
{ "type": "Feature", "properties": { "Nm_Ruas": "Jl. Padjajaran", "Status": "Jalan Nasional", "Propinsi": "Jawa Barat", "Kab_Kot": "Kota Bandung", "risk_prediction": 1, "Satwil": "Polrestabes Bandung" }, "geometry": { "type": "LineString", "coordinates": [ [ 107.591106, -6.907101 ], [ 107.591002, -6.907115 ], [ 107.590664, -6.907081 ], [ 107.590638, -6.907079 ], [ 107.59049, -6.907068 ], [ 107.590253, -6.907051 ], [ 107.589229, -6.906953 ], [ 107.589058, -6.906932 ], [ 107.588957, -6.90692 ], [ 107.588898, -6.906911 ], [ 107.588778, -6.906899 ], [ 107.588693, -6.906892 ], [ 107.588604, -6.906884 ], [ 107.588392, -6.906859 ], [ 107.588209, -6.906842 ], [ 107.588146, -6.906836 ], [ 107.588055, -6.906831 ], [ 107.587998, -6.90683 ], [ 107.587977, -6.90683 ], [ 107.587956, -6.90683 ], [ 107.587931, -6.906831 ], [ 107.587889, -6.906834 ], [ 107.587836, -6.906845 ], [ 107.587793, -6.906855 ] ] } },
{ "type": "Feature", "properties": { "Nm_Ruas": "Jl. Padjajaran", "Status": "Jalan Nasional", "Propinsi": "Jawa Barat", "Kab_Kot": "Kota Bandung", "risk_prediction": 1, "Satwil": "Polrestabes Bandung" }, "geometry": { "type": "LineString", "coordinates": [ [ 107.588693, -6.90681 ], [ 107.588826, -6.906823 ], [ 107.58892, -6.906835 ], [ 107.588993, -6.906846 ], [ 107.589122, -6.906859 ], [ 107.589854, -6.90694 ], [ 107.590263, -6.906982 ], [ 107.590524, -6.907004 ], [ 107.590647, -6.907014 ], [ 107.590665, -6.907016 ], [ 107.5909, -6.907055 ], [ 107.590933, -6.907061 ], [ 107.591106, -6.907101 ] ] } },
{ "type": "Feature", "properties": { "Nm_Ruas": "Jl. Padjajaran", "Status": "Jalan Nasional", "Propinsi": "Jawa Barat", "Kab_Kot": "Kota Bandung", "risk_prediction": 1, "Satwil": "Polrestabes Bandung" }, "geometry": { "type": "LineString", "coordinates": [ [ 107.595926, -6.906589 ], [ 107.595402, -6.906645 ], [ 107.595257, -6.906661 ], [ 107.595037, -6.906694 ], [ 107.594579, -6.90676 ], [ 107.594544, -6.906765 ], [ 107.594247, -6.906822 ], [ 107.594199, -6.906831 ], [ 107.594084, -6.906853 ], [ 107.593934, -6.90688 ], [ 107.593754, -6.906912 ], [ 107.593623, -6.906936 ], [ 107.593044, -6.907036 ], [ 107.593042, -6.907036 ], [ 107.592893, -6.907055 ], [ 107.592854, -6.90706 ], [ 107.592682, -6.907085 ], [ 107.59254, -6.907099 ], [ 107.592394, -6.907112 ], [ 107.592239, -6.907127 ], [ 107.592142, -6.90714 ], [ 107.59207, -6.907149 ], [ 107.591837, -6.907124 ], [ 107.591599, -6.907107 ], [ 107.591309, -6.90709 ], [ 107.591239, -6.907094 ], [ 107.591167, -6.907098 ], [ 107.591106, -6.907101 ] ] } },
{ "type": "Feature", "properties": { "Nm_Ruas": "Jl. Padjajaran", "Status": "Jalan Nasional", "Propinsi": "Jawa Barat", "Kab_Kot": "Kota Bandung", "risk_prediction": 1, "Satwil": "Polrestabes Bandung" }, "geometry": { "type": "LineString", "coordinates": [ [ 107.595926, -6.906589 ], [ 107.596003, -6.906533 ], [ 107.596037, -6.906521 ], [ 107.596066, -6.906511 ], [ 107.596289, -6.906467 ], [ 107.596572, -6.906419 ], [ 107.596721, -6.906399 ], [ 107.5968, -6.90639 ], [ 107.596863, -6.906383 ], [ 107.597019, -6.906375 ], [ 107.597192, -6.906365 ], [ 107.59729, -6.906365 ], [ 107.597429, -6.906369 ], [ 107.59755, -6.906378 ], [ 107.597581, -6.90639 ], [ 107.597609, -6.906405 ], [ 107.597639, -6.906429 ], [ 107.597619, -6.906441 ], [ 107.597595, -6.906449 ], [ 107.597533, -6.906453 ], [ 107.597281, -6.906463 ], [ 107.597165, -6.906468 ], [ 107.597022, -6.906478 ], [ 107.59682, -6.906493 ], [ 107.596739, -6.906503 ], [ 107.596617, -6.906518 ], [ 107.596403, -6.906547 ], [ 107.596112, -6.906601 ], [ 107.596053, -6.906604 ], [ 107.595995, -6.906599 ], [ 107.595926, -6.906589 ] ] } },
{ "type": "Feature", "properties": { "Nm_Ruas": "Jl. Padjajaran", "Status": "Jalan Provinsi", "Propinsi": "Jawa Barat", "Kab_Kot": "Kota Bandung", "risk_prediction": 1, "Satwil": "Polrestabes Bandung" }, "geometry": { "type": "LineString", "coordinates": [ [ 107.597639, -6.906429 ], [ 107.597757, -6.906505 ], [ 107.597877, -6.906564 ], [ 107.597979, -6.906588 ], [ 107.59821, -6.906642 ], [ 107.598333, -6.906664 ], [ 107.598495, -6.906693 ], [ 107.598794, -6.906746 ], [ 107.599207, -6.906806 ], [ 107.599391, -6.906821 ] ] } },
{ "type": "Feature", "properties": { "Nm_Ruas": "Jl. Padokan - Kasihan/Sumberan", "Status": "Jalan Kabupaten", "Propinsi": "Daerah Istimewa Yogyakarta", "Kab_Kot": "Bantul", "risk_prediction": 1, "Satwil": "Polda DI Yogyakarta" }, "geometry": { "type": "LineString", "coordinates": [ [ 110.328134, -7.825537 ], [ 110.328206, -7.825543 ], [ 110.328243, -7.825546 ], [ 110.328526, -7.825558 ], [ 110.328659, -7.825571 ], [ 110.328703, -7.825587 ], [ 110.328778, -7.825641 ], [ 110.328841, -7.825714 ], [ 110.328884, -7.825825 ], [ 110.328891, -7.825851 ] ] } },
{ "type": "Feature", "properties": { "Nm_Ruas": "Jl. Pahlawan", "Status": "Jalan Kota", "Propinsi": "Jawa Barat", "Kab_Kot": "Kota Bandung", "risk_prediction": 1, "Satwil": "Polrestabes Bandung" }, "geometry": { "type": "LineString", "coordinates": [ [ 107.633999, -6.898676 ], [ 107.634008, -6.898551 ], [ 107.634062, -6.898202 ], [ 107.634127, -6.897966 ], [ 107.634181, -6.897791 ], [ 107.634182, -6.897791 ] ] } },
{ "type": "Feature", "properties": { "Nm_Ruas": "Jl. Pahlawan", "Status": "Jalan Kota", "Propinsi": "Jawa Barat", "Kab_Kot": "Kota Bandung", "risk_prediction": 1, "Satwil": "Polrestabes Bandung" }, "geometry": { "type": "LineString", "coordinates": [ [ 107.634527, -6.896956 ], [ 107.634442, -6.897316 ], [ 107.634382, -6.8976 ], [ 107.634204, -6.89777 ], [ 107.634182, -6.897791 ] ] } },
{ "type": "Feature", "properties": { "Nm_Ruas": "Jl. Pahlawan", "Status": "Jalan Kota", "Propinsi": "Jawa Barat", "Kab_Kot": "Kota Bandung", "risk_prediction": 1, "Satwil": "Polrestabes Bandung" }, "geometry": { "type": "LineString", "coordinates": [ [ 107.634182, -6.897791 ], [ 107.634398, -6.896913 ] ] } },
{ "type": "Feature", "properties": { "Nm_Ruas": "Jl. Pahlawan", "Status": "Jalan Kota", "Propinsi": "Jawa Barat", "Kab_Kot": "Kota Bandung", "risk_prediction": 1, "Satwil": "Polrestabes Bandung" }, "geometry": { "type": "LineString", "coordinates": [ [ 107.634182, -6.897791 ], [ 107.634111, -6.897584 ], [ 107.634122, -6.897545 ], [ 107.634187, -6.897263 ], [ 107.634254, -6.896987 ], [ 107.634273, -6.896916 ] ] } },
{ "type": "Feature", "properties": { "Nm_Ruas": "Jl. Pahlawan", "Status": "Jalan Kota", "Propinsi": "Jawa Barat", "Kab_Kot": "Kota Bandung", "risk_prediction": 1, "Satwil": "Polrestabes Bandung" }, "geometry": { "type": "LineString", "coordinates": [ [ 107.635309, -6.892738 ], [ 107.635326, -6.892664 ] ] } },
{ "type": "Feature", "properties": { "Nm_Ruas": "Jl. Pakel", "Status": "Jalan Kota", "Propinsi": "Daerah Istimewa Yogyakarta", "Kab_Kot": "Kota Yogyakarta", "risk_prediction": 1, "Satwil": "Polda DI Yogyakarta" }, "geometry": { "type": "LineString", "coordinates": [ [ 110.380258, -7.816312 ], [ 110.380207, -7.81667 ], [ 110.380137, -7.817208 ] ] } },
{ "type": "Feature", "properties": { "Nm_Ruas": "Jl. Pakuningratan", "Status": "Jalan Kota", "Propinsi": "Daerah Istimewa Yogyakarta", "Kab_Kot": "Kota Yogyakarta", "risk_prediction": 1, "Satwil": "Polda DI Yogyakarta" }, "geometry": { "type": "LineString", "coordinates": [ [ 110.366366, -7.780902 ], [ 110.366786, -7.780908 ], [ 110.367028, -7.780927 ], [ 110.367208, -7.780956 ], [ 110.367271, -7.780956 ] ] } },
{ "type": "Feature", "properties": { "Nm_Ruas": "Jl. Paledang", "Status": "Jalan Kota", "Propinsi": "Jawa Barat", "Kab_Kot": "Kota Bandung", "risk_prediction": 1, "Satwil": "Polrestabes Bandung" }, "geometry": { "type": "LineString", "coordinates": [ [ 107.566602, -6.906305 ], [ 107.566954, -6.905533 ], [ 107.566977, -6.905483 ] ] } },
{ "type": "Feature", "properties": { "Nm_Ruas": "Jl. Pandeyan", "Status": "Jalan Kota", "Propinsi": "Daerah Istimewa Yogyakarta", "Kab_Kot": "Kota Yogyakarta", "risk_prediction": 1, "Satwil": "Polda DI Yogyakarta" }, "geometry": { "type": "LineString", "coordinates": [ [ 110.386478, -7.816054 ], [ 110.386452, -7.816023 ], [ 110.386435, -7.815948 ], [ 110.3864, -7.815788 ], [ 110.386376, -7.815502 ], [ 110.386349, -7.815163 ] ] } },
{ "type": "Feature", "properties": { "Nm_Ruas": "Jl. Pantai Kuta - Jl. Legian", "Status": "Jalan Kabupaten", "Propinsi": "Bali", "Kab_Kot": "Badung", "risk_prediction": 1, "Satwil": "Polda Bali" }, "geometry": { "type": "LineString", "coordinates": [ [ 115.174491, -8.717584 ], [ 115.173941, -8.717505 ], [ 115.173928, -8.717503 ], [ 115.173909, -8.7175 ], [ 115.173767, -8.717476 ], [ 115.173592, -8.717443 ] ] } },
{ "type": "Feature", "properties": { "Nm_Ruas": "Jl. Papanggungan", "Status": "Jalan Kota", "Propinsi": "Jawa Barat", "Kab_Kot": "Kota Bandung", "risk_prediction": 1, "Satwil": "Polrestabes Bandung" }, "geometry": { "type": "LineString", "coordinates": [ [ 107.645808, -6.940544 ], [ 107.645748, -6.940305 ], [ 107.64567, -6.939994 ], [ 107.645642, -6.939889 ], [ 107.645633, -6.939856 ], [ 107.645584, -6.939669 ] ] } },
{ "type": "Feature", "properties": { "Nm_Ruas": "Jl. Parakan Saat", "Status": "Jalan Kota", "Propinsi": "Jawa Barat", "Kab_Kot": "Kota Bandung", "risk_prediction": 1, "Satwil": "Polrestabes Bandung" }, "geometry": { "type": "LineString", "coordinates": [ [ 107.670687, -6.938442 ], [ 107.670697, -6.938477 ] ] } },
{ "type": "Feature", "properties": { "Nm_Ruas": "Jl. Pasar Seni - Bandara", "Status": "Jalan Kabupaten", "Propinsi": "Bali", "Kab_Kot": "Badung", "risk_prediction": 1, "Satwil": "Polda Bali" }, "geometry": { "type": "LineString", "coordinates": [ [ 115.167277, -8.733865 ], [ 115.167266, -8.73375 ], [ 115.167265, -8.733652 ], [ 115.167274, -8.733515 ], [ 115.167295, -8.733284 ], [ 115.167307, -8.733077 ], [ 115.167341, -8.732783 ], [ 115.167345, -8.732762 ], [ 115.167462, -8.732237 ], [ 115.167488, -8.732101 ], [ 115.167508, -8.73201 ], [ 115.167563, -8.731689 ], [ 115.167574, -8.731596 ], [ 115.167649, -8.731149 ], [ 115.16775, -8.73079 ], [ 115.167857, -8.730322 ], [ 115.167876, -8.730247 ], [ 115.167947, -8.73003 ], [ 115.168008, -8.729907 ], [ 115.168063, -8.729818 ], [ 115.168155, -8.729692 ], [ 115.168196, -8.729626 ], [ 115.168295, -8.729497 ], [ 115.168327, -8.729456 ], [ 115.168605, -8.729093 ], [ 115.168691, -8.728981 ], [ 115.16889, -8.728707 ], [ 115.169005, -8.728568 ], [ 115.169144, -8.728365 ], [ 115.169434, -8.727907 ], [ 115.169629, -8.727608 ], [ 115.169796, -8.727369 ], [ 115.16986, -8.72725 ], [ 115.169917, -8.727154 ], [ 115.170191, -8.726719 ], [ 115.170386, -8.726343 ], [ 115.170512, -8.726123 ], [ 115.170528, -8.726097 ], [ 115.17079, -8.725721 ], [ 115.170797, -8.72571 ] ] } },
{ "type": "Feature", "properties": { "Nm_Ruas": "Jl. Pasar Seni - Bandara", "Status": "Jalan Kabupaten", "Propinsi": "Bali", "Kab_Kot": "Badung", "risk_prediction": 1, "Satwil": "Polda Bali" }, "geometry": { "type": "LineString", "coordinates": [ [ 115.17096, -8.72547 ], [ 115.171071, -8.725306 ], [ 115.171294, -8.724994 ], [ 115.171369, -8.724865 ], [ 115.171387, -8.724806 ], [ 115.171399, -8.724689 ], [ 115.1714, -8.724679 ] ] } },
{ "type": "Feature", "properties": { "Nm_Ruas": "Jl. Pasar Seni - Jl.raya Kuta/sd1", "Status": "Jalan Kabupaten", "Propinsi": "Bali", "Kab_Kot": "Badung", "risk_prediction": 1, "Satwil": "Polda Bali" }, "geometry": { "type": "LineString", "coordinates": [ [ 115.1714, -8.724679 ], [ 115.171529, -8.724677 ], [ 115.172307, -8.724639 ], [ 115.172457, -8.724631 ], [ 115.172779, -8.72462 ], [ 115.173419, -8.724599 ], [ 115.174213, -8.724561 ] ] } },
{ "type": "Feature", "properties": { "Nm_Ruas": "Jl. Pasar Seni - Raya Kuta", "Status": "Jalan Kabupaten", "Propinsi": "Bali", "Kab_Kot": "Badung", "risk_prediction": 1, "Satwil": "Polda Bali" }, "geometry": { "type": "LineString", "coordinates": [ [ 115.171319, -8.723477 ], [ 115.171279, -8.723772 ], [ 115.17125, -8.724123 ], [ 115.171249, -8.72422 ], [ 115.171259, -8.724266 ], [ 115.17127, -8.724292 ], [ 115.171338, -8.724347 ], [ 115.171376, -8.724379 ] ] } },
{ "type": "Feature", "properties": { "Nm_Ruas": "Jl. Pasar Seni - Raya Kuta", "Status": "Jalan Kabupaten", "Propinsi": "Bali", "Kab_Kot": "Badung", "risk_prediction": 1, "Satwil": "Polda Bali" }, "geometry": { "type": "LineString", "coordinates": [ [ 115.171354, -8.722558 ], [ 115.17135, -8.722761 ], [ 115.171346, -8.723178 ], [ 115.17132, -8.723462 ] ] } },
{ "type": "Feature", "properties": { "Nm_Ruas": "Jl. Pasir Kaliki", "Status": "Jalan Kota", "Propinsi": "Jawa Barat", "Kab_Kot": "Kota Bandung", "risk_prediction": 1, "Satwil": "Polrestabes Bandung" }, "geometry": { "type": "LineString", "coordinates": [ [ 107.598048, -6.913391 ], [ 107.598028, -6.913362 ], [ 107.59802, -6.91333 ], [ 107.598015, -6.913261 ], [ 107.598014, -6.913239 ], [ 107.598012, -6.913154 ], [ 107.597998, -6.912905 ], [ 107.597981, -6.912649 ], [ 107.597957, -6.912363 ], [ 107.597957, -6.912335 ] ] } },
{ "type": "Feature", "properties": { "Nm_Ruas": "Jl. Pasir Kaliki", "Status": "Jalan Kota", "Propinsi": "Jawa Barat", "Kab_Kot": "Kota Bandung", "risk_prediction": 1, "Satwil": "Polrestabes Bandung" }, "geometry": { "type": "LineString", "coordinates": [ [ 107.598253, -6.912368 ], [ 107.598171, -6.912389 ], [ 107.598101, -6.912434 ], [ 107.598068, -6.912464 ], [ 107.598042, -6.912494 ], [ 107.598023, -6.912531 ], [ 107.598019, -6.912576 ], [ 107.598025, -6.912679 ], [ 107.598037, -6.912852 ], [ 107.59804, -6.912903 ], [ 107.598054, -6.913142 ], [ 107.598059, -6.91323 ], [ 107.59806, -6.913251 ], [ 107.598064, -6.913308 ], [ 107.598065, -6.913333 ], [ 107.598062, -6.913356 ], [ 107.598055, -6.913374 ], [ 107.598048, -6.913391 ] ] } },
{ "type": "Feature", "properties": { "Nm_Ruas": "Jl. Pasir Kaliki", "Status": "Jalan Kota", "Propinsi": "Jawa Barat", "Kab_Kot": "Kota Bandung", "risk_prediction": 1, "Satwil": "Polrestabes Bandung" }, "geometry": { "type": "LineString", "coordinates": [ [ 107.598048, -6.913391 ], [ 107.598058, -6.913452 ], [ 107.598096, -6.913839 ], [ 107.598113, -6.914011 ], [ 107.598119, -6.914077 ], [ 107.598119, -6.914146 ], [ 107.598103, -6.914511 ], [ 107.598102, -6.914545 ] ] } },
{ "type": "Feature", "properties": { "Nm_Ruas": "Jl. Pasir Kaliki", "Status": "Jalan Kota", "Propinsi": "Jawa Barat", "Kab_Kot": "Kota Bandung", "risk_prediction": 1, "Satwil": "Polrestabes Bandung" }, "geometry": { "type": "LineString", "coordinates": [ [ 107.598051, -6.916329 ], [ 107.598109, -6.916307 ], [ 107.598138, -6.916282 ], [ 107.598155, -6.91625 ], [ 107.598171, -6.916198 ] ] } },
{ "type": "Feature", "properties": { "Nm_Ruas": "Jl. Pasir Kaliki", "Status": "Jalan Kota", "Propinsi": "Jawa Barat", "Kab_Kot": "Kota Bandung", "risk_prediction": 1, "Satwil": "Polrestabes Bandung" }, "geometry": { "type": "LineString", "coordinates": [ [ 107.598171, -6.916198 ], [ 107.598166, -6.916136 ], [ 107.598138, -6.915696 ], [ 107.598124, -6.915562 ], [ 107.598098, -6.915321 ], [ 107.598095, -6.915295 ], [ 107.598089, -6.915251 ], [ 107.598075, -6.915106 ], [ 107.59807, -6.914941 ], [ 107.598083, -6.914612 ], [ 107.598102, -6.914545 ] ] } },
{ "type": "Feature", "properties": { "Nm_Ruas": "Jl. Pasir Kaliki", "Status": "Jalan Kota", "Propinsi": "Jawa Barat", "Kab_Kot": "Kota Bandung", "risk_prediction": 1, "Satwil": "Polrestabes Bandung" }, "geometry": { "type": "LineString", "coordinates": [ [ 107.598102, -6.914545 ], [ 107.598124, -6.914596 ], [ 107.598125, -6.914629 ], [ 107.598119, -6.914743 ], [ 107.598117, -6.914778 ], [ 107.598115, -6.914842 ], [ 107.598114, -6.914937 ], [ 107.598122, -6.915107 ], [ 107.598138, -6.915249 ], [ 107.598149, -6.915316 ], [ 107.598164, -6.915443 ], [ 107.598194, -6.915687 ], [ 107.598228, -6.916134 ], [ 107.598235, -6.916193 ] ] } },
{ "type": "Feature", "properties": { "Nm_Ruas": "Jl. Pasir Kaliki", "Status": "Jalan Kota", "Propinsi": "Jawa Barat", "Kab_Kot": "Kota Bandung", "risk_prediction": 1, "Satwil": "Polrestabes Bandung" }, "geometry": { "type": "LineString", "coordinates": [ [ 107.59818, -6.916324 ], [ 107.598171, -6.916198 ] ] } },
{ "type": "Feature", "properties": { "Nm_Ruas": "Jl. Pasir Kaliki", "Status": "Jalan Nasional", "Propinsi": "Jawa Barat", "Kab_Kot": "Kota Bandung", "risk_prediction": 1, "Satwil": "Polrestabes Bandung" }, "geometry": { "type": "LineString", "coordinates": [ [ 107.59757, -6.905395 ], [ 107.597569, -6.905362 ], [ 107.597565, -6.905298 ], [ 107.597564, -6.905279 ], [ 107.597556, -6.90501 ], [ 107.597554, -6.904933 ], [ 107.597545, -6.904529 ], [ 107.597544, -6.90449 ], [ 107.597541, -6.904301 ], [ 107.597534, -6.903992 ], [ 107.597515, -6.903585 ] ] } },
{ "type": "Feature", "properties": { "Nm_Ruas": "Jl. Pasir Kaliki", "Status": "Jalan Nasional", "Propinsi": "Jawa Barat", "Kab_Kot": "Kota Bandung", "risk_prediction": 1, "Satwil": "Polrestabes Bandung" }, "geometry": { "type": "LineString", "coordinates": [ [ 107.597533, -6.906453 ], [ 107.597543, -6.906405 ], [ 107.59755, -6.906378 ], [ 107.597557, -6.906338 ], [ 107.597562, -6.906303 ], [ 107.59755, -6.905821 ], [ 107.597541, -6.905551 ], [ 107.597539, -6.905508 ], [ 107.597547, -6.905451 ], [ 107.59757, -6.905395 ] ] } },
{ "type": "Feature", "properties": { "Nm_Ruas": "Jl. Pasir Kaliki", "Status": "Jalan Nasional", "Propinsi": "Jawa Barat", "Kab_Kot": "Kota Bandung", "risk_prediction": 1, "Satwil": "Polrestabes Bandung" }, "geometry": { "type": "LineString", "coordinates": [ [ 107.59757, -6.905395 ], [ 107.597601, -6.905449 ], [ 107.59761, -6.905501 ], [ 107.597612, -6.905551 ], [ 107.597618, -6.905836 ], [ 107.597635, -6.906221 ], [ 107.597636, -6.906292 ] ] } },
{ "type": "Feature", "properties": { "Nm_Ruas": "Jl. Pasir Kaliki", "Status": "Jalan Provinsi", "Propinsi": "Jawa Barat", "Kab_Kot": "Kota Bandung", "risk_prediction": 1, "Satwil": "Polrestabes Bandung" }, "geometry": { "type": "LineString", "coordinates": [ [ 107.597365, -6.900393 ], [ 107.597363, -6.900342 ], [ 107.59736, -6.900273 ], [ 107.597357, -6.900208 ], [ 107.597352, -6.900111 ], [ 107.597345, -6.899921 ], [ 107.597341, -6.899829 ], [ 107.597329, -6.899499 ], [ 107.59733, -6.899488 ] ] } },
{ "type": "Feature", "properties": { "Nm_Ruas": "Jl. Pasir Kaliki", "Status": "Jalan Provinsi", "Propinsi": "Jawa Barat", "Kab_Kot": "Kota Bandung", "risk_prediction": 1, "Satwil": "Polrestabes Bandung" }, "geometry": { "type": "LineString", "coordinates": [ [ 107.597447, -6.90039 ], [ 107.597445, -6.900342 ], [ 107.597441, -6.900272 ], [ 107.597438, -6.900209 ], [ 107.597411, -6.899484 ] ] } },
{ "type": "Feature", "properties": { "Nm_Ruas": "Jl. Pasir Kaliki", "Status": "Jalan Provinsi", "Propinsi": "Jawa Barat", "Kab_Kot": "Kota Bandung", "risk_prediction": 1, "Satwil": "Polrestabes Bandung" }, "geometry": { "type": "LineString", "coordinates": [ [ 107.597622, -6.907352 ], [ 107.597591, -6.907251 ], [ 107.597581, -6.907168 ], [ 107.597532, -6.906572 ], [ 107.597533, -6.906453 ] ] } },
{ "type": "Feature", "properties": { "Nm_Ruas": "Jl. Pasir Kaliki", "Status": "Jalan Provinsi", "Propinsi": "Jawa Barat", "Kab_Kot": "Kota Bandung", "risk_prediction": 1, "Satwil": "Polrestabes Bandung" }, "geometry": { "type": "LineString", "coordinates": [ [ 107.597957, -6.912335 ], [ 107.597958, -6.912322 ], [ 107.597963, -6.912265 ], [ 107.597938, -6.911784 ], [ 107.597931, -6.911621 ], [ 107.59792, -6.911431 ] ] } },
{ "type": "Feature", "properties": { "Nm_Ruas": "Jl. Pasir Koja", "Status": "Jalan Kota", "Propinsi": "Jawa Barat", "Kab_Kot": "Kota Bandung", "risk_prediction": 1, "Satwil": "Polrestabes Bandung" }, "geometry": { "type": "LineString", "coordinates": [ [ 107.602791, -6.927123 ], [ 107.603017, -6.927142 ], [ 107.603569, -6.927189 ], [ 107.603692, -6.927199 ] ] } },
{ "type": "Feature", "properties": { "Nm_Ruas": "Jl. Pasirluyu Barat", "Status": "Jalan Kota", "Propinsi": "Jawa Barat", "Kab_Kot": "Kota Bandung", "risk_prediction": 1, "Satwil": "Polrestabes Bandung" }, "geometry": { "type": "LineString", "coordinates": [ [ 107.616095, -6.938018 ], [ 107.616092, -6.938061 ], [ 107.616066, -6.938519 ], [ 107.616066, -6.938568 ], [ 107.616059, -6.938921 ] ] } },
{ "type": "Feature", "properties": { "Nm_Ruas": "Jl. Pasirluyu Selatan", "Status": "Jalan Kota", "Propinsi": "Jawa Barat", "Kab_Kot": "Kota Bandung", "risk_prediction": 1, "Satwil": "Polrestabes Bandung" }, "geometry": { "type": "LineString", "coordinates": [ [ 107.621453, -6.949157 ], [ 107.621404, -6.94845 ], [ 107.621414, -6.948364 ] ] } },
{ "type": "Feature", "properties": { "Nm_Ruas": "Jl. Pasirluyu Timur", "Status": "Jalan Kota", "Propinsi": "Jawa Barat", "Kab_Kot": "Kota Bandung", "risk_prediction": 1, "Satwil": "Polrestabes Bandung" }, "geometry": { "type": "LineString", "coordinates": [ [ 107.616238, -6.938026 ], [ 107.616235, -6.938065 ], [ 107.616224, -6.938569 ], [ 107.616216, -6.938929 ] ] } },
{ "type": "Feature", "properties": { "Nm_Ruas": "Jl. Pasteur", "Status": "Jalan Nasional", "Propinsi": "Jawa Barat", "Kab_Kot": "Kota Bandung", "risk_prediction": 1, "Satwil": "Polrestabes Bandung" }, "geometry": { "type": "LineString", "coordinates": [ [ 107.598262, -6.900211 ], [ 107.59857, -6.900207 ], [ 107.598845, -6.900209 ], [ 107.598897, -6.90021 ], [ 107.599138, -6.900205 ], [ 107.599168, -6.900204 ], [ 107.5993, -6.900202 ], [ 107.599455, -6.9002 ], [ 107.599805, -6.900195 ], [ 107.600365, -6.900192 ], [ 107.600804, -6.900206 ], [ 107.601066, -6.900205 ], [ 107.601371, -6.900205 ], [ 107.602101, -6.900203 ], [ 107.602156, -6.900204 ], [ 107.60221, -6.900203 ], [ 107.602275, -6.900203 ], [ 107.602277, -6.900203 ], [ 107.602727, -6.900205 ], [ 107.602752, -6.900205 ], [ 107.60298, -6.900209 ], [ 107.603107, -6.900211 ], [ 107.603181, -6.900212 ], [ 107.603279, -6.900214 ], [ 107.603521, -6.900218 ], [ 107.603864, -6.900211 ], [ 107.603981, -6.900198 ], [ 107.604045, -6.900187 ], [ 107.604063, -6.900182 ], [ 107.604106, -6.900169 ], [ 107.604177, -6.900145 ], [ 107.60418, -6.900144 ], [ 107.604265, -6.900123 ], [ 107.604323, -6.900108 ], [ 107.604717, -6.899967 ], [ 107.605021, -6.899823 ] ] } },
{ "type": "Feature", "properties": { "Nm_Ruas": "Jl. Pecatu - Labuan Sait", "Status": "Jalan Kabupaten", "Propinsi": "Bali", "Kab_Kot": "Badung", "risk_prediction": 1, "Satwil": "Polda Bali" }, "geometry": { "type": "LineString", "coordinates": [ [ 115.104758, -8.811639 ], [ 115.104831, -8.811633 ], [ 115.104928, -8.811641 ], [ 115.105235, -8.8117 ], [ 115.105581, -8.811799 ], [ 115.105644, -8.811819 ], [ 115.105648, -8.811821 ], [ 115.105733, -8.811848 ], [ 115.105895, -8.811918 ], [ 115.105986, -8.81196 ], [ 115.106142, -8.812089 ], [ 115.10641, -8.812328 ], [ 115.106474, -8.812374 ], [ 115.106532, -8.812408 ], [ 115.10661, -8.812451 ], [ 115.106746, -8.812509 ], [ 115.107072, -8.812649 ], [ 115.107223, -8.812718 ], [ 115.107354, -8.812761 ], [ 115.107637, -8.812842 ], [ 115.107759, -8.812876 ], [ 115.107845, -8.812913 ], [ 115.108184, -8.813083 ], [ 115.108407, -8.813201 ], [ 115.108517, -8.813259 ], [ 115.108803, -8.813423 ], [ 115.108953, -8.8135 ], [ 115.109152, -8.813571 ], [ 115.109389, -8.813618 ], [ 115.109562, -8.813649 ], [ 115.109738, -8.813685 ], [ 115.109776, -8.813693 ], [ 115.109894, -8.813732 ], [ 115.110027, -8.81379 ], [ 115.110076, -8.813805 ], [ 115.110201, -8.813828 ], [ 115.110308, -8.813848 ], [ 115.110464, -8.813866 ], [ 115.110481, -8.813865 ], [ 115.110607, -8.813837 ], [ 115.110674, -8.813809 ], [ 115.110772, -8.813793 ], [ 115.110892, -8.813799 ], [ 115.111077, -8.813819 ], [ 115.111335, -8.813851 ], [ 115.111497, -8.813882 ], [ 115.111624, -8.813921 ], [ 115.111778, -8.813978 ], [ 115.112024, -8.814042 ], [ 115.112188, -8.8141 ], [ 115.112241, -8.814156 ], [ 115.112254, -8.814209 ], [ 115.112238, -8.8144 ], [ 115.112196, -8.814667 ], [ 115.112167, -8.814822 ], [ 115.112129, -8.814949 ], [ 115.112104, -8.815027 ], [ 115.112068, -8.815176 ], [ 115.112057, -8.815254 ], [ 115.112054, -8.815289 ], [ 115.112051, -8.815387 ], [ 115.112059, -8.815459 ], [ 115.112067, -8.815531 ], [ 115.112095, -8.815685 ], [ 115.112119, -8.81577 ], [ 115.112135, -8.815847 ], [ 115.112185, -8.816034 ], [ 115.112195, -8.816058 ] ] } },
{ "type": "Feature", "properties": { "Nm_Ruas": "Jl. Pecatu - Labuan Sait", "Status": "Jalan Kabupaten", "Propinsi": "Bali", "Kab_Kot": "Badung", "risk_prediction": 1, "Satwil": "Polda Bali" }, "geometry": { "type": "LineString", "coordinates": [ [ 115.125636, -8.831308 ], [ 115.125639, -8.831333 ], [ 115.125673, -8.831377 ], [ 115.125741, -8.831399 ], [ 115.125815, -8.831408 ], [ 115.125945, -8.831415 ], [ 115.12604, -8.831435 ], [ 115.126081, -8.831446 ], [ 115.126256, -8.831512 ], [ 115.126365, -8.831561 ], [ 115.126467, -8.83159 ], [ 115.126485, -8.831595 ], [ 115.126497, -8.831598 ] ] } },
{ "type": "Feature", "properties": { "Nm_Ruas": "Jl. Pecatu - Wanagiri", "Status": "Jalan Kabupaten", "Propinsi": "Bali", "Kab_Kot": "Badung", "risk_prediction": 1, "Satwil": "Polda Bali" }, "geometry": { "type": "LineString", "coordinates": [ [ 115.142979, -8.824118 ], [ 115.142592, -8.824028 ], [ 115.142577, -8.824024 ], [ 115.142526, -8.824007 ], [ 115.142385, -8.823933 ], [ 115.142175, -8.82377 ], [ 115.142161, -8.82376 ], [ 115.142149, -8.823751 ] ] } },
{ "type": "Feature", "properties": { "Nm_Ruas": "Jl. Pekutatan - Antosari", "Status": "Jalan Nasional", "Propinsi": "Bali", "Kab_Kot": "Tabanan", "risk_prediction": 1, "Satwil": "Polda Bali" }, "geometry": { "type": "LineString", "coordinates": [ [ 115.009991, -8.521986 ], [ 115.009888, -8.522143 ], [ 115.009822, -8.522235 ], [ 115.009654, -8.522443 ], [ 115.009418, -8.5227 ], [ 115.009244, -8.522863 ], [ 115.00884, -8.52324 ], [ 115.00866, -8.52341 ], [ 115.008592, -8.523487 ], [ 115.00858, -8.5235 ], [ 115.00851, -8.5236 ], [ 115.0084, -8.52383 ], [ 115.008363, -8.523981 ], [ 115.00834, -8.52412 ], [ 115.008301, -8.524328 ], [ 115.00829, -8.5244 ], [ 115.00822, -8.52462 ], [ 115.00812, -8.52479 ], [ 115.008065, -8.524876 ], [ 115.00796, -8.524996 ], [ 115.007881, -8.525078 ], [ 115.00771, -8.52523 ], [ 115.007534, -8.52534 ], [ 115.00737, -8.52542 ], [ 115.007287, -8.525455 ], [ 115.007191, -8.525495 ], [ 115.007079, -8.525539 ], [ 115.00646, -8.52572 ], [ 115.00638, -8.52575 ], [ 115.006282, -8.52579 ], [ 115.006225, -8.525829 ], [ 115.0061, -8.52592 ], [ 115.005815, -8.52617 ], [ 115.005693, -8.526297 ], [ 115.005612, -8.526388 ], [ 115.005486, -8.526557 ], [ 115.005368, -8.526723 ], [ 115.005205, -8.526951 ], [ 115.005105, -8.527077 ], [ 115.005042, -8.527135 ], [ 115.00489, -8.52726 ], [ 115.004308, -8.527719 ], [ 115.00408, -8.52791 ], [ 115.00396, -8.528 ], [ 115.003832, -8.528082 ], [ 115.003739, -8.528119 ], [ 115.003733, -8.52812 ], [ 115.003647, -8.528129 ], [ 115.003569, -8.528112 ], [ 115.003509, -8.528095 ], [ 115.003431, -8.528047 ], [ 115.00331, -8.52795 ], [ 115.00323, -8.52788 ], [ 115.00318, -8.52785 ], [ 115.00313, -8.52782 ], [ 115.00302, -8.52778 ], [ 115.002866, -8.52777 ], [ 115.002733, -8.527771 ], [ 115.001693, -8.527775 ], [ 115.001459, -8.527785 ], [ 115.00137, -8.5278 ], [ 115.00118, -8.52786 ], [ 115.000958, -8.527965 ], [ 115.00063, -8.52812 ], [ 115.00015, -8.52837 ], [ 114.999979, -8.528451 ], [ 114.999851, -8.528492 ], [ 114.999773, -8.528508 ], [ 114.999702, -8.528512 ], [ 114.999614, -8.528492 ], [ 114.999529, -8.528462 ], [ 114.999462, -8.528428 ] ] } },
{ "type": "Feature", "properties": { "Nm_Ruas": "Jl. Pelajar Pejuang 45", "Status": "Jalan Provinsi", "Propinsi": "Jawa Barat", "Kab_Kot": "Kota Bandung", "risk_prediction": 1, "Satwil": "Polrestabes Bandung" }, "geometry": { "type": "LineString", "coordinates": [ [ 107.622688, -6.936925 ], [ 107.622723, -6.936898 ], [ 107.622754, -6.936877 ], [ 107.622927, -6.936751 ], [ 107.623105, -6.936587 ], [ 107.623371, -6.936333 ], [ 107.623401, -6.936305 ], [ 107.623595, -6.936119 ], [ 107.623866, -6.935839 ], [ 107.624137, -6.935569 ], [ 107.624189, -6.935517 ], [ 107.624777, -6.934931 ], [ 107.624779, -6.934929 ], [ 107.624986, -6.934678 ], [ 107.625042, -6.934608 ], [ 107.625184, -6.934338 ], [ 107.625198, -6.934304 ], [ 107.625245, -6.934163 ], [ 107.625247, -6.934159 ], [ 107.625268, -6.934096 ], [ 107.625432, -6.933505 ], [ 107.625442, -6.933462 ], [ 107.625626, -6.932684 ], [ 107.625633, -6.93266 ], [ 107.625653, -6.932582 ], [ 107.625672, -6.932509 ], [ 107.625695, -6.932417 ], [ 107.625728, -6.932285 ], [ 107.625791, -6.932033 ], [ 107.625853, -6.931787 ], [ 107.625874, -6.931703 ] ] } },
{ "type": "Feature", "properties": { "Nm_Ruas": "Jl. Pelajar Pejuang 45", "Status": "Jalan Provinsi", "Propinsi": "Jawa Barat", "Kab_Kot": "Kota Bandung", "risk_prediction": 1, "Satwil": "Polrestabes Bandung" }, "geometry": { "type": "LineString", "coordinates": [ [ 107.626738, -6.928647 ], [ 107.626534, -6.929449 ], [ 107.626526, -6.92948 ], [ 107.626515, -6.929523 ], [ 107.626515, -6.929525 ], [ 107.626505, -6.929565 ], [ 107.626296, -6.9304 ], [ 107.626179, -6.930864 ], [ 107.626152, -6.930975 ], [ 107.626005, -6.931568 ], [ 107.625828, -6.932286 ], [ 107.625821, -6.932312 ], [ 107.625787, -6.932447 ], [ 107.625768, -6.932523 ], [ 107.625745, -6.932611 ], [ 107.625725, -6.93269 ], [ 107.625683, -6.932856 ], [ 107.625577, -6.933328 ], [ 107.625565, -6.933378 ], [ 107.625538, -6.933491 ], [ 107.625529, -6.933531 ], [ 107.625467, -6.933761 ], [ 107.6254, -6.933993 ], [ 107.625366, -6.934112 ], [ 107.625332, -6.934218 ], [ 107.625313, -6.934278 ], [ 107.625289, -6.934335 ], [ 107.625257, -6.934415 ], [ 107.625225, -6.934487 ], [ 107.62518, -6.934575 ], [ 107.625123, -6.934668 ], [ 107.625054, -6.934768 ], [ 107.624872, -6.934989 ], [ 107.62486, -6.935002 ], [ 107.624639, -6.935218 ], [ 107.624244, -6.935606 ], [ 107.624225, -6.935623 ], [ 107.624212, -6.935636 ], [ 107.624053, -6.935791 ], [ 107.623777, -6.93605 ], [ 107.623721, -6.936105 ], [ 107.623648, -6.936179 ], [ 107.623582, -6.936237 ], [ 107.623509, -6.936309 ], [ 107.623456, -6.936362 ], [ 107.62318, -6.93664 ], [ 107.622977, -6.936817 ], [ 107.622838, -6.936921 ], [ 107.622809, -6.936944 ], [ 107.622784, -6.936965 ], [ 107.622783, -6.936966 ], [ 107.622746, -6.936995 ] ] } },
{ "type": "Feature", "properties": { "Nm_Ruas": "Jl. Peliatan Dalem Puri", "Status": "Jalan Kabupaten", "Propinsi": "Bali", "Kab_Kot": "Gianyar", "risk_prediction": 1, "Satwil": "Polda Bali" }, "geometry": { "type": "LineString", "coordinates": [ [ 115.269068, -8.509044 ], [ 115.269069, -8.509057 ], [ 115.269085, -8.509253 ], [ 115.269077, -8.509369 ], [ 115.269063, -8.50949 ], [ 115.26904, -8.509591 ], [ 115.269017, -8.509717 ], [ 115.268993, -8.50985 ], [ 115.268966, -8.509983 ], [ 115.268945, -8.510085 ], [ 115.268921, -8.510186 ], [ 115.268905, -8.51028 ], [ 115.268878, -8.51038 ], [ 115.268852, -8.510479 ], [ 115.268824, -8.510581 ], [ 115.268798, -8.510678 ], [ 115.268771, -8.510764 ], [ 115.268739, -8.510876 ], [ 115.268713, -8.510966 ], [ 115.268678, -8.511048 ], [ 115.268642, -8.511171 ], [ 115.268604, -8.511296 ], [ 115.268556, -8.511423 ], [ 115.268505, -8.511544 ], [ 115.268471, -8.511635 ], [ 115.268437, -8.511753 ], [ 115.268392, -8.511881 ], [ 115.268352, -8.512011 ], [ 115.268313, -8.512144 ], [ 115.268288, -8.512237 ], [ 115.268262, -8.51233 ], [ 115.268241, -8.512413 ], [ 115.268212, -8.5125 ], [ 115.268181, -8.512588 ], [ 115.268146, -8.512682 ], [ 115.268115, -8.512781 ], [ 115.268088, -8.512883 ], [ 115.268059, -8.512977 ], [ 115.268028, -8.513063 ], [ 115.267988, -8.513163 ], [ 115.267944, -8.513283 ], [ 115.267913, -8.513383 ], [ 115.267904, -8.513414 ] ] } },
{ "type": "Feature", "properties": { "Nm_Ruas": "Jl. Pelindung Hewan", "Status": "Jalan Kota", "Propinsi": "Jawa Barat", "Kab_Kot": "Kota Bandung", "risk_prediction": 1, "Satwil": "Polrestabes Bandung" }, "geometry": { "type": "LineString", "coordinates": [ [ 107.603069, -6.937337 ], [ 107.603025, -6.937425 ], [ 107.603019, -6.937435 ], [ 107.603017, -6.937426 ], [ 107.602995, -6.937329 ] ] } },
{ "type": "Feature", "properties": { "Nm_Ruas": "Jl. Pemamoran", "Status": "Jalan Kota", "Propinsi": "Bali", "Kab_Kot": "Kota Denpasar", "risk_prediction": 1, "Satwil": "Polda Bali" }, "geometry": { "type": "LineString", "coordinates": [ [ 115.258061, -8.680019 ], [ 115.258243, -8.680015 ], [ 115.258581, -8.679984 ], [ 115.258917, -8.679941 ], [ 115.258965, -8.679935 ] ] } },
{ "type": "Feature", "properties": { "Nm_Ruas": "Jl. Pemuda", "Status": "Jalan Kota", "Propinsi": "Bali", "Kab_Kot": "Kota Denpasar", "risk_prediction": 1, "Satwil": "Polda Bali" }, "geometry": { "type": "LineString", "coordinates": [ [ 115.238335, -8.673551 ], [ 115.238335, -8.673367 ], [ 115.238335, -8.67334 ], [ 115.238342, -8.67322 ] ] } },
{ "type": "Feature", "properties": { "Nm_Ruas": "Jl. Pendawa", "Status": "Jalan Kota", "Propinsi": "Jawa Barat", "Kab_Kot": "Kota Bandung", "risk_prediction": 1, "Satwil": "Polrestabes Bandung" }, "geometry": { "type": "LineString", "coordinates": [ [ 107.592631, -6.90759 ], [ 107.592193, -6.907238 ], [ 107.592133, -6.907192 ], [ 107.592098, -6.90716 ], [ 107.59207, -6.907149 ] ] } },
{ "type": "Feature", "properties": { "Nm_Ruas": "Jl. Pengosekan Tebongkang", "Status": "Jalan Kabupaten", "Propinsi": "Bali", "Kab_Kot": "Gianyar", "risk_prediction": 1, "Satwil": "Polda Bali" }, "geometry": { "type": "LineString", "coordinates": [ [ 115.243532, -8.52752 ], [ 115.243635, -8.527535 ], [ 115.243727, -8.527545 ], [ 115.243821, -8.527535 ], [ 115.243927, -8.527525 ], [ 115.244042, -8.527525 ], [ 115.244198, -8.527521 ], [ 115.2443, -8.527516 ], [ 115.244409, -8.527514 ], [ 115.244438, -8.527514 ] ] } },
{ "type": "Feature", "properties": { "Nm_Ruas": "Jl. Pengubengan Kauh - Kesambi", "Status": "Jalan Kabupaten", "Propinsi": "Bali", "Kab_Kot": "Badung", "risk_prediction": 1, "Satwil": "Polda Bali" }, "geometry": { "type": "LineString", "coordinates": [ [ 115.173104, -8.656217 ], [ 115.173059, -8.656251 ], [ 115.173002, -8.656291 ], [ 115.172963, -8.656346 ], [ 115.172953, -8.656388 ], [ 115.172941, -8.656718 ], [ 115.172945, -8.656812 ], [ 115.172963, -8.657029 ], [ 115.172966, -8.657059 ], [ 115.172969, -8.65711 ], [ 115.172976, -8.657216 ], [ 115.172969, -8.657378 ], [ 115.172948, -8.657519 ], [ 115.172899, -8.657752 ], [ 115.17285, -8.658003 ], [ 115.172809, -8.658209 ], [ 115.172778, -8.658442 ], [ 115.172745, -8.658659 ], [ 115.17272, -8.658864 ], [ 115.172702, -8.659069 ], [ 115.172687, -8.659183 ], [ 115.172644, -8.659361 ], [ 115.172586, -8.659566 ], [ 115.172541, -8.659754 ], [ 115.172505, -8.659971 ], [ 115.172453, -8.660239 ], [ 115.17244, -8.660371 ], [ 115.172424, -8.660521 ], [ 115.172426, -8.66073 ], [ 115.172426, -8.660948 ], [ 115.172417, -8.661089 ], [ 115.172399, -8.661232 ], [ 115.172364, -8.661364 ], [ 115.172343, -8.661466 ], [ 115.17231, -8.661592 ] ] } },
{ "type": "Feature", "properties": { "Nm_Ruas": "Jl. Perintis Kemerdekaan", "Status": "Jalan Kota", "Propinsi": "Jawa Barat", "Kab_Kot": "Kota Bandung", "risk_prediction": 1, "Satwil": "Polrestabes Bandung" }, "geometry": { "type": "LineString", "coordinates": [ [ 107.610342, -6.913613 ], [ 107.610013, -6.913915 ], [ 107.609986, -6.913928 ], [ 107.609949, -6.913938 ], [ 107.609899, -6.91394 ], [ 107.609817, -6.913931 ], [ 107.60956, -6.913902 ] ] } },
{ "type": "Feature", "properties": { "Nm_Ruas": "Jl. Peta", "Status": "Jalan Provinsi", "Propinsi": "Jawa Barat", "Kab_Kot": "Kota Bandung", "risk_prediction": 1, "Satwil": "Polrestabes Bandung" }, "geometry": { "type": "LineString", "coordinates": [ [ 107.594269, -6.936485 ], [ 107.594833, -6.936845 ], [ 107.594972, -6.936916 ], [ 107.595042, -6.936952 ], [ 107.595043, -6.936952 ], [ 107.595108, -6.93698 ], [ 107.595291, -6.937055 ], [ 107.59557, -6.937185 ], [ 107.595652, -6.937227 ], [ 107.595783, -6.937293 ], [ 107.595862, -6.937334 ], [ 107.596005, -6.937408 ], [ 107.596201, -6.937483 ], [ 107.596358, -6.937544 ], [ 107.596581, -6.937605 ], [ 107.596772, -6.937636 ], [ 107.597027, -6.937676 ], [ 107.597081, -6.937684 ], [ 107.597083, -6.937684 ], [ 107.597167, -6.937696 ], [ 107.597571, -6.93772 ], [ 107.597985, -6.937707 ], [ 107.598016, -6.937707 ], [ 107.598071, -6.9377 ], [ 107.598484, -6.937651 ], [ 107.59934, -6.93749 ], [ 107.599356, -6.937487 ], [ 107.599445, -6.937472 ], [ 107.599464, -6.93747 ], [ 107.600198, -6.937325 ], [ 107.600513, -6.937264 ], [ 107.600967, -6.937187 ], [ 107.601244, -6.937157 ], [ 107.601513, -6.937142 ], [ 107.601986, -6.937149 ], [ 107.602033, -6.937153 ], [ 107.602099, -6.937159 ], [ 107.602306, -6.937177 ], [ 107.602512, -6.937194 ], [ 107.602867, -6.937227 ], [ 107.60289, -6.937228 ], [ 107.603, -6.937238 ] ] } },
{ "type": "Feature", "properties": { "Nm_Ruas": "Jl. Peta", "Status": "Jalan Provinsi", "Propinsi": "Jawa Barat", "Kab_Kot": "Kota Bandung", "risk_prediction": 1, "Satwil": "Polrestabes Bandung" }, "geometry": { "type": "LineString", "coordinates": [ [ 107.602995, -6.937329 ], [ 107.602885, -6.937319 ], [ 107.602852, -6.937315 ], [ 107.602177, -6.937255 ], [ 107.602095, -6.937248 ], [ 107.602016, -6.937241 ], [ 107.601915, -6.937239 ], [ 107.601703, -6.93723 ], [ 107.60147, -6.937233 ], [ 107.601024, -6.937274 ], [ 107.600013, -6.937456 ], [ 107.599992, -6.93746 ], [ 107.59983, -6.937491 ], [ 107.599473, -6.937562 ], [ 107.599371, -6.93758 ], [ 107.598888, -6.937681 ], [ 107.598443, -6.937756 ], [ 107.598342, -6.93777 ], [ 107.598089, -6.937805 ], [ 107.598065, -6.937806 ], [ 107.59783, -6.937817 ], [ 107.597583, -6.937826 ], [ 107.597238, -6.937811 ], [ 107.59716, -6.937803 ], [ 107.597138, -6.937801 ], [ 107.597055, -6.937792 ], [ 107.597008, -6.937785 ], [ 107.596681, -6.937732 ], [ 107.596331, -6.937649 ], [ 107.596273, -6.937628 ] ] } },
{ "type": "Feature", "properties": { "Nm_Ruas": "Jl. Pipitan - Br.tengah", "Status": "Jalan Kabupaten", "Propinsi": "Bali", "Kab_Kot": "Badung", "risk_prediction": 1, "Satwil": "Polda Bali" }, "geometry": { "type": "LineString", "coordinates": [ [ 115.147616, -8.636005 ], [ 115.147414, -8.636311 ], [ 115.147102, -8.63675 ] ] } },
{ "type": "Feature", "properties": { "Nm_Ruas": "Jl. Ponjok - Jurangbatu", "Status": "Jalan Kabupaten", "Propinsi": "Bali", "Kab_Kot": "Klungkung", "risk_prediction": 1, "Satwil": "Polda Bali" }, "geometry": { "type": "LineString", "coordinates": [ [ 115.583423, -8.701566 ], [ 115.583474, -8.701706 ], [ 115.583608, -8.701883 ], [ 115.583659, -8.702419 ], [ 115.58366, -8.702438 ], [ 115.583744, -8.703331 ], [ 115.583804, -8.70395 ], [ 115.583987, -8.704838 ], [ 115.584145, -8.705294 ], [ 115.58458, -8.705665 ], [ 115.584654, -8.705749 ], [ 115.58473, -8.705837 ], [ 115.58479, -8.705911 ], [ 115.5849, -8.706082 ], [ 115.585083, -8.706237 ], [ 115.585222, -8.706347 ], [ 115.585314, -8.706427 ], [ 115.585338, -8.706448 ], [ 115.585416, -8.706514 ], [ 115.585463, -8.706566 ], [ 115.585541, -8.706648 ], [ 115.585642, -8.706755 ], [ 115.585837, -8.706929 ], [ 115.585843, -8.706939 ], [ 115.586158, -8.707404 ], [ 115.586522, -8.707951 ], [ 115.58665, -8.708087 ], [ 115.587002, -8.708519 ], [ 115.587346, -8.709157 ], [ 115.587632, -8.709687 ], [ 115.587874, -8.710146 ] ] } },
{ "type": "Feature", "properties": { "Nm_Ruas": "Jl. Ponjok - Jurangbatu", "Status": "Jalan Kabupaten", "Propinsi": "Bali", "Kab_Kot": "Klungkung", "risk_prediction": 1, "Satwil": "Polda Bali" }, "geometry": { "type": "LineString", "coordinates": [ [ 115.590581, -8.713743 ], [ 115.590814, -8.714012 ], [ 115.590817, -8.714015 ], [ 115.591181, -8.714434 ], [ 115.591262, -8.714524 ], [ 115.591349, -8.714619 ], [ 115.591496, -8.714775 ], [ 115.591747, -8.714961 ], [ 115.591958, -8.715117 ] ] } },
{ "type": "Feature", "properties": { "Nm_Ruas": "Jl. Ponjok - Jurangbatu", "Status": "Jalan Kabupaten", "Propinsi": "Bali", "Kab_Kot": "Klungkung", "risk_prediction": 1, "Satwil": "Polda Bali" }, "geometry": { "type": "LineString", "coordinates": [ [ 115.591958, -8.715117 ], [ 115.591427, -8.715123 ], [ 115.591325, -8.715173 ], [ 115.591349, -8.71559 ], [ 115.591139, -8.715973 ], [ 115.590998, -8.71655 ], [ 115.590763, -8.71699 ] ] } },
{ "type": "Feature", "properties": { "Nm_Ruas": "Jl. Ponjok - Jurangbatu", "Status": "Jalan Kabupaten", "Propinsi": "Bali", "Kab_Kot": "Klungkung", "risk_prediction": 1, "Satwil": "Polda Bali" }, "geometry": { "type": "LineString", "coordinates": [ [ 115.595451, -8.721577 ], [ 115.595397, -8.720841 ], [ 115.595378, -8.72075 ], [ 115.595355, -8.72064 ], [ 115.59531, -8.719995 ], [ 115.595265, -8.71958 ], [ 115.595133, -8.718997 ], [ 115.595223, -8.718519 ], [ 115.595035, -8.717339 ], [ 115.594904, -8.717115 ], [ 115.594863, -8.717044 ], [ 115.594792, -8.716637 ], [ 115.594551, -8.716475 ], [ 115.594278, -8.716508 ], [ 115.594089, -8.716364 ], [ 115.593934, -8.716251 ], [ 115.59372, -8.715968 ], [ 115.593519, -8.715701 ], [ 115.593281, -8.715605 ], [ 115.592964, -8.715587 ], [ 115.592657, -8.715495 ], [ 115.592193, -8.715316 ], [ 115.591958, -8.715117 ] ] } },
{ "type": "Feature", "properties": { "Nm_Ruas": "Jl. Prabu Dimuntur", "Status": "Jalan Nasional", "Propinsi": "Jawa Barat", "Kab_Kot": "Kota Bandung", "risk_prediction": 1, "Satwil": "Polrestabes Bandung" }, "geometry": { "type": "LineString", "coordinates": [ [ 107.613689, -6.8991 ], [ 107.613683, -6.8991 ], [ 107.613108, -6.899084 ], [ 107.613051, -6.899082 ], [ 107.612904, -6.899079 ], [ 107.612883, -6.899078 ], [ 107.612783, -6.899076 ], [ 107.612699, -6.899074 ] ] } },
{ "type": "Feature", "properties": { "Nm_Ruas": "Jl. Prof. Dr. Abdurrahman Sholeh", "Status": "Jalan Nasional", "Propinsi": "Jawa Barat", "Kab_Kot": "Kota Bandung", "risk_prediction": 1, "Satwil": "Polrestabes Bandung" }, "geometry": { "type": "LineString", "coordinates": [ [ 107.578839, -6.908616 ], [ 107.578868, -6.908543 ], [ 107.578911, -6.908435 ], [ 107.578941, -6.90836 ], [ 107.579059, -6.908131 ], [ 107.579147, -6.907992 ], [ 107.579163, -6.907966 ], [ 107.579179, -6.907936 ], [ 107.579173, -6.907884 ], [ 107.579162, -6.907835 ], [ 107.579165, -6.907794 ], [ 107.579253, -6.907675 ], [ 107.579278, -6.907649 ], [ 107.579341, -6.907586 ], [ 107.579345, -6.907584 ], [ 107.579391, -6.907551 ], [ 107.579425, -6.90753 ], [ 107.579622, -6.907443 ], [ 107.579777, -6.907411 ], [ 107.579783, -6.90741 ], [ 107.579822, -6.907403 ], [ 107.579877, -6.907396 ] ] } },
{ "type": "Feature", "properties": { "Nm_Ruas": "Jl. Prof. Dr. Abdurrahman Sholeh", "Status": "Jalan Nasional", "Propinsi": "Jawa Barat", "Kab_Kot": "Kota Bandung", "risk_prediction": 1, "Satwil": "Polrestabes Bandung" }, "geometry": { "type": "LineString", "coordinates": [ [ 107.58253, -6.907671 ], [ 107.582461, -6.907696 ], [ 107.582401, -6.907704 ], [ 107.582141, -6.907708 ], [ 107.581584, -6.907674 ], [ 107.580966, -6.907619 ], [ 107.580882, -6.907607 ], [ 107.580543, -6.907558 ], [ 107.580125, -6.907494 ], [ 107.580004, -6.907477 ], [ 107.579988, -6.907469 ], [ 107.579966, -6.907458 ], [ 107.579928, -6.90742 ], [ 107.579877, -6.907396 ] ] } },
{ "type": "Feature", "properties": { "Nm_Ruas": "Jl. Prof. Dr. Abdurrahman Sholeh", "Status": "Jalan Nasional", "Propinsi": "Jawa Barat", "Kab_Kot": "Kota Bandung", "risk_prediction": 1, "Satwil": "Polrestabes Bandung" }, "geometry": { "type": "LineString", "coordinates": [ [ 107.579877, -6.907396 ], [ 107.58001, -6.907397 ], [ 107.580155, -6.907418 ], [ 107.580529, -6.907483 ], [ 107.580773, -6.907521 ], [ 107.58089, -6.90754 ], [ 107.580969, -6.907552 ], [ 107.581589, -6.907602 ], [ 107.58216, -6.907632 ], [ 107.5824, -6.907634 ], [ 107.582472, -6.907646 ], [ 107.58253, -6.907671 ] ] } },
{ "type": "Feature", "properties": { "Nm_Ruas": "Jl. Prof. Dr. Abdurrahman Sholeh", "Status": "Jalan Nasional", "Propinsi": "Jawa Barat", "Kab_Kot": "Kota Bandung", "risk_prediction": 1, "Satwil": "Polrestabes Bandung" }, "geometry": { "type": "LineString", "coordinates": [ [ 107.586785, -6.907034 ], [ 107.586607, -6.907067 ], [ 107.586326, -6.90712 ], [ 107.586162, -6.907151 ], [ 107.585978, -6.907184 ], [ 107.585767, -6.907222 ], [ 107.585679, -6.907238 ], [ 107.585537, -6.907263 ], [ 107.585404, -6.907287 ], [ 107.585257, -6.907313 ], [ 107.585217, -6.907319 ], [ 107.585068, -6.907342 ], [ 107.584514, -6.907421 ], [ 107.58383, -6.907534 ], [ 107.583582, -6.907571 ], [ 107.583451, -6.907586 ], [ 107.583174, -6.907619 ], [ 107.583014, -6.907635 ], [ 107.58253, -6.907671 ] ] } },
{ "type": "Feature", "properties": { "Nm_Ruas": "Jl. Prof. Dr. Ir. Sutami", "Status": "Jalan Kota", "Propinsi": "Jawa Barat", "Kab_Kot": "Kota Bandung", "risk_prediction": 1, "Satwil": "Polrestabes Bandung" }, "geometry": { "type": "LineString", "coordinates": [ [ 107.589663, -6.877601 ], [ 107.589484, -6.877632 ], [ 107.589142, -6.877712 ], [ 107.588755, -6.877797 ], [ 107.587809, -6.87803 ], [ 107.587084, -6.8782 ], [ 107.586421, -6.878391 ], [ 107.585808, -6.878553 ], [ 107.585275, -6.878714 ], [ 107.585063, -6.878779 ], [ 107.584554, -6.878933 ], [ 107.5842, -6.879049 ], [ 107.584198, -6.879049 ], [ 107.583721, -6.879203 ], [ 107.583689, -6.879225 ], [ 107.583668, -6.879252 ], [ 107.58364, -6.879307 ], [ 107.583644, -6.879365 ], [ 107.583658, -6.879432 ], [ 107.583699, -6.879569 ], [ 107.583746, -6.879725 ], [ 107.583788, -6.879853 ], [ 107.583821, -6.879955 ], [ 107.583877, -6.88013 ], [ 107.583467, -6.880262 ], [ 107.583144, -6.880366 ], [ 107.582754, -6.880486 ], [ 107.582123, -6.880678 ], [ 107.58209, -6.880688 ], [ 107.581322, -6.880908 ], [ 107.581254, -6.880925 ] ] } },
{ "type": "Feature", "properties": { "Nm_Ruas": "Jl. Pucuk 1", "Status": "Jalan Kota", "Propinsi": "Bali", "Kab_Kot": "Kota Denpasar", "risk_prediction": 1, "Satwil": "Polda Bali" }, "geometry": { "type": "LineString", "coordinates": [ [ 115.2673, -8.648597 ], [ 115.2673, -8.648628 ], [ 115.267297, -8.648895 ], [ 115.267299, -8.649096 ], [ 115.267304, -8.649299 ], [ 115.267304, -8.649453 ], [ 115.267305, -8.6495 ] ] } },
{ "type": "Feature", "properties": { "Nm_Ruas": "Jl. Pucuk Bang (Selatan)", "Status": "Jalan Kota", "Propinsi": "Bali", "Kab_Kot": "Kota Denpasar", "risk_prediction": 1, "Satwil": "Polda Bali" }, "geometry": { "type": "LineString", "coordinates": [ [ 115.265139, -8.648884 ], [ 115.265141, -8.648901 ], [ 115.265173, -8.649198 ], [ 115.265171, -8.649375 ], [ 115.265168, -8.64954 ], [ 115.265189, -8.649711 ], [ 115.265201, -8.649785 ] ] } },
{ "type": "Feature", "properties": { "Nm_Ruas": "Jl. Pulau Adi", "Status": "Jalan Kota", "Propinsi": "Bali", "Kab_Kot": "Kota Denpasar", "risk_prediction": 1, "Satwil": "Polda Bali" }, "geometry": { "type": "LineString", "coordinates": [ [ 115.204471, -8.679342 ], [ 115.204469, -8.679393 ], [ 115.204458, -8.679701 ], [ 115.204447, -8.679881 ], [ 115.204414, -8.680004 ], [ 115.204379, -8.680098 ], [ 115.204335, -8.680228 ], [ 115.204334, -8.680232 ] ] } },
{ "type": "Feature", "properties": { "Nm_Ruas": "Jl. Pulau Ayu", "Status": "Jalan Kota", "Propinsi": "Bali", "Kab_Kot": "Kota Denpasar", "risk_prediction": 1, "Satwil": "Polda Bali" }, "geometry": { "type": "LineString", "coordinates": [ [ 115.203095, -8.68125 ], [ 115.203202, -8.680847 ], [ 115.203318, -8.68038 ], [ 115.203319, -8.680375 ] ] } },
{ "type": "Feature", "properties": { "Nm_Ruas": "Jl. Pulau Batam", "Status": "Jalan Kota", "Propinsi": "Bali", "Kab_Kot": "Kota Denpasar", "risk_prediction": 1, "Satwil": "Polda Bali" }, "geometry": { "type": "LineString", "coordinates": [ [ 115.213511, -8.66941 ], [ 115.213548, -8.669217 ], [ 115.213574, -8.668893 ], [ 115.2136, -8.668635 ], [ 115.213604, -8.6686 ], [ 115.213613, -8.668507 ] ] } },
{ "type": "Feature", "properties": { "Nm_Ruas": "Jl. Pulau Batanta", "Status": "Jalan Kota", "Propinsi": "Bali", "Kab_Kot": "Kota Denpasar", "risk_prediction": 1, "Satwil": "Polda Bali" }, "geometry": { "type": "LineString", "coordinates": [ [ 115.199443, -8.683675 ], [ 115.199445, -8.683672 ], [ 115.199587, -8.683464 ], [ 115.199771, -8.683283 ], [ 115.20003, -8.683015 ], [ 115.200042, -8.682996 ], [ 115.200042, -8.682995 ], [ 115.200368, -8.682475 ], [ 115.200522, -8.682223 ], [ 115.200736, -8.681874 ], [ 115.200857, -8.681651 ], [ 115.200944, -8.681421 ], [ 115.201008, -8.681253 ], [ 115.201077, -8.681059 ], [ 115.20108, -8.681051 ] ] } },
{ "type": "Feature", "properties": { "Nm_Ruas": "Jl. Pulau Enggano", "Status": "Jalan Kota", "Propinsi": "Bali", "Kab_Kot": "Kota Denpasar", "risk_prediction": 1, "Satwil": "Polda Bali" }, "geometry": { "type": "LineString", "coordinates": [ [ 115.200042, -8.682996 ], [ 115.200311, -8.683129 ], [ 115.200331, -8.683161 ], [ 115.200325, -8.683208 ], [ 115.200217, -8.683419 ], [ 115.200226, -8.683612 ], [ 115.200256, -8.683701 ] ] } },
{ "type": "Feature", "properties": { "Nm_Ruas": "Jl. Pulau Indah", "Status": "Jalan Kota", "Propinsi": "Bali", "Kab_Kot": "Kota Denpasar", "risk_prediction": 1, "Satwil": "Polda Bali" }, "geometry": { "type": "LineString", "coordinates": [ [ 115.198955, -8.681353 ], [ 115.198946, -8.681179 ], [ 115.198936, -8.681003 ], [ 115.198941, -8.680863 ], [ 115.198948, -8.680708 ], [ 115.198952, -8.680593 ], [ 115.198954, -8.680501 ], [ 115.198954, -8.680486 ], [ 115.19895, -8.680479 ], [ 115.198943, -8.680451 ], [ 115.198943, -8.68045 ] ] } },
{ "type": "Feature", "properties": { "Nm_Ruas": "Jl. Pulau Karas", "Status": "Jalan Kota", "Propinsi": "Bali", "Kab_Kot": "Kota Denpasar", "risk_prediction": 1, "Satwil": "Polda Bali" }, "geometry": { "type": "LineString", "coordinates": [ [ 115.205365, -8.678163 ], [ 115.205663, -8.678188 ], [ 115.205886, -8.678196 ], [ 115.206138, -8.678212 ] ] } },
{ "type": "Feature", "properties": { "Nm_Ruas": "Jl. Pulau Misol", "Status": "Jalan Kota", "Propinsi": "Bali", "Kab_Kot": "Kota Denpasar", "risk_prediction": 1, "Satwil": "Polda Bali" }, "geometry": { "type": "LineString", "coordinates": [ [ 115.201116, -8.681045 ], [ 115.201165, -8.680891 ], [ 115.201206, -8.68076 ], [ 115.201249, -8.680638 ], [ 115.201306, -8.680498 ], [ 115.201341, -8.680414 ], [ 115.201359, -8.680378 ], [ 115.201381, -8.680347 ], [ 115.201439, -8.680317 ], [ 115.201524, -8.680274 ] ] } },
{ "type": "Feature", "properties": { "Nm_Ruas": "Jl. Pulau Panjang", "Status": "Jalan Kota", "Propinsi": "Bali", "Kab_Kot": "Kota Denpasar", "risk_prediction": 1, "Satwil": "Polda Bali" }, "geometry": { "type": "LineString", "coordinates": [ [ 115.201678, -8.682036 ], [ 115.20138, -8.681928 ], [ 115.200857, -8.681651 ] ] } },
{ "type": "Feature", "properties": { "Nm_Ruas": "Jl. Pulau Seram", "Status": "Jalan Kota", "Propinsi": "Bali", "Kab_Kot": "Kota Denpasar", "risk_prediction": 1, "Satwil": "Polda Bali" }, "geometry": { "type": "LineString", "coordinates": [ [ 115.213434, -8.67031 ], [ 115.213436, -8.670239 ], [ 115.213451, -8.669979 ], [ 115.213465, -8.669753 ], [ 115.213481, -8.669596 ], [ 115.213506, -8.669435 ], [ 115.213511, -8.66941 ] ] } },
{ "type": "Feature", "properties": { "Nm_Ruas": "Jl. Pulau Supriori", "Status": "Jalan Kota", "Propinsi": "Bali", "Kab_Kot": "Kota Denpasar", "risk_prediction": 1, "Satwil": "Polda Bali" }, "geometry": { "type": "LineString", "coordinates": [ [ 115.194697, -8.684809 ], [ 115.194698, -8.68481 ], [ 115.195122, -8.685186 ], [ 115.195397, -8.685385 ] ] } },
{ "type": "Feature", "properties": { "Nm_Ruas": "Jl. Pungkur", "Status": "Jalan Kota", "Propinsi": "Jawa Barat", "Kab_Kot": "Kota Bandung", "risk_prediction": 1, "Satwil": "Polrestabes Bandung" }, "geometry": { "type": "LineString", "coordinates": [ [ 107.604593, -6.927273 ], [ 107.604291, -6.927248 ], [ 107.603827, -6.92721 ], [ 107.603692, -6.927199 ] ] } },
{ "type": "Feature", "properties": { "Nm_Ruas": "Jl. Pungkur", "Status": "Jalan Kota", "Propinsi": "Jawa Barat", "Kab_Kot": "Kota Bandung", "risk_prediction": 1, "Satwil": "Polrestabes Bandung" }, "geometry": { "type": "LineString", "coordinates": [ [ 107.614944, -6.932512 ], [ 107.61492, -6.932506 ], [ 107.614312, -6.932344 ], [ 107.614068, -6.93228 ] ] } },
{ "type": "Feature", "properties": { "Nm_Ruas": "Jl. Pungutan", "Status": "Jalan Kota", "Propinsi": "Bali", "Kab_Kot": "Kota Denpasar", "risk_prediction": 1, "Satwil": "Polda Bali" }, "geometry": { "type": "LineString", "coordinates": [ [ 115.258733, -8.696816 ], [ 115.258959, -8.696884 ], [ 115.259029, -8.696652 ], [ 115.259129, -8.696321 ], [ 115.259156, -8.69624 ] ] } },
{ "type": "Feature", "properties": { "Nm_Ruas": "Jl. Pura Dalem Warung - Tiyingtutul", "Status": "Jalan Kabupaten", "Propinsi": "Bali", "Kab_Kot": "Badung", "risk_prediction": 1, "Satwil": "Polda Bali" }, "geometry": { "type": "LineString", "coordinates": [ [ 115.13848, -8.633011 ], [ 115.13847, -8.633034 ], [ 115.138407, -8.633162 ], [ 115.13837, -8.633233 ], [ 115.138291, -8.633363 ], [ 115.138187, -8.633549 ], [ 115.138076, -8.633737 ], [ 115.138039, -8.633801 ] ] } },
{ "type": "Feature", "properties": { "Nm_Ruas": "Jl. Purwakarta", "Status": "Jalan Kota", "Propinsi": "Jawa Barat", "Kab_Kot": "Kota Bandung", "risk_prediction": 1, "Satwil": "Polrestabes Bandung" }, "geometry": { "type": "LineString", "coordinates": [ [ 107.651213, -6.912767 ], [ 107.651294, -6.912926 ], [ 107.651436, -6.913209 ], [ 107.651481, -6.913303 ], [ 107.651623, -6.913572 ] ] } },
{ "type": "Feature", "properties": { "Nm_Ruas": "Jl. Pusdai", "Status": "Jalan Kota", "Propinsi": "Jawa Barat", "Kab_Kot": "Kota Bandung", "risk_prediction": 1, "Satwil": "Polrestabes Bandung" }, "geometry": { "type": "LineString", "coordinates": [ [ 107.626792, -6.900317 ], [ 107.626857, -6.900153 ], [ 107.627095, -6.89955 ], [ 107.62711, -6.89951 ], [ 107.627123, -6.899476 ] ] } },
{ "type": "Feature", "properties": { "Nm_Ruas": "Jl. Pusdai", "Status": "Jalan Kota", "Propinsi": "Jawa Barat", "Kab_Kot": "Kota Bandung", "risk_prediction": 1, "Satwil": "Polrestabes Bandung" }, "geometry": { "type": "LineString", "coordinates": [ [ 107.627218, -6.899498 ], [ 107.627191, -6.899574 ], [ 107.626948, -6.900186 ], [ 107.626885, -6.900341 ] ] } },
{ "type": "Feature", "properties": { "Nm_Ruas": "Jl. R.kuta/puskesmas - Jl.by Pass", "Status": "Jalan Kabupaten", "Propinsi": "Bali", "Kab_Kot": "Badung", "risk_prediction": 1, "Satwil": "Polda Bali" }, "geometry": { "type": "LineString", "coordinates": [ [ 115.17863, -8.731623 ], [ 115.178542, -8.731479 ], [ 115.178449, -8.731327 ], [ 115.178389, -8.73121 ], [ 115.178348, -8.731111 ], [ 115.178236, -8.730816 ], [ 115.178233, -8.73081 ] ] } },
{ "type": "Feature", "properties": { "Nm_Ruas": "Jl. R.pantai Kuta - Popies II", "Status": "Jalan Kabupaten", "Propinsi": "Bali", "Kab_Kot": "Badung", "risk_prediction": 1, "Satwil": "Polda Bali" }, "geometry": { "type": "LineString", "coordinates": [ [ 115.167682, -8.713108 ], [ 115.168318, -8.712951 ], [ 115.168363, -8.712938 ], [ 115.168563, -8.712886 ] ] } },
{ "type": "Feature", "properties": { "Nm_Ruas": "Jl. Rajamantri Wetan", "Status": "Jalan Kota", "Propinsi": "Jawa Barat", "Kab_Kot": "Kota Bandung", "risk_prediction": 1, "Satwil": "Polrestabes Bandung" }, "geometry": { "type": "LineString", "coordinates": [ [ 107.634891, -6.944974 ], [ 107.634643, -6.945142 ], [ 107.634465, -6.945265 ], [ 107.634348, -6.945345 ] ] } },
{ "type": "Feature", "properties": { "Nm_Ruas": "Jl. Rajamantri Wetan", "Status": "Jalan Kota", "Propinsi": "Jawa Barat", "Kab_Kot": "Kota Bandung", "risk_prediction": 1, "Satwil": "Polrestabes Bandung" }, "geometry": { "type": "LineString", "coordinates": [ [ 107.634641, -6.941631 ], [ 107.634564, -6.942225 ], [ 107.634561, -6.942531 ], [ 107.634556, -6.943177 ], [ 107.634557, -6.943185 ], [ 107.634561, -6.943279 ], [ 107.634617, -6.944087 ], [ 107.634617, -6.944089 ], [ 107.634623, -6.94413 ], [ 107.634713, -6.944466 ], [ 107.634784, -6.944708 ], [ 107.634883, -6.944953 ], [ 107.634891, -6.944974 ] ] } },
{ "type": "Feature", "properties": { "Nm_Ruas": "Jl. Rajamantri Wetan", "Status": "Jalan Kota", "Propinsi": "Jawa Barat", "Kab_Kot": "Kota Bandung", "risk_prediction": 1, "Satwil": "Polrestabes Bandung" }, "geometry": { "type": "LineString", "coordinates": [ [ 107.635229, -6.94569 ], [ 107.635223, -6.945675 ], [ 107.635076, -6.945354 ], [ 107.63492, -6.945036 ], [ 107.6349, -6.944991 ], [ 107.634898, -6.944987 ], [ 107.634891, -6.944974 ] ] } },
{ "type": "Feature", "properties": { "Nm_Ruas": "Jl. Rajamantri Wetan", "Status": "Jalan Kota", "Propinsi": "Jawa Barat", "Kab_Kot": "Kota Bandung", "risk_prediction": 1, "Satwil": "Polrestabes Bandung" }, "geometry": { "type": "LineString", "coordinates": [ [ 107.635968, -6.947167 ], [ 107.635927, -6.947072 ], [ 107.635619, -6.946379 ], [ 107.635604, -6.946357 ], [ 107.635593, -6.946345 ] ] } },
{ "type": "Feature", "properties": { "Nm_Ruas": "Jl. Rajawali Barat", "Status": "Jalan Nasional", "Propinsi": "Jawa Barat", "Kab_Kot": "Kota Bandung", "risk_prediction": 1, "Satwil": "Polrestabes Bandung" }, "geometry": { "type": "LineString", "coordinates": [ [ 107.569091, -6.910421 ], [ 107.569132, -6.91047 ], [ 107.569154, -6.910494 ], [ 107.569189, -6.910517 ], [ 107.569271, -6.910567 ], [ 107.569357, -6.910622 ], [ 107.569474, -6.910668 ], [ 107.569668, -6.910744 ], [ 107.569888, -6.91083 ] ] } },
{ "type": "Feature", "properties": { "Nm_Ruas": "Jl. Rangga Gading", "Status": "Jalan Kota", "Propinsi": "Jawa Barat", "Kab_Kot": "Kota Bandung", "risk_prediction": 1, "Satwil": "Polrestabes Bandung" }, "geometry": { "type": "LineString", "coordinates": [ [ 107.611388, -6.902825 ], [ 107.611354, -6.902811 ], [ 107.610967, -6.902644 ] ] } },
{ "type": "Feature", "properties": { "Nm_Ruas": "Jl. Rangga Malela", "Status": "Jalan Kota", "Propinsi": "Jawa Barat", "Kab_Kot": "Kota Bandung", "risk_prediction": 1, "Satwil": "Polrestabes Bandung" }, "geometry": { "type": "LineString", "coordinates": [ [ 107.611575, -6.902357 ], [ 107.611538, -6.902342 ], [ 107.611152, -6.902182 ], [ 107.611142, -6.902138 ], [ 107.611051, -6.901745 ] ] } },
{ "type": "Feature", "properties": { "Nm_Ruas": "Jl. Ratna", "Status": "Jalan Kota", "Propinsi": "Bali", "Kab_Kot": "Kota Denpasar", "risk_prediction": 1, "Satwil": "Polda Bali" }, "geometry": { "type": "LineString", "coordinates": [ [ 115.228498, -8.636532 ], [ 115.228508, -8.636341 ], [ 115.228522, -8.635969 ], [ 115.228535, -8.635636 ] ] } },
{ "type": "Feature", "properties": { "Nm_Ruas": "Jl. Raya Cijerah", "Status": "Jalan Kota", "Propinsi": "Jawa Barat", "Kab_Kot": "Kota Bandung", "risk_prediction": 1, "Satwil": "Polrestabes Bandung" }, "geometry": { "type": "LineString", "coordinates": [ [ 107.564574, -6.932241 ], [ 107.564513, -6.932032 ], [ 107.564487, -6.93193 ], [ 107.564485, -6.931832 ], [ 107.564499, -6.931728 ], [ 107.56454, -6.93161 ], [ 107.564642, -6.931377 ], [ 107.564645, -6.93137 ], [ 107.564781, -6.931061 ], [ 107.564865, -6.930858 ], [ 107.564958, -6.9306 ], [ 107.565064, -6.930284 ], [ 107.565116, -6.930127 ], [ 107.565249, -6.929674 ], [ 107.56542, -6.929109 ], [ 107.565675, -6.928252 ] ] } },
{ "type": "Feature", "properties": { "Nm_Ruas": "Jl. Raya Cijerah", "Status": "Jalan Kota", "Propinsi": "Jawa Barat", "Kab_Kot": "Kota Bandung", "risk_prediction": 1, "Satwil": "Polrestabes Bandung" }, "geometry": { "type": "LineString", "coordinates": [ [ 107.564845, -6.927117 ], [ 107.565627, -6.927185 ] ] } },
{ "type": "Feature", "properties": { "Nm_Ruas": "Jl. Raya Cijerah", "Status": "Jalan Kota", "Propinsi": "Jawa Barat", "Kab_Kot": "Kota Bandung", "risk_prediction": 1, "Satwil": "Polrestabes Bandung" }, "geometry": { "type": "LineString", "coordinates": [ [ 107.565675, -6.928252 ], [ 107.565605, -6.928228 ], [ 107.565554, -6.928188 ], [ 107.565472, -6.928082 ], [ 107.565206, -6.927673 ] ] } },
{ "type": "Feature", "properties": { "Nm_Ruas": "Jl. Raya Cijerah", "Status": "Jalan Kota", "Propinsi": "Jawa Barat", "Kab_Kot": "Kota Bandung", "risk_prediction": 1, "Satwil": "Polrestabes Bandung" }, "geometry": { "type": "LineString", "coordinates": [ [ 107.565627, -6.927185 ], [ 107.565621, -6.927126 ], [ 107.56562, -6.927006 ], [ 107.565636, -6.926888 ], [ 107.565672, -6.926788 ], [ 107.565722, -6.926678 ], [ 107.565724, -6.926674 ], [ 107.565764, -6.926586 ], [ 107.565897, -6.926278 ], [ 107.566004, -6.926023 ], [ 107.566167, -6.925637 ], [ 107.566223, -6.92552 ], [ 107.566279, -6.925393 ], [ 107.566325, -6.925296 ], [ 107.566436, -6.925167 ], [ 107.566491, -6.925133 ], [ 107.566656, -6.92507 ], [ 107.566813, -6.92501 ], [ 107.56687, -6.924972 ], [ 107.566892, -6.924955 ], [ 107.567054, -6.924777 ], [ 107.567121, -6.924704 ], [ 107.567214, -6.924613 ], [ 107.567343, -6.924499 ], [ 107.567464, -6.92443 ], [ 107.567515, -6.924399 ], [ 107.5676, -6.924353 ], [ 107.567674, -6.924293 ], [ 107.567727, -6.924215 ], [ 107.567778, -6.924116 ], [ 107.567817, -6.924041 ], [ 107.567908, -6.923863 ], [ 107.568025, -6.923628 ], [ 107.568036, -6.923595 ] ] } },
{ "type": "Feature", "properties": { "Nm_Ruas": "Jl. Raya Cijerah", "Status": "Jalan Kota", "Propinsi": "Jawa Barat", "Kab_Kot": "Kota Bandung", "risk_prediction": 1, "Satwil": "Polrestabes Bandung" }, "geometry": { "type": "LineString", "coordinates": [ [ 107.565675, -6.928252 ], [ 107.565716, -6.928102 ], [ 107.565729, -6.928023 ], [ 107.565729, -6.927944 ], [ 107.565687, -6.927629 ], [ 107.565627, -6.927185 ] ] } },
{ "type": "Feature", "properties": { "Nm_Ruas": "Jl. Raya Cijerah", "Status": "Jalan Kota", "Propinsi": "Jawa Barat", "Kab_Kot": "Kota Bandung", "risk_prediction": 1, "Satwil": "Polrestabes Bandung" }, "geometry": { "type": "LineString", "coordinates": [ [ 107.569561, -6.921196 ], [ 107.569628, -6.920958 ], [ 107.569749, -6.920554 ], [ 107.569829, -6.920333 ], [ 107.56983, -6.920331 ], [ 107.569862, -6.92025 ], [ 107.569973, -6.919972 ], [ 107.569991, -6.919919 ], [ 107.570031, -6.919776 ], [ 107.57007, -6.919636 ], [ 107.570106, -6.919504 ], [ 107.570116, -6.919476 ], [ 107.570154, -6.919365 ], [ 107.570234, -6.919156 ], [ 107.5703, -6.91901 ], [ 107.570468, -6.918559 ], [ 107.570555, -6.918332 ], [ 107.570601, -6.918216 ], [ 107.570607, -6.918199 ], [ 107.570647, -6.918098 ], [ 107.57071, -6.917915 ], [ 107.570729, -6.917838 ], [ 107.570743, -6.917782 ], [ 107.57076, -6.917677 ], [ 107.570781, -6.917537 ], [ 107.570804, -6.917407 ], [ 107.570856, -6.917053 ], [ 107.570896, -6.916782 ], [ 107.570926, -6.91661 ], [ 107.570973, -6.916304 ], [ 107.571013, -6.916138 ], [ 107.571053, -6.915999 ], [ 107.571118, -6.915773 ], [ 107.571127, -6.915743 ], [ 107.57115, -6.915675 ], [ 107.571204, -6.915514 ], [ 107.571235, -6.915424 ], [ 107.571255, -6.915358 ], [ 107.571327, -6.915115 ], [ 107.571449, -6.914768 ], [ 107.571475, -6.914713 ], [ 107.571514, -6.914668 ], [ 107.571515, -6.914666 ], [ 107.571585, -6.914622 ] ] } },
{ "type": "Feature", "properties": { "Nm_Ruas": "Jl. Raya Cimindi", "Status": "Jalan Nasional", "Propinsi": "Jawa Barat", "Kab_Kot": "Kota Bandung", "risk_prediction": 1, "Satwil": "Polrestabes Bandung" }, "geometry": { "type": "LineString", "coordinates": [ [ 107.55548, -6.887952 ], [ 107.555614, -6.888172 ], [ 107.555719, -6.888343 ], [ 107.555939, -6.888686 ], [ 107.555999, -6.88878 ], [ 107.556092, -6.888939 ], [ 107.556093, -6.888941 ], [ 107.556135, -6.889012 ], [ 107.556244, -6.889198 ], [ 107.556545, -6.889726 ], [ 107.556585, -6.889796 ], [ 107.556693, -6.889986 ], [ 107.55685, -6.890245 ], [ 107.557209, -6.890816 ], [ 107.557245, -6.890874 ], [ 107.557583, -6.89141 ], [ 107.557655, -6.891526 ], [ 107.558036, -6.892182 ], [ 107.558071, -6.892243 ], [ 107.558072, -6.892244 ], [ 107.558085, -6.892266 ], [ 107.558132, -6.892348 ], [ 107.558593, -6.893144 ], [ 107.558701, -6.893324 ], [ 107.558728, -6.893369 ], [ 107.558778, -6.893455 ], [ 107.558792, -6.893481 ] ] } },
{ "type": "Feature", "properties": { "Nm_Ruas": "Jl. Raya Cimindi", "Status": "Jalan Nasional", "Propinsi": "Jawa Barat", "Kab_Kot": "Kota Bandung", "risk_prediction": 1, "Satwil": "Polrestabes Bandung" }, "geometry": { "type": "LineString", "coordinates": [ [ 107.559287, -6.894384 ], [ 107.55896, -6.893839 ], [ 107.558886, -6.893718 ], [ 107.558792, -6.893481 ] ] } },
{ "type": "Feature", "properties": { "Nm_Ruas": "Jl. Raya Cimindi", "Status": "Jalan Nasional", "Propinsi": "Jawa Barat", "Kab_Kot": "Kota Bandung", "risk_prediction": 1, "Satwil": "Polrestabes Bandung" }, "geometry": { "type": "LineString", "coordinates": [ [ 107.558792, -6.893481 ], [ 107.558902, -6.893635 ], [ 107.55892, -6.89366 ], [ 107.559234, -6.894179 ], [ 107.559338, -6.894351 ], [ 107.559569, -6.894735 ], [ 107.559815, -6.895118 ], [ 107.559816, -6.89512 ], [ 107.559906, -6.895269 ], [ 107.559942, -6.895328 ], [ 107.559984, -6.895397 ], [ 107.560151, -6.89567 ], [ 107.560287, -6.895894 ], [ 107.560373, -6.896034 ], [ 107.560452, -6.896163 ], [ 107.560465, -6.896185 ], [ 107.560521, -6.896276 ], [ 107.560544, -6.896314 ], [ 107.560682, -6.896541 ], [ 107.560716, -6.896597 ], [ 107.561054, -6.897151 ], [ 107.561141, -6.897294 ], [ 107.56123, -6.897439 ], [ 107.561324, -6.897603 ], [ 107.561517, -6.89791 ], [ 107.56153, -6.897933 ], [ 107.561577, -6.89801 ], [ 107.561829, -6.898423 ], [ 107.561868, -6.898486 ], [ 107.561909, -6.898553 ], [ 107.562001, -6.898705 ] ] } },
{ "type": "Feature", "properties": { "Nm_Ruas": "Jl. Raya Cimindi", "Status": "Jalan Nasional", "Propinsi": "Jawa Barat", "Kab_Kot": "Kota Bandung", "risk_prediction": 1, "Satwil": "Polrestabes Bandung" }, "geometry": { "type": "LineString", "coordinates": [ [ 107.561919, -6.898755 ], [ 107.561452, -6.89798 ], [ 107.560383, -6.896203 ] ] } },
{ "type": "Feature", "properties": { "Nm_Ruas": "Jl. Raya Golf", "Status": "Jalan Kota", "Propinsi": "Jawa Barat", "Kab_Kot": "Kota Bandung", "risk_prediction": 1, "Satwil": "Polrestabes Bandung" }, "geometry": { "type": "LineString", "coordinates": [ [ 107.625208, -6.866763 ], [ 107.625259, -6.866718 ], [ 107.625411, -6.866577 ], [ 107.6255, -6.866482 ], [ 107.625518, -6.866459 ], [ 107.625705, -6.866265 ], [ 107.625748, -6.866217 ], [ 107.625791, -6.866169 ], [ 107.625887, -6.866023 ], [ 107.625924, -6.865967 ], [ 107.626006, -6.865833 ], [ 107.626024, -6.865798 ], [ 107.626047, -6.865749 ], [ 107.626081, -6.865623 ], [ 107.626093, -6.865573 ], [ 107.626101, -6.865544 ], [ 107.626159, -6.865399 ], [ 107.626188, -6.865329 ], [ 107.626207, -6.865236 ], [ 107.626241, -6.865108 ], [ 107.626271, -6.865033 ], [ 107.626289, -6.864972 ], [ 107.626303, -6.864921 ], [ 107.626322, -6.864852 ], [ 107.626361, -6.864662 ], [ 107.626403, -6.8643 ], [ 107.626412, -6.864207 ], [ 107.62642, -6.864127 ], [ 107.626414, -6.864042 ], [ 107.626411, -6.864005 ], [ 107.626387, -6.863899 ], [ 107.62636, -6.86385 ], [ 107.626331, -6.863806 ], [ 107.626177, -6.863632 ], [ 107.626147, -6.863603 ], [ 107.625953, -6.863438 ], [ 107.625853, -6.863367 ], [ 107.625831, -6.863352 ] ] } },
{ "type": "Feature", "properties": { "Nm_Ruas": "Jl. Raya Kuta - Pantai", "Status": "Jalan Kabupaten", "Propinsi": "Bali", "Kab_Kot": "Badung", "risk_prediction": 1, "Satwil": "Polda Bali" }, "geometry": { "type": "LineString", "coordinates": [ [ 115.170772, -8.722589 ], [ 115.171036, -8.722573 ], [ 115.171354, -8.722558 ], [ 115.17168, -8.722543 ] ] } },
{ "type": "Feature", "properties": { "Nm_Ruas": "Jl. Raya Kuta - Pantai Legian", "Status": "Jalan Kabupaten", "Propinsi": "Bali", "Kab_Kot": "Badung", "risk_prediction": 1, "Satwil": "Polda Bali" }, "geometry": { "type": "LineString", "coordinates": [ [ 115.167359, -8.711734 ], [ 115.167449, -8.712101 ], [ 115.167538, -8.712472 ], [ 115.16757, -8.712618 ], [ 115.167662, -8.713031 ], [ 115.16768, -8.713098 ], [ 115.167682, -8.713108 ], [ 115.167723, -8.713289 ], [ 115.167762, -8.713446 ], [ 115.167778, -8.713503 ], [ 115.167828, -8.713693 ], [ 115.167873, -8.713881 ], [ 115.167901, -8.713985 ], [ 115.167913, -8.714026 ], [ 115.167972, -8.714268 ], [ 115.168027, -8.714485 ], [ 115.168089, -8.714728 ], [ 115.16813, -8.714899 ], [ 115.16825, -8.715349 ], [ 115.168253, -8.715363 ], [ 115.168364, -8.715772 ], [ 115.168474, -8.716186 ], [ 115.168613, -8.71671 ], [ 115.168774, -8.717354 ], [ 115.168824, -8.717528 ], [ 115.168873, -8.717719 ], [ 115.168882, -8.717756 ], [ 115.168945, -8.718017 ], [ 115.169007, -8.718245 ], [ 115.169074, -8.7185 ], [ 115.169095, -8.718591 ], [ 115.169102, -8.718633 ], [ 115.169103, -8.718638 ] ] } },
{ "type": "Feature", "properties": { "Nm_Ruas": "Jl. Raya Kuta - Pantai Legian", "Status": "Jalan Kabupaten", "Propinsi": "Bali", "Kab_Kot": "Badung", "risk_prediction": 1, "Satwil": "Polda Bali" }, "geometry": { "type": "LineString", "coordinates": [ [ 115.17193, -8.7084 ], [ 115.171644, -8.708448 ], [ 115.171263, -8.708494 ], [ 115.171029, -8.70851 ] ] } },
{ "type": "Feature", "properties": { "Nm_Ruas": "Jl. Raya Kuta/pombensin - Sp.dewa Ruci", "Status": "Jalan Kabupaten", "Propinsi": "Bali", "Kab_Kot": "Badung", "risk_prediction": 1, "Satwil": "Polda Bali" }, "geometry": { "type": "LineString", "coordinates": [ [ 115.182172, -8.720553 ], [ 115.182166, -8.720551 ], [ 115.181921, -8.720492 ], [ 115.181729, -8.720475 ], [ 115.181474, -8.720457 ], [ 115.181099, -8.720406 ], [ 115.180692, -8.720325 ], [ 115.18026, -8.720221 ], [ 115.180198, -8.720206 ] ] } },
{ "type": "Feature", "properties": { "Nm_Ruas": "Jl. Raya Marga Apuan", "Status": "Jalan Kabupaten", "Propinsi": "Bali", "Kab_Kot": "Tabanan", "risk_prediction": 1, "Satwil": "Polda Bali" }, "geometry": { "type": "LineString", "coordinates": [ [ 115.179224, -8.370817 ], [ 115.179399, -8.371352 ], [ 115.179443, -8.37154 ], [ 115.179467, -8.371676 ], [ 115.179485, -8.371825 ], [ 115.179498, -8.371972 ], [ 115.179517, -8.372248 ], [ 115.179527, -8.372456 ], [ 115.179533, -8.37264 ], [ 115.179551, -8.372825 ], [ 115.179574, -8.373033 ], [ 115.179568, -8.373226 ], [ 115.17961, -8.373854 ], [ 115.179652, -8.374401 ], [ 115.179702, -8.374918 ], [ 115.179736, -8.375316 ], [ 115.179744, -8.375406 ], [ 115.179802, -8.375781 ], [ 115.17997, -8.376595 ], [ 115.180136, -8.376926 ], [ 115.180395, -8.377298 ], [ 115.180696, -8.377741 ], [ 115.18102, -8.378217 ], [ 115.181317, -8.378639 ], [ 115.181454, -8.378827 ], [ 115.181534, -8.378937 ], [ 115.181557, -8.379062 ], [ 115.181612, -8.37921 ], [ 115.181633, -8.379347 ], [ 115.181633, -8.379349 ], [ 115.181683, -8.379466 ], [ 115.181691, -8.379843 ], [ 115.181707, -8.380415 ], [ 115.18174, -8.380962 ], [ 115.181757, -8.381355 ], [ 115.18179, -8.381712 ], [ 115.181782, -8.3821 ], [ 115.181797, -8.382188 ], [ 115.181813, -8.382386 ], [ 115.181848, -8.382722 ], [ 115.181908, -8.383019 ], [ 115.181924, -8.383471 ], [ 115.181945, -8.383788 ], [ 115.181955, -8.38387 ], [ 115.182003, -8.384255 ], [ 115.182155, -8.385767 ], [ 115.182177, -8.386187 ], [ 115.182179, -8.386193 ], [ 115.18222, -8.386452 ], [ 115.182262, -8.387118 ], [ 115.182192, -8.387618 ], [ 115.182167, -8.388203 ], [ 115.182158, -8.388395 ] ] } },
{ "type": "Feature", "properties": { "Nm_Ruas": "Jl. Raya Pemogan", "Status": "Jalan Kota", "Propinsi": "Bali", "Kab_Kot": "Kota Denpasar", "risk_prediction": 1, "Satwil": "Polda Bali" }, "geometry": { "type": "LineString", "coordinates": [ [ 115.200976, -8.717648 ], [ 115.201018, -8.717887 ], [ 115.201038, -8.718197 ], [ 115.201061, -8.718539 ], [ 115.201062, -8.718548 ] ] } },
{ "type": "Feature", "properties": { "Nm_Ruas": "Jl. Raya Sempidi - Perum Permata Anyar", "Status": "Jalan Kabupaten", "Propinsi": "Bali", "Kab_Kot": "Badung", "risk_prediction": 1, "Satwil": "Polda Bali" }, "geometry": { "type": "LineString", "coordinates": [ [ 115.185425, -8.596989 ], [ 115.185442, -8.596985 ], [ 115.185494, -8.59698 ], [ 115.185623, -8.59698 ], [ 115.185843, -8.596987 ], [ 115.186038, -8.597007 ], [ 115.18629, -8.597052 ], [ 115.186327, -8.597059 ], [ 115.18633, -8.597059 ] ] } },
{ "type": "Feature", "properties": { "Nm_Ruas": "Jl. Rd. A.A. Wiranata Kusumah", "Status": "Jalan Kota", "Propinsi": "Jawa Barat", "Kab_Kot": "Kota Bandung", "risk_prediction": 1, "Satwil": "Polrestabes Bandung" }, "geometry": { "type": "LineString", "coordinates": [ [ 107.602282, -6.90036 ], [ 107.60228, -6.900319 ], [ 107.602279, -6.900282 ], [ 107.602277, -6.900254 ], [ 107.602275, -6.900203 ], [ 107.602275, -6.900153 ], [ 107.602263, -6.899454 ] ] } },
{ "type": "Feature", "properties": { "Nm_Ruas": "Jl. Rejowinangun", "Status": "Jalan Kota", "Propinsi": "Daerah Istimewa Yogyakarta", "Kab_Kot": "Kota Yogyakarta", "risk_prediction": 1, "Satwil": "Polda DI Yogyakarta" }, "geometry": { "type": "LineString", "coordinates": [ [ 110.402159, -7.810699 ], [ 110.401253, -7.810684 ] ] } },
{ "type": "Feature", "properties": { "Nm_Ruas": "Jl. Ronodigdayan", "Status": "Jalan Kota", "Propinsi": "Daerah Istimewa Yogyakarta", "Kab_Kot": "Kota Yogyakarta", "risk_prediction": 1, "Satwil": "Polda DI Yogyakarta" }, "geometry": { "type": "LineString", "coordinates": [ [ 110.377292, -7.794817 ], [ 110.377825, -7.794861 ] ] } },
{ "type": "Feature", "properties": { "Nm_Ruas": "Jl. Rumah Sakit", "Status": "Jalan Kota", "Propinsi": "Jawa Barat", "Kab_Kot": "Kota Bandung", "risk_prediction": 1, "Satwil": "Polrestabes Bandung" }, "geometry": { "type": "LineString", "coordinates": [ [ 107.699387, -6.914092 ], [ 107.699391, -6.914392 ], [ 107.699389, -6.914575 ], [ 107.699387, -6.914995 ], [ 107.699386, -6.915126 ], [ 107.699372, -6.915227 ], [ 107.699357, -6.915337 ], [ 107.699338, -6.915475 ], [ 107.699286, -6.915866 ], [ 107.699275, -6.915936 ], [ 107.699268, -6.915966 ], [ 107.699168, -6.916434 ], [ 107.699048, -6.916842 ], [ 107.698986, -6.917045 ], [ 107.698887, -6.917365 ], [ 107.6988, -6.91765 ], [ 107.698659, -6.917995 ], [ 107.698561, -6.918237 ], [ 107.698481, -6.918441 ], [ 107.698369, -6.918677 ], [ 107.698201, -6.919087 ], [ 107.698113, -6.919315 ], [ 107.69806, -6.91945 ], [ 107.697961, -6.919757 ], [ 107.697663, -6.920837 ], [ 107.697561, -6.921155 ], [ 107.697466, -6.921431 ], [ 107.697354, -6.921719 ], [ 107.697325, -6.921795 ], [ 107.697309, -6.921836 ], [ 107.697221, -6.922043 ], [ 107.696939, -6.922606 ], [ 107.696832, -6.922791 ], [ 107.696726, -6.922974 ], [ 107.696528, -6.92334 ], [ 107.696439, -6.923504 ], [ 107.696312, -6.923723 ], [ 107.69621, -6.923905 ], [ 107.696096, -6.924134 ], [ 107.696095, -6.924136 ] ] } },
{ "type": "Feature", "properties": { "Nm_Ruas": "Jl. Sadang Serang", "Status": "Jalan Kota", "Propinsi": "Jawa Barat", "Kab_Kot": "Kota Bandung", "risk_prediction": 1, "Satwil": "Polrestabes Bandung" }, "geometry": { "type": "LineString", "coordinates": [ [ 107.626814, -6.890337 ], [ 107.626819, -6.890361 ], [ 107.626892, -6.890565 ], [ 107.626999, -6.890891 ], [ 107.627025, -6.890985 ], [ 107.627085, -6.891199 ] ] } },
{ "type": "Feature", "properties": { "Nm_Ruas": "Jl. Sakah - Teges", "Status": "Jalan Nasional", "Propinsi": "Bali", "Kab_Kot": "Gianyar", "risk_prediction": 1, "Satwil": "Polda Bali" }, "geometry": { "type": "LineString", "coordinates": [ [ 115.271851, -8.545267 ], [ 115.271992, -8.544374 ], [ 115.271992, -8.544369 ], [ 115.272021, -8.544184 ], [ 115.272117, -8.543468 ], [ 115.272146, -8.543246 ], [ 115.272213, -8.54279 ], [ 115.272246, -8.542568 ], [ 115.272274, -8.542374 ], [ 115.272372, -8.541668 ], [ 115.27238, -8.541609 ], [ 115.272478, -8.54091 ], [ 115.272496, -8.540767 ], [ 115.272503, -8.540714 ], [ 115.272602, -8.539939 ], [ 115.272687, -8.538981 ], [ 115.272772, -8.538151 ], [ 115.272781, -8.537912 ], [ 115.272765, -8.537777 ], [ 115.272752, -8.537659 ], [ 115.272711, -8.5374 ], [ 115.272523, -8.536403 ], [ 115.272521, -8.536395 ], [ 115.27251, -8.53633 ], [ 115.272487, -8.536208 ] ] } },
{ "type": "Feature", "properties": { "Nm_Ruas": "Jl. Salendro", "Status": "Jalan Kota", "Propinsi": "Jawa Barat", "Kab_Kot": "Kota Bandung", "risk_prediction": 1, "Satwil": "Polrestabes Bandung" }, "geometry": { "type": "LineString", "coordinates": [ [ 107.634641, -6.941631 ], [ 107.6347, -6.94073 ] ] } },
{ "type": "Feature", "properties": { "Nm_Ruas": "Jl. Samirono - Klebengan", "Status": "Jalan Kabupaten", "Propinsi": "Daerah Istimewa Yogyakarta", "Kab_Kot": "Sleman", "risk_prediction": 1, "Satwil": "Polda DI Yogyakarta" }, "geometry": { "type": "LineString", "coordinates": [ [ 110.384847, -7.777441 ], [ 110.385018, -7.776554 ] ] } },
{ "type": "Feature", "properties": { "Nm_Ruas": "Jl. Samirono - Klebengan", "Status": "Jalan Kabupaten", "Propinsi": "Daerah Istimewa Yogyakarta", "Kab_Kot": "Sleman", "risk_prediction": 1, "Satwil": "Polda DI Yogyakarta" }, "geometry": { "type": "LineString", "coordinates": [ [ 110.387331, -7.768967 ], [ 110.38734, -7.768948 ], [ 110.387528, -7.768396 ], [ 110.387574, -7.768223 ], [ 110.387615, -7.768138 ], [ 110.387633, -7.768115 ] ] } },
{ "type": "Feature", "properties": { "Nm_Ruas": "Jl. Saraswati", "Status": "Jalan Kabupaten", "Propinsi": "Bali", "Kab_Kot": "Tabanan", "risk_prediction": 1, "Satwil": "Polda Bali" }, "geometry": { "type": "LineString", "coordinates": [ [ 115.027206, -8.50322 ], [ 115.027207, -8.503207 ], [ 115.027207, -8.503206 ], [ 115.027218, -8.503082 ], [ 115.027266, -8.502921 ], [ 115.027345, -8.502674 ], [ 115.027444, -8.502364 ], [ 115.027448, -8.502349 ] ] } },
{ "type": "Feature", "properties": { "Nm_Ruas": "Jl. Sari Asih", "Status": "Jalan Kota", "Propinsi": "Jawa Barat", "Kab_Kot": "Kota Bandung", "risk_prediction": 1, "Satwil": "Polrestabes Bandung" }, "geometry": { "type": "LineString", "coordinates": [ [ 107.579307, -6.876486 ], [ 107.579249, -6.876463 ], [ 107.578726, -6.876237 ], [ 107.57856, -6.876162 ], [ 107.578476, -6.876126 ] ] } },
{ "type": "Feature", "properties": { "Nm_Ruas": "Jl. Sarijadi Raya", "Status": "Jalan Kota", "Propinsi": "Jawa Barat", "Kab_Kot": "Kota Bandung", "risk_prediction": 1, "Satwil": "Polrestabes Bandung" }, "geometry": { "type": "LineString", "coordinates": [ [ 107.580903, -6.870563 ], [ 107.580902, -6.870567 ], [ 107.580898, -6.870661 ], [ 107.580891, -6.870736 ], [ 107.58086, -6.871068 ], [ 107.580783, -6.871648 ], [ 107.580731, -6.8719 ], [ 107.580675, -6.872138 ], [ 107.580572, -6.872554 ], [ 107.580543, -6.872668 ], [ 107.580492, -6.872856 ], [ 107.580469, -6.872952 ], [ 107.58044, -6.873063 ], [ 107.580399, -6.873214 ], [ 107.580288, -6.873799 ], [ 107.580274, -6.873873 ], [ 107.580242, -6.874016 ], [ 107.580209, -6.874168 ], [ 107.580182, -6.874316 ], [ 107.580157, -6.8744 ], [ 107.580134, -6.874473 ], [ 107.580077, -6.874601 ], [ 107.580029, -6.874712 ], [ 107.580006, -6.874756 ], [ 107.579937, -6.874909 ], [ 107.579913, -6.874963 ], [ 107.579875, -6.875047 ], [ 107.57982, -6.875169 ], [ 107.579685, -6.875468 ], [ 107.579628, -6.875594 ], [ 107.579609, -6.875635 ], [ 107.579441, -6.876006 ], [ 107.579249, -6.876463 ] ] } },
{ "type": "Feature", "properties": { "Nm_Ruas": "Jl. Sasak Gantung Cikawao", "Status": "Jalan Kota", "Propinsi": "Jawa Barat", "Kab_Kot": "Kota Bandung", "risk_prediction": 1, "Satwil": "Polrestabes Bandung" }, "geometry": { "type": "LineString", "coordinates": [ [ 107.611733, -6.926172 ], [ 107.612014, -6.926208 ], [ 107.612271, -6.926241 ], [ 107.612519, -6.926252 ], [ 107.612632, -6.926269 ] ] } },
{ "type": "Feature", "properties": { "Nm_Ruas": "Jl. Sedap Malam", "Status": "Jalan Kota", "Propinsi": "Bali", "Kab_Kot": "Kota Denpasar", "risk_prediction": 1, "Satwil": "Polda Bali" }, "geometry": { "type": "LineString", "coordinates": [ [ 115.241217, -8.647994 ], [ 115.241235, -8.648048 ], [ 115.24128, -8.648181 ], [ 115.241382, -8.648527 ], [ 115.241481, -8.648864 ] ] } },
{ "type": "Feature", "properties": { "Nm_Ruas": "Jl. Sekar Sari", "Status": "Jalan Kota", "Propinsi": "Bali", "Kab_Kot": "Kota Denpasar", "risk_prediction": 1, "Satwil": "Polda Bali" }, "geometry": { "type": "LineString", "coordinates": [ [ 115.263071, -8.650072 ], [ 115.263041, -8.649922 ], [ 115.262974, -8.649686 ], [ 115.262938, -8.64953 ], [ 115.262887, -8.649187 ] ] } },
{ "type": "Feature", "properties": { "Nm_Ruas": "Jl. Sekejati", "Status": "Jalan Kota", "Propinsi": "Jawa Barat", "Kab_Kot": "Kota Bandung", "risk_prediction": 1, "Satwil": "Polrestabes Bandung" }, "geometry": { "type": "LineString", "coordinates": [ [ 107.643201, -6.940154 ], [ 107.643048, -6.94013 ], [ 107.64234, -6.940023 ], [ 107.642307, -6.940017 ] ] } },
{ "type": "Feature", "properties": { "Nm_Ruas": "Jl. Sekejati", "Status": "Jalan Kota", "Propinsi": "Jawa Barat", "Kab_Kot": "Kota Bandung", "risk_prediction": 1, "Satwil": "Polrestabes Bandung" }, "geometry": { "type": "LineString", "coordinates": [ [ 107.651965, -6.94207 ], [ 107.651898, -6.941951 ], [ 107.651871, -6.941934 ], [ 107.651839, -6.941921 ], [ 107.651154, -6.941765 ], [ 107.651117, -6.941756 ], [ 107.647199, -6.940863 ], [ 107.646701, -6.940749 ], [ 107.646689, -6.940747 ], [ 107.64585, -6.940554 ], [ 107.645808, -6.940544 ], [ 107.645806, -6.940544 ], [ 107.645745, -6.940533 ], [ 107.645236, -6.940445 ], [ 107.644919, -6.94038 ] ] } },
{ "type": "Feature", "properties": { "Nm_Ruas": "Jl. Selontongan", "Status": "Jalan Kota", "Propinsi": "Jawa Barat", "Kab_Kot": "Kota Bandung", "risk_prediction": 1, "Satwil": "Polrestabes Bandung" }, "geometry": { "type": "LineString", "coordinates": [ [ 107.625771, -6.940099 ], [ 107.625799, -6.940066 ], [ 107.626094, -6.9397 ], [ 107.626288, -6.939426 ], [ 107.626317, -6.93938 ] ] } },
{ "type": "Feature", "properties": { "Nm_Ruas": "Jl. Selontongan", "Status": "Jalan Kota", "Propinsi": "Jawa Barat", "Kab_Kot": "Kota Bandung", "risk_prediction": 1, "Satwil": "Polrestabes Bandung" }, "geometry": { "type": "LineString", "coordinates": [ [ 107.626824, -6.938653 ], [ 107.626888, -6.938532 ], [ 107.627021, -6.938244 ], [ 107.627212, -6.937838 ] ] } },
{ "type": "Feature", "properties": { "Nm_Ruas": "Jl. Sentanu", "Status": "Jalan Kota", "Propinsi": "Bali", "Kab_Kot": "Kota Denpasar", "risk_prediction": 1, "Satwil": "Polda Bali" }, "geometry": { "type": "LineString", "coordinates": [ [ 115.213572, -8.606365 ], [ 115.213573, -8.606365 ], [ 115.213755, -8.606373 ], [ 115.21394, -8.606386 ], [ 115.214149, -8.606399 ], [ 115.214296, -8.60641 ], [ 115.214467, -8.606414 ], [ 115.214478, -8.606414 ] ] } },
{ "type": "Feature", "properties": { "Nm_Ruas": "Jl. Sentot Alibasyah", "Status": "Jalan Provinsi", "Propinsi": "Jawa Barat", "Kab_Kot": "Kota Bandung", "risk_prediction": 1, "Satwil": "Polrestabes Bandung" }, "geometry": { "type": "LineString", "coordinates": [ [ 107.619302, -6.901272 ], [ 107.619302, -6.901193 ], [ 107.6193, -6.901073 ], [ 107.619283, -6.900366 ] ] } },
{ "type": "Feature", "properties": { "Nm_Ruas": "Jl. Sentot Alibasyah", "Status": "Jalan Provinsi", "Propinsi": "Jawa Barat", "Kab_Kot": "Kota Bandung", "risk_prediction": 1, "Satwil": "Polrestabes Bandung" }, "geometry": { "type": "LineString", "coordinates": [ [ 107.619379, -6.900286 ], [ 107.619408, -6.901031 ], [ 107.61941, -6.901067 ], [ 107.619419, -6.901188 ], [ 107.619419, -6.901191 ], [ 107.619421, -6.901227 ], [ 107.619423, -6.901269 ] ] } },
{ "type": "Feature", "properties": { "Nm_Ruas": "Jl. Seram", "Status": "Jalan Kota", "Propinsi": "Jawa Barat", "Kab_Kot": "Kota Bandung", "risk_prediction": 1, "Satwil": "Polrestabes Bandung" }, "geometry": { "type": "LineString", "coordinates": [ [ 107.614817, -6.910039 ], [ 107.614846, -6.909957 ], [ 107.61485, -6.909917 ], [ 107.614848, -6.909861 ], [ 107.615, -6.909975 ] ] } },
{ "type": "Feature", "properties": { "Nm_Ruas": "Jl. Seririt - Bts. Kota Singaraja", "Status": "Jalan Nasional", "Propinsi": "Bali", "Kab_Kot": "Buleleng", "risk_prediction": 1, "Satwil": "Polda Bali" }, "geometry": { "type": "LineString", "coordinates": [ [ 115.065748, -8.127492 ], [ 115.06545, -8.12779 ], [ 115.065349, -8.127888 ], [ 115.065334, -8.127902 ], [ 115.06514, -8.12809 ], [ 115.065105, -8.12813 ], [ 115.065102, -8.128132 ], [ 115.06506, -8.12818 ], [ 115.06504, -8.1282 ], [ 115.06478, -8.12846 ], [ 115.064712, -8.128528 ], [ 115.064696, -8.128544 ], [ 115.06456, -8.12868 ], [ 115.064537, -8.128703 ], [ 115.064461, -8.128777 ], [ 115.064066, -8.129161 ], [ 115.064048, -8.129178 ], [ 115.063888, -8.129334 ], [ 115.06381, -8.12941 ], [ 115.06343, -8.12979 ], [ 115.063423, -8.129797 ], [ 115.063405, -8.129815 ], [ 115.062924, -8.130287 ], [ 115.062365, -8.130837 ], [ 115.062279, -8.130923 ], [ 115.062277, -8.130925 ], [ 115.061638, -8.131562 ], [ 115.06159, -8.13161 ], [ 115.0615, -8.1317 ], [ 115.061499, -8.131701 ], [ 115.061475, -8.131721 ], [ 115.06071, -8.13247 ], [ 115.060298, -8.132908 ], [ 115.058917, -8.134231 ], [ 115.05889, -8.134257 ], [ 115.058392, -8.134744 ], [ 115.058271, -8.134863 ], [ 115.058243, -8.13489 ], [ 115.05812, -8.13501 ], [ 115.05794, -8.13518 ], [ 115.05749, -8.13562 ], [ 115.056435, -8.136854 ], [ 115.056408, -8.136888 ], [ 115.05593, -8.13747 ], [ 115.055862, -8.137553 ], [ 115.055833, -8.137588 ], [ 115.05573, -8.137712 ], [ 115.055287, -8.138251 ], [ 115.05528, -8.13826 ], [ 115.055257, -8.138286 ], [ 115.05518, -8.13837 ], [ 115.05515, -8.138407 ], [ 115.055147, -8.13841 ], [ 115.054707, -8.138944 ], [ 115.054676, -8.138981 ], [ 115.054574, -8.139105 ], [ 115.05438, -8.13934 ], [ 115.05432, -8.13941 ], [ 115.054131, -8.139641 ], [ 115.0541, -8.139679 ], [ 115.05369, -8.14018 ], [ 115.053557, -8.140339 ], [ 115.053525, -8.140378 ], [ 115.052979, -8.141034 ], [ 115.052945, -8.141074 ], [ 115.05254, -8.14156 ], [ 115.0524, -8.141728 ], [ 115.052365, -8.141769 ], [ 115.05218, -8.14199 ], [ 115.05194, -8.14228 ], [ 115.051823, -8.142424 ], [ 115.051789, -8.142467 ], [ 115.051675, -8.142606 ] ] } },
{ "type": "Feature", "properties": { "Nm_Ruas": "Jl. Serma Arda", "Status": "Jalan Kabupaten", "Propinsi": "Bali", "Kab_Kot": "Tabanan", "risk_prediction": 1, "Satwil": "Polda Bali" }, "geometry": { "type": "LineString", "coordinates": [ [ 115.027863, -8.504003 ], [ 115.027903, -8.503787 ], [ 115.027946, -8.503538 ], [ 115.02798, -8.503378 ] ] } },
{ "type": "Feature", "properties": { "Nm_Ruas": "Jl. Sersan Bajuri", "Status": "Jalan Kota", "Propinsi": "Jawa Barat", "Kab_Kot": "Kota Bandung", "risk_prediction": 1, "Satwil": "Polrestabes Bandung" }, "geometry": { "type": "LineString", "coordinates": [ [ 107.594337, -6.858091 ], [ 107.594378, -6.858136 ], [ 107.594482, -6.858246 ], [ 107.594942, -6.858762 ] ] } },
{ "type": "Feature", "properties": { "Nm_Ruas": "Jl. Sersan Pugig", "Status": "Jalan Kabupaten", "Propinsi": "Bali", "Kab_Kot": "Gianyar", "risk_prediction": 1, "Satwil": "Polda Bali" }, "geometry": { "type": "LineString", "coordinates": [ [ 115.290316, -8.598293 ], [ 115.290315, -8.598451 ], [ 115.290316, -8.59858 ], [ 115.290318, -8.598713 ], [ 115.290323, -8.598839 ], [ 115.290324, -8.598957 ], [ 115.290323, -8.599197 ] ] } },
{ "type": "Feature", "properties": { "Nm_Ruas": "Jl. Sidakarya", "Status": "Jalan Kota", "Propinsi": "Bali", "Kab_Kot": "Kota Denpasar", "risk_prediction": 1, "Satwil": "Polda Bali" }, "geometry": { "type": "LineString", "coordinates": [ [ 115.220254, -8.700506 ], [ 115.219584, -8.700516 ], [ 115.219363, -8.700521 ], [ 115.219347, -8.700521 ] ] } },
{ "type": "Feature", "properties": { "Nm_Ruas": "Jl. Sidokabul", "Status": "Jalan Kota", "Propinsi": "Daerah Istimewa Yogyakarta", "Kab_Kot": "Kota Yogyakarta", "risk_prediction": 1, "Satwil": "Polda DI Yogyakarta" }, "geometry": { "type": "LineString", "coordinates": [ [ 110.381675, -7.816488 ], [ 110.381643, -7.81658 ], [ 110.381564, -7.816966 ], [ 110.381503, -7.817375 ] ] } },
{ "type": "Feature", "properties": { "Nm_Ruas": "Jl. Siliwangi", "Status": "Jalan Kota", "Propinsi": "Jawa Barat", "Kab_Kot": "Kota Bandung", "risk_prediction": 1, "Satwil": "Polrestabes Bandung" }, "geometry": { "type": "LineString", "coordinates": [ [ 107.60494, -6.883261 ], [ 107.604997, -6.883254 ], [ 107.605052, -6.883256 ], [ 107.605215, -6.883264 ], [ 107.605336, -6.883283 ], [ 107.6054, -6.883301 ], [ 107.60547, -6.883351 ], [ 107.605504, -6.883382 ], [ 107.60553, -6.883426 ], [ 107.605542, -6.883445 ], [ 107.605581, -6.883501 ], [ 107.605601, -6.883557 ] ] } },
{ "type": "Feature", "properties": { "Nm_Ruas": "Jl. Siliwangi", "Status": "Jalan Kota", "Propinsi": "Jawa Barat", "Kab_Kot": "Kota Bandung", "risk_prediction": 1, "Satwil": "Polrestabes Bandung" }, "geometry": { "type": "LineString", "coordinates": [ [ 107.605601, -6.883557 ], [ 107.605533, -6.883504 ], [ 107.605453, -6.883418 ], [ 107.605416, -6.883385 ], [ 107.60534, -6.883343 ], [ 107.605263, -6.883328 ], [ 107.60514, -6.883325 ], [ 107.605056, -6.883328 ], [ 107.604983, -6.883331 ] ] } },
{ "type": "Feature", "properties": { "Nm_Ruas": "Jl. Siliwangi", "Status": "Jalan Kota", "Propinsi": "Jawa Barat", "Kab_Kot": "Kota Bandung", "risk_prediction": 1, "Satwil": "Polrestabes Bandung" }, "geometry": { "type": "LineString", "coordinates": [ [ 107.611783, -6.884949 ], [ 107.611664, -6.884934 ], [ 107.611608, -6.884927 ], [ 107.611396, -6.884832 ], [ 107.611345, -6.884805 ], [ 107.611234, -6.884753 ], [ 107.610943, -6.884629 ], [ 107.610694, -6.884522 ], [ 107.610563, -6.884483 ], [ 107.610521, -6.88447 ], [ 107.610266, -6.884462 ], [ 107.609955, -6.884504 ], [ 107.609621, -6.884582 ], [ 107.60916, -6.884756 ], [ 107.608953, -6.884834 ], [ 107.608728, -6.884912 ], [ 107.608678, -6.884929 ], [ 107.608614, -6.884935 ], [ 107.608536, -6.884916 ], [ 107.608398, -6.884844 ], [ 107.608224, -6.884745 ], [ 107.608041, -6.884643 ], [ 107.607977, -6.884602 ], [ 107.607904, -6.884586 ], [ 107.607825, -6.884575 ], [ 107.607705, -6.884583 ], [ 107.607392, -6.884612 ], [ 107.607253, -6.884631 ], [ 107.607168, -6.884643 ], [ 107.607101, -6.884652 ], [ 107.606884, -6.884672 ], [ 107.606823, -6.884672 ], [ 107.606756, -6.88465 ], [ 107.606545, -6.884526 ], [ 107.606295, -6.884348 ], [ 107.606247, -6.884314 ], [ 107.606098, -6.884186 ], [ 107.605891, -6.883957 ], [ 107.605766, -6.883782 ], [ 107.605725, -6.883725 ], [ 107.60564, -6.883609 ], [ 107.605601, -6.883557 ] ] } },
{ "type": "Feature", "properties": { "Nm_Ruas": "Jl. Siliwangi", "Status": "Jalan Kota", "Propinsi": "Jawa Barat", "Kab_Kot": "Kota Bandung", "risk_prediction": 1, "Satwil": "Polrestabes Bandung" }, "geometry": { "type": "LineString", "coordinates": [ [ 107.611783, -6.884949 ], [ 107.611848, -6.884912 ], [ 107.611898, -6.884855 ], [ 107.611952, -6.884749 ], [ 107.611962, -6.884761 ], [ 107.612164, -6.885019 ] ] } },
{ "type": "Feature", "properties": { "Nm_Ruas": "Jl. Siliwangi", "Status": "Jalan Kota", "Propinsi": "Jawa Barat", "Kab_Kot": "Kota Bandung", "risk_prediction": 1, "Satwil": "Polrestabes Bandung" }, "geometry": { "type": "LineString", "coordinates": [ [ 107.611783, -6.884949 ], [ 107.612164, -6.885019 ] ] } },
{ "type": "Feature", "properties": { "Nm_Ruas": "Jl. Siliwangi", "Status": "Jalan Kota", "Propinsi": "Jawa Barat", "Kab_Kot": "Kota Bandung", "risk_prediction": 1, "Satwil": "Polrestabes Bandung" }, "geometry": { "type": "LineString", "coordinates": [ [ 107.612164, -6.885019 ], [ 107.612274, -6.885036 ], [ 107.612504, -6.885071 ], [ 107.612606, -6.885087 ], [ 107.612721, -6.885104 ], [ 107.612849, -6.885115 ] ] } },
{ "type": "Feature", "properties": { "Nm_Ruas": "Jl. Siliwangi", "Status": "Jalan Kota", "Propinsi": "Jawa Barat", "Kab_Kot": "Kota Bandung", "risk_prediction": 1, "Satwil": "Polrestabes Bandung" }, "geometry": { "type": "LineString", "coordinates": [ [ 107.613763, -6.88529 ], [ 107.613585, -6.885264 ], [ 107.613558, -6.885259 ], [ 107.613484, -6.885254 ], [ 107.613288, -6.885238 ], [ 107.613215, -6.885253 ], [ 107.613081, -6.885295 ], [ 107.612901, -6.885391 ], [ 107.612901, -6.885382 ], [ 107.612897, -6.885275 ], [ 107.612879, -6.885202 ], [ 107.612849, -6.885115 ] ] } },
{ "type": "Feature", "properties": { "Nm_Ruas": "Jl. Siliwangi", "Status": "Jalan Kota", "Propinsi": "Jawa Barat", "Kab_Kot": "Kota Bandung", "risk_prediction": 1, "Satwil": "Polrestabes Bandung" }, "geometry": { "type": "LineString", "coordinates": [ [ 107.612849, -6.885115 ], [ 107.612925, -6.885122 ], [ 107.613211, -6.885149 ], [ 107.613261, -6.885158 ], [ 107.613321, -6.885161 ], [ 107.613408, -6.885173 ], [ 107.613487, -6.885183 ], [ 107.613574, -6.885195 ], [ 107.613591, -6.885197 ], [ 107.613747, -6.885228 ], [ 107.613777, -6.885234 ] ] } },
{ "type": "Feature", "properties": { "Nm_Ruas": "Jl. Simp. By Pas Ngurah Rai - Serangan", "Status": "Jalan Provinsi", "Propinsi": "Bali", "Kab_Kot": "Kota Denpasar", "risk_prediction": 1, "Satwil": "Polda Bali" }, "geometry": { "type": "LineString", "coordinates": [ [ 115.222686, -8.7143 ], [ 115.222701, -8.714362 ], [ 115.222889, -8.715182 ] ] } },
{ "type": "Feature", "properties": { "Nm_Ruas": "Jl. Simp. Kuta - Tugu Ngurah Rai", "Status": "Jalan Nasional", "Propinsi": "Bali", "Kab_Kot": "Badung", "risk_prediction": 1, "Satwil": "Polda Bali" }, "geometry": { "type": "LineString", "coordinates": [ [ 115.182134, -8.722161 ], [ 115.182073, -8.722251 ], [ 115.181997, -8.722384 ], [ 115.181917, -8.722531 ], [ 115.181844, -8.722628 ], [ 115.18179, -8.722755 ], [ 115.181718, -8.722915 ], [ 115.181717, -8.722917 ], [ 115.181715, -8.722921 ], [ 115.18166, -8.7231 ], [ 115.181613, -8.723276 ], [ 115.181573, -8.723426 ], [ 115.18154, -8.72357 ], [ 115.18151, -8.72366 ], [ 115.181466, -8.723782 ], [ 115.181465, -8.723785 ], [ 115.18142, -8.72391 ], [ 115.1813, -8.72424 ], [ 115.18125, -8.72449 ], [ 115.18123, -8.72462 ], [ 115.18123, -8.724651 ], [ 115.18123, -8.724654 ], [ 115.18123, -8.7247 ], [ 115.18121, -8.7248 ], [ 115.18118, -8.72491 ], [ 115.18112, -8.72503 ], [ 115.181091, -8.72507 ], [ 115.18102, -8.72517 ], [ 115.18096, -8.72524 ], [ 115.18092, -8.72529 ], [ 115.18086, -8.72538 ], [ 115.180832, -8.725442 ], [ 115.180831, -8.725446 ], [ 115.18082, -8.72547 ], [ 115.18077, -8.72558 ], [ 115.18068, -8.72583 ], [ 115.180665, -8.725864 ], [ 115.180664, -8.725867 ], [ 115.18065, -8.7259 ], [ 115.1805, -8.72627 ], [ 115.180496, -8.726281 ], [ 115.180494, -8.726286 ], [ 115.18047, -8.72635 ], [ 115.18036, -8.72663 ], [ 115.18033, -8.726708 ], [ 115.180172, -8.727125 ], [ 115.18017, -8.72713 ], [ 115.18014, -8.72721 ], [ 115.18005, -8.72745 ], [ 115.17991, -8.72784 ], [ 115.179864, -8.727975 ], [ 115.179862, -8.727981 ], [ 115.1798, -8.72816 ], [ 115.179649, -8.728507 ], [ 115.1796, -8.72862 ], [ 115.179536, -8.728816 ], [ 115.179534, -8.728823 ], [ 115.17944, -8.72911 ], [ 115.179341, -8.729357 ], [ 115.17934, -8.72936 ], [ 115.17934, -8.729361 ], [ 115.1793, -8.72946 ], [ 115.17923, -8.72962 ], [ 115.179214, -8.72966 ], [ 115.179212, -8.729668 ], [ 115.17911, -8.72993 ], [ 115.17909, -8.72998 ], [ 115.17905, -8.73007 ], [ 115.17902, -8.73012 ], [ 115.178996, -8.730193 ], [ 115.17898, -8.73024 ], [ 115.17895, -8.7303 ], [ 115.17893, -8.73036 ], [ 115.17888, -8.73049 ], [ 115.178877, -8.730497 ], [ 115.178874, -8.730505 ], [ 115.17884, -8.73059 ], [ 115.17882, -8.73066 ], [ 115.1788, -8.73073 ], [ 115.178799, -8.730735 ], [ 115.17879, -8.73077 ], [ 115.17876, -8.73088 ], [ 115.17874, -8.73098 ], [ 115.17873, -8.73098 ], [ 115.17867, -8.73126 ], [ 115.178653, -8.731364 ], [ 115.178652, -8.731373 ], [ 115.17863, -8.73151 ], [ 115.17863, -8.73153 ], [ 115.17863, -8.731618 ] ] } },
{ "type": "Feature", "properties": { "Nm_Ruas": "Jl. Simp. Kuta - Tugu Ngurah Rai", "Status": "Jalan Nasional", "Propinsi": "Bali", "Kab_Kot": "Badung", "risk_prediction": 1, "Satwil": "Polda Bali" }, "geometry": { "type": "LineString", "coordinates": [ [ 115.178691, -8.732525 ], [ 115.1787, -8.73259 ], [ 115.17873, -8.73275 ], [ 115.17873, -8.73276 ], [ 115.17879, -8.73301 ], [ 115.17881, -8.73309 ], [ 115.178819, -8.733153 ], [ 115.17882, -8.73316 ], [ 115.178821, -8.733162 ], [ 115.1789, -8.73349 ], [ 115.179038, -8.73403 ], [ 115.179041, -8.734039 ], [ 115.1791, -8.73427 ], [ 115.17912, -8.73432 ], [ 115.179253, -8.734908 ], [ 115.179255, -8.734917 ], [ 115.17931, -8.73516 ], [ 115.1794, -8.73556 ], [ 115.179454, -8.735789 ], [ 115.179456, -8.735799 ], [ 115.17948, -8.7359 ], [ 115.17952, -8.73608 ], [ 115.17957, -8.73628 ], [ 115.1796, -8.73645 ], [ 115.17963, -8.7366 ], [ 115.17965, -8.73665 ], [ 115.179654, -8.736669 ], [ 115.179657, -8.73668 ], [ 115.17972, -8.73695 ], [ 115.17981, -8.73734 ], [ 115.17986, -8.73755 ], [ 115.179862, -8.73756 ], [ 115.17996, -8.73798 ], [ 115.18, -8.73814 ], [ 115.180065, -8.73843 ], [ 115.180067, -8.738441 ], [ 115.18013, -8.73872 ], [ 115.18016, -8.73883 ], [ 115.1802, -8.739 ], [ 115.18024, -8.73916 ], [ 115.18024, -8.73917 ], [ 115.18026, -8.73928 ], [ 115.180267, -8.739311 ], [ 115.18027, -8.739322 ], [ 115.18032, -8.73954 ], [ 115.18035, -8.73964 ], [ 115.18036, -8.7397 ], [ 115.1804, -8.73985 ], [ 115.18044, -8.74005 ], [ 115.18047, -8.74019 ], [ 115.18047, -8.740191 ], [ 115.180473, -8.740203 ], [ 115.18048, -8.74023 ], [ 115.1805, -8.74028 ], [ 115.18059, -8.74067 ], [ 115.1806, -8.74069 ], [ 115.18063, -8.74078 ], [ 115.1807, -8.74099 ], [ 115.18073, -8.741055 ], [ 115.180735, -8.741066 ], [ 115.18084, -8.74129 ], [ 115.180867, -8.741337 ], [ 115.18091, -8.74141 ], [ 115.18098, -8.74154 ], [ 115.18117, -8.74182 ], [ 115.181182, -8.741835 ], [ 115.18119, -8.741846 ], [ 115.1815, -8.74225 ], [ 115.18161, -8.74239 ], [ 115.181738, -8.742547 ], [ 115.181748, -8.742559 ], [ 115.18183, -8.74266 ], [ 115.18198, -8.74288 ], [ 115.18208, -8.743 ], [ 115.18215, -8.7431 ], [ 115.18225, -8.74323 ], [ 115.182279, -8.743271 ], [ 115.182288, -8.743285 ], [ 115.18234, -8.74336 ], [ 115.182456, -8.743572 ] ] } },
{ "type": "Feature", "properties": { "Nm_Ruas": "Jl. Simp. Tl. Nitimandala - Sp. Imambonjol", "Status": "Jalan Provinsi", "Propinsi": "Bali", "Kab_Kot": "Kota Denpasar", "risk_prediction": 1, "Satwil": "Polda Bali" }, "geometry": { "type": "LineString", "coordinates": [ [ 115.197042, -8.681731 ], [ 115.19742, -8.681552 ], [ 115.197909, -8.68151 ] ] } },
{ "type": "Feature", "properties": { "Nm_Ruas": "Jl. Simp. Tl. Nitimandala - Sp. Imambonjol", "Status": "Jalan Provinsi", "Propinsi": "Bali", "Kab_Kot": "Kota Denpasar", "risk_prediction": 1, "Satwil": "Polda Bali" }, "geometry": { "type": "LineString", "coordinates": [ [ 115.198807, -8.681378 ], [ 115.198954, -8.681353 ], [ 115.198955, -8.681353 ], [ 115.199704, -8.681226 ], [ 115.19985, -8.681202 ], [ 115.199862, -8.6812 ], [ 115.200087, -8.681173 ], [ 115.200965, -8.68107 ], [ 115.200989, -8.681066 ], [ 115.20108, -8.681051 ], [ 115.201116, -8.681045 ], [ 115.201118, -8.681045 ], [ 115.201849, -8.680928 ], [ 115.201886, -8.680917 ], [ 115.202009, -8.680882 ], [ 115.202491, -8.680743 ], [ 115.202896, -8.680627 ], [ 115.203293, -8.68039 ], [ 115.203315, -8.680377 ], [ 115.203319, -8.680375 ], [ 115.203473, -8.680283 ], [ 115.203884, -8.679958 ], [ 115.204032, -8.679821 ], [ 115.204275, -8.679596 ], [ 115.204471, -8.679342 ], [ 115.204627, -8.679139 ], [ 115.205129, -8.678487 ], [ 115.20518, -8.678417 ], [ 115.205291, -8.678264 ], [ 115.205365, -8.678163 ], [ 115.205717, -8.677683 ] ] } },
{ "type": "Feature", "properties": { "Nm_Ruas": "Jl. Simp. Tl. Nitimandala - Sp. Imambonjol", "Status": "Jalan Provinsi", "Propinsi": "Bali", "Kab_Kot": "Kota Denpasar", "risk_prediction": 1, "Satwil": "Polda Bali" }, "geometry": { "type": "LineString", "coordinates": [ [ 115.210444, -8.669928 ], [ 115.210689, -8.669748 ], [ 115.211038, -8.669578 ], [ 115.211244, -8.669511 ], [ 115.211248, -8.669509 ], [ 115.211332, -8.669482 ], [ 115.211698, -8.669364 ], [ 115.212126, -8.669306 ], [ 115.212133, -8.669305 ], [ 115.212159, -8.669302 ], [ 115.212608, -8.669318 ], [ 115.212717, -8.669322 ], [ 115.213511, -8.66941 ], [ 115.213512, -8.66941 ], [ 115.213527, -8.669412 ], [ 115.214014, -8.669466 ], [ 115.214415, -8.669489 ] ] } },
{ "type": "Feature", "properties": { "Nm_Ruas": "Jl. Simp.pesanggaran - Gerbang Benoa", "Status": "Jalan Nasional", "Propinsi": "Bali", "Kab_Kot": "Kota Denpasar", "risk_prediction": 1, "Satwil": "Polda Bali" }, "geometry": { "type": "LineString", "coordinates": [ [ 115.21507, -8.71721 ], [ 115.21504, -8.71735 ], [ 115.214958, -8.718107 ] ] } },
{ "type": "Feature", "properties": { "Nm_Ruas": "Jl. Simpang Kuta - Simp. Pesanggaran", "Status": "Jalan Nasional", "Propinsi": "Bali", "Kab_Kot": "Kota Denpasar", "risk_prediction": 1, "Satwil": "Polda Bali" }, "geometry": { "type": "LineString", "coordinates": [ [ 115.194748, -8.720945 ], [ 115.19465, -8.72098 ], [ 115.194437, -8.721062 ], [ 115.19439, -8.72108 ], [ 115.194343, -8.721098 ], [ 115.19387, -8.72128 ], [ 115.193592, -8.721381 ], [ 115.19354, -8.7214 ], [ 115.193493, -8.72142 ], [ 115.19328, -8.72151 ], [ 115.19316, -8.72155 ], [ 115.19293, -8.72164 ], [ 115.192749, -8.721707 ], [ 115.19274, -8.72171 ], [ 115.192646, -8.721745 ], [ 115.1925, -8.7218 ], [ 115.19236, -8.72184 ], [ 115.19207, -8.72194 ], [ 115.191887, -8.721975 ], [ 115.191776, -8.721997 ], [ 115.19171, -8.72201 ], [ 115.19132, -8.72205 ], [ 115.190989, -8.722068 ], [ 115.190871, -8.722074 ], [ 115.19076, -8.72208 ], [ 115.19045, -8.72207 ], [ 115.190392, -8.72208 ] ] } },
{ "type": "Feature", "properties": { "Nm_Ruas": "Jl. Simpang Kuta - Simp. Pesanggaran", "Status": "Jalan Nasional", "Propinsi": "Bali", "Kab_Kot": "Kota Denpasar", "risk_prediction": 1, "Satwil": "Polda Bali" }, "geometry": { "type": "LineString", "coordinates": [ [ 115.21507, -8.71721 ], [ 115.21497, -8.71719 ], [ 115.214544, -8.717085 ], [ 115.214186, -8.717 ], [ 115.213068, -8.716734 ], [ 115.211543, -8.716417 ], [ 115.211526, -8.716413 ], [ 115.211226, -8.71633 ], [ 115.209761, -8.716017 ], [ 115.209749, -8.716015 ], [ 115.209735, -8.716011 ], [ 115.209686, -8.716 ], [ 115.209586, -8.71598 ], [ 115.209356, -8.71594 ], [ 115.209146, -8.7159 ], [ 115.209116, -8.7159 ], [ 115.208956, -8.71588 ], [ 115.208736, -8.71588 ], [ 115.208536, -8.71589 ], [ 115.208236, -8.71594 ], [ 115.208166, -8.71595 ], [ 115.20798, -8.71601 ], [ 115.207946, -8.716021 ], [ 115.207736, -8.71609 ], [ 115.207726, -8.71609 ], [ 115.207127, -8.716305 ], [ 115.207089, -8.716319 ], [ 115.206489, -8.716535 ], [ 115.206276, -8.716612 ], [ 115.206235, -8.716627 ], [ 115.205726, -8.71681 ], [ 115.205696, -8.71682 ], [ 115.205656, -8.71683 ], [ 115.205636, -8.71684 ], [ 115.205634, -8.71684 ], [ 115.205633, -8.716841 ], [ 115.205566, -8.71686 ], [ 115.205438, -8.716932 ], [ 115.205393, -8.716949 ], [ 115.204788, -8.717171 ], [ 115.20459, -8.717244 ], [ 115.204541, -8.717262 ], [ 115.203741, -8.717556 ], [ 115.203688, -8.717576 ], [ 115.20365, -8.71759 ], [ 115.20317, -8.71776 ], [ 115.202892, -8.717865 ], [ 115.202835, -8.717887 ], [ 115.201912, -8.718231 ], [ 115.201062, -8.718548 ], [ 115.20106, -8.718549 ], [ 115.200208, -8.718867 ] ] } },
{ "type": "Feature", "properties": { "Nm_Ruas": "Jl. Simpang Pesanggaran - Simpang Sanur", "Status": "Jalan Nasional", "Propinsi": "Bali", "Kab_Kot": "Kota Denpasar", "risk_prediction": 1, "Satwil": "Polda Bali" }, "geometry": { "type": "LineString", "coordinates": [ [ 115.224901, -8.712988 ], [ 115.223467, -8.713838 ], [ 115.222686, -8.7143 ], [ 115.222684, -8.714302 ], [ 115.221906, -8.714763 ], [ 115.22186, -8.71479 ], [ 115.221665, -8.714907 ], [ 115.22136, -8.715091 ], [ 115.220888, -8.715375 ], [ 115.22068, -8.7155 ], [ 115.220585, -8.715557 ], [ 115.22058, -8.71556 ], [ 115.22053, -8.71558 ], [ 115.22011, -8.71584 ], [ 115.219808, -8.716017 ], [ 115.21958, -8.71615 ], [ 115.219326, -8.716297 ], [ 115.21913, -8.71641 ], [ 115.219024, -8.716468 ], [ 115.21884, -8.71657 ], [ 115.21874, -8.71663 ], [ 115.218544, -8.716757 ], [ 115.21854, -8.71676 ], [ 115.218241, -8.716919 ], [ 115.217983, -8.717057 ], [ 115.21777, -8.71717 ], [ 115.217743, -8.717184 ], [ 115.21763, -8.71724 ], [ 115.21757, -8.71726 ], [ 115.21752, -8.71728 ], [ 115.217428, -8.717309 ], [ 115.21736, -8.71733 ], [ 115.21713, -8.71738 ], [ 115.2169, -8.71741 ], [ 115.21687, -8.717412 ], [ 115.21665, -8.71743 ], [ 115.216536, -8.717421 ], [ 115.21639, -8.71741 ], [ 115.21598, -8.71737 ], [ 115.215965, -8.717368 ], [ 115.215964, -8.717368 ], [ 115.21566, -8.71732 ], [ 115.215638, -8.717316 ], [ 115.215331, -8.717259 ], [ 115.21507, -8.71721 ] ] } },
{ "type": "Feature", "properties": { "Nm_Ruas": "Jl. Simpang Pesanggaran - Simpang Sanur", "Status": "Jalan Nasional", "Propinsi": "Bali", "Kab_Kot": "Kota Denpasar", "risk_prediction": 1, "Satwil": "Polda Bali" }, "geometry": { "type": "LineString", "coordinates": [ [ 115.234879, -8.710798 ], [ 115.234026, -8.711104 ], [ 115.233641, -8.711242 ], [ 115.233532, -8.711282 ], [ 115.233501, -8.711292 ], [ 115.233401, -8.711322 ], [ 115.23314, -8.711416 ], [ 115.232731, -8.711562 ], [ 115.232674, -8.711581 ], [ 115.232239, -8.711742 ], [ 115.231414, -8.712035 ], [ 115.231142, -8.712106 ], [ 115.23088, -8.71215 ], [ 115.23063, -8.71219 ], [ 115.23054, -8.7122 ], [ 115.230501, -8.712204 ], [ 115.23044, -8.71221 ], [ 115.23017, -8.71223 ], [ 115.23015, -8.71223 ], [ 115.229994, -8.71223 ], [ 115.2297, -8.71223 ], [ 115.229659, -8.712227 ], [ 115.229331, -8.712199 ], [ 115.228845, -8.712143 ], [ 115.22825, -8.71207 ], [ 115.228187, -8.712065 ], [ 115.22801, -8.71205 ], [ 115.22789, -8.71204 ], [ 115.22785, -8.71204 ], [ 115.227801, -8.712037 ], [ 115.22768, -8.71203 ], [ 115.22755, -8.71203 ], [ 115.22741, -8.71203 ], [ 115.22728, -8.712039 ], [ 115.22726, -8.71204 ], [ 115.22709, -8.71206 ], [ 115.22694, -8.71208 ], [ 115.226901, -8.712087 ], [ 115.22677, -8.71211 ], [ 115.22658, -8.71216 ], [ 115.226521, -8.712178 ] ] } },
{ "type": "Feature", "properties": { "Nm_Ruas": "Jl. Simpang Pesanggaran - Simpang Sanur", "Status": "Jalan Nasional", "Propinsi": "Bali", "Kab_Kot": "Kota Denpasar", "risk_prediction": 1, "Satwil": "Polda Bali" }, "geometry": { "type": "LineString", "coordinates": [ [ 115.238132, -8.709623 ], [ 115.2374, -8.709884 ], [ 115.236548, -8.710206 ], [ 115.236411, -8.710252 ], [ 115.236097, -8.710364 ], [ 115.235735, -8.710492 ] ] } },
{ "type": "Feature", "properties": { "Nm_Ruas": "Jl. Simpang Pesanggaran - Simpang Sanur", "Status": "Jalan Nasional", "Propinsi": "Bali", "Kab_Kot": "Kota Denpasar", "risk_prediction": 1, "Satwil": "Polda Bali" }, "geometry": { "type": "LineString", "coordinates": [ [ 115.245669, -8.705147 ], [ 115.24559, -8.70521 ], [ 115.24536, -8.705423 ], [ 115.245002, -8.705759 ], [ 115.245, -8.705762 ], [ 115.244342, -8.70638 ], [ 115.243497, -8.707173 ], [ 115.243146, -8.707477 ], [ 115.242991, -8.707612 ], [ 115.242677, -8.707828 ], [ 115.242443, -8.707966 ], [ 115.242167, -8.708109 ], [ 115.241749, -8.708309 ], [ 115.241445, -8.708441 ], [ 115.240542, -8.708763 ] ] } },
{ "type": "Feature", "properties": { "Nm_Ruas": "Jl. Simpang Pesanggaran - Simpang Sanur", "Status": "Jalan Nasional", "Propinsi": "Bali", "Kab_Kot": "Kota Denpasar", "risk_prediction": 1, "Satwil": "Polda Bali" }, "geometry": { "type": "LineString", "coordinates": [ [ 115.258724, -8.694282 ], [ 115.25873, -8.695912 ], [ 115.258733, -8.696816 ], [ 115.258733, -8.696822 ], [ 115.258736, -8.69772 ], [ 115.258739, -8.698537 ], [ 115.25874, -8.698881 ], [ 115.25874, -8.699446 ], [ 115.25874, -8.699594 ], [ 115.25874, -8.700355 ], [ 115.25874, -8.700542 ], [ 115.25874, -8.700689 ], [ 115.25874, -8.70096 ], [ 115.25874, -8.70097 ], [ 115.258749, -8.701223 ], [ 115.25875, -8.701264 ], [ 115.25876, -8.701539 ], [ 115.25876, -8.70155 ], [ 115.258759, -8.701593 ], [ 115.258744, -8.702126 ], [ 115.258743, -8.702173 ], [ 115.25874, -8.70245 ], [ 115.25874, -8.702452 ], [ 115.258732, -8.702496 ], [ 115.25873, -8.70251 ], [ 115.2587, -8.70279 ], [ 115.25868, -8.70288 ], [ 115.25864, -8.70301 ], [ 115.258637, -8.703019 ], [ 115.258618, -8.703068 ], [ 115.25853, -8.7033 ], [ 115.258512, -8.703327 ], [ 115.258491, -8.703358 ], [ 115.25843, -8.70345 ], [ 115.25834, -8.70359 ], [ 115.25818, -8.70378 ], [ 115.258174, -8.703786 ], [ 115.25815, -8.70381 ], [ 115.2581, -8.70385 ], [ 115.2579, -8.70399 ], [ 115.257873, -8.704004 ], [ 115.25782, -8.70403 ], [ 115.25769, -8.7041 ], [ 115.2575, -8.70417 ], [ 115.257359, -8.704217 ], [ 115.257343, -8.704222 ], [ 115.25715, -8.70426 ], [ 115.25676, -8.70428 ], [ 115.25651, -8.70427 ], [ 115.256487, -8.70427 ], [ 115.25648, -8.70427 ], [ 115.256455, -8.70427 ], [ 115.256452, -8.70427 ], [ 115.256105, -8.704273 ], [ 115.255583, -8.704278 ], [ 115.255546, -8.704278 ], [ 115.255544, -8.704278 ], [ 115.255196, -8.704281 ], [ 115.255025, -8.704282 ], [ 115.254679, -8.704285 ], [ 115.254288, -8.704288 ], [ 115.254117, -8.70429 ], [ 115.254116, -8.70429 ], [ 115.25411, -8.70429 ], [ 115.254031, -8.704289 ], [ 115.253775, -8.704285 ], [ 115.25343, -8.70428 ], [ 115.253207, -8.704281 ] ] } },
{ "type": "Feature", "properties": { "Nm_Ruas": "Jl. Simpang Pesanggaran - Simpang Sanur", "Status": "Jalan Nasional", "Propinsi": "Bali", "Kab_Kot": "Kota Denpasar", "risk_prediction": 1, "Satwil": "Polda Bali" }, "geometry": { "type": "LineString", "coordinates": [ [ 115.2597, -8.67441 ], [ 115.25971, -8.67446 ], [ 115.25971, -8.67449 ], [ 115.25971, -8.67454 ], [ 115.25971, -8.67459 ], [ 115.259657, -8.674765 ], [ 115.259501, -8.675282 ], [ 115.2595, -8.675287 ], [ 115.259498, -8.675292 ], [ 115.259396, -8.675631 ], [ 115.25933, -8.67585 ], [ 115.25924, -8.67612 ], [ 115.259232, -8.676145 ], [ 115.258958, -8.677006 ], [ 115.25894, -8.67706 ], [ 115.258854, -8.677356 ], [ 115.25885, -8.67737 ], [ 115.258768, -8.677635 ], [ 115.25873, -8.67776 ], [ 115.258705, -8.677874 ], [ 115.25869, -8.67794 ], [ 115.25865, -8.67813 ], [ 115.258634, -8.678232 ], [ 115.25861, -8.67839 ], [ 115.2586, -8.6785 ], [ 115.2586, -8.678523 ], [ 115.2586, -8.678527 ], [ 115.2586, -8.67854 ], [ 115.25861, -8.678725 ], [ 115.25864, -8.67893 ], [ 115.258695, -8.679125 ], [ 115.25875, -8.67932 ], [ 115.258782, -8.679413 ], [ 115.25886, -8.679636 ], [ 115.258965, -8.679935 ], [ 115.25897, -8.67995 ], [ 115.25898, -8.679983 ], [ 115.259069, -8.680275 ], [ 115.259136, -8.680497 ], [ 115.25921, -8.68074 ], [ 115.259228, -8.6808 ] ] } },
{ "type": "Feature", "properties": { "Nm_Ruas": "Jl. Simpang Sanur - Simpang Tohpati", "Status": "Jalan Nasional", "Propinsi": "Bali", "Kab_Kot": "Kota Denpasar", "risk_prediction": 1, "Satwil": "Polda Bali" }, "geometry": { "type": "LineString", "coordinates": [ [ 115.254374, -8.662305 ], [ 115.25446, -8.66264 ], [ 115.254538, -8.662937 ], [ 115.25457, -8.66306 ], [ 115.254589, -8.663139 ], [ 115.25462, -8.66327 ], [ 115.25463, -8.66331 ], [ 115.25476, -8.6638 ], [ 115.254764, -8.663813 ], [ 115.25479, -8.6639 ], [ 115.254814, -8.664014 ], [ 115.25484, -8.66414 ], [ 115.25488, -8.66427 ], [ 115.25492, -8.66442 ], [ 115.254987, -8.664689 ], [ 115.25499, -8.6647 ], [ 115.255044, -8.664888 ], [ 115.25505, -8.66491 ], [ 115.25508, -8.66505 ], [ 115.25518, -8.66539 ], [ 115.25519, -8.66542 ], [ 115.255227, -8.665561 ], [ 115.25527, -8.66572 ], [ 115.255281, -8.66576 ], [ 115.25535, -8.66602 ], [ 115.25535, -8.66603 ], [ 115.25537, -8.6661 ], [ 115.25543, -8.66632 ], [ 115.25546, -8.66643 ], [ 115.255461, -8.666434 ], [ 115.255526, -8.666629 ], [ 115.255548, -8.666695 ], [ 115.25558, -8.66679 ], [ 115.25577, -8.66728 ], [ 115.255771, -8.667283 ], [ 115.2558, -8.66737 ], [ 115.255846, -8.667475 ], [ 115.2559, -8.6676 ], [ 115.25592, -8.66764 ], [ 115.256038, -8.6679 ], [ 115.25606, -8.66795 ], [ 115.25607, -8.66797 ], [ 115.256141, -8.668109 ], [ 115.256234, -8.668291 ], [ 115.2563, -8.66842 ], [ 115.25641, -8.66861 ], [ 115.25646, -8.6687 ], [ 115.256462, -8.668704 ], [ 115.25648, -8.66874 ], [ 115.256581, -8.668899 ], [ 115.2566, -8.66893 ], [ 115.256682, -8.669075 ], [ 115.25685, -8.66937 ], [ 115.256913, -8.669483 ], [ 115.257027, -8.669687 ], [ 115.25704, -8.66971 ], [ 115.25708, -8.66978 ], [ 115.257129, -8.669861 ], [ 115.25728, -8.67011 ], [ 115.25729, -8.67014 ], [ 115.257475, -8.670472 ], [ 115.25748, -8.67048 ], [ 115.257578, -8.670645 ], [ 115.2578, -8.67102 ], [ 115.25785, -8.6711 ], [ 115.257929, -8.671233 ], [ 115.257939, -8.671249 ], [ 115.258041, -8.671421 ], [ 115.2581, -8.67152 ], [ 115.25836, -8.67202 ], [ 115.258363, -8.672026 ], [ 115.258366, -8.67203 ], [ 115.258373, -8.672044 ], [ 115.25843, -8.67215 ], [ 115.258471, -8.672216 ], [ 115.25865, -8.67251 ], [ 115.25868, -8.67256 ], [ 115.2588, -8.67278 ], [ 115.258816, -8.672809 ], [ 115.258825, -8.672827 ], [ 115.258918, -8.673002 ], [ 115.25897, -8.6731 ], [ 115.25906, -8.67324 ], [ 115.25914, -8.67339 ], [ 115.259259, -8.67359 ], [ 115.259273, -8.673614 ], [ 115.2593, -8.67366 ], [ 115.25937, -8.673784 ], [ 115.25939, -8.67382 ], [ 115.25968, -8.67436 ], [ 115.259692, -8.674384 ], [ 115.259694, -8.674388 ], [ 115.2597, -8.6744 ], [ 115.2597, -8.67441 ] ] } },
{ "type": "Feature", "properties": { "Nm_Ruas": "Jl. Simpang Sanur - Simpang Tohpati", "Status": "Jalan Nasional", "Propinsi": "Bali", "Kab_Kot": "Kota Denpasar", "risk_prediction": 1, "Satwil": "Polda Bali" }, "geometry": { "type": "LineString", "coordinates": [ [ 115.255241, -8.642818 ], [ 115.255357, -8.643161 ], [ 115.255405, -8.64337 ], [ 115.255433, -8.643701 ], [ 115.255436, -8.643739 ], [ 115.25545, -8.644009 ], [ 115.25545, -8.644134 ], [ 115.25545, -8.644424 ], [ 115.255437, -8.644609 ] ] } },
{ "type": "Feature", "properties": { "Nm_Ruas": "Jl. Sindang Sirna", "Status": "Jalan Kota", "Propinsi": "Jawa Barat", "Kab_Kot": "Kota Bandung", "risk_prediction": 1, "Satwil": "Polrestabes Bandung" }, "geometry": { "type": "LineString", "coordinates": [ [ 107.595759, -6.877851 ], [ 107.595762, -6.877853 ], [ 107.596224, -6.877411 ] ] } },
{ "type": "Feature", "properties": { "Nm_Ruas": "Jl. Sindang Sirna III", "Status": "Jalan Kota", "Propinsi": "Jawa Barat", "Kab_Kot": "Kota Bandung", "risk_prediction": 1, "Satwil": "Polrestabes Bandung" }, "geometry": { "type": "LineString", "coordinates": [ [ 107.59055, -6.87082 ], [ 107.590557, -6.870797 ], [ 107.590573, -6.870725 ], [ 107.590572, -6.870632 ], [ 107.59055, -6.87042 ], [ 107.590559, -6.870353 ], [ 107.590615, -6.869956 ], [ 107.59062, -6.869923 ], [ 107.590621, -6.869919 ] ] } },
{ "type": "Feature", "properties": { "Nm_Ruas": "Jl. Singasari", "Status": "Jalan Kota", "Propinsi": "Bali", "Kab_Kot": "Kota Denpasar", "risk_prediction": 1, "Satwil": "Polda Bali" }, "geometry": { "type": "LineString", "coordinates": [ [ 115.2103, -8.634184 ], [ 115.210348, -8.634181 ], [ 115.210573, -8.634168 ], [ 115.21075, -8.63418 ], [ 115.210911, -8.634202 ], [ 115.211038, -8.634234 ], [ 115.211167, -8.634267 ], [ 115.211198, -8.634271 ] ] } },
{ "type": "Feature", "properties": { "Nm_Ruas": "Jl. Sirnagalih", "Status": "Jalan Kota", "Propinsi": "Jawa Barat", "Kab_Kot": "Kota Bandung", "risk_prediction": 1, "Satwil": "Polrestabes Bandung" }, "geometry": { "type": "LineString", "coordinates": [ [ 107.596255, -6.87833 ], [ 107.595762, -6.877853 ] ] } },
{ "type": "Feature", "properties": { "Nm_Ruas": "Jl. Sisingamangaraja", "Status": "Jalan Kota", "Propinsi": "Daerah Istimewa Yogyakarta", "Kab_Kot": "Kota Yogyakarta", "risk_prediction": 1, "Satwil": "Polda DI Yogyakarta" }, "geometry": { "type": "LineString", "coordinates": [ [ 110.373161, -7.815285 ], [ 110.373134, -7.8158 ], [ 110.373134, -7.816188 ] ] } },
{ "type": "Feature", "properties": { "Nm_Ruas": "Jl. Siulan", "Status": "Jalan Kota", "Propinsi": "Bali", "Kab_Kot": "Kota Denpasar", "risk_prediction": 1, "Satwil": "Polda Bali" }, "geometry": { "type": "LineString", "coordinates": [ [ 115.255711, -8.634066 ], [ 115.255702, -8.634041 ], [ 115.255599, -8.633771 ], [ 115.255569, -8.633178 ] ] } },
{ "type": "Feature", "properties": { "Nm_Ruas": "Jl. Smp Pancasila - Kolibul Kawan", "Status": "Jalan Kabupaten", "Propinsi": "Bali", "Kab_Kot": "Badung", "risk_prediction": 1, "Satwil": "Polda Bali" }, "geometry": { "type": "LineString", "coordinates": [ [ 115.153849, -8.640067 ], [ 115.153797, -8.640151 ], [ 115.153681, -8.640323 ], [ 115.153593, -8.640448 ], [ 115.153547, -8.64051 ], [ 115.153447, -8.640608 ], [ 115.153323, -8.640742 ], [ 115.15329, -8.640779 ] ] } },
{ "type": "Feature", "properties": { "Nm_Ruas": "Jl. Soekarno Hatta", "Status": "Jalan Nasional", "Propinsi": "Jawa Barat", "Kab_Kot": "Kota Bandung", "risk_prediction": 1, "Satwil": "Polrestabes Bandung" }, "geometry": { "type": "LineString", "coordinates": [ [ 107.576038, -6.930756 ], [ 107.57599, -6.930594 ], [ 107.575962, -6.930494 ], [ 107.57596, -6.930486 ], [ 107.575943, -6.930417 ], [ 107.575943, -6.930415 ], [ 107.575919, -6.930244 ], [ 107.575897, -6.930083 ], [ 107.57589, -6.930037 ], [ 107.575862, -6.929869 ], [ 107.575776, -6.929351 ], [ 107.57576, -6.929259 ], [ 107.575655, -6.928613 ], [ 107.575547, -6.92786 ], [ 107.575439, -6.927108 ], [ 107.575415, -6.926942 ], [ 107.575376, -6.926696 ], [ 107.575312, -6.92629 ], [ 107.575238, -6.925825 ], [ 107.575194, -6.925526 ], [ 107.575098, -6.924869 ], [ 107.575064, -6.924631 ], [ 107.575063, -6.924629 ], [ 107.575015, -6.924286 ], [ 107.574992, -6.92414 ], [ 107.574931, -6.923733 ], [ 107.574867, -6.923303 ], [ 107.574839, -6.923124 ], [ 107.574832, -6.923074 ], [ 107.574809, -6.922957 ], [ 107.57479, -6.922838 ], [ 107.574782, -6.922785 ], [ 107.57478, -6.922768 ], [ 107.574719, -6.922376 ], [ 107.574673, -6.922073 ], [ 107.574667, -6.922033 ], [ 107.574547, -6.921257 ], [ 107.574491, -6.92091 ], [ 107.574438, -6.920554 ], [ 107.574393, -6.920152 ], [ 107.574348, -6.919754 ], [ 107.574338, -6.919605 ], [ 107.574331, -6.919482 ], [ 107.574311, -6.919126 ], [ 107.574303, -6.918288 ], [ 107.574303, -6.918267 ], [ 107.574301, -6.918135 ], [ 107.574292, -6.917538 ], [ 107.574291, -6.917492 ], [ 107.574294, -6.917382 ], [ 107.574294, -6.917378 ] ] } },
{ "type": "Feature", "properties": { "Nm_Ruas": "Jl. Soekarno Hatta", "Status": "Jalan Nasional", "Propinsi": "Jawa Barat", "Kab_Kot": "Kota Bandung", "risk_prediction": 1, "Satwil": "Polrestabes Bandung" }, "geometry": { "type": "LineString", "coordinates": [ [ 107.589666, -6.94573 ], [ 107.58964, -6.945719 ], [ 107.589575, -6.945691 ], [ 107.589517, -6.945668 ], [ 107.589326, -6.945591 ], [ 107.589053, -6.945492 ], [ 107.588823, -6.945399 ] ] } },
{ "type": "Feature", "properties": { "Nm_Ruas": "Jl. Soekarno Hatta", "Status": "Jalan Nasional", "Propinsi": "Jawa Barat", "Kab_Kot": "Kota Bandung", "risk_prediction": 1, "Satwil": "Polrestabes Bandung" }, "geometry": { "type": "LineString", "coordinates": [ [ 107.598348, -6.947616 ], [ 107.598238, -6.947636 ], [ 107.598088, -6.947658 ], [ 107.597988, -6.947668 ], [ 107.597914, -6.947672 ], [ 107.597801, -6.947673 ], [ 107.597698, -6.947667 ], [ 107.597437, -6.947648 ], [ 107.597308, -6.947638 ], [ 107.597249, -6.947634 ], [ 107.597127, -6.947625 ], [ 107.596796, -6.947602 ], [ 107.596717, -6.947594 ], [ 107.596315, -6.94756 ], [ 107.596153, -6.947543 ] ] } },
{ "type": "Feature", "properties": { "Nm_Ruas": "Jl. Soekarno Hatta", "Status": "Jalan Nasional", "Propinsi": "Jawa Barat", "Kab_Kot": "Kota Bandung", "risk_prediction": 1, "Satwil": "Polrestabes Bandung" }, "geometry": { "type": "LineString", "coordinates": [ [ 107.596168, -6.947388 ], [ 107.596258, -6.947399 ], [ 107.596862, -6.947452 ], [ 107.59747, -6.947486 ], [ 107.598288, -6.947504 ] ] } },
{ "type": "Feature", "properties": { "Nm_Ruas": "Jl. Soekarno Hatta", "Status": "Jalan Nasional", "Propinsi": "Jawa Barat", "Kab_Kot": "Kota Bandung", "risk_prediction": 1, "Satwil": "Polrestabes Bandung" }, "geometry": { "type": "LineString", "coordinates": [ [ 107.596173, -6.947311 ], [ 107.596192, -6.947313 ], [ 107.596446, -6.947335 ], [ 107.596722, -6.947358 ], [ 107.596891, -6.947372 ], [ 107.597374, -6.947403 ], [ 107.597569, -6.94742 ], [ 107.598036, -6.947464 ], [ 107.598288, -6.947504 ] ] } },
{ "type": "Feature", "properties": { "Nm_Ruas": "Jl. Soekarno Hatta", "Status": "Jalan Nasional", "Propinsi": "Jawa Barat", "Kab_Kot": "Kota Bandung", "risk_prediction": 1, "Satwil": "Polrestabes Bandung" }, "geometry": { "type": "LineString", "coordinates": [ [ 107.598288, -6.947504 ], [ 107.598381, -6.947511 ], [ 107.59885, -6.947547 ], [ 107.598966, -6.947557 ], [ 107.599058, -6.947563 ], [ 107.599222, -6.947576 ], [ 107.599281, -6.94758 ], [ 107.599554, -6.947601 ], [ 107.599633, -6.947608 ], [ 107.599921, -6.94763 ], [ 107.599946, -6.947632 ], [ 107.600041, -6.947639 ], [ 107.600411, -6.947666 ], [ 107.600562, -6.947677 ], [ 107.600839, -6.947697 ], [ 107.601085, -6.947715 ], [ 107.601288, -6.94773 ], [ 107.601386, -6.947737 ], [ 107.601494, -6.947745 ], [ 107.601672, -6.947758 ], [ 107.60168, -6.947759 ], [ 107.60222, -6.9478 ], [ 107.602247, -6.947802 ], [ 107.602485, -6.94782 ], [ 107.602582, -6.947825 ], [ 107.602583, -6.947825 ], [ 107.602694, -6.947829 ], [ 107.602821, -6.947833 ], [ 107.60333, -6.94785 ], [ 107.603488, -6.947861 ], [ 107.603511, -6.947863 ], [ 107.603967, -6.947894 ], [ 107.604128, -6.947905 ], [ 107.604152, -6.947906 ], [ 107.604343, -6.947919 ], [ 107.604797, -6.947956 ], [ 107.605107, -6.947983 ], [ 107.605138, -6.947985 ], [ 107.605323, -6.947999 ], [ 107.605439, -6.948007 ], [ 107.605722, -6.948026 ], [ 107.605985, -6.948043 ], [ 107.606115, -6.948052 ], [ 107.60644, -6.948073 ], [ 107.60655, -6.948081 ], [ 107.606711, -6.948091 ], [ 107.607052, -6.948114 ], [ 107.607259, -6.948127 ], [ 107.60734, -6.948133 ], [ 107.607735, -6.948159 ], [ 107.608019, -6.948178 ], [ 107.608029, -6.948178 ], [ 107.608507, -6.94821 ], [ 107.608654, -6.94822 ], [ 107.608985, -6.948242 ], [ 107.60941, -6.948273 ], [ 107.609411, -6.948273 ], [ 107.609721, -6.948292 ], [ 107.610001, -6.948319 ], [ 107.610314, -6.948344 ], [ 107.610347, -6.948347 ], [ 107.611564, -6.948445 ], [ 107.611575, -6.948446 ], [ 107.612155, -6.948492 ], [ 107.612336, -6.948507 ], [ 107.612443, -6.948516 ], [ 107.612477, -6.948518 ], [ 107.612478, -6.948518 ], [ 107.612641, -6.94853 ], [ 107.61335, -6.94858 ], [ 107.613379, -6.948582 ], [ 107.613817, -6.948613 ], [ 107.613914, -6.948619 ], [ 107.613967, -6.948623 ], [ 107.61492, -6.94869 ], [ 107.617101, -6.948844 ], [ 107.617678, -6.948884 ], [ 107.617897, -6.948899 ], [ 107.618476, -6.94894 ], [ 107.618598, -6.948949 ], [ 107.619152, -6.948988 ], [ 107.619284, -6.948997 ], [ 107.619669, -6.949024 ], [ 107.620187, -6.949063 ], [ 107.620551, -6.94909 ], [ 107.620759, -6.949105 ], [ 107.621273, -6.949143 ], [ 107.621453, -6.949157 ], [ 107.621454, -6.949157 ], [ 107.621519, -6.949161 ], [ 107.621566, -6.949164 ], [ 107.621611, -6.949168 ], [ 107.621989, -6.949196 ], [ 107.622357, -6.949223 ] ] } },
{ "type": "Feature", "properties": { "Nm_Ruas": "Jl. Soekarno Hatta", "Status": "Jalan Nasional", "Propinsi": "Jawa Barat", "Kab_Kot": "Kota Bandung", "risk_prediction": 1, "Satwil": "Polrestabes Bandung" }, "geometry": { "type": "LineString", "coordinates": [ [ 107.608507, -6.948317 ], [ 107.608445, -6.948313 ], [ 107.608286, -6.948302 ], [ 107.607948, -6.948279 ], [ 107.60762, -6.948256 ], [ 107.607525, -6.948249 ], [ 107.607257, -6.948231 ], [ 107.607205, -6.948227 ], [ 107.607135, -6.948222 ], [ 107.607059, -6.948217 ], [ 107.606516, -6.948179 ], [ 107.606366, -6.948169 ], [ 107.605691, -6.948122 ], [ 107.605431, -6.948104 ], [ 107.605097, -6.948075 ], [ 107.605059, -6.948071 ], [ 107.604739, -6.948044 ], [ 107.604128, -6.94799 ], [ 107.60399, -6.947981 ] ] } },
{ "type": "Feature", "properties": { "Nm_Ruas": "Jl. Soekarno Hatta", "Status": "Jalan Nasional", "Propinsi": "Jawa Barat", "Kab_Kot": "Kota Bandung", "risk_prediction": 1, "Satwil": "Polrestabes Bandung" }, "geometry": { "type": "LineString", "coordinates": [ [ 107.620549, -6.949198 ], [ 107.620369, -6.949185 ], [ 107.62, -6.94916 ], [ 107.619664, -6.949138 ], [ 107.619257, -6.949108 ], [ 107.619144, -6.9491 ], [ 107.619035, -6.949093 ], [ 107.618345, -6.949042 ], [ 107.618023, -6.949019 ], [ 107.617743, -6.948998 ], [ 107.617673, -6.948993 ], [ 107.616177, -6.948884 ], [ 107.616031, -6.948874 ], [ 107.614907, -6.948792 ], [ 107.614621, -6.948771 ], [ 107.614496, -6.948762 ], [ 107.614065, -6.948731 ], [ 107.61382, -6.948713 ], [ 107.6137, -6.948704 ], [ 107.61357, -6.948695 ], [ 107.613366, -6.94868 ], [ 107.612919, -6.948648 ], [ 107.612463, -6.948614 ], [ 107.612441, -6.948613 ], [ 107.612363, -6.948607 ], [ 107.612094, -6.948588 ], [ 107.611573, -6.94855 ], [ 107.611236, -6.948525 ], [ 107.610345, -6.94845 ], [ 107.609735, -6.948399 ], [ 107.609444, -6.948382 ], [ 107.609442, -6.948382 ], [ 107.608997, -6.948347 ], [ 107.608899, -6.948344 ], [ 107.608752, -6.948334 ], [ 107.608538, -6.948319 ] ] } },
{ "type": "Feature", "properties": { "Nm_Ruas": "Jl. Soekarno Hatta", "Status": "Jalan Nasional", "Propinsi": "Jawa Barat", "Kab_Kot": "Kota Bandung", "risk_prediction": 1, "Satwil": "Polrestabes Bandung" }, "geometry": { "type": "LineString", "coordinates": [ [ 107.62507, -6.949444 ], [ 107.625174, -6.949447 ], [ 107.625412, -6.949452 ], [ 107.625556, -6.949455 ], [ 107.625723, -6.949458 ], [ 107.625812, -6.94946 ], [ 107.625847, -6.949461 ], [ 107.625863, -6.949461 ], [ 107.625974, -6.949462 ], [ 107.625976, -6.949463 ], [ 107.626115, -6.949464 ], [ 107.6262, -6.949462 ], [ 107.626275, -6.949459 ], [ 107.626315, -6.949458 ], [ 107.626731, -6.94944 ], [ 107.626873, -6.949433 ], [ 107.626881, -6.949433 ] ] } },
{ "type": "Feature", "properties": { "Nm_Ruas": "Jl. Soekarno Hatta", "Status": "Jalan Nasional", "Propinsi": "Jawa Barat", "Kab_Kot": "Kota Bandung", "risk_prediction": 1, "Satwil": "Polrestabes Bandung" }, "geometry": { "type": "LineString", "coordinates": [ [ 107.642582, -6.945309 ], [ 107.642507, -6.945337 ], [ 107.642445, -6.94536 ], [ 107.642343, -6.945398 ], [ 107.642062, -6.9455 ], [ 107.641971, -6.945532 ], [ 107.641913, -6.945553 ], [ 107.641821, -6.945584 ], [ 107.641766, -6.945601 ], [ 107.641728, -6.945612 ], [ 107.641445, -6.945692 ], [ 107.641318, -6.945736 ], [ 107.641115, -6.945785 ], [ 107.640947, -6.945817 ], [ 107.64085, -6.945836 ], [ 107.640751, -6.945855 ], [ 107.640511, -6.945902 ], [ 107.640459, -6.945912 ], [ 107.640441, -6.945916 ], [ 107.640112, -6.946001 ], [ 107.640028, -6.946028 ], [ 107.63913, -6.946316 ], [ 107.63859, -6.946489 ], [ 107.638451, -6.946534 ], [ 107.638116, -6.946642 ], [ 107.638068, -6.946657 ], [ 107.637977, -6.946686 ], [ 107.637637, -6.946788 ], [ 107.637211, -6.946916 ], [ 107.637086, -6.946953 ], [ 107.637036, -6.946968 ], [ 107.636874, -6.947017 ], [ 107.636777, -6.947045 ], [ 107.636715, -6.947064 ], [ 107.636265, -6.947199 ], [ 107.63618, -6.947227 ], [ 107.636169, -6.94723 ], [ 107.636041, -6.947273 ], [ 107.635964, -6.947297 ], [ 107.635604, -6.947414 ], [ 107.635501, -6.947446 ], [ 107.635307, -6.947507 ], [ 107.635152, -6.947555 ], [ 107.635112, -6.947568 ], [ 107.634512, -6.947755 ], [ 107.634386, -6.947797 ], [ 107.634029, -6.947914 ], [ 107.633797, -6.94799 ], [ 107.633603, -6.948049 ], [ 107.633526, -6.948077 ], [ 107.633525, -6.948077 ], [ 107.633414, -6.948106 ], [ 107.633341, -6.948126 ], [ 107.633095, -6.948196 ], [ 107.632655, -6.948332 ], [ 107.632484, -6.948385 ], [ 107.632314, -6.948437 ], [ 107.632106, -6.948502 ], [ 107.63146, -6.948703 ], [ 107.63096, -6.948859 ], [ 107.63072, -6.948924 ], [ 107.630177, -6.949072 ], [ 107.630068, -6.949091 ], [ 107.629949, -6.949113 ], [ 107.629621, -6.949172 ], [ 107.629226, -6.949248 ], [ 107.629149, -6.949263 ], [ 107.628985, -6.949297 ], [ 107.628734, -6.94934 ], [ 107.628494, -6.949377 ], [ 107.628258, -6.949407 ], [ 107.628141, -6.949424 ], [ 107.628086, -6.949431 ], [ 107.627778, -6.949467 ], [ 107.627679, -6.949475 ], [ 107.627409, -6.949495 ], [ 107.627342, -6.949502 ], [ 107.627013, -6.949523 ], [ 107.626966, -6.949526 ], [ 107.626895, -6.94953 ], [ 107.626703, -6.949541 ], [ 107.626619, -6.949547 ], [ 107.62643, -6.949558 ], [ 107.626314, -6.949562 ], [ 107.626127, -6.949569 ], [ 107.625992, -6.949569 ], [ 107.62599, -6.949569 ] ] } },
{ "type": "Feature", "properties": { "Nm_Ruas": "Jl. Soekarno Hatta", "Status": "Jalan Nasional", "Propinsi": "Jawa Barat", "Kab_Kot": "Kota Bandung", "risk_prediction": 1, "Satwil": "Polrestabes Bandung" }, "geometry": { "type": "LineString", "coordinates": [ [ 107.626886, -6.949433 ], [ 107.626974, -6.949429 ], [ 107.627223, -6.949414 ], [ 107.627471, -6.949397 ], [ 107.627879, -6.949356 ], [ 107.627934, -6.949349 ], [ 107.628092, -6.949331 ], [ 107.628132, -6.949325 ], [ 107.628223, -6.949315 ], [ 107.62854, -6.949273 ], [ 107.628748, -6.949238 ], [ 107.628915, -6.94921 ], [ 107.629134, -6.949175 ], [ 107.629375, -6.94913 ], [ 107.62944, -6.949118 ], [ 107.629825, -6.949046 ], [ 107.630123, -6.94899 ], [ 107.630316, -6.94894 ], [ 107.630749, -6.948807 ], [ 107.630979, -6.948735 ], [ 107.631327, -6.948624 ], [ 107.631545, -6.948554 ], [ 107.631909, -6.948435 ], [ 107.632162, -6.948356 ], [ 107.632437, -6.94827 ], [ 107.632902, -6.948125 ], [ 107.633045, -6.948076 ], [ 107.633231, -6.94801 ], [ 107.633297, -6.947989 ], [ 107.633298, -6.947988 ], [ 107.633397, -6.947955 ], [ 107.633498, -6.947925 ], [ 107.633641, -6.947882 ], [ 107.633725, -6.947854 ], [ 107.633876, -6.947808 ], [ 107.634001, -6.947769 ], [ 107.634163, -6.947719 ], [ 107.634175, -6.947716 ], [ 107.634332, -6.947667 ], [ 107.634895, -6.947494 ], [ 107.635014, -6.947458 ], [ 107.635059, -6.947444 ], [ 107.635098, -6.947432 ], [ 107.635103, -6.94743 ], [ 107.63525, -6.947385 ], [ 107.635556, -6.947291 ], [ 107.635968, -6.947167 ], [ 107.63597, -6.947167 ], [ 107.635987, -6.947162 ], [ 107.636069, -6.947133 ], [ 107.636143, -6.94711 ], [ 107.636393, -6.947033 ], [ 107.636644, -6.946956 ], [ 107.636705, -6.946937 ], [ 107.636835, -6.946897 ], [ 107.637007, -6.946844 ], [ 107.637071, -6.946825 ], [ 107.637367, -6.946734 ], [ 107.638253, -6.946461 ], [ 107.638452, -6.946394 ], [ 107.63858, -6.94636 ], [ 107.639087, -6.946204 ], [ 107.639155, -6.946183 ], [ 107.639501, -6.946077 ], [ 107.639564, -6.946058 ], [ 107.639643, -6.946033 ], [ 107.639938, -6.945942 ], [ 107.640031, -6.945914 ], [ 107.640099, -6.945893 ], [ 107.640402, -6.945803 ], [ 107.64041, -6.945801 ], [ 107.640498, -6.945774 ], [ 107.640592, -6.945749 ], [ 107.640674, -6.945726 ], [ 107.640878, -6.945672 ], [ 107.64092, -6.945662 ], [ 107.641031, -6.945632 ], [ 107.641184, -6.945587 ], [ 107.641371, -6.945532 ], [ 107.641399, -6.945524 ], [ 107.641692, -6.94544 ], [ 107.641778, -6.945408 ], [ 107.641788, -6.945404 ], [ 107.641837, -6.945387 ], [ 107.641931, -6.945353 ], [ 107.641988, -6.945327 ], [ 107.642297, -6.945212 ], [ 107.64249, -6.945155 ], [ 107.642554, -6.94513 ] ] } },
{ "type": "Feature", "properties": { "Nm_Ruas": "Jl. Soekarno Hatta", "Status": "Jalan Nasional", "Propinsi": "Jawa Barat", "Kab_Kot": "Kota Bandung", "risk_prediction": 1, "Satwil": "Polrestabes Bandung" }, "geometry": { "type": "LineString", "coordinates": [ [ 107.646861, -6.943889 ], [ 107.645993, -6.944166 ], [ 107.64575, -6.944248 ], [ 107.645435, -6.944355 ], [ 107.642826, -6.945227 ], [ 107.642582, -6.945309 ] ] } },
{ "type": "Feature", "properties": { "Nm_Ruas": "Jl. Soekarno Hatta", "Status": "Jalan Nasional", "Propinsi": "Jawa Barat", "Kab_Kot": "Kota Bandung", "risk_prediction": 1, "Satwil": "Polrestabes Bandung" }, "geometry": { "type": "LineString", "coordinates": [ [ 107.652005, -6.942296 ], [ 107.651779, -6.942369 ], [ 107.651705, -6.942392 ], [ 107.651586, -6.942428 ], [ 107.651258, -6.942529 ], [ 107.651197, -6.942548 ], [ 107.651135, -6.942568 ], [ 107.650958, -6.942623 ], [ 107.650748, -6.942692 ], [ 107.650676, -6.942716 ], [ 107.650482, -6.94278 ], [ 107.650375, -6.942816 ], [ 107.650246, -6.942859 ], [ 107.650024, -6.94293 ], [ 107.649777, -6.943006 ], [ 107.649486, -6.943103 ], [ 107.649307, -6.94316 ], [ 107.648989, -6.943262 ], [ 107.648681, -6.943359 ], [ 107.648475, -6.943425 ], [ 107.648124, -6.943535 ], [ 107.647852, -6.94362 ], [ 107.646884, -6.943931 ], [ 107.646796, -6.943959 ], [ 107.64671, -6.943986 ], [ 107.646481, -6.944058 ], [ 107.646252, -6.94413 ], [ 107.645781, -6.944298 ], [ 107.645623, -6.944352 ], [ 107.644326, -6.944777 ], [ 107.644101, -6.944849 ], [ 107.643033, -6.945191 ], [ 107.643011, -6.945199 ], [ 107.64283, -6.945261 ], [ 107.642828, -6.945262 ], [ 107.642667, -6.945316 ], [ 107.642582, -6.945309 ] ] } },
{ "type": "Feature", "properties": { "Nm_Ruas": "Jl. Soekarno Hatta", "Status": "Jalan Nasional", "Propinsi": "Jawa Barat", "Kab_Kot": "Kota Bandung", "risk_prediction": 1, "Satwil": "Polrestabes Bandung" }, "geometry": { "type": "LineString", "coordinates": [ [ 107.651105, -6.942349 ], [ 107.651965, -6.94207 ], [ 107.651966, -6.942069 ] ] } },
{ "type": "Feature", "properties": { "Nm_Ruas": "Jl. Soekarno Hatta", "Status": "Jalan Nasional", "Propinsi": "Jawa Barat", "Kab_Kot": "Kota Bandung", "risk_prediction": 1, "Satwil": "Polrestabes Bandung" }, "geometry": { "type": "LineString", "coordinates": [ [ 107.652827, -6.9418 ], [ 107.652869, -6.941787 ], [ 107.65296, -6.941759 ], [ 107.653103, -6.941714 ], [ 107.653602, -6.941559 ], [ 107.653911, -6.941464 ], [ 107.654812, -6.941184 ], [ 107.655082, -6.9411 ], [ 107.655563, -6.940951 ], [ 107.655847, -6.940863 ], [ 107.656191, -6.940751 ], [ 107.656785, -6.94056 ], [ 107.656912, -6.940521 ], [ 107.656996, -6.940496 ], [ 107.657102, -6.940459 ], [ 107.657149, -6.940444 ], [ 107.657347, -6.940381 ], [ 107.657596, -6.940302 ], [ 107.657932, -6.940197 ], [ 107.658264, -6.940092 ], [ 107.65831, -6.940078 ], [ 107.658457, -6.940034 ], [ 107.658569, -6.939997 ], [ 107.658888, -6.939895 ], [ 107.658947, -6.939879 ], [ 107.659028, -6.939853 ], [ 107.659114, -6.939828 ], [ 107.659304, -6.939778 ], [ 107.659399, -6.939751 ], [ 107.660093, -6.939584 ], [ 107.660151, -6.939572 ], [ 107.660586, -6.939478 ], [ 107.660661, -6.93946 ], [ 107.660891, -6.939415 ], [ 107.661126, -6.93936 ], [ 107.661205, -6.939347 ], [ 107.661373, -6.939314 ], [ 107.661524, -6.93929 ], [ 107.661972, -6.93922 ], [ 107.662007, -6.939214 ], [ 107.662477, -6.939142 ], [ 107.662908, -6.939088 ], [ 107.663005, -6.939078 ], [ 107.663054, -6.939073 ], [ 107.663559, -6.939021 ], [ 107.663894, -6.938986 ], [ 107.663906, -6.938985 ], [ 107.664749, -6.938901 ], [ 107.664839, -6.938892 ], [ 107.665095, -6.938871 ], [ 107.66564, -6.938839 ], [ 107.665904, -6.938822 ], [ 107.666422, -6.938794 ], [ 107.666529, -6.938786 ], [ 107.666706, -6.938773 ], [ 107.666935, -6.938752 ], [ 107.667273, -6.938728 ], [ 107.667697, -6.938697 ], [ 107.667791, -6.938693 ], [ 107.667981, -6.93868 ], [ 107.668207, -6.938664 ], [ 107.668668, -6.938632 ], [ 107.669027, -6.938602 ], [ 107.669267, -6.938583 ], [ 107.669624, -6.938554 ], [ 107.66968, -6.938552 ], [ 107.669796, -6.938545 ], [ 107.669803, -6.938545 ], [ 107.669806, -6.938545 ], [ 107.670697, -6.938477 ], [ 107.670699, -6.938477 ], [ 107.671363, -6.93843 ], [ 107.6716, -6.938414 ], [ 107.671765, -6.938403 ], [ 107.671913, -6.938391 ], [ 107.672241, -6.938368 ], [ 107.672505, -6.938349 ], [ 107.672733, -6.938333 ], [ 107.672875, -6.938324 ], [ 107.673221, -6.938299 ], [ 107.673552, -6.938276 ], [ 107.673913, -6.93825 ], [ 107.674081, -6.938239 ], [ 107.674125, -6.938236 ], [ 107.674233, -6.938228 ], [ 107.674286, -6.938224 ], [ 107.67442, -6.938218 ], [ 107.674475, -6.938214 ], [ 107.674716, -6.938197 ], [ 107.674961, -6.93818 ] ] } },
{ "type": "Feature", "properties": { "Nm_Ruas": "Jl. Soekarno Hatta", "Status": "Jalan Nasional", "Propinsi": "Jawa Barat", "Kab_Kot": "Kota Bandung", "risk_prediction": 1, "Satwil": "Polrestabes Bandung" }, "geometry": { "type": "LineString", "coordinates": [ [ 107.652843, -6.941853 ], [ 107.652984, -6.941807 ], [ 107.656125, -6.940809 ], [ 107.657161, -6.940483 ], [ 107.658262, -6.940136 ], [ 107.65847, -6.940076 ], [ 107.659101, -6.939887 ], [ 107.65933, -6.939829 ], [ 107.660263, -6.939614 ], [ 107.661014, -6.939448 ], [ 107.661542, -6.939353 ], [ 107.661847, -6.939298 ], [ 107.661984, -6.939276 ], [ 107.662997, -6.939151 ], [ 107.66307, -6.939142 ], [ 107.663899, -6.939062 ], [ 107.663926, -6.939059 ], [ 107.664771, -6.938972 ], [ 107.664828, -6.938966 ], [ 107.669204, -6.938647 ], [ 107.669288, -6.938638 ], [ 107.669298, -6.938637 ], [ 107.669612, -6.938614 ], [ 107.669802, -6.9386 ], [ 107.669822, -6.938599 ], [ 107.670705, -6.938539 ], [ 107.671602, -6.938477 ], [ 107.671635, -6.938475 ], [ 107.672582, -6.938406 ], [ 107.672779, -6.938391 ], [ 107.673211, -6.93836 ], [ 107.674114, -6.938296 ], [ 107.674256, -6.938286 ], [ 107.674416, -6.938275 ], [ 107.674549, -6.938265 ], [ 107.674978, -6.938236 ] ] } },
{ "type": "Feature", "properties": { "Nm_Ruas": "Jl. Soekarno Hatta", "Status": "Jalan Nasional", "Propinsi": "Jawa Barat", "Kab_Kot": "Kota Bandung", "risk_prediction": 1, "Satwil": "Polrestabes Bandung" }, "geometry": { "type": "LineString", "coordinates": [ [ 107.701241, -6.936457 ], [ 107.700019, -6.936543 ], [ 107.699156, -6.936601 ], [ 107.697152, -6.936758 ], [ 107.696945, -6.936774 ], [ 107.696724, -6.936789 ], [ 107.696526, -6.936803 ], [ 107.695163, -6.936905 ], [ 107.694844, -6.936926 ], [ 107.693531, -6.937016 ], [ 107.693404, -6.937025 ], [ 107.693275, -6.937073 ] ] } },
{ "type": "Feature", "properties": { "Nm_Ruas": "Jl. Sokasati", "Status": "Jalan Kota", "Propinsi": "Bali", "Kab_Kot": "Kota Denpasar", "risk_prediction": 1, "Satwil": "Polda Bali" }, "geometry": { "type": "LineString", "coordinates": [ [ 115.240006, -8.64879 ], [ 115.239964, -8.648585 ], [ 115.239875, -8.648129 ] ] } },
{ "type": "Feature", "properties": { "Nm_Ruas": "Jl. Sorosutan", "Status": "Jalan Kota", "Propinsi": "Daerah Istimewa Yogyakarta", "Kab_Kot": "Kota Yogyakarta", "risk_prediction": 1, "Satwil": "Polda DI Yogyakarta" }, "geometry": { "type": "LineString", "coordinates": [ [ 110.378343, -7.816027 ], [ 110.378326, -7.816636 ], [ 110.378331, -7.81693 ] ] } },
{ "type": "Feature", "properties": { "Nm_Ruas": "Jl. Sp. Buagan - Sp. Br. Abian Base", "Status": "Jalan Nasional", "Propinsi": "Bali", "Kab_Kot": "Kota Denpasar", "risk_prediction": 1, "Satwil": "Polda Bali" }, "geometry": { "type": "LineString", "coordinates": [ [ 115.184957, -8.702057 ], [ 115.18495, -8.70209 ], [ 115.18491, -8.70237 ], [ 115.18488, -8.7027 ], [ 115.18483, -8.70295 ], [ 115.184829, -8.702956 ], [ 115.18478, -8.70326 ], [ 115.18473, -8.7035 ], [ 115.18472, -8.70351 ], [ 115.184615, -8.703835 ], [ 115.1846, -8.70388 ], [ 115.18456, -8.70396 ], [ 115.18451, -8.70406 ], [ 115.184469, -8.704133 ], [ 115.18446, -8.70415 ], [ 115.18425, -8.70444 ], [ 115.18412, -8.704592 ] ] } },
{ "type": "Feature", "properties": { "Nm_Ruas": "Jl. Sp. Buagan - Sp. Br. Abian Base", "Status": "Jalan Nasional", "Propinsi": "Bali", "Kab_Kot": "Kota Denpasar", "risk_prediction": 1, "Satwil": "Polda Bali" }, "geometry": { "type": "LineString", "coordinates": [ [ 115.191139, -8.689874 ], [ 115.19102, -8.68998 ], [ 115.19043, -8.69049 ], [ 115.18982, -8.69109 ], [ 115.18941, -8.69152 ], [ 115.18928, -8.69165 ], [ 115.18903, -8.69189 ], [ 115.18894, -8.69203 ], [ 115.1889, -8.69211 ], [ 115.18887, -8.69216 ], [ 115.18874, -8.69241 ], [ 115.1887, -8.69257 ], [ 115.18861, -8.69276 ], [ 115.1886, -8.69278 ], [ 115.18858, -8.69283 ], [ 115.18855, -8.69289 ], [ 115.1885, -8.69301 ], [ 115.18848, -8.69305 ], [ 115.18835, -8.6933 ], [ 115.188326, -8.69335 ] ] } },
{ "type": "Feature", "properties": { "Nm_Ruas": "Jl. Sp. Buagan - Sp. Br. Abian Base", "Status": "Jalan Nasional", "Propinsi": "Bali", "Kab_Kot": "Kota Denpasar", "risk_prediction": 1, "Satwil": "Polda Bali" }, "geometry": { "type": "LineString", "coordinates": [ [ 115.197, -8.68173 ], [ 115.196957, -8.681821 ], [ 115.196906, -8.681898 ], [ 115.19659, -8.68236 ], [ 115.196497, -8.682482 ], [ 115.196283, -8.682763 ], [ 115.19627, -8.68278 ], [ 115.19588, -8.68336 ], [ 115.195751, -8.683496 ], [ 115.19575, -8.683498 ], [ 115.19571, -8.68354 ], [ 115.19563, -8.68365 ], [ 115.19556, -8.68373 ], [ 115.195175, -8.684202 ], [ 115.19516, -8.68422 ], [ 115.19511, -8.68428 ], [ 115.19495, -8.68448 ], [ 115.19473, -8.68477 ], [ 115.194697, -8.684809 ], [ 115.19468, -8.68483 ], [ 115.194613, -8.684916 ] ] } },
{ "type": "Feature", "properties": { "Nm_Ruas": "Jl. Sp. Buagan - Sp. Mahendradatta", "Status": "Jalan Nasional", "Propinsi": "Bali", "Kab_Kot": "Kota Denpasar", "risk_prediction": 1, "Satwil": "Polda Bali" }, "geometry": { "type": "LineString", "coordinates": [ [ 115.1902, -8.681432 ], [ 115.18999, -8.68139 ], [ 115.18955, -8.6813 ], [ 115.18931, -8.68125 ] ] } },
{ "type": "Feature", "properties": { "Nm_Ruas": "Jl. Sp. Buagan - Sp. Mahendradatta", "Status": "Jalan Nasional", "Propinsi": "Bali", "Kab_Kot": "Kota Denpasar", "risk_prediction": 1, "Satwil": "Polda Bali" }, "geometry": { "type": "LineString", "coordinates": [ [ 115.197, -8.68173 ], [ 115.1967, -8.68165 ], [ 115.19647, -8.68159 ], [ 115.19629, -8.68155 ], [ 115.19617, -8.68152 ], [ 115.196118, -8.681513 ] ] } },
{ "type": "Feature", "properties": { "Nm_Ruas": "Jl. Sp. Kerobokan - Munggu - Tanah Lot", "Status": "Jalan Provinsi", "Propinsi": "Bali", "Kab_Kot": "Badung, Tabanan", "risk_prediction": 1, "Satwil": "Polda Bali" }, "geometry": { "type": "LineString", "coordinates": [ [ 115.13723, -8.633391 ], [ 115.137116, -8.633344 ], [ 115.136784, -8.633219 ], [ 115.136743, -8.633193 ], [ 115.136254, -8.632886 ], [ 115.136212, -8.632853 ], [ 115.136193, -8.632842 ], [ 115.136032, -8.632744 ], [ 115.135938, -8.632687 ], [ 115.135792, -8.632598 ], [ 115.135686, -8.632533 ], [ 115.135602, -8.632482 ], [ 115.135583, -8.632471 ], [ 115.13557, -8.632463 ], [ 115.13552, -8.632417 ], [ 115.135347, -8.632343 ], [ 115.135203, -8.632282 ], [ 115.13507, -8.632225 ], [ 115.134641, -8.632042 ], [ 115.134275, -8.631888 ], [ 115.134272, -8.631884 ], [ 115.134245, -8.631854 ], [ 115.134243, -8.631852 ], [ 115.134253, -8.63161 ], [ 115.134187, -8.631536 ], [ 115.134175, -8.631529 ], [ 115.133692, -8.631263 ] ] } },
{ "type": "Feature", "properties": { "Nm_Ruas": "Jl. Sp. Kerobokan - Munggu - Tanah Lot", "Status": "Jalan Provinsi", "Propinsi": "Bali", "Kab_Kot": "Badung, Tabanan", "risk_prediction": 1, "Satwil": "Polda Bali" }, "geometry": { "type": "LineString", "coordinates": [ [ 115.138779, -8.634325 ], [ 115.138759, -8.634317 ], [ 115.138539, -8.6342 ], [ 115.13809, -8.633829 ], [ 115.138041, -8.633802 ], [ 115.138039, -8.633801 ], [ 115.138033, -8.633798 ], [ 115.137464, -8.633489 ], [ 115.13723, -8.633392 ] ] } },
{ "type": "Feature", "properties": { "Nm_Ruas": "Jl. Sp. Kerobokan - Munggu - Tanah Lot", "Status": "Jalan Provinsi", "Propinsi": "Bali", "Kab_Kot": "Badung, Tabanan", "risk_prediction": 1, "Satwil": "Polda Bali" }, "geometry": { "type": "LineString", "coordinates": [ [ 115.142702, -8.635787 ], [ 115.142667, -8.635772 ], [ 115.142477, -8.635714 ], [ 115.142439, -8.63571 ], [ 115.142353, -8.635686 ], [ 115.142215, -8.635651 ], [ 115.142092, -8.635612 ], [ 115.142031, -8.635585 ], [ 115.141854, -8.635505 ], [ 115.141813, -8.635486 ], [ 115.141797, -8.635482 ], [ 115.141144, -8.635268 ], [ 115.140612, -8.635034 ], [ 115.140579, -8.63502 ], [ 115.140408, -8.634953 ], [ 115.139766, -8.634703 ], [ 115.139765, -8.634703 ], [ 115.139741, -8.634694 ], [ 115.139532, -8.634613 ], [ 115.138919, -8.634378 ] ] } },
{ "type": "Feature", "properties": { "Nm_Ruas": "Jl. Sp. Kerobokan - Munggu - Tanah Lot", "Status": "Jalan Provinsi", "Propinsi": "Bali", "Kab_Kot": "Badung, Tabanan", "risk_prediction": 1, "Satwil": "Polda Bali" }, "geometry": { "type": "LineString", "coordinates": [ [ 115.16946, -8.645508 ], [ 115.169423, -8.645492 ], [ 115.168611, -8.645189 ], [ 115.16861, -8.64519 ], [ 115.168482, -8.645491 ], [ 115.168448, -8.645572 ], [ 115.168253, -8.64602 ], [ 115.168076, -8.646425 ], [ 115.167971, -8.646693 ], [ 115.167866, -8.646752 ], [ 115.167831, -8.64675 ], [ 115.167644, -8.646738 ], [ 115.167079, -8.646595 ], [ 115.167008, -8.646573 ], [ 115.166597, -8.646444 ], [ 115.166434, -8.646392 ], [ 115.166283, -8.646345 ], [ 115.165811, -8.646237 ], [ 115.165391, -8.646226 ], [ 115.165233, -8.646234 ], [ 115.165096, -8.646215 ], [ 115.16478, -8.646156 ], [ 115.16425, -8.646089 ], [ 115.162838, -8.645911 ], [ 115.162835, -8.645911 ], [ 115.162132, -8.645766 ], [ 115.161945, -8.645728 ], [ 115.161944, -8.645728 ], [ 115.161556, -8.645649 ], [ 115.161129, -8.645584 ], [ 115.161051, -8.645572 ], [ 115.161035, -8.64557 ], [ 115.160151, -8.645436 ], [ 115.160137, -8.645434 ], [ 115.160136, -8.645433 ], [ 115.159496, -8.645336 ], [ 115.159241, -8.645286 ], [ 115.159106, -8.64526 ], [ 115.158813, -8.645196 ], [ 115.158651, -8.645164 ], [ 115.158642, -8.645155 ], [ 115.158298, -8.64478 ], [ 115.158096, -8.644529 ], [ 115.157983, -8.644389 ], [ 115.157852, -8.644267 ], [ 115.157747, -8.64417 ], [ 115.157475, -8.643967 ], [ 115.156907, -8.643734 ], [ 115.156563, -8.643585 ], [ 115.155988, -8.643335 ], [ 115.155697, -8.643112 ], [ 115.15565, -8.643076 ], [ 115.155211, -8.64274 ], [ 115.154961, -8.642508 ], [ 115.154951, -8.6425 ], [ 115.154952, -8.642498 ], [ 115.155012, -8.642413 ], [ 115.155279, -8.642001 ], [ 115.155362, -8.64189 ], [ 115.155401, -8.641855 ], [ 115.155302, -8.641808 ], [ 115.155291, -8.641802 ], [ 115.154718, -8.641512 ], [ 115.15468, -8.641494 ], [ 115.15459, -8.641451 ], [ 115.154518, -8.641416 ], [ 115.154357, -8.641339 ], [ 115.154318, -8.641321 ], [ 115.154099, -8.64119 ], [ 115.154073, -8.641175 ], [ 115.153499, -8.640882 ], [ 115.15329, -8.640779 ], [ 115.153288, -8.640778 ], [ 115.153277, -8.640772 ], [ 115.153188, -8.640728 ], [ 115.152769, -8.640514 ], [ 115.152477, -8.640376 ], [ 115.151549, -8.639937 ], [ 115.151442, -8.639866 ], [ 115.151267, -8.639717 ], [ 115.151229, -8.639685 ], [ 115.150692, -8.639192 ], [ 115.150371, -8.638979 ], [ 115.150143, -8.638883 ], [ 115.149884, -8.638783 ], [ 115.149674, -8.638662 ], [ 115.149625, -8.638624 ], [ 115.14948, -8.638396 ], [ 115.149477, -8.638393 ], [ 115.149362, -8.638228 ], [ 115.149159, -8.638046 ], [ 115.149117, -8.638009 ], [ 115.149023, -8.637948 ], [ 115.148835, -8.637827 ], [ 115.148363, -8.637615 ], [ 115.148361, -8.637615 ], [ 115.148352, -8.637611 ], [ 115.148345, -8.637608 ], [ 115.148078, -8.63751 ], [ 115.147598, -8.637141 ], [ 115.147506, -8.63707 ], [ 115.147102, -8.63675 ], [ 115.147067, -8.636722 ], [ 115.146947, -8.636627 ], [ 115.146888, -8.636585 ], [ 115.146881, -8.636582 ] ] } },
{ "type": "Feature", "properties": { "Nm_Ruas": "Jl. Sp. Tohpati - Sakah", "Status": "Jalan Nasional", "Propinsi": "Bali", "Kab_Kot": "Gianyar", "risk_prediction": 1, "Satwil": "Polda Bali" }, "geometry": { "type": "LineString", "coordinates": [ [ 115.25384, -8.63909 ], [ 115.25393, -8.639 ], [ 115.25402, -8.63892 ], [ 115.25408, -8.63886 ], [ 115.254183, -8.638762 ], [ 115.25429, -8.638659 ], [ 115.25431, -8.63864 ], [ 115.25439, -8.63848 ], [ 115.254406, -8.63845 ], [ 115.254424, -8.638414 ], [ 115.254427, -8.63841 ], [ 115.254478, -8.638311 ], [ 115.25451, -8.63825 ], [ 115.25459, -8.6381 ], [ 115.2547, -8.63791 ], [ 115.254864, -8.637624 ], [ 115.25497, -8.63744 ], [ 115.255076, -8.637239 ], [ 115.25517, -8.63706 ], [ 115.2552, -8.63701 ], [ 115.255304, -8.636835 ], [ 115.255323, -8.636802 ], [ 115.25533, -8.63679 ], [ 115.255411, -8.636647 ], [ 115.25542, -8.63663 ], [ 115.255426, -8.636569 ], [ 115.25543, -8.63653 ], [ 115.25544, -8.63638 ], [ 115.25545, -8.636284 ], [ 115.25546, -8.63618 ], [ 115.255469, -8.635964 ], [ 115.25547, -8.63594 ], [ 115.255472, -8.635921 ], [ 115.255473, -8.635911 ], [ 115.25551, -8.6355 ], [ 115.25553, -8.63514 ], [ 115.255537, -8.635062 ], [ 115.255541, -8.635014 ], [ 115.255541, -8.63501 ], [ 115.255546, -8.634954 ], [ 115.25556, -8.63479 ], [ 115.25559, -8.6345 ], [ 115.255599, -8.634371 ], [ 115.255615, -8.63425 ], [ 115.255676, -8.634105 ], [ 115.255706, -8.634072 ], [ 115.255711, -8.634066 ], [ 115.255748, -8.634026 ], [ 115.255805, -8.633996 ], [ 115.25586, -8.633967 ], [ 115.255957, -8.633941 ], [ 115.256064, -8.633939 ], [ 115.256104, -8.633938 ], [ 115.256256, -8.63393 ], [ 115.256273, -8.633929 ], [ 115.25644, -8.63392 ], [ 115.256466, -8.633914 ], [ 115.256573, -8.633891 ], [ 115.25658, -8.63389 ], [ 115.25669, -8.63386 ], [ 115.2569, -8.63379 ], [ 115.257034, -8.633728 ], [ 115.25705, -8.63372 ], [ 115.257132, -8.633693 ], [ 115.25726, -8.63365 ], [ 115.257323, -8.633633 ], [ 115.25737, -8.63362 ], [ 115.25739, -8.633616 ], [ 115.258343, -8.633407 ], [ 115.25897, -8.63327 ], [ 115.259083, -8.633232 ], [ 115.25909, -8.63323 ], [ 115.25919, -8.63317 ], [ 115.25927, -8.63309 ], [ 115.25934, -8.63301 ], [ 115.25941, -8.63292 ], [ 115.259481, -8.632809 ], [ 115.2595, -8.63278 ], [ 115.2596, -8.63265 ], [ 115.259682, -8.63257 ], [ 115.25969, -8.63256 ], [ 115.25974, -8.63252 ], [ 115.25992, -8.63239 ], [ 115.260026, -8.632301 ], [ 115.260076, -8.632229 ], [ 115.26009, -8.63216 ], [ 115.260094, -8.632139 ], [ 115.260083, -8.632048 ], [ 115.260082, -8.632043 ], [ 115.26005, -8.63195 ], [ 115.260029, -8.631894 ], [ 115.26002, -8.63187 ], [ 115.25991, -8.6316 ], [ 115.25984, -8.63145 ], [ 115.259782, -8.631311 ], [ 115.25974, -8.631211 ], [ 115.25974, -8.63121 ], [ 115.259679, -8.631061 ], [ 115.25965, -8.63099 ], [ 115.25957, -8.63078 ], [ 115.25949, -8.63061 ], [ 115.25944, -8.63048 ], [ 115.25939, -8.63037 ], [ 115.259331, -8.630227 ], [ 115.25925, -8.63003 ], [ 115.259047, -8.629539 ], [ 115.258994, -8.629438 ], [ 115.25889, -8.62924 ], [ 115.25884, -8.62914 ], [ 115.25875, -8.62898 ], [ 115.258566, -8.628641 ], [ 115.258564, -8.628637 ], [ 115.25856, -8.62863 ], [ 115.258547, -8.628602 ], [ 115.25846, -8.62842 ], [ 115.25841, -8.62832 ], [ 115.25834, -8.62813 ], [ 115.25828, -8.62798 ], [ 115.25828, -8.62797 ], [ 115.258226, -8.627803 ], [ 115.257968, -8.627007 ], [ 115.2576, -8.625974 ], [ 115.25741, -8.62542 ], [ 115.25734, -8.62521 ], [ 115.25733, -8.62521 ], [ 115.25733, -8.625208 ], [ 115.25733, -8.6252 ], [ 115.25709, -8.62461 ], [ 115.256995, -8.624369 ], [ 115.25698, -8.62433 ], [ 115.25693, -8.62422 ], [ 115.25683, -8.62396 ], [ 115.25679, -8.62385 ], [ 115.25672, -8.62368 ], [ 115.256678, -8.623539 ], [ 115.256674, -8.623525 ], [ 115.25666, -8.62348 ], [ 115.25644, -8.6228 ], [ 115.256393, -8.622667 ], [ 115.25638, -8.62263 ], [ 115.25633, -8.62251 ], [ 115.25629, -8.62243 ], [ 115.25619, -8.62227 ], [ 115.25608, -8.62213 ], [ 115.25592, -8.62191 ], [ 115.255917, -8.621904 ], [ 115.25587, -8.62182 ], [ 115.25581, -8.6217 ], [ 115.25568, -8.62137 ], [ 115.25561, -8.6212 ], [ 115.25557, -8.62111 ], [ 115.255558, -8.621075 ], [ 115.25551, -8.62094 ], [ 115.25538, -8.62057 ], [ 115.25536, -8.62054 ], [ 115.255267, -8.620312 ], [ 115.255234, -8.620233 ], [ 115.25516, -8.62005 ], [ 115.25516, -8.62004 ], [ 115.25502, -8.61976 ], [ 115.254933, -8.619535 ], [ 115.254916, -8.619478 ], [ 115.254916, -8.619476 ], [ 115.254664, -8.61861 ], [ 115.254494, -8.618027 ], [ 115.254152, -8.616798 ], [ 115.25412, -8.61666 ], [ 115.25384, -8.61514 ], [ 115.25382, -8.615021 ], [ 115.25382, -8.61502 ], [ 115.25376, -8.61461 ], [ 115.25375, -8.61454 ], [ 115.25374, -8.6145 ], [ 115.25371, -8.61419 ], [ 115.253708, -8.614174 ] ] } },
{ "type": "Feature", "properties": { "Nm_Ruas": "Jl. Sp. Tohpati - Sakah", "Status": "Jalan Nasional", "Propinsi": "Bali", "Kab_Kot": "Gianyar", "risk_prediction": 1, "Satwil": "Polda Bali" }, "geometry": { "type": "LineString", "coordinates": [ [ 115.257907, -8.603492 ], [ 115.258781, -8.603248 ], [ 115.258783, -8.603247 ], [ 115.259608, -8.603016 ], [ 115.259654, -8.603 ], [ 115.26002, -8.602865 ], [ 115.261294, -8.602376 ], [ 115.261785, -8.602182 ], [ 115.263002, -8.601742 ], [ 115.263664, -8.601477 ], [ 115.2639, -8.601378 ], [ 115.26505, -8.600895 ], [ 115.26506, -8.60089 ], [ 115.26536, -8.60076 ], [ 115.26555, -8.60066 ], [ 115.265797, -8.600536 ], [ 115.266183, -8.600352 ], [ 115.266345, -8.600308 ], [ 115.26669, -8.600246 ], [ 115.26731, -8.60017 ], [ 115.2676, -8.60013 ], [ 115.267625, -8.600127 ], [ 115.26775, -8.60011 ], [ 115.26789, -8.60008 ], [ 115.268194, -8.600012 ] ] } },
{ "type": "Feature", "properties": { "Nm_Ruas": "Jl. Sp. Tohpati - Sp. Pantai Siut", "Status": "Jalan Nasional", "Propinsi": "Bali", "Kab_Kot": "Gianyar", "risk_prediction": 1, "Satwil": "Polda Bali" }, "geometry": { "type": "LineString", "coordinates": [ [ 115.270231, -8.648264 ], [ 115.270525, -8.648226 ], [ 115.270563, -8.648221 ], [ 115.270827, -8.648187 ], [ 115.271007, -8.648167 ], [ 115.271418, -8.648092 ], [ 115.27146, -8.648084 ], [ 115.271497, -8.648077 ], [ 115.271607, -8.648067 ], [ 115.271727, -8.648037 ], [ 115.271977, -8.647987 ], [ 115.272237, -8.647917 ], [ 115.2723, -8.647901 ], [ 115.272346, -8.647889 ], [ 115.272587, -8.647827 ], [ 115.272907, -8.647717 ], [ 115.273147, -8.647637 ], [ 115.273163, -8.647632 ], [ 115.273211, -8.647615 ], [ 115.273527, -8.647507 ], [ 115.273647, -8.647457 ], [ 115.273957, -8.647327 ], [ 115.274005, -8.647305 ], [ 115.274055, -8.647282 ], [ 115.274177, -8.647227 ], [ 115.274576, -8.647028 ] ] } },
{ "type": "Feature", "properties": { "Nm_Ruas": "Jl. Sp.abimanyu - Sunset Road", "Status": "Jalan Kabupaten", "Propinsi": "Bali", "Kab_Kot": "Badung", "risk_prediction": 1, "Satwil": "Polda Bali" }, "geometry": { "type": "LineString", "coordinates": [ [ 115.172844, -8.69046 ], [ 115.172773, -8.690507 ], [ 115.172297, -8.690823 ], [ 115.172208, -8.690874 ], [ 115.172075, -8.690902 ], [ 115.171849, -8.690923 ], [ 115.171663, -8.690935 ], [ 115.171437, -8.690943 ], [ 115.171356, -8.690938 ], [ 115.171197, -8.690922 ], [ 115.17098, -8.690889 ], [ 115.170949, -8.690885 ], [ 115.170894, -8.690882 ], [ 115.170234, -8.690872 ], [ 115.170092, -8.690875 ], [ 115.169741, -8.690897 ], [ 115.169317, -8.690923 ], [ 115.169002, -8.690929 ], [ 115.168853, -8.690928 ], [ 115.168847, -8.690928 ], [ 115.168697, -8.690932 ] ] } },
{ "type": "Feature", "properties": { "Nm_Ruas": "Jl. Sp.cokroaminoto - Sp. Kargo (Gatot Subroto Barat)", "Status": "Jalan Nasional", "Propinsi": "Bali", "Kab_Kot": "Kota Denpasar", "risk_prediction": 1, "Satwil": "Polda Bali" }, "geometry": { "type": "LineString", "coordinates": [ [ 115.197539, -8.637133 ], [ 115.197218, -8.637023 ], [ 115.197011, -8.636959 ], [ 115.196703, -8.636879 ], [ 115.19667, -8.63687 ] ] } },
{ "type": "Feature", "properties": { "Nm_Ruas": "Jl. Sp.cokroaminoto - Sp. Kargo (Gatot Subroto Barat)", "Status": "Jalan Nasional", "Propinsi": "Bali", "Kab_Kot": "Kota Denpasar", "risk_prediction": 1, "Satwil": "Polda Bali" }, "geometry": { "type": "LineString", "coordinates": [ [ 115.207526, -8.638947 ], [ 115.20731, -8.63898 ], [ 115.20691, -8.63901 ], [ 115.206627, -8.639032 ], [ 115.206622, -8.639033 ] ] } },
{ "type": "Feature", "properties": { "Nm_Ruas": "Jl. Sp.cokroaminoto - Sp. Tohpati (Jl. G. Subroto Timur)", "Status": "Jalan Nasional", "Propinsi": "Bali", "Kab_Kot": "Kota Denpasar", "risk_prediction": 1, "Satwil": "Polda Bali" }, "geometry": { "type": "LineString", "coordinates": [ [ 115.207526, -8.638947 ], [ 115.20786, -8.63883 ], [ 115.20838, -8.63865 ], [ 115.208384, -8.638649 ], [ 115.20841, -8.63864 ], [ 115.20884, -8.6385 ], [ 115.20924, -8.63837 ], [ 115.209247, -8.638368 ], [ 115.20995, -8.63814 ], [ 115.210008, -8.638118 ], [ 115.210097, -8.638084 ], [ 115.210108, -8.63808 ], [ 115.21024, -8.63803 ], [ 115.21086, -8.637804 ], [ 115.210861, -8.637803 ], [ 115.21087, -8.6378 ], [ 115.210946, -8.637774 ], [ 115.210961, -8.637768 ], [ 115.21133, -8.63764 ], [ 115.211721, -8.637507 ], [ 115.211801, -8.63748 ], [ 115.21182, -8.637473 ], [ 115.21183, -8.63747 ], [ 115.21227, -8.63733 ], [ 115.2124, -8.637284 ], [ 115.21241, -8.63728 ], [ 115.21244, -8.63727 ], [ 115.212582, -8.637217 ], [ 115.2126, -8.63721 ], [ 115.212658, -8.637192 ], [ 115.212681, -8.637185 ], [ 115.2134, -8.63696 ], [ 115.21344, -8.63695 ], [ 115.213451, -8.636947 ], [ 115.213521, -8.636924 ], [ 115.213548, -8.636916 ], [ 115.21363, -8.63689 ], [ 115.21399, -8.63677 ], [ 115.214315, -8.636665 ], [ 115.21438, -8.636644 ], [ 115.214411, -8.636635 ], [ 115.21455, -8.63659 ], [ 115.215141, -8.636399 ], [ 115.21517, -8.63639 ], [ 115.215181, -8.636387 ], [ 115.215241, -8.636367 ], [ 115.215276, -8.636357 ], [ 115.21558, -8.63626 ], [ 115.215851, -8.636181 ], [ 115.21589, -8.63617 ], [ 115.21599, -8.63614 ], [ 115.216051, -8.636124 ], [ 115.216107, -8.63611 ], [ 115.216146, -8.6361 ], [ 115.2163, -8.63606 ], [ 115.21655, -8.63601 ], [ 115.21686, -8.63594 ], [ 115.216939, -8.63593 ], [ 115.216991, -8.635924 ], [ 115.217036, -8.635919 ], [ 115.21719, -8.6359 ], [ 115.21753, -8.63584 ], [ 115.217838, -8.6358 ], [ 115.217886, -8.635794 ], [ 115.21792, -8.63579 ], [ 115.217934, -8.635789 ], [ 115.218275, -8.63576 ], [ 115.21828, -8.63576 ], [ 115.21855, -8.63576 ], [ 115.21856, -8.63576 ], [ 115.218746, -8.63576 ], [ 115.218788, -8.63576 ], [ 115.218842, -8.63576 ], [ 115.21902, -8.63576 ], [ 115.21921, -8.63576 ], [ 115.219521, -8.63576 ], [ 115.21957, -8.63576 ], [ 115.219692, -8.635762 ], [ 115.21975, -8.635762 ], [ 115.219868, -8.635764 ], [ 115.22032, -8.63577 ], [ 115.22059, -8.63577 ], [ 115.220596, -8.63577 ], [ 115.220659, -8.63577 ], [ 115.220776, -8.63577 ], [ 115.220778, -8.63577 ], [ 115.22079, -8.63577 ], [ 115.22102, -8.63577 ], [ 115.22137, -8.63577 ], [ 115.22147, -8.63576 ], [ 115.221499, -8.635758 ], [ 115.221566, -8.635752 ], [ 115.22159, -8.63575 ], [ 115.221683, -8.635739 ] ] } },
{ "type": "Feature", "properties": { "Nm_Ruas": "Jl. Sp.cokroaminoto - Sp. Tohpati (Jl. G. Subroto Timur)", "Status": "Jalan Nasional", "Propinsi": "Bali", "Kab_Kot": "Kota Denpasar", "risk_prediction": 1, "Satwil": "Polda Bali" }, "geometry": { "type": "LineString", "coordinates": [ [ 115.226608, -8.635591 ], [ 115.226712, -8.635602 ], [ 115.226773, -8.635609 ], [ 115.22678, -8.63561 ], [ 115.226804, -8.635612 ], [ 115.227218, -8.635635 ], [ 115.227515, -8.635645 ], [ 115.22796, -8.63566 ], [ 115.22838, -8.63564 ], [ 115.228423, -8.63564 ], [ 115.22847, -8.63564 ], [ 115.228516, -8.635637 ], [ 115.228535, -8.635636 ], [ 115.228618, -8.635631 ], [ 115.22864, -8.63563 ], [ 115.22894, -8.63562 ], [ 115.229, -8.63562 ], [ 115.22922, -8.63561 ], [ 115.229332, -8.63561 ] ] } },
{ "type": "Feature", "properties": { "Nm_Ruas": "Jl. Sp.cokroaminoto - Sp. Tohpati (Jl. G. Subroto Timur)", "Status": "Jalan Nasional", "Propinsi": "Bali", "Kab_Kot": "Kota Denpasar", "risk_prediction": 1, "Satwil": "Polda Bali" }, "geometry": { "type": "LineString", "coordinates": [ [ 115.23024, -8.635616 ], [ 115.230321, -8.63562 ], [ 115.23033, -8.63562 ], [ 115.230432, -8.635626 ], [ 115.230867, -8.63565 ], [ 115.23087, -8.63565 ], [ 115.231148, -8.63567 ], [ 115.231223, -8.635676 ], [ 115.23128, -8.63568 ], [ 115.231338, -8.635685 ], [ 115.231773, -8.635739 ], [ 115.23178, -8.63574 ], [ 115.232052, -8.635759 ], [ 115.232122, -8.635764 ], [ 115.232187, -8.635769 ], [ 115.2322, -8.63577 ], [ 115.232241, -8.635773 ], [ 115.23269, -8.63581 ], [ 115.232959, -8.635829 ], [ 115.233024, -8.635834 ], [ 115.233092, -8.635839 ], [ 115.233147, -8.635843 ], [ 115.23325, -8.63585 ], [ 115.23371, -8.63591 ], [ 115.233922, -8.635931 ], [ 115.23405, -8.635943 ], [ 115.234304, -8.635968 ], [ 115.23433, -8.63597 ], [ 115.23454, -8.63598 ], [ 115.234824, -8.63599 ], [ 115.234957, -8.635995 ], [ 115.23509, -8.636 ], [ 115.235213, -8.636004 ], [ 115.235378, -8.63601 ], [ 115.23538, -8.63601 ], [ 115.2354, -8.63602 ], [ 115.23564, -8.63603 ], [ 115.235725, -8.636035 ], [ 115.23582, -8.63604 ], [ 115.235862, -8.636044 ], [ 115.23592, -8.63605 ], [ 115.236118, -8.636065 ], [ 115.23632, -8.63608 ], [ 115.236626, -8.636104 ], [ 115.236767, -8.636116 ], [ 115.23695, -8.63613 ], [ 115.237011, -8.636137 ], [ 115.237024, -8.636138 ], [ 115.23704, -8.63614 ], [ 115.23747, -8.63617 ], [ 115.237527, -8.63617 ], [ 115.23758, -8.63617 ], [ 115.237674, -8.63617 ], [ 115.23777, -8.63617 ], [ 115.237932, -8.636161 ], [ 115.23831, -8.63614 ], [ 115.23843, -8.636132 ], [ 115.238581, -8.636121 ], [ 115.238591, -8.636121 ], [ 115.2386, -8.63612 ], [ 115.238839, -8.6361 ], [ 115.23909, -8.63608 ], [ 115.239331, -8.636061 ], [ 115.239486, -8.636049 ], [ 115.239496, -8.636048 ], [ 115.23973, -8.63603 ], [ 115.2402, -8.63598 ], [ 115.240231, -8.635978 ], [ 115.240391, -8.635965 ], [ 115.240617, -8.635947 ], [ 115.24084, -8.63593 ], [ 115.241133, -8.635906 ], [ 115.241296, -8.635892 ], [ 115.24132, -8.63589 ], [ 115.24144, -8.63588 ], [ 115.241522, -8.635873 ], [ 115.241523, -8.635873 ] ] } },
{ "type": "Feature", "properties": { "Nm_Ruas": "Jl. Sp.kartika Plaza - Buni Sari", "Status": "Jalan Kabupaten", "Propinsi": "Bali", "Kab_Kot": "Badung", "risk_prediction": 1, "Satwil": "Polda Bali" }, "geometry": { "type": "LineString", "coordinates": [ [ 115.172209, -8.724017 ], [ 115.17166, -8.724233 ], [ 115.171615, -8.724251 ], [ 115.171376, -8.724379 ], [ 115.1714, -8.724679 ] ] } },
{ "type": "Feature", "properties": { "Nm_Ruas": "Jl. Sp.kerobokan - Sp.gatsu Barat", "Status": "Jalan Kabupaten", "Propinsi": "Bali", "Kab_Kot": "Badung", "risk_prediction": 1, "Satwil": "Polda Bali" }, "geometry": { "type": "LineString", "coordinates": [ [ 115.174285, -8.638013 ], [ 115.174257, -8.638092 ], [ 115.174141, -8.638293 ], [ 115.173935, -8.638564 ], [ 115.173824, -8.638695 ], [ 115.173783, -8.638749 ], [ 115.173775, -8.63876 ], [ 115.173701, -8.638855 ], [ 115.173516, -8.639083 ], [ 115.173455, -8.639166 ], [ 115.173396, -8.639252 ], [ 115.173293, -8.639451 ], [ 115.173265, -8.639508 ], [ 115.173235, -8.639573 ], [ 115.173163, -8.639753 ], [ 115.173117, -8.639881 ], [ 115.173088, -8.639992 ], [ 115.173051, -8.640133 ], [ 115.173037, -8.640195 ], [ 115.172996, -8.640386 ], [ 115.172965, -8.640554 ], [ 115.17294, -8.640671 ], [ 115.172934, -8.6407 ], [ 115.172903, -8.640861 ], [ 115.172868, -8.641084 ], [ 115.172849, -8.641185 ], [ 115.172773, -8.641526 ], [ 115.172767, -8.641558 ], [ 115.172766, -8.641563 ], [ 115.172741, -8.641696 ], [ 115.172737, -8.641722 ], [ 115.172697, -8.641944 ], [ 115.172646, -8.642193 ], [ 115.172594, -8.642456 ] ] } },
{ "type": "Feature", "properties": { "Nm_Ruas": "Jl. Sp.pantai - Br.pengabetan", "Status": "Jalan Kabupaten", "Propinsi": "Bali", "Kab_Kot": "Badung", "risk_prediction": 1, "Satwil": "Polda Bali" }, "geometry": { "type": "LineString", "coordinates": [ [ 115.175257, -8.720982 ], [ 115.175071, -8.720981 ], [ 115.175015, -8.720975 ], [ 115.174856, -8.720948 ], [ 115.17478, -8.72093 ], [ 115.174494, -8.720828 ], [ 115.174378, -8.720788 ], [ 115.174377, -8.720788 ] ] } },
{ "type": "Feature", "properties": { "Nm_Ruas": "Jl. Sp.sunset Road - Sp3 Beji Ayu", "Status": "Jalan Kabupaten", "Propinsi": "Bali", "Kab_Kot": "Badung", "risk_prediction": 1, "Satwil": "Polda Bali" }, "geometry": { "type": "LineString", "coordinates": [ [ 115.175736, -8.6955 ], [ 115.175692, -8.695524 ] ] } },
{ "type": "Feature", "properties": { "Nm_Ruas": "Jl. Sp3 Patih Jelantik - Br.pering", "Status": "Jalan Kabupaten", "Propinsi": "Bali", "Kab_Kot": "Badung", "risk_prediction": 1, "Satwil": "Polda Bali" }, "geometry": { "type": "LineString", "coordinates": [ [ 115.175493, -8.722347 ], [ 115.175469, -8.722121 ], [ 115.175422, -8.72179 ], [ 115.175386, -8.721614 ], [ 115.175352, -8.72145 ], [ 115.175328, -8.721331 ], [ 115.175257, -8.720982 ], [ 115.175256, -8.720973 ], [ 115.175194, -8.720668 ], [ 115.175173, -8.720558 ], [ 115.175084, -8.720095 ], [ 115.175059, -8.719965 ], [ 115.174926, -8.719355 ], [ 115.174822, -8.718915 ], [ 115.174769, -8.71869 ], [ 115.174705, -8.718464 ], [ 115.174705, -8.718462 ], [ 115.174643, -8.718213 ], [ 115.174491, -8.717584 ], [ 115.174489, -8.717579 ], [ 115.174455, -8.717438 ], [ 115.17437, -8.717166 ], [ 115.174269, -8.716815 ], [ 115.174238, -8.716706 ] ] } },
{ "type": "Feature", "properties": { "Nm_Ruas": "Jl. Sp3 Patih Jelantik - Sp4 Legian", "Status": "Jalan Kabupaten", "Propinsi": "Bali", "Kab_Kot": "Badung", "risk_prediction": 1, "Satwil": "Polda Bali" }, "geometry": { "type": "LineString", "coordinates": [ [ 115.17193, -8.7084 ], [ 115.172051, -8.708872 ], [ 115.172163, -8.709279 ] ] } },
{ "type": "Feature", "properties": { "Nm_Ruas": "Jl. Sp3. Jn. Pemaron - Pantai Puri Bagus", "Status": "Jalan Kabupaten", "Propinsi": "Bali", "Kab_Kot": "Buleleng", "risk_prediction": 1, "Satwil": "Polda Bali" }, "geometry": { "type": "LineString", "coordinates": [ [ 115.061816, -8.130146 ], [ 115.061888, -8.130268 ], [ 115.062279, -8.130923 ] ] } },
{ "type": "Feature", "properties": { "Nm_Ruas": "Jl. Sp3. Jn. Pemaron - Pura Penimbangan", "Status": "Jalan Kabupaten", "Propinsi": "Bali", "Kab_Kot": "Buleleng", "risk_prediction": 1, "Satwil": "Polda Bali" }, "geometry": { "type": "LineString", "coordinates": [ [ 115.064537, -8.128703 ], [ 115.064483, -8.128645 ], [ 115.06414, -8.128278 ], [ 115.064017, -8.128147 ], [ 115.063925, -8.128036 ] ] } },
{ "type": "Feature", "properties": { "Nm_Ruas": "Jl. Sp3. Jp. - Gang Bumi Asih (Pemaron)", "Status": "Jalan Kabupaten", "Propinsi": "Bali", "Kab_Kot": "Buleleng", "risk_prediction": 1, "Satwil": "Polda Bali" }, "geometry": { "type": "LineString", "coordinates": [ [ 115.062279, -8.130923 ], [ 115.062282, -8.130928 ], [ 115.062454, -8.131216 ], [ 115.062537, -8.13147 ], [ 115.062602, -8.131692 ], [ 115.062613, -8.131761 ] ] } },
{ "type": "Feature", "properties": { "Nm_Ruas": "Jl. Sp3. Pemaron - Pemaron", "Status": "Jalan Kabupaten", "Propinsi": "Bali", "Kab_Kot": "Buleleng", "risk_prediction": 1, "Satwil": "Polda Bali" }, "geometry": { "type": "LineString", "coordinates": [ [ 115.065182, -8.128459 ], [ 115.065131, -8.128187 ], [ 115.065105, -8.12813 ] ] } },
{ "type": "Feature", "properties": { "Nm_Ruas": "Jl. Srimahi", "Status": "Jalan Kota", "Propinsi": "Jawa Barat", "Kab_Kot": "Kota Bandung", "risk_prediction": 1, "Satwil": "Polrestabes Bandung" }, "geometry": { "type": "LineString", "coordinates": [ [ 107.613029, -6.934535 ], [ 107.613497, -6.935009 ], [ 107.613649, -6.935194 ] ] } },
{ "type": "Feature", "properties": { "Nm_Ruas": "Jl. Sriwijaya", "Status": "Jalan Kota", "Propinsi": "Jawa Barat", "Kab_Kot": "Kota Bandung", "risk_prediction": 1, "Satwil": "Polrestabes Bandung" }, "geometry": { "type": "LineString", "coordinates": [ [ 107.612477, -6.948518 ], [ 107.612507, -6.948394 ], [ 107.612525, -6.948326 ], [ 107.612529, -6.948228 ], [ 107.612531, -6.947618 ] ] } },
{ "type": "Feature", "properties": { "Nm_Ruas": "Jl. Sriwijaya", "Status": "Jalan Kota", "Propinsi": "Jawa Barat", "Kab_Kot": "Kota Bandung", "risk_prediction": 1, "Satwil": "Polrestabes Bandung" }, "geometry": { "type": "LineString", "coordinates": [ [ 107.612814, -6.938339 ], [ 107.612813, -6.93819 ], [ 107.612771, -6.937887 ], [ 107.612765, -6.937838 ], [ 107.612758, -6.937788 ], [ 107.612754, -6.937739 ] ] } },
{ "type": "Feature", "properties": { "Nm_Ruas": "Jl. Sruti", "Status": "Jalan Kabupaten", "Propinsi": "Bali", "Kab_Kot": "Tabanan", "risk_prediction": 1, "Satwil": "Polda Bali" }, "geometry": { "type": "LineString", "coordinates": [ [ 115.027206, -8.50322 ], [ 115.027207, -8.503272 ], [ 115.027201, -8.503297 ], [ 115.027198, -8.503307 ], [ 115.027193, -8.503327 ], [ 115.027188, -8.503351 ], [ 115.027179, -8.503385 ], [ 115.027173, -8.503412 ], [ 115.027158, -8.503474 ], [ 115.027152, -8.503498 ], [ 115.027196, -8.503548 ], [ 115.027234, -8.503567 ], [ 115.027278, -8.503588 ], [ 115.027397, -8.503659 ], [ 115.027546, -8.50375 ], [ 115.027597, -8.503781 ], [ 115.027563, -8.503869 ] ] } },
{ "type": "Feature", "properties": { "Nm_Ruas": "Jl. Stasiun Barat", "Status": "Jalan Kota", "Propinsi": "Jawa Barat", "Kab_Kot": "Kota Bandung", "risk_prediction": 1, "Satwil": "Polrestabes Bandung" }, "geometry": { "type": "LineString", "coordinates": [ [ 107.598119, -6.914743 ], [ 107.598129, -6.914745 ], [ 107.598176, -6.914753 ], [ 107.598243, -6.91476 ], [ 107.598313, -6.914766 ], [ 107.598405, -6.914769 ], [ 107.598638, -6.914773 ], [ 107.598896, -6.914783 ], [ 107.599021, -6.914784 ], [ 107.599022, -6.914784 ] ] } },
{ "type": "Feature", "properties": { "Nm_Ruas": "Jl. Subang", "Status": "Jalan Kota", "Propinsi": "Jawa Barat", "Kab_Kot": "Kota Bandung", "risk_prediction": 1, "Satwil": "Polrestabes Bandung" }, "geometry": { "type": "LineString", "coordinates": [ [ 107.655164, -6.912441 ], [ 107.655163, -6.912521 ], [ 107.655135, -6.912935 ], [ 107.65511, -6.913345 ] ] } },
{ "type": "Feature", "properties": { "Nm_Ruas": "Jl. Subita", "Status": "Jalan Kota", "Propinsi": "Bali", "Kab_Kot": "Kota Denpasar", "risk_prediction": 1, "Satwil": "Polda Bali" }, "geometry": { "type": "LineString", "coordinates": [ [ 115.233292, -8.647799 ], [ 115.233432, -8.648346 ], [ 115.233487, -8.648552 ], [ 115.233522, -8.648674 ] ] } },
{ "type": "Feature", "properties": { "Nm_Ruas": "Jl. Sudamala", "Status": "Jalan Kota", "Propinsi": "Bali", "Kab_Kot": "Kota Denpasar", "risk_prediction": 1, "Satwil": "Polda Bali" }, "geometry": { "type": "LineString", "coordinates": [ [ 115.256452, -8.70427 ], [ 115.256293, -8.705165 ] ] } },
{ "type": "Feature", "properties": { "Nm_Ruas": "Jl. Suka Asih", "Status": "Jalan Kota", "Propinsi": "Jawa Barat", "Kab_Kot": "Kota Bandung", "risk_prediction": 1, "Satwil": "Polrestabes Bandung" }, "geometry": { "type": "LineString", "coordinates": [ [ 107.597215, -6.879193 ], [ 107.596795, -6.879215 ], [ 107.59653, -6.87923 ], [ 107.596425, -6.879238 ], [ 107.596357, -6.879231 ], [ 107.596314, -6.879213 ], [ 107.596311, -6.879211 ] ] } },
{ "type": "Feature", "properties": { "Nm_Ruas": "Jl. Sukahaji", "Status": "Jalan Kota", "Propinsi": "Jawa Barat", "Kab_Kot": "Kota Bandung", "risk_prediction": 1, "Satwil": "Polrestabes Bandung" }, "geometry": { "type": "LineString", "coordinates": [ [ 107.584555, -6.873626 ], [ 107.584526, -6.873718 ], [ 107.584513, -6.873798 ], [ 107.584409, -6.874862 ], [ 107.584217, -6.876026 ], [ 107.584121, -6.876394 ], [ 107.584062, -6.876651 ], [ 107.58408, -6.876891 ], [ 107.584083, -6.877208 ], [ 107.584078, -6.877289 ], [ 107.584029, -6.877649 ], [ 107.584019, -6.877827 ], [ 107.584021, -6.877934 ], [ 107.584025, -6.878105 ], [ 107.584025, -6.878117 ], [ 107.584028, -6.878161 ], [ 107.584049, -6.878407 ], [ 107.5842, -6.879049 ] ] } },
{ "type": "Feature", "properties": { "Nm_Ruas": "Jl. Sukahaji", "Status": "Jalan Kota", "Propinsi": "Jawa Barat", "Kab_Kot": "Kota Bandung", "risk_prediction": 1, "Satwil": "Polrestabes Bandung" }, "geometry": { "type": "LineString", "coordinates": [ [ 107.58517, -6.868452 ], [ 107.585037, -6.868871 ], [ 107.584983, -6.86912 ], [ 107.584977, -6.869177 ], [ 107.584975, -6.869198 ], [ 107.584971, -6.869245 ], [ 107.584964, -6.869331 ] ] } },
{ "type": "Feature", "properties": { "Nm_Ruas": "Jl. Sukajadi", "Status": "Jalan Provinsi", "Propinsi": "Jawa Barat", "Kab_Kot": "Kota Bandung", "risk_prediction": 1, "Satwil": "Polrestabes Bandung" }, "geometry": { "type": "LineString", "coordinates": [ [ 107.596355, -6.880027 ], [ 107.596336, -6.87967 ], [ 107.596331, -6.879573 ], [ 107.596311, -6.879211 ], [ 107.596306, -6.879123 ], [ 107.596283, -6.87875 ], [ 107.596255, -6.87833 ], [ 107.596251, -6.878219 ], [ 107.596246, -6.878065 ], [ 107.596244, -6.877993 ], [ 107.596231, -6.877627 ], [ 107.596224, -6.877411 ], [ 107.59622, -6.87738 ], [ 107.596217, -6.877313 ], [ 107.596216, -6.877288 ], [ 107.596196, -6.876874 ], [ 107.596192, -6.876825 ], [ 107.596168, -6.876509 ], [ 107.59615, -6.876275 ], [ 107.596119, -6.875867 ], [ 107.596089, -6.875603 ], [ 107.59607, -6.87544 ], [ 107.596006, -6.874981 ], [ 107.596002, -6.874952 ], [ 107.595994, -6.874901 ], [ 107.595975, -6.874775 ], [ 107.595855, -6.874329 ], [ 107.595821, -6.874157 ], [ 107.595827, -6.874068 ], [ 107.595827, -6.874066 ] ] } },
{ "type": "Feature", "properties": { "Nm_Ruas": "Jl. Sukajadi", "Status": "Jalan Provinsi", "Propinsi": "Jawa Barat", "Kab_Kot": "Kota Bandung", "risk_prediction": 1, "Satwil": "Polrestabes Bandung" }, "geometry": { "type": "LineString", "coordinates": [ [ 107.596715, -6.886728 ], [ 107.596734, -6.886643 ], [ 107.596816, -6.886165 ], [ 107.596845, -6.885951 ], [ 107.59685, -6.88585 ], [ 107.596842, -6.885762 ], [ 107.596813, -6.885617 ], [ 107.596758, -6.885441 ], [ 107.596642, -6.885103 ], [ 107.596569, -6.884893 ], [ 107.596519, -6.88511 ] ] } },
{ "type": "Feature", "properties": { "Nm_Ruas": "Jl. Sukajadi", "Status": "Jalan Provinsi", "Propinsi": "Jawa Barat", "Kab_Kot": "Kota Bandung", "risk_prediction": 1, "Satwil": "Polrestabes Bandung" }, "geometry": { "type": "LineString", "coordinates": [ [ 107.596752, -6.887629 ], [ 107.596732, -6.887396 ], [ 107.596724, -6.887248 ], [ 107.596703, -6.886814 ], [ 107.596702, -6.886792 ] ] } },
{ "type": "Feature", "properties": { "Nm_Ruas": "Jl. Sukasenang Raya", "Status": "Jalan Kota", "Propinsi": "Jawa Barat", "Kab_Kot": "Kota Bandung", "risk_prediction": 1, "Satwil": "Polrestabes Bandung" }, "geometry": { "type": "LineString", "coordinates": [ [ 107.637131, -6.899387 ], [ 107.637142, -6.899328 ], [ 107.6372, -6.899022 ], [ 107.63734, -6.898508 ] ] } },
{ "type": "Feature", "properties": { "Nm_Ruas": "Jl. Sukawangi", "Status": "Jalan Provinsi", "Propinsi": "Jawa Barat", "Kab_Kot": "Kota Bandung", "risk_prediction": 1, "Satwil": "Polrestabes Bandung" }, "geometry": { "type": "LineString", "coordinates": [ [ 107.596255, -6.87833 ], [ 107.597159, -6.878272 ] ] } },
{ "type": "Feature", "properties": { "Nm_Ruas": "Jl. Sulaksana", "Status": "Jalan Kota", "Propinsi": "Jawa Barat", "Kab_Kot": "Kota Bandung", "risk_prediction": 1, "Satwil": "Polrestabes Bandung" }, "geometry": { "type": "LineString", "coordinates": [ [ 107.64974, -6.912872 ], [ 107.649671, -6.911971 ], [ 107.649657, -6.911782 ], [ 107.649611, -6.91137 ], [ 107.649554, -6.910882 ], [ 107.649554, -6.910717 ], [ 107.649557, -6.910541 ], [ 107.649602, -6.910033 ], [ 107.64963, -6.909743 ], [ 107.649635, -6.909683 ], [ 107.649657, -6.909467 ], [ 107.649688, -6.909165 ], [ 107.649701, -6.90899 ], [ 107.649707, -6.908909 ], [ 107.64982, -6.907854 ], [ 107.649856, -6.907504 ], [ 107.649859, -6.907463 ], [ 107.64986, -6.907453 ], [ 107.649893, -6.907109 ], [ 107.649903, -6.906994 ], [ 107.649911, -6.906859 ], [ 107.649917, -6.906657 ], [ 107.649918, -6.906568 ], [ 107.649916, -6.906437 ], [ 107.649912, -6.906313 ], [ 107.649905, -6.906148 ], [ 107.649902, -6.906089 ], [ 107.6499, -6.905962 ], [ 107.6499, -6.905777 ], [ 107.649904, -6.905631 ], [ 107.649896, -6.905555 ], [ 107.649845, -6.905336 ], [ 107.649818, -6.905253 ], [ 107.649817, -6.905249 ] ] } },
{ "type": "Feature", "properties": { "Nm_Ruas": "Jl. Sulanjana", "Status": "Jalan Kota", "Propinsi": "Jawa Barat", "Kab_Kot": "Kota Bandung", "risk_prediction": 1, "Satwil": "Polrestabes Bandung" }, "geometry": { "type": "LineString", "coordinates": [ [ 107.611677, -6.899885 ], [ 107.611925, -6.899935 ], [ 107.612186, -6.900033 ], [ 107.612235, -6.900054 ], [ 107.612336, -6.900106 ], [ 107.612399, -6.900139 ], [ 107.612519, -6.900203 ], [ 107.612522, -6.900205 ] ] } },
{ "type": "Feature", "properties": { "Nm_Ruas": "Jl. Sulatri", "Status": "Jalan Kota", "Propinsi": "Bali", "Kab_Kot": "Kota Denpasar", "risk_prediction": 1, "Satwil": "Polda Bali" }, "geometry": { "type": "LineString", "coordinates": [ [ 115.245097, -8.646266 ], [ 115.245079, -8.646233 ], [ 115.244809, -8.645673 ], [ 115.244698, -8.645449 ] ] } },
{ "type": "Feature", "properties": { "Nm_Ruas": "Jl. Sumbawa", "Status": "Jalan Kota", "Propinsi": "Jawa Barat", "Kab_Kot": "Kota Bandung", "risk_prediction": 1, "Satwil": "Polrestabes Bandung" }, "geometry": { "type": "LineString", "coordinates": [ [ 107.615652, -6.909752 ], [ 107.615599, -6.909822 ], [ 107.615582, -6.90986 ], [ 107.61557, -6.909914 ], [ 107.615573, -6.909947 ], [ 107.615598, -6.910026 ], [ 107.615606, -6.910066 ], [ 107.615597, -6.910118 ], [ 107.615571, -6.910087 ], [ 107.615555, -6.910057 ], [ 107.615538, -6.910008 ], [ 107.615514, -6.909962 ], [ 107.615492, -6.909942 ], [ 107.615432, -6.909907 ], [ 107.615343, -6.909861 ] ] } },
{ "type": "Feature", "properties": { "Nm_Ruas": "Jl. Sunset Road - Jl.r.kuta", "Status": "Jalan Kabupaten", "Propinsi": "Bali", "Kab_Kot": "Badung", "risk_prediction": 1, "Satwil": "Polda Bali" }, "geometry": { "type": "LineString", "coordinates": [ [ 115.181062, -8.717239 ], [ 115.181107, -8.717248 ], [ 115.181664, -8.717359 ], [ 115.181761, -8.717381 ], [ 115.181872, -8.717406 ], [ 115.182763, -8.717597 ], [ 115.182823, -8.717608 ] ] } },
{ "type": "Feature", "properties": { "Nm_Ruas": "Jl. Sunset Road - Jl.r.kuta", "Status": "Jalan Kabupaten", "Propinsi": "Bali", "Kab_Kot": "Badung", "risk_prediction": 1, "Satwil": "Polda Bali" }, "geometry": { "type": "LineString", "coordinates": [ [ 115.183682, -8.717891 ], [ 115.183685, -8.717892 ], [ 115.183713, -8.717908 ], [ 115.18432, -8.718217 ], [ 115.184373, -8.718244 ] ] } },
{ "type": "Feature", "properties": { "Nm_Ruas": "Jl. Sunset Road - Sentral Park", "Status": "Jalan Kabupaten", "Propinsi": "Bali", "Kab_Kot": "Badung", "risk_prediction": 1, "Satwil": "Polda Bali" }, "geometry": { "type": "LineString", "coordinates": [ [ 115.18106, -8.714187 ], [ 115.181126, -8.714196 ], [ 115.181396, -8.714235 ], [ 115.181905, -8.714311 ], [ 115.182134, -8.714345 ], [ 115.182518, -8.714394 ], [ 115.182699, -8.714415 ], [ 115.183467, -8.714506 ], [ 115.18366, -8.714526 ], [ 115.183891, -8.714546 ], [ 115.184012, -8.714561 ] ] } },
{ "type": "Feature", "properties": { "Nm_Ruas": "Jl. Sunset Road - Sentral Park", "Status": "Jalan Kabupaten", "Propinsi": "Bali", "Kab_Kot": "Badung", "risk_prediction": 1, "Satwil": "Polda Bali" }, "geometry": { "type": "LineString", "coordinates": [ [ 115.185818, -8.714767 ], [ 115.185974, -8.714782 ], [ 115.186068, -8.714791 ] ] } },
{ "type": "Feature", "properties": { "Nm_Ruas": "Jl. Sunset Road - Sp3 Merta Sari 5", "Status": "Jalan Kabupaten", "Propinsi": "Bali", "Kab_Kot": "Badung", "risk_prediction": 1, "Satwil": "Polda Bali" }, "geometry": { "type": "LineString", "coordinates": [ [ 115.185182, -8.708802 ], [ 115.185099, -8.708851 ], [ 115.184402, -8.709263 ] ] } },
{ "type": "Feature", "properties": { "Nm_Ruas": "Jl. Sunset Roas - Spbu Sentral Park", "Status": "Jalan Kabupaten", "Propinsi": "Bali", "Kab_Kot": "Badung", "risk_prediction": 1, "Satwil": "Polda Bali" }, "geometry": { "type": "LineString", "coordinates": [ [ 115.18115, -8.710297 ], [ 115.182059, -8.710303 ] ] } },
{ "type": "Feature", "properties": { "Nm_Ruas": "Jl. Sunset Roas - Spbu Sentral Park", "Status": "Jalan Kabupaten", "Propinsi": "Bali", "Kab_Kot": "Badung", "risk_prediction": 1, "Satwil": "Polda Bali" }, "geometry": { "type": "LineString", "coordinates": [ [ 115.18429, -8.709326 ], [ 115.184402, -8.709263 ] ] } },
{ "type": "Feature", "properties": { "Nm_Ruas": "Jl. Surabi", "Status": "Jalan Kota", "Propinsi": "Bali", "Kab_Kot": "Kota Denpasar", "risk_prediction": 1, "Satwil": "Polda Bali" }, "geometry": { "type": "LineString", "coordinates": [ [ 115.239694, -8.647243 ], [ 115.239715, -8.647347 ], [ 115.239754, -8.647549 ], [ 115.239793, -8.647779 ], [ 115.239875, -8.648129 ] ] } },
{ "type": "Feature", "properties": { "Nm_Ruas": "Jl. Suradipa", "Status": "Jalan Kota", "Propinsi": "Bali", "Kab_Kot": "Kota Denpasar", "risk_prediction": 1, "Satwil": "Polda Bali" }, "geometry": { "type": "LineString", "coordinates": [ [ 115.213156, -8.612398 ], [ 115.212947, -8.612399 ], [ 115.212795, -8.612394 ], [ 115.212649, -8.612369 ], [ 115.21253, -8.612357 ], [ 115.212251, -8.612331 ] ] } },
{ "type": "Feature", "properties": { "Nm_Ruas": "Jl. Surapati", "Status": "Jalan Kabupaten", "Propinsi": "Bali", "Kab_Kot": "Tabanan", "risk_prediction": 1, "Satwil": "Polda Bali" }, "geometry": { "type": "LineString", "coordinates": [ [ 115.025481, -8.502722 ], [ 115.025731, -8.502136 ], [ 115.025837, -8.501888 ] ] } },
{ "type": "Feature", "properties": { "Nm_Ruas": "Jl. Surapati", "Status": "Jalan Nasional", "Propinsi": "Jawa Barat", "Kab_Kot": "Kota Bandung", "risk_prediction": 1, "Satwil": "Polrestabes Bandung" }, "geometry": { "type": "LineString", "coordinates": [ [ 107.612711, -6.89885 ], [ 107.612795, -6.898845 ], [ 107.612995, -6.898841 ], [ 107.613068, -6.898841 ], [ 107.613108, -6.898842 ], [ 107.6135, -6.898852 ], [ 107.613616, -6.898853 ] ] } },
{ "type": "Feature", "properties": { "Nm_Ruas": "Jl. Surapati", "Status": "Jalan Nasional", "Propinsi": "Jawa Barat", "Kab_Kot": "Kota Bandung", "risk_prediction": 1, "Satwil": "Polrestabes Bandung" }, "geometry": { "type": "LineString", "coordinates": [ [ 107.616789, -6.899082 ], [ 107.61768, -6.899242 ], [ 107.617753, -6.899256 ], [ 107.617966, -6.899284 ], [ 107.618122, -6.899294 ], [ 107.618435, -6.899298 ], [ 107.618583, -6.899296 ] ] } },
{ "type": "Feature", "properties": { "Nm_Ruas": "Jl. Surapati", "Status": "Jalan Nasional", "Propinsi": "Jawa Barat", "Kab_Kot": "Kota Bandung", "risk_prediction": 1, "Satwil": "Polrestabes Bandung" }, "geometry": { "type": "LineString", "coordinates": [ [ 107.620248, -6.899283 ], [ 107.620317, -6.899282 ], [ 107.62037, -6.899282 ], [ 107.620444, -6.89928 ], [ 107.620617, -6.899277 ], [ 107.620784, -6.899275 ], [ 107.620819, -6.899274 ], [ 107.620997, -6.89927 ], [ 107.621144, -6.899267 ], [ 107.621174, -6.899266 ], [ 107.62147, -6.899259 ], [ 107.621722, -6.899253 ], [ 107.621918, -6.899249 ], [ 107.621981, -6.899247 ], [ 107.622291, -6.89924 ], [ 107.622348, -6.899239 ], [ 107.622424, -6.899237 ], [ 107.622513, -6.899235 ], [ 107.622673, -6.899231 ], [ 107.62276, -6.899231 ], [ 107.622875, -6.89923 ], [ 107.623224, -6.899228 ], [ 107.623269, -6.899228 ], [ 107.623492, -6.899227 ], [ 107.623621, -6.899226 ], [ 107.623673, -6.899226 ], [ 107.623733, -6.899225 ], [ 107.623893, -6.899227 ], [ 107.624003, -6.899226 ], [ 107.624467, -6.899235 ], [ 107.624525, -6.899235 ], [ 107.624603, -6.899236 ], [ 107.624713, -6.899237 ], [ 107.624777, -6.899238 ], [ 107.624909, -6.89924 ], [ 107.625984, -6.899243 ], [ 107.626141, -6.899256 ], [ 107.626243, -6.89927 ], [ 107.626301, -6.899277 ], [ 107.626647, -6.89937 ], [ 107.627015, -6.899455 ], [ 107.627123, -6.899476 ], [ 107.627124, -6.899477 ], [ 107.62717, -6.899487 ], [ 107.627218, -6.899498 ], [ 107.627613, -6.899594 ], [ 107.627977, -6.899682 ], [ 107.628004, -6.89969 ], [ 107.628095, -6.899718 ], [ 107.62811, -6.899722 ], [ 107.628408, -6.899807 ], [ 107.628475, -6.899826 ], [ 107.628587, -6.89985 ], [ 107.628709, -6.899864 ], [ 107.628909, -6.899877 ], [ 107.629237, -6.89986 ], [ 107.62935, -6.899854 ], [ 107.629423, -6.899842 ], [ 107.629491, -6.899826 ], [ 107.629705, -6.899773 ], [ 107.629892, -6.899722 ], [ 107.630192, -6.899606 ], [ 107.630314, -6.899552 ], [ 107.630758, -6.89927 ], [ 107.630838, -6.899204 ], [ 107.631153, -6.89896 ], [ 107.631229, -6.898904 ], [ 107.631275, -6.898868 ], [ 107.631311, -6.898842 ], [ 107.631356, -6.898803 ], [ 107.631476, -6.898712 ], [ 107.631748, -6.89851 ], [ 107.631797, -6.898482 ], [ 107.631847, -6.898455 ], [ 107.631887, -6.898441 ], [ 107.632141, -6.898355 ], [ 107.632182, -6.898341 ], [ 107.632263, -6.898313 ], [ 107.632311, -6.898299 ], [ 107.632355, -6.898287 ], [ 107.632417, -6.898268 ], [ 107.632489, -6.898247 ], [ 107.632613, -6.898211 ], [ 107.632649, -6.898201 ], [ 107.632816, -6.898156 ], [ 107.632845, -6.898148 ], [ 107.63295, -6.898117 ], [ 107.633052, -6.898087 ], [ 107.633283, -6.898018 ], [ 107.633305, -6.898011 ], [ 107.633623, -6.897911 ], [ 107.633667, -6.897897 ], [ 107.633968, -6.897825 ], [ 107.634182, -6.897791 ] ] } },
{ "type": "Feature", "properties": { "Nm_Ruas": "Jl. Surya Sumantri 2", "Status": "Jalan Kota", "Propinsi": "Jawa Barat", "Kab_Kot": "Kota Bandung", "risk_prediction": 1, "Satwil": "Polrestabes Bandung" }, "geometry": { "type": "LineString", "coordinates": [ [ 107.580934, -6.891901 ], [ 107.58103, -6.891878 ], [ 107.581071, -6.891867 ], [ 107.581119, -6.891851 ], [ 107.581154, -6.891836 ], [ 107.581188, -6.891823 ], [ 107.581213, -6.891808 ], [ 107.581236, -6.89178 ] ] } },
{ "type": "Feature", "properties": { "Nm_Ruas": "Jl. Surya Sumantri 2", "Status": "Jalan Kota", "Propinsi": "Jawa Barat", "Kab_Kot": "Kota Bandung", "risk_prediction": 1, "Satwil": "Polrestabes Bandung" }, "geometry": { "type": "LineString", "coordinates": [ [ 107.580944, -6.880075 ], [ 107.580945, -6.880075 ], [ 107.580974, -6.88011 ], [ 107.581023, -6.880218 ], [ 107.581145, -6.88057 ], [ 107.581206, -6.880761 ], [ 107.581253, -6.880922 ], [ 107.581254, -6.880925 ], [ 107.58139, -6.881381 ], [ 107.58149, -6.88175 ], [ 107.581494, -6.881795 ], [ 107.581499, -6.88186 ], [ 107.581498, -6.881947 ], [ 107.581494, -6.882198 ], [ 107.581494, -6.882262 ], [ 107.58149, -6.882403 ] ] } },
{ "type": "Feature", "properties": { "Nm_Ruas": "Jl. Surya Sumantri 2", "Status": "Jalan Kota", "Propinsi": "Jawa Barat", "Kab_Kot": "Kota Bandung", "risk_prediction": 1, "Satwil": "Polrestabes Bandung" }, "geometry": { "type": "LineString", "coordinates": [ [ 107.581058, -6.892147 ], [ 107.581106, -6.892045 ], [ 107.581236, -6.89178 ] ] } },
{ "type": "Feature", "properties": { "Nm_Ruas": "Jl. Surya Sumantri 2", "Status": "Jalan Kota", "Propinsi": "Jawa Barat", "Kab_Kot": "Kota Bandung", "risk_prediction": 1, "Satwil": "Polrestabes Bandung" }, "geometry": { "type": "LineString", "coordinates": [ [ 107.581491, -6.88334 ], [ 107.58149, -6.883398 ], [ 107.581479, -6.883944 ], [ 107.581449, -6.884719 ], [ 107.581427, -6.885317 ], [ 107.581424, -6.885381 ], [ 107.581413, -6.88559 ], [ 107.581407, -6.885905 ], [ 107.581404, -6.886045 ], [ 107.5814, -6.886188 ], [ 107.581391, -6.88674 ], [ 107.581359, -6.887714 ], [ 107.581358, -6.887867 ], [ 107.581358, -6.887919 ], [ 107.581358, -6.88802 ], [ 107.581384, -6.888361 ], [ 107.581434, -6.888877 ], [ 107.581441, -6.888966 ], [ 107.581455, -6.889134 ], [ 107.581468, -6.889272 ], [ 107.581477, -6.889366 ], [ 107.581533, -6.889874 ], [ 107.581528, -6.890158 ], [ 107.581527, -6.890237 ], [ 107.581523, -6.890295 ], [ 107.581448, -6.891075 ], [ 107.581442, -6.891153 ], [ 107.581431, -6.891288 ], [ 107.581406, -6.891516 ], [ 107.581331, -6.891788 ], [ 107.581222, -6.892023 ], [ 107.5812, -6.892071 ], [ 107.581157, -6.892168 ] ] } },
{ "type": "Feature", "properties": { "Nm_Ruas": "Jl. Surya Sumantri 2", "Status": "Jalan Kota", "Propinsi": "Jawa Barat", "Kab_Kot": "Kota Bandung", "risk_prediction": 1, "Satwil": "Polrestabes Bandung" }, "geometry": { "type": "LineString", "coordinates": [ [ 107.581236, -6.89178 ], [ 107.581313, -6.891565 ], [ 107.581331, -6.891486 ], [ 107.581351, -6.891347 ], [ 107.58138, -6.891115 ], [ 107.581386, -6.891066 ], [ 107.581462, -6.890277 ], [ 107.581466, -6.890163 ], [ 107.581469, -6.889877 ], [ 107.581419, -6.889311 ], [ 107.581415, -6.889276 ], [ 107.581373, -6.888872 ], [ 107.581358, -6.888714 ], [ 107.58132, -6.888368 ], [ 107.581288, -6.88802 ], [ 107.581291, -6.887956 ], [ 107.581322, -6.886737 ], [ 107.581325, -6.886612 ], [ 107.581326, -6.886598 ], [ 107.581337, -6.886187 ], [ 107.581343, -6.886049 ], [ 107.581352, -6.885828 ], [ 107.581355, -6.885725 ], [ 107.581361, -6.885588 ], [ 107.581363, -6.885381 ], [ 107.581377, -6.884871 ], [ 107.581391, -6.883568 ], [ 107.581398, -6.883342 ], [ 107.581404, -6.883141 ], [ 107.581411, -6.882806 ], [ 107.581419, -6.882462 ], [ 107.58142, -6.882439 ], [ 107.581422, -6.882439 ] ] } },
{ "type": "Feature", "properties": { "Nm_Ruas": "Jl. Suryani", "Status": "Jalan Kota", "Propinsi": "Jawa Barat", "Kab_Kot": "Kota Bandung", "risk_prediction": 1, "Satwil": "Polrestabes Bandung" }, "geometry": { "type": "LineString", "coordinates": [ [ 107.581212, -6.918023 ], [ 107.581196, -6.918104 ], [ 107.581092, -6.918921 ] ] } },
{ "type": "Feature", "properties": { "Nm_Ruas": "Jl. Talaga Bodas", "Status": "Jalan Kota", "Propinsi": "Jawa Barat", "Kab_Kot": "Kota Bandung", "risk_prediction": 1, "Satwil": "Polrestabes Bandung" }, "geometry": { "type": "LineString", "coordinates": [ [ 107.626515, -6.929523 ], [ 107.626472, -6.929513 ], [ 107.626429, -6.9295 ], [ 107.626383, -6.929487 ], [ 107.626341, -6.929473 ], [ 107.626267, -6.92945 ], [ 107.626223, -6.929439 ], [ 107.62564, -6.92929 ] ] } },
{ "type": "Feature", "properties": { "Nm_Ruas": "Jl. Taman Cibeunying Selatan", "Status": "Jalan Kota", "Propinsi": "Jawa Barat", "Kab_Kot": "Kota Bandung", "risk_prediction": 1, "Satwil": "Polrestabes Bandung" }, "geometry": { "type": "LineString", "coordinates": [ [ 107.626851, -6.908077 ], [ 107.626733, -6.90805 ], [ 107.626444, -6.907944 ], [ 107.626295, -6.907865 ], [ 107.626147, -6.907771 ], [ 107.626047, -6.907684 ] ] } },
{ "type": "Feature", "properties": { "Nm_Ruas": "Jl. Taman Cibeunying Utara", "Status": "Jalan Kota", "Propinsi": "Jawa Barat", "Kab_Kot": "Kota Bandung", "risk_prediction": 1, "Satwil": "Polrestabes Bandung" }, "geometry": { "type": "LineString", "coordinates": [ [ 107.626647, -6.907491 ], [ 107.626703, -6.907479 ] ] } },
{ "type": "Feature", "properties": { "Nm_Ruas": "Jl. Taman Pramuka", "Status": "Jalan Kota", "Propinsi": "Jawa Barat", "Kab_Kot": "Kota Bandung", "risk_prediction": 1, "Satwil": "Polrestabes Bandung" }, "geometry": { "type": "LineString", "coordinates": [ [ 107.626083, -6.910076 ], [ 107.62616, -6.909986 ], [ 107.626183, -6.909964 ], [ 107.626511, -6.909663 ], [ 107.626594, -6.909604 ], [ 107.626687, -6.909558 ], [ 107.62676, -6.909546 ], [ 107.626791, -6.909543 ] ] } },
{ "type": "Feature", "properties": { "Nm_Ruas": "Jl. Taman Pramuka", "Status": "Jalan Kota", "Propinsi": "Jawa Barat", "Kab_Kot": "Kota Bandung", "risk_prediction": 1, "Satwil": "Polrestabes Bandung" }, "geometry": { "type": "LineString", "coordinates": [ [ 107.627397, -6.910726 ], [ 107.627287, -6.910835 ], [ 107.627123, -6.910999 ], [ 107.627074, -6.91105 ] ] } },
{ "type": "Feature", "properties": { "Nm_Ruas": "Jl. Tamansari", "Status": "Jalan Kota", "Propinsi": "Jawa Barat", "Kab_Kot": "Kota Bandung", "risk_prediction": 1, "Satwil": "Polrestabes Bandung" }, "geometry": { "type": "LineString", "coordinates": [ [ 107.609356, -6.898701 ], [ 107.609526, -6.898324 ], [ 107.609528, -6.898317 ], [ 107.609539, -6.89828 ], [ 107.609547, -6.898195 ], [ 107.609552, -6.898142 ], [ 107.609555, -6.898109 ], [ 107.609561, -6.898037 ], [ 107.60958, -6.897901 ], [ 107.609583, -6.897862 ], [ 107.609586, -6.897836 ] ] } },
{ "type": "Feature", "properties": { "Nm_Ruas": "Jl. Tamansari", "Status": "Jalan Kota", "Propinsi": "Jawa Barat", "Kab_Kot": "Kota Bandung", "risk_prediction": 1, "Satwil": "Polrestabes Bandung" }, "geometry": { "type": "LineString", "coordinates": [ [ 107.611359, -6.887288 ], [ 107.611425, -6.8872 ], [ 107.61151, -6.887087 ], [ 107.611535, -6.887053 ] ] } },
{ "type": "Feature", "properties": { "Nm_Ruas": "Jl. Tamansari", "Status": "Jalan Kota", "Propinsi": "Jawa Barat", "Kab_Kot": "Kota Bandung", "risk_prediction": 1, "Satwil": "Polrestabes Bandung" }, "geometry": { "type": "LineString", "coordinates": [ [ 107.611584, -6.885268 ], [ 107.611578, -6.885237 ], [ 107.611555, -6.885147 ], [ 107.611537, -6.885074 ], [ 107.611525, -6.88503 ], [ 107.611488, -6.884972 ], [ 107.61144, -6.884898 ], [ 107.611396, -6.884832 ] ] } },
{ "type": "Feature", "properties": { "Nm_Ruas": "Jl. Tamansari", "Status": "Jalan Kota", "Propinsi": "Jawa Barat", "Kab_Kot": "Kota Bandung", "risk_prediction": 1, "Satwil": "Polrestabes Bandung" }, "geometry": { "type": "LineString", "coordinates": [ [ 107.611535, -6.887053 ], [ 107.611616, -6.886794 ], [ 107.611694, -6.886278 ], [ 107.61169, -6.886166 ] ] } },
{ "type": "Feature", "properties": { "Nm_Ruas": "Jl. Tamansari", "Status": "Jalan Kota", "Propinsi": "Jawa Barat", "Kab_Kot": "Kota Bandung", "risk_prediction": 1, "Satwil": "Polrestabes Bandung" }, "geometry": { "type": "LineString", "coordinates": [ [ 107.613615, -6.887416 ], [ 107.613551, -6.887414 ], [ 107.613509, -6.887412 ], [ 107.61346, -6.88741 ], [ 107.61294, -6.887382 ], [ 107.61271, -6.887369 ], [ 107.612648, -6.887366 ], [ 107.61233, -6.887349 ], [ 107.611968, -6.887329 ], [ 107.611713, -6.887315 ], [ 107.611551, -6.887077 ], [ 107.611535, -6.887053 ] ] } },
{ "type": "Feature", "properties": { "Nm_Ruas": "Jl. Tamblong", "Status": "Jalan Kota", "Propinsi": "Jawa Barat", "Kab_Kot": "Kota Bandung", "risk_prediction": 1, "Satwil": "Polrestabes Bandung" }, "geometry": { "type": "LineString", "coordinates": [ [ 107.61235, -6.918793 ], [ 107.612336, -6.918958 ], [ 107.612315, -6.919212 ], [ 107.612295, -6.919455 ], [ 107.61224, -6.919868 ], [ 107.612221, -6.920016 ], [ 107.612218, -6.920038 ], [ 107.612209, -6.920109 ], [ 107.612209, -6.920111 ], [ 107.612195, -6.920214 ], [ 107.612155, -6.920528 ], [ 107.612121, -6.920835 ], [ 107.612103, -6.921011 ], [ 107.612072, -6.921314 ], [ 107.612028, -6.92161 ], [ 107.612012, -6.921739 ] ] } },
{ "type": "Feature", "properties": { "Nm_Ruas": "Jl. Tamblong", "Status": "Jalan Kota", "Propinsi": "Jawa Barat", "Kab_Kot": "Kota Bandung", "risk_prediction": 1, "Satwil": "Polrestabes Bandung" }, "geometry": { "type": "LineString", "coordinates": [ [ 107.612326, -6.918559 ], [ 107.61232, -6.918627 ], [ 107.612342, -6.918731 ], [ 107.612345, -6.918758 ], [ 107.61235, -6.918793 ] ] } },
{ "type": "Feature", "properties": { "Nm_Ruas": "Jl. Tamblong", "Status": "Jalan Kota", "Propinsi": "Jawa Barat", "Kab_Kot": "Kota Bandung", "risk_prediction": 1, "Satwil": "Polrestabes Bandung" }, "geometry": { "type": "LineString", "coordinates": [ [ 107.612782, -6.917966 ], [ 107.612659, -6.918004 ], [ 107.612556, -6.91806 ], [ 107.612498, -6.918129 ], [ 107.61248, -6.918169 ], [ 107.612471, -6.918205 ], [ 107.612457, -6.918276 ], [ 107.612438, -6.918415 ], [ 107.612406, -6.918656 ], [ 107.612396, -6.918688 ], [ 107.612383, -6.918732 ], [ 107.612364, -6.918768 ], [ 107.61235, -6.918793 ] ] } },
{ "type": "Feature", "properties": { "Nm_Ruas": "Jl. Tanah Ayu - Blumbungan", "Status": "Jalan Kabupaten", "Propinsi": "Bali", "Kab_Kot": "Badung", "risk_prediction": 1, "Satwil": "Polda Bali" }, "geometry": { "type": "LineString", "coordinates": [ [ 115.213893, -8.584123 ], [ 115.213911, -8.584188 ], [ 115.213966, -8.584286 ], [ 115.214041, -8.584338 ], [ 115.214349, -8.584482 ], [ 115.214522, -8.584533 ], [ 115.214639, -8.584548 ], [ 115.214691, -8.584554 ] ] } },
{ "type": "Feature", "properties": { "Nm_Ruas": "Jl. Tebongkang Semana Bts Bad", "Status": "Jalan Kabupaten", "Propinsi": "Bali", "Kab_Kot": "Gianyar", "risk_prediction": 1, "Satwil": "Polda Bali" }, "geometry": { "type": "LineString", "coordinates": [ [ 115.239689, -8.518726 ], [ 115.239616, -8.519156 ], [ 115.239589, -8.519314 ], [ 115.239562, -8.519512 ], [ 115.239546, -8.519618 ] ] } },
{ "type": "Feature", "properties": { "Nm_Ruas": "Jl. Tebongkang Semana Bts Bad", "Status": "Jalan Kabupaten", "Propinsi": "Bali", "Kab_Kot": "Gianyar", "risk_prediction": 1, "Satwil": "Polda Bali" }, "geometry": { "type": "LineString", "coordinates": [ [ 115.242642, -8.527345 ], [ 115.24267, -8.527354 ], [ 115.242762, -8.527386 ], [ 115.242848, -8.527415 ], [ 115.242946, -8.527444 ], [ 115.243006, -8.527447 ], [ 115.243055, -8.527442 ], [ 115.243101, -8.527448 ], [ 115.243159, -8.52746 ], [ 115.243199, -8.527468 ], [ 115.243263, -8.527483 ], [ 115.243326, -8.527483 ], [ 115.243404, -8.527486 ], [ 115.243453, -8.52749 ], [ 115.243525, -8.527518 ], [ 115.243532, -8.52752 ] ] } },
{ "type": "Feature", "properties": { "Nm_Ruas": "Jl. Tebuana Gelumpang Pt Erje", "Status": "Jalan Kabupaten", "Propinsi": "Bali", "Kab_Kot": "Gianyar", "risk_prediction": 1, "Satwil": "Polda Bali" }, "geometry": { "type": "LineString", "coordinates": [ [ 115.287143, -8.598827 ], [ 115.287179, -8.59883 ], [ 115.287283, -8.598837 ], [ 115.28738, -8.598849 ], [ 115.28749, -8.598865 ], [ 115.287594, -8.59887 ], [ 115.287702, -8.598872 ], [ 115.287813, -8.598877 ], [ 115.287927, -8.598882 ], [ 115.288044, -8.59889 ], [ 115.288048, -8.59889 ], [ 115.288164, -8.598899 ], [ 115.288286, -8.598904 ], [ 115.288406, -8.598909 ], [ 115.288529, -8.598912 ], [ 115.288658, -8.598923 ], [ 115.288787, -8.598938 ], [ 115.288916, -8.598957 ], [ 115.289048, -8.598979 ], [ 115.28918, -8.599004 ], [ 115.289316, -8.599028 ], [ 115.289426, -8.599052 ], [ 115.289455, -8.599058 ], [ 115.289593, -8.599084 ], [ 115.28973, -8.599111 ], [ 115.289861, -8.599127 ], [ 115.289988, -8.599142 ], [ 115.290109, -8.599157 ], [ 115.290234, -8.59918 ], [ 115.290323, -8.599197 ], [ 115.290362, -8.599204 ], [ 115.290494, -8.599224 ], [ 115.290628, -8.599243 ], [ 115.290763, -8.599262 ], [ 115.290891, -8.599277 ], [ 115.29101, -8.599293 ], [ 115.291122, -8.599307 ], [ 115.291217, -8.599322 ], [ 115.291221, -8.599325 ], [ 115.291315, -8.599389 ], [ 115.291351, -8.599475 ], [ 115.291387, -8.599591 ], [ 115.291421, -8.599713 ], [ 115.291448, -8.59983 ], [ 115.291474, -8.599948 ], [ 115.291503, -8.60007 ], [ 115.291534, -8.600194 ], [ 115.291561, -8.600319 ], [ 115.291588, -8.600439 ], [ 115.291621, -8.600559 ], [ 115.291659, -8.600679 ], [ 115.291697, -8.600805 ], [ 115.291736, -8.600936 ], [ 115.291769, -8.60107 ], [ 115.291801, -8.601198 ], [ 115.291825, -8.601325 ], [ 115.29185, -8.601451 ], [ 115.291875, -8.60157 ], [ 115.291895, -8.601675 ], [ 115.291906, -8.601769 ], [ 115.291914, -8.601822 ], [ 115.291914, -8.601827 ], [ 115.291926, -8.601904 ], [ 115.291944, -8.602012 ], [ 115.291969, -8.602133 ], [ 115.292002, -8.60226 ], [ 115.292041, -8.602392 ], [ 115.292075, -8.602524 ], [ 115.292108, -8.602653 ], [ 115.292122, -8.602702 ], [ 115.292143, -8.60278 ], [ 115.292179, -8.602897 ], [ 115.292209, -8.603008 ], [ 115.292243, -8.603126 ], [ 115.292279, -8.603255 ], [ 115.292315, -8.603389 ], [ 115.292345, -8.603517 ], [ 115.29236, -8.603631 ], [ 115.292383, -8.603767 ], [ 115.292441, -8.603819 ], [ 115.292556, -8.603829 ], [ 115.292662, -8.603819 ], [ 115.29279, -8.603806 ], [ 115.292922, -8.603792 ], [ 115.293056, -8.603778 ], [ 115.293192, -8.603763 ], [ 115.293328, -8.603747 ], [ 115.293461, -8.60373 ], [ 115.293595, -8.603709 ], [ 115.293725, -8.603681 ], [ 115.293862, -8.603662 ], [ 115.293978, -8.603641 ], [ 115.294111, -8.603624 ], [ 115.294249, -8.60361 ], [ 115.294386, -8.603597 ], [ 115.29452, -8.603576 ], [ 115.294646, -8.603547 ], [ 115.294777, -8.60352 ], [ 115.294914, -8.603488 ], [ 115.295054, -8.603452 ], [ 115.295188, -8.603412 ], [ 115.295347, -8.603378 ], [ 115.295454, -8.603355 ], [ 115.29553, -8.60334 ], [ 115.29565, -8.603325 ], [ 115.295735, -8.603319 ], [ 115.295764, -8.603318 ], [ 115.295861, -8.603313 ], [ 115.295971, -8.603308 ], [ 115.296133, -8.603291 ], [ 115.296219, -8.603287 ], [ 115.296341, -8.603283 ], [ 115.296478, -8.603273 ], [ 115.296672, -8.603264 ], [ 115.296908, -8.603239 ], [ 115.297014, -8.60322 ], [ 115.297065, -8.603214 ], [ 115.297211, -8.603186 ], [ 115.297342, -8.603158 ], [ 115.29737, -8.603152 ], [ 115.297492, -8.603143 ], [ 115.297582, -8.603143 ], [ 115.297661, -8.603148 ], [ 115.297747, -8.603162 ], [ 115.297828, -8.603181 ], [ 115.297904, -8.60321 ], [ 115.298008, -8.603265 ], [ 115.298094, -8.603329 ], [ 115.29817, -8.6034 ], [ 115.298256, -8.603513 ], [ 115.29835, -8.60364 ], [ 115.298456, -8.603766 ], [ 115.298572, -8.603894 ], [ 115.29869, -8.604021 ], [ 115.298809, -8.604149 ], [ 115.298925, -8.604275 ], [ 115.299041, -8.604401 ], [ 115.299152, -8.60452 ], [ 115.299259, -8.604631 ], [ 115.299365, -8.604739 ], [ 115.299476, -8.604848 ], [ 115.299553, -8.604919 ], [ 115.299593, -8.604955 ], [ 115.299713, -8.605064 ], [ 115.299836, -8.605169 ], [ 115.29995, -8.605267 ], [ 115.300052, -8.605354 ], [ 115.30013, -8.605422 ], [ 115.300195, -8.605492 ], [ 115.300259, -8.605571 ], [ 115.300335, -8.605656 ], [ 115.300422, -8.605746 ], [ 115.300514, -8.60584 ], [ 115.300604, -8.605934 ], [ 115.300721, -8.606037 ], [ 115.300814, -8.606137 ], [ 115.300926, -8.606239 ], [ 115.30103, -8.606355 ], [ 115.301128, -8.606472 ], [ 115.301222, -8.606599 ], [ 115.301316, -8.606713 ], [ 115.301402, -8.606818 ], [ 115.301487, -8.606921 ], [ 115.301571, -8.607021 ], [ 115.301653, -8.607115 ], [ 115.301747, -8.607204 ], [ 115.301858, -8.607283 ], [ 115.301975, -8.607361 ], [ 115.302098, -8.607436 ], [ 115.30222, -8.607509 ], [ 115.302335, -8.60758 ], [ 115.302443, -8.60765 ], [ 115.302546, -8.607732 ], [ 115.302649, -8.607821 ], [ 115.302756, -8.607918 ], [ 115.302853, -8.608006 ], [ 115.302865, -8.608017 ], [ 115.302966, -8.60812 ], [ 115.303056, -8.608221 ], [ 115.303135, -8.608327 ], [ 115.303215, -8.608442 ], [ 115.303298, -8.608568 ], [ 115.303383, -8.608698 ], [ 115.303468, -8.60883 ], [ 115.303553, -8.608969 ], [ 115.303633, -8.609114 ], [ 115.303713, -8.609257 ], [ 115.303788, -8.609393 ], [ 115.303864, -8.609527 ], [ 115.303939, -8.60966 ], [ 115.304012, -8.609791 ], [ 115.304089, -8.609923 ], [ 115.304169, -8.610054 ], [ 115.304245, -8.610179 ], [ 115.304317, -8.610307 ], [ 115.304387, -8.610437 ], [ 115.304454, -8.610561 ], [ 115.304519, -8.610677 ], [ 115.304574, -8.610793 ], [ 115.30462, -8.610905 ], [ 115.304659, -8.610993 ], [ 115.304714, -8.611072 ], [ 115.304818, -8.611095 ], [ 115.304921, -8.611086 ], [ 115.305049, -8.61105 ], [ 115.305185, -8.611012 ], [ 115.30533, -8.610987 ], [ 115.305469, -8.610948 ], [ 115.305601, -8.610923 ], [ 115.305639, -8.610922 ], [ 115.30573, -8.610919 ], [ 115.305862, -8.610913 ], [ 115.305997, -8.610883 ], [ 115.306122, -8.610832 ], [ 115.30622, -8.610812 ], [ 115.306325, -8.610857 ], [ 115.306384, -8.610964 ], [ 115.306448, -8.611105 ], [ 115.30652, -8.611231 ], [ 115.306596, -8.611336 ], [ 115.306672, -8.611442 ], [ 115.306738, -8.611563 ], [ 115.306797, -8.611684 ], [ 115.30685, -8.611807 ], [ 115.306901, -8.611922 ], [ 115.306941, -8.612011 ], [ 115.306979, -8.612096 ], [ 115.30699, -8.612123 ], [ 115.307014, -8.612183 ], [ 115.307068, -8.612293 ], [ 115.307116, -8.61239 ], [ 115.30717, -8.612499 ], [ 115.307223, -8.612609 ], [ 115.307302, -8.612872 ], [ 115.307337, -8.612957 ], [ 115.307339, -8.61296 ] ] } },
{ "type": "Feature", "properties": { "Nm_Ruas": "Jl. Tegaltamu - Kedewatan", "Status": "Jalan Provinsi", "Propinsi": "Bali", "Kab_Kot": "Gianyar", "risk_prediction": 1, "Satwil": "Polda Bali" }, "geometry": { "type": "LineString", "coordinates": [ [ 115.244075, -8.531488 ], [ 115.244046, -8.53046 ], [ 115.244012, -8.52977 ], [ 115.244007, -8.529359 ], [ 115.244005, -8.52927 ], [ 115.243934, -8.528965 ], [ 115.2438, -8.528384 ], [ 115.243799, -8.52838 ], [ 115.243645, -8.527925 ], [ 115.243532, -8.52752 ], [ 115.24353, -8.527516 ], [ 115.243524, -8.527494 ], [ 115.243344, -8.526852 ], [ 115.243296, -8.526647 ], [ 115.243235, -8.526391 ], [ 115.243209, -8.526296 ], [ 115.242709, -8.524501 ], [ 115.242635, -8.524237 ], [ 115.242409, -8.523515 ], [ 115.242043, -8.522492 ], [ 115.242033, -8.522463 ], [ 115.241983, -8.522317 ], [ 115.241972, -8.522302 ], [ 115.241399, -8.521517 ], [ 115.241021, -8.520999 ], [ 115.240882, -8.520787 ], [ 115.240651, -8.520355 ], [ 115.240268, -8.519698 ], [ 115.240153, -8.519502 ], [ 115.239838, -8.518961 ], [ 115.239688, -8.518731 ], [ 115.239689, -8.518726 ], [ 115.23969, -8.518722 ], [ 115.239739, -8.518463 ], [ 115.239834, -8.517834 ], [ 115.239853, -8.517707 ], [ 115.239877, -8.51755 ], [ 115.240048, -8.516245 ], [ 115.240078, -8.515954 ], [ 115.240093, -8.515801 ], [ 115.240151, -8.515235 ], [ 115.240212, -8.51458 ], [ 115.240214, -8.514578 ], [ 115.240229, -8.51456 ], [ 115.240289, -8.514388 ], [ 115.240527, -8.513439 ], [ 115.240543, -8.513358 ], [ 115.24055, -8.513321 ], [ 115.240718, -8.512572 ], [ 115.240792, -8.512229 ], [ 115.241117, -8.511092 ], [ 115.241288, -8.510569 ], [ 115.2414, -8.510237 ], [ 115.241438, -8.510072 ], [ 115.241557, -8.509617 ], [ 115.241565, -8.509576 ], [ 115.241627, -8.509329 ], [ 115.241717, -8.508969 ], [ 115.24173, -8.50892 ], [ 115.241809, -8.508605 ], [ 115.242112, -8.50746 ], [ 115.242118, -8.507436 ], [ 115.24216, -8.507282 ], [ 115.242298, -8.506945 ], [ 115.242422, -8.506535 ], [ 115.242425, -8.506524 ], [ 115.242743, -8.505474 ], [ 115.243015, -8.504672 ], [ 115.243033, -8.504622 ], [ 115.243128, -8.504358 ], [ 115.243403, -8.503589 ], [ 115.243435, -8.503534 ], [ 115.243445, -8.503512 ], [ 115.243447, -8.503508 ], [ 115.243487, -8.503418 ], [ 115.243788, -8.502676 ], [ 115.24388, -8.502449 ], [ 115.244024, -8.501954 ], [ 115.24416, -8.501532 ], [ 115.244308, -8.501094 ], [ 115.244533, -8.50043 ], [ 115.244648, -8.500045 ], [ 115.244656, -8.5 ], [ 115.244748, -8.499457 ], [ 115.244773, -8.499228 ], [ 115.244875, -8.498283 ], [ 115.244911, -8.497947 ], [ 115.244948, -8.497603 ], [ 115.244957, -8.49757 ], [ 115.244991, -8.497319 ], [ 115.244997, -8.496818 ], [ 115.244906, -8.496503 ], [ 115.244851, -8.496284 ], [ 115.24476, -8.495927 ], [ 115.244746, -8.495701 ], [ 115.244809, -8.495294 ], [ 115.244849, -8.49508 ], [ 115.244874, -8.494856 ], [ 115.244885, -8.494756 ], [ 115.245085, -8.493807 ], [ 115.245323, -8.492675 ], [ 115.245386, -8.492431 ], [ 115.245723, -8.491335 ], [ 115.24583, -8.490966 ], [ 115.246, -8.490591 ], [ 115.246242, -8.490055 ], [ 115.24635, -8.489752 ], [ 115.246382, -8.489469 ], [ 115.24639, -8.489401 ], [ 115.246383, -8.488537 ], [ 115.246228, -8.486574 ], [ 115.246205, -8.48628 ], [ 115.246224, -8.48567 ] ] } },
{ "type": "Feature", "properties": { "Nm_Ruas": "Jl. Terusan Buah Batu", "Status": "Jalan Provinsi", "Propinsi": "Jawa Barat", "Kab_Kot": "Kota Bandung", "risk_prediction": 1, "Satwil": "Polrestabes Bandung" }, "geometry": { "type": "LineString", "coordinates": [ [ 107.638662, -6.953596 ], [ 107.638534, -6.953357 ], [ 107.638424, -6.953197 ], [ 107.638069, -6.952838 ], [ 107.637792, -6.952553 ], [ 107.637386, -6.952113 ], [ 107.636965, -6.951705 ], [ 107.636802, -6.951537 ], [ 107.636476, -6.951202 ], [ 107.636412, -6.951136 ], [ 107.636057, -6.950771 ], [ 107.635644, -6.950348 ], [ 107.635586, -6.950288 ], [ 107.635578, -6.95028 ], [ 107.635511, -6.950211 ], [ 107.635074, -6.949763 ], [ 107.635016, -6.949702 ], [ 107.634757, -6.949437 ], [ 107.634338, -6.949006 ], [ 107.634124, -6.948787 ], [ 107.634106, -6.94877 ], [ 107.633642, -6.94833 ], [ 107.633462, -6.948152 ], [ 107.633452, -6.948143 ], [ 107.633414, -6.948106 ] ] } },
{ "type": "Feature", "properties": { "Nm_Ruas": "Jl. Terusan Buah Batu", "Status": "Jalan Provinsi", "Propinsi": "Jawa Barat", "Kab_Kot": "Kota Bandung", "risk_prediction": 1, "Satwil": "Polrestabes Bandung" }, "geometry": { "type": "LineString", "coordinates": [ [ 107.633526, -6.948077 ], [ 107.633562, -6.948112 ], [ 107.633624, -6.948177 ], [ 107.633729, -6.948285 ], [ 107.633924, -6.948469 ], [ 107.634125, -6.948661 ], [ 107.634172, -6.948709 ], [ 107.634771, -6.94933 ], [ 107.635129, -6.949717 ], [ 107.635253, -6.949843 ], [ 107.635567, -6.950165 ], [ 107.635644, -6.950244 ], [ 107.635775, -6.950378 ], [ 107.636105, -6.950716 ], [ 107.636302, -6.950904 ], [ 107.636562, -6.951151 ], [ 107.636879, -6.951462 ], [ 107.636949, -6.951531 ], [ 107.637355, -6.951931 ], [ 107.637461, -6.952035 ], [ 107.637718, -6.952308 ], [ 107.637778, -6.952372 ], [ 107.637869, -6.952469 ], [ 107.637989, -6.95259 ], [ 107.638035, -6.95264 ], [ 107.638148, -6.952755 ], [ 107.638488, -6.953121 ], [ 107.638644, -6.953368 ], [ 107.638701, -6.953488 ], [ 107.638724, -6.953536 ], [ 107.638735, -6.953559 ], [ 107.638821, -6.953729 ], [ 107.63894, -6.953992 ], [ 107.639009, -6.954147 ], [ 107.639106, -6.954383 ], [ 107.639107, -6.954385 ], [ 107.639151, -6.954553 ], [ 107.639188, -6.954727 ], [ 107.639254, -6.955277 ], [ 107.639275, -6.955448 ], [ 107.639334, -6.955946 ], [ 107.639452, -6.956606 ], [ 107.639529, -6.957027 ], [ 107.639544, -6.957094 ], [ 107.639555, -6.95717 ], [ 107.639597, -6.957529 ], [ 107.639588, -6.957855 ], [ 107.639586, -6.957939 ], [ 107.639574, -6.958051 ], [ 107.639558, -6.95815 ], [ 107.639498, -6.958404 ], [ 107.639475, -6.958503 ], [ 107.639421, -6.958743 ], [ 107.639421, -6.958744 ], [ 107.63925, -6.959631 ], [ 107.63922, -6.959784 ], [ 107.63912, -6.960287 ], [ 107.639058, -6.960586 ], [ 107.639014, -6.960777 ], [ 107.638972, -6.960933 ], [ 107.638734, -6.961807 ], [ 107.638723, -6.961848 ], [ 107.6387, -6.961934 ], [ 107.638697, -6.961948 ], [ 107.63867, -6.962047 ], [ 107.63867, -6.962049 ], [ 107.638535, -6.962691 ] ] } },
{ "type": "Feature", "properties": { "Nm_Ruas": "Jl. Terusan Buah Batu", "Status": "Jalan Provinsi", "Propinsi": "Jawa Barat", "Kab_Kot": "Kota Bandung", "risk_prediction": 1, "Satwil": "Polrestabes Bandung" }, "geometry": { "type": "LineString", "coordinates": [ [ 107.637806, -6.966075 ], [ 107.637868, -6.965798 ], [ 107.637887, -6.965713 ], [ 107.637896, -6.965676 ], [ 107.637968, -6.965366 ], [ 107.637975, -6.965331 ], [ 107.637982, -6.965301 ] ] } },
{ "type": "Feature", "properties": { "Nm_Ruas": "Jl. Terusan Buah Batu", "Status": "Jalan Provinsi", "Propinsi": "Jawa Barat", "Kab_Kot": "Kota Bandung", "risk_prediction": 1, "Satwil": "Polrestabes Bandung" }, "geometry": { "type": "LineString", "coordinates": [ [ 107.638135, -6.964804 ], [ 107.638104, -6.964957 ], [ 107.63805, -6.965222 ], [ 107.637982, -6.965301 ] ] } },
{ "type": "Feature", "properties": { "Nm_Ruas": "Jl. Terusan Buah Batu", "Status": "Jalan Provinsi", "Propinsi": "Jawa Barat", "Kab_Kot": "Kota Bandung", "risk_prediction": 1, "Satwil": "Polrestabes Bandung" }, "geometry": { "type": "LineString", "coordinates": [ [ 107.637982, -6.965301 ], [ 107.637946, -6.965205 ], [ 107.637986, -6.965011 ], [ 107.638028, -6.964785 ], [ 107.638029, -6.964783 ], [ 107.638153, -6.964122 ], [ 107.638313, -6.963242 ], [ 107.638357, -6.963032 ], [ 107.638388, -6.962886 ], [ 107.638535, -6.962169 ], [ 107.63854, -6.962147 ], [ 107.638541, -6.962145 ], [ 107.638552, -6.9621 ], [ 107.638573, -6.962023 ], [ 107.638574, -6.962021 ], [ 107.6386, -6.961924 ], [ 107.638602, -6.961914 ], [ 107.638642, -6.961774 ], [ 107.638654, -6.96173 ], [ 107.638774, -6.96127 ], [ 107.63887, -6.9609 ], [ 107.638875, -6.960882 ], [ 107.638907, -6.960756 ], [ 107.638953, -6.960545 ], [ 107.638961, -6.960513 ], [ 107.639029, -6.960231 ], [ 107.639141, -6.959603 ], [ 107.639226, -6.959128 ], [ 107.639295, -6.958834 ], [ 107.639321, -6.958716 ], [ 107.639344, -6.958608 ], [ 107.639363, -6.958514 ], [ 107.639447, -6.958158 ], [ 107.639475, -6.95802 ], [ 107.639492, -6.957891 ], [ 107.63949, -6.957842 ], [ 107.639482, -6.957687 ], [ 107.639476, -6.957567 ], [ 107.639437, -6.957191 ], [ 107.639411, -6.957047 ], [ 107.639375, -6.956861 ], [ 107.639246, -6.956081 ], [ 107.639163, -6.955456 ], [ 107.639154, -6.955384 ], [ 107.639116, -6.954949 ], [ 107.639055, -6.954567 ], [ 107.639052, -6.954558 ], [ 107.639009, -6.954398 ], [ 107.638933, -6.954186 ], [ 107.638867, -6.954025 ], [ 107.638733, -6.953731 ], [ 107.638725, -6.953714 ] ] } },
{ "type": "Feature", "properties": { "Nm_Ruas": "Jl. Terusan Jakarta", "Status": "Jalan Kota", "Propinsi": "Jawa Barat", "Kab_Kot": "Kota Bandung", "risk_prediction": 1, "Satwil": "Polrestabes Bandung" }, "geometry": { "type": "LineString", "coordinates": [ [ 107.645342, -6.913517 ], [ 107.645303, -6.91354 ], [ 107.645194, -6.913556 ], [ 107.645149, -6.913564 ], [ 107.644633, -6.913643 ], [ 107.643922, -6.913751 ], [ 107.643875, -6.913757 ], [ 107.643793, -6.913769 ], [ 107.643738, -6.913777 ], [ 107.643737, -6.913777 ], [ 107.643672, -6.913788 ], [ 107.643606, -6.913797 ], [ 107.643526, -6.913807 ], [ 107.643432, -6.91382 ], [ 107.642979, -6.913876 ], [ 107.642839, -6.913893 ], [ 107.642775, -6.913901 ], [ 107.642691, -6.913911 ], [ 107.642289, -6.91396 ], [ 107.642125, -6.913959 ], [ 107.641789, -6.913962 ], [ 107.641788, -6.913962 ] ] } },
{ "type": "Feature", "properties": { "Nm_Ruas": "Jl. Terusan Jakarta", "Status": "Jalan Kota", "Propinsi": "Jawa Barat", "Kab_Kot": "Kota Bandung", "risk_prediction": 1, "Satwil": "Polrestabes Bandung" }, "geometry": { "type": "LineString", "coordinates": [ [ 107.642684, -6.913839 ], [ 107.642347, -6.913882 ], [ 107.641788, -6.913962 ] ] } },
{ "type": "Feature", "properties": { "Nm_Ruas": "Jl. Terusan Jakarta", "Status": "Jalan Kota", "Propinsi": "Jawa Barat", "Kab_Kot": "Kota Bandung", "risk_prediction": 1, "Satwil": "Polrestabes Bandung" }, "geometry": { "type": "LineString", "coordinates": [ [ 107.641788, -6.913962 ], [ 107.642122, -6.913848 ], [ 107.642236, -6.913835 ], [ 107.642411, -6.91381 ], [ 107.642671, -6.913777 ], [ 107.642673, -6.913777 ], [ 107.642761, -6.913766 ], [ 107.643489, -6.913674 ], [ 107.643596, -6.913661 ], [ 107.643658, -6.913654 ], [ 107.64366, -6.913654 ], [ 107.643724, -6.913647 ], [ 107.643784, -6.91364 ], [ 107.643894, -6.913628 ], [ 107.644002, -6.913617 ], [ 107.644557, -6.913532 ], [ 107.64462, -6.913522 ], [ 107.645175, -6.913438 ], [ 107.645279, -6.913432 ], [ 107.645326, -6.913433 ] ] } },
{ "type": "Feature", "properties": { "Nm_Ruas": "Jl. Terusan Jakarta", "Status": "Jalan Kota", "Propinsi": "Jawa Barat", "Kab_Kot": "Kota Bandung", "risk_prediction": 1, "Satwil": "Polrestabes Bandung" }, "geometry": { "type": "LineString", "coordinates": [ [ 107.644626, -6.913578 ], [ 107.643984, -6.913674 ], [ 107.64373, -6.913706 ], [ 107.643729, -6.913706 ], [ 107.643664, -6.913715 ], [ 107.642831, -6.91382 ] ] } },
{ "type": "Feature", "properties": { "Nm_Ruas": "Jl. Terusan Jakarta", "Status": "Jalan Kota", "Propinsi": "Jawa Barat", "Kab_Kot": "Kota Bandung", "risk_prediction": 1, "Satwil": "Polrestabes Bandung" }, "geometry": { "type": "LineString", "coordinates": [ [ 107.645326, -6.913433 ], [ 107.645342, -6.91343 ], [ 107.645446, -6.913414 ], [ 107.64554, -6.913402 ], [ 107.645665, -6.913387 ], [ 107.645726, -6.913379 ], [ 107.646411, -6.913292 ], [ 107.647092, -6.913204 ], [ 107.647166, -6.913195 ], [ 107.64746, -6.91316 ], [ 107.647575, -6.913145 ], [ 107.647692, -6.913131 ], [ 107.647729, -6.913126 ], [ 107.648681, -6.913006 ], [ 107.648843, -6.912986 ], [ 107.649109, -6.912952 ], [ 107.649228, -6.912937 ], [ 107.649501, -6.912903 ], [ 107.64974, -6.912872 ], [ 107.649741, -6.912872 ], [ 107.649922, -6.912849 ], [ 107.650228, -6.912811 ], [ 107.650491, -6.912777 ], [ 107.65064, -6.912759 ], [ 107.650743, -6.912746 ], [ 107.651187, -6.91269 ], [ 107.651539, -6.912649 ], [ 107.651631, -6.912638 ], [ 107.651895, -6.912599 ], [ 107.652041, -6.912578 ], [ 107.652095, -6.912572 ], [ 107.653293, -6.912427 ], [ 107.653516, -6.912404 ], [ 107.653814, -6.912384 ], [ 107.654096, -6.912375 ], [ 107.654261, -6.912385 ], [ 107.655164, -6.912441 ], [ 107.655165, -6.912441 ], [ 107.655837, -6.91248 ], [ 107.656067, -6.912491 ], [ 107.656637, -6.912519 ], [ 107.656836, -6.912555 ], [ 107.657074, -6.912612 ], [ 107.65743, -6.912731 ], [ 107.657736, -6.912868 ], [ 107.658319, -6.913127 ], [ 107.658568, -6.913232 ], [ 107.658619, -6.913254 ], [ 107.658835, -6.913344 ], [ 107.659114, -6.913436 ], [ 107.659402, -6.913502 ], [ 107.659428, -6.913508 ], [ 107.659429, -6.913508 ], [ 107.65982, -6.9136 ], [ 107.660257, -6.913694 ], [ 107.660312, -6.913705 ], [ 107.660388, -6.913721 ], [ 107.660534, -6.913751 ], [ 107.661122, -6.913871 ], [ 107.661143, -6.913876 ], [ 107.661217, -6.913893 ], [ 107.661274, -6.913904 ], [ 107.661481, -6.913948 ], [ 107.661587, -6.913971 ], [ 107.66182, -6.914022 ], [ 107.662298, -6.914125 ], [ 107.662805, -6.914234 ], [ 107.663107, -6.9143 ], [ 107.663126, -6.914304 ], [ 107.663406, -6.914364 ], [ 107.66431, -6.914559 ], [ 107.664824, -6.914671 ], [ 107.66498, -6.914704 ], [ 107.665274, -6.914768 ], [ 107.665708, -6.914862 ], [ 107.66571, -6.914862 ], [ 107.665952, -6.914914 ], [ 107.66608, -6.914942 ], [ 107.666219, -6.915015 ] ] } },
{ "type": "Feature", "properties": { "Nm_Ruas": "Jl. Terusan Jakarta", "Status": "Jalan Kota", "Propinsi": "Jawa Barat", "Kab_Kot": "Kota Bandung", "risk_prediction": 1, "Satwil": "Polrestabes Bandung" }, "geometry": { "type": "LineString", "coordinates": [ [ 107.645342, -6.913517 ], [ 107.645298, -6.913504 ], [ 107.645195, -6.913513 ], [ 107.645119, -6.913516 ], [ 107.645018, -6.913519 ], [ 107.645111, -6.913495 ], [ 107.645176, -6.913479 ], [ 107.645278, -6.913451 ], [ 107.645326, -6.913433 ] ] } },
{ "type": "Feature", "properties": { "Nm_Ruas": "Jl. Terusan Jakarta", "Status": "Jalan Kota", "Propinsi": "Jawa Barat", "Kab_Kot": "Kota Bandung", "risk_prediction": 1, "Satwil": "Polrestabes Bandung" }, "geometry": { "type": "LineString", "coordinates": [ [ 107.664812, -6.914744 ], [ 107.66426, -6.914626 ], [ 107.663589, -6.914482 ], [ 107.663385, -6.914438 ], [ 107.663134, -6.914384 ], [ 107.663111, -6.914379 ], [ 107.663091, -6.914375 ], [ 107.662285, -6.914201 ], [ 107.661806, -6.914098 ], [ 107.661254, -6.91398 ], [ 107.661123, -6.913954 ], [ 107.661091, -6.913948 ], [ 107.660365, -6.913795 ], [ 107.660237, -6.913768 ], [ 107.660235, -6.913768 ], [ 107.659438, -6.9136 ], [ 107.659387, -6.913589 ], [ 107.65935, -6.913581 ], [ 107.659088, -6.913523 ], [ 107.65886, -6.913449 ], [ 107.658582, -6.913338 ], [ 107.658544, -6.913321 ], [ 107.658487, -6.913295 ], [ 107.658137, -6.913136 ], [ 107.657401, -6.912802 ], [ 107.657053, -6.912687 ], [ 107.656804, -6.912628 ], [ 107.656702, -6.912612 ], [ 107.656668, -6.912609 ], [ 107.656395, -6.912583 ], [ 107.656145, -6.912573 ], [ 107.656065, -6.912569 ], [ 107.655508, -6.912543 ], [ 107.655163, -6.912521 ], [ 107.655161, -6.912521 ], [ 107.65426, -6.912468 ], [ 107.654186, -6.912464 ], [ 107.654103, -6.912462 ], [ 107.653817, -6.912468 ], [ 107.653536, -6.912488 ], [ 107.65352, -6.91249 ], [ 107.652979, -6.91255 ], [ 107.65211, -6.912654 ], [ 107.652093, -6.912655 ], [ 107.652031, -6.912663 ], [ 107.6519, -6.912681 ], [ 107.651809, -6.912692 ], [ 107.65161, -6.912717 ], [ 107.651213, -6.912767 ], [ 107.651211, -6.912767 ], [ 107.650363, -6.912873 ], [ 107.650312, -6.912879 ], [ 107.649795, -6.912944 ], [ 107.649413, -6.912992 ], [ 107.649273, -6.913009 ], [ 107.649121, -6.913028 ], [ 107.648864, -6.913061 ], [ 107.648856, -6.913062 ], [ 107.647731, -6.913202 ], [ 107.647642, -6.913213 ], [ 107.647583, -6.913223 ], [ 107.64743, -6.913244 ], [ 107.647411, -6.913246 ], [ 107.647106, -6.913291 ], [ 107.64579, -6.913465 ], [ 107.645342, -6.913517 ] ] } },
{ "type": "Feature", "properties": { "Nm_Ruas": "Jl. Terusan Jakarta", "Status": "Jalan Kota", "Propinsi": "Jawa Barat", "Kab_Kot": "Kota Bandung", "risk_prediction": 1, "Satwil": "Polrestabes Bandung" }, "geometry": { "type": "LineString", "coordinates": [ [ 107.666219, -6.915015 ], [ 107.666057, -6.915012 ], [ 107.665974, -6.914994 ], [ 107.665912, -6.914981 ], [ 107.665881, -6.914974 ], [ 107.66585, -6.914967 ], [ 107.665697, -6.914935 ], [ 107.66533, -6.914856 ] ] } },
{ "type": "Feature", "properties": { "Nm_Ruas": "Jl. Terusan Jakarta", "Status": "Jalan Kota", "Propinsi": "Jawa Barat", "Kab_Kot": "Kota Bandung", "risk_prediction": 1, "Satwil": "Polrestabes Bandung" }, "geometry": { "type": "LineString", "coordinates": [ [ 107.667751, -6.915772 ], [ 107.667747, -6.915761 ], [ 107.667732, -6.915743 ], [ 107.667656, -6.91562 ], [ 107.667584, -6.915522 ], [ 107.667494, -6.915416 ], [ 107.667399, -6.915334 ], [ 107.667291, -6.915269 ], [ 107.667085, -6.915213 ], [ 107.667078, -6.915212 ], [ 107.667036, -6.915202 ], [ 107.666791, -6.915147 ], [ 107.666621, -6.915107 ], [ 107.666586, -6.915099 ], [ 107.666219, -6.915015 ] ] } },
{ "type": "Feature", "properties": { "Nm_Ruas": "Jl. Terusan Pasir Koja", "Status": "Jalan Kota", "Propinsi": "Jawa Barat", "Kab_Kot": "Kota Bandung", "risk_prediction": 1, "Satwil": "Polrestabes Bandung" }, "geometry": { "type": "LineString", "coordinates": [ [ 107.585466, -6.926753 ], [ 107.585554, -6.926716 ], [ 107.585759, -6.926628 ], [ 107.586286, -6.92642 ], [ 107.586307, -6.926418 ], [ 107.586406, -6.926412 ], [ 107.586442, -6.926409 ] ] } },
{ "type": "Feature", "properties": { "Nm_Ruas": "Jl. Terusan Pasir Koja", "Status": "Jalan Kota", "Propinsi": "Jawa Barat", "Kab_Kot": "Kota Bandung", "risk_prediction": 1, "Satwil": "Polrestabes Bandung" }, "geometry": { "type": "LineString", "coordinates": [ [ 107.586442, -6.926409 ], [ 107.586414, -6.926434 ], [ 107.586325, -6.926511 ], [ 107.58583, -6.926708 ], [ 107.585595, -6.926809 ] ] } },
{ "type": "Feature", "properties": { "Nm_Ruas": "Jl. Terusan Pasir Koja", "Status": "Jalan Kota", "Propinsi": "Jawa Barat", "Kab_Kot": "Kota Bandung", "risk_prediction": 1, "Satwil": "Polrestabes Bandung" }, "geometry": { "type": "LineString", "coordinates": [ [ 107.592849, -6.926145 ], [ 107.592742, -6.926133 ], [ 107.591928, -6.926043 ], [ 107.591763, -6.926027 ], [ 107.591269, -6.92596 ], [ 107.590713, -6.925907 ], [ 107.590187, -6.925856 ], [ 107.59003, -6.925839 ], [ 107.58965, -6.925807 ], [ 107.58959, -6.925802 ], [ 107.589393, -6.925801 ], [ 107.589109, -6.9258 ], [ 107.588777, -6.925812 ], [ 107.588341, -6.925856 ], [ 107.588273, -6.925863 ], [ 107.58816, -6.92589 ], [ 107.588082, -6.925904 ], [ 107.587676, -6.925991 ], [ 107.58744, -6.926065 ], [ 107.587373, -6.926086 ], [ 107.586602, -6.926342 ], [ 107.586442, -6.926409 ] ] } },
{ "type": "Feature", "properties": { "Nm_Ruas": "Jl. Teuku Umar", "Status": "Jalan Kota", "Propinsi": "Jawa Barat", "Kab_Kot": "Kota Bandung", "risk_prediction": 1, "Satwil": "Polrestabes Bandung" }, "geometry": { "type": "LineString", "coordinates": [ [ 107.614134, -6.891577 ], [ 107.614054, -6.891569 ], [ 107.613367, -6.891512 ], [ 107.613233, -6.891501 ], [ 107.613231, -6.891501 ], [ 107.613166, -6.891496 ] ] } },
{ "type": "Feature", "properties": { "Nm_Ruas": "Jl. Teuku Umar", "Status": "Jalan Kota", "Propinsi": "Jawa Barat", "Kab_Kot": "Kota Bandung", "risk_prediction": 1, "Satwil": "Polrestabes Bandung" }, "geometry": { "type": "LineString", "coordinates": [ [ 107.617819, -6.892392 ], [ 107.617653, -6.89232 ], [ 107.617499, -6.892257 ], [ 107.617271, -6.892161 ], [ 107.616981, -6.892052 ] ] } },
{ "type": "Feature", "properties": { "Nm_Ruas": "Jl. Tirtanadi I", "Status": "Jalan Kota", "Propinsi": "Bali", "Kab_Kot": "Kota Denpasar", "risk_prediction": 1, "Satwil": "Polda Bali" }, "geometry": { "type": "LineString", "coordinates": [ [ 115.254133, -8.704817 ], [ 115.254128, -8.704517 ], [ 115.254117, -8.70429 ] ] } },
{ "type": "Feature", "properties": { "Nm_Ruas": "Jl. Tiying Tutulpuri - Pura Dalem Pererenan", "Status": "Jalan Kabupaten", "Propinsi": "Bali", "Kab_Kot": "Badung", "risk_prediction": 1, "Satwil": "Polda Bali" }, "geometry": { "type": "LineString", "coordinates": [ [ 115.130731, -8.640221 ], [ 115.130908, -8.640321 ], [ 115.13108, -8.640413 ], [ 115.13119, -8.640473 ], [ 115.131269, -8.640517 ], [ 115.131391, -8.640575 ], [ 115.131541, -8.640625 ], [ 115.131543, -8.640625 ] ] } },
{ "type": "Feature", "properties": { "Nm_Ruas": "Jl. Tiying Tutulpuri - Pura Dalem Pererenan", "Status": "Jalan Kabupaten", "Propinsi": "Bali", "Kab_Kot": "Badung", "risk_prediction": 1, "Satwil": "Polda Bali" }, "geometry": { "type": "LineString", "coordinates": [ [ 115.139273, -8.635463 ], [ 115.139281, -8.63545 ], [ 115.139316, -8.635396 ], [ 115.139419, -8.635235 ], [ 115.13945, -8.63519 ], [ 115.139687, -8.634838 ], [ 115.139765, -8.634706 ], [ 115.139766, -8.634703 ] ] } },
{ "type": "Feature", "properties": { "Nm_Ruas": "Jl. Tol Padalarang - Cileunyi", "Status": "Jalan Tol", "Propinsi": "Jawa Barat", "Kab_Kot": "Kota Bandung", "risk_prediction": 1, "Satwil": "Polrestabes Bandung" }, "geometry": { "type": "LineString", "coordinates": [ [ 107.555257, -6.889284 ], [ 107.555639, -6.889094 ], [ 107.556092, -6.888939 ], [ 107.556138, -6.888923 ], [ 107.556809, -6.888671 ], [ 107.556943, -6.888629 ] ] } },
{ "type": "Feature", "properties": { "Nm_Ruas": "Jl. Tol Padalarang - Cileunyi", "Status": "Jalan Tol", "Propinsi": "Jawa Barat", "Kab_Kot": "Kota Bandung", "risk_prediction": 1, "Satwil": "Polrestabes Bandung" }, "geometry": { "type": "LineString", "coordinates": [ [ 107.555303, -6.88938 ], [ 107.555572, -6.889257 ], [ 107.556052, -6.889044 ], [ 107.556132, -6.889013 ], [ 107.556135, -6.889012 ], [ 107.556589, -6.888839 ], [ 107.556989, -6.888723 ] ] } },
{ "type": "Feature", "properties": { "Nm_Ruas": "Jl. Tol Padalarang - Cileunyi", "Status": "Jalan Tol", "Propinsi": "Jawa Barat", "Kab_Kot": "Kota Bandung", "risk_prediction": 1, "Satwil": "Polrestabes Bandung" }, "geometry": { "type": "LineString", "coordinates": [ [ 107.577221, -6.890903 ], [ 107.577538, -6.890968 ], [ 107.57782, -6.891026 ], [ 107.578109, -6.891083 ], [ 107.578169, -6.891094 ], [ 107.578233, -6.891107 ], [ 107.578385, -6.891152 ], [ 107.578444, -6.891169 ], [ 107.578707, -6.891251 ], [ 107.579005, -6.891355 ], [ 107.579183, -6.89143 ], [ 107.579321, -6.891493 ], [ 107.579517, -6.891582 ], [ 107.579808, -6.891714 ], [ 107.579929, -6.89177 ], [ 107.580034, -6.891816 ], [ 107.580084, -6.891838 ], [ 107.580246, -6.891902 ], [ 107.580425, -6.891962 ], [ 107.580563, -6.892006 ], [ 107.580722, -6.892048 ], [ 107.580896, -6.892092 ], [ 107.580903, -6.892094 ], [ 107.581058, -6.892147 ] ] } },
{ "type": "Feature", "properties": { "Nm_Ruas": "Jl. Tol Padalarang - Cileunyi", "Status": "Jalan Tol", "Propinsi": "Jawa Barat", "Kab_Kot": "Kota Bandung", "risk_prediction": 1, "Satwil": "Polrestabes Bandung" }, "geometry": { "type": "LineString", "coordinates": [ [ 107.611942, -6.955797 ], [ 107.611867, -6.95582 ], [ 107.611749, -6.955854 ], [ 107.611575, -6.955913 ], [ 107.611698, -6.955791 ], [ 107.611734, -6.955749 ], [ 107.61176, -6.955701 ], [ 107.611774, -6.955653 ], [ 107.611791, -6.9556 ] ] } },
{ "type": "Feature", "properties": { "Nm_Ruas": "Jl. Tol Padalarang - Cileunyi", "Status": "Jalan Tol", "Propinsi": "Jawa Barat", "Kab_Kot": "Kota Bandung", "risk_prediction": 1, "Satwil": "Polrestabes Bandung" }, "geometry": { "type": "LineString", "coordinates": [ [ 107.611977, -6.955905 ], [ 107.611902, -6.955933 ], [ 107.611901, -6.955933 ], [ 107.611641, -6.956017 ], [ 107.611639, -6.956017 ], [ 107.61174, -6.956028 ], [ 107.611848, -6.956058 ], [ 107.611911, -6.956109 ], [ 107.612009, -6.956197 ] ] } },
{ "type": "Feature", "properties": { "Nm_Ruas": "Jl. Tol Padalarang - Cileunyi", "Status": "Jalan Tol", "Propinsi": "Jawa Barat", "Kab_Kot": "Kota Bandung", "risk_prediction": 1, "Satwil": "Polrestabes Bandung" }, "geometry": { "type": "LineString", "coordinates": [ [ 107.63877, -6.965905 ], [ 107.638349, -6.965868 ], [ 107.637871, -6.965799 ], [ 107.637868, -6.965798 ], [ 107.637639, -6.965765 ], [ 107.636973, -6.965677 ] ] } },
{ "type": "Feature", "properties": { "Nm_Ruas": "Jl. Tol Padalarang - Cileunyi", "Status": "Jalan Tol", "Propinsi": "Jawa Barat", "Kab_Kot": "Kota Bandung", "risk_prediction": 1, "Satwil": "Polrestabes Bandung" }, "geometry": { "type": "LineString", "coordinates": [ [ 107.638795, -6.965773 ], [ 107.638355, -6.96573 ], [ 107.637896, -6.965676 ], [ 107.637895, -6.965676 ], [ 107.637665, -6.965649 ], [ 107.637376, -6.965616 ], [ 107.636996, -6.965564 ] ] } },
{ "type": "Feature", "properties": { "Nm_Ruas": "Jl. Tol Padalarang - Cileunyi", "Status": "Jalan Tol", "Propinsi": "Jawa Barat", "Kab_Kot": "Kota Bandung", "risk_prediction": 1, "Satwil": "Polrestabes Bandung" }, "geometry": { "type": "LineString", "coordinates": [ [ 107.63854, -6.962147 ], [ 107.638536, -6.962133 ], [ 107.638519, -6.962088 ], [ 107.638491, -6.962046 ], [ 107.638428, -6.962005 ], [ 107.638353, -6.961966 ], [ 107.638362, -6.961969 ], [ 107.638573, -6.962023 ], [ 107.6386, -6.96203 ], [ 107.63867, -6.962049 ] ] } },
{ "type": "Feature", "properties": { "Nm_Ruas": "Jl. Tol Padalarang - Cileunyi", "Status": "Jalan Tol", "Propinsi": "Jawa Barat", "Kab_Kot": "Kota Bandung", "risk_prediction": 1, "Satwil": "Polrestabes Bandung" }, "geometry": { "type": "LineString", "coordinates": [ [ 107.638642, -6.961774 ], [ 107.638637, -6.961779 ], [ 107.638582, -6.961808 ], [ 107.638512, -6.96182 ], [ 107.638447, -6.961829 ], [ 107.638251, -6.96183 ], [ 107.638268, -6.961835 ], [ 107.638565, -6.961909 ], [ 107.638602, -6.961914 ], [ 107.638629, -6.961918 ], [ 107.6387, -6.961934 ] ] } },
{ "type": "Feature", "properties": { "Nm_Ruas": "Jl. Tol Padalarang - Cileunyi", "Status": "Jalan Tol", "Propinsi": "Jawa Barat", "Kab_Kot": "Kota Bandung", "risk_prediction": 1, "Satwil": "Polrestabes Bandung" }, "geometry": { "type": "LineString", "coordinates": [ [ 107.690547, -6.960131 ], [ 107.690588, -6.958957 ], [ 107.690625, -6.957485 ], [ 107.690604, -6.956771 ], [ 107.690619, -6.95618 ] ] } },
{ "type": "Feature", "properties": { "Nm_Ruas": "Jl. Tol Padalarang - Cileunyi", "Status": "Jalan Tol", "Propinsi": "Jawa Barat", "Kab_Kot": "Kota Bandung", "risk_prediction": 1, "Satwil": "Polrestabes Bandung" }, "geometry": { "type": "LineString", "coordinates": [ [ 107.69097, -6.956117 ], [ 107.690865, -6.956915 ], [ 107.690742, -6.958269 ], [ 107.690646, -6.959741 ], [ 107.690616, -6.96063 ] ] } },
{ "type": "Feature", "properties": { "Nm_Ruas": "Jl. Tol Padalarang - Cileunyi", "Status": "Jalan Tol", "Propinsi": "Jawa Barat", "Kab_Kot": "Kota Bandung", "risk_prediction": 1, "Satwil": "Polrestabes Bandung" }, "geometry": { "type": "LineString", "coordinates": [ [ 107.712494, -6.963472 ], [ 107.71226, -6.963595 ], [ 107.710031, -6.964752 ], [ 107.708478, -6.965566 ] ] } },
{ "type": "Feature", "properties": { "Nm_Ruas": "Jl. Triharjo - Rsu Wates", "Status": "Jalan Kabupaten", "Propinsi": "Daerah Istimewa Yogyakarta", "Kab_Kot": "Kulon Progo", "risk_prediction": 1, "Satwil": "Polda DI Yogyakarta" }, "geometry": { "type": "LineString", "coordinates": [ [ 110.139098, -7.866512 ], [ 110.13899, -7.86637 ], [ 110.13894, -7.86624 ], [ 110.13897, -7.86608 ], [ 110.139033, -7.865657 ], [ 110.13904, -7.86561 ], [ 110.13902, -7.86546 ], [ 110.13897, -7.86535 ], [ 110.13896, -7.86526 ], [ 110.1389, -7.86486 ], [ 110.13889, -7.86479 ], [ 110.13889, -7.864767 ] ] } },
{ "type": "Feature", "properties": { "Nm_Ruas": "Jl. Tubagus Ismail", "Status": "Jalan Kota", "Propinsi": "Jawa Barat", "Kab_Kot": "Kota Bandung", "risk_prediction": 1, "Satwil": "Polrestabes Bandung" }, "geometry": { "type": "LineString", "coordinates": [ [ 107.614904, -6.884284 ], [ 107.614815, -6.884007 ], [ 107.614667, -6.883617 ], [ 107.61458, -6.883502 ], [ 107.614548, -6.88346 ], [ 107.614544, -6.883455 ] ] } },
{ "type": "Feature", "properties": { "Nm_Ruas": "Jl. Tugu Ngurah Rai - Nusa Dua", "Status": "Jalan Nasional", "Propinsi": "Bali", "Kab_Kot": "Badung", "risk_prediction": 1, "Satwil": "Polda Bali" }, "geometry": { "type": "LineString", "coordinates": [ [ 115.182957, -8.746389 ], [ 115.18296, -8.74649 ], [ 115.182968, -8.746814 ], [ 115.18297, -8.74689 ], [ 115.18294, -8.74748 ], [ 115.182902, -8.747715 ], [ 115.18285, -8.74803 ], [ 115.18281, -8.74819 ], [ 115.18276, -8.74844 ], [ 115.18275, -8.74853 ], [ 115.182729, -8.748601 ], [ 115.18265, -8.74887 ], [ 115.18254, -8.74921 ], [ 115.18248, -8.74939 ], [ 115.18248, -8.7494 ], [ 115.182459, -8.749463 ], [ 115.18241, -8.74961 ], [ 115.182305, -8.749849 ], [ 115.18227, -8.74993 ], [ 115.18222, -8.75006 ], [ 115.18213, -8.75027 ], [ 115.18212, -8.7503 ], [ 115.18204, -8.75053 ], [ 115.18204, -8.75054 ], [ 115.181979, -8.750693 ], [ 115.181978, -8.750696 ], [ 115.18192, -8.75084 ], [ 115.1819, -8.75089 ], [ 115.181795, -8.751143 ], [ 115.18171, -8.75135 ], [ 115.181632, -8.751528 ], [ 115.18144, -8.75197 ], [ 115.181438, -8.751973 ], [ 115.1814, -8.75204 ], [ 115.18116, -8.75257 ], [ 115.18114, -8.75262 ], [ 115.181061, -8.752795 ], [ 115.18104, -8.75284 ], [ 115.18104, -8.75286 ], [ 115.1809, -8.75322 ], [ 115.180731, -8.753635 ], [ 115.18068, -8.75376 ], [ 115.18041, -8.75442 ], [ 115.180391, -8.754472 ], [ 115.18022, -8.75493 ], [ 115.18008, -8.75526 ], [ 115.180058, -8.755313 ], [ 115.17996, -8.75555 ], [ 115.17996, -8.75556 ], [ 115.179894, -8.755725 ], [ 115.1798, -8.75596 ], [ 115.179735, -8.756156 ], [ 115.17969, -8.75629 ], [ 115.17962, -8.75652 ], [ 115.1796, -8.75658 ], [ 115.17953, -8.75684 ], [ 115.179492, -8.757026 ], [ 115.17942, -8.75738 ], [ 115.17936, -8.75769 ], [ 115.17933, -8.75785 ], [ 115.179317, -8.757913 ], [ 115.17931, -8.75795 ], [ 115.17928, -8.75818 ], [ 115.17925, -8.75838 ], [ 115.179195, -8.758808 ], [ 115.17918, -8.75892 ], [ 115.17911, -8.75951 ], [ 115.17909, -8.759706 ], [ 115.17908, -8.75981 ], [ 115.17905, -8.7601 ], [ 115.179046, -8.760174 ], [ 115.179045, -8.760177 ], [ 115.17904, -8.76027 ], [ 115.178964, -8.760599 ], [ 115.17895, -8.76066 ], [ 115.17893, -8.76083 ], [ 115.17889, -8.76105 ], [ 115.178889, -8.761067 ], [ 115.178888, -8.761071 ], [ 115.17887, -8.7613 ], [ 115.17886, -8.76146 ], [ 115.178856, -8.761495 ], [ 115.17884, -8.76165 ], [ 115.178806, -8.761967 ] ] } },
{ "type": "Feature", "properties": { "Nm_Ruas": "Jl. Tuka - Luwus", "Status": "Jalan Kabupaten", "Propinsi": "Bali", "Kab_Kot": "Tabanan", "risk_prediction": 1, "Satwil": "Polda Bali" }, "geometry": { "type": "LineString", "coordinates": [ [ 115.199067, -8.429849 ], [ 115.198874, -8.429762 ], [ 115.198778, -8.429728 ], [ 115.198254, -8.429544 ], [ 115.198218, -8.42953 ] ] } },
{ "type": "Feature", "properties": { "Nm_Ruas": "Jl. Tukad Gangga", "Status": "Jalan Kota", "Propinsi": "Bali", "Kab_Kot": "Kota Denpasar", "risk_prediction": 1, "Satwil": "Polda Bali" }, "geometry": { "type": "LineString", "coordinates": [ [ 115.228184, -8.672784 ], [ 115.228225, -8.673297 ], [ 115.228224, -8.673297 ], [ 115.228222, -8.673691 ] ] } },
{ "type": "Feature", "properties": { "Nm_Ruas": "Jl. Tukad Jinah", "Status": "Jalan Kota", "Propinsi": "Bali", "Kab_Kot": "Kota Denpasar", "risk_prediction": 1, "Satwil": "Polda Bali" }, "geometry": { "type": "LineString", "coordinates": [ [ 115.226356, -8.673338 ], [ 115.226357, -8.673326 ], [ 115.226367, -8.673076 ], [ 115.226379, -8.672809 ], [ 115.226383, -8.672717 ] ] } },
{ "type": "Feature", "properties": { "Nm_Ruas": "Jl. Tukad Loloan", "Status": "Jalan Kota", "Propinsi": "Bali", "Kab_Kot": "Kota Denpasar", "risk_prediction": 1, "Satwil": "Polda Bali" }, "geometry": { "type": "LineString", "coordinates": [ [ 115.245002, -8.705759 ], [ 115.245253, -8.705878 ], [ 115.245369, -8.705917 ], [ 115.245434, -8.705935 ], [ 115.245474, -8.705948 ], [ 115.245497, -8.70597 ], [ 115.245509, -8.706012 ], [ 115.245511, -8.706077 ], [ 115.245505, -8.706225 ], [ 115.245506, -8.706336 ] ] } },
{ "type": "Feature", "properties": { "Nm_Ruas": "Jl. Tukad Mati - Legian", "Status": "Jalan Kabupaten", "Propinsi": "Bali", "Kab_Kot": "Badung", "risk_prediction": 1, "Satwil": "Polda Bali" }, "geometry": { "type": "LineString", "coordinates": [ [ 115.171113, -8.705566 ], [ 115.171468, -8.705421 ], [ 115.171886, -8.705206 ], [ 115.171935, -8.70518 ] ] } },
{ "type": "Feature", "properties": { "Nm_Ruas": "Jl. Tukad Mungga - Tukad Mungga", "Status": "Jalan Kabupaten", "Propinsi": "Bali", "Kab_Kot": "Buleleng", "risk_prediction": 1, "Satwil": "Polda Bali" }, "geometry": { "type": "LineString", "coordinates": [ [ 115.055634, -8.139171 ], [ 115.05515, -8.138407 ] ] } },
{ "type": "Feature", "properties": { "Nm_Ruas": "Jl. Tukad Musi", "Status": "Jalan Kota", "Propinsi": "Bali", "Kab_Kot": "Kota Denpasar", "risk_prediction": 1, "Satwil": "Polda Bali" }, "geometry": { "type": "LineString", "coordinates": [ [ 115.230224, -8.673044 ], [ 115.230228, -8.672849 ] ] } },
{ "type": "Feature", "properties": { "Nm_Ruas": "Jl. Tukad Nyali", "Status": "Jalan Kota", "Propinsi": "Bali", "Kab_Kot": "Kota Denpasar", "risk_prediction": 1, "Satwil": "Polda Bali" }, "geometry": { "type": "LineString", "coordinates": [ [ 115.252131, -8.674095 ], [ 115.252138, -8.674147 ], [ 115.252214, -8.674462 ], [ 115.252258, -8.674599 ], [ 115.252363, -8.674969 ] ] } },
{ "type": "Feature", "properties": { "Nm_Ruas": "Jl. Tukad Unda", "Status": "Jalan Kota", "Propinsi": "Bali", "Kab_Kot": "Kota Denpasar", "risk_prediction": 1, "Satwil": "Polda Bali" }, "geometry": { "type": "LineString", "coordinates": [ [ 115.232209, -8.673861 ], [ 115.232209, -8.673838 ], [ 115.232186, -8.672952 ] ] } },
{ "type": "Feature", "properties": { "Nm_Ruas": "Jl. Tukad Yeh Ho", "Status": "Jalan Kota", "Propinsi": "Bali", "Kab_Kot": "Kota Denpasar", "risk_prediction": 1, "Satwil": "Polda Bali" }, "geometry": { "type": "LineString", "coordinates": [ [ 115.224326, -8.673677 ], [ 115.224329, -8.673628 ], [ 115.224342, -8.673345 ], [ 115.224354, -8.673139 ], [ 115.224365, -8.672769 ], [ 115.224367, -8.672711 ], [ 115.22437, -8.67262 ] ] } },
{ "type": "Feature", "properties": { "Nm_Ruas": "Jl. Tunjung", "Status": "Jalan Kota", "Propinsi": "Daerah Istimewa Yogyakarta", "Kab_Kot": "Kota Yogyakarta", "risk_prediction": 1, "Satwil": "Polda DI Yogyakarta" }, "geometry": { "type": "LineString", "coordinates": [ [ 110.378783, -7.793926 ], [ 110.378164, -7.793917 ], [ 110.377877, -7.793896 ] ] } },
{ "type": "Feature", "properties": { "Nm_Ruas": "Jl. Turi", "Status": "Jalan Kota", "Propinsi": "Bali", "Kab_Kot": "Kota Denpasar", "risk_prediction": 1, "Satwil": "Polda Bali" }, "geometry": { "type": "LineString", "coordinates": [ [ 115.238111, -8.647418 ], [ 115.238415, -8.648076 ], [ 115.23846, -8.648194 ], [ 115.238487, -8.648241 ] ] } },
{ "type": "Feature", "properties": { "Nm_Ruas": "Jl. Ubud Sayan", "Status": "Jalan Kabupaten", "Propinsi": "Bali", "Kab_Kot": "Gianyar", "risk_prediction": 1, "Satwil": "Polda Bali" }, "geometry": { "type": "LineString", "coordinates": [ [ 115.243445, -8.503512 ], [ 115.24346, -8.503517 ], [ 115.243562, -8.503551 ], [ 115.243658, -8.50358 ], [ 115.243763, -8.50362 ], [ 115.243882, -8.503663 ], [ 115.243972, -8.503696 ], [ 115.244087, -8.503742 ], [ 115.244186, -8.503775 ], [ 115.244277, -8.503812 ], [ 115.244298, -8.50382 ] ] } },
{ "type": "Feature", "properties": { "Nm_Ruas": "Jl. Ubud Wenarawana", "Status": "Jalan Kabupaten", "Propinsi": "Bali", "Kab_Kot": "Gianyar", "risk_prediction": 1, "Satwil": "Polda Bali" }, "geometry": { "type": "LineString", "coordinates": [ [ 115.261235, -8.510428 ], [ 115.261201, -8.510598 ], [ 115.261172, -8.510743 ], [ 115.261112, -8.511074 ], [ 115.261076, -8.511288 ], [ 115.261064, -8.51141 ], [ 115.261086, -8.511532 ], [ 115.261103, -8.511622 ], [ 115.261108, -8.511761 ], [ 115.26109, -8.511901 ], [ 115.26106, -8.512063 ], [ 115.261013, -8.512254 ], [ 115.260983, -8.512428 ], [ 115.260947, -8.512579 ], [ 115.260905, -8.512782 ], [ 115.260858, -8.51295 ], [ 115.260816, -8.513121 ], [ 115.260774, -8.51337 ], [ 115.260732, -8.513614 ], [ 115.260679, -8.513817 ], [ 115.260614, -8.51406 ], [ 115.260554, -8.514298 ], [ 115.260495, -8.51453 ], [ 115.260423, -8.514785 ], [ 115.260401, -8.514873 ], [ 115.260376, -8.514968 ], [ 115.260334, -8.515177 ], [ 115.26028, -8.515392 ], [ 115.260233, -8.515594 ], [ 115.260185, -8.515757 ], [ 115.260108, -8.515994 ], [ 115.260032, -8.516203 ], [ 115.259943, -8.516429 ], [ 115.259866, -8.516667 ], [ 115.259795, -8.516846 ], [ 115.259707, -8.517078 ], [ 115.259629, -8.517238 ], [ 115.259553, -8.517353 ], [ 115.259459, -8.517504 ], [ 115.259377, -8.517573 ], [ 115.259336, -8.517654 ], [ 115.259371, -8.517712 ], [ 115.259458, -8.517748 ], [ 115.259609, -8.517795 ], [ 115.259837, -8.517865 ], [ 115.259912, -8.517889 ], [ 115.260046, -8.517953 ], [ 115.260139, -8.518041 ], [ 115.26018, -8.518117 ], [ 115.26022, -8.518221 ], [ 115.260267, -8.51825 ], [ 115.260354, -8.518268 ], [ 115.260506, -8.51828 ], [ 115.260636, -8.51829 ] ] } },
{ "type": "Feature", "properties": { "Nm_Ruas": "Jl. Ubud Wenarawana", "Status": "Jalan Kabupaten", "Propinsi": "Bali", "Kab_Kot": "Gianyar", "risk_prediction": 1, "Satwil": "Polda Bali" }, "geometry": { "type": "LineString", "coordinates": [ [ 115.262478, -8.50687 ], [ 115.262473, -8.506884 ], [ 115.262391, -8.507093 ], [ 115.26232, -8.507295 ], [ 115.26222, -8.507534 ], [ 115.262137, -8.507737 ], [ 115.262013, -8.508044 ], [ 115.261895, -8.508334 ], [ 115.261789, -8.508595 ], [ 115.261747, -8.508697 ], [ 115.261653, -8.508925 ], [ 115.261577, -8.509139 ], [ 115.261476, -8.509389 ], [ 115.261431, -8.509545 ], [ 115.261429, -8.509549 ] ] } },
{ "type": "Feature", "properties": { "Nm_Ruas": "Jl. Ulun Suwi", "Status": "Jalan Kota", "Propinsi": "Bali", "Kab_Kot": "Kota Denpasar", "risk_prediction": 1, "Satwil": "Polda Bali" }, "geometry": { "type": "LineString", "coordinates": [ [ 115.189014, -8.688303 ], [ 115.188914, -8.688491 ], [ 115.188818, -8.688669 ], [ 115.188722, -8.688807 ], [ 115.188628, -8.688966 ], [ 115.188563, -8.689091 ] ] } },
{ "type": "Feature", "properties": { "Nm_Ruas": "Jl. Umalas - Br.semer", "Status": "Jalan Kabupaten", "Propinsi": "Bali", "Kab_Kot": "Badung", "risk_prediction": 1, "Satwil": "Polda Bali" }, "geometry": { "type": "LineString", "coordinates": [ [ 115.164428, -8.662154 ], [ 115.164428, -8.662522 ], [ 115.164416, -8.66275 ], [ 115.164414, -8.66277 ], [ 115.164373, -8.663056 ] ] } },
{ "type": "Feature", "properties": { "Nm_Ruas": "Jl. Ungasan - Cenggiling", "Status": "Jalan Kabupaten", "Propinsi": "Bali", "Kab_Kot": "Badung", "risk_prediction": 1, "Satwil": "Polda Bali" }, "geometry": { "type": "LineString", "coordinates": [ [ 115.155039, -8.815624 ], [ 115.155073, -8.815624 ], [ 115.155217, -8.815626 ], [ 115.155442, -8.81563 ], [ 115.155726, -8.815651 ], [ 115.155878, -8.815668 ], [ 115.155946, -8.815676 ] ] } },
{ "type": "Feature", "properties": { "Nm_Ruas": "Jl. Ungasan - Pr.masuka", "Status": "Jalan Kabupaten", "Propinsi": "Bali", "Kab_Kot": "Badung", "risk_prediction": 1, "Satwil": "Polda Bali" }, "geometry": { "type": "LineString", "coordinates": [ [ 115.153156, -8.820155 ], [ 115.153174, -8.820117 ], [ 115.153309, -8.819829 ], [ 115.153418, -8.819532 ], [ 115.15346, -8.819387 ], [ 115.153429, -8.819311 ], [ 115.15342, -8.81929 ] ] } },
{ "type": "Feature", "properties": { "Nm_Ruas": "Jl. Veteran", "Status": "Jalan Kota", "Propinsi": "Daerah Istimewa Yogyakarta", "Kab_Kot": "Kota Yogyakarta", "risk_prediction": 1, "Satwil": "Polda DI Yogyakarta" }, "geometry": { "type": "LineString", "coordinates": [ [ 110.386476, -7.816055 ], [ 110.38561, -7.816315 ], [ 110.385425, -7.81637 ], [ 110.384555, -7.816632 ], [ 110.384016, -7.816794 ], [ 110.383793, -7.816819 ] ] } },
{ "type": "Feature", "properties": { "Nm_Ruas": "Jl. Veteran", "Status": "Jalan Kota", "Propinsi": "Jawa Barat", "Kab_Kot": "Kota Bandung", "risk_prediction": 1, "Satwil": "Polrestabes Bandung" }, "geometry": { "type": "LineString", "coordinates": [ [ 107.61873, -6.920816 ], [ 107.618921, -6.920899 ], [ 107.619074, -6.920982 ], [ 107.619221, -6.921081 ], [ 107.619296, -6.921154 ], [ 107.619335, -6.921201 ], [ 107.619375, -6.921251 ], [ 107.619451, -6.92134 ], [ 107.619459, -6.92135 ] ] } },
{ "type": "Feature", "properties": { "Nm_Ruas": "Jl. W.R. Supratman", "Status": "Jalan Provinsi", "Propinsi": "Jawa Barat", "Kab_Kot": "Kota Bandung", "risk_prediction": 1, "Satwil": "Polrestabes Bandung" }, "geometry": { "type": "LineString", "coordinates": [ [ 107.625699, -6.901031 ], [ 107.625605, -6.901036 ], [ 107.625358, -6.901041 ], [ 107.625297, -6.901043 ] ] } },
{ "type": "Feature", "properties": { "Nm_Ruas": "Jl. W.R. Supratman", "Status": "Jalan Provinsi", "Propinsi": "Jawa Barat", "Kab_Kot": "Kota Bandung", "risk_prediction": 1, "Satwil": "Polrestabes Bandung" }, "geometry": { "type": "LineString", "coordinates": [ [ 107.634387, -6.913401 ], [ 107.634356, -6.913351 ], [ 107.634347, -6.913334 ], [ 107.63415, -6.912987 ], [ 107.633918, -6.912627 ], [ 107.633917, -6.912626 ], [ 107.63367, -6.912241 ], [ 107.633592, -6.912121 ], [ 107.633174, -6.911513 ], [ 107.632792, -6.910924 ], [ 107.632402, -6.910323 ], [ 107.632305, -6.910173 ], [ 107.632299, -6.910165 ], [ 107.632299, -6.910164 ], [ 107.631805, -6.909404 ], [ 107.631312, -6.908644 ], [ 107.631068, -6.908268 ], [ 107.630944, -6.908077 ], [ 107.630819, -6.907884 ], [ 107.630693, -6.90769 ], [ 107.63033, -6.907122 ], [ 107.630205, -6.906926 ], [ 107.630073, -6.906718 ], [ 107.629935, -6.906507 ], [ 107.629839, -6.90636 ], [ 107.629708, -6.90616 ], [ 107.629438, -6.905749 ], [ 107.629215, -6.905407 ], [ 107.628932, -6.904974 ], [ 107.628751, -6.904697 ], [ 107.628438, -6.904217 ], [ 107.628437, -6.904216 ], [ 107.628396, -6.904151 ], [ 107.628329, -6.904048 ], [ 107.628288, -6.903985 ], [ 107.627942, -6.903457 ], [ 107.627901, -6.903395 ], [ 107.627716, -6.903114 ], [ 107.627307, -6.902479 ], [ 107.627025, -6.902051 ] ] } },
{ "type": "Feature", "properties": { "Nm_Ruas": "Jl. W.R. Supratman", "Status": "Jalan Provinsi", "Propinsi": "Jawa Barat", "Kab_Kot": "Kota Bandung", "risk_prediction": 1, "Satwil": "Polrestabes Bandung" }, "geometry": { "type": "LineString", "coordinates": [ [ 107.633191, -6.911716 ], [ 107.633161, -6.911669 ], [ 107.632912, -6.911312 ], [ 107.63286, -6.911238 ], [ 107.632693, -6.910978 ], [ 107.632202, -6.910217 ], [ 107.632178, -6.910179 ], [ 107.631916, -6.909773 ], [ 107.631709, -6.909457 ] ] } },
{ "type": "Feature", "properties": { "Nm_Ruas": "Jl. W.R. Supratman", "Status": "Jalan Provinsi", "Propinsi": "Jawa Barat", "Kab_Kot": "Kota Bandung", "risk_prediction": 1, "Satwil": "Polrestabes Bandung" }, "geometry": { "type": "LineString", "coordinates": [ [ 107.634264, -6.913464 ], [ 107.634232, -6.913406 ], [ 107.634221, -6.913389 ], [ 107.634065, -6.913105 ], [ 107.633965, -6.912926 ], [ 107.633812, -6.912682 ], [ 107.633792, -6.912651 ], [ 107.633388, -6.912025 ], [ 107.633359, -6.911979 ], [ 107.633191, -6.911716 ] ] } },
{ "type": "Feature", "properties": { "Nm_Ruas": "Jl. W.R. Supratman", "Status": "Jalan Provinsi", "Propinsi": "Jawa Barat", "Kab_Kot": "Kota Bandung", "risk_prediction": 1, "Satwil": "Polrestabes Bandung" }, "geometry": { "type": "LineString", "coordinates": [ [ 107.634319, -6.913435 ], [ 107.634074, -6.912994 ], [ 107.633924, -6.912747 ], [ 107.633863, -6.912654 ], [ 107.633433, -6.911997 ], [ 107.633191, -6.911716 ] ] } },
{ "type": "Feature", "properties": { "Nm_Ruas": "Jl. Waas", "Status": "Jalan Kota", "Propinsi": "Jawa Barat", "Kab_Kot": "Kota Bandung", "risk_prediction": 1, "Satwil": "Polrestabes Bandung" }, "geometry": { "type": "LineString", "coordinates": [ [ 107.625992, -6.949569 ], [ 107.625974, -6.949462 ] ] } },
{ "type": "Feature", "properties": { "Nm_Ruas": "Jl. Wanagiri - Sp. Batunya", "Status": "Jalan Nasional", "Propinsi": "Bali", "Kab_Kot": "Tabanan, Buleleng", "risk_prediction": 1, "Satwil": "Polda Bali" }, "geometry": { "type": "LineString", "coordinates": [ [ 115.165045, -8.28056 ], [ 115.165094, -8.280541 ], [ 115.165169, -8.28048 ], [ 115.165247, -8.280373 ], [ 115.165473, -8.280011 ], [ 115.16557, -8.279853 ], [ 115.165575, -8.279838 ], [ 115.165593, -8.279786 ], [ 115.165622, -8.279702 ], [ 115.165644, -8.279568 ], [ 115.165651, -8.279422 ], [ 115.165648, -8.279318 ], [ 115.16561, -8.27913 ], [ 115.165603, -8.27911 ], [ 115.165518, -8.278885 ], [ 115.16549, -8.27881 ], [ 115.165468, -8.27873 ], [ 115.16544, -8.27863 ], [ 115.165403, -8.278464 ], [ 115.1654, -8.27845 ], [ 115.165394, -8.278194 ], [ 115.165402, -8.278 ], [ 115.165427, -8.277822 ], [ 115.165421, -8.277698 ], [ 115.165403, -8.277626 ], [ 115.165373, -8.277558 ], [ 115.165317, -8.27747 ], [ 115.165249, -8.277375 ], [ 115.165159, -8.277256 ], [ 115.165093, -8.277154 ], [ 115.164929, -8.276795 ], [ 115.164857, -8.276637 ], [ 115.164778, -8.276549 ], [ 115.164475, -8.276242 ], [ 115.164371, -8.27608 ], [ 115.164322, -8.275972 ], [ 115.164241, -8.275741 ], [ 115.164222, -8.275644 ], [ 115.164056, -8.274749 ], [ 115.163961, -8.274419 ], [ 115.163776, -8.273823 ], [ 115.163713, -8.273516 ], [ 115.163676, -8.273237 ], [ 115.163523, -8.272104 ], [ 115.163431, -8.271179 ], [ 115.163347, -8.270342 ], [ 115.163331, -8.270102 ], [ 115.163316, -8.26975 ], [ 115.163503, -8.268807 ], [ 115.163548, -8.268618 ], [ 115.163631, -8.268083 ], [ 115.163678, -8.267888 ], [ 115.163756, -8.267656 ], [ 115.16384, -8.267407 ], [ 115.16391, -8.2672 ], [ 115.16392, -8.26715 ], [ 115.16393, -8.26714 ], [ 115.163977, -8.267037 ], [ 115.16408, -8.266814 ], [ 115.164107, -8.266756 ], [ 115.16417, -8.26662 ], [ 115.16418, -8.26661 ], [ 115.164188, -8.266591 ], [ 115.16431, -8.2663 ], [ 115.164332, -8.266208 ], [ 115.16439, -8.265969 ], [ 115.164445, -8.265741 ], [ 115.16451, -8.26547 ], [ 115.16453, -8.26535 ], [ 115.16454, -8.26533 ], [ 115.164648, -8.265108 ], [ 115.16471, -8.26498 ], [ 115.16475, -8.264912 ], [ 115.16494, -8.26459 ], [ 115.164965, -8.264533 ], [ 115.165, -8.26445 ], [ 115.165051, -8.264314 ], [ 115.16509, -8.264162 ], [ 115.165091, -8.264018 ], [ 115.165069, -8.263881 ], [ 115.165034, -8.263732 ], [ 115.164929, -8.263377 ], [ 115.164859, -8.263198 ], [ 115.16479, -8.263044 ], [ 115.164729, -8.262972 ], [ 115.164639, -8.262888 ], [ 115.164533, -8.262795 ], [ 115.164463, -8.262722 ], [ 115.164396, -8.262616 ], [ 115.164392, -8.26261 ], [ 115.163604, -8.261101 ], [ 115.163472, -8.260854 ], [ 115.163191, -8.260282 ], [ 115.162436, -8.258579 ], [ 115.162409, -8.258529 ], [ 115.1618, -8.257394 ], [ 115.16158, -8.257046 ], [ 115.161492, -8.25693 ], [ 115.161469, -8.256896 ], [ 115.161399, -8.256816 ], [ 115.161096, -8.256531 ], [ 115.160909, -8.256355 ], [ 115.16085, -8.256313 ], [ 115.160669, -8.256206 ], [ 115.160539, -8.256146 ], [ 115.160364, -8.256084 ], [ 115.16008, -8.256008 ], [ 115.160022, -8.255993 ], [ 115.159809, -8.255936 ], [ 115.159539, -8.255826 ], [ 115.159479, -8.255784 ], [ 115.159439, -8.255756 ], [ 115.159439, -8.255746 ], [ 115.159369, -8.255686 ], [ 115.159329, -8.255626 ], [ 115.159304, -8.255597 ], [ 115.159274, -8.255562 ], [ 115.159269, -8.255556 ], [ 115.159261, -8.255544 ] ] } },
{ "type": "Feature", "properties": { "Nm_Ruas": "Jl. Waribang", "Status": "Jalan Kota", "Propinsi": "Bali", "Kab_Kot": "Kota Denpasar", "risk_prediction": 1, "Satwil": "Polda Bali" }, "geometry": { "type": "LineString", "coordinates": [ [ 115.245097, -8.646266 ], [ 115.245265, -8.646557 ], [ 115.245345, -8.646681 ], [ 115.245466, -8.646879 ], [ 115.245569, -8.647037 ] ] } },
{ "type": "Feature", "properties": { "Nm_Ruas": "Jl. Western Ring Road (Sp. Gunung Agung - Sp. Mahendradatta)", "Status": "Jalan Nasional", "Propinsi": "Bali", "Kab_Kot": "Kota Denpasar", "risk_prediction": 1, "Satwil": "Polda Bali" }, "geometry": { "type": "LineString", "coordinates": [ [ 115.189824, -8.665167 ], [ 115.189808, -8.665221 ], [ 115.189778, -8.665288 ], [ 115.189745, -8.665329 ], [ 115.189707, -8.665359 ], [ 115.189613, -8.66543 ], [ 115.189507, -8.6655 ], [ 115.189437, -8.665565 ], [ 115.18931, -8.665726 ], [ 115.189261, -8.66581 ], [ 115.18923, -8.665888 ], [ 115.189221, -8.665948 ], [ 115.189226, -8.666016 ], [ 115.189252, -8.666082 ], [ 115.189312, -8.666218 ], [ 115.18945, -8.66651 ], [ 115.18962, -8.66689 ], [ 115.189677, -8.667012 ], [ 115.189685, -8.667031 ], [ 115.189843, -8.667351 ], [ 115.190026, -8.667708 ], [ 115.190038, -8.667733 ], [ 115.190177, -8.667997 ], [ 115.190247, -8.668097 ], [ 115.190412, -8.668323 ], [ 115.190526, -8.668495 ], [ 115.190527, -8.668498 ], [ 115.190571, -8.668563 ], [ 115.190582, -8.668584 ], [ 115.19065, -8.66871 ], [ 115.19078, -8.66897 ], [ 115.1908, -8.66901 ], [ 115.190853, -8.669166 ], [ 115.190898, -8.669319 ], [ 115.190996, -8.669655 ], [ 115.191171, -8.67027 ], [ 115.191311, -8.670766 ], [ 115.191358, -8.670935 ], [ 115.19138, -8.67103 ], [ 115.19139, -8.67111 ], [ 115.19139, -8.671132 ], [ 115.19139, -8.67115 ], [ 115.19139, -8.671157 ], [ 115.19139, -8.67117 ], [ 115.191384, -8.671275 ], [ 115.191286, -8.671859 ], [ 115.191274, -8.671904 ], [ 115.19126, -8.67196 ], [ 115.191239, -8.672005 ], [ 115.191218, -8.672029 ], [ 115.191195, -8.672053 ], [ 115.191165, -8.67208 ], [ 115.190977, -8.672217 ], [ 115.190901, -8.67227 ], [ 115.190834, -8.672329 ], [ 115.190764, -8.672403 ], [ 115.19065, -8.67257 ], [ 115.190597, -8.672645 ], [ 115.190582, -8.672668 ], [ 115.19044, -8.67287 ], [ 115.190106, -8.673352 ], [ 115.189968, -8.67355 ], [ 115.189876, -8.673703 ], [ 115.189817, -8.67382 ], [ 115.189785, -8.673905 ], [ 115.189764, -8.673984 ], [ 115.18975, -8.67411 ], [ 115.189742, -8.674235 ], [ 115.189743, -8.674369 ], [ 115.189754, -8.67452 ], [ 115.18978, -8.67469 ], [ 115.189827, -8.674846 ], [ 115.1899, -8.67505 ], [ 115.189914, -8.675086 ], [ 115.189925, -8.675114 ], [ 115.1902, -8.67582 ], [ 115.190239, -8.675929 ], [ 115.190249, -8.675958 ], [ 115.19025, -8.67596 ], [ 115.19038, -8.67627 ], [ 115.19042, -8.67637 ], [ 115.190604, -8.676824 ], [ 115.190755, -8.677211 ], [ 115.190765, -8.677241 ], [ 115.190775, -8.677291 ], [ 115.190775, -8.677341 ], [ 115.190775, -8.677371 ], [ 115.190775, -8.677411 ], [ 115.190765, -8.677471 ], [ 115.190716, -8.677609 ], [ 115.190715, -8.677611 ], [ 115.190707, -8.67763 ], [ 115.190695, -8.677659 ], [ 115.190645, -8.677781 ], [ 115.190369, -8.678473 ], [ 115.190358, -8.678503 ], [ 115.19025, -8.67879 ], [ 115.190049, -8.679318 ], [ 115.190037, -8.679349 ], [ 115.19001, -8.67942 ], [ 115.189724, -8.680161 ], [ 115.189711, -8.680193 ], [ 115.18967, -8.6803 ], [ 115.189631, -8.680404 ], [ 115.18954, -8.68065 ], [ 115.189403, -8.681007 ], [ 115.189391, -8.681039 ], [ 115.189331, -8.681196 ], [ 115.18931, -8.68125 ] ] } },
{ "type": "Feature", "properties": { "Nm_Ruas": "Jl. Widayati Sutarjo", "Status": "Jalan Kota", "Propinsi": "Daerah Istimewa Yogyakarta", "Kab_Kot": "Kota Yogyakarta", "risk_prediction": 1, "Satwil": "Polda DI Yogyakarta" }, "geometry": { "type": "LineString", "coordinates": [ [ 110.377925, -7.792292 ], [ 110.378251, -7.792309 ], [ 110.378412, -7.79232 ], [ 110.37864, -7.792345 ], [ 110.378829, -7.792349 ] ] } },
{ "type": "Feature", "properties": { "Nm_Ruas": "Jl. Wonorejo - Tambakan", "Status": "Jalan Kabupaten", "Propinsi": "Daerah Istimewa Yogyakarta", "Kab_Kot": "Sleman", "risk_prediction": 1, "Satwil": "Polda DI Yogyakarta" }, "geometry": { "type": "LineString", "coordinates": [ [ 110.399836, -7.726642 ], [ 110.399812, -7.726633 ], [ 110.399273, -7.726446 ], [ 110.399029, -7.726383 ], [ 110.398986, -7.726368 ], [ 110.398973, -7.726364 ] ] } },
{ "type": "Feature", "properties": { "Nm_Ruas": "Jl. Wonorejo - Tambakan", "Status": "Jalan Provinsi", "Propinsi": "Daerah Istimewa Yogyakarta", "Kab_Kot": "Sleman", "risk_prediction": 1, "Satwil": "Polda DI Yogyakarta" }, "geometry": { "type": "LineString", "coordinates": [ [ 110.399782, -7.72656 ], [ 110.399868, -7.726585 ] ] } },
{ "type": "Feature", "properties": { "Nm_Ruas": "Jl. Yogyakarta - Kaliurang", "Status": "Jalan Provinsi", "Propinsi": "Daerah Istimewa Yogyakarta", "Kab_Kot": "Sleman", "risk_prediction": 1, "Satwil": "Polda DI Yogyakarta" }, "geometry": { "type": "LineString", "coordinates": [ [ 110.395744, -7.733745 ], [ 110.395945, -7.733393 ], [ 110.396219, -7.732908 ], [ 110.396418, -7.732556 ], [ 110.396547, -7.732324 ], [ 110.39671, -7.732037 ], [ 110.39703, -7.731461 ], [ 110.397252, -7.731099 ], [ 110.397566, -7.730572 ], [ 110.39785, -7.730103 ], [ 110.398011, -7.729813 ], [ 110.398132, -7.729595 ], [ 110.3983, -7.729304 ], [ 110.398547, -7.728854 ], [ 110.398549, -7.728851 ], [ 110.399005, -7.728071 ], [ 110.399007, -7.728068 ], [ 110.399263, -7.727612 ], [ 110.399471, -7.727288 ], [ 110.399524, -7.727203 ], [ 110.399836, -7.726642 ], [ 110.399868, -7.726585 ], [ 110.39992, -7.726499 ], [ 110.400079, -7.726238 ], [ 110.400334, -7.725809 ], [ 110.4004, -7.725699 ], [ 110.400729, -7.725127 ], [ 110.400995, -7.724663 ], [ 110.401223, -7.724283 ], [ 110.401528, -7.723755 ], [ 110.401756, -7.723347 ], [ 110.402024, -7.722879 ], [ 110.402245, -7.72249 ], [ 110.402538, -7.721971 ], [ 110.402594, -7.721873 ] ] } },
{ "type": "Feature", "properties": { "Nm_Ruas": "Jl. Yogyakarta - Piyungan", "Status": "Jalan Nasional", "Propinsi": "Daerah Istimewa Yogyakarta", "Kab_Kot": "", "risk_prediction": 1, "Satwil": "Polda DI Yogyakarta" }, "geometry": { "type": "LineString", "coordinates": [ [ 110.402159, -7.810699 ], [ 110.403064, -7.810735 ] ] } },
{ "type": "Feature", "properties": { "Nm_Ruas": "Jl. Yogyakarta - Pulowatu", "Status": "Jalan Provinsi", "Propinsi": "Daerah Istimewa Yogyakarta", "Kab_Kot": "Sleman", "risk_prediction": 1, "Satwil": "Polda DI Yogyakarta" }, "geometry": { "type": "LineString", "coordinates": [ [ 110.371364, -7.750859 ], [ 110.371359, -7.75087 ], [ 110.37121, -7.751197 ], [ 110.3712, -7.75122 ] ] } }
]
}
