{
"type": "FeatureCollection",
"crs": { "type": "name", "properties": { "name": "urn:ogc:def:crs:OGC:1.3:CRS84" } },
"features": [
{ "type": "Feature", "properties": { "Satwil": "Polrestabes Medan", "country": "ID", "level": 3, "city": "Medan", "speedKMH": 9.05, "length": 903, "turnType": "NONE", "uuid": 1292855426, "endNode": "Pengadilan", "speed": 2.5138888888888888, "roadType": 2, "delay": 275, "street": "Diponegoro", "id": 1292855426, "pubMillis": 1773738138088, "blockingAlertUuid": null, "startNode": null, "published_wib": "2026-03-17T16:02:18+07:00", "last_update": "2026-03-17T17:14:58+07:00" }, "geometry": { "type": "LineString", "coordinates": [ [ 98.672571, 3.57875 ], [ 98.672632, 3.579947 ], [ 98.672684, 3.581097 ], [ 98.672739, 3.582287 ], [ 98.672751, 3.582469 ], [ 98.672773, 3.582737 ], [ 98.67278, 3.582987 ], [ 98.672796, 3.583553 ], [ 98.672769, 3.584236 ], [ 98.672783, 3.584584 ], [ 98.672962, 3.586896 ] ] } },
{ "type": "Feature", "properties": { "Satwil": "Polrestabes Bandung", "country": "ID", "level": 4, "city": "Bandung", "speedKMH": 2.36, "length": 204, "turnType": "NONE", "uuid": 1300654936, "endNode": "Terusan Perintis", "speed": 0.65555555555555556, "roadType": 2, "delay": 287, "street": "Perintis", "id": 1300654936, "pubMillis": 1773741547677, "blockingAlertUuid": null, "startNode": null, "published_wib": "2026-03-17T16:59:07+07:00", "last_update": "2026-03-17T17:14:58+07:00" }, "geometry": { "type": "LineString", "coordinates": [ [ 107.574708, -6.881962 ], [ 107.572931, -6.882467 ] ] } },
{ "type": "Feature", "properties": { "Satwil": "Polda DI Yogyakarta", "country": "ID", "level": 4, "city": "Ngaglik", "speedKMH": 3.22, "length": 334, "turnType": "NONE", "uuid": 1293772774, "endNode": "Jalur Cepat", "speed": 0.89444444444444449, "roadType": 6, "delay": 347, "street": "Padjajaran", "id": 1293772774, "pubMillis": 1773738620834, "blockingAlertUuid": null, "startNode": null, "published_wib": "2026-03-17T16:10:20+07:00", "last_update": "2026-03-17T17:14:58+07:00" }, "geometry": { "type": "LineString", "coordinates": [ [ 110.374685, -7.751918 ], [ 110.374524, -7.751887 ], [ 110.373472, -7.751681 ], [ 110.372131, -7.751451 ], [ 110.371707, -7.751367 ] ] } },
{ "type": "Feature", "properties": { "Satwil": "Polda DI Yogyakarta", "country": "ID", "level": 3, "city": "Banguntapan", "speedKMH": 13.29, "length": 999, "turnType": "NONE", "uuid": 1300948998, "endNode": "Ahmad Yani", "speed": 3.6916666666666669, "roadType": 6, "delay": 215, "street": "Ahmad Yani", "id": 1300948998, "pubMillis": 1773741706283, "blockingAlertUuid": null, "startNode": null, "published_wib": "2026-03-17T17:01:46+07:00", "last_update": "2026-03-17T17:14:58+07:00" }, "geometry": { "type": "LineString", "coordinates": [ [ 110.383871, -7.834753 ], [ 110.382869, -7.835145 ], [ 110.382288, -7.835305 ], [ 110.377084, -7.836359 ], [ 110.376639, -7.836433 ], [ 110.376364, -7.836461 ], [ 110.376064, -7.836468 ], [ 110.375023, -7.836425 ] ] } },
{ "type": "Feature", "properties": { "Satwil": "Polrestabes Bandung", "country": "ID", "level": 2, "city": "Bandung", "speedKMH": 15.11, "length": 706, "turnType": "NONE", "uuid": 1301047708, "endNode": "Soekarno-Hatta (Jalur Lambat)", "speed": 4.197222222222222, "roadType": 1, "delay": 85, "street": "Sekejati", "id": 1301047708, "pubMillis": 1773741710018, "blockingAlertUuid": null, "startNode": null, "published_wib": "2026-03-17T17:01:50+07:00", "last_update": "2026-03-17T17:14:58+07:00" }, "geometry": { "type": "LineString", "coordinates": [ [ 107.645735, -6.940537 ], [ 107.64585, -6.940559 ], [ 107.648814, -6.941242 ], [ 107.651801, -6.941911 ], [ 107.651905, -6.942045 ] ] } },
{ "type": "Feature", "properties": { "Satwil": "Polrestabes Bandung", "country": "ID", "level": 2, "city": "Bandung", "speedKMH": 13.58, "length": 456, "turnType": "NONE", "uuid": 1302194308, "endNode": "Jalan Citarum", "speed": 3.7722222222222221, "roadType": 1, "delay": 63, "street": "Jalan Lombok", "id": 1302194308, "pubMillis": 1773742180958, "blockingAlertUuid": null, "startNode": null, "published_wib": "2026-03-17T17:09:40+07:00", "last_update": "2026-03-17T17:14:58+07:00" }, "geometry": { "type": "LineString", "coordinates": [ [ 107.618747, -6.909999 ], [ 107.618997, -6.908893 ], [ 107.619211, -6.908209 ], [ 107.619394, -6.907823 ], [ 107.619566, -6.907548 ], [ 107.619651, -6.907456 ], [ 107.619748, -6.907376 ], [ 107.619893, -6.907279 ], [ 107.619909, -6.907276 ], [ 107.619965, -6.907246 ], [ 107.62065, -6.906965 ], [ 107.620896, -6.906838 ] ] } },
{ "type": "Feature", "properties": { "Satwil": "Polrestabes Bandung", "country": "ID", "level": 3, "city": "Bandung", "speedKMH": 7.53, "length": 393, "turnType": "NONE", "uuid": 1295247598, "endNode": "Arah Banjaran/Baleendah/Bojongsoang", "speed": 2.0916666666666668, "roadType": 4, "delay": 127, "street": "Gerbang Tol Buah Batu", "id": 1295247598, "pubMillis": 1773739309353, "blockingAlertUuid": null, "startNode": null, "published_wib": "2026-03-17T16:21:49+07:00", "last_update": "2026-03-17T17:14:58+07:00" }, "geometry": { "type": "LineString", "coordinates": [ [ 107.634884, -6.9615 ], [ 107.634928, -6.961472 ], [ 107.635158, -6.96136 ], [ 107.635392, -6.961267 ], [ 107.635655, -6.961221 ], [ 107.635955, -6.961237 ], [ 107.637409, -6.961658 ], [ 107.638309, -6.961853 ] ] } },
{ "type": "Feature", "properties": { "Satwil": "Polrestabes Bandung", "country": "ID", "level": 3, "city": "Bandung", "speedKMH": 7.51, "length": 297, "turnType": "NONE", "uuid": 1295769740, "endNode": "Dr Djundjunan", "speed": 2.0861111111111112, "roadType": 6, "delay": 105, "street": "HOS Cokroaminoto", "id": 1295769740, "pubMillis": 1773739625162, "blockingAlertUuid": null, "startNode": null, "published_wib": "2026-03-17T16:27:05+07:00", "last_update": "2026-03-17T17:14:58+07:00" }, "geometry": { "type": "LineString", "coordinates": [ [ 107.5975, -6.903291 ], [ 107.597453, -6.9022 ], [ 107.597441, -6.901219 ], [ 107.59738, -6.900995 ], [ 107.597372, -6.900615 ] ] } },
{ "type": "Feature", "properties": { "Satwil": "Polrestabes Bandung", "country": "ID", "level": 3, "city": "Bandung", "speedKMH": 13.63, "length": 881, "turnType": "NONE", "uuid": 1302296588, "endNode": "Jenderal Ahmad Yani", "speed": 3.786111111111111, "roadType": 7, "delay": 155, "street": "WR Supratman", "id": 1302296588, "pubMillis": 1773742181155, "blockingAlertUuid": null, "startNode": null, "published_wib": "2026-03-17T17:09:41+07:00", "last_update": "2026-03-17T17:14:58+07:00" }, "geometry": { "type": "LineString", "coordinates": [ [ 107.630057, -6.90674 ], [ 107.630183, -6.906919 ], [ 107.630679, -6.907704 ], [ 107.631001, -6.908195 ], [ 107.63229, -6.910176 ], [ 107.633141, -6.91151 ], [ 107.633274, -6.91171 ], [ 107.634134, -6.913013 ], [ 107.634306, -6.913268 ], [ 107.634372, -6.913438 ] ] } },
{ "type": "Feature", "properties": { "Satwil": "Polresta Surakarta", "country": "ID", "level": 3, "city": "Surakarta", "speedKMH": 12.85, "length": 500, "turnType": "NONE", "uuid": 1302745282, "endNode": "Agus Salim", "speed": 3.5694444444444446, "roadType": 7, "delay": 93, "street": "Dokter Radjiman", "id": 1302745282, "pubMillis": 1773742346278, "blockingAlertUuid": null, "startNode": null, "published_wib": "2026-03-17T17:12:26+07:00", "last_update": "2026-03-17T17:14:58+07:00" }, "geometry": { "type": "LineString", "coordinates": [ [ 110.796282, -7.569483 ], [ 110.795529, -7.56924 ], [ 110.795352, -7.569188 ], [ 110.794609, -7.56895 ], [ 110.793857, -7.568766 ], [ 110.793498, -7.568682 ], [ 110.791924, -7.568254 ] ] } },
{ "type": "Feature", "properties": { "Satwil": "Polda DI Yogyakarta", "country": "ID", "level": 3, "city": "Wonosari (Gunungkidul)", "speedKMH": 12.02, "length": 538, "turnType": "NONE", "uuid": 1300878040, "endNode": "Lingkar Selatan Wonosari", "speed": 3.338888888888889, "roadType": 7, "delay": 124, "street": "Mgr Sugiyo Pranoto", "id": 1300878040, "pubMillis": 1773741700591, "blockingAlertUuid": null, "startNode": null, "published_wib": "2026-03-17T17:01:40+07:00", "last_update": "2026-03-17T17:14:58+07:00" }, "geometry": { "type": "LineString", "coordinates": [ [ 110.611013, -7.975869 ], [ 110.611954, -7.976804 ], [ 110.612834, -7.977644 ], [ 110.613193, -7.977994 ], [ 110.613396, -7.978192 ], [ 110.61451, -7.979264 ] ] } },
{ "type": "Feature", "properties": { "Satwil": "Polda DI Yogyakarta", "country": "ID", "level": 3, "city": "Yogyakarta", "speedKMH": 6.19, "length": 207, "turnType": "NONE", "uuid": 1302654642, "endNode": null, "speed": 1.7194444444444446, "roadType": 7, "delay": 96, "street": "Gejayan", "id": 1302654642, "pubMillis": 1773742346667, "blockingAlertUuid": null, "startNode": null, "published_wib": "2026-03-17T17:12:26+07:00", "last_update": "2026-03-17T17:14:58+07:00" }, "geometry": { "type": "LineString", "coordinates": [ [ 110.38826, -7.780241 ], [ 110.388053, -7.781389 ], [ 110.387928, -7.782086 ] ] } },
{ "type": "Feature", "properties": { "Satwil": "Polrestabes Bandung", "country": "ID", "level": 2, "city": "Bandung", "speedKMH": 17.94, "length": 1428, "turnType": "NONE", "uuid": 1299574334, "endNode": "", "speed": 4.9833333333333334, "roadType": 6, "delay": 157, "street": "Soekarno-Hatta", "id": 1299574334, "pubMillis": 1773741227116, "blockingAlertUuid": null, "startNode": null, "published_wib": "2026-03-17T16:53:47+07:00", "last_update": "2026-03-17T17:14:58+07:00" }, "geometry": { "type": "LineString", "coordinates": [ [ 107.575901, -6.930202 ], [ 107.575751, -6.929281 ], [ 107.575639, -6.928596 ], [ 107.575389, -6.926966 ], [ 107.575344, -6.926699 ], [ 107.575219, -6.925789 ], [ 107.575073, -6.924752 ], [ 107.575026, -6.924438 ], [ 107.574774, -6.922841 ], [ 107.574432, -6.920518 ], [ 107.57434, -6.919867 ], [ 107.574309, -6.919473 ], [ 107.57428, -6.917428 ], [ 107.574274, -6.917413 ] ] } },
{ "type": "Feature", "properties": { "Satwil": "Polrestabes Bandung", "country": "ID", "level": 4, "city": "Bandung", "speedKMH": 4.6, "length": 332, "turnType": "NONE", "uuid": 1295215542, "endNode": "", "speed": 1.2777777777777777, "roadType": 7, "delay": 202, "street": "Peta", "id": 1295215542, "pubMillis": 1773739301391, "blockingAlertUuid": null, "startNode": null, "published_wib": "2026-03-17T16:21:41+07:00", "last_update": "2026-03-17T17:14:58+07:00" }, "geometry": { "type": "LineString", "coordinates": [ [ 107.605992, -6.9376 ], [ 107.604564, -6.937485 ], [ 107.604392, -6.937469 ], [ 107.603178, -6.93736 ], [ 107.602996, -6.937334 ] ] } },
{ "type": "Feature", "properties": { "Satwil": "Polda Bali", "country": "ID", "level": 3, "city": "Denpasar", "speedKMH": 9.77, "length": 685, "turnType": "NONE", "uuid": 1302391478, "endNode": "Jalan Raya Sesetan", "speed": 2.713888888888889, "roadType": 7, "delay": 183, "street": "Diponegoro", "id": 1302391478, "pubMillis": 1773742180976, "blockingAlertUuid": null, "startNode": null, "published_wib": "2026-03-17T17:09:40+07:00", "last_update": "2026-03-17T18:14:58+08:00" }, "geometry": { "type": "LineString", "coordinates": [ [ 115.215094, -8.716866 ], [ 115.2152, -8.716457 ], [ 115.215278, -8.716319 ], [ 115.21535, -8.71603 ], [ 115.21545, -8.715294 ], [ 115.215518, -8.714658 ], [ 115.215534, -8.714417 ], [ 115.215575, -8.713952 ], [ 115.215691, -8.712908 ], [ 115.215705, -8.712743 ], [ 115.21575, -8.712323 ], [ 115.21579, -8.711772 ], [ 115.215896, -8.711003 ], [ 115.21595, -8.710757 ] ] } },
{ "type": "Feature", "properties": { "Satwil": "Polda Bali", "country": "ID", "level": 2, "city": "Denpasar", "speedKMH": 19.07, "length": 636, "turnType": "NONE", "uuid": 1301341582, "endNode": "Jalan Raya Puputan Niti Mandala", "speed": 5.2972222222222225, "roadType": 2, "delay": 62, "street": "PB Sudirman (Jalur Kiri)", "id": 1301341582, "pubMillis": 1773741863954, "blockingAlertUuid": null, "startNode": null, "published_wib": "2026-03-17T17:04:23+07:00", "last_update": "2026-03-17T18:14:58+08:00" }, "geometry": { "type": "LineString", "coordinates": [ [ 115.218162, -8.66392 ], [ 115.218139, -8.664342 ], [ 115.218033, -8.66599 ], [ 115.218029, -8.666072 ], [ 115.217985, -8.667679 ], [ 115.21799, -8.668342 ], [ 115.217991, -8.668494 ], [ 115.218022, -8.668739 ], [ 115.218115, -8.66945 ], [ 115.218148, -8.669657 ] ] } },
{ "type": "Feature", "properties": { "Satwil": "Polrestabes Bandung", "country": "ID", "level": 2, "city": "Bandung", "speedKMH": 21.31, "length": 1765, "turnType": "NONE", "uuid": 1301079166, "endNode": "Arah Karapitan/Simpang Lima", "speed": 5.9194444444444443, "roadType": 7, "delay": 130, "street": "BKR", "id": 1301079166, "pubMillis": 1773741708091, "blockingAlertUuid": null, "startNode": null, "published_wib": "2026-03-17T17:01:48+07:00", "last_update": "2026-03-17T17:14:58+07:00" }, "geometry": { "type": "LineString", "coordinates": [ [ 107.606638, -6.937526 ], [ 107.608302, -6.937579 ], [ 107.609085, -6.937613 ], [ 107.609647, -6.937638 ], [ 107.611049, -6.93768 ], [ 107.612752, -6.937753 ], [ 107.614095, -6.937814 ], [ 107.616181, -6.937922 ], [ 107.617643, -6.938003 ], [ 107.617929, -6.938014 ], [ 107.6181, -6.938021 ], [ 107.619389, -6.93808 ], [ 107.619653, -6.938067 ], [ 107.620167, -6.938011 ], [ 107.620531, -6.937937 ], [ 107.62077, -6.937864 ], [ 107.621349, -6.937644 ], [ 107.6221, -6.937292 ], [ 107.622397, -6.937123 ] ] } },
{ "type": "Feature", "properties": { "Satwil": "Polda Bali", "country": "ID", "level": 1, "city": "Jembrana", "speedKMH": 28.93, "length": 1191, "turnType": "NONE", "uuid": 1302749200, "endNode": null, "speed": 8.0361111111111114, "roadType": 1, "delay": 72, "street": "Patih Jelantik", "id": 1302749200, "pubMillis": 1773742344068, "blockingAlertUuid": null, "startNode": null, "published_wib": "2026-03-17T17:12:24+07:00", "last_update": "2026-03-17T18:14:58+08:00" }, "geometry": { "type": "LineString", "coordinates": [ [ 114.644136, -8.357578 ], [ 114.644581, -8.356522 ], [ 114.644624, -8.355912 ], [ 114.644758, -8.355228 ], [ 114.644738, -8.354373 ], [ 114.644732, -8.354092 ], [ 114.644758, -8.353211 ], [ 114.644817, -8.352696 ], [ 114.64508, -8.351571 ], [ 114.645107, -8.350519 ], [ 114.644962, -8.350165 ], [ 114.644989, -8.349883 ], [ 114.645096, -8.349581 ], [ 114.645209, -8.349384 ], [ 114.645306, -8.348917 ], [ 114.645236, -8.348546 ], [ 114.644679, -8.347512 ], [ 114.644753, -8.347367 ], [ 114.644864, -8.347244 ], [ 114.644872, -8.347227 ] ] } },
{ "type": "Feature", "properties": { "Satwil": "Polresta Surakarta", "country": "ID", "level": 3, "city": "Surakarta", "speedKMH": 8.8, "length": 415, "turnType": "NONE", "uuid": 1302658494, "endNode": "Jalan Depok", "speed": 2.4444444444444446, "roadType": 2, "delay": 120, "street": "RM Said", "id": 1302658494, "pubMillis": 1773742343740, "blockingAlertUuid": null, "startNode": null, "published_wib": "2026-03-17T17:12:23+07:00", "last_update": "2026-03-17T17:14:58+07:00" }, "geometry": { "type": "LineString", "coordinates": [ [ 110.812869, -7.557131 ], [ 110.812231, -7.556609 ], [ 110.811268, -7.555833 ], [ 110.810793, -7.555452 ], [ 110.810218, -7.554991 ], [ 110.809922, -7.554793 ] ] } },
{ "type": "Feature", "properties": { "Satwil": "Polda Bali", "country": "ID", "level": 2, "city": "Denpasar", "speedKMH": 19.64, "length": 1358, "turnType": "NONE", "uuid": 1300976466, "endNode": "", "speed": 5.4555555555555557, "roadType": 7, "delay": 125, "street": "Teuku Umar", "id": 1300976466, "pubMillis": 1773741702973, "blockingAlertUuid": null, "startNode": null, "published_wib": "2026-03-17T17:01:42+07:00", "last_update": "2026-03-17T18:14:58+08:00" }, "geometry": { "type": "LineString", "coordinates": [ [ 115.215504, -8.669491 ], [ 115.213659, -8.669489 ], [ 115.213474, -8.669475 ], [ 115.213145, -8.669455 ], [ 115.21298, -8.669391 ], [ 115.21219, -8.669345 ], [ 115.211631, -8.669384 ], [ 115.211239, -8.669469 ], [ 115.211062, -8.669531 ], [ 115.210933, -8.669589 ], [ 115.210616, -8.669745 ], [ 115.210294, -8.669994 ], [ 115.210073, -8.670218 ], [ 115.209922, -8.670405 ], [ 115.209631, -8.670858 ], [ 115.209254, -8.671403 ], [ 115.208789, -8.672131 ], [ 115.208486, -8.672674 ], [ 115.208272, -8.673036 ], [ 115.208045, -8.673451 ], [ 115.207871, -8.673789 ], [ 115.207727, -8.674292 ], [ 115.207588, -8.674776 ], [ 115.207489, -8.675044 ], [ 115.20729, -8.675467 ], [ 115.207076, -8.675821 ], [ 115.207014, -8.676034 ] ] } },
{ "type": "Feature", "properties": { "Satwil": "Polresta Surakarta", "country": "ID", "level": 3, "city": "Surakarta", "speedKMH": 12.42, "length": 695, "turnType": "NONE", "uuid": 1298753982, "endNode": null, "speed": 3.45, "roadType": 7, "delay": 114, "street": "Ir Juanda Kartasanjaya", "id": 1298753982, "pubMillis": 1773740914636, "blockingAlertUuid": null, "startNode": null, "published_wib": "2026-03-17T16:48:34+07:00", "last_update": "2026-03-17T17:14:58+07:00" }, "geometry": { "type": "LineString", "coordinates": [ [ 110.846066, -7.570815 ], [ 110.846764, -7.570564 ], [ 110.847291, -7.570438 ], [ 110.847851, -7.570303 ], [ 110.848677, -7.570105 ], [ 110.849785, -7.569839 ], [ 110.85094, -7.569568 ], [ 110.852159, -7.569279 ] ] } },
{ "type": "Feature", "properties": { "Satwil": "Polrestabes Medan", "country": "ID", "level": 3, "city": "Medan", "speedKMH": 5.54, "length": 430, "turnType": "NONE", "uuid": 1301047666, "endNode": "Diponegoro", "speed": 1.538888888888889, "roadType": 1, "delay": 200, "street": "Cut Mutia", "id": 1301047666, "pubMillis": 1773741708795, "blockingAlertUuid": null, "startNode": null, "published_wib": "2026-03-17T17:01:48+07:00", "last_update": "2026-03-17T17:14:58+07:00" }, "geometry": { "type": "LineString", "coordinates": [ [ 98.676557, 3.580972 ], [ 98.675547, 3.580964 ], [ 98.67475, 3.581 ], [ 98.673676, 3.581058 ], [ 98.672684, 3.581097 ] ] } },
{ "type": "Feature", "properties": { "Satwil": "Polrestabes Bandung", "country": "ID", "level": 3, "city": "Bandung", "speedKMH": 4.51, "length": 512, "turnType": "NONE", "uuid": 1302226160, "endNode": "Cijerah", "speed": 1.2527777777777778, "roadType": 2, "delay": 305, "street": "Gempol Sari", "id": 1302226160, "pubMillis": 1773742183605, "blockingAlertUuid": null, "startNode": null, "published_wib": "2026-03-17T17:09:43+07:00", "last_update": "2026-03-17T17:14:58+07:00" }, "geometry": { "type": "LineString", "coordinates": [ [ 107.564078, -6.932881 ], [ 107.563738, -6.932587 ], [ 107.563097, -6.932303 ], [ 107.562755, -6.932187 ], [ 107.56203, -6.932045 ], [ 107.561831, -6.931994 ], [ 107.561355, -6.931779 ], [ 107.560783, -6.931556 ], [ 107.559802, -6.93121 ] ] } },
{ "type": "Feature", "properties": { "Satwil": "Polrestabes Bandung", "country": "ID", "level": 4, "city": "Bandung", "speedKMH": 3.24, "length": 322, "turnType": "NONE", "uuid": 1302226030, "endNode": "Ir Haji Juanda", "speed": 0.9, "roadType": 1, "delay": 314, "street": "Sultan Agung", "id": 1302226030, "pubMillis": 1773742181934, "blockingAlertUuid": null, "startNode": null, "published_wib": "2026-03-17T17:09:41+07:00", "last_update": "2026-03-17T17:14:58+07:00" }, "geometry": { "type": "LineString", "coordinates": [ [ 107.61291, -6.90395 ], [ 107.611941, -6.904762 ], [ 107.611677, -6.904968 ], [ 107.610651, -6.90579 ] ] } },
{ "type": "Feature", "properties": { "Satwil": "Polrestabes Bandung", "country": "ID", "level": 3, "city": "Bandung", "speedKMH": 12.0, "length": 603, "turnType": "NONE", "uuid": 1299998226, "endNode": "Kompleks Perumahan Dirjen Anggaran Margasari", "speed": 3.3333333333333335, "roadType": 2, "delay": 117, "street": "Margacinta", "id": 1299998226, "pubMillis": 1773741384132, "blockingAlertUuid": null, "startNode": null, "published_wib": "2026-03-17T16:56:24+07:00", "last_update": "2026-03-17T17:14:58+07:00" }, "geometry": { "type": "LineString", "coordinates": [ [ 107.659799, -6.959031 ], [ 107.659544, -6.958936 ], [ 107.6589, -6.958639 ], [ 107.657905, -6.958217 ], [ 107.657632, -6.958035 ], [ 107.65665, -6.957057 ], [ 107.655969, -6.956434 ], [ 107.655723, -6.956224 ], [ 107.655366, -6.955958 ] ] } },
{ "type": "Feature", "properties": { "Satwil": "Polda Bali", "country": "ID", "level": 3, "city": "Denpasar", "speedKMH": 16.41, "length": 1429, "turnType": "NONE", "uuid": 1295540504, "endNode": "", "speed": 4.5583333333333336, "roadType": 6, "delay": 201, "street": "Jalan Bypass Ngurah Rai", "id": 1295540504, "pubMillis": 1773739471723, "blockingAlertUuid": null, "startNode": null, "published_wib": "2026-03-17T16:24:31+07:00", "last_update": "2026-03-17T18:14:58+08:00" }, "geometry": { "type": "LineString", "coordinates": [ [ 115.258756, -8.695247 ], [ 115.258752, -8.695635 ], [ 115.258761, -8.696752 ], [ 115.258761, -8.696835 ], [ 115.258778, -8.698615 ], [ 115.25878, -8.699583 ], [ 115.258767, -8.700953 ], [ 115.258769, -8.701479 ], [ 115.258774, -8.702448 ], [ 115.258754, -8.702718 ], [ 115.258665, -8.703045 ], [ 115.258551, -8.703309 ], [ 115.258399, -8.703541 ], [ 115.258081, -8.703862 ], [ 115.257735, -8.704103 ], [ 115.25743, -8.704205 ], [ 115.257113, -8.704286 ], [ 115.256478, -8.704317 ], [ 115.254082, -8.704328 ] ] } },
{ "type": "Feature", "properties": { "Satwil": "Polrestabes Medan", "country": "ID", "level": 3, "city": "Medan", "speedKMH": 14.57, "length": 1362, "turnType": "NONE", "uuid": 1301471530, "endNode": "Darussalam", "speed": 4.0472222222222225, "roadType": 6, "delay": 215, "street": "Jenderal Gatot Subroto", "id": 1301471530, "pubMillis": 1773741864260, "blockingAlertUuid": null, "startNode": null, "published_wib": "2026-03-17T17:04:24+07:00", "last_update": "2026-03-17T17:14:58+07:00" }, "geometry": { "type": "LineString", "coordinates": [ [ 98.667489, 3.59292 ], [ 98.6666, 3.592614 ], [ 98.666101, 3.592424 ], [ 98.665224, 3.592089 ], [ 98.664129, 3.591694 ], [ 98.661745, 3.590834 ], [ 98.661474, 3.590654 ], [ 98.659237, 3.590088 ], [ 98.65828, 3.589956 ], [ 98.656206, 3.590049 ], [ 98.656106, 3.590052 ], [ 98.655711, 3.590067 ] ] } },
{ "type": "Feature", "properties": { "Satwil": "Polda DI Yogyakarta", "country": "ID", "level": 2, "city": "Jetis (Bantul)", "speedKMH": 4.25, "length": 269, "turnType": "NONE", "uuid": 1301766160, "endNode": "Sultan Agung", "speed": 1.1805555555555556, "roadType": 7, "delay": 137, "street": "Barongan Raya", "id": 1301766160, "pubMillis": 1773742031127, "blockingAlertUuid": null, "startNode": null, "published_wib": "2026-03-17T17:07:11+07:00", "last_update": "2026-03-17T17:14:58+07:00" }, "geometry": { "type": "LineString", "coordinates": [ [ 110.354473, -7.910233 ], [ 110.352075, -7.909784 ] ] } },
{ "type": "Feature", "properties": { "Satwil": "Polda Bali", "country": "ID", "level": 3, "city": "Denpasar", "speedKMH": 5.68, "length": 565, "turnType": "NONE", "uuid": 1296294838, "endNode": "Mahendradatta", "speed": 1.5777777777777777, "roadType": 7, "delay": 282, "street": "Jalan Gunung Soputan", "id": 1296294838, "pubMillis": 1773739789155, "blockingAlertUuid": null, "startNode": null, "published_wib": "2026-03-17T16:29:49+07:00", "last_update": "2026-03-17T18:14:58+08:00" }, "geometry": { "type": "LineString", "coordinates": [ [ 115.190998, -8.688938 ], [ 115.189921, -8.688621 ], [ 115.189408, -8.68848 ], [ 115.189107, -8.688397 ], [ 115.189004, -8.688322 ], [ 115.188814, -8.688132 ], [ 115.188696, -8.68806 ], [ 115.188436, -8.687996 ], [ 115.188138, -8.687931 ], [ 115.187557, -8.687698 ], [ 115.187233, -8.687555 ], [ 115.186918, -8.687366 ], [ 115.186778, -8.687283 ], [ 115.186555, -8.687151 ], [ 115.186314, -8.687005 ] ] } },
{ "type": "Feature", "properties": { "Satwil": "Polda DI Yogyakarta", "country": "ID", "level": 4, "city": "Berbah", "speedKMH": 4.72, "length": 187, "turnType": "NONE", "uuid": 1300462662, "endNode": "Jalan Raya Jogja-Wonosari", "speed": 1.3111111111111111, "roadType": 6, "delay": 121, "street": "Jalan Raya Jogja-Wonosari", "id": 1300462662, "pubMillis": 1773741546327, "blockingAlertUuid": null, "startNode": null, "published_wib": "2026-03-17T16:59:06+07:00", "last_update": "2026-03-17T17:14:58+07:00" }, "geometry": { "type": "LineString", "coordinates": [ [ 110.442483, -7.827842 ], [ 110.444168, -7.828015 ] ] } },
{ "type": "Feature", "properties": { "Satwil": "Polda Bali", "country": "ID", "level": 2, "city": "Denpasar", "speedKMH": 18.04, "length": 1282, "turnType": "NONE", "uuid": 1301479246, "endNode": "Jalan Pulau Buton", "speed": 5.0111111111111111, "roadType": 7, "delay": 128, "street": "Jalan Raya Sesetan", "id": 1301479246, "pubMillis": 1773741863875, "blockingAlertUuid": null, "startNode": null, "published_wib": "2026-03-17T17:04:23+07:00", "last_update": "2026-03-17T18:14:58+08:00" }, "geometry": { "type": "LineString", "coordinates": [ [ 115.217179, -8.68905 ], [ 115.216938, -8.688157 ], [ 115.216461, -8.686676 ], [ 115.216391, -8.686457 ], [ 115.216257, -8.68603 ], [ 115.216201, -8.685854 ], [ 115.216085, -8.685475 ], [ 115.215988, -8.685026 ], [ 115.215854, -8.68452 ], [ 115.215822, -8.684398 ], [ 115.215687, -8.683815 ], [ 115.215534, -8.683098 ], [ 115.215498, -8.682928 ], [ 115.215436, -8.682559 ], [ 115.215383, -8.682219 ], [ 115.215353, -8.682045 ], [ 115.21531, -8.68178 ], [ 115.215291, -8.681645 ], [ 115.215259, -8.681335 ], [ 115.215171, -8.680317 ], [ 115.215155, -8.680136 ], [ 115.215138, -8.67994 ], [ 115.215142, -8.679436 ], [ 115.215198, -8.67859 ], [ 115.215211, -8.678327 ], [ 115.215234, -8.677921 ], [ 115.215246, -8.677707 ] ] } },
{ "type": "Feature", "properties": { "Satwil": "Polda DI Yogyakarta", "country": "ID", "level": 4, "city": "Depok (Sleman)", "speedKMH": 8.37, "length": 1109, "turnType": "NONE", "uuid": 1301936020, "endNode": "", "speed": 2.325, "roadType": 6, "delay": 407, "street": "Padjajaran", "id": 1301936020, "pubMillis": 1773742025169, "blockingAlertUuid": null, "startNode": null, "published_wib": "2026-03-17T17:07:05+07:00", "last_update": "2026-03-17T17:14:58+07:00" }, "geometry": { "type": "LineString", "coordinates": [ [ 110.385746, -7.75721 ], [ 110.38761, -7.759043 ], [ 110.387869, -7.759257 ], [ 110.388025, -7.759369 ], [ 110.388312, -7.759506 ], [ 110.388574, -7.759599 ], [ 110.38892, -7.759673 ], [ 110.389441, -7.759765 ], [ 110.389719, -7.759792 ], [ 110.390026, -7.759789 ], [ 110.390331, -7.759735 ], [ 110.394727, -7.75862 ] ] } },
{ "type": "Feature", "properties": { "Satwil": "Polrestabes Bandung", "country": "ID", "level": 2, "city": "Bandung", "speedKMH": 14.33, "length": 820, "turnType": "NONE", "uuid": 1293800254, "endNode": "Panjunan", "speed": 3.9805555555555556, "roadType": 2, "delay": 123, "street": "KH Wahid Hasyim", "id": 1293800254, "pubMillis": 1773738619285, "blockingAlertUuid": null, "startNode": null, "published_wib": "2026-03-17T16:10:19+07:00", "last_update": "2026-03-17T17:14:58+07:00" }, "geometry": { "type": "LineString", "coordinates": [ [ 107.595058, -6.93694 ], [ 107.595203, -6.936725 ], [ 107.595243, -6.936666 ], [ 107.595534, -6.936085 ], [ 107.595694, -6.935548 ], [ 107.595864, -6.934978 ], [ 107.595934, -6.934725 ], [ 107.596028, -6.934421 ], [ 107.596298, -6.933471 ], [ 107.596578, -6.932479 ], [ 107.597328, -6.929906 ] ] } },
{ "type": "Feature", "properties": { "Satwil": "Polrestabes Bandung", "country": "ID", "level": 2, "city": "Bandung", "speedKMH": 15.36, "length": 1206, "turnType": "NONE", "uuid": 1295176342, "endNode": "Universitas Pendidikan Indonesia (UPI)", "speed": 4.2666666666666666, "roadType": 7, "delay": 154, "street": "Dr Setiabudi", "id": 1295176342, "pubMillis": 1773739303427, "blockingAlertUuid": null, "startNode": null, "published_wib": "2026-03-17T16:21:43+07:00", "last_update": "2026-03-17T17:14:58+07:00" }, "geometry": { "type": "LineString", "coordinates": [ [ 107.595838, -6.87407 ], [ 107.595525, -6.873628 ], [ 107.595126, -6.873111 ], [ 107.594367, -6.872174 ], [ 107.594249, -6.872009 ], [ 107.594086, -6.871782 ], [ 107.59396, -6.871616 ], [ 107.593855, -6.871414 ], [ 107.593813, -6.871294 ], [ 107.593657, -6.870803 ], [ 107.593526, -6.870391 ], [ 107.593517, -6.870123 ], [ 107.59352, -6.869966 ], [ 107.5936, -6.869056 ], [ 107.593642, -6.86873 ], [ 107.5939, -6.866691 ], [ 107.593922, -6.866493 ], [ 107.593983, -6.865957 ], [ 107.594056, -6.865465 ], [ 107.594106, -6.865097 ], [ 107.594149, -6.864839 ], [ 107.594185, -6.864626 ], [ 107.594286, -6.86418 ], [ 107.594357, -6.863945 ] ] } },
{ "type": "Feature", "properties": { "Satwil": "Polrestabes Bandung", "country": "ID", "level": 5, "city": "Bandung", "speedKMH": 0.0, "length": 435, "turnType": "NONE", "uuid": 28516532, "endNode": "Tol Padaleunyi", "speed": 0.0, "roadType": 4, "delay": -1, "street": "Gerbang Tol KM 151", "id": 28516532, "pubMillis": 1773195284142, "blockingAlertUuid": "a5724aec-f2b5-4357-986a-8dfb39c49d60", "startNode": null, "published_wib": "2026-03-11T09:14:44+07:00", "last_update": "2026-03-17T17:14:58+07:00" }, "geometry": { "type": "LineString", "coordinates": [ [ 107.710971, -6.963905 ], [ 107.71055, -6.964153 ], [ 107.709993, -6.964387 ], [ 107.709779, -6.964484 ], [ 107.709677, -6.964548 ], [ 107.709646, -6.964606 ], [ 107.70966, -6.964657 ], [ 107.709715, -6.964704 ], [ 107.709897, -6.964662 ], [ 107.711478, -6.963871 ], [ 107.711809, -6.963785 ] ] } },
{ "type": "Feature", "properties": { "Satwil": "Polda DI Yogyakarta", "country": "ID", "level": 3, "city": "Yogyakarta", "speedKMH": 11.66, "length": 1416, "turnType": "NONE", "uuid": 1301507122, "endNode": "Kapten Pierre Tendean", "speed": 3.2388888888888889, "roadType": 7, "delay": 252, "street": "HOS Cokroaminoto", "id": 1301507122, "pubMillis": 1773741863985, "blockingAlertUuid": null, "startNode": null, "published_wib": "2026-03-17T17:04:23+07:00", "last_update": "2026-03-17T17:14:58+07:00" }, "geometry": { "type": "LineString", "coordinates": [ [ 110.353791, -7.787716 ], [ 110.353896, -7.787878 ], [ 110.353968, -7.788107 ], [ 110.353982, -7.788437 ], [ 110.353928, -7.78981 ], [ 110.353901, -7.790182 ], [ 110.353788, -7.790979 ], [ 110.353678, -7.791581 ], [ 110.353483, -7.792651 ], [ 110.353226, -7.794032 ], [ 110.353194, -7.794193 ], [ 110.353067, -7.794847 ], [ 110.352991, -7.795243 ], [ 110.352914, -7.795627 ], [ 110.3528, -7.796198 ], [ 110.352638, -7.796968 ], [ 110.352556, -7.797371 ], [ 110.352469, -7.797781 ], [ 110.352329, -7.798463 ], [ 110.352207, -7.799049 ], [ 110.35215, -7.79932 ], [ 110.351947, -7.8003 ] ] } },
{ "type": "Feature", "properties": { "Satwil": "Polrestabes Bandung", "country": "ID", "level": 3, "city": "Bandung", "speedKMH": 10.91, "length": 911, "turnType": "NONE", "uuid": 1296821804, "endNode": "Kopo", "speed": 3.0305555555555554, "roadType": 7, "delay": 218, "street": "Kopo", "id": 1296821804, "pubMillis": 1773740108429, "blockingAlertUuid": null, "startNode": null, "published_wib": "2026-03-17T16:35:08+07:00", "last_update": "2026-03-17T17:14:58+07:00" }, "geometry": { "type": "LineString", "coordinates": [ [ 107.584471, -6.953516 ], [ 107.583463, -6.955076 ], [ 107.582729, -6.956182 ], [ 107.582569, -6.95645 ], [ 107.582194, -6.956994 ], [ 107.581578, -6.957851 ], [ 107.581535, -6.957846 ], [ 107.5815, -6.957893 ], [ 107.580984, -6.958675 ], [ 107.580432, -6.959373 ], [ 107.580015, -6.960009 ], [ 107.579888, -6.960184 ], [ 107.579817, -6.960281 ] ] } },
{ "type": "Feature", "properties": { "Satwil": "Polrestabes Bandung", "country": "ID", "level": 3, "city": "Bandung", "speedKMH": 8.61, "length": 292, "turnType": "NONE", "uuid": 1302654588, "endNode": "", "speed": 2.3916666666666666, "roadType": 2, "delay": 88, "street": "LLRE Martadinata", "id": 1302654588, "pubMillis": 1773742345890, "blockingAlertUuid": null, "startNode": null, "published_wib": "2026-03-17T17:12:25+07:00", "last_update": "2026-03-17T17:14:58+07:00" }, "geometry": { "type": "LineString", "coordinates": [ [ 107.607714, -6.906094 ], [ 107.607777, -6.906251 ], [ 107.607862, -6.906404 ], [ 107.607948, -6.906488 ], [ 107.60804, -6.906556 ], [ 107.608355, -6.906648 ], [ 107.609333, -6.906831 ], [ 107.610076, -6.906882 ] ] } },
{ "type": "Feature", "properties": { "Satwil": "Polrestabes Bandung", "country": "ID", "level": 1, "city": "Bandung", "speedKMH": 11.27, "length": 512, "turnType": "NONE", "uuid": 1301801408, "endNode": "Cijerah Raya", "speed": 3.1305555555555555, "roadType": 2, "delay": 61, "street": "Gempol Sari", "id": 1301801408, "pubMillis": 1773742022244, "blockingAlertUuid": null, "startNode": null, "published_wib": "2026-03-17T17:07:02+07:00", "last_update": "2026-03-17T17:14:58+07:00" }, "geometry": { "type": "LineString", "coordinates": [ [ 107.559802, -6.93121 ], [ 107.560783, -6.931556 ], [ 107.561355, -6.931779 ], [ 107.561831, -6.931994 ], [ 107.56203, -6.932045 ], [ 107.562755, -6.932187 ], [ 107.563097, -6.932303 ], [ 107.563738, -6.932587 ], [ 107.564078, -6.932881 ] ] } },
{ "type": "Feature", "properties": { "Satwil": "Polrestabes Bandung", "country": "ID", "level": 2, "city": "Bandung", "speedKMH": 23.77, "length": 1054, "turnType": "NONE", "uuid": 1301538888, "endNode": "", "speed": 6.6027777777777779, "roadType": 7, "delay": 69, "street": "Terusan Buah Batu", "id": 1301538888, "pubMillis": 1773741866442, "blockingAlertUuid": null, "startNode": null, "published_wib": "2026-03-17T17:04:26+07:00", "last_update": "2026-03-17T17:14:58+07:00" }, "geometry": { "type": "LineString", "coordinates": [ [ 107.634801, -6.949335 ], [ 107.635114, -6.949652 ], [ 107.635308, -6.949846 ], [ 107.635626, -6.950162 ], [ 107.637496, -6.952023 ], [ 107.63781, -6.952381 ], [ 107.637974, -6.952569 ], [ 107.638046, -6.952651 ], [ 107.638282, -6.952885 ], [ 107.638575, -6.953218 ], [ 107.638731, -6.953527 ], [ 107.638841, -6.953751 ], [ 107.639058, -6.954265 ], [ 107.639119, -6.95442 ], [ 107.639159, -6.954563 ], [ 107.639273, -6.955647 ], [ 107.639497, -6.956819 ], [ 107.63952, -6.956932 ], [ 107.639567, -6.957173 ] ] } },
{ "type": "Feature", "properties": { "Satwil": "Polrestabes Bandung", "country": "ID", "level": 1, "city": "Bandung", "speedKMH": 24.78, "length": 2277, "turnType": "NONE", "uuid": 1302292596, "endNode": "", "speed": 6.8833333333333337, "roadType": 7, "delay": 145, "street": "Soekarno-Hatta (Jalur Lambat)", "id": 1302292596, "pubMillis": 1773742180390, "blockingAlertUuid": null, "startNode": null, "published_wib": "2026-03-17T17:09:40+07:00", "last_update": "2026-03-17T17:14:58+07:00" }, "geometry": { "type": "LineString", "coordinates": [ [ 107.677354, -6.938243 ], [ 107.675702, -6.938352 ], [ 107.674437, -6.938455 ], [ 107.674082, -6.938475 ], [ 107.6728, -6.938568 ], [ 107.67213, -6.938623 ], [ 107.671347, -6.938668 ], [ 107.671137, -6.938683 ], [ 107.67105, -6.93869 ], [ 107.670281, -6.938737 ], [ 107.669811, -6.938779 ], [ 107.669623, -6.93879 ], [ 107.66915, -6.938821 ], [ 107.668407, -6.938876 ], [ 107.667688, -6.938929 ], [ 107.66705, -6.938961 ], [ 107.666996, -6.938965 ], [ 107.666193, -6.939031 ], [ 107.664318, -6.939184 ], [ 107.663886, -6.939205 ], [ 107.662939, -6.939271 ], [ 107.662649, -6.939302 ], [ 107.662487, -6.939332 ], [ 107.660814, -6.939637 ], [ 107.660594, -6.939677 ], [ 107.659451, -6.939979 ], [ 107.658231, -6.94034 ], [ 107.657406, -6.940611 ], [ 107.656978, -6.940737 ] ] } },
{ "type": "Feature", "properties": { "Satwil": "Polrestabes Bandung", "country": "ID", "level": 2, "city": "Bandung", "speedKMH": 17.4, "length": 770, "turnType": "NONE", "uuid": 1302391480, "endNode": "Pasir Koja", "speed": 4.833333333333333, "roadType": 2, "delay": 69, "street": "Astana Anyar", "id": 1302391480, "pubMillis": 1773742181036, "blockingAlertUuid": null, "startNode": null, "published_wib": "2026-03-17T17:09:41+07:00", "last_update": "2026-03-17T17:14:58+07:00" }, "geometry": { "type": "LineString", "coordinates": [ [ 107.598343, -6.920117 ], [ 107.598402, -6.920875 ], [ 107.59845, -6.92144 ], [ 107.598568, -6.922553 ], [ 107.598574, -6.9226 ], [ 107.598664, -6.923262 ], [ 107.598723, -6.923517 ], [ 107.598919, -6.924188 ], [ 107.599271, -6.925168 ], [ 107.599488, -6.92582 ], [ 107.5999, -6.926858 ] ] } },
{ "type": "Feature", "properties": { "Satwil": "Polda Bali", "country": "ID", "level": 3, "city": "Denpasar", "speedKMH": 8.02, "length": 283, "turnType": "NONE", "uuid": 1301734478, "endNode": "Tukad Yeh Aya", "speed": 2.2277777777777779, "roadType": 2, "delay": 86, "street": "Pemuda", "id": 1301734478, "pubMillis": 1773742025128, "blockingAlertUuid": null, "startNode": null, "published_wib": "2026-03-17T17:07:05+07:00", "last_update": "2026-03-17T18:14:58+08:00" }, "geometry": { "type": "LineString", "coordinates": [ [ 115.23834, -8.674645 ], [ 115.238337, -8.675187 ], [ 115.238345, -8.675715 ], [ 115.238345, -8.676248 ], [ 115.238345, -8.676754 ], [ 115.238338, -8.677206 ] ] } },
{ "type": "Feature", "properties": { "Satwil": "Polrestabes Bandung", "country": "ID", "level": 2, "city": "Bandung", "speedKMH": 20.6, "length": 1118, "turnType": "NONE", "uuid": 1302914882, "endNode": "", "speed": 5.7222222222222223, "roadType": 7, "delay": 92, "street": "BKR", "id": 1302914882, "pubMillis": 1773742343722, "blockingAlertUuid": null, "startNode": null, "published_wib": "2026-03-17T17:12:23+07:00", "last_update": "2026-03-17T17:14:58+07:00" }, "geometry": { "type": "LineString", "coordinates": [ [ 107.616783, -6.938087 ], [ 107.616641, -6.93808 ], [ 107.616248, -6.938046 ], [ 107.61606, -6.938049 ], [ 107.612767, -6.937884 ], [ 107.61044, -6.937774 ], [ 107.609237, -6.937716 ], [ 107.608942, -6.937712 ], [ 107.606679, -6.937626 ] ] } },
{ "type": "Feature", "properties": { "Satwil": "Polrestabes Bandung", "country": "ID", "level": 4, "city": "Bandung", "speedKMH": 3.83, "length": 628, "turnType": "NONE", "uuid": 1299146324, "endNode": "Jalan Raya Sapan", "speed": 1.0638888888888889, "roadType": 2, "delay": 499, "street": "Derwati", "id": 1299146324, "pubMillis": 1773741070874, "blockingAlertUuid": null, "startNode": null, "published_wib": "2026-03-17T16:51:10+07:00", "last_update": "2026-03-17T17:14:58+07:00" }, "geometry": { "type": "LineString", "coordinates": [ [ 107.681225, -6.964499 ], [ 107.684099, -6.964948 ], [ 107.686813, -6.965536 ] ] } },
{ "type": "Feature", "properties": { "Satwil": "Polresta Surakarta", "country": "ID", "level": 3, "city": "Surakarta", "speedKMH": 8.06, "length": 468, "turnType": "NONE", "uuid": 1301110944, "endNode": "Semeru 4", "speed": 2.2388888888888889, "roadType": 7, "delay": 141, "street": "Tentara Pelajar", "id": 1301110944, "pubMillis": 1773741706980, "blockingAlertUuid": null, "startNode": null, "published_wib": "2026-03-17T17:01:46+07:00", "last_update": "2026-03-17T17:14:58+07:00" }, "geometry": { "type": "LineString", "coordinates": [ [ 110.841528, -7.554842 ], [ 110.839263, -7.554682 ], [ 110.839044, -7.554678 ], [ 110.838579, -7.554748 ], [ 110.837438, -7.555055 ], [ 110.837338, -7.555068 ] ] } },
{ "type": "Feature", "properties": { "Satwil": "Polrestabes Bandung", "country": "ID", "level": 3, "city": "Bandung", "speedKMH": 4.58, "length": 377, "turnType": "NONE", "uuid": 1299602102, "endNode": "Tol Pasir Koja", "speed": 1.2722222222222221, "roadType": 3, "delay": 236, "street": "Gerbang Tol Pasir Koja", "id": 1299602102, "pubMillis": 1773741233145, "blockingAlertUuid": null, "startNode": null, "published_wib": "2026-03-17T16:53:53+07:00", "last_update": "2026-03-17T17:14:58+07:00" }, "geometry": { "type": "LineString", "coordinates": [ [ 107.572222, -6.931768 ], [ 107.572256, -6.931645 ], [ 107.572214, -6.931587 ], [ 107.572149, -6.93156 ], [ 107.571932, -6.931545 ], [ 107.57107, -6.931627 ], [ 107.570619, -6.931661 ], [ 107.56998, -6.931613 ], [ 107.569337, -6.931543 ], [ 107.569027, -6.93155 ] ] } },
{ "type": "Feature", "properties": { "Satwil": "Polrestabes Bandung", "country": "ID", "level": 5, "city": "Bandung", "speedKMH": 0.0, "length": 12, "turnType": "NONE", "uuid": 1254319122, "endNode": "Pendamping SOR GBLA", "speed": 0.0, "roadType": 4, "delay": -1, "street": "Arah Stadion GBLA/Sumarecon/Stasiun Tegalluar", "id": 1254319122, "pubMillis": 1773713675867, "blockingAlertUuid": "396331a2-0e16-480a-bfd1-3da8ea18e414", "startNode": null, "published_wib": "2026-03-17T09:14:35+07:00", "last_update": "2026-03-17T17:14:58+07:00" }, "geometry": { "type": "LineString", "coordinates": [ [ 107.692456, -6.969217 ], [ 107.692497, -6.969113 ] ] } },
{ "type": "Feature", "properties": { "Satwil": "Polrestabes Medan", "country": "ID", "level": 4, "city": "Medan", "speedKMH": 8.34, "length": 829, "turnType": "NONE", "uuid": 1302658452, "endNode": "Gaperta Ujung", "speed": 2.3166666666666669, "roadType": 6, "delay": 287, "street": "N1 Asrama", "id": 1302658452, "pubMillis": 1773742342989, "blockingAlertUuid": null, "startNode": null, "published_wib": "2026-03-17T17:12:22+07:00", "last_update": "2026-03-17T17:14:58+07:00" }, "geometry": { "type": "LineString", "coordinates": [ [ 98.627316, 3.595906 ], [ 98.627417, 3.598385 ], [ 98.627514, 3.599376 ], [ 98.62756, 3.599845 ], [ 98.627627, 3.600338 ], [ 98.627668, 3.600628 ], [ 98.627716, 3.600965 ], [ 98.627933, 3.602527 ], [ 98.627947, 3.603367 ] ] } },
{ "type": "Feature", "properties": { "Satwil": "Polrestabes Bandung", "country": "ID", "level": 3, "city": "Bandung", "speedKMH": 9.98, "length": 2237, "turnType": "NONE", "uuid": 1298103380, "endNode": "Soekarno-Hatta", "speed": 2.7722222222222221, "roadType": 7, "delay": 566, "street": "Jenderal Ibrahim Adjie", "id": 1298103380, "pubMillis": 1773740590747, "blockingAlertUuid": null, "startNode": null, "published_wib": "2026-03-17T16:43:10+07:00", "last_update": "2026-03-17T17:14:58+07:00" }, "geometry": { "type": "LineString", "coordinates": [ [ 107.644502, -6.924508 ], [ 107.644563, -6.926499 ], [ 107.644581, -6.926886 ], [ 107.644584, -6.927021 ], [ 107.644434, -6.927416 ], [ 107.644413, -6.927502 ], [ 107.644379, -6.928426 ], [ 107.644351, -6.928593 ], [ 107.644312, -6.928766 ], [ 107.644149, -6.929192 ], [ 107.644095, -6.929383 ], [ 107.644074, -6.929511 ], [ 107.644011, -6.929661 ], [ 107.644007, -6.929671 ], [ 107.643992, -6.929704 ], [ 107.64397, -6.930052 ], [ 107.644004, -6.930168 ], [ 107.643963, -6.930729 ], [ 107.64395, -6.930827 ], [ 107.643919, -6.930907 ], [ 107.643873, -6.930988 ], [ 107.643204, -6.931817 ], [ 107.642681, -6.934602 ], [ 107.642647, -6.934796 ], [ 107.642611, -6.935268 ], [ 107.642552, -6.936166 ], [ 107.642512, -6.936719 ], [ 107.642448, -6.937604 ], [ 107.642404, -6.938461 ], [ 107.642349, -6.939236 ], [ 107.642306, -6.940069 ], [ 107.642172, -6.942012 ], [ 107.642123, -6.942848 ], [ 107.642105, -6.943064 ], [ 107.642032, -6.943959 ], [ 107.641997, -6.944303 ] ] } },
{ "type": "Feature", "properties": { "Satwil": "Polrestabes Bandung", "country": "ID", "level": 3, "city": "Bandung", "speedKMH": 12.44, "length": 515, "turnType": "NONE", "uuid": 1301970890, "endNode": "Kembang Sepatu", "speed": 3.4555555555555557, "roadType": 7, "delay": 92, "street": "Jenderal Ahmad Yani", "id": 1301970890, "pubMillis": 1773742022366, "blockingAlertUuid": null, "startNode": null, "published_wib": "2026-03-17T17:07:02+07:00", "last_update": "2026-03-17T17:14:58+07:00" }, "geometry": { "type": "LineString", "coordinates": [ [ 107.629021, -6.91631 ], [ 107.628411, -6.916611 ], [ 107.628117, -6.916777 ], [ 107.627324, -6.917182 ], [ 107.627212, -6.917281 ], [ 107.627107, -6.917337 ], [ 107.626659, -6.917576 ], [ 107.626591, -6.917612 ], [ 107.626357, -6.917735 ], [ 107.624893, -6.918488 ] ] } },
{ "type": "Feature", "properties": { "Satwil": "Polda Bali", "country": "ID", "level": 1, "city": "Melaya", "speedKMH": 24.36, "length": 1301, "turnType": "NONE", "uuid": 1296465856, "endNode": "Sumbersari", "speed": 6.7666666666666666, "roadType": 6, "delay": 75, "street": "Jalan Raya Gilimanuk-Negara", "id": 1296465856, "pubMillis": 1773739947798, "blockingAlertUuid": null, "startNode": null, "published_wib": "2026-03-17T16:32:27+07:00", "last_update": "2026-03-17T18:14:58+08:00" }, "geometry": { "type": "LineString", "coordinates": [ [ 114.464812, -8.238153 ], [ 114.467299, -8.238718 ], [ 114.467951, -8.238932 ], [ 114.468252, -8.239091 ], [ 114.468413, -8.239274 ], [ 114.470204, -8.241918 ], [ 114.470655, -8.242392 ], [ 114.471438, -8.242948 ], [ 114.472162, -8.243608 ], [ 114.473043, -8.244718 ], [ 114.473524, -8.245305 ] ] } },
{ "type": "Feature", "properties": { "Satwil": "Polda Bali", "country": "ID", "level": 3, "city": "Kuta", "speedKMH": 7.01, "length": 283, "turnType": "NONE", "uuid": 1301730558, "endNode": null, "speed": 1.9472222222222222, "roadType": 1, "delay": 109, "street": "Abimanyu", "id": 1301730558, "pubMillis": 1773742032305, "blockingAlertUuid": null, "startNode": null, "published_wib": "2026-03-17T17:07:12+07:00", "last_update": "2026-03-17T18:14:58+08:00" }, "geometry": { "type": "LineString", "coordinates": [ [ 115.161307, -8.692373 ], [ 115.158778, -8.692826 ] ] } },
{ "type": "Feature", "properties": { "Satwil": "Polda Bali", "country": "ID", "level": 2, "city": "Abiansemal", "speedKMH": 19.33, "length": 868, "turnType": "NONE", "uuid": 1302363988, "endNode": "Jalan Raya Sibang Kaja", "speed": 5.3694444444444445, "roadType": 2, "delay": 67, "street": "Jalan Raya Sibanggede", "id": 1302363988, "pubMillis": 1773742182349, "blockingAlertUuid": null, "startNode": null, "published_wib": "2026-03-17T17:09:42+07:00", "last_update": "2026-03-17T18:14:58+08:00" }, "geometry": { "type": "LineString", "coordinates": [ [ 115.216898, -8.580269 ], [ 115.217251, -8.578846 ], [ 115.217779, -8.576798 ], [ 115.218002, -8.57591 ], [ 115.218259, -8.574882 ], [ 115.218341, -8.574529 ], [ 115.218661, -8.573114 ], [ 115.218764, -8.572641 ] ] } },
{ "type": "Feature", "properties": { "Satwil": "Polrestabes Bandung", "country": "ID", "level": 3, "city": "Bandung", "speedKMH": 11.6, "length": 1590, "turnType": "NONE", "uuid": 1301773988, "endNode": "Leumah Neundeut", "speed": 3.2222222222222223, "roadType": 2, "delay": 323, "street": "Prof Dr Surya Sumantri", "id": 1301773988, "pubMillis": 1773742030939, "blockingAlertUuid": null, "startNode": null, "published_wib": "2026-03-17T17:07:10+07:00", "last_update": "2026-03-17T17:14:58+07:00" }, "geometry": { "type": "LineString", "coordinates": [ [ 107.581362, -6.887708 ], [ 107.581451, -6.888973 ], [ 107.581478, -6.889252 ], [ 107.581523, -6.889875 ], [ 107.581549, -6.890175 ], [ 107.581413, -6.891353 ], [ 107.581376, -6.891539 ], [ 107.581211, -6.891987 ], [ 107.581152, -6.892096 ], [ 107.581093, -6.892176 ], [ 107.581104, -6.892068 ], [ 107.581136, -6.891975 ], [ 107.581211, -6.891787 ], [ 107.581239, -6.891672 ], [ 107.581345, -6.891352 ], [ 107.581416, -6.890723 ], [ 107.58146, -6.890161 ], [ 107.581461, -6.88992 ], [ 107.581401, -6.889297 ], [ 107.581331, -6.888654 ], [ 107.581298, -6.887958 ], [ 107.581294, -6.887444 ], [ 107.581354, -6.885117 ], [ 107.58142, -6.882844 ], [ 107.581394, -6.882514 ], [ 107.581319, -6.882446 ] ] } },
{ "type": "Feature", "properties": { "Satwil": "Polda Bali", "country": "ID", "level": 4, "city": "Kuta", "speedKMH": 6.06, "length": 404, "turnType": "NONE", "uuid": 1296825880, "endNode": "Kunti 1", "speed": 1.6833333333333333, "roadType": 6, "delay": 188, "street": "Sunset Road", "id": 1296825880, "pubMillis": 1773740109753, "blockingAlertUuid": null, "startNode": null, "published_wib": "2026-03-17T16:35:09+07:00", "last_update": "2026-03-17T18:14:58+08:00" }, "geometry": { "type": "LineString", "coordinates": [ [ 115.173841, -8.692334 ], [ 115.173373, -8.691496 ], [ 115.172805, -8.690478 ], [ 115.172051, -8.689151 ] ] } },
{ "type": "Feature", "properties": { "Satwil": "Polrestabes Bandung", "country": "ID", "level": 2, "city": "Bandung", "speedKMH": 10.55, "length": 661, "turnType": "NONE", "uuid": 1301511686, "endNode": "Sarirasa", "speed": 2.9305555555555554, "roadType": 2, "delay": 134, "street": "Perintis", "id": 1301511686, "pubMillis": 1773741870875, "blockingAlertUuid": null, "startNode": null, "published_wib": "2026-03-17T17:04:30+07:00", "last_update": "2026-03-17T17:14:58+07:00" }, "geometry": { "type": "LineString", "coordinates": [ [ 107.572931, -6.882467 ], [ 107.574708, -6.881962 ], [ 107.576288, -6.881454 ], [ 107.578669, -6.880753 ] ] } },
{ "type": "Feature", "properties": { "Satwil": "Polrestabes Bandung", "country": "ID", "level": 3, "city": "Bandung", "speedKMH": 9.65, "length": 377, "turnType": "NONE", "uuid": 1302658674, "endNode": "Dr Setiabudi", "speed": 2.6805555555555554, "roadType": 2, "delay": 99, "street": "Gegerkalong Hilir", "id": 1302658674, "pubMillis": 1773742346769, "blockingAlertUuid": null, "startNode": null, "published_wib": "2026-03-17T17:12:26+07:00", "last_update": "2026-03-17T17:14:58+07:00" }, "geometry": { "type": "LineString", "coordinates": [ [ 107.589773, -6.869824 ], [ 107.590085, -6.869882 ], [ 107.590609, -6.869928 ], [ 107.591242, -6.869971 ], [ 107.591584, -6.870028 ], [ 107.593138, -6.870371 ] ] } },
{ "type": "Feature", "properties": { "Satwil": "Polda DI Yogyakarta", "country": "ID", "level": 3, "city": "Yogyakarta", "speedKMH": 8.15, "length": 291, "turnType": "NONE", "uuid": 1300461886, "endNode": "Suroto", "speed": 2.2638888888888888, "roadType": 7, "delay": 82, "street": "Jenderal Sudirman", "id": 1300461886, "pubMillis": 1773741543419, "blockingAlertUuid": null, "startNode": null, "published_wib": "2026-03-17T16:59:03+07:00", "last_update": "2026-03-17T17:14:58+07:00" }, "geometry": { "type": "LineString", "coordinates": [ [ 110.372369, -7.782964 ], [ 110.372933, -7.782966 ], [ 110.374914, -7.78299 ], [ 110.375007, -7.782994 ] ] } },
{ "type": "Feature", "properties": { "Satwil": "Polresta Surakarta", "country": "ID", "level": 2, "city": "Surakarta", "speedKMH": 19.12, "length": 1562, "turnType": "NONE", "uuid": 1300461926, "endNode": "Ki Mangun Sarkoro", "speed": 5.3111111111111109, "roadType": 7, "delay": 158, "street": "Adi Sumarmo", "id": 1300461926, "pubMillis": 1773741543481, "blockingAlertUuid": null, "startNode": null, "published_wib": "2026-03-17T16:59:03+07:00", "last_update": "2026-03-17T17:14:58+07:00" }, "geometry": { "type": "LineString", "coordinates": [ [ 110.799861, -7.536238 ], [ 110.800963, -7.536477 ], [ 110.801263, -7.536581 ], [ 110.802587, -7.537065 ], [ 110.803062, -7.537316 ], [ 110.803236, -7.537436 ], [ 110.803434, -7.537592 ], [ 110.804129, -7.538256 ], [ 110.80422, -7.538335 ], [ 110.804419, -7.538508 ], [ 110.804683, -7.538732 ], [ 110.804869, -7.5389 ], [ 110.804943, -7.538963 ], [ 110.805301, -7.539289 ], [ 110.805414, -7.539386 ], [ 110.805535, -7.539491 ], [ 110.806118, -7.539938 ], [ 110.806488, -7.540195 ], [ 110.806676, -7.540326 ], [ 110.806835, -7.540436 ], [ 110.807143, -7.540639 ], [ 110.807449, -7.540846 ], [ 110.807713, -7.541017 ], [ 110.807803, -7.541075 ], [ 110.807948, -7.541168 ], [ 110.808179, -7.54131 ], [ 110.808575, -7.541543 ], [ 110.808952, -7.541768 ], [ 110.809329, -7.541999 ], [ 110.81006, -7.542462 ], [ 110.810368, -7.542683 ], [ 110.810492, -7.54281 ], [ 110.810652, -7.542964 ], [ 110.810724, -7.543063 ], [ 110.81084, -7.543284 ], [ 110.81102, -7.543694 ], [ 110.811156, -7.543867 ], [ 110.811256, -7.544052 ] ] } },
{ "type": "Feature", "properties": { "Satwil": "Polrestabes Bandung", "country": "ID", "level": 4, "city": "Bandung", "speedKMH": 1.96, "length": 245, "turnType": "NONE", "uuid": 1294006376, "endNode": "Akses Tol Pasteur", "speed": 0.5444444444444444, "roadType": 3, "delay": 432, "street": "Tol Pasteur", "id": 1294006376, "pubMillis": 1773738787860, "blockingAlertUuid": null, "startNode": null, "published_wib": "2026-03-17T16:13:07+07:00", "last_update": "2026-03-17T17:14:58+07:00" }, "geometry": { "type": "LineString", "coordinates": [ [ 107.575724, -6.890685 ], [ 107.576531, -6.890793 ], [ 107.577912, -6.891056 ] ] } },
{ "type": "Feature", "properties": { "Satwil": "Polrestabes Bandung", "country": "ID", "level": 2, "city": "Bandung", "speedKMH": 13.63, "length": 1203, "turnType": "NONE", "uuid": 1274903962, "endNode": "Jenderal Sudirman", "speed": 3.786111111111111, "roadType": 7, "delay": 171, "street": "Asia Afrika", "id": 1274903962, "pubMillis": 1773731942315, "blockingAlertUuid": null, "startNode": null, "published_wib": "2026-03-17T14:19:02+07:00", "last_update": "2026-03-17T17:14:58+07:00" }, "geometry": { "type": "LineString", "coordinates": [ [ 107.614906, -6.9221 ], [ 107.613864, -6.921977 ], [ 107.613729, -6.921959 ], [ 107.612018, -6.921755 ], [ 107.609957, -6.921493 ], [ 107.609834, -6.921477 ], [ 107.608784, -6.921363 ], [ 107.608049, -6.921283 ], [ 107.607784, -6.921249 ], [ 107.607547, -6.92122 ], [ 107.606469, -6.921071 ], [ 107.60519, -6.920915 ], [ 107.605088, -6.920902 ], [ 107.604104, -6.920788 ] ] } },
{ "type": "Feature", "properties": { "Satwil": "Polda DI Yogyakarta", "country": "ID", "level": 2, "city": "Sewon", "speedKMH": 23.5, "length": 835, "turnType": "NONE", "uuid": 1302788978, "endNode": null, "speed": 6.5277777777777777, "roadType": 7, "delay": 64, "street": "Jalan Parangtritis", "id": 1302788978, "pubMillis": 1773742344298, "blockingAlertUuid": null, "startNode": null, "published_wib": "2026-03-17T17:12:24+07:00", "last_update": "2026-03-17T17:14:58+07:00" }, "geometry": { "type": "LineString", "coordinates": [ [ 110.363695, -7.839738 ], [ 110.36332, -7.840537 ], [ 110.36293, -7.841367 ], [ 110.362632, -7.842004 ], [ 110.361372, -7.844642 ], [ 110.361206, -7.844993 ], [ 110.360631, -7.846205 ], [ 110.360454, -7.846558 ] ] } },
{ "type": "Feature", "properties": { "Satwil": "Polda DI Yogyakarta", "country": "ID", "level": 3, "city": "Prambanan (Sleman)", "speedKMH": 11.91, "length": 567, "turnType": "NONE", "uuid": 1299806762, "endNode": null, "speed": 3.3083333333333331, "roadType": 1, "delay": 174, "street": "", "id": 1299806762, "pubMillis": 1773741232407, "blockingAlertUuid": null, "startNode": null, "published_wib": "2026-03-17T16:53:52+07:00", "last_update": "2026-03-17T17:14:58+07:00" }, "geometry": { "type": "LineString", "coordinates": [ [ 110.495901, -7.768695 ], [ 110.494912, -7.768476 ], [ 110.494343, -7.768212 ], [ 110.493929, -7.768125 ], [ 110.493828, -7.768469 ], [ 110.493757, -7.768516 ], [ 110.493412, -7.768426 ], [ 110.49331, -7.768356 ], [ 110.492797, -7.768077 ], [ 110.492495, -7.768055 ], [ 110.49248, -7.768345 ], [ 110.492006, -7.768325 ], [ 110.491779, -7.768434 ], [ 110.491532, -7.768467 ] ] } },
{ "type": "Feature", "properties": { "Satwil": "Polrestabes Bandung", "country": "ID", "level": 2, "city": "Bandung", "speedKMH": 9.1, "length": 475, "turnType": "NONE", "uuid": 1300462326, "endNode": "Dr Setiabudi", "speed": 2.5277777777777777, "roadType": 1, "delay": 92, "street": "Gegerkalong Girang", "id": 1300462326, "pubMillis": 1773741544967, "blockingAlertUuid": null, "startNode": null, "published_wib": "2026-03-17T16:59:04+07:00", "last_update": "2026-03-17T17:14:58+07:00" }, "geometry": { "type": "LineString", "coordinates": [ [ 107.590065, -6.863728 ], [ 107.590473, -6.863879 ], [ 107.591091, -6.864034 ], [ 107.59117, -6.864089 ], [ 107.591224, -6.864192 ], [ 107.591287, -6.864246 ], [ 107.591356, -6.864282 ], [ 107.591521, -6.86432 ], [ 107.592722, -6.864479 ], [ 107.593101, -6.864551 ], [ 107.593661, -6.864713 ], [ 107.594149, -6.864839 ] ] } },
{ "type": "Feature", "properties": { "Satwil": "Polda Bali", "country": "ID", "level": 2, "city": "Sawan", "speedKMH": 18.16, "length": 1724, "turnType": "NONE", "uuid": 1302230440, "endNode": null, "speed": 5.0444444444444443, "roadType": 1, "delay": 218, "street": "", "id": 1302230440, "pubMillis": 1773742185588, "blockingAlertUuid": null, "startNode": null, "published_wib": "2026-03-17T17:09:45+07:00", "last_update": "2026-03-17T18:14:58+08:00" }, "geometry": { "type": "LineString", "coordinates": [ [ 115.190881, -8.152846 ], [ 115.191031, -8.152464 ], [ 115.190978, -8.150909 ], [ 115.190892, -8.150548 ], [ 115.190457, -8.149782 ], [ 115.190275, -8.149321 ], [ 115.190259, -8.148524 ], [ 115.190305, -8.148227 ], [ 115.190406, -8.147853 ], [ 115.190425, -8.1476 ], [ 115.190313, -8.147297 ], [ 115.190071, -8.147074 ], [ 115.189846, -8.146425 ], [ 115.189562, -8.145694 ], [ 115.189197, -8.145333 ], [ 115.188355, -8.144026 ], [ 115.188178, -8.143447 ], [ 115.188027, -8.143293 ], [ 115.187636, -8.143134 ], [ 115.186933, -8.143065 ], [ 115.186804, -8.14297 ], [ 115.186013, -8.141985 ], [ 115.185849, -8.141824 ], [ 115.185702, -8.141738 ], [ 115.185069, -8.141472 ], [ 115.184803, -8.14137 ], [ 115.184709, -8.141256 ], [ 115.184449, -8.140826 ], [ 115.184045, -8.140613 ], [ 115.183954, -8.140552 ] ] } },
{ "type": "Feature", "properties": { "Satwil": "Polresta Surakarta", "country": "ID", "level": 3, "city": "Surakarta", "speedKMH": 7.68, "length": 431, "turnType": "NONE", "uuid": 1300002214, "endNode": "Arah Stadion Manahan/Jajar", "speed": 2.1333333333333333, "roadType": 7, "delay": 153, "street": "MT Haryono", "id": 1300002214, "pubMillis": 1773741382699, "blockingAlertUuid": null, "startNode": null, "published_wib": "2026-03-17T16:56:22+07:00", "last_update": "2026-03-17T17:14:58+07:00" }, "geometry": { "type": "LineString", "coordinates": [ [ 110.812026, -7.554366 ], [ 110.811791, -7.554822 ], [ 110.811679, -7.555038 ], [ 110.811268, -7.555833 ], [ 110.810977, -7.556119 ], [ 110.810777, -7.55629 ], [ 110.81008, -7.556858 ], [ 110.809599, -7.55722 ], [ 110.809539, -7.557261 ] ] } },
{ "type": "Feature", "properties": { "Satwil": "Polda Bali", "country": "ID", "level": 4, "city": "Abiansemal", "speedKMH": 3.54, "length": 235, "turnType": "NONE", "uuid": 1300100990, "endNode": "Jagapati", "speed": 0.98333333333333328, "roadType": 2, "delay": 206, "street": "Jalan Raya Angantaka", "id": 1300100990, "pubMillis": 1773741388173, "blockingAlertUuid": null, "startNode": null, "published_wib": "2026-03-17T16:56:28+07:00", "last_update": "2026-03-17T18:14:58+08:00" }, "geometry": { "type": "LineString", "coordinates": [ [ 115.238731, -8.577729 ], [ 115.238857, -8.578356 ], [ 115.239023, -8.579274 ], [ 115.239114, -8.579817 ] ] } },
{ "type": "Feature", "properties": { "Satwil": "Polrestabes Bandung", "country": "ID", "level": 3, "city": "Bandung", "speedKMH": 11.03, "length": 1275, "turnType": "NONE", "uuid": 1300124060, "endNode": "", "speed": 3.0638888888888891, "roadType": 2, "delay": 270, "street": "Leuwi Panjang", "id": 1300124060, "pubMillis": 1773741381947, "blockingAlertUuid": null, "startNode": null, "published_wib": "2026-03-17T16:56:21+07:00", "last_update": "2026-03-17T17:14:58+07:00" }, "geometry": { "type": "LineString", "coordinates": [ [ 107.595999, -6.942392 ], [ 107.596064, -6.942119 ], [ 107.596118, -6.94201 ], [ 107.596402, -6.941426 ], [ 107.596521, -6.941091 ], [ 107.596634, -6.940471 ], [ 107.596634, -6.940397 ], [ 107.596531, -6.940098 ], [ 107.596527, -6.939999 ], [ 107.596552, -6.939869 ], [ 107.596706, -6.938953 ], [ 107.597, -6.937964 ], [ 107.597032, -6.937803 ], [ 107.597105, -6.9377 ], [ 107.597121, -6.937758 ], [ 107.597138, -6.937816 ], [ 107.597107, -6.937982 ], [ 107.596822, -6.938969 ], [ 107.596804, -6.93908 ], [ 107.596658, -6.939894 ], [ 107.596637, -6.939985 ], [ 107.596642, -6.940118 ], [ 107.596718, -6.940345 ], [ 107.596725, -6.940404 ], [ 107.5966, -6.941107 ], [ 107.596546, -6.941295 ], [ 107.596485, -6.941465 ], [ 107.596209, -6.942015 ], [ 107.596144, -6.942145 ], [ 107.596079, -6.942415 ], [ 107.596004, -6.942873 ], [ 107.595975, -6.943054 ], [ 107.595764, -6.944101 ] ] } },
{ "type": "Feature", "properties": { "Satwil": "Polda Bali", "country": "ID", "level": 3, "city": "Denpasar", "speedKMH": 7.61, "length": 374, "turnType": "NONE", "uuid": 1301856794, "endNode": "HOS Cokroaminoto", "speed": 2.1138888888888889, "roadType": 2, "delay": 130, "street": "Maruti", "id": 1301856794, "pubMillis": 1773742025249, "blockingAlertUuid": null, "startNode": null, "published_wib": "2026-03-17T17:07:05+07:00", "last_update": "2026-03-17T18:14:58+08:00" }, "geometry": { "type": "LineString", "coordinates": [ [ 115.212672, -8.64478 ], [ 115.211803, -8.644658 ], [ 115.210979, -8.644576 ], [ 115.210787, -8.644576 ], [ 115.209623, -8.644576 ], [ 115.209291, -8.644576 ] ] } },
{ "type": "Feature", "properties": { "Satwil": "Polda Bali", "country": "ID", "level": 2, "city": "Buleleng", "speedKMH": 14.8, "length": 673, "turnType": "NONE", "uuid": 1302348310, "endNode": "Veteran", "speed": 4.1111111111111107, "roadType": 6, "delay": 102, "street": "Mayor Metra", "id": 1302348310, "pubMillis": 1773742186093, "blockingAlertUuid": null, "startNode": null, "published_wib": "2026-03-17T17:09:46+07:00", "last_update": "2026-03-17T18:14:58+08:00" }, "geometry": { "type": "LineString", "coordinates": [ [ 115.098825, -8.130371 ], [ 115.098756, -8.130243 ], [ 115.098614, -8.129623 ], [ 115.098291, -8.128413 ], [ 115.097664, -8.126545 ], [ 115.09743, -8.125921 ], [ 115.09708, -8.124549 ] ] } },
{ "type": "Feature", "properties": { "Satwil": "Polresta Surakarta", "country": "ID", "level": 4, "city": "Surakarta", "speedKMH": 5.56, "length": 651, "turnType": "NONE", "uuid": 1302352436, "endNode": "Brigjen Slamet Riyadi", "speed": 1.5444444444444445, "roadType": 2, "delay": 321, "street": "Hasanudin", "id": 1302352436, "pubMillis": 1773742187096, "blockingAlertUuid": null, "startNode": null, "published_wib": "2026-03-17T17:09:47+07:00", "last_update": "2026-03-17T17:14:58+07:00" }, "geometry": { "type": "LineString", "coordinates": [ [ 110.803646, -7.560293 ], [ 110.802867, -7.560475 ], [ 110.801212, -7.560895 ], [ 110.800414, -7.561133 ], [ 110.800124, -7.561305 ], [ 110.800002, -7.561447 ], [ 110.799908, -7.561614 ], [ 110.799848, -7.561781 ], [ 110.799343, -7.563363 ] ] } },
{ "type": "Feature", "properties": { "Satwil": "Polda DI Yogyakarta", "country": "ID", "level": 5, "city": "Yogyakarta", "speedKMH": 0.0, "length": 41, "turnType": "NONE", "uuid": 28483088, "endNode": "Abu Bakar Ali", "speed": 0.0, "roadType": 7, "delay": -1, "street": "Jembatan Kewek", "id": 28483088, "pubMillis": 1773195286270, "blockingAlertUuid": "19a5f36a-01e7-458c-bbd9-97c70dee96cc", "startNode": null, "published_wib": "2026-03-11T09:14:46+07:00", "last_update": "2026-03-17T17:14:58+07:00" }, "geometry": { "type": "LineString", "coordinates": [ [ 110.368886, -7.790517 ], [ 110.368528, -7.790598 ] ] } },
{ "type": "Feature", "properties": { "Satwil": "Polda DI Yogyakarta", "country": "ID", "level": 5, "city": "Kalasan", "speedKMH": 0.0, "length": 318, "turnType": "NONE", "uuid": 28512672, "endNode": null, "speed": 0.0, "roadType": 1, "delay": -1, "street": "Selokan Mataram", "id": 28512672, "pubMillis": 1773195283804, "blockingAlertUuid": "846457dd-3549-4f6e-b4fb-e026cc749960", "startNode": null, "published_wib": "2026-03-11T09:14:43+07:00", "last_update": "2026-03-17T17:14:58+07:00" }, "geometry": { "type": "LineString", "coordinates": [ [ 110.455065, -7.770304 ], [ 110.454942, -7.770363 ], [ 110.452211, -7.770668 ] ] } },
{ "type": "Feature", "properties": { "Satwil": "Polda DI Yogyakarta", "country": "ID", "level": 5, "city": "Kalasan", "speedKMH": 0.0, "length": 144, "turnType": "NONE", "uuid": 1838927298, "endNode": "Kadirojo", "speed": 0.0, "roadType": 1, "delay": -1, "street": "Selokan Mataram", "id": 1838927298, "pubMillis": 1771985837165, "blockingAlertUuid": "e26307c8-f53b-4ad6-82df-c01befa61af4", "startNode": null, "published_wib": "2026-02-25T09:17:17+07:00", "last_update": "2026-03-17T17:14:58+07:00" }, "geometry": { "type": "LineString", "coordinates": [ [ 110.4452, -7.771139 ], [ 110.443902, -7.771251 ] ] } },
{ "type": "Feature", "properties": { "Satwil": "Polrestabes Bandung", "country": "ID", "level": 2, "city": "Bandung", "speedKMH": 10.88, "length": 493, "turnType": "NONE", "uuid": 1302817988, "endNode": "Jalan Sumatra", "speed": 3.0222222222222221, "roadType": 2, "delay": 82, "street": "Jalan Belitung", "id": 1302817988, "pubMillis": 1773742374154, "blockingAlertUuid": null, "startNode": null, "published_wib": "2026-03-17T17:12:54+07:00", "last_update": "2026-03-17T17:14:58+07:00" }, "geometry": { "type": "LineString", "coordinates": [ [ 107.617605, -6.911498 ], [ 107.616168, -6.911671 ], [ 107.61564, -6.911784 ], [ 107.614429, -6.912183 ], [ 107.613295, -6.912569 ] ] } },
{ "type": "Feature", "properties": { "Satwil": "Polda DI Yogyakarta", "country": "ID", "level": 4, "city": "Tempel", "speedKMH": 5.19, "length": 370, "turnType": "NONE", "uuid": 1301503310, "endNode": "Mangkubumi", "speed": 1.4416666666666667, "roadType": 6, "delay": 208, "street": "Jalan Raya Magelang", "id": 1301503310, "pubMillis": 1773741865945, "blockingAlertUuid": null, "startNode": null, "published_wib": "2026-03-17T17:04:25+07:00", "last_update": "2026-03-17T17:14:58+07:00" }, "geometry": { "type": "LineString", "coordinates": [ [ 110.326291, -7.657432 ], [ 110.326235, -7.657277 ], [ 110.325937, -7.655733 ], [ 110.325741, -7.65464 ], [ 110.325693, -7.654141 ] ] } },
{ "type": "Feature", "properties": { "Satwil": "Polrestabes Bandung", "country": "ID", "level": 3, "city": "Bandung", "speedKMH": 8.3, "length": 1104, "turnType": "NONE", "uuid": 1299311846, "endNode": "Jenderal Ibrahim Adjie", "speed": 2.3055555555555554, "roadType": 7, "delay": 375, "street": "Jenderal Ahmad Yani", "id": 1299311846, "pubMillis": 1773741071866, "blockingAlertUuid": null, "startNode": null, "published_wib": "2026-03-17T16:51:11+07:00", "last_update": "2026-03-17T17:14:58+07:00" }, "geometry": { "type": "LineString", "coordinates": [ [ 107.634372, -6.913438 ], [ 107.634494, -6.913397 ], [ 107.636845, -6.912122 ], [ 107.63734, -6.911869 ], [ 107.638052, -6.911487 ], [ 107.638418, -6.911291 ], [ 107.6388, -6.911062 ], [ 107.639713, -6.910557 ], [ 107.640225, -6.910293 ], [ 107.640524, -6.910135 ], [ 107.641655, -6.909547 ], [ 107.641913, -6.909419 ], [ 107.642032, -6.909394 ], [ 107.643086, -6.908851 ], [ 107.643131, -6.908851 ], [ 107.643223, -6.90888 ] ] } },
{ "type": "Feature", "properties": { "Satwil": "Polrestabes Bandung", "country": "ID", "level": 3, "city": "Bandung", "speedKMH": 9.6, "length": 445, "turnType": "NONE", "uuid": 1302785034, "endNode": "PHH Mustofa", "speed": 2.6666666666666665, "roadType": 2, "delay": 98, "street": "Jalan Cimuncang", "id": 1302785034, "pubMillis": 1773742348943, "blockingAlertUuid": null, "startNode": null, "published_wib": "2026-03-17T17:12:28+07:00", "last_update": "2026-03-17T17:14:58+07:00" }, "geometry": { "type": "LineString", "coordinates": [ [ 107.648937, -6.905676 ], [ 107.64891, -6.905538 ], [ 107.648927, -6.905362 ], [ 107.649034, -6.904638 ], [ 107.64912, -6.904197 ], [ 107.649378, -6.903401 ], [ 107.649533, -6.902924 ], [ 107.649613, -6.902593 ], [ 107.64975, -6.901755 ] ] } },
{ "type": "Feature", "properties": { "Satwil": "Polrestabes Bandung", "country": "ID", "level": 4, "city": "Bandung", "speedKMH": 4.73, "length": 1008, "turnType": "NONE", "uuid": 1293413608, "endNode": "Kopo", "speed": 1.3138888888888889, "roadType": 7, "delay": 666, "street": "KH Wahid Hasyim", "id": 1293413608, "pubMillis": 1773738462388, "blockingAlertUuid": null, "startNode": null, "published_wib": "2026-03-17T16:07:42+07:00", "last_update": "2026-03-17T17:14:58+07:00" }, "geometry": { "type": "LineString", "coordinates": [ [ 107.589453, -6.945893 ], [ 107.589128, -6.946386 ], [ 107.588795, -6.946917 ], [ 107.58792, -6.948258 ], [ 107.586617, -6.950222 ], [ 107.586483, -6.950427 ], [ 107.58582, -6.95144 ], [ 107.585574, -6.951778 ], [ 107.585453, -6.951968 ], [ 107.584471, -6.953516 ] ] } },
{ "type": "Feature", "properties": { "Satwil": "Polda Bali", "country": "ID", "level": 2, "city": "Banjarangkan", "speedKMH": 16.47, "length": 613, "turnType": "NONE", "uuid": 1302261642, "endNode": "Prof Dr Ida Bagus Mantra", "speed": 4.575, "roadType": 6, "delay": 61, "street": "Prof Dr Ida Bagus Mantra", "id": 1302261642, "pubMillis": 1773742184111, "blockingAlertUuid": null, "startNode": null, "published_wib": "2026-03-17T17:09:44+07:00", "last_update": "2026-03-17T18:14:58+08:00" }, "geometry": { "type": "LineString", "coordinates": [ [ 115.374431, -8.568291 ], [ 115.373358, -8.568468 ], [ 115.371453, -8.568782 ], [ 115.370099, -8.569024 ], [ 115.369654, -8.569084 ], [ 115.368966, -8.569301 ] ] } },
{ "type": "Feature", "properties": { "Satwil": "Polrestabes Bandung", "country": "ID", "level": 3, "city": "Bandung", "speedKMH": 10.54, "length": 1344, "turnType": "NONE", "uuid": 1301011622, "endNode": "Terusan Jakarta", "speed": 2.9277777777777776, "roadType": 2, "delay": 252, "street": "Jalan Purwakarta", "id": 1301011622, "pubMillis": 1773741701363, "blockingAlertUuid": null, "startNode": null, "published_wib": "2026-03-17T17:01:41+07:00", "last_update": "2026-03-17T17:14:58+07:00" }, "geometry": { "type": "LineString", "coordinates": [ [ 107.661466, -6.917354 ], [ 107.661364, -6.917419 ], [ 107.661188, -6.91749 ], [ 107.660972, -6.917491 ], [ 107.660491, -6.917475 ], [ 107.660342, -6.917468 ], [ 107.659972, -6.917457 ], [ 107.659204, -6.917412 ], [ 107.658492, -6.917375 ], [ 107.657567, -6.917322 ], [ 107.657035, -6.917292 ], [ 107.656373, -6.917243 ], [ 107.655894, -6.917213 ], [ 107.655507, -6.91697 ], [ 107.655042, -6.916672 ], [ 107.654875, -6.916566 ], [ 107.654665, -6.916433 ], [ 107.654249, -6.916169 ], [ 107.65391, -6.915935 ], [ 107.653298, -6.915395 ], [ 107.652943, -6.915055 ], [ 107.652488, -6.914591 ], [ 107.652028, -6.914163 ], [ 107.65188, -6.914 ], [ 107.651773, -6.913884 ], [ 107.65166, -6.913672 ], [ 107.651446, -6.913241 ], [ 107.651265, -6.912861 ], [ 107.651232, -6.91278 ] ] } },
{ "type": "Feature", "properties": { "Satwil": "Polda Bali", "country": "ID", "level": 3, "city": "Selemadeg Timur", "speedKMH": 13.03, "length": 462, "turnType": "NONE", "uuid": 1301896194, "endNode": null, "speed": 3.6194444444444445, "roadType": 1, "delay": 72, "street": "", "id": 1301896194, "pubMillis": 1773742026843, "blockingAlertUuid": null, "startNode": null, "published_wib": "2026-03-17T17:07:06+07:00", "last_update": "2026-03-17T18:14:58+08:00" }, "geometry": { "type": "LineString", "coordinates": [ [ 115.023369, -8.545463 ], [ 115.023501, -8.545503 ], [ 115.02411, -8.545567 ], [ 115.02452, -8.546039 ], [ 115.024661, -8.54629 ], [ 115.024692, -8.546533 ], [ 115.024711, -8.546726 ], [ 115.024727, -8.54682 ], [ 115.02485, -8.547195 ], [ 115.025263, -8.547837 ], [ 115.025781, -8.548482 ] ] } },
{ "type": "Feature", "properties": { "Satwil": "Polrestabes Bandung", "country": "ID", "level": 3, "city": "Bandung", "speedKMH": 6.88, "length": 379, "turnType": "NONE", "uuid": 1302387716, "endNode": "Jalan Seram", "speed": 1.9111111111111112, "roadType": 2, "delay": 127, "street": "Jalan Aceh", "id": 1302387716, "pubMillis": 1773742185468, "blockingAlertUuid": null, "startNode": null, "published_wib": "2026-03-17T17:09:45+07:00", "last_update": "2026-03-17T17:14:58+07:00" }, "geometry": { "type": "LineString", "coordinates": [ [ 107.618312, -6.908845 ], [ 107.617371, -6.909154 ], [ 107.616116, -6.909587 ], [ 107.615488, -6.909816 ], [ 107.615071, -6.909961 ] ] } },
{ "type": "Feature", "properties": { "Satwil": "Polrestabes Medan", "country": "ID", "level": 2, "city": "Medan", "speedKMH": 17.71, "length": 1553, "turnType": "NONE", "uuid": 1302749116, "endNode": "U-Turn", "speed": 4.9194444444444443, "roadType": 2, "delay": 181, "street": "Jalan Gunung Krakatau", "id": 1302749116, "pubMillis": 1773742342837, "blockingAlertUuid": null, "startNode": null, "published_wib": "2026-03-17T17:12:22+07:00", "last_update": "2026-03-17T17:14:58+07:00" }, "geometry": { "type": "LineString", "coordinates": [ [ 98.681026, 3.626041 ], [ 98.681003, 3.624787 ], [ 98.681001, 3.624664 ], [ 98.680991, 3.622956 ], [ 98.68099, 3.622853 ], [ 98.680966, 3.621589 ], [ 98.680965, 3.621545 ], [ 98.680927, 3.62093 ], [ 98.68091, 3.619623 ], [ 98.680893, 3.618689 ], [ 98.680796, 3.617103 ], [ 98.680736, 3.616845 ], [ 98.680811, 3.616548 ], [ 98.680775, 3.61567 ], [ 98.680753, 3.614978 ], [ 98.680688, 3.61393 ], [ 98.680641, 3.612035 ] ] } },
{ "type": "Feature", "properties": { "Satwil": "Polda DI Yogyakarta", "country": "ID", "level": 4, "city": "Sleman", "speedKMH": 5.52, "length": 391, "turnType": "NONE", "uuid": 1301801418, "endNode": "Pramuka", "speed": 1.5333333333333334, "roadType": 6, "delay": 215, "street": "Jalan Raya Magelang", "id": 1301801418, "pubMillis": 1773742022311, "blockingAlertUuid": null, "startNode": null, "published_wib": "2026-03-17T17:07:02+07:00", "last_update": "2026-03-17T17:14:58+07:00" }, "geometry": { "type": "LineString", "coordinates": [ [ 110.354819, -7.708856 ], [ 110.355369, -7.709392 ], [ 110.357342, -7.711336 ] ] } },
{ "type": "Feature", "properties": { "Satwil": "Polda DI Yogyakarta", "country": "ID", "level": 2, "city": "Piyungan", "speedKMH": 27.96, "length": 979, "turnType": "NONE", "uuid": 1302355902, "endNode": "Jalan Raya Piyungan-Prambanan", "speed": 7.7666666666666666, "roadType": 7, "delay": 60, "street": "Jalan Raya Piyungan-Prambanan", "id": 1302355902, "pubMillis": 1773742181667, "blockingAlertUuid": null, "startNode": null, "published_wib": "2026-03-17T17:09:41+07:00", "last_update": "2026-03-17T17:14:58+07:00" }, "geometry": { "type": "LineString", "coordinates": [ [ 110.479075, -7.825965 ], [ 110.47926, -7.825261 ], [ 110.479377, -7.824814 ], [ 110.480164, -7.821773 ], [ 110.480233, -7.821485 ], [ 110.480479, -7.820559 ], [ 110.481038, -7.818422 ], [ 110.481294, -7.817397 ] ] } },
{ "type": "Feature", "properties": { "Satwil": "Polda DI Yogyakarta", "country": "ID", "level": 3, "city": "Yogyakarta", "speedKMH": 8.08, "length": 317, "turnType": "NONE", "uuid": 1301766052, "endNode": null, "speed": 2.2444444444444445, "roadType": 7, "delay": 72, "street": "Laksda Adisucipto", "id": 1301766052, "pubMillis": 1773742029403, "blockingAlertUuid": null, "startNode": null, "published_wib": "2026-03-17T17:07:09+07:00", "last_update": "2026-03-17T17:14:58+07:00" }, "geometry": { "type": "LineString", "coordinates": [ [ 110.390319, -7.783173 ], [ 110.389307, -7.783159 ], [ 110.388142, -7.783147 ], [ 110.387992, -7.783102 ], [ 110.388126, -7.783066 ], [ 110.388519, -7.783068 ] ] } },
{ "type": "Feature", "properties": { "Satwil": "Polda Bali", "country": "ID", "level": 4, "city": "Kuta Selatan", "speedKMH": 4.93, "length": 355, "turnType": "NONE", "uuid": 1302749172, "endNode": "", "speed": 1.3694444444444445, "roadType": 6, "delay": 203, "street": "I Gusti Ngurah Rai", "id": 1302749172, "pubMillis": 1773742343845, "blockingAlertUuid": null, "startNode": null, "published_wib": "2026-03-17T17:12:23+07:00", "last_update": "2026-03-17T18:14:58+08:00" }, "geometry": { "type": "LineString", "coordinates": [ [ 115.181838, -8.782815 ], [ 115.179391, -8.781861 ], [ 115.179192, -8.781768 ], [ 115.179039, -8.781698 ], [ 115.178857, -8.781598 ] ] } },
{ "type": "Feature", "properties": { "Satwil": "Polrestabes Medan", "country": "ID", "level": 2, "city": "Medan", "speedKMH": 14.93, "length": 851, "turnType": "NONE", "uuid": 1296394340, "endNode": "", "speed": 4.1472222222222221, "roadType": 7, "delay": 124, "street": "Setiabudi", "id": 1296394340, "pubMillis": 1773739945911, "blockingAlertUuid": null, "startNode": null, "published_wib": "2026-03-17T16:32:25+07:00", "last_update": "2026-03-17T17:14:58+07:00" }, "geometry": { "type": "LineString", "coordinates": [ [ 98.642475, 3.569752 ], [ 98.64248, 3.569846 ], [ 98.642545, 3.571104 ], [ 98.642651, 3.573016 ], [ 98.642698, 3.573979 ], [ 98.642772, 3.575334 ], [ 98.642834, 3.576312 ], [ 98.642892, 3.577084 ], [ 98.642914, 3.577435 ] ] } },
{ "type": "Feature", "properties": { "Satwil": "Polresta Surakarta", "country": "ID", "level": 4, "city": "Surakarta", "speedKMH": 7.93, "length": 540, "turnType": "NONE", "uuid": 1302194366, "endNode": "Adi Sumarmo", "speed": 2.2027777777777779, "roadType": 6, "delay": 168, "street": "Ki Mangun Sarkoro", "id": 1302194366, "pubMillis": 1773742181475, "blockingAlertUuid": null, "startNode": null, "published_wib": "2026-03-17T17:09:41+07:00", "last_update": "2026-03-17T17:14:58+07:00" }, "geometry": { "type": "LineString", "coordinates": [ [ 110.815725, -7.542077 ], [ 110.815602, -7.54212 ], [ 110.815071, -7.542312 ], [ 110.81485, -7.542413 ], [ 110.81459, -7.542538 ], [ 110.814322, -7.542669 ], [ 110.813014, -7.54329 ], [ 110.812442, -7.543536 ], [ 110.812341, -7.543574 ], [ 110.811579, -7.543861 ], [ 110.811256, -7.544052 ] ] } },
{ "type": "Feature", "properties": { "Satwil": "Polda Bali", "country": "ID", "level": 4, "city": "Denpasar", "speedKMH": 5.8, "length": 494, "turnType": "NONE", "uuid": 1302194368, "endNode": "Jalan Pulau Kawe", "speed": 1.6111111111111112, "roadType": 2, "delay": 249, "street": "Jalan Pulau Bungin", "id": 1302194368, "pubMillis": 1773742181475, "blockingAlertUuid": null, "startNode": null, "published_wib": "2026-03-17T17:09:41+07:00", "last_update": "2026-03-17T18:14:58+08:00" }, "geometry": { "type": "LineString", "coordinates": [ [ 115.205897, -8.689605 ], [ 115.205902, -8.689567 ], [ 115.205928, -8.689377 ], [ 115.205943, -8.68927 ], [ 115.205973, -8.689055 ], [ 115.206, -8.688908 ], [ 115.206062, -8.688577 ], [ 115.206089, -8.68843 ], [ 115.20611, -8.688317 ], [ 115.206136, -8.688176 ], [ 115.206145, -8.688119 ], [ 115.206169, -8.687961 ], [ 115.206188, -8.687833 ], [ 115.206203, -8.687736 ], [ 115.206234, -8.687527 ], [ 115.206282, -8.687209 ], [ 115.206332, -8.686875 ], [ 115.206348, -8.68675 ], [ 115.206378, -8.68652 ], [ 115.206394, -8.686395 ], [ 115.206422, -8.686184 ], [ 115.206475, -8.685784 ], [ 115.20648, -8.685745 ], [ 115.206496, -8.685657 ], [ 115.206524, -8.685508 ], [ 115.206581, -8.6852 ] ] } },
{ "type": "Feature", "properties": { "Satwil": "Polresta Surakarta", "country": "ID", "level": 3, "city": "Surakarta", "speedKMH": 13.88, "length": 847, "turnType": "NONE", "uuid": 1300949038, "endNode": "Adi Sumarmo", "speed": 3.8555555555555556, "roadType": 6, "delay": 138, "street": "Letjen Suprapto", "id": 1300949038, "pubMillis": 1773741707425, "blockingAlertUuid": null, "startNode": null, "published_wib": "2026-03-17T17:01:47+07:00", "last_update": "2026-03-17T17:14:58+07:00" }, "geometry": { "type": "LineString", "coordinates": [ [ 110.804159, -7.548162 ], [ 110.804332, -7.547851 ], [ 110.804495, -7.547564 ], [ 110.804651, -7.547278 ], [ 110.805453, -7.545831 ], [ 110.805888, -7.544926 ], [ 110.806438, -7.543921 ], [ 110.806573, -7.543673 ], [ 110.806624, -7.543574 ], [ 110.806752, -7.543313 ], [ 110.806793, -7.543245 ], [ 110.807049, -7.542799 ], [ 110.807298, -7.542354 ], [ 110.807503, -7.541988 ], [ 110.807809, -7.541427 ] ] } },
{ "type": "Feature", "properties": { "Satwil": "Polrestabes Bandung", "country": "ID", "level": 2, "city": "Bandung", "speedKMH": 14.61, "length": 607, "turnType": "NONE", "uuid": 1293835832, "endNode": null, "speed": 4.0583333333333336, "roadType": 2, "delay": 82, "street": "Ciumbuleuit", "id": 1293835832, "pubMillis": 1773738621902, "blockingAlertUuid": null, "startNode": null, "published_wib": "2026-03-17T16:10:21+07:00", "last_update": "2026-03-17T17:14:58+07:00" }, "geometry": { "type": "LineString", "coordinates": [ [ 107.604612, -6.874668 ], [ 107.604434, -6.875486 ], [ 107.604295, -6.876123 ], [ 107.604186, -6.876506 ], [ 107.604008, -6.877284 ], [ 107.603854, -6.877959 ], [ 107.603503, -6.879528 ], [ 107.603527, -6.879743 ], [ 107.603613, -6.88001 ] ] } },
{ "type": "Feature", "properties": { "Satwil": "Polrestabes Bandung", "country": "ID", "level": 2, "city": "Bandung", "speedKMH": 12.21, "length": 1007, "turnType": "NONE", "uuid": 1298456186, "endNode": "Terusan Derwati", "speed": 3.3916666666666666, "roadType": 2, "delay": 182, "street": "Derwati", "id": 1298456186, "pubMillis": 1773740757737, "blockingAlertUuid": null, "startNode": null, "published_wib": "2026-03-17T16:45:57+07:00", "last_update": "2026-03-17T17:14:58+07:00" }, "geometry": { "type": "LineString", "coordinates": [ [ 107.686813, -6.965536 ], [ 107.684099, -6.964948 ], [ 107.681225, -6.964499 ], [ 107.680563, -6.964428 ], [ 107.67996, -6.964426 ], [ 107.678997, -6.964424 ], [ 107.678528, -6.964341 ], [ 107.678059, -6.964242 ], [ 107.677819, -6.964198 ] ] } },
{ "type": "Feature", "properties": { "Satwil": "Polrestabes Medan", "country": "ID", "level": 4, "city": "Medan", "speedKMH": 5.75, "length": 439, "turnType": "NONE", "uuid": 1302686598, "endNode": "", "speed": 1.5972222222222223, "roadType": 6, "delay": 245, "street": "N1 AH Nasution", "id": 1302686598, "pubMillis": 1773742346810, "blockingAlertUuid": null, "startNode": null, "published_wib": "2026-03-17T17:12:26+07:00", "last_update": "2026-03-17T17:14:58+07:00" }, "geometry": { "type": "LineString", "coordinates": [ [ 98.687608, 3.53821 ], [ 98.688903, 3.538194 ], [ 98.690441, 3.538152 ], [ 98.690712, 3.538144 ], [ 98.691558, 3.538102 ] ] } },
{ "type": "Feature", "properties": { "Satwil": "Polda DI Yogyakarta", "country": "ID", "level": 2, "city": "Kalasan", "speedKMH": 25.19, "length": 1916, "turnType": "NONE", "uuid": 1302784826, "endNode": "Jalan Raya Yogyakarta-Prambanan", "speed": 6.9972222222222218, "roadType": 6, "delay": 163, "street": "Jalan Raya Yogyakarta-Prambanan", "id": 1302784826, "pubMillis": 1773742345619, "blockingAlertUuid": null, "startNode": null, "published_wib": "2026-03-17T17:12:25+07:00", "last_update": "2026-03-17T17:14:58+07:00" }, "geometry": { "type": "LineString", "coordinates": [ [ 110.455384, -7.77907 ], [ 110.455065, -7.779242 ], [ 110.454525, -7.779539 ], [ 110.453856, -7.779903 ], [ 110.453338, -7.780187 ], [ 110.452499, -7.780659 ], [ 110.451095, -7.781426 ], [ 110.449914, -7.782065 ], [ 110.449443, -7.782321 ], [ 110.447328, -7.783471 ], [ 110.447046, -7.783571 ], [ 110.445085, -7.783562 ], [ 110.443885, -7.783562 ], [ 110.439153, -7.78354 ] ] } },
{ "type": "Feature", "properties": { "Satwil": "Polda DI Yogyakarta", "country": "ID", "level": 4, "city": "Gamping", "speedKMH": 3.65, "length": 341, "turnType": "NONE", "uuid": 1301408630, "endNode": "", "speed": 1.0138888888888888, "roadType": 6, "delay": 290, "street": "Jalan Raya Wates-Yogyakarta", "id": 1301408630, "pubMillis": 1773741868072, "blockingAlertUuid": null, "startNode": null, "published_wib": "2026-03-17T17:04:28+07:00", "last_update": "2026-03-17T17:14:58+07:00" }, "geometry": { "type": "LineString", "coordinates": [ [ 110.307017, -7.803599 ], [ 110.307646, -7.803483 ], [ 110.30809, -7.803403 ], [ 110.308857, -7.803253 ], [ 110.310059, -7.803056 ] ] } },
{ "type": "Feature", "properties": { "Satwil": "Polrestabes Bandung", "country": "ID", "level": 2, "city": "Bandung", "speedKMH": 11.91, "length": 972, "turnType": "NONE", "uuid": 1292495842, "endNode": "Sadang Serang", "speed": 3.3083333333333331, "roadType": 2, "delay": 163, "street": "Cikutra Barat", "id": 1292495842, "pubMillis": 1773737977587, "blockingAlertUuid": null, "startNode": null, "published_wib": "2026-03-17T15:59:37+07:00", "last_update": "2026-03-17T17:14:58+07:00" }, "geometry": { "type": "LineString", "coordinates": [ [ 107.634961, -6.8925 ], [ 107.634572, -6.892428 ], [ 107.634182, -6.89236 ], [ 107.63319, -6.892261 ], [ 107.632584, -6.892231 ], [ 107.631867, -6.892239 ], [ 107.631476, -6.892261 ], [ 107.63135, -6.89228 ], [ 107.631235, -6.892297 ], [ 107.631039, -6.892258 ], [ 107.63073, -6.892154 ], [ 107.629619, -6.891908 ], [ 107.628983, -6.891962 ], [ 107.628878, -6.892008 ], [ 107.628666, -6.892188 ], [ 107.628519, -6.89225 ], [ 107.628256, -6.89226 ], [ 107.628133, -6.892272 ], [ 107.627503, -6.892243 ], [ 107.62744, -6.892164 ], [ 107.627371, -6.892057 ], [ 107.627217, -6.891589 ], [ 107.627074, -6.891162 ] ] } },
{ "type": "Feature", "properties": { "Satwil": "Polda DI Yogyakarta", "country": "ID", "level": 5, "city": "Kalasan", "speedKMH": 0.0, "length": 144, "turnType": "NONE", "uuid": 1838874174, "endNode": "Jalan Candi Sambisari", "speed": 0.0, "roadType": 1, "delay": -1, "street": "Selokan Mataram", "id": 1838874174, "pubMillis": 1771985837173, "blockingAlertUuid": "4e766d04-09a7-4fa1-bda2-201639cf7583", "startNode": null, "published_wib": "2026-02-25T09:17:17+07:00", "last_update": "2026-03-17T17:14:58+07:00" }, "geometry": { "type": "LineString", "coordinates": [ [ 110.443902, -7.771251 ], [ 110.4452, -7.771139 ] ] } },
{ "type": "Feature", "properties": { "Satwil": "Polrestabes Bandung", "country": "ID", "level": 2, "city": "Bandung", "speedKMH": 19.02, "length": 1023, "turnType": "NONE", "uuid": 1297930520, "endNode": "RH Hasan Saputra", "speed": 5.2833333333333332, "roadType": 2, "delay": 80, "street": "R A A Martanegara", "id": 1297930520, "pubMillis": 1773740589247, "blockingAlertUuid": null, "startNode": null, "published_wib": "2026-03-17T16:43:09+07:00", "last_update": "2026-03-17T17:14:58+07:00" }, "geometry": { "type": "LineString", "coordinates": [ [ 107.625896, -6.932632 ], [ 107.626127, -6.932704 ], [ 107.626256, -6.932782 ], [ 107.627181, -6.933033 ], [ 107.627749, -6.933179 ], [ 107.627861, -6.933213 ], [ 107.628215, -6.933297 ], [ 107.629055, -6.933506 ], [ 107.629253, -6.933557 ], [ 107.631042, -6.93398 ], [ 107.631427, -6.934075 ], [ 107.632164, -6.934244 ], [ 107.63254, -6.934289 ], [ 107.632607, -6.934262 ], [ 107.632843, -6.934249 ], [ 107.633908, -6.934399 ], [ 107.634878, -6.934643 ] ] } },
{ "type": "Feature", "properties": { "Satwil": "Polrestabes Medan", "country": "ID", "level": 2, "city": "Medan", "speedKMH": 17.14, "length": 660, "turnType": "NONE", "uuid": 1301801542, "endNode": "", "speed": 4.7611111111111111, "roadType": 1, "delay": 91, "street": "Banyu Urip", "id": 1301801542, "pubMillis": 1773742024504, "blockingAlertUuid": null, "startNode": null, "published_wib": "2026-03-17T17:07:04+07:00", "last_update": "2026-03-17T17:14:58+07:00" }, "geometry": { "type": "LineString", "coordinates": [ [ 98.642914, 3.700016 ], [ 98.64176, 3.700043 ], [ 98.637873, 3.700133 ], [ 98.637732, 3.700137 ], [ 98.637346, 3.700146 ], [ 98.636981, 3.700155 ] ] } },
{ "type": "Feature", "properties": { "Satwil": "Polrestabes Bandung", "country": "ID", "level": 3, "city": "Bandung", "speedKMH": 10.55, "length": 1087, "turnType": "NONE", "uuid": 1297343790, "endNode": "", "speed": 2.9305555555555554, "roadType": 6, "delay": 306, "street": "Soekarno-Hatta", "id": 1297343790, "pubMillis": 1773740274746, "blockingAlertUuid": null, "startNode": null, "published_wib": "2026-03-17T16:37:54+07:00", "last_update": "2026-03-17T17:14:58+07:00" }, "geometry": { "type": "LineString", "coordinates": [ [ 107.655111, -6.94125 ], [ 107.645737, -6.944232 ] ] } },
{ "type": "Feature", "properties": { "Satwil": "Polrestabes Bandung", "country": "ID", "level": 1, "city": "Bandung", "speedKMH": 19.26, "length": 1552, "turnType": "NONE", "uuid": 1299637338, "endNode": "Dakota Raya", "speed": 5.35, "roadType": 2, "delay": 113, "street": "Jalan Gunung Batu", "id": 1299637338, "pubMillis": 1773741225483, "blockingAlertUuid": null, "startNode": null, "published_wib": "2026-03-17T16:53:45+07:00", "last_update": "2026-03-17T17:14:58+07:00" }, "geometry": { "type": "LineString", "coordinates": [ [ 107.560923, -6.893866 ], [ 107.561002, -6.89385 ], [ 107.561461, -6.894008 ], [ 107.561544, -6.893975 ], [ 107.561614, -6.893919 ], [ 107.561793, -6.893557 ], [ 107.562127, -6.892923 ], [ 107.562146, -6.892791 ], [ 107.562176, -6.892588 ], [ 107.562581, -6.89202 ], [ 107.562755, -6.891738 ], [ 107.563003, -6.891405 ], [ 107.563141, -6.891222 ], [ 107.563298, -6.891022 ], [ 107.563475, -6.890692 ], [ 107.563696, -6.890257 ], [ 107.563945, -6.889815 ], [ 107.564057, -6.889624 ], [ 107.564209, -6.889423 ], [ 107.564612, -6.888979 ], [ 107.564797, -6.888893 ], [ 107.564924, -6.888907 ], [ 107.565498, -6.888992 ], [ 107.566692, -6.889234 ], [ 107.567336, -6.88939 ], [ 107.568323, -6.889509 ], [ 107.569848, -6.889713 ], [ 107.571608, -6.890069 ], [ 107.571946, -6.890168 ] ] } },
{ "type": "Feature", "properties": { "Satwil": "Polrestabes Bandung", "country": "ID", "level": 2, "city": "Bandung", "speedKMH": 16.45, "length": 592, "turnType": "NONE", "uuid": 1302226142, "endNode": "Golf Barat", "speed": 4.5694444444444446, "roadType": 7, "delay": 64, "street": "Arcamanik Endah", "id": 1302226142, "pubMillis": 1773742183477, "blockingAlertUuid": null, "startNode": null, "published_wib": "2026-03-17T17:09:43+07:00", "last_update": "2026-03-17T17:14:58+07:00" }, "geometry": { "type": "LineString", "coordinates": [ [ 107.677099, -6.914641 ], [ 107.676796, -6.915602 ], [ 107.676447, -6.916673 ], [ 107.676312, -6.917013 ], [ 107.676157, -6.91714 ], [ 107.675688, -6.917558 ], [ 107.675611, -6.917639 ], [ 107.675366, -6.917852 ], [ 107.675033, -6.918133 ], [ 107.674161, -6.918891 ] ] } },
{ "type": "Feature", "properties": { "Satwil": "Polda Bali", "country": "ID", "level": 2, "city": "Denpasar", "speedKMH": 28.89, "length": 1156, "turnType": "NONE", "uuid": 1294034154, "endNode": "", "speed": 8.025, "roadType": 6, "delay": 61, "street": "Jalan Bypass Ngurah Rai", "id": 1294034154, "pubMillis": 1773738780803, "blockingAlertUuid": null, "startNode": null, "published_wib": "2026-03-17T16:13:00+07:00", "last_update": "2026-03-17T18:14:58+08:00" }, "geometry": { "type": "LineString", "coordinates": [ [ 115.255116, -8.665053 ], [ 115.25514, -8.665142 ], [ 115.255488, -8.666422 ], [ 115.255751, -8.667241 ], [ 115.256055, -8.667949 ], [ 115.256428, -8.668644 ], [ 115.25658, -8.668912 ], [ 115.257027, -8.669657 ], [ 115.257259, -8.670065 ], [ 115.257479, -8.670463 ], [ 115.258345, -8.671999 ], [ 115.25857, -8.672359 ], [ 115.25865, -8.672511 ], [ 115.25868, -8.672568 ], [ 115.258953, -8.673066 ], [ 115.259625, -8.674206 ], [ 115.259661, -8.674406 ] ] } },
{ "type": "Feature", "properties": { "Satwil": "Polda DI Yogyakarta", "country": "ID", "level": 1, "city": "Girisubo", "speedKMH": 31.03, "length": 1355, "turnType": "NONE", "uuid": 1301043260, "endNode": "Jalan Raya Rongkop-Girisubo", "speed": 8.6194444444444436, "roadType": 6, "delay": 65, "street": "Jalan Raya Rongkop-Girisubo", "id": 1301043260, "pubMillis": 1773741701077, "blockingAlertUuid": null, "startNode": null, "published_wib": "2026-03-17T17:01:41+07:00", "last_update": "2026-03-17T17:14:58+07:00" }, "geometry": { "type": "LineString", "coordinates": [ [ 110.765787, -8.127761 ], [ 110.765796, -8.125375 ], [ 110.765665, -8.12412 ], [ 110.765636, -8.123702 ], [ 110.765574, -8.123321 ], [ 110.765463, -8.122445 ], [ 110.76543, -8.122173 ], [ 110.765378, -8.121746 ], [ 110.765012, -8.121248 ], [ 110.763913, -8.12007 ], [ 110.76302, -8.119154 ], [ 110.76195, -8.117868 ], [ 110.761713, -8.11755 ], [ 110.761582, -8.117357 ], [ 110.761543, -8.117267 ], [ 110.761503, -8.117103 ], [ 110.761489, -8.116963 ] ] } },
{ "type": "Feature", "properties": { "Satwil": "Polda Bali", "country": "ID", "level": 2, "city": "Ubud", "speedKMH": 16.14, "length": 674, "turnType": "NONE", "uuid": 1302780858, "endNode": "Monkey Forest", "speed": 4.4833333333333334, "roadType": 6, "delay": 66, "street": "Hanoman", "id": 1302780858, "pubMillis": 1773742342124, "blockingAlertUuid": null, "startNode": null, "published_wib": "2026-03-17T17:12:22+07:00", "last_update": "2026-03-17T18:14:58+08:00" }, "geometry": { "type": "LineString", "coordinates": [ [ 115.264497, -8.511849 ], [ 115.264178, -8.513314 ], [ 115.263756, -8.515793 ], [ 115.263688, -8.51631 ], [ 115.26366, -8.516647 ], [ 115.263661, -8.516836 ], [ 115.263664, -8.516999 ], [ 115.263649, -8.517154 ], [ 115.263458, -8.517838 ] ] } },
{ "type": "Feature", "properties": { "Satwil": "Polrestabes Medan", "country": "ID", "level": 3, "city": "Medan", "speedKMH": 8.62, "length": 382, "turnType": "NONE", "uuid": 1301341748, "endNode": "Gang Andika", "speed": 2.3944444444444444, "roadType": 2, "delay": 120, "street": "Brigjen Katamso", "id": 1301341748, "pubMillis": 1773741866436, "blockingAlertUuid": null, "startNode": null, "published_wib": "2026-03-17T17:04:26+07:00", "last_update": "2026-03-17T17:14:58+07:00" }, "geometry": { "type": "LineString", "coordinates": [ [ 98.684932, 3.53875 ], [ 98.685016, 3.539784 ], [ 98.685088, 3.540107 ], [ 98.685145, 3.540287 ], [ 98.685199, 3.540443 ], [ 98.685334, 3.540736 ], [ 98.685558, 3.541358 ], [ 98.685715, 3.541785 ], [ 98.685811, 3.542068 ] ] } },
{ "type": "Feature", "properties": { "Satwil": "Polda Bali", "country": "ID", "level": 2, "city": "Kuta", "speedKMH": 12.82, "length": 1351, "turnType": "NONE", "uuid": 1300159306, "endNode": "Melasti", "speed": 3.5611111111111109, "roadType": 2, "delay": 163, "street": "Jalan Pantai Kuta", "id": 1300159306, "pubMillis": 1773741382815, "blockingAlertUuid": null, "startNode": null, "published_wib": "2026-03-17T16:56:22+07:00", "last_update": "2026-03-17T18:14:58+08:00" }, "geometry": { "type": "LineString", "coordinates": [ [ 115.171332, -8.722568 ], [ 115.170912, -8.722585 ], [ 115.169978, -8.722622 ], [ 115.169909, -8.722601 ], [ 115.16986, -8.722537 ], [ 115.169708, -8.721301 ], [ 115.169597, -8.720663 ], [ 115.169545, -8.720361 ], [ 115.169343, -8.719992 ], [ 115.169219, -8.719764 ], [ 115.169081, -8.718662 ], [ 115.16906, -8.718566 ], [ 115.169029, -8.718444 ], [ 115.168594, -8.716643 ], [ 115.168241, -8.715345 ], [ 115.168223, -8.71527 ], [ 115.168174, -8.715074 ], [ 115.167956, -8.714194 ], [ 115.167782, -8.713489 ], [ 115.16769, -8.71312 ], [ 115.167454, -8.712118 ] ] } },
{ "type": "Feature", "properties": { "Satwil": "Polrestabes Bandung", "country": "ID", "level": 4, "city": "Bandung", "speedKMH": 4.17, "length": 716, "turnType": "NONE", "uuid": 1283383648, "endNode": "Arah Holis/Cibeureum", "speed": 1.1583333333333334, "roadType": 3, "delay": 537, "street": "Gerbang Tol Pasir Koja", "id": 1283383648, "pubMillis": 1773734443856, "blockingAlertUuid": null, "startNode": null, "published_wib": "2026-03-17T15:00:43+07:00", "last_update": "2026-03-17T17:14:58+07:00" }, "geometry": { "type": "LineString", "coordinates": [ [ 107.569052, -6.931417 ], [ 107.570922, -6.931403 ], [ 107.572802, -6.931325 ], [ 107.573169, -6.93129 ], [ 107.573412, -6.931246 ], [ 107.573873, -6.931137 ], [ 107.574353, -6.930998 ], [ 107.574887, -6.930808 ], [ 107.575421, -6.930596 ] ] } },
{ "type": "Feature", "properties": { "Satwil": "Polresta Surakarta", "country": "ID", "level": 4, "city": "Surakarta", "speedKMH": 2.61, "length": 211, "turnType": "NONE", "uuid": 1302487294, "endNode": "Brigjen Slamet Riyadi", "speed": 0.725, "roadType": 2, "delay": 230, "street": "Gajah Mada", "id": 1302487294, "pubMillis": 1773742206507, "blockingAlertUuid": null, "startNode": null, "published_wib": "2026-03-17T17:10:06+07:00", "last_update": "2026-03-17T17:14:58+07:00" }, "geometry": { "type": "LineString", "coordinates": [ [ 110.817832, -7.566939 ], [ 110.817772, -7.567135 ], [ 110.817651, -7.56756 ], [ 110.817559, -7.567886 ], [ 110.817535, -7.56797 ], [ 110.817306, -7.568767 ] ] } },
{ "type": "Feature", "properties": { "Satwil": "Polda DI Yogyakarta", "country": "ID", "level": 3, "city": "Nanggulan", "speedKMH": 16.46, "length": 828, "turnType": "NONE", "uuid": 1301306070, "endNode": null, "speed": 4.572222222222222, "roadType": 1, "delay": 118, "street": "", "id": 1301306070, "pubMillis": 1773741867892, "blockingAlertUuid": null, "startNode": null, "published_wib": "2026-03-17T17:04:27+07:00", "last_update": "2026-03-17T17:14:58+07:00" }, "geometry": { "type": "LineString", "coordinates": [ [ 110.212634, -7.747535 ], [ 110.211471, -7.747032 ], [ 110.210407, -7.746724 ], [ 110.210143, -7.747638 ], [ 110.208924, -7.747064 ], [ 110.208359, -7.746737 ], [ 110.207977, -7.746516 ], [ 110.207655, -7.746471 ], [ 110.207223, -7.746325 ], [ 110.206789, -7.746275 ], [ 110.206359, -7.746177 ], [ 110.206365, -7.746113 ] ] } },
{ "type": "Feature", "properties": { "Satwil": "Polda Bali", "country": "ID", "level": 3, "city": "Kuta Selatan", "speedKMH": 12.6, "length": 474, "turnType": "NONE", "uuid": 1301963302, "endNode": "Jalan Danau Batur Raya", "speed": 3.5, "roadType": 6, "delay": 96, "street": "I Gusti Ngurah Rai", "id": 1301963302, "pubMillis": 1773742024699, "blockingAlertUuid": null, "startNode": null, "published_wib": "2026-03-17T17:07:04+07:00", "last_update": "2026-03-17T18:14:58+08:00" }, "geometry": { "type": "LineString", "coordinates": [ [ 115.192189, -8.784742 ], [ 115.191411, -8.784539 ], [ 115.190619, -8.78432 ], [ 115.19007, -8.784182 ], [ 115.189505, -8.784039 ], [ 115.189264, -8.784 ], [ 115.18903, -8.783981 ], [ 115.188323, -8.784022 ], [ 115.187983, -8.78405 ] ] } },
{ "type": "Feature", "properties": { "Satwil": "Polrestabes Bandung", "country": "ID", "level": 4, "city": "Bandung", "speedKMH": 4.89, "length": 307, "turnType": "NONE", "uuid": 1298686636, "endNode": "Soekarno-Hatta", "speed": 1.3583333333333334, "roadType": 2, "delay": 159, "street": "Wa'as", "id": 1298686636, "pubMillis": 1773740911903, "blockingAlertUuid": null, "startNode": null, "published_wib": "2026-03-17T16:48:31+07:00", "last_update": "2026-03-17T17:14:58+07:00" }, "geometry": { "type": "LineString", "coordinates": [ [ 107.626986, -6.951653 ], [ 107.626835, -6.951676 ], [ 107.626631, -6.951684 ], [ 107.62645, -6.951701 ], [ 107.62632, -6.951652 ], [ 107.626217, -6.951095 ], [ 107.626154, -6.950683 ], [ 107.626088, -6.950458 ], [ 107.62605, -6.950017 ], [ 107.626033, -6.949572 ] ] } },
{ "type": "Feature", "properties": { "Satwil": "Polrestabes Bandung", "country": "ID", "level": 2, "city": "Bandung", "speedKMH": 11.37, "length": 463, "turnType": "NONE", "uuid": 1301828992, "endNode": "Jalan Cilamaya", "speed": 3.1583333333333332, "roadType": 2, "delay": 84, "street": "Jalan Banda", "id": 1301828992, "pubMillis": 1773742021681, "blockingAlertUuid": null, "startNode": null, "published_wib": "2026-03-17T17:07:01+07:00", "last_update": "2026-03-17T17:14:58+07:00" }, "geometry": { "type": "LineString", "coordinates": [ [ 107.61707, -6.907444 ], [ 107.616803, -6.906203 ], [ 107.616722, -6.905974 ], [ 107.616615, -6.90516 ], [ 107.616615, -6.904667 ], [ 107.616699, -6.904291 ], [ 107.616828, -6.903983 ], [ 107.617194, -6.903457 ] ] } },
{ "type": "Feature", "properties": { "Satwil": "Polda Bali", "country": "ID", "level": 2, "city": "Kuta Selatan", "speedKMH": 18.97, "length": 1262, "turnType": "NONE", "uuid": 1301904846, "endNode": "Uluwatu 1", "speed": 5.2694444444444448, "roadType": 2, "delay": 99, "street": "Uluwatu 1", "id": 1301904846, "pubMillis": 1773742043004, "blockingAlertUuid": null, "startNode": null, "published_wib": "2026-03-17T17:07:23+07:00", "last_update": "2026-03-17T18:14:58+08:00" }, "geometry": { "type": "LineString", "coordinates": [ [ 115.169734, -8.777989 ], [ 115.16989, -8.777902 ], [ 115.170098, -8.777775 ], [ 115.170155, -8.777713 ], [ 115.17017, -8.777697 ], [ 115.170365, -8.77736 ], [ 115.170942, -8.776364 ], [ 115.170971, -8.776314 ], [ 115.171031, -8.776194 ], [ 115.171127, -8.77601 ], [ 115.171353, -8.775575 ], [ 115.171439, -8.77541 ], [ 115.171672, -8.774964 ], [ 115.171854, -8.77459 ], [ 115.171887, -8.774514 ], [ 115.17204, -8.774139 ], [ 115.172109, -8.773973 ], [ 115.172552, -8.772864 ], [ 115.172673, -8.772556 ], [ 115.172903, -8.771971 ], [ 115.173214, -8.770803 ], [ 115.173392, -8.770157 ], [ 115.173545, -8.769541 ], [ 115.173776, -8.76869 ], [ 115.174094, -8.767601 ] ] } },
{ "type": "Feature", "properties": { "Satwil": "Polrestabes Bandung", "country": "ID", "level": 3, "city": "Bandung", "speedKMH": 14.12, "length": 506, "turnType": "NONE", "uuid": 1302348254, "endNode": "RA Wiranatakusumah", "speed": 3.9222222222222221, "roadType": 6, "delay": 78, "street": "Pasteur", "id": 1302348254, "pubMillis": 1773742185323, "blockingAlertUuid": null, "startNode": null, "published_wib": "2026-03-17T17:09:45+07:00", "last_update": "2026-03-17T17:14:58+07:00" }, "geometry": { "type": "LineString", "coordinates": [ [ 107.59772, -6.900156 ], [ 107.598856, -6.900163 ], [ 107.598979, -6.900162 ], [ 107.599246, -6.900161 ], [ 107.599793, -6.90016 ], [ 107.601013, -6.900157 ], [ 107.601065, -6.900157 ], [ 107.602282, -6.900165 ] ] } },
{ "type": "Feature", "properties": { "Satwil": "Polda DI Yogyakarta", "country": "ID", "level": 2, "city": "Piyungan", "speedKMH": 20.86, "length": 1386, "turnType": "NONE", "uuid": 1301970888, "endNode": "Jalan Raya Jogja-Wonosari", "speed": 5.7944444444444443, "roadType": 7, "delay": 132, "street": "Jalan Raya Piyungan-Prambanan", "id": 1301970888, "pubMillis": 1773742022361, "blockingAlertUuid": null, "startNode": null, "published_wib": "2026-03-17T17:07:02+07:00", "last_update": "2026-03-17T17:14:58+07:00" }, "geometry": { "type": "LineString", "coordinates": [ [ 110.479075, -7.825965 ], [ 110.478384, -7.828601 ], [ 110.4779, -7.830436 ], [ 110.477256, -7.833346 ], [ 110.476976, -7.834709 ], [ 110.476634, -7.836529 ], [ 110.476399, -7.837269 ], [ 110.476061, -7.838108 ] ] } },
{ "type": "Feature", "properties": { "Satwil": "Polresta Surakarta", "country": "ID", "level": 4, "city": "Colomadu", "speedKMH": 3.68, "length": 156, "turnType": "NONE", "uuid": 1302320482, "endNode": "Adi Sumarmo", "speed": 1.0222222222222221, "roadType": 7, "delay": 134, "street": "Adi Soemarmo", "id": 1302320482, "pubMillis": 1773742186699, "blockingAlertUuid": null, "startNode": null, "published_wib": "2026-03-17T17:09:46+07:00", "last_update": "2026-03-17T17:14:58+07:00" }, "geometry": { "type": "LineString", "coordinates": [ [ 110.798476, -7.535958 ], [ 110.798771, -7.535994 ], [ 110.799557, -7.536148 ], [ 110.799731, -7.53622 ], [ 110.799861, -7.536238 ] ] } },
{ "type": "Feature", "properties": { "Satwil": "Polda Bali", "country": "ID", "level": 2, "city": "Sukawati", "speedKMH": 18.88, "length": 1532, "turnType": "NONE", "uuid": 1302363942, "endNode": "Batuyang", "speed": 5.2444444444444445, "roadType": 6, "delay": 159, "street": "Jalan Raya Batubulan", "id": 1302363942, "pubMillis": 1773742181571, "blockingAlertUuid": null, "startNode": null, "published_wib": "2026-03-17T17:09:41+07:00", "last_update": "2026-03-17T18:14:58+08:00" }, "geometry": { "type": "LineString", "coordinates": [ [ 115.253743, -8.61455 ], [ 115.253852, -8.615171 ], [ 115.253951, -8.615768 ], [ 115.254213, -8.616952 ], [ 115.254276, -8.617238 ], [ 115.254464, -8.618037 ], [ 115.254612, -8.618608 ], [ 115.254711, -8.61899 ], [ 115.254788, -8.619245 ], [ 115.254838, -8.619354 ], [ 115.2549, -8.61949 ], [ 115.255001, -8.619718 ], [ 115.25515, -8.620056 ], [ 115.255201, -8.620171 ], [ 115.255484, -8.620905 ], [ 115.255645, -8.621324 ], [ 115.25586, -8.621815 ], [ 115.256096, -8.622109 ], [ 115.256278, -8.62238 ], [ 115.256386, -8.622626 ], [ 115.256576, -8.623222 ], [ 115.25678, -8.623859 ], [ 115.256894, -8.624139 ], [ 115.256976, -8.624335 ], [ 115.257084, -8.624595 ], [ 115.257285, -8.625076 ], [ 115.257332, -8.625211 ], [ 115.257396, -8.625392 ], [ 115.257915, -8.626865 ], [ 115.258053, -8.627256 ], [ 115.258173, -8.627598 ] ] } },
{ "type": "Feature", "properties": { "Satwil": "Polrestabes Medan", "country": "ID", "level": 2, "city": "Medan", "speedKMH": 23.42, "length": 1019, "turnType": "NONE", "uuid": 1301282476, "endNode": "N4 Letjen Jamin Ginting", "speed": 6.5055555555555555, "roadType": 2, "delay": 65, "street": "Robert Wolter Monginsidi", "id": 1301282476, "pubMillis": 1773741865724, "blockingAlertUuid": null, "startNode": null, "published_wib": "2026-03-17T17:04:25+07:00", "last_update": "2026-03-17T17:14:58+07:00" }, "geometry": { "type": "LineString", "coordinates": [ [ 98.670385, 3.57105 ], [ 98.669735, 3.571068 ], [ 98.668787, 3.571073 ], [ 98.666799, 3.57111 ], [ 98.666314, 3.571112 ], [ 98.665576, 3.571106 ], [ 98.665449, 3.571104 ], [ 98.663658, 3.571146 ], [ 98.663592, 3.571161 ], [ 98.663516, 3.571195 ], [ 98.663394, 3.571266 ], [ 98.663237, 3.571389 ], [ 98.663054, 3.571583 ], [ 98.661943, 3.572856 ] ] } },
{ "type": "Feature", "properties": { "Satwil": "Polrestabes Bandung", "country": "ID", "level": 3, "city": "Bandung", "speedKMH": 12.74, "length": 550, "turnType": "NONE", "uuid": 1302222036, "endNode": "Jalan Malabar", "speed": 3.5388888888888888, "roadType": 2, "delay": 73, "street": "Gatot Subroto", "id": 1302222036, "pubMillis": 1773742181129, "blockingAlertUuid": null, "startNode": null, "published_wib": "2026-03-17T17:09:41+07:00", "last_update": "2026-03-17T17:14:58+07:00" }, "geometry": { "type": "LineString", "coordinates": [ [ 107.629938, -6.925119 ], [ 107.629369, -6.924976 ], [ 107.628005, -6.92461 ], [ 107.627793, -6.924562 ], [ 107.627668, -6.924527 ], [ 107.627442, -6.924485 ], [ 107.627372, -6.924452 ], [ 107.627231, -6.924377 ], [ 107.625437, -6.924044 ], [ 107.625104, -6.923979 ] ] } },
{ "type": "Feature", "properties": { "Satwil": "Polrestabes Bandung", "country": "ID", "level": 3, "city": "Bandung", "speedKMH": 6.81, "length": 312, "turnType": "NONE", "uuid": 1297316124, "endNode": "Jalan Jakarta", "speed": 1.8916666666666666, "roadType": 1, "delay": 114, "street": "Jalan Bogor", "id": 1297316124, "pubMillis": 1773740270656, "blockingAlertUuid": null, "startNode": null, "published_wib": "2026-03-17T16:37:50+07:00", "last_update": "2026-03-17T17:14:58+07:00" }, "geometry": { "type": "LineString", "coordinates": [ [ 107.63734, -6.911869 ], [ 107.637419, -6.911939 ], [ 107.637502, -6.912036 ], [ 107.637616, -6.912311 ], [ 107.637616, -6.912372 ], [ 107.637541, -6.91263 ], [ 107.637232, -6.91363 ], [ 107.637336, -6.914539 ] ] } },
{ "type": "Feature", "properties": { "Satwil": "Polrestabes Bandung", "country": "ID", "level": 3, "city": "Bandung", "speedKMH": 8.61, "length": 1089, "turnType": "NONE", "uuid": 1301903860, "endNode": "Soekarno-Hatta", "speed": 2.3916666666666666, "roadType": 7, "delay": 367, "street": "Soekarno-Hatta (Jalur Lambat)", "id": 1301903860, "pubMillis": 1773742023805, "blockingAlertUuid": null, "startNode": null, "published_wib": "2026-03-17T17:07:03+07:00", "last_update": "2026-03-17T17:14:58+07:00" }, "geometry": { "type": "LineString", "coordinates": [ [ 107.651766, -6.942405 ], [ 107.650386, -6.942839 ], [ 107.65021, -6.942895 ], [ 107.64685, -6.943983 ], [ 107.646681, -6.944034 ], [ 107.646298, -6.944151 ], [ 107.64565, -6.944348 ], [ 107.644321, -6.944786 ], [ 107.642644, -6.945307 ], [ 107.642362, -6.94534 ] ] } },
{ "type": "Feature", "properties": { "Satwil": "Polda Bali", "country": "ID", "level": 1, "city": "Tejakula", "speedKMH": 28.06, "length": 1472, "turnType": "NONE", "uuid": 1302296924, "endNode": null, "speed": 7.7944444444444443, "roadType": 1, "delay": 83, "street": "", "id": 1302296924, "pubMillis": 1773742185338, "blockingAlertUuid": null, "startNode": null, "published_wib": "2026-03-17T17:09:45+07:00", "last_update": "2026-03-17T18:14:58+08:00" }, "geometry": { "type": "LineString", "coordinates": [ [ 115.451643, -8.166504 ], [ 115.451357, -8.166867 ], [ 115.450869, -8.167562 ], [ 115.450145, -8.168369 ], [ 115.449651, -8.168958 ], [ 115.449244, -8.169612 ], [ 115.448852, -8.169947 ], [ 115.448607, -8.169743 ], [ 115.447726, -8.169012 ], [ 115.446497, -8.170329 ], [ 115.445832, -8.170775 ], [ 115.445478, -8.170759 ], [ 115.444684, -8.170026 ], [ 115.444443, -8.170078 ], [ 115.444046, -8.170477 ], [ 115.443616, -8.170833 ], [ 115.443473, -8.170992 ], [ 115.443118, -8.171383 ], [ 115.443024, -8.171412 ], [ 115.442935, -8.171391 ], [ 115.442847, -8.171237 ], [ 115.442388, -8.171597 ], [ 115.442129, -8.171786 ] ] } },
{ "type": "Feature", "properties": { "Satwil": "Polrestabes Bandung", "country": "ID", "level": 2, "city": "Bandung", "speedKMH": 20.05, "length": 1007, "turnType": "NONE", "uuid": 1302910952, "endNode": "Garuda", "speed": 5.5694444444444446, "roadType": 6, "delay": 88, "street": "Rajawali Barat", "id": 1302910952, "pubMillis": 1773742343728, "blockingAlertUuid": null, "startNode": null, "published_wib": "2026-03-17T17:12:23+07:00", "last_update": "2026-03-17T17:14:58+07:00" }, "geometry": { "type": "LineString", "coordinates": [ [ 107.569082, -6.910445 ], [ 107.569214, -6.910537 ], [ 107.569469, -6.910647 ], [ 107.569694, -6.910739 ], [ 107.569976, -6.910852 ], [ 107.571057, -6.911286 ], [ 107.571839, -6.9116 ], [ 107.572941, -6.912042 ], [ 107.573505, -6.91226 ], [ 107.573725, -6.912345 ], [ 107.574639, -6.912699 ], [ 107.574776, -6.912752 ], [ 107.575396, -6.912992 ], [ 107.575714, -6.913115 ], [ 107.575808, -6.913153 ], [ 107.576181, -6.913288 ], [ 107.576256, -6.913314 ], [ 107.576546, -6.913407 ], [ 107.577104, -6.913538 ], [ 107.577589, -6.913658 ] ] } },
{ "type": "Feature", "properties": { "Satwil": "Polda Bali", "country": "ID", "level": 4, "city": "Denpasar", "speedKMH": 6.45, "length": 230, "turnType": "NONE", "uuid": 1301936282, "endNode": "", "speed": 1.7916666666666667, "roadType": 6, "delay": 79, "street": "Jalan Bypass Ngurah Rai", "id": 1301936282, "pubMillis": 1773742030402, "blockingAlertUuid": null, "startNode": null, "published_wib": "2026-03-17T17:07:10+07:00", "last_update": "2026-03-17T18:14:58+08:00" }, "geometry": { "type": "LineString", "coordinates": [ [ 115.258961, -8.6843 ], [ 115.259124, -8.682853 ], [ 115.259194, -8.682234 ] ] } },
{ "type": "Feature", "properties": { "Satwil": "Polda Bali", "country": "ID", "level": 2, "city": "Denpasar", "speedKMH": 23.46, "length": 1267, "turnType": "NONE", "uuid": 1296857210, "endNode": "", "speed": 6.5166666666666666, "roadType": 6, "delay": 102, "street": "Jalan Bypass Ngurah Rai", "id": 1296857210, "pubMillis": 1773740107436, "blockingAlertUuid": null, "startNode": null, "published_wib": "2026-03-17T16:35:07+07:00", "last_update": "2026-03-17T18:14:58+08:00" }, "geometry": { "type": "LineString", "coordinates": [ [ 115.215458, -8.717143 ], [ 115.216274, -8.717317 ], [ 115.216521, -8.717346 ], [ 115.216986, -8.717343 ], [ 115.217382, -8.71724 ], [ 115.217667, -8.717135 ], [ 115.217983, -8.716977 ], [ 115.218478, -8.716693 ], [ 115.218513, -8.716673 ], [ 115.219268, -8.716238 ], [ 115.219459, -8.716128 ], [ 115.220474, -8.715525 ], [ 115.221876, -8.714693 ], [ 115.223066, -8.713983 ], [ 115.223336, -8.713828 ], [ 115.225621, -8.71244 ] ] } },
{ "type": "Feature", "properties": { "Satwil": "Polrestabes Bandung", "country": "ID", "level": 4, "city": "Bandung", "speedKMH": 2.7, "length": 971, "turnType": "NONE", "uuid": 1266155054, "endNode": "Soekarno-Hatta", "speed": 0.75, "roadType": 7, "delay": 1211, "street": "Buah Batu", "id": 1266155054, "pubMillis": 1773729166585, "blockingAlertUuid": null, "startNode": null, "published_wib": "2026-03-17T13:32:46+07:00", "last_update": "2026-03-17T17:14:58+07:00" }, "geometry": { "type": "LineString", "coordinates": [ [ 107.626173, -6.940519 ], [ 107.627535, -6.94197 ], [ 107.627914, -6.942388 ], [ 107.628592, -6.94309 ], [ 107.628994, -6.943565 ], [ 107.62992, -6.944545 ], [ 107.630167, -6.944787 ], [ 107.631315, -6.945925 ], [ 107.63162, -6.946229 ], [ 107.631693, -6.946264 ], [ 107.632266, -6.946825 ] ] } },
{ "type": "Feature", "properties": { "Satwil": "Polrestabes Medan", "country": "ID", "level": 1, "city": "Medan", "speedKMH": 26.34, "length": 2257, "turnType": "NONE", "uuid": 1301511142, "endNode": "", "speed": 7.3166666666666664, "roadType": 2, "delay": 124, "street": "Teuku Amir Hamzah", "id": 1301511142, "pubMillis": 1773741865033, "blockingAlertUuid": null, "startNode": null, "published_wib": "2026-03-17T17:04:25+07:00", "last_update": "2026-03-17T17:14:58+07:00" }, "geometry": { "type": "LineString", "coordinates": [ [ 98.669042, 3.606667 ], [ 98.668783, 3.60676 ], [ 98.66865, 3.606795 ], [ 98.666803, 3.606889 ], [ 98.666731, 3.606893 ], [ 98.666116, 3.606918 ], [ 98.665099, 3.606967 ], [ 98.663429, 3.607013 ], [ 98.661659, 3.60711 ], [ 98.659741, 3.607366 ], [ 98.659166, 3.607463 ], [ 98.657759, 3.607767 ], [ 98.65541, 3.607793 ], [ 98.652798, 3.607844 ], [ 98.651851, 3.607864 ], [ 98.650738, 3.607891 ], [ 98.648812, 3.60796 ] ] } },
{ "type": "Feature", "properties": { "Satwil": "Polrestabes Bandung", "country": "ID", "level": 3, "city": "Bandung", "speedKMH": 9.79, "length": 469, "turnType": "NONE", "uuid": 1266810190, "endNode": "Arah Kiaracondong/Soekarno Hatta", "speed": 2.7194444444444446, "roadType": 7, "delay": 124, "street": "Jenderal Ibrahim Adjie", "id": 1266810190, "pubMillis": 1773729484860, "blockingAlertUuid": null, "startNode": null, "published_wib": "2026-03-17T13:38:04+07:00", "last_update": "2026-03-17T17:14:58+07:00" }, "geometry": { "type": "LineString", "coordinates": [ [ 107.643223, -6.90888 ], [ 107.643394, -6.91046 ], [ 107.643404, -6.910565 ], [ 107.643455, -6.911113 ], [ 107.6435, -6.911594 ], [ 107.643529, -6.911907 ], [ 107.64359, -6.912568 ], [ 107.643617, -6.912878 ], [ 107.643637, -6.913105 ] ] } },
{ "type": "Feature", "properties": { "Satwil": "Polda Bali", "country": "ID", "level": 4, "city": "Denpasar", "speedKMH": 2.07, "length": 136, "turnType": "NONE", "uuid": 1302886950, "endNode": "Buana Raya", "speed": 0.575, "roadType": 2, "delay": 218, "street": "Jalan Gunung Tangkuban Perahu", "id": 1302886950, "pubMillis": 1773742342722, "blockingAlertUuid": null, "startNode": null, "published_wib": "2026-03-17T17:12:22+07:00", "last_update": "2026-03-17T18:14:58+08:00" }, "geometry": { "type": "LineString", "coordinates": [ [ 115.184668, -8.65772 ], [ 115.185896, -8.65781 ] ] } },
{ "type": "Feature", "properties": { "Satwil": "Polda DI Yogyakarta", "country": "ID", "level": 4, "city": "Mlati", "speedKMH": 4.08, "length": 644, "turnType": "NONE", "uuid": 1300462150, "endNode": "Jalan Selokan Mataram", "speed": 1.1333333333333333, "roadType": 7, "delay": 500, "street": "Jalan Raya Magelang", "id": 1300462150, "pubMillis": 1773741544344, "blockingAlertUuid": null, "startNode": null, "published_wib": "2026-03-17T16:59:04+07:00", "last_update": "2026-03-17T17:14:58+07:00" }, "geometry": { "type": "LineString", "coordinates": [ [ 110.361512, -7.767162 ], [ 110.361537, -7.766559 ], [ 110.361564, -7.765827 ], [ 110.361583, -7.765442 ], [ 110.361654, -7.763797 ], [ 110.361707, -7.762592 ], [ 110.361757, -7.761343 ] ] } },
{ "type": "Feature", "properties": { "Satwil": "Polda DI Yogyakarta", "country": "ID", "level": 2, "city": "Depok (Sleman)", "speedKMH": 13.0, "length": 498, "turnType": "NONE", "uuid": 1301345724, "endNode": "Lembah Karang Malang", "speed": 3.6111111111111112, "roadType": 7, "delay": 84, "street": "Colombo", "id": 1301345724, "pubMillis": 1773741865911, "blockingAlertUuid": null, "startNode": null, "published_wib": "2026-03-17T17:04:25+07:00", "last_update": "2026-03-17T17:14:58+07:00" }, "geometry": { "type": "LineString", "coordinates": [ [ 110.37936, -7.776269 ], [ 110.37949, -7.776275 ], [ 110.379853, -7.776448 ], [ 110.380051, -7.776496 ], [ 110.380576, -7.776586 ], [ 110.380733, -7.776642 ], [ 110.381529, -7.776725 ], [ 110.382156, -7.776838 ], [ 110.383281, -7.776976 ], [ 110.383777, -7.777118 ] ] } },
{ "type": "Feature", "properties": { "Satwil": "Polrestabes Bandung", "country": "ID", "level": 2, "city": "Cimahi", "speedKMH": 17.1, "length": 1523, "turnType": "NONE", "uuid": 1299240592, "endNode": "Rajawali Barat", "speed": 4.75, "roadType": 6, "delay": 196, "street": "Jenderal Haji Amir Machmud", "id": 1299240592, "pubMillis": 1773741069091, "blockingAlertUuid": null, "startNode": null, "published_wib": "2026-03-17T16:51:09+07:00", "last_update": "2026-03-17T17:14:58+07:00" }, "geometry": { "type": "LineString", "coordinates": [ [ 107.561981, -6.898664 ], [ 107.56378, -6.901665 ], [ 107.564091, -6.902178 ], [ 107.564429, -6.902712 ], [ 107.564524, -6.902901 ], [ 107.564555, -6.902953 ], [ 107.565198, -6.904008 ], [ 107.565749, -6.904901 ], [ 107.566601, -6.906328 ], [ 107.566935, -6.906884 ], [ 107.56753, -6.907875 ], [ 107.567752, -6.908233 ], [ 107.568073, -6.908796 ], [ 107.568411, -6.909354 ], [ 107.569082, -6.910445 ] ] } },
{ "type": "Feature", "properties": { "Satwil": "Polda DI Yogyakarta", "country": "ID", "level": 4, "city": "Yogyakarta", "speedKMH": 4.62, "length": 335, "turnType": "NONE", "uuid": 1297577344, "endNode": "Letjen Suprapto", "speed": 1.2833333333333334, "roadType": 7, "delay": 173, "street": "Tentara Rakyat Mataram", "id": 1297577344, "pubMillis": 1773740425284, "blockingAlertUuid": null, "startNode": null, "published_wib": "2026-03-17T16:40:25+07:00", "last_update": "2026-03-17T17:14:58+07:00" }, "geometry": { "type": "LineString", "coordinates": [ [ 110.359466, -7.787637 ], [ 110.35912, -7.787735 ], [ 110.358793, -7.787916 ], [ 110.357716, -7.788235 ], [ 110.357633, -7.788305 ], [ 110.357602, -7.788372 ], [ 110.357543, -7.788958 ], [ 110.357486, -7.789364 ] ] } },
{ "type": "Feature", "properties": { "Satwil": "Polda Bali", "country": "ID", "level": 3, "city": "Kuta", "speedKMH": 9.31, "length": 837, "turnType": "NONE", "uuid": 1301837182, "endNode": "", "speed": 2.5861111111111112, "roadType": 6, "delay": 191, "street": "Sunset Road", "id": 1301837182, "pubMillis": 1773742026020, "blockingAlertUuid": null, "startNode": null, "published_wib": "2026-03-17T17:07:06+07:00", "last_update": "2026-03-17T18:14:58+08:00" }, "geometry": { "type": "LineString", "coordinates": [ [ 115.180425, -8.702786 ], [ 115.181226, -8.703933 ], [ 115.181503, -8.704328 ], [ 115.182414, -8.705634 ], [ 115.182674, -8.70599 ], [ 115.182783, -8.706173 ], [ 115.183672, -8.707701 ], [ 115.18451, -8.709166 ] ] } },
{ "type": "Feature", "properties": { "Satwil": "Polda Bali", "country": "ID", "level": 1, "city": "Mengwi", "speedKMH": 21.37, "length": 1266, "turnType": "NONE", "uuid": 1302843822, "endNode": "Jalan Raya Canggu", "speed": 5.9361111111111109, "roadType": 7, "delay": 68, "street": "Jalan Raya Canggu", "id": 1302843822, "pubMillis": 1773742344232, "blockingAlertUuid": null, "startNode": null, "published_wib": "2026-03-17T17:12:24+07:00", "last_update": "2026-03-17T18:14:58+08:00" }, "geometry": { "type": "LineString", "coordinates": [ [ 115.131341, -8.629437 ], [ 115.131701, -8.629648 ], [ 115.132271, -8.630083 ], [ 115.132711, -8.630629 ], [ 115.132782, -8.63068 ], [ 115.13294, -8.630794 ], [ 115.133567, -8.631235 ], [ 115.134265, -8.631564 ], [ 115.134292, -8.631841 ], [ 115.135957, -8.632679 ], [ 115.136526, -8.633024 ], [ 115.137191, -8.633297 ], [ 115.138007, -8.633799 ], [ 115.13874, -8.634249 ], [ 115.139792, -8.634697 ], [ 115.141055, -8.635186 ] ] } },
{ "type": "Feature", "properties": { "Satwil": "Polda Bali", "country": "ID", "level": 2, "city": "Denpasar", "speedKMH": 23.59, "length": 870, "turnType": "NONE", "uuid": 1302352152, "endNode": "Pegangsaan Timur", "speed": 6.552777777777778, "roadType": 7, "delay": 60, "street": "Jalan Raya Puputan Niti Mandala", "id": 1302352152, "pubMillis": 1773742182351, "blockingAlertUuid": null, "startNode": null, "published_wib": "2026-03-17T17:09:42+07:00", "last_update": "2026-03-17T18:14:58+08:00" }, "geometry": { "type": "LineString", "coordinates": [ [ 115.233447, -8.673177 ], [ 115.232195, -8.673107 ], [ 115.230235, -8.672987 ], [ 115.228231, -8.672919 ], [ 115.22637, -8.672812 ], [ 115.226097, -8.672797 ], [ 115.225556, -8.672776 ] ] } },
{ "type": "Feature", "properties": { "Satwil": "Polrestabes Bandung", "country": "ID", "level": 3, "city": "Bandung", "speedKMH": 5.51, "length": 223, "turnType": "NONE", "uuid": 1301738538, "endNode": "", "speed": 1.5305555555555554, "roadType": 2, "delay": 100, "street": "Ciumbuleuit", "id": 1301738538, "pubMillis": 1773742025745, "blockingAlertUuid": null, "startNode": null, "published_wib": "2026-03-17T17:07:05+07:00", "last_update": "2026-03-17T17:14:58+07:00" }, "geometry": { "type": "LineString", "coordinates": [ [ 107.605259, -6.864087 ], [ 107.605574, -6.865046 ], [ 107.605602, -6.865446 ], [ 107.60564, -6.865563 ], [ 107.605719, -6.865635 ], [ 107.606041, -6.865827 ] ] } },
{ "type": "Feature", "properties": { "Satwil": "Polda DI Yogyakarta", "country": "ID", "level": 2, "city": "Pandak", "speedKMH": 26.57, "length": 1383, "turnType": "NONE", "uuid": 1301574754, "endNode": "Jalan Sapuangin - Sanden", "speed": 7.3805555555555555, "roadType": 7, "delay": 94, "street": "Srandakan Raya", "id": 1301574754, "pubMillis": 1773741873063, "blockingAlertUuid": null, "startNode": null, "published_wib": "2026-03-17T17:04:33+07:00", "last_update": "2026-03-17T17:14:58+07:00" }, "geometry": { "type": "LineString", "coordinates": [ [ 110.281383, -7.921705 ], [ 110.279573, -7.924256 ], [ 110.279302, -7.924598 ], [ 110.276178, -7.927878 ], [ 110.275646, -7.928453 ], [ 110.275234, -7.928818 ], [ 110.272819, -7.930762 ] ] } },
{ "type": "Feature", "properties": { "Satwil": "Polda Bali", "country": "ID", "level": 2, "city": "Ubud", "speedKMH": 22.65, "length": 860, "turnType": "NONE", "uuid": 1302285010, "endNode": "Cokorda Gede Rai", "speed": 6.291666666666667, "roadType": 2, "delay": 69, "street": "Jalan Raya Andong", "id": 1302285010, "pubMillis": 1773742182860, "blockingAlertUuid": null, "startNode": null, "published_wib": "2026-03-17T17:09:42+07:00", "last_update": "2026-03-17T18:14:58+08:00" }, "geometry": { "type": "LineString", "coordinates": [ [ 115.272475, -8.501302 ], [ 115.272053, -8.504084 ], [ 115.271895, -8.505128 ], [ 115.271864, -8.505308 ], [ 115.271511, -8.507614 ], [ 115.271483, -8.507846 ], [ 115.271328, -8.508998 ] ] } },
{ "type": "Feature", "properties": { "Satwil": "Polda Bali", "country": "ID", "level": 2, "city": "Kuta", "speedKMH": 15.17, "length": 780, "turnType": "NONE", "uuid": 1302745452, "endNode": "Jalan Raya Tuban", "speed": 4.2138888888888886, "roadType": 6, "delay": 98, "street": "Jalan Raya Kuta", "id": 1302745452, "pubMillis": 1773742349065, "blockingAlertUuid": null, "startNode": null, "published_wib": "2026-03-17T17:12:29+07:00", "last_update": "2026-03-17T18:14:58+08:00" }, "geometry": { "type": "LineString", "coordinates": [ [ 115.177247, -8.729935 ], [ 115.177454, -8.731704 ], [ 115.177656, -8.733125 ], [ 115.177674, -8.733281 ], [ 115.177789, -8.734237 ], [ 115.177829, -8.734565 ], [ 115.177972, -8.73576 ], [ 115.178055, -8.736383 ], [ 115.178128, -8.736934 ] ] } },
{ "type": "Feature", "properties": { "Satwil": "Polda DI Yogyakarta", "country": "ID", "level": 2, "city": "Depok (Sleman)", "speedKMH": 15.02, "length": 832, "turnType": "NONE", "uuid": 1297632660, "endNode": "Padjajaran", "speed": 4.1722222222222225, "roadType": 7, "delay": 114, "street": "Affandi", "id": 1297632660, "pubMillis": 1773740428442, "blockingAlertUuid": null, "startNode": null, "published_wib": "2026-03-17T16:40:28+07:00", "last_update": "2026-03-17T17:14:58+07:00" }, "geometry": { "type": "LineString", "coordinates": [ [ 110.392018, -7.766304 ], [ 110.392426, -7.765269 ], [ 110.392561, -7.76503 ], [ 110.39315, -7.764172 ], [ 110.393577, -7.763511 ], [ 110.393661, -7.763355 ], [ 110.393698, -7.763235 ], [ 110.394067, -7.761744 ], [ 110.394187, -7.761254 ], [ 110.394882, -7.760044 ], [ 110.394992, -7.759851 ], [ 110.395163, -7.759557 ] ] } },
{ "type": "Feature", "properties": { "Satwil": "Polrestabes Bandung", "country": "ID", "level": 3, "city": "Bandung", "speedKMH": 7.01, "length": 477, "turnType": "NONE", "uuid": 1301007926, "endNode": "Jalan Raya Cibiru", "speed": 1.9472222222222222, "roadType": 6, "delay": 198, "street": "Jalan Raya Cibiru", "id": 1301007926, "pubMillis": 1773741702723, "blockingAlertUuid": null, "startNode": null, "published_wib": "2026-03-17T17:01:42+07:00", "last_update": "2026-03-17T17:14:58+07:00" }, "geometry": { "type": "LineString", "coordinates": [ [ 107.71789, -6.934773 ], [ 107.718172, -6.934882 ], [ 107.718265, -6.934912 ], [ 107.71853, -6.934982 ], [ 107.718648, -6.934993 ], [ 107.718958, -6.93497 ], [ 107.720121, -6.934704 ], [ 107.7203, -6.93471 ], [ 107.720673, -6.934642 ], [ 107.721188, -6.934498 ], [ 107.722013, -6.934059 ] ] } },
{ "type": "Feature", "properties": { "Satwil": "Polda Bali", "country": "ID", "level": 4, "city": "Mengwi", "speedKMH": 4.91, "length": 399, "turnType": "NONE", "uuid": 1299696150, "endNode": "Reducuk", "speed": 1.3638888888888889, "roadType": 6, "delay": 255, "street": "Jalan Raya Mengwi", "id": 1299696150, "pubMillis": 1773741225031, "blockingAlertUuid": null, "startNode": null, "published_wib": "2026-03-17T16:53:45+07:00", "last_update": "2026-03-17T18:14:58+08:00" }, "geometry": { "type": "LineString", "coordinates": [ [ 115.173345, -8.563831 ], [ 115.173571, -8.564367 ], [ 115.173673, -8.564678 ], [ 115.173336, -8.564548 ], [ 115.171511, -8.563964 ], [ 115.171092, -8.563834 ] ] } },
{ "type": "Feature", "properties": { "Satwil": "Polda DI Yogyakarta", "country": "ID", "level": 3, "city": "Sleman", "speedKMH": 18.39, "length": 762, "turnType": "NONE", "uuid": 1301496652, "endNode": "Parasamya", "speed": 5.1083333333333334, "roadType": 6, "delay": 99, "street": "Jalan Raya Magelang", "id": 1301496652, "pubMillis": 1773741895440, "blockingAlertUuid": null, "startNode": null, "published_wib": "2026-03-17T17:04:55+07:00", "last_update": "2026-03-17T17:14:58+07:00" }, "geometry": { "type": "LineString", "coordinates": [ [ 110.360557, -7.718696 ], [ 110.360372, -7.718042 ], [ 110.360228, -7.717516 ], [ 110.359635, -7.715336 ], [ 110.359063, -7.713317 ], [ 110.35898, -7.713121 ], [ 110.358855, -7.712935 ], [ 110.358219, -7.712329 ] ] } },
{ "type": "Feature", "properties": { "Satwil": "Polda DI Yogyakarta", "country": "ID", "level": 2, "city": "Ngaglik", "speedKMH": 17.0, "length": 608, "turnType": "NONE", "uuid": 1296090032, "endNode": "Padjajaran", "speed": 4.7222222222222223, "roadType": 7, "delay": 72, "street": "Palagan Tentara Pelajar", "id": 1296090032, "pubMillis": 1773739784185, "blockingAlertUuid": null, "startNode": null, "published_wib": "2026-03-17T16:29:44+07:00", "last_update": "2026-03-17T17:14:58+07:00" }, "geometry": { "type": "LineString", "coordinates": [ [ 110.37372, -7.744719 ], [ 110.372995, -7.746642 ], [ 110.372955, -7.746745 ], [ 110.372679, -7.74746 ], [ 110.372426, -7.748116 ], [ 110.37231, -7.748409 ], [ 110.372242, -7.748587 ], [ 110.37211, -7.748977 ], [ 110.372075, -7.749115 ], [ 110.372038, -7.749287 ], [ 110.371968, -7.749632 ], [ 110.371931, -7.749751 ], [ 110.371867, -7.749884 ] ] } },
{ "type": "Feature", "properties": { "Satwil": "Polrestabes Bandung", "country": "ID", "level": 3, "city": "Bandung", "speedKMH": 10.06, "length": 380, "turnType": "NONE", "uuid": 1301499200, "endNode": "Sadakeling", "speed": 2.7944444444444443, "roadType": 7, "delay": 89, "street": "Cikawao", "id": 1301499200, "pubMillis": 1773741864699, "blockingAlertUuid": null, "startNode": null, "published_wib": "2026-03-17T17:04:24+07:00", "last_update": "2026-03-17T17:14:58+07:00" }, "geometry": { "type": "LineString", "coordinates": [ [ 107.613328, -6.927334 ], [ 107.613502, -6.927423 ], [ 107.614488, -6.927861 ], [ 107.614571, -6.927897 ], [ 107.615141, -6.928151 ], [ 107.615836, -6.928443 ], [ 107.616006, -6.928522 ], [ 107.616143, -6.928548 ], [ 107.616487, -6.928686 ] ] } },
{ "type": "Feature", "properties": { "Satwil": "Polda Bali", "country": "ID", "level": 3, "city": "Kuta Utara", "speedKMH": 9.09, "length": 581, "turnType": "NONE", "uuid": 1300120448, "endNode": "Jalan Raya Dalung", "speed": 2.525, "roadType": 7, "delay": 163, "street": "Jalan Raya Dalung", "id": 1300120448, "pubMillis": 1773741386687, "blockingAlertUuid": null, "startNode": null, "published_wib": "2026-03-17T16:56:26+07:00", "last_update": "2026-03-17T18:14:58+08:00" }, "geometry": { "type": "LineString", "coordinates": [ [ 115.172106, -8.610694 ], [ 115.172188, -8.610697 ], [ 115.173429, -8.610697 ], [ 115.17358, -8.61068 ], [ 115.173613, -8.610676 ], [ 115.174318, -8.61065 ], [ 115.174581, -8.610659 ], [ 115.17497, -8.610698 ], [ 115.175137, -8.610728 ], [ 115.17592, -8.610906 ], [ 115.176964, -8.610488 ], [ 115.177036, -8.610465 ], [ 115.177262, -8.610388 ] ] } },
{ "type": "Feature", "properties": { "Satwil": "Polrestabes Bandung", "country": "ID", "level": 1, "city": "Bandung", "speedKMH": 17.14, "length": 1085, "turnType": "NONE", "uuid": 1302678234, "endNode": "Cigondewah Kaler", "speed": 4.7611111111111111, "roadType": 2, "delay": 85, "street": "Cijerah Raya", "id": 1302678234, "pubMillis": 1773742342397, "blockingAlertUuid": null, "startNode": null, "published_wib": "2026-03-17T17:12:22+07:00", "last_update": "2026-03-17T17:14:58+07:00" }, "geometry": { "type": "LineString", "coordinates": [ [ 107.56778, -6.924074 ], [ 107.567565, -6.924402 ], [ 107.567361, -6.924501 ], [ 107.567134, -6.924689 ], [ 107.566826, -6.925006 ], [ 107.566495, -6.925139 ], [ 107.5663, -6.925337 ], [ 107.565705, -6.926681 ], [ 107.56562, -6.926959 ], [ 107.565626, -6.92718 ], [ 107.565672, -6.927648 ], [ 107.565672, -6.928115 ], [ 107.565658, -6.928255 ], [ 107.565655, -6.928265 ], [ 107.56541, -6.92908 ], [ 107.565224, -6.929673 ], [ 107.565106, -6.930071 ], [ 107.564509, -6.931683 ], [ 107.564462, -6.931905 ], [ 107.564499, -6.932252 ], [ 107.564793, -6.932725 ] ] } },
{ "type": "Feature", "properties": { "Satwil": "Polrestabes Bandung", "country": "ID", "level": 4, "city": "Bandung", "speedKMH": 7.39, "length": 1653, "turnType": "NONE", "uuid": 1255165278, "endNode": "Arah Tegallega/Pasir Koja", "speed": 2.0527777777777776, "roadType": 7, "delay": 658, "street": "Buah Batu", "id": 1255165278, "pubMillis": 1773715459664, "blockingAlertUuid": null, "startNode": null, "published_wib": "2026-03-17T09:44:19+07:00", "last_update": "2026-03-17T17:14:58+07:00" }, "geometry": { "type": "LineString", "coordinates": [ [ 107.633347, -6.948017 ], [ 107.633108, -6.9478 ], [ 107.63273, -6.947442 ], [ 107.6326, -6.947307 ], [ 107.632193, -6.946885 ], [ 107.632005, -6.946697 ], [ 107.63178, -6.946465 ], [ 107.631653, -6.946297 ], [ 107.63162, -6.946229 ], [ 107.631315, -6.945925 ], [ 107.630167, -6.944787 ], [ 107.62992, -6.944545 ], [ 107.628994, -6.943565 ], [ 107.628592, -6.94309 ], [ 107.627914, -6.942388 ], [ 107.627535, -6.94197 ], [ 107.626173, -6.940519 ], [ 107.625716, -6.94007 ], [ 107.624236, -6.938544 ], [ 107.624089, -6.938397 ], [ 107.623102, -6.937356 ], [ 107.623005, -6.93726 ] ] } },
{ "type": "Feature", "properties": { "Satwil": "Polrestabes Medan", "country": "ID", "level": 3, "city": "Medan", "speedKMH": 9.49, "length": 1575, "turnType": "NONE", "uuid": 1301758664, "endNode": "DC Barito", "speed": 2.6361111111111111, "roadType": 1, "delay": 387, "street": "Komodor Muda Udara Adi Sucipto", "id": 1301758664, "pubMillis": 1773742028307, "blockingAlertUuid": null, "startNode": null, "published_wib": "2026-03-17T17:07:08+07:00", "last_update": "2026-03-17T17:14:58+07:00" }, "geometry": { "type": "LineString", "coordinates": [ [ 98.679513, 3.569403 ], [ 98.682219, 3.569271 ], [ 98.68236, 3.56928 ], [ 98.682559, 3.569433 ], [ 98.682662, 3.569487 ], [ 98.682734, 3.569496 ], [ 98.682802, 3.569485 ], [ 98.682883, 3.569411 ], [ 98.683392, 3.568849 ], [ 98.683494, 3.568724 ], [ 98.683584, 3.568419 ], [ 98.683798, 3.567116 ], [ 98.683813, 3.566952 ], [ 98.683766, 3.566699 ], [ 98.6837, 3.56593 ], [ 98.683666, 3.562256 ], [ 98.683951, 3.561341 ], [ 98.683925, 3.560364 ], [ 98.683874, 3.559973 ], [ 98.683721, 3.559566 ], [ 98.683518, 3.55928 ], [ 98.683377, 3.559135 ] ] } },
{ "type": "Feature", "properties": { "Satwil": "Polrestabes Medan", "country": "ID", "level": 2, "city": "Medan", "speedKMH": 22.43, "length": 1266, "turnType": "NONE", "uuid": 1300972270, "endNode": "ke Prof HM Yamin SH", "speed": 6.2305555555555552, "roadType": 6, "delay": 88, "street": "Perintis Kemerdekaan", "id": 1300972270, "pubMillis": 1773741701347, "blockingAlertUuid": null, "startNode": null, "published_wib": "2026-03-17T17:01:41+07:00", "last_update": "2026-03-17T17:14:58+07:00" }, "geometry": { "type": "LineString", "coordinates": [ [ 98.677522, 3.596699 ], [ 98.678298, 3.597016 ], [ 98.678954, 3.59727 ], [ 98.679855, 3.597601 ], [ 98.681496, 3.59821 ], [ 98.682227, 3.598492 ], [ 98.683032, 3.598788 ], [ 98.68343, 3.598926 ], [ 98.683998, 3.598922 ], [ 98.684167, 3.598916 ], [ 98.684545, 3.598903 ], [ 98.685108, 3.598884 ], [ 98.685614, 3.598864 ], [ 98.686171, 3.598839 ], [ 98.686311, 3.598831 ], [ 98.686753, 3.598807 ], [ 98.688513, 3.59873 ] ] } },
{ "type": "Feature", "properties": { "Satwil": "Polda DI Yogyakarta", "country": "ID", "level": 3, "city": "Yogyakarta", "speedKMH": 6.76, "length": 506, "turnType": "NONE", "uuid": 1302839856, "endNode": "Kolonel Sugiono", "speed": 1.8777777777777778, "roadType": 7, "delay": 195, "street": "Brigjen Katamso", "id": 1302839856, "pubMillis": 1773742343161, "blockingAlertUuid": null, "startNode": null, "published_wib": "2026-03-17T17:12:23+07:00", "last_update": "2026-03-17T17:14:58+07:00" }, "geometry": { "type": "LineString", "coordinates": [ [ 110.368963, -7.81021 ], [ 110.368884, -7.811439 ], [ 110.36886, -7.811844 ], [ 110.368727, -7.813757 ], [ 110.368675, -7.814485 ], [ 110.368548, -7.814748 ] ] } },
{ "type": "Feature", "properties": { "Satwil": "Polda DI Yogyakarta", "country": "ID", "level": 3, "city": "Ngaglik", "speedKMH": 10.7, "length": 358, "turnType": "NONE", "uuid": 1301758512, "endNode": "Perempatan Kamdanen", "speed": 2.9722222222222223, "roadType": 7, "delay": 85, "street": "Palagan Tentara Pelajar", "id": 1301758512, "pubMillis": 1773742025735, "blockingAlertUuid": null, "startNode": null, "published_wib": "2026-03-17T17:07:05+07:00", "last_update": "2026-03-17T17:14:58+07:00" }, "geometry": { "type": "LineString", "coordinates": [ [ 110.384231, -7.717116 ], [ 110.384012, -7.717698 ], [ 110.38383, -7.718194 ], [ 110.383103, -7.72015 ] ] } },
{ "type": "Feature", "properties": { "Satwil": "Polresta Surakarta", "country": "ID", "level": 3, "city": "Surakarta", "speedKMH": 7.37, "length": 448, "turnType": "NONE", "uuid": 1301729924, "endNode": null, "speed": 2.0472222222222221, "roadType": 6, "delay": 134, "street": "Ahmad Yani", "id": 1301729924, "pubMillis": 1773742021989, "blockingAlertUuid": null, "startNode": null, "published_wib": "2026-03-17T17:07:01+07:00", "last_update": "2026-03-17T17:14:58+07:00" }, "geometry": { "type": "LineString", "coordinates": [ [ 110.830864, -7.554717 ], [ 110.829327, -7.554461 ], [ 110.827926, -7.554259 ], [ 110.82739, -7.554186 ], [ 110.826852, -7.554088 ] ] } },
{ "type": "Feature", "properties": { "Satwil": "Polda DI Yogyakarta", "country": "ID", "level": 3, "city": "Yogyakarta", "speedKMH": 11.01, "length": 609, "turnType": "NONE", "uuid": 1301990722, "endNode": "Kyai Mojo", "speed": 3.0583333333333331, "roadType": 7, "delay": 138, "street": "HOS Cokroaminoto", "id": 1301990722, "pubMillis": 1773742026442, "blockingAlertUuid": null, "startNode": null, "published_wib": "2026-03-17T17:07:06+07:00", "last_update": "2026-03-17T17:14:58+07:00" }, "geometry": { "type": "LineString", "coordinates": [ [ 110.353344, -7.787313 ], [ 110.352781, -7.786934 ], [ 110.35265, -7.786802 ], [ 110.352599, -7.786494 ], [ 110.352593, -7.786377 ], [ 110.352604, -7.785895 ], [ 110.352609, -7.785758 ], [ 110.35262, -7.78547 ], [ 110.352651, -7.784794 ], [ 110.352677, -7.782658 ], [ 110.352689, -7.78215 ] ] } },
{ "type": "Feature", "properties": { "Satwil": "Polrestabes Bandung", "country": "ID", "level": 3, "city": "Bandung", "speedKMH": 5.59, "length": 364, "turnType": "NONE", "uuid": 1301463618, "endNode": "Jalan Aceh", "speed": 1.5527777777777778, "roadType": 1, "delay": 161, "street": "Cihapit", "id": 1301463618, "pubMillis": 1773741864972, "blockingAlertUuid": null, "startNode": null, "published_wib": "2026-03-17T17:04:24+07:00", "last_update": "2026-03-17T17:14:58+07:00" }, "geometry": { "type": "LineString", "coordinates": [ [ 107.6241, -6.906981 ], [ 107.623326, -6.907557 ], [ 107.622647, -6.908025 ], [ 107.622438, -6.908101 ], [ 107.621993, -6.908054 ], [ 107.621522, -6.908356 ], [ 107.621426, -6.908609 ] ] } },
{ "type": "Feature", "properties": { "Satwil": "Polda DI Yogyakarta", "country": "ID", "level": 2, "city": "Yogyakarta", "speedKMH": 16.82, "length": 694, "turnType": "NONE", "uuid": 1298777414, "endNode": "arah Malioboro / Kantor Pos Besar / Bank Indonesia", "speed": 4.6722222222222225, "roadType": 7, "delay": 66, "street": "Brigjen Katamso", "id": 1298777414, "pubMillis": 1773740913806, "blockingAlertUuid": null, "startNode": null, "published_wib": "2026-03-17T16:48:33+07:00", "last_update": "2026-03-17T17:14:58+07:00" }, "geometry": { "type": "LineString", "coordinates": [ [ 110.368963, -7.81021 ], [ 110.369014, -7.80939 ], [ 110.369034, -7.809159 ], [ 110.369112, -7.808137 ], [ 110.3692, -7.807026 ], [ 110.369315, -7.805448 ], [ 110.36935, -7.804856 ], [ 110.369392, -7.804131 ], [ 110.369389, -7.803956 ] ] } },
{ "type": "Feature", "properties": { "Satwil": "Polda DI Yogyakarta", "country": "ID", "level": 4, "city": "Berbah", "speedKMH": 4.58, "length": 209, "turnType": "NONE", "uuid": 1302971798, "endNode": "Jalan Berbah-Piyungan", "speed": 1.2722222222222221, "roadType": 2, "delay": 140, "street": "Jalan Sampaan-Berbah", "id": 1302971798, "pubMillis": 1773742383298, "blockingAlertUuid": null, "startNode": null, "published_wib": "2026-03-17T17:13:03+07:00", "last_update": "2026-03-17T17:14:58+07:00" }, "geometry": { "type": "LineString", "coordinates": [ [ 110.443438, -7.806731 ], [ 110.443539, -7.805876 ], [ 110.44354, -7.805423 ], [ 110.443577, -7.804844 ] ] } },
{ "type": "Feature", "properties": { "Satwil": "Polda DI Yogyakarta", "country": "ID", "level": 3, "city": "Ngaglik", "speedKMH": 13.26, "length": 547, "turnType": "NONE", "uuid": 1297538318, "endNode": "Besi-Jangkang Raya", "speed": 3.6833333333333331, "roadType": 7, "delay": 79, "street": "Jalan Kaliurang", "id": 1297538318, "pubMillis": 1773740425381, "blockingAlertUuid": null, "startNode": null, "published_wib": "2026-03-17T16:40:25+07:00", "last_update": "2026-03-17T17:14:58+07:00" }, "geometry": { "type": "LineString", "coordinates": [ [ 110.417742, -7.696184 ], [ 110.417629, -7.696402 ], [ 110.417558, -7.69654 ], [ 110.417498, -7.696662 ], [ 110.417124, -7.697322 ], [ 110.416811, -7.697862 ], [ 110.416561, -7.698287 ], [ 110.41634, -7.698656 ], [ 110.415625, -7.699851 ], [ 110.415262, -7.700463 ] ] } },
{ "type": "Feature", "properties": { "Satwil": "Polrestabes Bandung", "country": "ID", "level": 3, "city": "Bandung", "speedKMH": 11.06, "length": 4443, "turnType": "NONE", "uuid": 1302709728, "endNode": "Kidang Pananjung", "speed": 3.0722222222222224, "roadType": 7, "delay": 917, "street": "Ir Haji Juanda", "id": 1302709728, "pubMillis": 1773742342030, "blockingAlertUuid": null, "startNode": null, "published_wib": "2026-03-17T17:12:22+07:00", "last_update": "2026-03-17T17:14:58+07:00" }, "geometry": { "type": "LineString", "coordinates": [ [ 107.613327, -6.890544 ], [ 107.613287, -6.891019 ], [ 107.613243, -6.891545 ], [ 107.613116, -6.893167 ], [ 107.613062, -6.893775 ], [ 107.612989, -6.894823 ], [ 107.612898, -6.896339 ], [ 107.612823, -6.89853 ], [ 107.612813, -6.898856 ], [ 107.612802, -6.899078 ], [ 107.612762, -6.899814 ], [ 107.612638, -6.900258 ], [ 107.61164, -6.902385 ], [ 107.611458, -6.902863 ], [ 107.610944, -6.904174 ], [ 107.610798, -6.904534 ], [ 107.610727, -6.904747 ], [ 107.610692, -6.904905 ], [ 107.610667, -6.905101 ], [ 107.610651, -6.905447 ], [ 107.610651, -6.90579 ], [ 107.610641, -6.9067 ], [ 107.610621, -6.906912 ], [ 107.610569, -6.906706 ], [ 107.610566, -6.90517 ], [ 107.610598, -6.904881 ], [ 107.610689, -6.904557 ], [ 107.610853, -6.904137 ], [ 107.611382, -6.902831 ], [ 107.611575, -6.902359 ], [ 107.612546, -6.900209 ], [ 107.612656, -6.899854 ], [ 107.612724, -6.899074 ], [ 107.612728, -6.898858 ], [ 107.612755, -6.898432 ], [ 107.612828, -6.896335 ], [ 107.612915, -6.895067 ], [ 107.612922, -6.894823 ], [ 107.613, -6.893759 ], [ 107.613182, -6.891538 ], [ 107.613262, -6.890535 ], [ 107.61328, -6.890382 ], [ 107.613316, -6.890063 ], [ 107.613406, -6.889192 ], [ 107.613422, -6.889029 ], [ 107.613485, -6.88844 ], [ 107.613551, -6.887407 ], [ 107.613576, -6.886409 ], [ 107.613695, -6.885178 ], [ 107.613721, -6.885032 ], [ 107.613871, -6.884454 ], [ 107.614005, -6.884059 ] ] } },
{ "type": "Feature", "properties": { "Satwil": "Polrestabes Bandung", "country": "ID", "level": 4, "city": "Bandung", "speedKMH": 5.88, "length": 2101, "turnType": "NONE", "uuid": 1263423448, "endNode": "Jalan Raya Dayeuhkolot", "speed": 1.6333333333333333, "roadType": 7, "delay": 1077, "street": "Mohammad Toha", "id": 1263423448, "pubMillis": 1773727748603, "blockingAlertUuid": null, "startNode": null, "published_wib": "2026-03-17T13:09:08+07:00", "last_update": "2026-03-17T17:14:58+07:00" }, "geometry": { "type": "LineString", "coordinates": [ [ 107.606156, -6.937805 ], [ 107.606189, -6.938735 ], [ 107.60658, -6.939922 ], [ 107.606761, -6.940566 ], [ 107.606873, -6.940903 ], [ 107.60739, -6.942429 ], [ 107.607482, -6.942698 ], [ 107.607571, -6.942939 ], [ 107.607638, -6.94315 ], [ 107.607747, -6.943458 ], [ 107.607866, -6.943825 ], [ 107.607968, -6.944105 ], [ 107.608067, -6.944416 ], [ 107.608191, -6.9448 ], [ 107.608234, -6.944936 ], [ 107.608405, -6.945434 ], [ 107.608635, -6.946147 ], [ 107.608939, -6.947044 ], [ 107.609291, -6.948033 ], [ 107.609359, -6.948253 ], [ 107.609398, -6.948385 ], [ 107.609522, -6.948663 ], [ 107.610032, -6.9502 ], [ 107.610269, -6.950941 ], [ 107.61054, -6.951724 ], [ 107.611108, -6.9535 ], [ 107.611516, -6.954776 ], [ 107.611547, -6.954874 ], [ 107.611603, -6.95504 ], [ 107.611773, -6.955542 ], [ 107.611892, -6.955879 ] ] } },
{ "type": "Feature", "properties": { "Satwil": "Polrestabes Bandung", "country": "ID", "level": 2, "city": "Bandung", "speedKMH": 13.21, "length": 1431, "turnType": "NONE", "uuid": 1296583842, "endNode": "Jalan Gunung Putri", "speed": 3.6694444444444443, "roadType": 2, "delay": 231, "street": "Ciumbuleuit", "id": 1296583842, "pubMillis": 1773739947356, "blockingAlertUuid": null, "startNode": null, "published_wib": "2026-03-17T16:32:27+07:00", "last_update": "2026-03-17T17:14:58+07:00" }, "geometry": { "type": "LineString", "coordinates": [ [ 107.604804, -6.88308 ], [ 107.604405, -6.882286 ], [ 107.604234, -6.8819 ], [ 107.604072, -6.881421 ], [ 107.603613, -6.88001 ], [ 107.603527, -6.879743 ], [ 107.603503, -6.879528 ], [ 107.603854, -6.877959 ], [ 107.604008, -6.877284 ], [ 107.604186, -6.876506 ], [ 107.604295, -6.876123 ], [ 107.604434, -6.875486 ], [ 107.604612, -6.874668 ], [ 107.604698, -6.874278 ], [ 107.604837, -6.873661 ], [ 107.605169, -6.872166 ], [ 107.605542, -6.870618 ] ] } },
{ "type": "Feature", "properties": { "Satwil": "Polda DI Yogyakarta", "country": "ID", "level": 4, "city": "Yogyakarta", "speedKMH": 6.06, "length": 257, "turnType": "NONE", "uuid": 1300163624, "endNode": "Imogiri Timur", "speed": 1.6833333333333333, "roadType": 6, "delay": 132, "street": "Ahmad Yani", "id": 1300163624, "pubMillis": 1773741388781, "blockingAlertUuid": null, "startNode": null, "published_wib": "2026-03-17T16:56:28+07:00", "last_update": "2026-03-17T17:14:58+07:00" }, "geometry": { "type": "LineString", "coordinates": [ [ 110.394759, -7.836858 ], [ 110.394173, -7.836802 ], [ 110.393682, -7.836756 ], [ 110.392437, -7.836658 ] ] } },
{ "type": "Feature", "properties": { "Satwil": "Polda Bali", "country": "ID", "level": 3, "city": "Denpasar", "speedKMH": 13.3, "length": 745, "turnType": "NONE", "uuid": 1300917480, "endNode": "Jalan Raya Sempidi", "speed": 3.6944444444444446, "roadType": 6, "delay": 124, "street": "HOS Cokroaminoto", "id": 1300917480, "pubMillis": 1773741703829, "blockingAlertUuid": null, "startNode": null, "published_wib": "2026-03-17T17:01:43+07:00", "last_update": "2026-03-17T18:14:58+08:00" }, "geometry": { "type": "LineString", "coordinates": [ [ 115.195976, -8.618069 ], [ 115.195322, -8.617418 ], [ 115.195036, -8.617112 ], [ 115.194957, -8.61702 ], [ 115.194726, -8.616769 ], [ 115.194245, -8.616236 ], [ 115.194144, -8.616041 ], [ 115.194074, -8.615838 ], [ 115.19394, -8.615334 ], [ 115.193697, -8.6147 ], [ 115.193381, -8.614277 ], [ 115.193225, -8.614068 ], [ 115.193076, -8.613785 ], [ 115.192848, -8.613351 ], [ 115.192384, -8.612468 ] ] } },
{ "type": "Feature", "properties": { "Satwil": "Polda DI Yogyakarta", "country": "ID", "level": 3, "city": "Depok (Sleman)", "speedKMH": 14.22, "length": 775, "turnType": "NONE", "uuid": 1302186240, "endNode": "", "speed": 3.95, "roadType": 6, "delay": 146, "street": "Laksda Adisucipto", "id": 1302186240, "pubMillis": 1773742181624, "blockingAlertUuid": null, "startNode": null, "published_wib": "2026-03-17T17:09:41+07:00", "last_update": "2026-03-17T17:14:58+07:00" }, "geometry": { "type": "LineString", "coordinates": [ [ 110.418061, -7.783409 ], [ 110.416315, -7.78339 ], [ 110.412252, -7.783386 ], [ 110.411298, -7.783368 ], [ 110.411032, -7.783362 ] ] } },
{ "type": "Feature", "properties": { "Satwil": "Polda Bali", "country": "ID", "level": 2, "city": "Banjarangkan", "speedKMH": 4.97, "length": 182, "turnType": "NONE", "uuid": 1302678620, "endNode": "Letda Ida Bagus Puja", "speed": 1.3805555555555555, "roadType": 2, "delay": 70, "street": "Tegal Besar", "id": 1302678620, "pubMillis": 1773742348299, "blockingAlertUuid": null, "startNode": null, "published_wib": "2026-03-17T17:12:28+07:00", "last_update": "2026-03-17T18:14:58+08:00" }, "geometry": { "type": "LineString", "coordinates": [ [ 115.367025, -8.551015 ], [ 115.367224, -8.549384 ] ] } },
{ "type": "Feature", "properties": { "Satwil": "Polrestabes Bandung", "country": "ID", "level": 2, "city": "Bandung", "speedKMH": 15.23, "length": 755, "turnType": "NONE", "uuid": 1302218008, "endNode": "Pahlawan", "speed": 4.2305555555555552, "roadType": 2, "delay": 77, "street": "Cikutra", "id": 1302218008, "pubMillis": 1773742181035, "blockingAlertUuid": null, "startNode": null, "published_wib": "2026-03-17T17:09:41+07:00", "last_update": "2026-03-17T17:14:58+07:00" }, "geometry": { "type": "LineString", "coordinates": [ [ 107.642055, -6.894718 ], [ 107.641957, -6.894648 ], [ 107.641716, -6.894515 ], [ 107.641316, -6.894307 ], [ 107.641034, -6.894166 ], [ 107.640718, -6.89407 ], [ 107.640302, -6.893937 ], [ 107.639751, -6.893794 ], [ 107.63936, -6.893699 ], [ 107.638175, -6.893662 ], [ 107.636959, -6.893625 ], [ 107.636597, -6.893615 ], [ 107.636295, -6.893548 ], [ 107.63603, -6.893438 ], [ 107.635899, -6.89328 ], [ 107.635789, -6.893012 ], [ 107.635725, -6.892952 ] ] } },
{ "type": "Feature", "properties": { "Satwil": "Polrestabes Bandung", "country": "ID", "level": 2, "city": "Bandung", "speedKMH": 17.81, "length": 859, "turnType": "NONE", "uuid": 1284260868, "endNode": "PHH Mustofa", "speed": 4.947222222222222, "roadType": 6, "delay": 87, "street": "Jenderal Ahmad Yani", "id": 1284260868, "pubMillis": 1773734764531, "blockingAlertUuid": null, "startNode": null, "published_wib": "2026-03-17T15:06:04+07:00", "last_update": "2026-03-17T17:14:58+07:00" }, "geometry": { "type": "LineString", "coordinates": [ [ 107.656132, -6.902065 ], [ 107.657047, -6.902105 ], [ 107.657614, -6.902121 ], [ 107.659549, -6.902185 ], [ 107.659819, -6.902242 ], [ 107.659555, -6.902274 ], [ 107.657309, -6.902213 ], [ 107.656183, -6.902158 ], [ 107.65574, -6.902133 ] ] } },
{ "type": "Feature", "properties": { "Satwil": "Polda DI Yogyakarta", "country": "ID", "level": 3, "city": "Depok (Sleman)", "speedKMH": 9.32, "length": 479, "turnType": "NONE", "uuid": 1300579612, "endNode": "Jembatan Puren", "speed": 2.588888888888889, "roadType": 2, "delay": 107, "street": "Jalan Jembatan Merah", "id": 1300579612, "pubMillis": 1773741543723, "blockingAlertUuid": null, "startNode": null, "published_wib": "2026-03-17T16:59:03+07:00", "last_update": "2026-03-17T17:14:58+07:00" }, "geometry": { "type": "LineString", "coordinates": [ [ 110.395216, -7.763648 ], [ 110.395504, -7.763697 ], [ 110.395647, -7.763781 ], [ 110.395779, -7.763897 ], [ 110.396165, -7.764456 ], [ 110.39634, -7.764758 ], [ 110.396484, -7.76524 ], [ 110.396376, -7.765795 ], [ 110.396337, -7.765988 ], [ 110.396057, -7.767357 ] ] } },
{ "type": "Feature", "properties": { "Satwil": "Polrestabes Bandung", "country": "ID", "level": 3, "city": "Bandung", "speedKMH": 11.91, "length": 439, "turnType": "NONE", "uuid": 1301503166, "endNode": "Talaga Bodas", "speed": 3.3083333333333331, "roadType": 2, "delay": 86, "street": "Jalan Burangrang", "id": 1301503166, "pubMillis": 1773741864667, "blockingAlertUuid": null, "startNode": null, "published_wib": "2026-03-17T17:04:24+07:00", "last_update": "2026-03-17T17:14:58+07:00" }, "geometry": { "type": "LineString", "coordinates": [ [ 107.619915, -6.924132 ], [ 107.619908, -6.924289 ], [ 107.619833, -6.924785 ], [ 107.619745, -6.925399 ], [ 107.619594, -6.926237 ], [ 107.619444, -6.927126 ], [ 107.619433, -6.92752 ], [ 107.619454, -6.928052 ] ] } },
{ "type": "Feature", "properties": { "Satwil": "Polrestabes Medan", "country": "ID", "level": 3, "city": "Medan", "speedKMH": 11.3, "length": 478, "turnType": "NONE", "uuid": 1302218016, "endNode": "Hajjah Ani Idrus", "speed": 3.1388888888888888, "roadType": 2, "delay": 101, "street": "Letjen Suprapto", "id": 1302218016, "pubMillis": 1773742181105, "blockingAlertUuid": null, "startNode": null, "published_wib": "2026-03-17T17:09:41+07:00", "last_update": "2026-03-17T17:14:58+07:00" }, "geometry": { "type": "LineString", "coordinates": [ [ 98.678911, 3.57916 ], [ 98.680024, 3.580169 ], [ 98.680233, 3.580318 ], [ 98.680446, 3.580449 ], [ 98.681074, 3.580743 ], [ 98.681959, 3.580928 ], [ 98.682538, 3.581319 ] ] } },
{ "type": "Feature", "properties": { "Satwil": "Polda Bali", "country": "ID", "level": 4, "city": "Denpasar", "speedKMH": 7.78, "length": 347, "turnType": "NONE", "uuid": 1302753144, "endNode": null, "speed": 2.161111111111111, "roadType": 7, "delay": 130, "street": "Antasura", "id": 1302753144, "pubMillis": 1773742342527, "blockingAlertUuid": null, "startNode": null, "published_wib": "2026-03-17T17:12:22+07:00", "last_update": "2026-03-17T18:14:58+08:00" }, "geometry": { "type": "LineString", "coordinates": [ [ 115.220895, -8.604217 ], [ 115.220999, -8.604481 ], [ 115.220978, -8.605829 ], [ 115.220961, -8.606629 ], [ 115.220954, -8.606769 ], [ 115.220922, -8.60734 ] ] } },
{ "type": "Feature", "properties": { "Satwil": "Polda DI Yogyakarta", "country": "ID", "level": 4, "city": "Yogyakarta", "speedKMH": 5.74, "length": 498, "turnType": "NONE", "uuid": 1297182288, "endNode": "", "speed": 1.5944444444444446, "roadType": 7, "delay": 233, "street": "Menteri Supeno", "id": 1297182288, "pubMillis": 1773740272622, "blockingAlertUuid": null, "startNode": null, "published_wib": "2026-03-17T16:37:52+07:00", "last_update": "2026-03-17T17:14:58+07:00" }, "geometry": { "type": "LineString", "coordinates": [ [ 110.380646, -7.816414 ], [ 110.380255, -7.81636 ], [ 110.378308, -7.816091 ], [ 110.376917, -7.81587 ], [ 110.376179, -7.815759 ] ] } },
{ "type": "Feature", "properties": { "Satwil": "Polrestabes Bandung", "country": "ID", "level": 4, "city": "Bandung", "speedKMH": 4.69, "length": 826, "turnType": "NONE", "uuid": 1294780902, "endNode": "Gerbang Tol Pasir Koja", "speed": 1.3027777777777778, "roadType": 6, "delay": 562, "street": "Soekarno-Hatta", "id": 1294780902, "pubMillis": 1773739119676, "blockingAlertUuid": null, "startNode": null, "published_wib": "2026-03-17T16:18:39+07:00", "last_update": "2026-03-17T17:14:58+07:00" }, "geometry": { "type": "LineString", "coordinates": [ [ 107.579525, -6.937453 ], [ 107.578382, -6.935727 ], [ 107.577699, -6.934728 ], [ 107.577057, -6.933602 ], [ 107.57646, -6.932191 ], [ 107.576262, -6.931625 ], [ 107.576061, -6.9309 ] ] } },
{ "type": "Feature", "properties": { "Satwil": "Polrestabes Medan", "country": "ID", "level": 3, "city": "Medan", "speedKMH": 14.44, "length": 1701, "turnType": "NONE", "uuid": 1302879294, "endNode": "Williem Iskandar", "speed": 4.0111111111111111, "roadType": 6, "delay": 276, "street": "Letda Sujono", "id": 1302879294, "pubMillis": 1773742345388, "blockingAlertUuid": null, "startNode": null, "published_wib": "2026-03-17T17:12:25+07:00", "last_update": "2026-03-17T17:14:58+07:00" }, "geometry": { "type": "LineString", "coordinates": [ [ 98.723217, 3.597323 ], [ 98.722133, 3.597365 ], [ 98.721534, 3.597376 ], [ 98.72088, 3.597397 ], [ 98.720413, 3.597412 ], [ 98.720301, 3.597415 ], [ 98.720075, 3.597423 ], [ 98.719912, 3.597428 ], [ 98.718907, 3.597468 ], [ 98.718202, 3.597495 ], [ 98.716922, 3.597524 ], [ 98.716314, 3.59753 ], [ 98.715941, 3.59754 ], [ 98.715268, 3.597566 ], [ 98.715075, 3.597575 ], [ 98.714701, 3.597587 ], [ 98.713241, 3.597641 ], [ 98.712846, 3.597664 ], [ 98.711774, 3.597712 ], [ 98.711681, 3.597716 ], [ 98.710613, 3.59774 ], [ 98.709153, 3.597788 ], [ 98.708867, 3.597802 ], [ 98.708657, 3.597811 ], [ 98.708477, 3.597813 ], [ 98.707922, 3.597826 ] ] } },
{ "type": "Feature", "properties": { "Satwil": "Polrestabes Bandung", "country": "ID", "level": 5, "city": "Bandung", "speedKMH": 0.0, "length": 714, "turnType": "NONE", "uuid": 692881972, "endNode": null, "speed": 0.0, "roadType": 4, "delay": -1, "street": "", "id": 692881972, "pubMillis": 1773368125178, "blockingAlertUuid": "8575bff8-4657-49ae-b7cf-c4233d911a57", "startNode": null, "published_wib": "2026-03-13T09:15:25+07:00", "last_update": "2026-03-17T17:14:58+07:00" }, "geometry": { "type": "LineString", "coordinates": [ [ 107.690579, -6.958239 ], [ 107.690899, -6.951795 ] ] } },
{ "type": "Feature", "properties": { "Satwil": "Polrestabes Medan", "country": "ID", "level": 2, "city": "Medan", "speedKMH": 14.76, "length": 503, "turnType": "NONE", "uuid": 1301726404, "endNode": "Meranti", "speed": 4.1, "roadType": 6, "delay": 65, "street": "Iskandar Muda Baru", "id": 1301726404, "pubMillis": 1773742024753, "blockingAlertUuid": null, "startNode": null, "published_wib": "2026-03-17T17:07:04+07:00", "last_update": "2026-03-17T17:14:58+07:00" }, "geometry": { "type": "LineString", "coordinates": [ [ 98.661534, 3.590825 ], [ 98.661568, 3.591811 ], [ 98.661617, 3.593237 ], [ 98.661638, 3.59383 ], [ 98.661665, 3.593933 ], [ 98.662466, 3.595118 ] ] } },
{ "type": "Feature", "properties": { "Satwil": "Polda DI Yogyakarta", "country": "ID", "level": 3, "city": "Yogyakarta", "speedKMH": 12.79, "length": 484, "turnType": "NONE", "uuid": 1301400752, "endNode": "Jenderal Sudirman", "speed": 3.5527777777777776, "roadType": 7, "delay": 74, "street": "Urip Sumoharjo", "id": 1301400752, "pubMillis": 1773741864939, "blockingAlertUuid": null, "startNode": null, "published_wib": "2026-03-17T17:04:24+07:00", "last_update": "2026-03-17T17:14:58+07:00" }, "geometry": { "type": "LineString", "coordinates": [ [ 110.383634, -7.783062 ], [ 110.383265, -7.783058 ], [ 110.382607, -7.783052 ], [ 110.382376, -7.78305 ], [ 110.382297, -7.783049 ], [ 110.381311, -7.78304 ], [ 110.380692, -7.783031 ], [ 110.379248, -7.782999 ] ] } },
{ "type": "Feature", "properties": { "Satwil": "Polda Bali", "country": "ID", "level": 2, "city": "Kuta", "speedKMH": 15.18, "length": 799, "turnType": "NONE", "uuid": 1300972736, "endNode": "Dewi Sri 2", "speed": 4.2166666666666668, "roadType": 7, "delay": 100, "street": "Dewi Sri", "id": 1300972736, "pubMillis": 1773741709175, "blockingAlertUuid": null, "startNode": null, "published_wib": "2026-03-17T17:01:49+07:00", "last_update": "2026-03-17T18:14:58+08:00" }, "geometry": { "type": "LineString", "coordinates": [ [ 115.179164, -8.709057 ], [ 115.17877, -8.70831 ], [ 115.176887, -8.704746 ], [ 115.176005, -8.703081 ], [ 115.17597, -8.702937 ], [ 115.17595, -8.702717 ], [ 115.175954, -8.702609 ] ] } },
{ "type": "Feature", "properties": { "Satwil": "Polrestabes Bandung", "country": "ID", "level": 2, "city": "Bandung", "speedKMH": 8.68, "length": 392, "turnType": "NONE", "uuid": 1298852104, "endNode": "Lembong", "speed": 2.411111111111111, "roadType": 2, "delay": 71, "street": "Braga", "id": 1298852104, "pubMillis": 1773740913150, "blockingAlertUuid": null, "startNode": null, "published_wib": "2026-03-17T16:48:33+07:00", "last_update": "2026-03-17T17:14:58+07:00" }, "geometry": { "type": "LineString", "coordinates": [ [ 107.609979, -6.919715 ], [ 107.609625, -6.918563 ], [ 107.60902, -6.916303 ] ] } },
{ "type": "Feature", "properties": { "Satwil": "Polrestabes Bandung", "country": "ID", "level": 3, "city": "Bandung", "speedKMH": 4.65, "length": 303, "turnType": "NONE", "uuid": 1301047786, "endNode": "Panumbang Jaya", "speed": 1.2916666666666667, "roadType": 2, "delay": 177, "street": "Ciumbuleuit", "id": 1301047786, "pubMillis": 1773741711579, "blockingAlertUuid": null, "startNode": null, "published_wib": "2026-03-17T17:01:51+07:00", "last_update": "2026-03-17T17:14:58+07:00" }, "geometry": { "type": "LineString", "coordinates": [ [ 107.606041, -6.865827 ], [ 107.605719, -6.865635 ], [ 107.60564, -6.865563 ], [ 107.605602, -6.865446 ], [ 107.605574, -6.865046 ], [ 107.605259, -6.864087 ], [ 107.605169, -6.86386 ], [ 107.60508, -6.863673 ], [ 107.605026, -6.86358 ], [ 107.6049, -6.86347 ] ] } },
{ "type": "Feature", "properties": { "Satwil": "Polda DI Yogyakarta", "country": "ID", "level": 3, "city": "Yogyakarta", "speedKMH": 8.66, "length": 299, "turnType": "NONE", "uuid": 1302355848, "endNode": "Melati Wetan", "speed": 2.4055555555555554, "roadType": 2, "delay": 62, "street": "Gondosuli", "id": 1302355848, "pubMillis": 1773742181042, "blockingAlertUuid": null, "startNode": null, "published_wib": "2026-03-17T17:09:41+07:00", "last_update": "2026-03-17T17:14:58+07:00" }, "geometry": { "type": "LineString", "coordinates": [ [ 110.3857, -7.794046 ], [ 110.385777, -7.793642 ], [ 110.385818, -7.793427 ], [ 110.386023, -7.792291 ], [ 110.386141, -7.791662 ], [ 110.386181, -7.79138 ] ] } },
{ "type": "Feature", "properties": { "Satwil": "Polda DI Yogyakarta", "country": "ID", "level": 1, "city": "Ngaglik", "speedKMH": 26.7, "length": 1339, "turnType": "NONE", "uuid": 1301864398, "endNode": "", "speed": 7.416666666666667, "roadType": 7, "delay": 67, "street": "Besi-Jangkang Raya", "id": 1301864398, "pubMillis": 1773742025653, "blockingAlertUuid": null, "startNode": null, "published_wib": "2026-03-17T17:07:05+07:00", "last_update": "2026-03-17T17:14:58+07:00" }, "geometry": { "type": "LineString", "coordinates": [ [ 110.438419, -7.704867 ], [ 110.436508, -7.704864 ], [ 110.433365, -7.704844 ], [ 110.433237, -7.704844 ], [ 110.432335, -7.704848 ], [ 110.431337, -7.70485 ], [ 110.430009, -7.704877 ], [ 110.429545, -7.704868 ], [ 110.429148, -7.704827 ], [ 110.428757, -7.704768 ], [ 110.428073, -7.704614 ], [ 110.427551, -7.704479 ], [ 110.426915, -7.704305 ], [ 110.426368, -7.704158 ] ] } },
{ "type": "Feature", "properties": { "Satwil": "Polda Bali", "country": "ID", "level": 3, "city": "Kuta Utara", "speedKMH": 9.77, "length": 651, "turnType": "NONE", "uuid": 1293796542, "endNode": "Uma Buluh", "speed": 2.713888888888889, "roadType": 7, "delay": 167, "street": "Jalan Raya Canggu", "id": 1293796542, "pubMillis": 1773738621443, "blockingAlertUuid": null, "startNode": null, "published_wib": "2026-03-17T16:10:21+07:00", "last_update": "2026-03-17T18:14:58+08:00" }, "geometry": { "type": "LineString", "coordinates": [ [ 115.153264, -8.640807 ], [ 115.152323, -8.640354 ], [ 115.151665, -8.639973 ], [ 115.150871, -8.639364 ], [ 115.150495, -8.639109 ], [ 115.149739, -8.638696 ], [ 115.149339, -8.638219 ], [ 115.149149, -8.638057 ], [ 115.148725, -8.637787 ], [ 115.148349, -8.637626 ] ] } },
{ "type": "Feature", "properties": { "Satwil": "Polda DI Yogyakarta", "country": "ID", "level": 3, "city": "Kasihan", "speedKMH": 7.29, "length": 289, "turnType": "NONE", "uuid": 1300520762, "endNode": "Kyai Mojo", "speed": 2.025, "roadType": 7, "delay": 105, "street": "Jalan Godean", "id": 1300520762, "pubMillis": 1773741545506, "blockingAlertUuid": null, "startNode": null, "published_wib": "2026-03-17T16:59:05+07:00", "last_update": "2026-03-17T17:14:58+07:00" }, "geometry": { "type": "LineString", "coordinates": [ [ 110.350137, -7.781177 ], [ 110.350808, -7.781313 ], [ 110.351727, -7.781496 ], [ 110.351885, -7.781527 ], [ 110.352018, -7.781555 ], [ 110.352702, -7.781697 ] ] } },
{ "type": "Feature", "properties": { "Satwil": "Polda Bali", "country": "ID", "level": 4, "city": "Denpasar", "speedKMH": 4.94, "length": 605, "turnType": "NONE", "uuid": 1301499160, "endNode": "Mahendradatta", "speed": 1.3722222222222222, "roadType": 7, "delay": 362, "street": "Jalan Gunung Agung", "id": 1301499160, "pubMillis": 1773741864248, "blockingAlertUuid": null, "startNode": null, "published_wib": "2026-03-17T17:04:24+07:00", "last_update": "2026-03-17T18:14:58+08:00" }, "geometry": { "type": "LineString", "coordinates": [ [ 115.190007, -8.651106 ], [ 115.191059, -8.651203 ], [ 115.191974, -8.651257 ], [ 115.192993, -8.651318 ], [ 115.193817, -8.651457 ], [ 115.194316, -8.651472 ], [ 115.194731, -8.651484 ], [ 115.195488, -8.651483 ] ] } },
{ "type": "Feature", "properties": { "Satwil": "Polrestabes Bandung", "country": "ID", "level": 2, "city": "Bandung", "speedKMH": 15.88, "length": 696, "turnType": "NONE", "uuid": 1298875612, "endNode": "Asia Afrika", "speed": 4.4111111111111114, "roadType": 2, "delay": 84, "street": "Gatot Subroto", "id": 1298875612, "pubMillis": 1773740910422, "blockingAlertUuid": null, "startNode": null, "published_wib": "2026-03-17T16:48:30+07:00", "last_update": "2026-03-17T17:14:58+07:00" }, "geometry": { "type": "LineString", "coordinates": [ [ 107.624276, -6.92382 ], [ 107.623768, -6.923672 ], [ 107.62362, -6.92356 ], [ 107.623194, -6.923382 ], [ 107.622748, -6.923198 ], [ 107.621968, -6.922999 ], [ 107.621508, -6.922928 ], [ 107.621104, -6.922868 ], [ 107.620723, -6.922798 ], [ 107.620199, -6.92271 ], [ 107.620106, -6.922697 ], [ 107.619979, -6.922687 ], [ 107.619647, -6.922634 ], [ 107.619542, -6.922623 ], [ 107.619466, -6.922612 ], [ 107.618169, -6.92248 ] ] } },
{ "type": "Feature", "properties": { "Satwil": "Polresta Surakarta", "country": "ID", "level": 3, "city": "Surakarta", "speedKMH": 11.52, "length": 853, "turnType": "NONE", "uuid": 1300874318, "endNode": "SPBU Manahan", "speed": 3.2, "roadType": 6, "delay": 196, "street": "Ahmad Yani", "id": 1300874318, "pubMillis": 1773741705222, "blockingAlertUuid": null, "startNode": null, "published_wib": "2026-03-17T17:01:45+07:00", "last_update": "2026-03-17T17:14:58+07:00" }, "geometry": { "type": "LineString", "coordinates": [ [ 110.792931, -7.558908 ], [ 110.793719, -7.558404 ], [ 110.795928, -7.557021 ], [ 110.796622, -7.556443 ], [ 110.797313, -7.555824 ], [ 110.79753, -7.555618 ], [ 110.797901, -7.555283 ], [ 110.798626, -7.55462 ], [ 110.798857, -7.554411 ], [ 110.799051, -7.554236 ] ] } },
{ "type": "Feature", "properties": { "Satwil": "Polrestabes Bandung", "country": "ID", "level": 3, "city": "Bandung", "speedKMH": 5.09, "length": 225, "turnType": "NONE", "uuid": 1301408738, "endNode": "", "speed": 1.413888888888889, "roadType": 2, "delay": 122, "street": "Cipamokolan", "id": 1301408738, "pubMillis": 1773741869778, "blockingAlertUuid": null, "startNode": null, "published_wib": "2026-03-17T17:04:29+07:00", "last_update": "2026-03-17T17:14:58+07:00" }, "geometry": { "type": "LineString", "coordinates": [ [ 107.676027, -6.945107 ], [ 107.67617, -6.943776 ], [ 107.676537, -6.943712 ], [ 107.676866, -6.943709 ] ] } },
{ "type": "Feature", "properties": { "Satwil": "Polda DI Yogyakarta", "country": "ID", "level": 1, "city": "Sleman", "speedKMH": 36.43, "length": 1913, "turnType": "NONE", "uuid": 1302290174, "endNode": "", "speed": 10.119444444444444, "roadType": 6, "delay": 74, "street": "Jalan Raya Magelang", "id": 1302290174, "pubMillis": 1773742208971, "blockingAlertUuid": null, "startNode": null, "published_wib": "2026-03-17T17:10:08+07:00", "last_update": "2026-03-17T17:14:58+07:00" }, "geometry": { "type": "LineString", "coordinates": [ [ 110.351853, -7.706071 ], [ 110.351155, -7.705337 ], [ 110.350733, -7.704765 ], [ 110.350409, -7.704183 ], [ 110.349169, -7.701966 ], [ 110.348886, -7.701436 ], [ 110.348533, -7.700775 ], [ 110.347971, -7.699732 ], [ 110.347053, -7.698008 ], [ 110.346241, -7.69652 ], [ 110.345797, -7.695714 ], [ 110.345532, -7.695233 ], [ 110.345312, -7.694832 ], [ 110.34485, -7.693961 ], [ 110.344367, -7.69304 ], [ 110.343886, -7.692065 ], [ 110.343543, -7.691368 ], [ 110.343378, -7.691032 ] ] } },
{ "type": "Feature", "properties": { "Satwil": "Polresta Surakarta", "country": "ID", "level": 3, "city": "Surakarta", "speedKMH": 13.78, "length": 1334, "turnType": "NONE", "uuid": 1302257384, "endNode": "Prof Dr Supomo", "speed": 3.8277777777777779, "roadType": 7, "delay": 213, "street": "Brigjen Slamet Riyadi", "id": 1302257384, "pubMillis": 1773742183434, "blockingAlertUuid": null, "startNode": null, "published_wib": "2026-03-17T17:09:43+07:00", "last_update": "2026-03-17T17:14:58+07:00" }, "geometry": { "type": "LineString", "coordinates": [ [ 110.799976, -7.563536 ], [ 110.800763, -7.563751 ], [ 110.801098, -7.56385 ], [ 110.801395, -7.563937 ], [ 110.801936, -7.564097 ], [ 110.802349, -7.564218 ], [ 110.802684, -7.564317 ], [ 110.803365, -7.564517 ], [ 110.803713, -7.564619 ], [ 110.805992, -7.565315 ], [ 110.807188, -7.565667 ], [ 110.807908, -7.565887 ], [ 110.808383, -7.566032 ], [ 110.809766, -7.566458 ], [ 110.810417, -7.566658 ], [ 110.811077, -7.566855 ], [ 110.811556, -7.567003 ] ] } },
{ "type": "Feature", "properties": { "Satwil": "Polrestabes Bandung", "country": "ID", "level": 3, "city": "Bandung", "speedKMH": 6.38, "length": 414, "turnType": "NONE", "uuid": 1302808766, "endNode": null, "speed": 1.7722222222222221, "roadType": 1, "delay": 161, "street": "Gegerkalong Tengah", "id": 1302808766, "pubMillis": 1773742347687, "blockingAlertUuid": null, "startNode": null, "published_wib": "2026-03-17T17:12:27+07:00", "last_update": "2026-03-17T17:14:58+07:00" }, "geometry": { "type": "LineString", "coordinates": [ [ 107.591242, -6.869971 ], [ 107.591359, -6.868165 ], [ 107.591617, -6.867227 ], [ 107.59163, -6.867144 ], [ 107.591636, -6.867067 ], [ 107.591692, -6.866343 ], [ 107.591677, -6.866271 ] ] } },
{ "type": "Feature", "properties": { "Satwil": "Polrestabes Medan", "country": "ID", "level": 2, "city": "Medan", "speedKMH": 19.56, "length": 1126, "turnType": "NONE", "uuid": 1301333812, "endNode": "", "speed": 5.4333333333333336, "roadType": 6, "delay": 103, "street": "Prof HM Yamin", "id": 1301333812, "pubMillis": 1773741865116, "blockingAlertUuid": null, "startNode": null, "published_wib": "2026-03-17T17:04:25+07:00", "last_update": "2026-03-17T17:14:58+07:00" }, "geometry": { "type": "LineString", "coordinates": [ [ 98.701954, 3.598061 ], [ 98.701274, 3.598093 ], [ 98.701213, 3.598096 ], [ 98.700717, 3.598119 ], [ 98.700493, 3.598126 ], [ 98.700052, 3.598145 ], [ 98.69986, 3.598151 ], [ 98.699583, 3.598168 ], [ 98.699245, 3.598178 ], [ 98.698357, 3.598226 ], [ 98.697695, 3.598248 ], [ 98.697242, 3.59827 ], [ 98.696607, 3.598297 ], [ 98.69619, 3.598311 ], [ 98.695938, 3.598336 ], [ 98.695549, 3.598344 ], [ 98.693156, 3.598434 ], [ 98.691829, 3.598463 ] ] } },
{ "type": "Feature", "properties": { "Satwil": "Polda Bali", "country": "ID", "level": 3, "city": "Ubud", "speedKMH": 8.9, "length": 328, "turnType": "NONE", "uuid": 1302808814, "endNode": null, "speed": 2.4722222222222223, "roadType": 2, "delay": 96, "street": "Anak Agung Gede Rai", "id": 1302808814, "pubMillis": 1773742348309, "blockingAlertUuid": null, "startNode": null, "published_wib": "2026-03-17T17:12:28+07:00", "last_update": "2026-03-17T18:14:58+08:00" }, "geometry": { "type": "LineString", "coordinates": [ [ 115.262048, -8.54249 ], [ 115.262051, -8.541875 ], [ 115.262077, -8.541278 ], [ 115.262162, -8.540622 ], [ 115.262255, -8.539528 ] ] } },
{ "type": "Feature", "properties": { "Satwil": "Polresta Surakarta", "country": "ID", "level": 4, "city": "Surakarta", "speedKMH": 6.66, "length": 259, "turnType": "NONE", "uuid": 1302776966, "endNode": "Laksamana Adi Sucipto", "speed": 1.85, "roadType": 7, "delay": 115, "street": "Prof Dr Suharso", "id": 1302776966, "pubMillis": 1773742346253, "blockingAlertUuid": null, "startNode": null, "published_wib": "2026-03-17T17:12:26+07:00", "last_update": "2026-03-17T17:14:58+07:00" }, "geometry": { "type": "LineString", "coordinates": [ [ 110.787432, -7.552997 ], [ 110.787907, -7.551393 ], [ 110.787977, -7.551167 ], [ 110.788099, -7.550755 ] ] } },
{ "type": "Feature", "properties": { "Satwil": "Polrestabes Bandung", "country": "ID", "level": 3, "city": "Bandung", "speedKMH": 10.14, "length": 356, "turnType": "NONE", "uuid": 1301333902, "endNode": "Terusan Jakarta", "speed": 2.8166666666666669, "roadType": 1, "delay": 77, "street": "Sulaksana", "id": 1301333902, "pubMillis": 1773741866345, "blockingAlertUuid": null, "startNode": null, "published_wib": "2026-03-17T17:04:26+07:00", "last_update": "2026-03-17T17:14:58+07:00" }, "geometry": { "type": "LineString", "coordinates": [ [ 107.649632, -6.909681 ], [ 107.649598, -6.910049 ], [ 107.649523, -6.910864 ], [ 107.649608, -6.911783 ], [ 107.649742, -6.912878 ] ] } },
{ "type": "Feature", "properties": { "Satwil": "Polrestabes Bandung", "country": "ID", "level": 4, "city": "Bandung", "speedKMH": 4.79, "length": 553, "turnType": "NONE", "uuid": 1283446892, "endNode": "Dalem Kaum", "speed": 1.3305555555555555, "roadType": 2, "delay": 358, "street": "Dewi Sartika", "id": 1283446892, "pubMillis": 1773734441729, "blockingAlertUuid": null, "startNode": null, "published_wib": "2026-03-17T15:00:41+07:00", "last_update": "2026-03-17T17:14:58+07:00" }, "geometry": { "type": "LineString", "coordinates": [ [ 107.605897, -6.92739 ], [ 107.606098, -6.925662 ], [ 107.606223, -6.924353 ], [ 107.606233, -6.924185 ], [ 107.606252, -6.923985 ], [ 107.6063, -6.923456 ], [ 107.606361, -6.92279 ], [ 107.60641, -6.922413 ] ] } },
{ "type": "Feature", "properties": { "Satwil": "Polrestabes Medan", "country": "ID", "level": 3, "city": "Medan", "speedKMH": 17.47, "length": 1298, "turnType": "NONE", "uuid": 1301310006, "endNode": "", "speed": 4.8527777777777779, "roadType": 6, "delay": 169, "street": "N1 Gagak Hitam", "id": 1301310006, "pubMillis": 1773741868006, "blockingAlertUuid": null, "startNode": null, "published_wib": "2026-03-17T17:04:28+07:00", "last_update": "2026-03-17T17:14:58+07:00" }, "geometry": { "type": "LineString", "coordinates": [ [ 98.626326, 3.574321 ], [ 98.626272, 3.573418 ], [ 98.626188, 3.572206 ], [ 98.626196, 3.570947 ], [ 98.626177, 3.567649 ], [ 98.626178, 3.567543 ], [ 98.626114, 3.564857 ], [ 98.62612, 3.562584 ] ] } },
{ "type": "Feature", "properties": { "Satwil": "Polrestabes Bandung", "country": "ID", "level": 3, "city": "Bandung", "speedKMH": 8.34, "length": 765, "turnType": "NONE", "uuid": 1298389320, "endNode": "Sari Indah Raya", "speed": 2.3166666666666669, "roadType": 2, "delay": 207, "street": "Babakan Sari", "id": 1298389320, "pubMillis": 1773740749950, "blockingAlertUuid": null, "startNode": null, "published_wib": "2026-03-17T16:45:49+07:00", "last_update": "2026-03-17T17:14:58+07:00" }, "geometry": { "type": "LineString", "coordinates": [ [ 107.644392, -6.921772 ], [ 107.645193, -6.922044 ], [ 107.64565, -6.922127 ], [ 107.646102, -6.922205 ], [ 107.646719, -6.922025 ], [ 107.647279, -6.922056 ], [ 107.648049, -6.922243 ], [ 107.648211, -6.922206 ], [ 107.648416, -6.922088 ], [ 107.648692, -6.92211 ], [ 107.649123, -6.922172 ], [ 107.649443, -6.922232 ], [ 107.650107, -6.922334 ], [ 107.650188, -6.92236 ], [ 107.650636, -6.92243 ], [ 107.651138, -6.922529 ] ] } },
{ "type": "Feature", "properties": { "Satwil": "Polrestabes Bandung", "country": "ID", "level": 4, "city": "Bandung", "speedKMH": 1.56, "length": 181, "turnType": "NONE", "uuid": 1301043640, "endNode": "Batununggal Indah Raya", "speed": 0.43333333333333335, "roadType": 1, "delay": 380, "street": "Batununggal", "id": 1301043640, "pubMillis": 1773741706949, "blockingAlertUuid": null, "startNode": null, "published_wib": "2026-03-17T17:01:46+07:00", "last_update": "2026-03-17T17:14:58+07:00" }, "geometry": { "type": "LineString", "coordinates": [ [ 107.638371, -6.954514 ], [ 107.638141, -6.955658 ], [ 107.637905, -6.955924 ], [ 107.63787, -6.956036 ] ] } },
{ "type": "Feature", "properties": { "Satwil": "Polda Bali", "country": "ID", "level": 2, "city": "Kuta", "speedKMH": 14.15, "length": 504, "turnType": "NONE", "uuid": 1302906862, "endNode": "Lebak Sari (Seminyak)", "speed": 3.9305555555555554, "roadType": 1, "delay": 61, "street": "Drupadi", "id": 1302906862, "pubMillis": 1773742342871, "blockingAlertUuid": null, "startNode": null, "published_wib": "2026-03-17T17:12:22+07:00", "last_update": "2026-03-17T18:14:58+08:00" }, "geometry": { "type": "LineString", "coordinates": [ [ 115.165598, -8.6889 ], [ 115.165615, -8.688966 ], [ 115.165633, -8.68911 ], [ 115.165638, -8.689267 ], [ 115.165605, -8.68951 ], [ 115.164522, -8.689599 ], [ 115.162686, -8.689684 ], [ 115.161725, -8.689702 ], [ 115.161669, -8.689765 ] ] } },
{ "type": "Feature", "properties": { "Satwil": "Polrestabes Medan", "country": "ID", "level": 2, "city": "Medan", "speedKMH": 18.73, "length": 641, "turnType": "NONE", "uuid": 1302288894, "endNode": "N4 Glugur", "speed": 5.2027777777777775, "roadType": 6, "delay": 65, "street": "N4 Letjen S Parman", "id": 1302288894, "pubMillis": 1773742182478, "blockingAlertUuid": null, "startNode": null, "published_wib": "2026-03-17T17:09:42+07:00", "last_update": "2026-03-17T17:14:58+07:00" }, "geometry": { "type": "LineString", "coordinates": [ [ 98.666951, 3.584582 ], [ 98.666982, 3.585247 ], [ 98.666995, 3.585527 ], [ 98.667002, 3.585763 ], [ 98.667071, 3.586286 ], [ 98.667085, 3.586393 ], [ 98.667131, 3.586626 ], [ 98.66723, 3.587017 ], [ 98.667357, 3.587462 ], [ 98.667552, 3.588101 ], [ 98.667607, 3.588267 ], [ 98.667803, 3.588623 ], [ 98.668016, 3.588911 ], [ 98.668224, 3.589154 ], [ 98.668917, 3.589793 ] ] } },
{ "type": "Feature", "properties": { "Satwil": "Polrestabes Bandung", "country": "ID", "level": 3, "city": "Bandung", "speedKMH": 8.18, "length": 603, "turnType": "NONE", "uuid": 1301341678, "endNode": "Ciwastra", "speed": 2.2722222222222221, "roadType": 2, "delay": 202, "street": "Margacinta", "id": 1301341678, "pubMillis": 1773741865360, "blockingAlertUuid": null, "startNode": null, "published_wib": "2026-03-17T17:04:25+07:00", "last_update": "2026-03-17T17:14:58+07:00" }, "geometry": { "type": "LineString", "coordinates": [ [ 107.655366, -6.955958 ], [ 107.655723, -6.956224 ], [ 107.655969, -6.956434 ], [ 107.65665, -6.957057 ], [ 107.657632, -6.958035 ], [ 107.657905, -6.958217 ], [ 107.6589, -6.958639 ], [ 107.659544, -6.958936 ], [ 107.659799, -6.959031 ] ] } },
{ "type": "Feature", "properties": { "Satwil": "Polrestabes Bandung", "country": "ID", "level": 3, "city": "Bandung", "speedKMH": 11.27, "length": 514, "turnType": "NONE", "uuid": 1300088602, "endNode": "Arah Alun-alun", "speed": 3.1305555555555555, "roadType": 7, "delay": 102, "street": "Jamika", "id": 1300088602, "pubMillis": 1773741382593, "blockingAlertUuid": null, "startNode": null, "published_wib": "2026-03-17T16:56:22+07:00", "last_update": "2026-03-17T17:14:58+07:00" }, "geometry": { "type": "LineString", "coordinates": [ [ 107.58609, -6.921789 ], [ 107.586056, -6.922013 ], [ 107.586021, -6.922277 ], [ 107.585815, -6.923676 ], [ 107.58576, -6.92431 ], [ 107.585699, -6.924987 ], [ 107.585641, -6.925903 ], [ 107.585622, -6.92641 ] ] } },
{ "type": "Feature", "properties": { "Satwil": "Polresta Surakarta", "country": "ID", "level": 4, "city": "Surakarta", "speedKMH": 7.22, "length": 799, "turnType": "NONE", "uuid": 1301432114, "endNode": "Dr Wahidin Sudirohusodo", "speed": 2.0055555555555555, "roadType": 7, "delay": 287, "street": "Dokter Radjiman", "id": 1301432114, "pubMillis": 1773741865801, "blockingAlertUuid": null, "startNode": null, "published_wib": "2026-03-17T17:04:25+07:00", "last_update": "2026-03-17T17:14:58+07:00" }, "geometry": { "type": "LineString", "coordinates": [ [ 110.812058, -7.571697 ], [ 110.811802, -7.57167 ], [ 110.811453, -7.571643 ], [ 110.810214, -7.571581 ], [ 110.809971, -7.571569 ], [ 110.808749, -7.571507 ], [ 110.808352, -7.571489 ], [ 110.807894, -7.57147 ], [ 110.807129, -7.571423 ], [ 110.806672, -7.571386 ], [ 110.804839, -7.571318 ] ] } },
{ "type": "Feature", "properties": { "Satwil": "Polda DI Yogyakarta", "country": "ID", "level": 2, "city": "Ngemplak (Sleman)", "speedKMH": 10.59, "length": 616, "turnType": "NONE", "uuid": 1301106684, "endNode": "Paingan Raya", "speed": 2.9416666666666669, "roadType": 7, "delay": 111, "street": "Jalan Stadion", "id": 1301106684, "pubMillis": 1773741703082, "blockingAlertUuid": null, "startNode": null, "published_wib": "2026-03-17T17:01:43+07:00", "last_update": "2026-03-17T17:14:58+07:00" }, "geometry": { "type": "LineString", "coordinates": [ [ 110.42496, -7.75071 ], [ 110.424693, -7.750717 ], [ 110.424034, -7.750627 ], [ 110.42266, -7.750441 ], [ 110.422443, -7.750418 ], [ 110.420563, -7.750084 ], [ 110.419726, -7.749931 ], [ 110.419458, -7.749833 ] ] } },
{ "type": "Feature", "properties": { "Satwil": "Polda Bali", "country": "ID", "level": 2, "city": "Baturiti", "speedKMH": 25.56, "length": 4313, "turnType": "NONE", "uuid": 1301432106, "endNode": "Jalan Raya Pancasari-Baturiti", "speed": 7.1, "roadType": 6, "delay": 290, "street": "Jalan Raya Baturiti-Mekarsari", "id": 1301432106, "pubMillis": 1773741865703, "blockingAlertUuid": null, "startNode": null, "published_wib": "2026-03-17T17:04:25+07:00", "last_update": "2026-03-17T18:14:58+08:00" }, "geometry": { "type": "LineString", "coordinates": [ [ 115.193842, -8.376306 ], [ 115.193224, -8.374038 ], [ 115.192942, -8.373003 ], [ 115.192682, -8.371862 ], [ 115.1925, -8.369657 ], [ 115.192339, -8.368598 ], [ 115.192068, -8.366507 ], [ 115.191808, -8.364694 ], [ 115.191566, -8.363609 ], [ 115.191195, -8.362399 ], [ 115.191029, -8.361431 ], [ 115.190906, -8.359463 ], [ 115.190488, -8.358784 ], [ 115.190295, -8.358355 ], [ 115.190037, -8.35767 ], [ 115.189914, -8.356878 ], [ 115.189607, -8.353353 ], [ 115.18894, -8.351334 ], [ 115.189137, -8.349454 ], [ 115.188842, -8.34886 ], [ 115.188203, -8.348267 ], [ 115.187934, -8.347835 ], [ 115.187789, -8.345939 ], [ 115.187785, -8.345497 ], [ 115.187826, -8.344424 ], [ 115.187998, -8.343947 ], [ 115.188501, -8.343151 ], [ 115.188679, -8.342454 ], [ 115.188968, -8.341053 ], [ 115.188914, -8.34027 ], [ 115.188784, -8.339316 ], [ 115.188504, -8.33868 ] ] } },
{ "type": "Feature", "properties": { "Satwil": "Polda DI Yogyakarta", "country": "ID", "level": 2, "city": "Berbah", "speedKMH": 20.48, "length": 1061, "turnType": "NONE", "uuid": 1299634258, "endNode": "Jalan Raya Jogja-Wonosari", "speed": 5.6888888888888891, "roadType": 6, "delay": 113, "street": "Jalan Raya Jogja-Wonosari", "id": 1299634258, "pubMillis": 1773741234439, "blockingAlertUuid": null, "startNode": null, "published_wib": "2026-03-17T16:53:54+07:00", "last_update": "2026-03-17T17:14:58+07:00" }, "geometry": { "type": "LineString", "coordinates": [ [ 110.436443, -7.82714 ], [ 110.434625, -7.826912 ], [ 110.434464, -7.826861 ], [ 110.433312, -7.82636 ], [ 110.431537, -7.825563 ], [ 110.430321, -7.825044 ], [ 110.42945, -7.824652 ], [ 110.427496, -7.823795 ] ] } },
{ "type": "Feature", "properties": { "Satwil": "Polda DI Yogyakarta", "country": "ID", "level": 2, "city": "Berbah", "speedKMH": 24.17, "length": 898, "turnType": "NONE", "uuid": 1301761828, "endNode": null, "speed": 6.7138888888888886, "roadType": 7, "delay": 72, "street": "Jalan Raya Piyungan-Prambanan", "id": 1301761828, "pubMillis": 1773742023423, "blockingAlertUuid": null, "startNode": null, "published_wib": "2026-03-17T17:07:03+07:00", "last_update": "2026-03-17T17:14:58+07:00" }, "geometry": { "type": "LineString", "coordinates": [ [ 110.481294, -7.817397 ], [ 110.481038, -7.818422 ], [ 110.480479, -7.820559 ], [ 110.480233, -7.821485 ], [ 110.480164, -7.821773 ], [ 110.479377, -7.824814 ], [ 110.47926, -7.825261 ] ] } },
{ "type": "Feature", "properties": { "Satwil": "Polda DI Yogyakarta", "country": "ID", "level": 5, "city": "Kalasan", "speedKMH": 0.0, "length": 211, "turnType": "NONE", "uuid": 28508644, "endNode": "", "speed": 0.0, "roadType": 1, "delay": -1, "street": "Selokan Mataram", "id": 28508644, "pubMillis": 1773195283273, "blockingAlertUuid": "f0896fb0-f128-40fb-bddf-cd7cf553d7f5", "startNode": null, "published_wib": "2026-03-11T09:14:43+07:00", "last_update": "2026-03-17T17:14:58+07:00" }, "geometry": { "type": "LineString", "coordinates": [ [ 110.4452, -7.771139 ], [ 110.447109, -7.770956 ] ] } },
{ "type": "Feature", "properties": { "Satwil": "Polrestabes Bandung", "country": "ID", "level": 3, "city": "Bandung", "speedKMH": 11.74, "length": 547, "turnType": "NONE", "uuid": 1302808618, "endNode": "", "speed": 3.2611111111111111, "roadType": 7, "delay": 90, "street": "Jenderal Sudirman", "id": 1302808618, "pubMillis": 1773742345318, "blockingAlertUuid": null, "startNode": null, "published_wib": "2026-03-17T17:12:25+07:00", "last_update": "2026-03-17T17:14:58+07:00" }, "geometry": { "type": "LineString", "coordinates": [ [ 107.58321, -6.918273 ], [ 107.58501, -6.918483 ], [ 107.586446, -6.91866 ], [ 107.58651, -6.918697 ], [ 107.58654, -6.918739 ], [ 107.586548, -6.918745 ], [ 107.586306, -6.918727 ], [ 107.585299, -6.9186 ], [ 107.585084, -6.918572 ], [ 107.585005, -6.918562 ] ] } },
{ "type": "Feature", "properties": { "Satwil": "Polrestabes Bandung", "country": "ID", "level": 3, "city": "Bandung", "speedKMH": 5.01, "length": 304, "turnType": "NONE", "uuid": 1300187052, "endNode": "", "speed": 1.3916666666666666, "roadType": 1, "delay": 178, "street": "Trunojoyo", "id": 1300187052, "pubMillis": 1773741387021, "blockingAlertUuid": null, "startNode": null, "published_wib": "2026-03-17T16:56:27+07:00", "last_update": "2026-03-17T17:14:58+07:00" }, "geometry": { "type": "LineString", "coordinates": [ [ 107.612677, -6.906477 ], [ 107.612883, -6.906076 ], [ 107.613253, -6.905645 ], [ 107.613499, -6.905335 ], [ 107.613408, -6.905063 ], [ 107.613242, -6.904502 ], [ 107.613194, -6.904323 ], [ 107.613161, -6.904057 ], [ 107.613164, -6.90404 ] ] } },
{ "type": "Feature", "properties": { "Satwil": "Polrestabes Medan", "country": "ID", "level": 2, "city": "Medan", "speedKMH": 26.82, "length": 1236, "turnType": "NONE", "uuid": 1302808654, "endNode": "N1 Flyover Amplas", "speed": 7.45, "roadType": 6, "delay": 87, "street": "N1 Sisingamangaraja", "id": 1302808654, "pubMillis": 1773742345876, "blockingAlertUuid": null, "startNode": null, "published_wib": "2026-03-17T17:12:25+07:00", "last_update": "2026-03-17T17:14:58+07:00" }, "geometry": { "type": "LineString", "coordinates": [ [ 98.701434, 3.539194 ], [ 98.702084, 3.538989 ], [ 98.704204, 3.538601 ], [ 98.704874, 3.538456 ], [ 98.705421, 3.538359 ], [ 98.710128, 3.537536 ], [ 98.71034, 3.537499 ], [ 98.710705, 3.537436 ], [ 98.71236, 3.537149 ] ] } },
{ "type": "Feature", "properties": { "Satwil": "Polrestabes Medan", "country": "ID", "level": 2, "city": "Medan", "speedKMH": 17.64, "length": 666, "turnType": "NONE", "uuid": 1301138712, "endNode": "Bilal", "speed": 4.9, "roadType": 2, "delay": 75, "street": "Jalan Gunung Krakatau", "id": 1301138712, "pubMillis": 1773741706869, "blockingAlertUuid": null, "startNode": null, "published_wib": "2026-03-17T17:01:46+07:00", "last_update": "2026-03-17T17:14:58+07:00" }, "geometry": { "type": "LineString", "coordinates": [ [ 98.680736, 3.616845 ], [ 98.680702, 3.617081 ], [ 98.680708, 3.617375 ], [ 98.680722, 3.617907 ], [ 98.680743, 3.618691 ], [ 98.680747, 3.619124 ], [ 98.680784, 3.620937 ], [ 98.680819, 3.621549 ], [ 98.680848, 3.622858 ] ] } },
{ "type": "Feature", "properties": { "Satwil": "Polrestabes Bandung", "country": "ID", "level": 4, "city": "Bandung", "speedKMH": 3.88, "length": 261, "turnType": "NONE", "uuid": 1302780856, "endNode": null, "speed": 1.0777777777777777, "roadType": 1, "delay": 201, "street": "Padasuka", "id": 1302780856, "pubMillis": 1773742342124, "blockingAlertUuid": null, "startNode": null, "published_wib": "2026-03-17T17:12:22+07:00", "last_update": "2026-03-17T17:14:58+07:00" }, "geometry": { "type": "LineString", "coordinates": [ [ 107.654065, -6.899922 ], [ 107.654324, -6.898849 ], [ 107.654359, -6.8987 ], [ 107.654483, -6.89818 ], [ 107.654652, -6.897634 ] ] } },
{ "type": "Feature", "properties": { "Satwil": "Polda DI Yogyakarta", "country": "ID", "level": 2, "city": "Depok (Sleman)", "speedKMH": 20.42, "length": 1661, "turnType": "NONE", "uuid": 1301471500, "endNode": "", "speed": 5.6722222222222225, "roadType": 7, "delay": 161, "street": "Laksda Adisucipto", "id": 1301471500, "pubMillis": 1773741863972, "blockingAlertUuid": null, "startNode": null, "published_wib": "2026-03-17T17:04:23+07:00", "last_update": "2026-03-17T17:14:58+07:00" }, "geometry": { "type": "LineString", "coordinates": [ [ 110.410168, -7.783362 ], [ 110.409528, -7.783361 ], [ 110.409322, -7.783361 ], [ 110.408006, -7.783372 ], [ 110.407017, -7.783359 ], [ 110.406903, -7.783359 ], [ 110.40657, -7.783357 ], [ 110.406447, -7.783355 ], [ 110.403646, -7.783315 ], [ 110.402585, -7.783293 ], [ 110.401681, -7.783282 ], [ 110.399854, -7.783272 ], [ 110.397959, -7.783266 ], [ 110.397533, -7.783262 ], [ 110.397247, -7.783259 ], [ 110.39689, -7.783253 ], [ 110.396152, -7.78324 ], [ 110.395117, -7.783222 ] ] } },
{ "type": "Feature", "properties": { "Satwil": "Polrestabes Bandung", "country": "ID", "level": 4, "city": "Bandung", "speedKMH": 3.19, "length": 586, "turnType": "NONE", "uuid": 1300057558, "endNode": "Gedebage Utama", "speed": 0.88611111111111107, "roadType": 2, "delay": 582, "street": "Gede Bage", "id": 1300057558, "pubMillis": 1773741388113, "blockingAlertUuid": null, "startNode": null, "published_wib": "2026-03-17T16:56:28+07:00", "last_update": "2026-03-17T17:14:58+07:00" }, "geometry": { "type": "LineString", "coordinates": [ [ 107.692536, -6.937516 ], [ 107.69247, -6.938053 ], [ 107.692168, -6.939616 ], [ 107.692053, -6.940135 ], [ 107.691848, -6.941067 ], [ 107.691891, -6.941272 ], [ 107.691881, -6.941462 ], [ 107.69188, -6.94148 ], [ 107.691819, -6.941672 ], [ 107.691343, -6.942621 ] ] } },
{ "type": "Feature", "properties": { "Satwil": "Polrestabes Bandung", "country": "ID", "level": 3, "city": "Bandung", "speedKMH": 12.53, "length": 432, "turnType": "NONE", "uuid": 1302709992, "endNode": "Suryalaya", "speed": 3.4805555555555556, "roadType": 7, "delay": 84, "street": "Buah Batu", "id": 1302709992, "pubMillis": 1773742345952, "blockingAlertUuid": null, "startNode": null, "published_wib": "2026-03-17T17:12:25+07:00", "last_update": "2026-03-17T17:14:58+07:00" }, "geometry": { "type": "LineString", "coordinates": [ [ 107.623005, -6.93726 ], [ 107.623102, -6.937356 ], [ 107.624089, -6.938397 ], [ 107.624236, -6.938544 ], [ 107.625716, -6.94007 ] ] } },
{ "type": "Feature", "properties": { "Satwil": "Polda Bali", "country": "ID", "level": 3, "city": "Denpasar", "speedKMH": 10.31, "length": 912, "turnType": "NONE", "uuid": 1292065710, "endNode": "Gatot Subroto Timur", "speed": 2.8638888888888889, "roadType": 2, "delay": 223, "street": "Suli", "id": 1292065710, "pubMillis": 1773737841109, "blockingAlertUuid": null, "startNode": null, "published_wib": "2026-03-17T15:57:21+07:00", "last_update": "2026-03-17T18:14:58+08:00" }, "geometry": { "type": "LineString", "coordinates": [ [ 115.223407, -8.644538 ], [ 115.223822, -8.643476 ], [ 115.224436, -8.641708 ], [ 115.224711, -8.640255 ], [ 115.224998, -8.638388 ], [ 115.225038, -8.63799 ], [ 115.225201, -8.636977 ], [ 115.225209, -8.636539 ] ] } },
{ "type": "Feature", "properties": { "Satwil": "Polrestabes Medan", "country": "ID", "level": 3, "city": "Medan", "speedKMH": 8.21, "length": 387, "turnType": "NONE", "uuid": 1301895972, "endNode": "", "speed": 2.2805555555555554, "roadType": 2, "delay": 138, "street": "Brigjen Katamso", "id": 1301895972, "pubMillis": 1773742022336, "blockingAlertUuid": null, "startNode": null, "published_wib": "2026-03-17T17:07:02+07:00", "last_update": "2026-03-17T17:14:58+07:00" }, "geometry": { "type": "LineString", "coordinates": [ [ 98.686231, 3.542806 ], [ 98.686288, 3.5429 ], [ 98.686374, 3.543089 ], [ 98.686513, 3.543673 ], [ 98.686617, 3.544181 ], [ 98.686852, 3.544982 ], [ 98.687198, 3.546161 ] ] } },
{ "type": "Feature", "properties": { "Satwil": "Polrestabes Medan", "country": "ID", "level": 2, "city": "Medan", "speedKMH": 16.87, "length": 564, "turnType": "NONE", "uuid": 1302289258, "endNode": "N4 Letjen S Parman", "speed": 4.6861111111111109, "roadType": 2, "delay": 64, "street": "Gajah Mada", "id": 1302289258, "pubMillis": 1773742186978, "blockingAlertUuid": null, "startNode": null, "published_wib": "2026-03-17T17:09:46+07:00", "last_update": "2026-03-17T17:14:58+07:00" }, "geometry": { "type": "LineString", "coordinates": [ [ 98.66188, 3.584564 ], [ 98.663591, 3.584426 ], [ 98.66438, 3.584388 ], [ 98.664541, 3.584374 ], [ 98.665339, 3.58432 ], [ 98.666118, 3.584251 ], [ 98.666932, 3.584176 ] ] } },
{ "type": "Feature", "properties": { "Satwil": "Polrestabes Bandung", "country": "ID", "level": 2, "city": "Bandung", "speedKMH": 19.67, "length": 906, "turnType": "NONE", "uuid": 1302383532, "endNode": "Arah Jamika/Andir", "speed": 5.4638888888888886, "roadType": 7, "delay": 91, "street": "Terusan Pasir Koja", "id": 1302383532, "pubMillis": 1773742181525, "blockingAlertUuid": null, "startNode": null, "published_wib": "2026-03-17T17:09:41+07:00", "last_update": "2026-03-17T17:14:58+07:00" }, "geometry": { "type": "LineString", "coordinates": [ [ 107.577534, -6.929804 ], [ 107.57763, -6.929767 ], [ 107.577864, -6.929672 ], [ 107.578425, -6.929445 ], [ 107.579478, -6.92905 ], [ 107.582148, -6.928017 ], [ 107.584047, -6.927281 ], [ 107.585182, -6.926842 ] ] } },
{ "type": "Feature", "properties": { "Satwil": "Polda DI Yogyakarta", "country": "ID", "level": 2, "city": "Sentolo", "speedKMH": 28.75, "length": 1904, "turnType": "NONE", "uuid": 1302776746, "endNode": "Jalan Sentolo-Brosot", "speed": 7.9861111111111107, "roadType": 2, "delay": 93, "street": "Jalan Sentolo-Brosot", "id": 1302776746, "pubMillis": 1773742342503, "blockingAlertUuid": null, "startNode": null, "published_wib": "2026-03-17T17:12:22+07:00", "last_update": "2026-03-17T17:14:58+07:00" }, "geometry": { "type": "LineString", "coordinates": [ [ 110.206971, -7.878035 ], [ 110.206678, -7.879158 ], [ 110.206049, -7.881563 ], [ 110.205777, -7.882693 ], [ 110.205471, -7.883997 ], [ 110.205397, -7.884361 ], [ 110.205229, -7.885496 ], [ 110.205214, -7.885669 ], [ 110.205121, -7.887598 ], [ 110.205043, -7.888411 ], [ 110.204956, -7.889154 ], [ 110.204501, -7.8927 ], [ 110.204134, -7.894536 ], [ 110.204032, -7.894972 ] ] } },
{ "type": "Feature", "properties": { "Satwil": "Polrestabes Bandung", "country": "ID", "level": 2, "city": "Bandung", "speedKMH": 11.91, "length": 410, "turnType": "NONE", "uuid": 1298785132, "endNode": "", "speed": 3.3083333333333331, "roadType": 1, "delay": 60, "street": "Trunojoyo", "id": 1298785132, "pubMillis": 1773740911377, "blockingAlertUuid": null, "startNode": null, "published_wib": "2026-03-17T16:48:31+07:00", "last_update": "2026-03-17T17:14:58+07:00" }, "geometry": { "type": "LineString", "coordinates": [ [ 107.615647, -6.901668 ], [ 107.615148, -6.902167 ], [ 107.614993, -6.902209 ], [ 107.614685, -6.902218 ], [ 107.614389, -6.90226 ], [ 107.614185, -6.902407 ], [ 107.613742, -6.902836 ], [ 107.613225, -6.903629 ], [ 107.61318, -6.903751 ], [ 107.613164, -6.90404 ] ] } },
{ "type": "Feature", "properties": { "Satwil": "Polrestabes Bandung", "country": "ID", "level": 2, "city": "Bandung", "speedKMH": 14.54, "length": 500, "turnType": "NONE", "uuid": 1302875066, "endNode": "Arah Simpang Lima", "speed": 4.0388888888888888, "roadType": 2, "delay": 74, "street": "Jalan Burangrang", "id": 1302875066, "pubMillis": 1773742342306, "blockingAlertUuid": null, "startNode": null, "published_wib": "2026-03-17T17:12:22+07:00", "last_update": "2026-03-17T17:14:58+07:00" }, "geometry": { "type": "LineString", "coordinates": [ [ 107.619433, -6.92752 ], [ 107.619444, -6.927126 ], [ 107.619594, -6.926237 ], [ 107.619745, -6.925399 ], [ 107.619833, -6.924785 ], [ 107.619908, -6.924289 ], [ 107.619915, -6.924132 ], [ 107.619937, -6.92371 ], [ 107.619928, -6.923534 ], [ 107.619886, -6.923366 ], [ 107.619777, -6.92307 ] ] } },
{ "type": "Feature", "properties": { "Satwil": "Polrestabes Bandung", "country": "ID", "level": 4, "city": "Bandung", "speedKMH": 2.1, "length": 323, "turnType": "NONE", "uuid": 1297237734, "endNode": null, "speed": 0.58333333333333337, "roadType": 2, "delay": 507, "street": "Holis", "id": 1297237734, "pubMillis": 1773740270851, "blockingAlertUuid": null, "startNode": null, "published_wib": "2026-03-17T16:37:50+07:00", "last_update": "2026-03-17T17:14:58+07:00" }, "geometry": { "type": "LineString", "coordinates": [ [ 107.574838, -6.925358 ], [ 107.574717, -6.92606 ], [ 107.574584, -6.926536 ], [ 107.57404, -6.927923 ], [ 107.57398, -6.928139 ] ] } },
{ "type": "Feature", "properties": { "Satwil": "Polrestabes Bandung", "country": "ID", "level": 2, "city": "Bandung", "speedKMH": 13.85, "length": 546, "turnType": "NONE", "uuid": 1302383766, "endNode": "Ariajipang", "speed": 3.8472222222222223, "roadType": 7, "delay": 65, "street": "Diponegoro", "id": 1302383766, "pubMillis": 1773742184783, "blockingAlertUuid": null, "startNode": null, "published_wib": "2026-03-17T17:09:44+07:00", "last_update": "2026-03-17T17:14:58+07:00" }, "geometry": { "type": "LineString", "coordinates": [ [ 107.619748, -6.901326 ], [ 107.619485, -6.901325 ], [ 107.619318, -6.901264 ], [ 107.618061, -6.901321 ], [ 107.616988, -6.901349 ], [ 107.616893, -6.901351 ], [ 107.615995, -6.901353 ], [ 107.615889, -6.901301 ], [ 107.615609, -6.901048 ], [ 107.615084, -6.900634 ] ] } },
{ "type": "Feature", "properties": { "Satwil": "Polda Bali", "country": "ID", "level": 4, "city": "Buleleng", "speedKMH": 5.41, "length": 304, "turnType": "NONE", "uuid": 1302678400, "endNode": null, "speed": 1.5027777777777778, "roadType": 6, "delay": 169, "street": "Gajah Mada", "id": 1302678400, "pubMillis": 1773742344926, "blockingAlertUuid": null, "startNode": null, "published_wib": "2026-03-17T17:12:24+07:00", "last_update": "2026-03-17T18:14:58+08:00" }, "geometry": { "type": "LineString", "coordinates": [ [ 115.09708, -8.124549 ], [ 115.096812, -8.123533 ], [ 115.096542, -8.1225 ], [ 115.096521, -8.12242 ], [ 115.096396, -8.12188 ] ] } },
{ "type": "Feature", "properties": { "Satwil": "Polda Bali", "country": "ID", "level": 4, "city": "Denpasar", "speedKMH": 4.64, "length": 317, "turnType": "NONE", "uuid": 1302316618, "endNode": "", "speed": 1.288888888888889, "roadType": 6, "delay": 205, "street": "Jalan Sumatera", "id": 1302316618, "pubMillis": 1773742184789, "blockingAlertUuid": null, "startNode": null, "published_wib": "2026-03-17T17:09:44+07:00", "last_update": "2026-03-17T18:14:58+08:00" }, "geometry": { "type": "LineString", "coordinates": [ [ 115.21499, -8.655692 ], [ 115.21478, -8.656658 ], [ 115.214539, -8.658111 ], [ 115.214701, -8.658488 ] ] } },
{ "type": "Feature", "properties": { "Satwil": "Polda DI Yogyakarta", "country": "ID", "level": 2, "city": "Yogyakarta", "speedKMH": 11.18, "length": 576, "turnType": "NONE", "uuid": 1302316576, "endNode": "Atmo Sukarto", "speed": 3.1055555555555556, "roadType": 7, "delay": 106, "street": "Yos Sudarso", "id": 1302316576, "pubMillis": 1773742184156, "blockingAlertUuid": null, "startNode": null, "published_wib": "2026-03-17T17:09:44+07:00", "last_update": "2026-03-17T17:14:58+07:00" }, "geometry": { "type": "LineString", "coordinates": [ [ 110.374938, -7.788206 ], [ 110.374885, -7.788294 ], [ 110.374803, -7.788411 ], [ 110.374687, -7.788503 ], [ 110.374554, -7.788555 ], [ 110.37438, -7.788588 ], [ 110.374179, -7.788584 ], [ 110.373955, -7.788558 ], [ 110.373628, -7.788457 ], [ 110.373424, -7.788361 ], [ 110.373305, -7.788248 ], [ 110.373244, -7.788106 ], [ 110.373217, -7.787929 ], [ 110.373198, -7.787783 ], [ 110.373184, -7.787384 ], [ 110.373205, -7.787201 ], [ 110.37327, -7.786928 ], [ 110.373617, -7.786854 ], [ 110.374257, -7.786872 ], [ 110.374358, -7.786895 ], [ 110.374798, -7.787083 ], [ 110.375166, -7.78729 ] ] } },
{ "type": "Feature", "properties": { "Satwil": "Polda DI Yogyakarta", "country": "ID", "level": 5, "city": "Kalasan", "speedKMH": 0.0, "length": 366, "turnType": "NONE", "uuid": 1254319484, "endNode": "Kadirojo", "speed": 0.0, "roadType": 1, "delay": -1, "street": "Selokan Mataram", "id": 1254319484, "pubMillis": 1773713676655, "blockingAlertUuid": "32d8226f-95a1-4f66-9c5c-4ecba29baf5e", "startNode": null, "published_wib": "2026-03-17T09:14:36+07:00", "last_update": "2026-03-17T17:14:58+07:00" }, "geometry": { "type": "LineString", "coordinates": [ [ 110.452211, -7.770668 ], [ 110.450055, -7.770895 ], [ 110.449117, -7.770792 ], [ 110.448912, -7.770791 ] ] } },
{ "type": "Feature", "properties": { "Satwil": "Polda DI Yogyakarta", "country": "ID", "level": 2, "city": "Yogyakarta", "speedKMH": 16.11, "length": 577, "turnType": "NONE", "uuid": 1302316660, "endNode": "Mantrigawen Lor", "speed": 4.475, "roadType": 7, "delay": 73, "street": "Brigjen Katamso", "id": 1302316660, "pubMillis": 1773742185265, "blockingAlertUuid": null, "startNode": null, "published_wib": "2026-03-17T17:09:45+07:00", "last_update": "2026-03-17T17:14:58+07:00" }, "geometry": { "type": "LineString", "coordinates": [ [ 110.369389, -7.803956 ], [ 110.369392, -7.804131 ], [ 110.36935, -7.804856 ], [ 110.369315, -7.805448 ], [ 110.3692, -7.807026 ], [ 110.369112, -7.808137 ], [ 110.369034, -7.809159 ] ] } },
{ "type": "Feature", "properties": { "Satwil": "Polrestabes Bandung", "country": "ID", "level": 3, "city": "Bandung", "speedKMH": 5.83, "length": 215, "turnType": "NONE", "uuid": 1302709842, "endNode": "Sariasih", "speed": 1.6194444444444445, "roadType": 2, "delay": 100, "street": "Sarijadi", "id": 1302709842, "pubMillis": 1773742343485, "blockingAlertUuid": null, "startNode": null, "published_wib": "2026-03-17T17:12:23+07:00", "last_update": "2026-03-17T17:14:58+07:00" }, "geometry": { "type": "LineString", "coordinates": [ [ 107.58003, -6.874713 ], [ 107.579892, -6.875035 ], [ 107.579638, -6.875582 ], [ 107.579439, -6.876022 ], [ 107.579232, -6.87648 ] ] } },
{ "type": "Feature", "properties": { "Satwil": "Polrestabes Medan", "country": "ID", "level": 4, "city": "Medan", "speedKMH": 3.76, "length": 152, "turnType": "NONE", "uuid": 1301773594, "endNode": "Letjen MT Haryono", "speed": 1.0444444444444445, "roadType": 7, "delay": 127, "street": "Palang Merah", "id": 1301773594, "pubMillis": 1773742022778, "blockingAlertUuid": null, "startNode": null, "published_wib": "2026-03-17T17:07:02+07:00", "last_update": "2026-03-17T17:14:58+07:00" }, "geometry": { "type": "LineString", "coordinates": [ [ 98.680714, 3.584704 ], [ 98.681493, 3.585131 ], [ 98.68191, 3.585356 ] ] } },
{ "type": "Feature", "properties": { "Satwil": "Polrestabes Medan", "country": "ID", "level": 3, "city": "Medan", "speedKMH": 12.7, "length": 1100, "turnType": "NONE", "uuid": 1302154590, "endNode": "AR Hakim", "speed": 3.5277777777777777, "roadType": 2, "delay": 196, "street": "HM Joni", "id": 1302154590, "pubMillis": 1773742181001, "blockingAlertUuid": null, "startNode": null, "published_wib": "2026-03-17T17:09:41+07:00", "last_update": "2026-03-17T17:14:58+07:00" }, "geometry": { "type": "LineString", "coordinates": [ [ 98.693151, 3.568713 ], [ 98.69573, 3.568655 ], [ 98.696126, 3.568659 ], [ 98.697183, 3.56865 ], [ 98.697939, 3.568632 ], [ 98.698788, 3.568592 ], [ 98.700287, 3.568534 ], [ 98.700859, 3.568521 ], [ 98.703048, 3.568509 ] ] } },
{ "type": "Feature", "properties": { "Satwil": "Polrestabes Bandung", "country": "ID", "level": 3, "city": "Bandung", "speedKMH": 7.76, "length": 502, "turnType": "NONE", "uuid": 1302744918, "endNode": "Brigjen Katamso", "speed": 2.1555555555555554, "roadType": 2, "delay": 174, "street": "Pahlawan", "id": 1302744918, "pubMillis": 1773742342159, "blockingAlertUuid": null, "startNode": null, "published_wib": "2026-03-17T17:12:22+07:00", "last_update": "2026-03-17T17:14:58+07:00" }, "geometry": { "type": "LineString", "coordinates": [ [ 107.634198, -6.89764 ], [ 107.634167, -6.897783 ], [ 107.633967, -6.898799 ], [ 107.634002, -6.899254 ], [ 107.634066, -6.899566 ], [ 107.634102, -6.899741 ], [ 107.634174, -6.900043 ], [ 107.634319, -6.900419 ], [ 107.63437, -6.900535 ], [ 107.634812, -6.901472 ], [ 107.635038, -6.901948 ] ] } },
{ "type": "Feature", "properties": { "Satwil": "Polrestabes Bandung", "country": "ID", "level": 4, "city": "Bandung", "speedKMH": 2.7, "length": 656, "turnType": "NONE", "uuid": 1299794748, "endNode": "Melong Asih", "speed": 0.75, "roadType": 2, "delay": 778, "street": "Cijerah Raya", "id": 1299794748, "pubMillis": 1773741227372, "blockingAlertUuid": null, "startNode": null, "published_wib": "2026-03-17T16:53:47+07:00", "last_update": "2026-03-17T17:14:58+07:00" }, "geometry": { "type": "LineString", "coordinates": [ [ 107.571511, -6.914682 ], [ 107.571419, -6.914772 ], [ 107.571274, -6.915197 ], [ 107.571082, -6.915743 ], [ 107.570867, -6.916835 ], [ 107.570692, -6.917923 ], [ 107.570286, -6.91898 ], [ 107.569818, -6.920334 ] ] } },
{ "type": "Feature", "properties": { "Satwil": "Polrestabes Medan", "country": "ID", "level": 4, "city": "Medan", "speedKMH": 4.28, "length": 186, "turnType": "NONE", "uuid": 1302741432, "endNode": "Pukat", "speed": 1.1888888888888889, "roadType": 2, "delay": 129, "street": "Menteng Raya", "id": 1302741432, "pubMillis": 1773742345747, "blockingAlertUuid": null, "startNode": null, "published_wib": "2026-03-17T17:12:25+07:00", "last_update": "2026-03-17T17:14:58+07:00" }, "geometry": { "type": "LineString", "coordinates": [ [ 98.718063, 3.568186 ], [ 98.717553, 3.568198 ], [ 98.716388, 3.568226 ] ] } },
{ "type": "Feature", "properties": { "Satwil": "Polda DI Yogyakarta", "country": "ID", "level": 2, "city": "Banguntapan", "speedKMH": 22.99, "length": 1483, "turnType": "NONE", "uuid": 1301499264, "endNode": "Arah Madukismo/Wates/Purworejo", "speed": 6.3861111111111111, "roadType": 6, "delay": 111, "street": "Jalan Raya Jogja-Wonosari", "id": 1301499264, "pubMillis": 1773741866001, "blockingAlertUuid": null, "startNode": null, "published_wib": "2026-03-17T17:04:26+07:00", "last_update": "2026-03-17T17:14:58+07:00" }, "geometry": { "type": "LineString", "coordinates": [ [ 110.421889, -7.821088 ], [ 110.421532, -7.820913 ], [ 110.420369, -7.820288 ], [ 110.420156, -7.820181 ], [ 110.419638, -7.819894 ], [ 110.419375, -7.819766 ], [ 110.419102, -7.819631 ], [ 110.418711, -7.819424 ], [ 110.417791, -7.818933 ], [ 110.417442, -7.818735 ], [ 110.416168, -7.818044 ], [ 110.415876, -7.817885 ], [ 110.415515, -7.817661 ], [ 110.415234, -7.817486 ], [ 110.414774, -7.817129 ], [ 110.414433, -7.816864 ], [ 110.413413, -7.815917 ], [ 110.412258, -7.814842 ], [ 110.410922, -7.813533 ] ] } },
{ "type": "Feature", "properties": { "Satwil": "Polda Bali", "country": "ID", "level": 1, "city": "Kuta Selatan", "speedKMH": 25.43, "length": 1236, "turnType": "NONE", "uuid": 1301761684, "endNode": "Arah Jimbaran/Uluwatu", "speed": 7.0638888888888891, "roadType": 6, "delay": 69, "street": "Uluwatu 2", "id": 1301761684, "pubMillis": 1773742021286, "blockingAlertUuid": null, "startNode": null, "published_wib": "2026-03-17T17:07:01+07:00", "last_update": "2026-03-17T18:14:58+08:00" }, "geometry": { "type": "LineString", "coordinates": [ [ 115.169337, -8.78639 ], [ 115.169605, -8.786382 ], [ 115.169779, -8.786354 ], [ 115.16981, -8.78634 ], [ 115.169962, -8.786271 ], [ 115.170085, -8.786181 ], [ 115.170305, -8.785923 ], [ 115.170616, -8.785398 ], [ 115.170657, -8.785323 ], [ 115.17116, -8.784407 ], [ 115.171206, -8.784323 ], [ 115.171368, -8.784055 ], [ 115.171509, -8.783919 ], [ 115.171804, -8.783763 ], [ 115.17214, -8.783639 ], [ 115.172537, -8.783477 ], [ 115.172624, -8.783415 ], [ 115.173499, -8.782697 ], [ 115.173969, -8.782336 ], [ 115.174429, -8.781983 ], [ 115.174747, -8.781831 ], [ 115.174991, -8.781723 ], [ 115.175975, -8.781282 ], [ 115.176254, -8.781237 ], [ 115.177221, -8.781243 ], [ 115.177574, -8.781258 ], [ 115.177895, -8.781299 ], [ 115.178075, -8.781336 ], [ 115.178275, -8.781401 ], [ 115.17846, -8.781449 ] ] } },
{ "type": "Feature", "properties": { "Satwil": "Polda DI Yogyakarta", "country": "ID", "level": 2, "city": "Gamping", "speedKMH": 27.12, "length": 3989, "turnType": "NONE", "uuid": 1298907486, "endNode": "Jalur Lambat", "speed": 7.5333333333333332, "roadType": 6, "delay": 279, "street": "Siliwangi", "id": 1298907486, "pubMillis": 1773740914095, "blockingAlertUuid": null, "startNode": null, "published_wib": "2026-03-17T16:48:34+07:00", "last_update": "2026-03-17T17:14:58+07:00" }, "geometry": { "type": "LineString", "coordinates": [ [ 110.34189, -7.747904 ], [ 110.34128, -7.748868 ], [ 110.340937, -7.749529 ], [ 110.340747, -7.749946 ], [ 110.340289, -7.751256 ], [ 110.340079, -7.751912 ], [ 110.33984, -7.752641 ], [ 110.338784, -7.755853 ], [ 110.338746, -7.755966 ], [ 110.33707, -7.760972 ], [ 110.337036, -7.761073 ], [ 110.336305, -7.763255 ], [ 110.336264, -7.76337 ], [ 110.336037, -7.763994 ], [ 110.334903, -7.767363 ], [ 110.334882, -7.767428 ], [ 110.333823, -7.770628 ], [ 110.333018, -7.773138 ], [ 110.331912, -7.776519 ], [ 110.331706, -7.777193 ], [ 110.331598, -7.777614 ], [ 110.331558, -7.777882 ], [ 110.331474, -7.778754 ], [ 110.331349, -7.780322 ], [ 110.331342, -7.780447 ], [ 110.3312, -7.782188 ] ] } },
{ "type": "Feature", "properties": { "Satwil": "Polda Bali", "country": "ID", "level": 3, "city": "Kuta", "speedKMH": 8.08, "length": 568, "turnType": "NONE", "uuid": 1300190692, "endNode": "", "speed": 2.2444444444444445, "roadType": 6, "delay": 198, "street": "Sunset Road", "id": 1300190692, "pubMillis": 1773741383292, "blockingAlertUuid": null, "startNode": null, "published_wib": "2026-03-17T16:56:23+07:00", "last_update": "2026-03-17T18:14:58+08:00" }, "geometry": { "type": "LineString", "coordinates": [ [ 115.185395, -8.711022 ], [ 115.18436, -8.709254 ], [ 115.183577, -8.707868 ], [ 115.182836, -8.706546 ] ] } },
{ "type": "Feature", "properties": { "Satwil": "Polda DI Yogyakarta", "country": "ID", "level": 3, "city": "Kalasan", "speedKMH": 12.42, "length": 1390, "turnType": "NONE", "uuid": 1295449302, "endNode": null, "speed": 3.45, "roadType": 6, "delay": 283, "street": "Jalan Raya Yogyakarta-Prambanan", "id": 1295449302, "pubMillis": 1773739463723, "blockingAlertUuid": null, "startNode": null, "published_wib": "2026-03-17T16:24:23+07:00", "last_update": "2026-03-17T17:14:58+07:00" }, "geometry": { "type": "LineString", "coordinates": [ [ 110.487265, -7.755836 ], [ 110.484847, -7.756287 ], [ 110.482416, -7.756725 ], [ 110.482412, -7.756726 ], [ 110.481473, -7.7569 ], [ 110.480986, -7.757033 ], [ 110.480389, -7.75726 ], [ 110.479996, -7.757531 ], [ 110.479771, -7.757715 ], [ 110.479347, -7.758126 ], [ 110.477861, -7.759847 ], [ 110.477685, -7.760125 ], [ 110.47714, -7.760729 ], [ 110.477011, -7.760878 ], [ 110.4767, -7.761224 ], [ 110.476616, -7.761311 ] ] } },
{ "type": "Feature", "properties": { "Satwil": "Polrestabes Bandung", "country": "ID", "level": 1, "city": "Bandung", "speedKMH": 20.84, "length": 1216, "turnType": "NONE", "uuid": 1286195942, "endNode": "Arah Gedung Sate/Supratman", "speed": 5.7888888888888888, "roadType": 6, "delay": 89, "street": "Surapati", "id": 1286195942, "pubMillis": 1773735416156, "blockingAlertUuid": null, "startNode": null, "published_wib": "2026-03-17T15:16:56+07:00", "last_update": "2026-03-17T17:14:58+07:00" }, "geometry": { "type": "LineString", "coordinates": [ [ 107.634167, -6.897783 ], [ 107.633926, -6.897833 ], [ 107.632074, -6.898383 ], [ 107.631757, -6.898513 ], [ 107.631284, -6.898854 ], [ 107.631207, -6.898913 ], [ 107.630831, -6.899201 ], [ 107.630367, -6.899509 ], [ 107.630106, -6.899649 ], [ 107.629844, -6.89974 ], [ 107.629423, -6.899834 ], [ 107.628943, -6.899874 ], [ 107.62851, -6.899813 ], [ 107.627116, -6.899481 ], [ 107.626049, -6.899253 ], [ 107.624447, -6.89923 ], [ 107.623732, -6.899224 ] ] } },
{ "type": "Feature", "properties": { "Satwil": "Polda DI Yogyakarta", "country": "ID", "level": 2, "city": "Yogyakarta", "speedKMH": 13.05, "length": 439, "turnType": "NONE", "uuid": 1302418788, "endNode": "Yos Sudarso", "speed": 3.625, "roadType": 7, "delay": 67, "street": "Suroto", "id": 1302418788, "pubMillis": 1773742181430, "blockingAlertUuid": null, "startNode": null, "published_wib": "2026-03-17T17:09:41+07:00", "last_update": "2026-03-17T17:14:58+07:00" }, "geometry": { "type": "LineString", "coordinates": [ [ 110.375007, -7.782994 ], [ 110.374749, -7.784682 ], [ 110.374678, -7.785113 ], [ 110.374658, -7.785217 ], [ 110.374545, -7.785837 ], [ 110.374537, -7.785879 ], [ 110.374423, -7.786527 ], [ 110.374379, -7.786782 ], [ 110.374358, -7.786895 ] ] } },
{ "type": "Feature", "properties": { "Satwil": "Polda Bali", "country": "ID", "level": 3, "city": "Denpasar", "speedKMH": 10.29, "length": 435, "turnType": "NONE", "uuid": 1301337466, "endNode": "", "speed": 2.8583333333333334, "roadType": 6, "delay": 117, "street": "Mahendradatta", "id": 1301337466, "pubMillis": 1773741864353, "blockingAlertUuid": null, "startNode": null, "published_wib": "2026-03-17T17:04:24+07:00", "last_update": "2026-03-17T18:14:58+08:00" }, "geometry": { "type": "LineString", "coordinates": [ [ 115.196328, -8.64124 ], [ 115.196502, -8.638796 ], [ 115.196603, -8.63732 ] ] } },
{ "type": "Feature", "properties": { "Satwil": "Polda Bali", "country": "ID", "level": 3, "city": "Mengwi", "speedKMH": 13.11, "length": 766, "turnType": "NONE", "uuid": 1302713674, "endNode": "Arah Mengwi/Tabanan", "speed": 3.6416666666666666, "roadType": 6, "delay": 151, "street": "Jalan Raya Sempidi", "id": 1302713674, "pubMillis": 1773742343067, "blockingAlertUuid": null, "startNode": null, "published_wib": "2026-03-17T17:12:23+07:00", "last_update": "2026-03-17T18:14:58+08:00" }, "geometry": { "type": "LineString", "coordinates": [ [ 115.186895, -8.589701 ], [ 115.186919, -8.589539 ], [ 115.187506, -8.585877 ], [ 115.187964, -8.58376 ], [ 115.18817, -8.582898 ] ] } },
{ "type": "Feature", "properties": { "Satwil": "Polrestabes Bandung", "country": "ID", "level": 3, "city": "Bandung", "speedKMH": 6.79, "length": 360, "turnType": "NONE", "uuid": 1302222184, "endNode": "Ir Haji Juanda", "speed": 1.8861111111111111, "roadType": 7, "delay": 141, "street": "Cikapayang", "id": 1302222184, "pubMillis": 1773742183148, "blockingAlertUuid": null, "startNode": null, "published_wib": "2026-03-17T17:09:43+07:00", "last_update": "2026-03-17T17:14:58+07:00" }, "geometry": { "type": "LineString", "coordinates": [ [ 107.609613, -6.898023 ], [ 107.609655, -6.898036 ], [ 107.609943, -6.898104 ], [ 107.610384, -6.898282 ], [ 107.611093, -6.898578 ], [ 107.611672, -6.89875 ], [ 107.612063, -6.898812 ], [ 107.612223, -6.89883 ], [ 107.612728, -6.898858 ] ] } },
{ "type": "Feature", "properties": { "Satwil": "Polrestabes Bandung", "country": "ID", "level": 2, "city": "Bandung", "speedKMH": 18.12, "length": 1784, "turnType": "NONE", "uuid": 1301302240, "endNode": "Surapati", "speed": 5.0333333333333332, "roadType": 6, "delay": 184, "street": "PHH Mustofa", "id": 1301302240, "pubMillis": 1773741865750, "blockingAlertUuid": null, "startNode": null, "published_wib": "2026-03-17T17:04:25+07:00", "last_update": "2026-03-17T17:14:58+07:00" }, "geometry": { "type": "LineString", "coordinates": [ [ 107.64976, -6.901695 ], [ 107.650511, -6.901748 ], [ 107.650593, -6.901779 ], [ 107.650514, -6.901799 ], [ 107.64975, -6.901755 ], [ 107.649239, -6.901722 ], [ 107.649155, -6.901683 ], [ 107.64794, -6.901597 ], [ 107.647704, -6.901555 ], [ 107.647455, -6.901455 ], [ 107.646389, -6.900947 ], [ 107.645839, -6.900658 ], [ 107.64577, -6.900621 ], [ 107.645583, -6.900537 ], [ 107.645121, -6.900318 ], [ 107.644633, -6.900153 ], [ 107.64409, -6.90006 ], [ 107.64397, -6.900069 ], [ 107.643374, -6.899988 ], [ 107.642793, -6.899844 ], [ 107.642692, -6.899788 ], [ 107.641984, -6.899631 ], [ 107.641793, -6.89958 ], [ 107.641674, -6.899551 ], [ 107.641372, -6.899485 ], [ 107.637288, -6.898492 ], [ 107.636928, -6.898402 ], [ 107.636445, -6.898279 ], [ 107.635861, -6.89812 ] ] } },
{ "type": "Feature", "properties": { "Satwil": "Polda Bali", "country": "ID", "level": 2, "city": "Nusa Penida", "speedKMH": 21.38, "length": 1272, "turnType": "NONE", "uuid": 1302875076, "endNode": null, "speed": 5.9388888888888891, "roadType": 1, "delay": 123, "street": "", "id": 1302875076, "pubMillis": 1773742342533, "blockingAlertUuid": null, "startNode": null, "published_wib": "2026-03-17T17:12:22+07:00", "last_update": "2026-03-17T18:14:58+08:00" }, "geometry": { "type": "LineString", "coordinates": [ [ 115.489797, -8.746277 ], [ 115.489557, -8.746131 ], [ 115.488985, -8.745666 ], [ 115.488469, -8.745927 ], [ 115.48817, -8.745832 ], [ 115.487967, -8.745857 ], [ 115.487765, -8.745867 ], [ 115.487401, -8.74566 ], [ 115.487017, -8.745782 ], [ 115.486706, -8.745737 ], [ 115.486406, -8.745828 ], [ 115.486296, -8.745833 ], [ 115.486008, -8.745783 ], [ 115.485692, -8.745697 ], [ 115.484991, -8.745773 ], [ 115.484478, -8.745708 ], [ 115.484386, -8.745672 ], [ 115.484303, -8.745711 ], [ 115.484102, -8.745794 ], [ 115.483782, -8.74573 ], [ 115.483325, -8.74572 ], [ 115.483102, -8.745648 ], [ 115.48243, -8.745846 ], [ 115.482198, -8.745789 ], [ 115.482002, -8.746014 ], [ 115.481795, -8.746503 ], [ 115.481613, -8.74668 ], [ 115.481281, -8.746938 ], [ 115.480872, -8.747091 ], [ 115.480478, -8.747085 ], [ 115.480349, -8.746919 ], [ 115.48032, -8.74678 ], [ 115.480169, -8.746674 ], [ 115.479678, -8.746619 ], [ 115.479576, -8.746613 ] ] } },
{ "type": "Feature", "properties": { "Satwil": "Polresta Surakarta", "country": "ID", "level": 4, "city": "Surakarta", "speedKMH": 7.77, "length": 507, "turnType": "NONE", "uuid": 1298055656, "endNode": "", "speed": 2.1583333333333332, "roadType": 7, "delay": 162, "street": "Laksamana Adi Sucipto", "id": 1298055656, "pubMillis": 1773740587369, "blockingAlertUuid": null, "startNode": null, "published_wib": "2026-03-17T16:43:07+07:00", "last_update": "2026-03-17T17:14:58+07:00" }, "geometry": { "type": "LineString", "coordinates": [ [ 110.792629, -7.551671 ], [ 110.79104, -7.551159 ], [ 110.790669, -7.551039 ], [ 110.790135, -7.550854 ], [ 110.789306, -7.550564 ], [ 110.78895, -7.550446 ], [ 110.788258, -7.550216 ] ] } },
{ "type": "Feature", "properties": { "Satwil": "Polda Bali", "country": "ID", "level": 2, "city": "Nusa Penida", "speedKMH": 20.06, "length": 1252, "turnType": "NONE", "uuid": 1301468214, "endNode": null, "speed": 5.572222222222222, "roadType": 1, "delay": 135, "street": "", "id": 1301468214, "pubMillis": 1773741870169, "blockingAlertUuid": null, "startNode": null, "published_wib": "2026-03-17T17:04:30+07:00", "last_update": "2026-03-17T18:14:58+08:00" }, "geometry": { "type": "LineString", "coordinates": [ [ 115.442463, -8.701309 ], [ 115.442485, -8.70124 ], [ 115.44278, -8.700869 ], [ 115.443233, -8.700641 ], [ 115.443576, -8.700384 ], [ 115.443716, -8.700302 ], [ 115.443938, -8.70023 ], [ 115.444247, -8.700164 ], [ 115.444891, -8.699886 ], [ 115.445379, -8.699711 ], [ 115.445792, -8.699642 ], [ 115.446135, -8.699457 ], [ 115.446162, -8.699443 ], [ 115.446267, -8.699305 ], [ 115.446331, -8.698936 ], [ 115.446487, -8.698939 ], [ 115.446937, -8.698833 ], [ 115.447345, -8.698695 ], [ 115.447656, -8.698544 ], [ 115.448101, -8.698289 ], [ 115.448557, -8.69812 ], [ 115.449134, -8.69782 ], [ 115.449212, -8.697571 ], [ 115.449351, -8.697255 ], [ 115.449544, -8.697067 ], [ 115.44999, -8.696953 ], [ 115.450132, -8.696887 ], [ 115.450386, -8.69659 ], [ 115.450633, -8.696333 ], [ 115.451018, -8.695813 ], [ 115.451494, -8.695405 ] ] } },
{ "type": "Feature", "properties": { "Satwil": "Polda DI Yogyakarta", "country": "ID", "level": 4, "city": "Mlati", "speedKMH": 5.59, "length": 267, "turnType": "NONE", "uuid": 1302919458, "endNode": "Kentungan-Monjali (Jalur Lambat)", "speed": 1.5527777777777778, "roadType": 2, "delay": 148, "street": "Kentungan-Monjali (Jalur Lambat)", "id": 1302919458, "pubMillis": 1773742351617, "blockingAlertUuid": null, "startNode": null, "published_wib": "2026-03-17T17:12:31+07:00", "last_update": "2026-03-17T17:14:58+07:00" }, "geometry": { "type": "LineString", "coordinates": [ [ 110.37788, -7.752062 ], [ 110.377636, -7.752026 ], [ 110.377415, -7.752027 ], [ 110.376496, -7.752129 ], [ 110.376082, -7.75218 ], [ 110.375777, -7.752176 ], [ 110.375481, -7.752136 ] ] } },
{ "type": "Feature", "properties": { "Satwil": "Polda Bali", "country": "ID", "level": 2, "city": "Denpasar", "speedKMH": 16.33, "length": 1648, "turnType": "NONE", "uuid": 1300461884, "endNode": "Kenyeri", "speed": 4.5361111111111114, "roadType": 2, "delay": 194, "street": "WR Supratman", "id": 1300461884, "pubMillis": 1773741543418, "blockingAlertUuid": null, "startNode": null, "published_wib": "2026-03-17T16:59:03+07:00", "last_update": "2026-03-17T18:14:58+08:00" }, "geometry": { "type": "LineString", "coordinates": [ [ 115.244196, -8.646593 ], [ 115.243485, -8.64682 ], [ 115.243213, -8.646873 ], [ 115.242916, -8.646875 ], [ 115.2428, -8.646897 ], [ 115.242706, -8.646946 ], [ 115.242594, -8.647037 ], [ 115.242431, -8.647243 ], [ 115.242334, -8.647423 ], [ 115.242206, -8.647738 ], [ 115.242115, -8.64786 ], [ 115.24204, -8.6479 ], [ 115.241887, -8.647929 ], [ 115.241506, -8.647972 ], [ 115.241248, -8.648001 ], [ 115.239867, -8.648134 ], [ 115.238485, -8.648256 ], [ 115.237254, -8.648369 ], [ 115.236799, -8.648405 ], [ 115.236154, -8.648457 ], [ 115.235779, -8.6485 ], [ 115.233701, -8.64866 ], [ 115.233603, -8.648668 ], [ 115.233537, -8.648671 ], [ 115.231505, -8.648831 ], [ 115.229861, -8.648977 ] ] } },
{ "type": "Feature", "properties": { "Satwil": "Polrestabes Medan", "country": "ID", "level": 3, "city": "Medan", "speedKMH": 11.41, "length": 1326, "turnType": "NONE", "uuid": 1300944778, "endNode": "Jalan Asia", "speed": 3.1694444444444443, "roadType": 2, "delay": 290, "street": "MH Thamrin", "id": 1300944778, "pubMillis": 1773741700007, "blockingAlertUuid": null, "startNode": null, "published_wib": "2026-03-17T17:01:40+07:00", "last_update": "2026-03-17T17:14:58+07:00" }, "geometry": { "type": "LineString", "coordinates": [ [ 98.687746, 3.59614 ], [ 98.688073, 3.595271 ], [ 98.688247, 3.594758 ], [ 98.688434, 3.594244 ], [ 98.688627, 3.593709 ], [ 98.688861, 3.59306 ], [ 98.6897, 3.590837 ], [ 98.689937, 3.590201 ], [ 98.69041, 3.588926 ], [ 98.691108, 3.587145 ], [ 98.691177, 3.586994 ], [ 98.691267, 3.586777 ], [ 98.691307, 3.586682 ], [ 98.691459, 3.586309 ], [ 98.69157, 3.586045 ], [ 98.691809, 3.585402 ], [ 98.692014, 3.584954 ] ] } },
{ "type": "Feature", "properties": { "Satwil": "Polrestabes Bandung", "country": "ID", "level": 4, "city": "Bandung", "speedKMH": 6.12, "length": 401, "turnType": "NONE", "uuid": 1297569662, "endNode": "Jalan Jakarta", "speed": 1.7, "roadType": 7, "delay": 204, "street": "Jalan Layang Jaksa Agung R Soeprapto", "id": 1297569662, "pubMillis": 1773740425411, "blockingAlertUuid": null, "startNode": null, "published_wib": "2026-03-17T16:40:25+07:00", "last_update": "2026-03-17T17:14:58+07:00" }, "geometry": { "type": "LineString", "coordinates": [ [ 107.645375, -6.913547 ], [ 107.644924, -6.913537 ], [ 107.641778, -6.913952 ] ] } },
{ "type": "Feature", "properties": { "Satwil": "Polda DI Yogyakarta", "country": "ID", "level": 3, "city": "Ngaglik", "speedKMH": 11.96, "length": 1098, "turnType": "NONE", "uuid": 1300461706, "endNode": "Damai", "speed": 3.3222222222222224, "roadType": 7, "delay": 233, "street": "Jalan Kaliurang", "id": 1300461706, "pubMillis": 1773741542978, "blockingAlertUuid": null, "startNode": null, "published_wib": "2026-03-17T16:59:02+07:00", "last_update": "2026-03-17T17:14:58+07:00" }, "geometry": { "type": "LineString", "coordinates": [ [ 110.390207, -7.743103 ], [ 110.390648, -7.742359 ], [ 110.391276, -7.741299 ], [ 110.392105, -7.739901 ], [ 110.392344, -7.739498 ], [ 110.392523, -7.739201 ], [ 110.393461, -7.737619 ], [ 110.393557, -7.737462 ], [ 110.394275, -7.736244 ], [ 110.394411, -7.736015 ], [ 110.394456, -7.735935 ], [ 110.394581, -7.735712 ], [ 110.394892, -7.735191 ], [ 110.395275, -7.734548 ] ] } },
{ "type": "Feature", "properties": { "Satwil": "Polrestabes Bandung", "country": "ID", "level": 3, "city": "Bandung", "speedKMH": 10.63, "length": 1035, "turnType": "NONE", "uuid": 1299240722, "endNode": "Asia Afrika", "speed": 2.9527777777777779, "roadType": 7, "delay": 212, "street": "Karapitan", "id": 1299240722, "pubMillis": 1773741070888, "blockingAlertUuid": null, "startNode": null, "published_wib": "2026-03-17T16:51:10+07:00", "last_update": "2026-03-17T17:14:58+07:00" }, "geometry": { "type": "LineString", "coordinates": [ [ 107.615678, -6.931533 ], [ 107.615979, -6.930473 ], [ 107.616081, -6.930122 ], [ 107.616455, -6.92882 ], [ 107.616487, -6.928686 ], [ 107.616505, -6.928615 ], [ 107.61658, -6.928326 ], [ 107.616789, -6.927517 ], [ 107.616934, -6.927011 ], [ 107.617114, -6.926168 ], [ 107.617307, -6.925259 ], [ 107.617336, -6.925076 ], [ 107.617462, -6.923726 ], [ 107.617609, -6.922388 ] ] } },
{ "type": "Feature", "properties": { "Satwil": "Polda DI Yogyakarta", "country": "ID", "level": 3, "city": "Tempel", "speedKMH": 5.05, "length": 278, "turnType": "NONE", "uuid": 1300846580, "endNode": "Mangkubumi", "speed": 1.4027777777777777, "roadType": 6, "delay": 158, "street": "Jalan Raya Magelang", "id": 1300846580, "pubMillis": 1773741705105, "blockingAlertUuid": null, "startNode": null, "published_wib": "2026-03-17T17:01:45+07:00", "last_update": "2026-03-17T17:14:58+07:00" }, "geometry": { "type": "LineString", "coordinates": [ [ 110.325225, -7.65136 ], [ 110.325621, -7.653485 ], [ 110.325631, -7.653839 ] ] } },
{ "type": "Feature", "properties": { "Satwil": "Polrestabes Bandung", "country": "ID", "level": 2, "city": "Bandung", "speedKMH": 12.69, "length": 479, "turnType": "NONE", "uuid": 1302296642, "endNode": "Kuningan Raya", "speed": 3.525, "roadType": 2, "delay": 66, "street": "Jalan Cibatu", "id": 1302296642, "pubMillis": 1773742181718, "blockingAlertUuid": null, "startNode": null, "published_wib": "2026-03-17T17:09:41+07:00", "last_update": "2026-03-17T17:14:58+07:00" }, "geometry": { "type": "LineString", "coordinates": [ [ 107.665625, -6.914946 ], [ 107.665568, -6.915341 ], [ 107.665448, -6.915844 ], [ 107.665389, -6.915926 ], [ 107.664833, -6.916364 ], [ 107.664594, -6.916542 ], [ 107.664108, -6.916907 ], [ 107.663668, -6.917242 ], [ 107.66348, -6.917383 ], [ 107.662748, -6.917944 ] ] } },
{ "type": "Feature", "properties": { "Satwil": "Polda DI Yogyakarta", "country": "ID", "level": 3, "city": "Depok (Sleman)", "speedKMH": 19.78, "length": 1012, "turnType": "NONE", "uuid": 1301761788, "endNode": "Jalur Cepat", "speed": 5.4944444444444445, "roadType": 6, "delay": 96, "street": "Padjajaran", "id": 1301761788, "pubMillis": 1773742022921, "blockingAlertUuid": null, "startNode": null, "published_wib": "2026-03-17T17:07:02+07:00", "last_update": "2026-03-17T17:14:58+07:00" }, "geometry": { "type": "LineString", "coordinates": [ [ 110.4033, -7.758965 ], [ 110.404511, -7.759348 ], [ 110.404664, -7.759398 ], [ 110.407177, -7.76021 ], [ 110.408438, -7.760629 ], [ 110.411211, -7.761484 ], [ 110.412049, -7.761702 ] ] } },
{ "type": "Feature", "properties": { "Satwil": "Polrestabes Bandung", "country": "ID", "level": 2, "city": "Bandung", "speedKMH": 14.25, "length": 1157, "turnType": "NONE", "uuid": 1298290592, "endNode": "", "speed": 3.9583333333333335, "roadType": 7, "delay": 147, "street": "KH Wahid Hasyim", "id": 1298290592, "pubMillis": 1773740749882, "blockingAlertUuid": null, "startNode": null, "published_wib": "2026-03-17T16:45:49+07:00", "last_update": "2026-03-17T17:14:58+07:00" }, "geometry": { "type": "LineString", "coordinates": [ [ 107.589453, -6.945893 ], [ 107.589563, -6.945721 ], [ 107.589702, -6.945503 ], [ 107.58989, -6.945313 ], [ 107.590574, -6.944312 ], [ 107.591053, -6.943483 ], [ 107.591619, -6.942554 ], [ 107.591872, -6.94216 ], [ 107.592048, -6.941885 ], [ 107.592242, -6.941606 ], [ 107.59313, -6.940242 ], [ 107.593205, -6.940127 ], [ 107.594632, -6.937635 ], [ 107.594772, -6.937391 ], [ 107.59485, -6.937266 ], [ 107.594995, -6.937043 ] ] } },
{ "type": "Feature", "properties": { "Satwil": "Polda Bali", "country": "ID", "level": 1, "city": "Ubud", "speedKMH": 16.59, "length": 1685, "turnType": "NONE", "uuid": 1300512774, "endNode": "Jalan Raya Ubud", "speed": 4.6083333333333334, "roadType": 6, "delay": 137, "street": "Monkey Forest", "id": 1300512774, "pubMillis": 1773741544933, "blockingAlertUuid": null, "startNode": null, "published_wib": "2026-03-17T16:59:04+07:00", "last_update": "2026-03-17T18:14:58+08:00" }, "geometry": { "type": "LineString", "coordinates": [ [ 115.26335, -8.5181 ], [ 115.2632, -8.518263 ], [ 115.262962, -8.518306 ], [ 115.261474, -8.518178 ], [ 115.26121, -8.518183 ], [ 115.260496, -8.518242 ], [ 115.260376, -8.51825 ], [ 115.260224, -8.518187 ], [ 115.259937, -8.517832 ], [ 115.259769, -8.517786 ], [ 115.259499, -8.517676 ], [ 115.259401, -8.517536 ], [ 115.25957, -8.517345 ], [ 115.259634, -8.517226 ], [ 115.259817, -8.516807 ], [ 115.260218, -8.515638 ], [ 115.260574, -8.514229 ], [ 115.261017, -8.512258 ], [ 115.261133, -8.511672 ], [ 115.261063, -8.511438 ], [ 115.261479, -8.509539 ], [ 115.261691, -8.508918 ], [ 115.262184, -8.507672 ], [ 115.262405, -8.50712 ] ] } },
{ "type": "Feature", "properties": { "Satwil": "Polrestabes Medan", "country": "ID", "level": 3, "city": "Medan", "speedKMH": 13.02, "length": 1227, "turnType": "NONE", "uuid": 1300846432, "endNode": "Letda Sujono", "speed": 3.6166666666666667, "roadType": 2, "delay": 201, "street": "Manda By  Pass", "id": 1300846432, "pubMillis": 1773741702646, "blockingAlertUuid": null, "startNode": null, "published_wib": "2026-03-17T17:01:42+07:00", "last_update": "2026-03-17T17:14:58+07:00" }, "geometry": { "type": "LineString", "coordinates": [ [ 98.711232, 3.586605 ], [ 98.711269, 3.587468 ], [ 98.711297, 3.587907 ], [ 98.711323, 3.588635 ], [ 98.711319, 3.589108 ], [ 98.711318, 3.589292 ], [ 98.711408, 3.590894 ], [ 98.711438, 3.591448 ], [ 98.711457, 3.591783 ], [ 98.71149, 3.592745 ], [ 98.711509, 3.593408 ], [ 98.711516, 3.593671 ], [ 98.711533, 3.594134 ], [ 98.711557, 3.594675 ], [ 98.711646, 3.596076 ], [ 98.711681, 3.597716 ] ] } },
{ "type": "Feature", "properties": { "Satwil": "Polresta Surakarta", "country": "ID", "level": 3, "city": "Surakarta", "speedKMH": 6.5, "length": 231, "turnType": "NONE", "uuid": 1302812480, "endNode": null, "speed": 1.8055555555555556, "roadType": 7, "delay": 71, "street": "Kapten Mulyadi", "id": 1302812480, "pubMillis": 1773742345703, "blockingAlertUuid": null, "startNode": null, "published_wib": "2026-03-17T17:12:25+07:00", "last_update": "2026-03-17T17:14:58+07:00" }, "geometry": { "type": "LineString", "coordinates": [ [ 110.832251, -7.575985 ], [ 110.831956, -7.577153 ], [ 110.831699, -7.577996 ] ] } },
{ "type": "Feature", "properties": { "Satwil": "Polrestabes Bandung", "country": "ID", "level": 3, "city": "Bandung", "speedKMH": 13.91, "length": 1374, "turnType": "NONE", "uuid": 1294519264, "endNode": "Sukawangi", "speed": 3.8638888888888889, "roadType": 7, "delay": 234, "street": "Dr Setiabudi", "id": 1294519264, "pubMillis": 1773738943336, "blockingAlertUuid": null, "startNode": null, "published_wib": "2026-03-17T16:15:43+07:00", "last_update": "2026-03-17T17:14:58+07:00" }, "geometry": { "type": "LineString", "coordinates": [ [ 107.594357, -6.863945 ], [ 107.594286, -6.86418 ], [ 107.594185, -6.864626 ], [ 107.594149, -6.864839 ], [ 107.594106, -6.865097 ], [ 107.594056, -6.865465 ], [ 107.593983, -6.865957 ], [ 107.593922, -6.866493 ], [ 107.5939, -6.866691 ], [ 107.593642, -6.86873 ], [ 107.5936, -6.869056 ], [ 107.59352, -6.869966 ], [ 107.593517, -6.870123 ], [ 107.593526, -6.870391 ], [ 107.593657, -6.870803 ], [ 107.593813, -6.871294 ], [ 107.593855, -6.871414 ], [ 107.59396, -6.871616 ], [ 107.594086, -6.871782 ], [ 107.594249, -6.872009 ], [ 107.594367, -6.872174 ], [ 107.595126, -6.873111 ], [ 107.595525, -6.873628 ], [ 107.595838, -6.87407 ], [ 107.596014, -6.874297 ], [ 107.596353, -6.874818 ], [ 107.596575, -6.875138 ], [ 107.596689, -6.875327 ] ] } },
{ "type": "Feature", "properties": { "Satwil": "Polda Bali", "country": "ID", "level": 1, "city": "Selemadeg", "speedKMH": 27.55, "length": 4476, "turnType": "NONE", "uuid": 1301904214, "endNode": "Jalan Rajawali Bajera", "speed": 7.6527777777777777, "roadType": 1, "delay": 310, "street": "", "id": 1301904214, "pubMillis": 1773742030453, "blockingAlertUuid": null, "startNode": null, "published_wib": "2026-03-17T17:07:10+07:00", "last_update": "2026-03-17T18:14:58+08:00" }, "geometry": { "type": "LineString", "coordinates": [ [ 115.05081, -8.420583 ], [ 115.050638, -8.421057 ], [ 115.050246, -8.42137 ], [ 115.050107, -8.421805 ], [ 115.049664, -8.422328 ], [ 115.049328, -8.422675 ], [ 115.048979, -8.42268 ], [ 115.048613, -8.422732 ], [ 115.048417, -8.422867 ], [ 115.048197, -8.423383 ], [ 115.0481, -8.423957 ], [ 115.04809, -8.42466 ], [ 115.047773, -8.425435 ], [ 115.047714, -8.425859 ], [ 115.04743, -8.426693 ], [ 115.047183, -8.427144 ], [ 115.046716, -8.427934 ], [ 115.046223, -8.428306 ], [ 115.045799, -8.428985 ], [ 115.045423, -8.429749 ], [ 115.045279, -8.429977 ], [ 115.045246, -8.430343 ], [ 115.045295, -8.430975 ], [ 115.045338, -8.431847 ], [ 115.045395, -8.432514 ], [ 115.045421, -8.432645 ], [ 115.0455, -8.43274 ], [ 115.045749, -8.432938 ], [ 115.046065, -8.433319 ], [ 115.046488, -8.433789 ], [ 115.046693, -8.434098 ], [ 115.046865, -8.434547 ], [ 115.046942, -8.434695 ], [ 115.047048, -8.434841 ], [ 115.047135, -8.435054 ], [ 115.047169, -8.435316 ], [ 115.047166, -8.435558 ], [ 115.047207, -8.435682 ], [ 115.047314, -8.435765 ], [ 115.047555, -8.435796 ], [ 115.047699, -8.435902 ], [ 115.047844, -8.436184 ], [ 115.04801, -8.436351 ], [ 115.048092, -8.436521 ], [ 115.048108, -8.436816 ], [ 115.04809, -8.437128 ], [ 115.04788, -8.437337 ], [ 115.047457, -8.437787 ], [ 115.047309, -8.438059 ], [ 115.047194, -8.438379 ], [ 115.047113, -8.438847 ], [ 115.047083, -8.438991 ], [ 115.04702, -8.439119 ], [ 115.046905, -8.439263 ], [ 115.046874, -8.439383 ], [ 115.046895, -8.439503 ], [ 115.046971, -8.439836 ], [ 115.046963, -8.440069 ], [ 115.04689, -8.440595 ], [ 115.046833, -8.440884 ], [ 115.046516, -8.441316 ], [ 115.046329, -8.441397 ], [ 115.046121, -8.441402 ], [ 115.045823, -8.441395 ], [ 115.04555, -8.441422 ], [ 115.045377, -8.441478 ], [ 115.045234, -8.441573 ], [ 115.044942, -8.441795 ], [ 115.044674, -8.441974 ], [ 115.044507, -8.44213 ], [ 115.044534, -8.442474 ], [ 115.044485, -8.443107 ], [ 115.0442, -8.443543 ], [ 115.044162, -8.443654 ], [ 115.044159, -8.443799 ], [ 115.044186, -8.444068 ], [ 115.044172, -8.444283 ], [ 115.044007, -8.444688 ], [ 115.043786, -8.444937 ], [ 115.043491, -8.445057 ], [ 115.042977, -8.445155 ], [ 115.042547, -8.445343 ], [ 115.0422, -8.445301 ], [ 115.041896, -8.445347 ], [ 115.041223, -8.445799 ], [ 115.040997, -8.445982 ], [ 115.040703, -8.446085 ], [ 115.040559, -8.446217 ], [ 115.040194, -8.446761 ], [ 115.039836, -8.447224 ], [ 115.039685, -8.447824 ], [ 115.039625, -8.447966 ], [ 115.039287, -8.448638 ], [ 115.039236, -8.4488 ], [ 115.039215, -8.448995 ], [ 115.039309, -8.449324 ], [ 115.039497, -8.449516 ], [ 115.040304, -8.449942 ], [ 115.040495, -8.450232 ], [ 115.040704, -8.450737 ], [ 115.040815, -8.450873 ], [ 115.040838, -8.451017 ], [ 115.040801, -8.451161 ], [ 115.040664, -8.451378 ], [ 115.040389, -8.451657 ], [ 115.040098, -8.451935 ], [ 115.040013, -8.452104 ] ] } },
{ "type": "Feature", "properties": { "Satwil": "Polresta Surakarta", "country": "ID", "level": 3, "city": "Surakarta", "speedKMH": 10.55, "length": 647, "turnType": "NONE", "uuid": 1300462444, "endNode": "Ir Juanda Kartasanjaya", "speed": 2.9305555555555554, "roadType": 7, "delay": 158, "street": "Urip Sumohardjo", "id": 1300462444, "pubMillis": 1773741545329, "blockingAlertUuid": null, "startNode": null, "published_wib": "2026-03-17T16:59:05+07:00", "last_update": "2026-03-17T17:14:58+07:00" }, "geometry": { "type": "LineString", "coordinates": [ [ 110.836347, -7.56141 ], [ 110.836218, -7.561613 ], [ 110.835892, -7.562186 ], [ 110.835275, -7.563163 ], [ 110.834656, -7.56415 ], [ 110.834066, -7.565069 ], [ 110.833263, -7.566372 ] ] } },
{ "type": "Feature", "properties": { "Satwil": "Polrestabes Bandung", "country": "ID", "level": 2, "city": "Bandung", "speedKMH": 14.5, "length": 1240, "turnType": "NONE", "uuid": 1300190788, "endNode": "WR Supratman", "speed": 4.0277777777777777, "roadType": 7, "delay": 173, "street": "Diponegoro", "id": 1300190788, "pubMillis": 1773741384605, "blockingAlertUuid": null, "startNode": null, "published_wib": "2026-03-17T16:56:24+07:00", "last_update": "2026-03-17T17:14:58+07:00" }, "geometry": { "type": "LineString", "coordinates": [ [ 107.615609, -6.901048 ], [ 107.615889, -6.901301 ], [ 107.615995, -6.901353 ], [ 107.616893, -6.901351 ], [ 107.616988, -6.901349 ], [ 107.618061, -6.901321 ], [ 107.619318, -6.901264 ], [ 107.619434, -6.9012 ], [ 107.623661, -6.901082 ], [ 107.625108, -6.901013 ], [ 107.62535, -6.901001 ], [ 107.625759, -6.900996 ], [ 107.626041, -6.901021 ], [ 107.626237, -6.901063 ], [ 107.626354, -6.901112 ], [ 107.62648, -6.901194 ], [ 107.626578, -6.901333 ] ] } },
{ "type": "Feature", "properties": { "Satwil": "Polrestabes Bandung", "country": "ID", "level": 2, "city": "Bandung", "speedKMH": 16.72, "length": 974, "turnType": "NONE", "uuid": 1294519268, "endNode": "Flyover Kiaracondong", "speed": 4.6444444444444448, "roadType": 7, "delay": 100, "street": "Jenderal Ibrahim Adjie", "id": 1294519268, "pubMillis": 1773738943408, "blockingAlertUuid": null, "startNode": null, "published_wib": "2026-03-17T16:15:43+07:00", "last_update": "2026-03-17T17:14:58+07:00" }, "geometry": { "type": "LineString", "coordinates": [ [ 107.644003, -6.916688 ], [ 107.643932, -6.915947 ], [ 107.643911, -6.915731 ], [ 107.643815, -6.914734 ], [ 107.643792, -6.914503 ], [ 107.643726, -6.914332 ], [ 107.643677, -6.913965 ], [ 107.643651, -6.913804 ], [ 107.643729, -6.913631 ], [ 107.643759, -6.913789 ], [ 107.643773, -6.913941 ], [ 107.643816, -6.914304 ], [ 107.643792, -6.914503 ], [ 107.643815, -6.914734 ], [ 107.643911, -6.915731 ], [ 107.643932, -6.915947 ], [ 107.644003, -6.916688 ], [ 107.644073, -6.917419 ], [ 107.644083, -6.917531 ], [ 107.644204, -6.918811 ], [ 107.644234, -6.919308 ] ] } },
{ "type": "Feature", "properties": { "Satwil": "Polda DI Yogyakarta", "country": "ID", "level": 4, "city": "Banguntapan", "speedKMH": 6.74, "length": 277, "turnType": "NONE", "uuid": 1302812398, "endNode": "Gedongkuning", "speed": 1.8722222222222222, "roadType": 2, "delay": 116, "street": "Wonocatur", "id": 1302812398, "pubMillis": 1773742344727, "blockingAlertUuid": null, "startNode": null, "published_wib": "2026-03-17T17:12:24+07:00", "last_update": "2026-03-17T17:14:58+07:00" }, "geometry": { "type": "LineString", "coordinates": [ [ 110.404791, -7.80242 ], [ 110.404042, -7.802411 ], [ 110.40375, -7.802405 ], [ 110.403695, -7.802405 ], [ 110.403024, -7.802389 ], [ 110.402283, -7.802369 ] ] } },
{ "type": "Feature", "properties": { "Satwil": "Polrestabes Bandung", "country": "ID", "level": 2, "city": "Bandung", "speedKMH": 22.97, "length": 2037, "turnType": "NONE", "uuid": 1273516198, "endNode": "PHH Mustofa", "speed": 6.3805555555555555, "roadType": 6, "delay": 124, "street": "Surapati", "id": 1273516198, "pubMillis": 1773731605202, "blockingAlertUuid": null, "startNode": null, "published_wib": "2026-03-17T14:13:25+07:00", "last_update": "2026-03-17T17:14:58+07:00" }, "geometry": { "type": "LineString", "coordinates": [ [ 107.616327, -6.899031 ], [ 107.617194, -6.899167 ], [ 107.617306, -6.899166 ], [ 107.617798, -6.899236 ], [ 107.618035, -6.89925 ], [ 107.618473, -6.899239 ], [ 107.618936, -6.899216 ], [ 107.61934, -6.899209 ], [ 107.619834, -6.899206 ], [ 107.620333, -6.899219 ], [ 107.620598, -6.899244 ], [ 107.622333, -6.899217 ], [ 107.623732, -6.899224 ], [ 107.624447, -6.89923 ], [ 107.626049, -6.899253 ], [ 107.627116, -6.899481 ], [ 107.62851, -6.899813 ], [ 107.628943, -6.899874 ], [ 107.629423, -6.899834 ], [ 107.629844, -6.89974 ], [ 107.630106, -6.899649 ], [ 107.630367, -6.899509 ], [ 107.630831, -6.899201 ], [ 107.631207, -6.898913 ], [ 107.631284, -6.898854 ], [ 107.631757, -6.898513 ], [ 107.632074, -6.898383 ], [ 107.633926, -6.897833 ], [ 107.634167, -6.897783 ] ] } },
{ "type": "Feature", "properties": { "Satwil": "Polrestabes Bandung", "country": "ID", "level": 2, "city": "Bandung", "speedKMH": 10.52, "length": 530, "turnType": "NONE", "uuid": 1299970588, "endNode": "", "speed": 2.9222222222222221, "roadType": 2, "delay": 102, "street": "Jalan Citarum", "id": 1299970588, "pubMillis": 1773741386590, "blockingAlertUuid": null, "startNode": null, "published_wib": "2026-03-17T16:56:26+07:00", "last_update": "2026-03-17T17:14:58+07:00" }, "geometry": { "type": "LineString", "coordinates": [ [ 107.625351, -6.901092 ], [ 107.625328, -6.901138 ], [ 107.625021, -6.901477 ], [ 107.624978, -6.901618 ], [ 107.624119, -6.902662 ], [ 107.623517, -6.903408 ], [ 107.623227, -6.903804 ], [ 107.622358, -6.904819 ] ] } },
{ "type": "Feature", "properties": { "Satwil": "Polrestabes Bandung", "country": "ID", "level": 3, "city": "Cimahi", "speedKMH": 8.82, "length": 1524, "turnType": "NONE", "uuid": 1300190760, "endNode": "Flyover Cimindi", "speed": 2.45, "roadType": 6, "delay": 483, "street": "Jenderal Haji Amir Machmud", "id": 1300190760, "pubMillis": 1773741384105, "blockingAlertUuid": null, "startNode": null, "published_wib": "2026-03-17T16:56:24+07:00", "last_update": "2026-03-17T17:14:58+07:00" }, "geometry": { "type": "LineString", "coordinates": [ [ 107.569015, -6.910511 ], [ 107.568319, -6.909347 ], [ 107.567671, -6.908282 ], [ 107.566857, -6.906936 ], [ 107.565648, -6.904956 ], [ 107.564787, -6.903519 ], [ 107.564447, -6.902951 ], [ 107.56434, -6.902766 ], [ 107.563616, -6.901575 ], [ 107.561868, -6.898723 ] ] } },
{ "type": "Feature", "properties": { "Satwil": "Polda Bali", "country": "ID", "level": 3, "city": "Ubud", "speedKMH": 12.29, "length": 1029, "turnType": "NONE", "uuid": 1302383482, "endNode": "Cokorda Putra Sudarsana", "speed": 3.4138888888888888, "roadType": 6, "delay": 163, "street": "Jalan Raya Ubud", "id": 1302383482, "pubMillis": 1773742180769, "blockingAlertUuid": null, "startNode": null, "published_wib": "2026-03-17T17:09:40+07:00", "last_update": "2026-03-17T18:14:58+08:00" }, "geometry": { "type": "LineString", "coordinates": [ [ 115.255743, -8.504689 ], [ 115.255831, -8.504678 ], [ 115.255946, -8.504682 ], [ 115.257849, -8.505088 ], [ 115.257962, -8.505112 ], [ 115.258372, -8.505226 ], [ 115.259218, -8.50553 ], [ 115.26018, -8.505902 ], [ 115.261039, -8.506271 ], [ 115.261527, -8.506472 ], [ 115.262377, -8.506815 ], [ 115.262502, -8.506868 ], [ 115.263229, -8.507198 ], [ 115.263522, -8.507324 ], [ 115.263842, -8.507471 ], [ 115.264501, -8.507775 ] ] } },
{ "type": "Feature", "properties": { "Satwil": "Polrestabes Bandung", "country": "ID", "level": 3, "city": "Bandung", "speedKMH": 7.79, "length": 538, "turnType": "NONE", "uuid": 1298907290, "endNode": "Pasir Koja", "speed": 2.1638888888888888, "roadType": 7, "delay": 198, "street": "Otto Iskandardinata", "id": 1298907290, "pubMillis": 1773740911879, "blockingAlertUuid": null, "startNode": null, "published_wib": "2026-03-17T16:48:31+07:00", "last_update": "2026-03-17T17:14:58+07:00" }, "geometry": { "type": "LineString", "coordinates": [ [ 107.604104, -6.920788 ], [ 107.60403, -6.922079 ], [ 107.603958, -6.923122 ], [ 107.603887, -6.923835 ], [ 107.603883, -6.923931 ], [ 107.603816, -6.925499 ], [ 107.603805, -6.925636 ] ] } },
{ "type": "Feature", "properties": { "Satwil": "Polda Bali", "country": "ID", "level": 2, "city": "Seririt", "speedKMH": 21.62, "length": 807, "turnType": "NONE", "uuid": 1302383450, "endNode": "Elang", "speed": 6.0055555555555555, "roadType": 6, "delay": 78, "street": "Jalan Raya Gilimanuk-Seririt", "id": 1302383450, "pubMillis": 1773742180314, "blockingAlertUuid": null, "startNode": null, "published_wib": "2026-03-17T17:09:40+07:00", "last_update": "2026-03-17T18:14:58+08:00" }, "geometry": { "type": "LineString", "coordinates": [ [ 114.916364, -8.193936 ], [ 114.916773, -8.193773 ], [ 114.917774, -8.193678 ], [ 114.918859, -8.19364 ], [ 114.920626, -8.193576 ], [ 114.921941, -8.193479 ], [ 114.922065, -8.193469 ], [ 114.922371, -8.193452 ], [ 114.923642, -8.193381 ] ] } },
{ "type": "Feature", "properties": { "Satwil": "Polda Bali", "country": "ID", "level": 3, "city": "Denpasar", "speedKMH": 9.62, "length": 614, "turnType": "NONE", "uuid": 1302383454, "endNode": "Arah Denpasar", "speed": 2.6722222222222221, "roadType": 7, "delay": 164, "street": "Teuku Umar", "id": 1302383454, "pubMillis": 1773742180441, "blockingAlertUuid": null, "startNode": null, "published_wib": "2026-03-17T17:09:40+07:00", "last_update": "2026-03-17T18:14:58+08:00" }, "geometry": { "type": "LineString", "coordinates": [ [ 115.20332, -8.680414 ], [ 115.203257, -8.680456 ], [ 115.202933, -8.680605 ], [ 115.202584, -8.680765 ], [ 115.202236, -8.680875 ], [ 115.20175, -8.68098 ], [ 115.201318, -8.681046 ], [ 115.201186, -8.681036 ], [ 115.201081, -8.681047 ], [ 115.198926, -8.681357 ], [ 115.198744, -8.681385 ], [ 115.198092, -8.681481 ], [ 115.197896, -8.681507 ] ] } },
{ "type": "Feature", "properties": { "Satwil": "Polda DI Yogyakarta", "country": "ID", "level": 3, "city": "Banguntapan", "speedKMH": 16.51, "length": 676, "turnType": "NONE", "uuid": 1302426920, "endNode": "Jalur Cepat", "speed": 4.5861111111111112, "roadType": 6, "delay": 109, "street": "Majapahit", "id": 1302426920, "pubMillis": 1773742184624, "blockingAlertUuid": null, "startNode": null, "published_wib": "2026-03-17T17:09:44+07:00", "last_update": "2026-03-17T17:14:58+07:00" }, "geometry": { "type": "LineString", "coordinates": [ [ 110.410225, -7.791077 ], [ 110.41011, -7.793484 ], [ 110.410077, -7.794222 ], [ 110.409981, -7.79719 ] ] } },
{ "type": "Feature", "properties": { "Satwil": "Polda DI Yogyakarta", "country": "ID", "level": 1, "city": "Mlati", "speedKMH": 32.47, "length": 1666, "turnType": "NONE", "uuid": 1302383452, "endNode": "Padjajaran", "speed": 9.0194444444444439, "roadType": 6, "delay": 65, "street": "Jalan Raya Magelang", "id": 1302383452, "pubMillis": 1773742180350, "blockingAlertUuid": null, "startNode": null, "published_wib": "2026-03-17T17:09:40+07:00", "last_update": "2026-03-17T17:14:58+07:00" }, "geometry": { "type": "LineString", "coordinates": [ [ 110.363122, -7.734484 ], [ 110.363058, -7.735349 ], [ 110.363019, -7.73588 ], [ 110.36288, -7.738817 ], [ 110.362866, -7.739131 ], [ 110.362786, -7.740856 ], [ 110.362713, -7.742564 ], [ 110.362597, -7.744888 ], [ 110.362639, -7.745428 ], [ 110.362506, -7.747825 ], [ 110.362477, -7.748607 ], [ 110.36254, -7.748934 ], [ 110.362559, -7.749112 ], [ 110.362515, -7.749315 ], [ 110.362444, -7.749494 ] ] } },
{ "type": "Feature", "properties": { "Satwil": "Polda DI Yogyakarta", "country": "ID", "level": 4, "city": "Kasihan", "speedKMH": 7.29, "length": 273, "turnType": "NONE", "uuid": 1301337724, "endNode": null, "speed": 2.025, "roadType": 7, "delay": 112, "street": "Jalan Bantul", "id": 1301337724, "pubMillis": 1773741867992, "blockingAlertUuid": null, "startNode": null, "published_wib": "2026-03-17T17:04:27+07:00", "last_update": "2026-03-17T17:14:58+07:00" }, "geometry": { "type": "LineString", "coordinates": [ [ 110.34412, -7.847293 ], [ 110.344339, -7.846821 ], [ 110.345223, -7.845084 ] ] } },
{ "type": "Feature", "properties": { "Satwil": "Polda Bali", "country": "ID", "level": 4, "city": "Kuta", "speedKMH": 6.1, "length": 381, "turnType": "NONE", "uuid": 1289503412, "endNode": "Blambangan", "speed": 1.6944444444444444, "roadType": 6, "delay": 177, "street": "Jalan Raya Kuta", "id": 1289503412, "pubMillis": 1773736700400, "blockingAlertUuid": null, "startNode": null, "published_wib": "2026-03-17T15:38:20+07:00", "last_update": "2026-03-17T18:14:58+08:00" }, "geometry": { "type": "LineString", "coordinates": [ [ 115.180201, -8.720202 ], [ 115.180079, -8.720571 ], [ 115.179927, -8.721027 ], [ 115.179881, -8.721168 ], [ 115.179706, -8.721693 ], [ 115.179633, -8.721913 ], [ 115.179572, -8.722064 ], [ 115.179511, -8.72213 ], [ 115.179447, -8.722156 ], [ 115.178938, -8.722192 ], [ 115.178122, -8.722253 ] ] } },
{ "type": "Feature", "properties": { "Satwil": "Polda DI Yogyakarta", "country": "ID", "level": 3, "city": "Yogyakarta", "speedKMH": 7.28, "length": 430, "turnType": "NONE", "uuid": 1302678194, "endNode": null, "speed": 2.0222222222222221, "roadType": 2, "delay": 140, "street": "Hayam Wuruk", "id": 1302678194, "pubMillis": 1773742341767, "blockingAlertUuid": null, "startNode": null, "published_wib": "2026-03-17T17:12:21+07:00", "last_update": "2026-03-17T17:14:58+07:00" }, "geometry": { "type": "LineString", "coordinates": [ [ 110.373956, -7.790486 ], [ 110.374068, -7.790649 ], [ 110.374024, -7.790911 ], [ 110.373861, -7.791413 ], [ 110.373665, -7.79194 ], [ 110.373606, -7.792098 ], [ 110.373119, -7.793442 ], [ 110.372853, -7.794128 ] ] } },
{ "type": "Feature", "properties": { "Satwil": "Polrestabes Bandung", "country": "ID", "level": 3, "city": "Bandung", "speedKMH": 6.04, "length": 380, "turnType": "NONE", "uuid": 1301574728, "endNode": "Jenderal AH Nasution", "speed": 1.6777777777777778, "roadType": 2, "delay": 154, "street": "Cijambe", "id": 1301574728, "pubMillis": 1773741872581, "blockingAlertUuid": null, "startNode": null, "published_wib": "2026-03-17T17:04:32+07:00", "last_update": "2026-03-17T17:14:58+07:00" }, "geometry": { "type": "LineString", "coordinates": [ [ 107.691176, -6.906147 ], [ 107.691152, -6.906793 ], [ 107.690929, -6.907522 ], [ 107.690889, -6.907637 ], [ 107.690876, -6.907839 ], [ 107.69092, -6.908015 ], [ 107.690929, -6.908044 ], [ 107.690897, -6.908189 ], [ 107.690672, -6.908799 ], [ 107.690464, -6.90945 ] ] } },
{ "type": "Feature", "properties": { "Satwil": "Polda Bali", "country": "ID", "level": 2, "city": "Denpasar", "speedKMH": 20.14, "length": 1134, "turnType": "NONE", "uuid": 1302678534, "endNode": "", "speed": 5.5944444444444441, "roadType": 6, "delay": 111, "street": "Cargo Permai", "id": 1302678534, "pubMillis": 1773742347116, "blockingAlertUuid": null, "startNode": null, "published_wib": "2026-03-17T17:12:27+07:00", "last_update": "2026-03-17T18:14:58+08:00" }, "geometry": { "type": "LineString", "coordinates": [ [ 115.195187, -8.627138 ], [ 115.195822, -8.628195 ], [ 115.195958, -8.628421 ], [ 115.197019, -8.630269 ], [ 115.197782, -8.631659 ], [ 115.197902, -8.632025 ], [ 115.197964, -8.63237 ], [ 115.197977, -8.632676 ], [ 115.197972, -8.632924 ], [ 115.197884, -8.633399 ], [ 115.197304, -8.63508 ], [ 115.196822, -8.636501 ] ] } }
]
}
