{
"type": "FeatureCollection",
"crs": { "type": "name", "properties": { "name": "urn:ogc:def:crs:OGC:1.3:CRS84" } },
"features": [
{ "type": "Feature", "properties": { "Satwil": "Polrestabes Bandung", "country": "ID", "level": 3, "city": "Bandung", "speedKMH": 13.79, "length": 1872, "turnType": "NONE", "uuid": 1836576096, "endNode": "Akses Tol Pasteur", "speed": 3.8305555555555557, "roadType": 6, "delay": 353, "street": "Dr Djundjunan", "id": 1836576096, "pubMillis": 1778208544066, "blockingAlertUuid": null, "startNode": null, "published_wib": "2026-05-08T09:49:04+07:00", "last_update": "2026-05-08T09:50:40+07:00" }, "geometry": { "type": "Point", "coordinates": [ 107.589087814149323, -6.895572507223923 ] } },
{ "type": "Feature", "properties": { "Satwil": "Polrestabes Bandung", "country": "ID", "level": 3, "city": "Bandung", "speedKMH": 7.59, "length": 373, "turnType": "NONE", "uuid": 1836084498, "endNode": "Gerbang Tol Pasir Koja", "speed": 2.1083333333333334, "roadType": 6, "delay": 142, "street": "Soekarno-Hatta", "id": 1836084498, "pubMillis": 1778207965916, "blockingAlertUuid": null, "startNode": null, "published_wib": "2026-05-08T09:39:25+07:00", "last_update": "2026-05-08T09:50:40+07:00" }, "geometry": { "type": "Point", "coordinates": [ 107.576590813579358, -6.932500175813195 ] } },
{ "type": "Feature", "properties": { "Satwil": "Polda Bali", "country": "ID", "level": 3, "city": "Denpasar", "speedKMH": 12.05, "length": 930, "turnType": "NONE", "uuid": 1836076534, "endNode": "Sidakarya", "speed": 3.3472222222222223, "roadType": 7, "delay": 189, "street": "Jalan Raya Sesetan", "id": 1836076534, "pubMillis": 1778207965185, "blockingAlertUuid": null, "startNode": null, "published_wib": "2026-05-08T09:39:25+07:00", "last_update": "2026-05-08T10:50:40+08:00" }, "geometry": { "type": "Point", "coordinates": [ 115.219890781634419, -8.704716348661364 ] } },
{ "type": "Feature", "properties": { "Satwil": "Polrestabes Bandung", "country": "ID", "level": 1, "city": "Bandung", "speedKMH": 20.63, "length": 859, "turnType": "NONE", "uuid": 1836469732, "endNode": "Leumah Neundeut", "speed": 5.7305555555555552, "roadType": 2, "delay": 68, "street": "Prof Dr Surya Sumantri", "id": 1836469732, "pubMillis": 1778208447228, "blockingAlertUuid": null, "startNode": null, "published_wib": "2026-05-08T09:47:27+07:00", "last_update": "2026-05-08T09:50:40+07:00" }, "geometry": { "type": "Point", "coordinates": [ 107.581323764627356, -6.886289628535781 ] } },
{ "type": "Feature", "properties": { "Satwil": "Polda DI Yogyakarta", "country": "ID", "level": 5, "city": "Kalasan", "speedKMH": 0.0, "length": 211, "turnType": "NONE", "uuid": 1834880506, "endNode": "", "speed": 0.0, "roadType": 1, "delay": -1, "street": "Selokan Mataram", "id": 1834880506, "pubMillis": 1778206761388, "blockingAlertUuid": "f0896fb0-f128-40fb-bddf-cd7cf553d7f5", "startNode": null, "published_wib": "2026-05-08T09:19:21+07:00", "last_update": "2026-05-08T09:50:40+07:00" }, "geometry": { "type": "Point", "coordinates": [ 110.4461545, -7.7710475 ] } },
{ "type": "Feature", "properties": { "Satwil": "Polda Bali", "country": "ID", "level": 3, "city": "Denpasar", "speedKMH": 14.64, "length": 1458, "turnType": "NONE", "uuid": 1834077684, "endNode": "Jalan Gunung Soputan", "speed": 4.0666666666666664, "roadType": 6, "delay": 237, "street": "Imam Bonjol", "id": 1834077684, "pubMillis": 1778206067404, "blockingAlertUuid": null, "startNode": null, "published_wib": "2026-05-08T09:07:47+07:00", "last_update": "2026-05-08T10:50:40+08:00" }, "geometry": { "type": "Point", "coordinates": [ 115.187715266039888, -8.694324335031215 ] } },
{ "type": "Feature", "properties": { "Satwil": "Polrestabes Bandung", "country": "ID", "level": 2, "city": "Bandung", "speedKMH": 22.92, "length": 2005, "turnType": "NONE", "uuid": 1836576202, "endNode": "Jalan Raya Lembang", "speed": 6.3666666666666663, "roadType": 7, "delay": 124, "street": "Dr Setiabudi", "id": 1836576202, "pubMillis": 1778208545216, "blockingAlertUuid": null, "startNode": null, "published_wib": "2026-05-08T09:49:05+07:00", "last_update": "2026-05-08T09:50:40+07:00" }, "geometry": { "type": "Point", "coordinates": [ 107.596034573858915, -6.854053403545338 ] } },
{ "type": "Feature", "properties": { "Satwil": "Polda Bali", "country": "ID", "level": 3, "city": "Ubud", "speedKMH": 14.07, "length": 636, "turnType": "NONE", "uuid": 1836576168, "endNode": "Agung Mandra", "speed": 3.9083333333333332, "roadType": 6, "delay": 101, "street": "Jalan Raya Desa Mas", "id": 1836576168, "pubMillis": 1778208544811, "blockingAlertUuid": null, "startNode": null, "published_wib": "2026-05-08T09:49:04+07:00", "last_update": "2026-05-08T10:50:40+08:00" }, "geometry": { "type": "Point", "coordinates": [ 115.271354839379356, -8.526807194461202 ] } },
{ "type": "Feature", "properties": { "Satwil": "Polrestabes Bandung", "country": "ID", "level": 3, "city": "Bandung", "speedKMH": 15.65, "length": 588, "turnType": "NONE", "uuid": 1835961460, "endNode": "", "speed": 4.3472222222222223, "roadType": 6, "delay": 76, "street": "PHH Mustofa", "id": 1835961460, "pubMillis": 1778207863922, "blockingAlertUuid": null, "startNode": null, "published_wib": "2026-05-08T09:37:43+07:00", "last_update": "2026-05-08T09:50:40+07:00" }, "geometry": { "type": "Point", "coordinates": [ 107.65240292226288, -6.901868814612915 ] } },
{ "type": "Feature", "properties": { "Satwil": "Polda Bali", "country": "ID", "level": 5, "city": "Tegallalang", "speedKMH": 0.0, "length": 71, "turnType": "NONE", "uuid": 1834896490, "endNode": null, "speed": 0.0, "roadType": 1, "delay": -1, "street": "", "id": 1834896490, "pubMillis": 1778206763628, "blockingAlertUuid": "bc1b1908-4dc1-4798-a26f-53618622a373", "startNode": null, "published_wib": "2026-05-08T09:19:23+07:00", "last_update": "2026-05-08T10:50:40+08:00" }, "geometry": { "type": "Point", "coordinates": [ 115.290285308168848, -8.428636798414455 ] } },
{ "type": "Feature", "properties": { "Satwil": "Polda DI Yogyakarta", "country": "ID", "level": 3, "city": "Gamping", "speedKMH": 8.43, "length": 283, "turnType": "NONE", "uuid": 1836018724, "endNode": "Jembatan Demakijo", "speed": 2.3416666666666668, "roadType": 7, "delay": 90, "street": "Jalan Godean", "id": 1836018724, "pubMillis": 1778207965176, "blockingAlertUuid": null, "startNode": null, "published_wib": "2026-05-08T09:39:25+07:00", "last_update": "2026-05-08T09:50:40+07:00" }, "geometry": { "type": "Point", "coordinates": [ 110.330796438580805, -7.777031839571063 ] } },
{ "type": "Feature", "properties": { "Satwil": "Polda Bali", "country": "ID", "level": 1, "city": "Kuta Selatan", "speedKMH": 22.86, "length": 1669, "turnType": "NONE", "uuid": 1836305426, "endNode": "Jalan Raya Uluwatu-Pecatu", "speed": 6.35, "roadType": 6, "delay": 92, "street": "Jalan Raya Labuhan Sait", "id": 1836305426, "pubMillis": 1778208256062, "blockingAlertUuid": null, "startNode": null, "published_wib": "2026-05-08T09:44:16+07:00", "last_update": "2026-05-08T10:50:40+08:00" }, "geometry": { "type": "Point", "coordinates": [ 115.122703187781141, -8.824440460320499 ] } },
{ "type": "Feature", "properties": { "Satwil": "Polrestabes Medan", "country": "ID", "level": 2, "city": "Medan", "speedKMH": 15.44, "length": 583, "turnType": "NONE", "uuid": 1836018700, "endNode": "", "speed": 4.2888888888888888, "roadType": 7, "delay": 74, "street": "Dr Mansyur", "id": 1836018700, "pubMillis": 1778207965082, "blockingAlertUuid": null, "startNode": null, "published_wib": "2026-05-08T09:39:25+07:00", "last_update": "2026-05-08T09:50:40+07:00" }, "geometry": { "type": "Point", "coordinates": [ 98.657465024486712, 3.567337214698407 ] } },
{ "type": "Feature", "properties": { "Satwil": "Polda Bali", "country": "ID", "level": 2, "city": "Denpasar", "speedKMH": 17.37, "length": 1002, "turnType": "NONE", "uuid": 1836354800, "endNode": "Jalan Gunung Himalaya", "speed": 4.825, "roadType": 6, "delay": 86, "street": "Mahendradatta", "id": 1836354800, "pubMillis": 1778208351328, "blockingAlertUuid": null, "startNode": null, "published_wib": "2026-05-08T09:45:51+07:00", "last_update": "2026-05-08T10:50:40+08:00" }, "geometry": { "type": "Point", "coordinates": [ 115.195392386133278, -8.648148783081428 ] } },
{ "type": "Feature", "properties": { "Satwil": "Polrestabes Bandung", "country": "ID", "level": 3, "city": "Bandung", "speedKMH": 10.61, "length": 548, "turnType": "NONE", "uuid": 1836248242, "endNode": "Arah Tol Pasirkoja", "speed": 2.9472222222222224, "roadType": 7, "delay": 138, "street": "Peta", "id": 1836248242, "pubMillis": 1778208158038, "blockingAlertUuid": null, "startNode": null, "published_wib": "2026-05-08T09:42:38+07:00", "last_update": "2026-05-08T09:50:40+07:00" }, "geometry": { "type": "Point", "coordinates": [ 107.587027167871, -6.928869469198273 ] } },
{ "type": "Feature", "properties": { "Satwil": "Polrestabes Medan", "country": "ID", "level": 2, "city": "Medan", "speedKMH": 18.64, "length": 971, "turnType": "NONE", "uuid": 1836084408, "endNode": "Jalan Asia", "speed": 5.177777777777778, "roadType": 2, "delay": 91, "street": "MH Thamrin", "id": 1836084408, "pubMillis": 1778207965205, "blockingAlertUuid": null, "startNode": null, "published_wib": "2026-05-08T09:39:25+07:00", "last_update": "2026-05-08T09:50:40+07:00" }, "geometry": { "type": "Point", "coordinates": [ 98.689963532526406, 3.590129479976399 ] } },
{ "type": "Feature", "properties": { "Satwil": "Polrestabes Bandung", "country": "ID", "level": 2, "city": "Bandung", "speedKMH": 17.87, "length": 801, "turnType": "NONE", "uuid": 1836519232, "endNode": "HOS Cokroaminoto", "speed": 4.9638888888888886, "roadType": 6, "delay": 93, "street": "Pajajaran", "id": 1836519232, "pubMillis": 1778208544583, "blockingAlertUuid": null, "startNode": null, "published_wib": "2026-05-08T09:49:04+07:00", "last_update": "2026-05-08T09:50:40+07:00" }, "geometry": { "type": "Point", "coordinates": [ 107.592507410501682, -6.907105430170439 ] } },
{ "type": "Feature", "properties": { "Satwil": "Polda Bali", "country": "ID", "level": 1, "city": "Abiansemal", "speedKMH": 32.17, "length": 1944, "turnType": "NONE", "uuid": 1836568358, "endNode": "Jalan Raya Mambal", "speed": 8.9361111111111118, "roadType": 2, "delay": 72, "street": "Jalan Raya Sibang Kaja", "id": 1836568358, "pubMillis": 1778208544582, "blockingAlertUuid": null, "startNode": null, "published_wib": "2026-05-08T09:49:04+07:00", "last_update": "2026-05-08T10:50:40+08:00" }, "geometry": { "type": "Point", "coordinates": [ 115.218953848519135, -8.559831424340381 ] } },
{ "type": "Feature", "properties": { "Satwil": "Polda Bali", "country": "ID", "level": 1, "city": "Kuta", "speedKMH": 32.29, "length": 2249, "turnType": "NONE", "uuid": 1834962702, "endNode": "Jalan Bypass Ngurah Rai (Jalur Lambat)", "speed": 8.969444444444445, "roadType": 6, "delay": 96, "street": "Jalan Bypass Ngurah Rai", "id": 1834962702, "pubMillis": 1778206864256, "blockingAlertUuid": null, "startNode": null, "published_wib": "2026-05-08T09:21:04+07:00", "last_update": "2026-05-08T10:50:40+08:00" }, "geometry": { "type": "Point", "coordinates": [ 115.178856267676593, -8.733151909344638 ] } },
{ "type": "Feature", "properties": { "Satwil": "Polda Bali", "country": "ID", "level": 4, "city": "Mengwi", "speedKMH": 3.72, "length": 212, "turnType": "NONE", "uuid": 1836347182, "endNode": null, "speed": 1.0333333333333334, "roadType": 6, "delay": 186, "street": "Jalan Raya Kapal", "id": 1836347182, "pubMillis": 1778208351746, "blockingAlertUuid": null, "startNode": null, "published_wib": "2026-05-08T09:45:51+07:00", "last_update": "2026-05-08T10:50:40+08:00" }, "geometry": { "type": "Point", "coordinates": [ 115.183128854030073, -8.578135424335086 ] } },
{ "type": "Feature", "properties": { "Satwil": "Polrestabes Bandung", "country": "ID", "level": 3, "city": "Bandung", "speedKMH": 6.74, "length": 342, "turnType": "NONE", "uuid": 1836125968, "endNode": "LLRE Martadinata", "speed": 1.8722222222222222, "roadType": 1, "delay": 114, "street": "Cihapit", "id": 1836125968, "pubMillis": 1778208061981, "blockingAlertUuid": null, "startNode": null, "published_wib": "2026-05-08T09:41:01+07:00", "last_update": "2026-05-08T09:50:40+07:00" }, "geometry": { "type": "Point", "coordinates": [ 107.621948280550995, -6.908082673616986 ] } },
{ "type": "Feature", "properties": { "Satwil": "Polda DI Yogyakarta", "country": "ID", "level": 1, "city": "Depok (Sleman)", "speedKMH": 22.2, "length": 979, "turnType": "NONE", "uuid": 1836568346, "endNode": "Colombo", "speed": 6.166666666666667, "roadType": 7, "delay": 71, "street": "Affandi", "id": 1836568346, "pubMillis": 1778208544397, "blockingAlertUuid": null, "startNode": null, "published_wib": "2026-05-08T09:49:04+07:00", "last_update": "2026-05-08T09:50:40+07:00" }, "geometry": { "type": "Point", "coordinates": [ 110.389528789416715, -7.773530932419592 ] } },
{ "type": "Feature", "properties": { "Satwil": "Polrestabes Bandung", "country": "ID", "level": 3, "city": "Bandung", "speedKMH": 6.5, "length": 329, "turnType": "NONE", "uuid": 1836519390, "endNode": "PHH Mustofa", "speed": 1.8055555555555556, "roadType": 2, "delay": 137, "street": "Jalan Cimuncang", "id": 1836519390, "pubMillis": 1778208546413, "blockingAlertUuid": null, "startNode": null, "published_wib": "2026-05-08T09:49:06+07:00", "last_update": "2026-05-08T09:50:40+07:00" }, "geometry": { "type": "Point", "coordinates": [ 107.649440601207701, -6.903208349831773 ] } },
{ "type": "Feature", "properties": { "Satwil": "Polda Bali", "country": "ID", "level": 3, "city": "Denpasar", "speedKMH": 14.72, "length": 2692, "turnType": "NONE", "uuid": 1836232624, "endNode": "", "speed": 4.0888888888888886, "roadType": 6, "delay": 449, "street": "Jalan Bypass Ngurah Rai", "id": 1836232624, "pubMillis": 1778208158073, "blockingAlertUuid": null, "startNode": null, "published_wib": "2026-05-08T09:42:38+07:00", "last_update": "2026-05-08T10:50:40+08:00" }, "geometry": { "type": "Point", "coordinates": [ 115.256416924444608, -8.668765215555846 ] } },
{ "type": "Feature", "properties": { "Satwil": "Polda Bali", "country": "ID", "level": 2, "city": "Sukasada", "speedKMH": 18.68, "length": 863, "turnType": "NONE", "uuid": 1836469864, "endNode": "", "speed": 5.1888888888888891, "roadType": 1, "delay": 104, "street": "Jalan Gambuh-Celuk Buluh", "id": 1836469864, "pubMillis": 1778208449002, "blockingAlertUuid": null, "startNode": null, "published_wib": "2026-05-08T09:47:29+07:00", "last_update": "2026-05-08T10:50:40+08:00" }, "geometry": { "type": "Point", "coordinates": [ 115.049095021619124, -8.173752074014077 ] } },
{ "type": "Feature", "properties": { "Satwil": "Polrestabes Bandung", "country": "ID", "level": 5, "city": "Bandung", "speedKMH": 0.0, "length": 435, "turnType": "NONE", "uuid": 1331563548, "endNode": "Tol Padaleunyi", "speed": 0.0, "roadType": 4, "delay": -1, "street": "Gerbang Tol KM 151", "id": 1331563548, "pubMillis": 1776962510866, "blockingAlertUuid": "a5724aec-f2b5-4357-986a-8dfb39c49d60", "startNode": null, "published_wib": "2026-04-23T23:41:50+07:00", "last_update": "2026-05-08T09:50:40+07:00" }, "geometry": { "type": "Point", "coordinates": [ 107.710023947366764, -6.964598486168807 ] } },
{ "type": "Feature", "properties": { "Satwil": "Polda Bali", "country": "ID", "level": 3, "city": "Melaya", "speedKMH": 10.99, "length": 747, "turnType": "NONE", "uuid": 1836469788, "endNode": null, "speed": 3.0527777777777776, "roadType": 6, "delay": 185, "street": "Jalan Raya Gilimanuk-Negara", "id": 1836469788, "pubMillis": 1778208447970, "blockingAlertUuid": null, "startNode": null, "published_wib": "2026-05-08T09:47:27+07:00", "last_update": "2026-05-08T10:50:40+08:00" }, "geometry": { "type": "Point", "coordinates": [ 114.513994438784934, -8.298220272347962 ] } },
{ "type": "Feature", "properties": { "Satwil": "Polda DI Yogyakarta", "country": "ID", "level": 5, "city": "Kalasan", "speedKMH": 0.0, "length": 211, "turnType": "NONE", "uuid": 1834880558, "endNode": null, "speed": 0.0, "roadType": 1, "delay": -1, "street": "Selokan Mataram", "id": 1834880558, "pubMillis": 1778206761574, "blockingAlertUuid": "a258697c-0035-4011-bf07-6e0fba4cc91c", "startNode": null, "published_wib": "2026-05-08T09:19:21+07:00", "last_update": "2026-05-08T09:50:40+07:00" }, "geometry": { "type": "Point", "coordinates": [ 110.4461545, -7.7710475 ] } },
{ "type": "Feature", "properties": { "Satwil": "Polda Bali", "country": "ID", "level": 2, "city": "Ubud", "speedKMH": 15.85, "length": 930, "turnType": "NONE", "uuid": 1835372058, "endNode": "Hanoman", "speed": 4.4027777777777777, "roadType": 2, "delay": 105, "street": "Jalan Raya Pengosekan", "id": 1835372058, "pubMillis": 1778207272980, "blockingAlertUuid": null, "startNode": null, "published_wib": "2026-05-08T09:27:52+07:00", "last_update": "2026-05-08T10:50:40+08:00" }, "geometry": { "type": "Point", "coordinates": [ 115.263504948146689, -8.524648828016449 ] } },
{ "type": "Feature", "properties": { "Satwil": "Polrestabes Bandung", "country": "ID", "level": 2, "city": "Bandung", "speedKMH": 19.58, "length": 909, "turnType": "NONE", "uuid": 1835101928, "endNode": "Pasir Koja", "speed": 5.4388888888888891, "roadType": 7, "delay": 66, "street": "Otto Iskandardinata", "id": 1835101928, "pubMillis": 1778206967855, "blockingAlertUuid": null, "startNode": null, "published_wib": "2026-05-08T09:22:47+07:00", "last_update": "2026-05-08T09:50:40+07:00" }, "geometry": { "type": "Point", "coordinates": [ 107.604060740737054, -6.921542698763016 ] } },
{ "type": "Feature", "properties": { "Satwil": "Polda DI Yogyakarta", "country": "ID", "level": 4, "city": "Depok (Sleman)", "speedKMH": 6.99, "length": 310, "turnType": "NONE", "uuid": 1836240556, "endNode": "Padjajaran", "speed": 1.9416666666666667, "roadType": 6, "delay": 124, "street": "Jalan Kaliurang", "id": 1836240556, "pubMillis": 1778208158551, "blockingAlertUuid": null, "startNode": null, "published_wib": "2026-05-08T09:42:38+07:00", "last_update": "2026-05-08T09:50:40+07:00" }, "geometry": { "type": "Point", "coordinates": [ 110.383999187299224, -7.753736695143364 ] } },
{ "type": "Feature", "properties": { "Satwil": "Polrestabes Bandung", "country": "ID", "level": 2, "city": "Bandung", "speedKMH": 21.25, "length": 2537, "turnType": "NONE", "uuid": 1836076696, "endNode": "PHH Mustofa", "speed": 5.9027777777777777, "roadType": 7, "delay": 181, "street": "Jenderal Ahmad Yani", "id": 1836076696, "pubMillis": 1778207966424, "blockingAlertUuid": null, "startNode": null, "published_wib": "2026-05-08T09:39:26+07:00", "last_update": "2026-05-08T09:50:40+07:00" }, "geometry": { "type": "Point", "coordinates": [ 107.644491747162647, -6.90800790593791 ] } },
{ "type": "Feature", "properties": { "Satwil": "Polrestabes Bandung", "country": "ID", "level": 2, "city": "Bandung", "speedKMH": 23.56, "length": 1789, "turnType": "NONE", "uuid": 1836240516, "endNode": "Arah Lingkar Selatan/Buah Batu", "speed": 6.5444444444444443, "roadType": 6, "delay": 136, "street": "Soekarno-Hatta", "id": 1836240516, "pubMillis": 1778208158135, "blockingAlertUuid": null, "startNode": null, "published_wib": "2026-05-08T09:42:38+07:00", "last_update": "2026-05-08T09:50:40+07:00" }, "geometry": { "type": "Point", "coordinates": [ 107.617623686131665, -6.948868245465094 ] } },
{ "type": "Feature", "properties": { "Satwil": "Polrestabes Bandung", "country": "ID", "level": 2, "city": "Cimahi", "speedKMH": 20.26, "length": 1136, "turnType": "NONE", "uuid": 1836476746, "endNode": "Rajawali Barat", "speed": 5.6277777777777782, "roadType": 6, "delay": 109, "street": "Jenderal Haji Amir Machmud", "id": 1836476746, "pubMillis": 1778208447110, "blockingAlertUuid": null, "startNode": null, "published_wib": "2026-05-08T09:47:27+07:00", "last_update": "2026-05-08T09:50:40+07:00" }, "geometry": { "type": "Point", "coordinates": [ 107.566436002386993, -6.906051648364134 ] } },
{ "type": "Feature", "properties": { "Satwil": "Polda DI Yogyakarta", "country": "ID", "level": 5, "city": "Kalasan", "speedKMH": 0.0, "length": 200, "turnType": "NONE", "uuid": 1834838302, "endNode": null, "speed": 0.0, "roadType": 1, "delay": -1, "street": "Selokan Mataram", "id": 1834838302, "pubMillis": 1778206763356, "blockingAlertUuid": "2ef9109a-bc00-4599-a9f1-ff1efafe83ea", "startNode": null, "published_wib": "2026-05-08T09:19:23+07:00", "last_update": "2026-05-08T09:50:40+07:00" }, "geometry": { "type": "Point", "coordinates": [ 110.448010079816498, -7.7708635251013 ] } },
{ "type": "Feature", "properties": { "Satwil": "Polrestabes Bandung", "country": "ID", "level": 2, "city": "Bandung", "speedKMH": 23.73, "length": 2016, "turnType": "NONE", "uuid": 1835854312, "endNode": "Peta", "speed": 6.5916666666666668, "roadType": 7, "delay": 88, "street": "Mohammad Toha", "id": 1835854312, "pubMillis": 1778207765835, "blockingAlertUuid": null, "startNode": null, "published_wib": "2026-05-08T09:36:05+07:00", "last_update": "2026-05-08T09:50:40+07:00" }, "geometry": { "type": "Point", "coordinates": [ 107.608718031312975, -6.946391996999122 ] } },
{ "type": "Feature", "properties": { "Satwil": "Polrestabes Bandung", "country": "ID", "level": 3, "city": "Bandung", "speedKMH": 14.22, "length": 790, "turnType": "NONE", "uuid": 1836091876, "endNode": "Arah Tegallega/Alun-Alun", "speed": 3.95, "roadType": 6, "delay": 125, "street": "Soekarno-Hatta", "id": 1836091876, "pubMillis": 1778208061400, "blockingAlertUuid": null, "startNode": null, "published_wib": "2026-05-08T09:41:01+07:00", "last_update": "2026-05-08T09:50:40+07:00" }, "geometry": { "type": "Point", "coordinates": [ 107.602535916016848, -6.947815254561399 ] } },
{ "type": "Feature", "properties": { "Satwil": "Polrestabes Bandung", "country": "ID", "level": 2, "city": "Bandung", "speedKMH": 15.36, "length": 2405, "turnType": "NONE", "uuid": 1836313026, "endNode": "Merdeka (Lajur Kiri)", "speed": 4.2666666666666666, "roadType": 2, "delay": 260, "street": "LLRE Martadinata", "id": 1836313026, "pubMillis": 1778208255858, "blockingAlertUuid": null, "startNode": null, "published_wib": "2026-05-08T09:44:15+07:00", "last_update": "2026-05-08T09:50:40+07:00" }, "geometry": { "type": "Point", "coordinates": [ 107.623080431624444, -6.90726788835019 ] } },
{ "type": "Feature", "properties": { "Satwil": "Polrestabes Medan", "country": "ID", "level": 3, "city": "Medan", "speedKMH": 11.51, "length": 591, "turnType": "NONE", "uuid": 1836427720, "endNode": null, "speed": 3.1972222222222224, "roadType": 2, "delay": 131, "street": "Jalan Gunung Krakatau", "id": 1836427720, "pubMillis": 1778208448287, "blockingAlertUuid": null, "startNode": null, "published_wib": "2026-05-08T09:47:28+07:00", "last_update": "2026-05-08T09:50:40+07:00" }, "geometry": { "type": "Point", "coordinates": [ 98.681016518730758, 3.625524064711473 ] } },
{ "type": "Feature", "properties": { "Satwil": "Polrestabes Bandung", "country": "ID", "level": 2, "city": "Bandung", "speedKMH": 15.34, "length": 1563, "turnType": "NONE", "uuid": 1836198326, "endNode": "Merdeka (Lajur Kiri)", "speed": 4.2611111111111111, "roadType": 7, "delay": 200, "street": "Ir Haji Juanda", "id": 1836198326, "pubMillis": 1778208159646, "blockingAlertUuid": null, "startNode": null, "published_wib": "2026-05-08T09:42:39+07:00", "last_update": "2026-05-08T09:50:40+07:00" }, "geometry": { "type": "Point", "coordinates": [ 107.612913594934824, -6.896079198668176 ] } },
{ "type": "Feature", "properties": { "Satwil": "Polrestabes Medan", "country": "ID", "level": 3, "city": "Medan", "speedKMH": 15.57, "length": 660, "turnType": "NONE", "uuid": 1836476802, "endNode": "Setiabudi", "speed": 4.325, "roadType": 7, "delay": 91, "street": "Mayjen Jarot Supadmo", "id": 1836476802, "pubMillis": 1778208447349, "blockingAlertUuid": null, "startNode": null, "published_wib": "2026-05-08T09:47:27+07:00", "last_update": "2026-05-08T09:50:40+07:00" }, "geometry": { "type": "Point", "coordinates": [ 98.642630474228994, 3.588022353652311 ] } },
{ "type": "Feature", "properties": { "Satwil": "Polda Bali", "country": "ID", "level": 3, "city": "Kuta", "speedKMH": 15.57, "length": 842, "turnType": "NONE", "uuid": 1836542050, "endNode": "", "speed": 4.325, "roadType": 6, "delay": 119, "street": "Sunset Road", "id": 1836542050, "pubMillis": 1778208544404, "blockingAlertUuid": null, "startNode": null, "published_wib": "2026-05-08T09:49:04+07:00", "last_update": "2026-05-08T10:50:40+08:00" }, "geometry": { "type": "Point", "coordinates": [ 115.184590687547328, -8.709647853019529 ] } },
{ "type": "Feature", "properties": { "Satwil": "Polrestabes Medan", "country": "ID", "level": 1, "city": "Medan", "speedKMH": 26.21, "length": 1171, "turnType": "NONE", "uuid": 1836206160, "endNode": null, "speed": 7.2805555555555559, "roadType": 6, "delay": 65, "street": "N4 Letjen Jamin Ginting", "id": 1836206160, "pubMillis": 1778208158682, "blockingAlertUuid": null, "startNode": null, "published_wib": "2026-05-08T09:42:38+07:00", "last_update": "2026-05-08T09:50:40+07:00" }, "geometry": { "type": "Point", "coordinates": [ 98.616243370643843, 3.515449874519676 ] } },
{ "type": "Feature", "properties": { "Satwil": "Polda Bali", "country": "ID", "level": 2, "city": "Denpasar", "speedKMH": 18.22, "length": 967, "turnType": "NONE", "uuid": 1835264016, "endNode": "Buana Kubu", "speed": 5.0611111111111109, "roadType": 6, "delay": 105, "street": "Mahendradatta", "id": 1835264016, "pubMillis": 1778207174462, "blockingAlertUuid": null, "startNode": null, "published_wib": "2026-05-08T09:26:14+07:00", "last_update": "2026-05-08T10:50:40+08:00" }, "geometry": { "type": "Point", "coordinates": [ 115.190749116700587, -8.672406878803873 ] } },
{ "type": "Feature", "properties": { "Satwil": "Polda DI Yogyakarta", "country": "ID", "level": 3, "city": "Yogyakarta", "speedKMH": 12.56, "length": 490, "turnType": "NONE", "uuid": 1836542122, "endNode": "Senopati", "speed": 3.4888888888888889, "roadType": 7, "delay": 93, "street": "Sultan Agung", "id": 1836542122, "pubMillis": 1778208545268, "blockingAlertUuid": null, "startNode": null, "published_wib": "2026-05-08T09:49:05+07:00", "last_update": "2026-05-08T09:50:40+07:00" }, "geometry": { "type": "Point", "coordinates": [ 110.375753110425165, -7.801661376999134 ] } },
{ "type": "Feature", "properties": { "Satwil": "Polrestabes Medan", "country": "ID", "level": 4, "city": "Medan", "speedKMH": 5.42, "length": 326, "turnType": "NONE", "uuid": 1836419942, "endNode": "", "speed": 1.5055555555555555, "roadType": 1, "delay": 193, "street": "Pendidikan (Sunggal)", "id": 1836419942, "pubMillis": 1778208448505, "blockingAlertUuid": null, "startNode": null, "published_wib": "2026-05-08T09:47:28+07:00", "last_update": "2026-05-08T09:50:40+07:00" }, "geometry": { "type": "Point", "coordinates": [ 98.616256848721193, 3.592895338068797 ] } },
{ "type": "Feature", "properties": { "Satwil": "Polda Bali", "country": "ID", "level": 3, "city": "Ubud", "speedKMH": 7.3, "length": 480, "turnType": "NONE", "uuid": 1836419924, "endNode": "Agung Mandra", "speed": 2.0277777777777777, "roadType": 6, "delay": 186, "street": "Peliatan", "id": 1836419924, "pubMillis": 1778208448160, "blockingAlertUuid": null, "startNode": null, "published_wib": "2026-05-08T09:47:28+07:00", "last_update": "2026-05-08T10:50:40+08:00" }, "geometry": { "type": "Point", "coordinates": [ 115.268598583540467, -8.520099416340475 ] } },
{ "type": "Feature", "properties": { "Satwil": "Polda Bali", "country": "ID", "level": 2, "city": "Kuta Utara", "speedKMH": 16.37, "length": 1546, "turnType": "NONE", "uuid": 1836419856, "endNode": "Jalan Pantai Berawa", "speed": 4.5472222222222225, "roadType": 7, "delay": 159, "street": "Jalan Raya Canggu", "id": 1836419856, "pubMillis": 1778208447358, "blockingAlertUuid": null, "startNode": null, "published_wib": "2026-05-08T09:47:27+07:00", "last_update": "2026-05-08T10:50:40+08:00" }, "geometry": { "type": "Point", "coordinates": [ 115.147435398691613, -8.63700362682923 ] } },
{ "type": "Feature", "properties": { "Satwil": "Polda DI Yogyakarta", "country": "ID", "level": 5, "city": "Kalasan", "speedKMH": 0.0, "length": 345, "turnType": "NONE", "uuid": 1834822446, "endNode": "Gerbang Tol Purwomartani", "speed": 0.0, "roadType": 4, "delay": -1, "street": "", "id": 1834822446, "pubMillis": 1778206762973, "blockingAlertUuid": "557b5ed5-5504-440a-87b9-9fda8a39c220", "startNode": null, "published_wib": "2026-05-08T09:19:22+07:00", "last_update": "2026-05-08T09:50:40+07:00" }, "geometry": { "type": "Point", "coordinates": [ 110.464642307444919, -7.772538475251511 ] } },
{ "type": "Feature", "properties": { "Satwil": "Polrestabes Bandung", "country": "ID", "level": 2, "city": "Bandung", "speedKMH": 18.51, "length": 741, "turnType": "NONE", "uuid": 1835305974, "endNode": "Jalan Raya Dayeuhkolot", "speed": 5.1416666666666666, "roadType": 7, "delay": 74, "street": "Mohammad Toha", "id": 1835305974, "pubMillis": 1778207171935, "blockingAlertUuid": null, "startNode": null, "published_wib": "2026-05-08T09:26:11+07:00", "last_update": "2026-05-08T09:50:40+07:00" }, "geometry": { "type": "Point", "coordinates": [ 107.61057903463211, -6.951846051948294 ] } },
{ "type": "Feature", "properties": { "Satwil": "Polrestabes Bandung", "country": "ID", "level": 2, "city": "Bandung", "speedKMH": 19.51, "length": 728, "turnType": "NONE", "uuid": 1836362710, "endNode": "Abdul Rahman Saleh", "speed": 5.4194444444444443, "roadType": 6, "delay": 68, "street": "Pajajaran", "id": 1836362710, "pubMillis": 1778208351423, "blockingAlertUuid": null, "startNode": null, "published_wib": "2026-05-08T09:45:51+07:00", "last_update": "2026-05-08T09:50:40+07:00" }, "geometry": { "type": "Point", "coordinates": [ 107.593544048035284, -6.906955276776444 ] } },
{ "type": "Feature", "properties": { "Satwil": "Polda Bali", "country": "ID", "level": 1, "city": "Nusa Penida", "speedKMH": 31.99, "length": 1855, "turnType": "NONE", "uuid": 1836526524, "endNode": "Jalan Klumbu-Batu Kandik", "speed": 8.8861111111111111, "roadType": 2, "delay": 67, "street": "Jalan Klumbu-Buyuk", "id": 1836526524, "pubMillis": 1778208544114, "blockingAlertUuid": null, "startNode": null, "published_wib": "2026-05-08T09:49:04+07:00", "last_update": "2026-05-08T10:50:40+08:00" }, "geometry": { "type": "Point", "coordinates": [ 115.53823352904746, -8.718195736681865 ] } },
{ "type": "Feature", "properties": { "Satwil": "Polda Bali", "country": "ID", "level": 2, "city": "Ubud", "speedKMH": 17.14, "length": 933, "turnType": "NONE", "uuid": 1836370558, "endNode": null, "speed": 4.7611111111111111, "roadType": 6, "delay": 112, "street": "Jalan Raya Desa Mas", "id": 1836370558, "pubMillis": 1778208351254, "blockingAlertUuid": null, "startNode": null, "published_wib": "2026-05-08T09:45:51+07:00", "last_update": "2026-05-08T10:50:40+08:00" }, "geometry": { "type": "Point", "coordinates": [ 115.272375483899935, -8.541731074087085 ] } },
{ "type": "Feature", "properties": { "Satwil": "Polrestabes Medan", "country": "ID", "level": 2, "city": "Medan", "speedKMH": 19.65, "length": 1812, "turnType": "NONE", "uuid": 1836370536, "endNode": "Pintu Air", "speed": 5.458333333333333, "roadType": 7, "delay": 185, "street": "Sisingamangaraja", "id": 1836370536, "pubMillis": 1778208350902, "blockingAlertUuid": null, "startNode": null, "published_wib": "2026-05-08T09:45:50+07:00", "last_update": "2026-05-08T09:50:40+07:00" }, "geometry": { "type": "Point", "coordinates": [ 98.698576607450605, 3.545887272382542 ] } },
{ "type": "Feature", "properties": { "Satwil": "Polda Bali", "country": "ID", "level": 2, "city": "Mengwi", "speedKMH": 21.0, "length": 1229, "turnType": "NONE", "uuid": 1836370506, "endNode": "Jalan Raya Mengwi", "speed": 5.833333333333333, "roadType": 6, "delay": 103, "street": "Jalan Raya Kapal", "id": 1836370506, "pubMillis": 1778208350803, "blockingAlertUuid": null, "startNode": null, "published_wib": "2026-05-08T09:45:50+07:00", "last_update": "2026-05-08T10:50:40+08:00" }, "geometry": { "type": "Point", "coordinates": [ 115.177242367781162, -8.567316656931412 ] } },
{ "type": "Feature", "properties": { "Satwil": "Polda Bali", "country": "ID", "level": 3, "city": "Denpasar", "speedKMH": 12.96, "length": 931, "turnType": "NONE", "uuid": 1835059746, "endNode": "HOS Cokroaminoto", "speed": 3.6, "roadType": 6, "delay": 175, "street": "Gatot Subroto Tengah", "id": 1835059746, "pubMillis": 1778206969139, "blockingAlertUuid": null, "startNode": null, "published_wib": "2026-05-08T09:22:49+07:00", "last_update": "2026-05-08T10:50:40+08:00" }, "geometry": { "type": "Point", "coordinates": [ 115.214880730609124, -8.636493260673239 ] } },
{ "type": "Feature", "properties": { "Satwil": "Polrestabes Bandung", "country": "ID", "level": 2, "city": "Bandung", "speedKMH": 15.39, "length": 717, "turnType": "NONE", "uuid": 1836534310, "endNode": "Jalan Jawa", "speed": 4.275, "roadType": 2, "delay": 70, "street": "Jalan Sunda", "id": 1836534310, "pubMillis": 1778208545509, "blockingAlertUuid": null, "startNode": null, "published_wib": "2026-05-08T09:49:05+07:00", "last_update": "2026-05-08T09:50:40+07:00" }, "geometry": { "type": "Point", "coordinates": [ 107.617969883797812, -6.919164130296187 ] } },
{ "type": "Feature", "properties": { "Satwil": "Polrestabes Bandung", "country": "ID", "level": 2, "city": "Bandung", "speedKMH": 19.15, "length": 1108, "turnType": "NONE", "uuid": 1836091942, "endNode": "Arah Tol Moh Toha/Banjaran/Majalaya", "speed": 5.3194444444444446, "roadType": 6, "delay": 109, "street": "Soekarno-Hatta", "id": 1836091942, "pubMillis": 1778208062058, "blockingAlertUuid": null, "startNode": null, "published_wib": "2026-05-08T09:41:02+07:00", "last_update": "2026-05-08T09:50:40+07:00" }, "geometry": { "type": "Point", "coordinates": [ 107.614627138814512, -6.948786216851829 ] } },
{ "type": "Feature", "properties": { "Satwil": "Polda Bali", "country": "ID", "level": 3, "city": "Ubud", "speedKMH": 7.74, "length": 464, "turnType": "NONE", "uuid": 1835559478, "endNode": "Cokorda Putra Sudarsana", "speed": 2.15, "roadType": 6, "delay": 150, "street": "Jalan Raya Ubud", "id": 1835559478, "pubMillis": 1778207469997, "blockingAlertUuid": null, "startNode": null, "published_wib": "2026-05-08T09:31:09+07:00", "last_update": "2026-05-08T10:50:40+08:00" }, "geometry": { "type": "Point", "coordinates": [ 115.263460701492178, -8.50729763954954 ] } },
{ "type": "Feature", "properties": { "Satwil": "Polda Bali", "country": "ID", "level": 3, "city": "Denpasar", "speedKMH": 13.09, "length": 883, "turnType": "NONE", "uuid": 1835969072, "endNode": "", "speed": 3.6361111111111111, "roadType": 6, "delay": 177, "street": "Jalan Bypass Ngurah Rai", "id": 1835969072, "pubMillis": 1778207863883, "blockingAlertUuid": null, "startNode": null, "published_wib": "2026-05-08T09:37:43+07:00", "last_update": "2026-05-08T10:50:40+08:00" }, "geometry": { "type": "Point", "coordinates": [ 115.254342444043175, -8.652782891697806 ] } },
{ "type": "Feature", "properties": { "Satwil": "Polresta Surakarta", "country": "ID", "level": 2, "city": "Surakarta", "speedKMH": 19.19, "length": 694, "turnType": "NONE", "uuid": 1835739652, "endNode": "Ir Sutami", "speed": 5.3305555555555557, "roadType": 6, "delay": 62, "street": "Kolonel Sutarto", "id": 1835739652, "pubMillis": 1778207668632, "blockingAlertUuid": null, "startNode": null, "published_wib": "2026-05-08T09:34:28+07:00", "last_update": "2026-05-08T09:50:40+07:00" }, "geometry": { "type": "Point", "coordinates": [ 110.844336964603954, -7.558970493951028 ] } },
{ "type": "Feature", "properties": { "Satwil": "Polda Bali", "country": "ID", "level": 1, "city": "Ubud", "speedKMH": 25.79, "length": 1992, "turnType": "NONE", "uuid": 1835797226, "endNode": "Jalan Raya Andong", "speed": 7.1638888888888888, "roadType": 2, "delay": 124, "street": "Jalan Raya Andong", "id": 1835797226, "pubMillis": 1778207668816, "blockingAlertUuid": null, "startNode": null, "published_wib": "2026-05-08T09:34:28+07:00", "last_update": "2026-05-08T10:50:40+08:00" }, "geometry": { "type": "Point", "coordinates": [ 115.272608914532753, -8.500386666583239 ] } },
{ "type": "Feature", "properties": { "Satwil": "Polrestabes Bandung", "country": "ID", "level": 4, "city": "Bandung", "speedKMH": 6.74, "length": 305, "turnType": "NONE", "uuid": 1835674338, "endNode": "Soekarno-Hatta", "speed": 1.8722222222222222, "roadType": 7, "delay": 136, "street": "Terusan Buah Batu", "id": 1835674338, "pubMillis": 1778207570298, "blockingAlertUuid": null, "startNode": null, "published_wib": "2026-05-08T09:32:50+07:00", "last_update": "2026-05-08T09:50:40+07:00" }, "geometry": { "type": "Point", "coordinates": [ 107.63464713524013, -6.949363758086418 ] } },
{ "type": "Feature", "properties": { "Satwil": "Polda Bali", "country": "ID", "level": 5, "city": "Tegallalang", "speedKMH": 0.0, "length": 71, "turnType": "NONE", "uuid": 1834838732, "endNode": null, "speed": 0.0, "roadType": 1, "delay": -1, "street": "", "id": 1834838732, "pubMillis": 1778206765133, "blockingAlertUuid": "87890bde-5dea-45ce-851c-1d9bcdd4a19a", "startNode": null, "published_wib": "2026-05-08T09:19:25+07:00", "last_update": "2026-05-08T10:50:40+08:00" }, "geometry": { "type": "Point", "coordinates": [ 115.290285308168848, -8.428636798414455 ] } },
{ "type": "Feature", "properties": { "Satwil": "Polrestabes Bandung", "country": "ID", "level": 2, "city": "Bandung", "speedKMH": 15.0, "length": 699, "turnType": "NONE", "uuid": 1835969222, "endNode": "Soekarno-Hatta", "speed": 4.166666666666667, "roadType": 2, "delay": 83, "street": "Holis", "id": 1835969222, "pubMillis": 1778207865451, "blockingAlertUuid": null, "startNode": null, "published_wib": "2026-05-08T09:37:45+07:00", "last_update": "2026-05-08T09:50:40+07:00" }, "geometry": { "type": "Point", "coordinates": [ 107.574216057012791, -6.92747411934423 ] } },
{ "type": "Feature", "properties": { "Satwil": "Polrestabes Bandung", "country": "ID", "level": 2, "city": "Bandung", "speedKMH": 18.43, "length": 684, "turnType": "NONE", "uuid": 1836026506, "endNode": "Margacinta", "speed": 5.1194444444444445, "roadType": 2, "delay": 63, "street": "Ciwastra", "id": 1836026506, "pubMillis": 1778207965761, "blockingAlertUuid": null, "startNode": null, "published_wib": "2026-05-08T09:39:25+07:00", "last_update": "2026-05-08T09:50:40+07:00" }, "geometry": { "type": "Point", "coordinates": [ 107.663314771057642, -6.960340689775289 ] } },
{ "type": "Feature", "properties": { "Satwil": "Polda DI Yogyakarta", "country": "ID", "level": 5, "city": "Kalasan", "speedKMH": 0.0, "length": 318, "turnType": "NONE", "uuid": 1834822304, "endNode": "", "speed": 0.0, "roadType": 1, "delay": -1, "street": "Selokan Mataram", "id": 1834822304, "pubMillis": 1778206762313, "blockingAlertUuid": "846457dd-3549-4f6e-b4fb-e026cc749960", "startNode": null, "published_wib": "2026-05-08T09:19:22+07:00", "last_update": "2026-05-08T09:50:40+07:00" }, "geometry": { "type": "Point", "coordinates": [ 110.453644287802561, -7.770507929410552 ] } },
{ "type": "Feature", "properties": { "Satwil": "Polda Bali", "country": "ID", "level": 2, "city": "Sukasada", "speedKMH": 19.75, "length": 677, "turnType": "NONE", "uuid": 1836328282, "endNode": "Jalan Selat-Gambuh", "speed": 5.4861111111111107, "roadType": 1, "delay": 74, "street": "", "id": 1836328282, "pubMillis": 1778208258175, "blockingAlertUuid": null, "startNode": null, "published_wib": "2026-05-08T09:44:18+07:00", "last_update": "2026-05-08T10:50:40+08:00" }, "geometry": { "type": "Point", "coordinates": [ 115.0514064177097, -8.179927392076396 ] } },
{ "type": "Feature", "properties": { "Satwil": "Polda Bali", "country": "ID", "level": 2, "city": "Denpasar", "speedKMH": 16.49, "length": 593, "turnType": "NONE", "uuid": 1836213508, "endNode": "Mahendradatta", "speed": 4.5805555555555557, "roadType": 7, "delay": 62, "street": "Jalan Gunung Agung", "id": 1836213508, "pubMillis": 1778208159557, "blockingAlertUuid": null, "startNode": null, "published_wib": "2026-05-08T09:42:39+07:00", "last_update": "2026-05-08T10:50:40+08:00" }, "geometry": { "type": "Point", "coordinates": [ 115.198148854237758, -8.651875832739204 ] } },
{ "type": "Feature", "properties": { "Satwil": "Polda Bali", "country": "ID", "level": 3, "city": "Tabanan", "speedKMH": 15.58, "length": 884, "turnType": "NONE", "uuid": 1836443072, "endNode": "Dr Ir Soekarno", "speed": 4.3277777777777775, "roadType": 6, "delay": 105, "street": "Dr Ir Soekarno", "id": 1836443072, "pubMillis": 1778208448362, "blockingAlertUuid": null, "startNode": null, "published_wib": "2026-05-08T09:47:28+07:00", "last_update": "2026-05-08T10:50:40+08:00" }, "geometry": { "type": "Point", "coordinates": [ 115.122090099569036, -8.54934882330573 ] } },
{ "type": "Feature", "properties": { "Satwil": "Polda Bali", "country": "ID", "level": 2, "city": "Kuta", "speedKMH": 16.43, "length": 833, "turnType": "NONE", "uuid": 1836492212, "endNode": "Kunti 1", "speed": 4.5638888888888891, "roadType": 2, "delay": 90, "street": "Jalan Raya Seminyak", "id": 1836492212, "pubMillis": 1778208447157, "blockingAlertUuid": null, "startNode": null, "published_wib": "2026-05-08T09:47:27+07:00", "last_update": "2026-05-08T10:50:40+08:00" }, "geometry": { "type": "Point", "coordinates": [ 115.167938012509765, -8.69242409434443 ] } },
{ "type": "Feature", "properties": { "Satwil": "Polrestabes Bandung", "country": "ID", "level": 3, "city": "Bandung", "speedKMH": 11.22, "length": 770, "turnType": "NONE", "uuid": 1835754930, "endNode": "Jenderal Sudirman", "speed": 3.1166666666666667, "roadType": 2, "delay": 137, "street": "Astana Anyar", "id": 1835754930, "pubMillis": 1778207668397, "blockingAlertUuid": null, "startNode": null, "published_wib": "2026-05-08T09:34:28+07:00", "last_update": "2026-05-08T09:50:40+07:00" }, "geometry": { "type": "Point", "coordinates": [ 107.598739893804151, -6.923574835421313 ] } },
{ "type": "Feature", "properties": { "Satwil": "Polda Bali", "country": "ID", "level": 3, "city": "Denpasar", "speedKMH": 7.21, "length": 405, "turnType": "NONE", "uuid": 1836164522, "endNode": "Jalan Bypass Ngurah Rai", "speed": 2.0027777777777778, "roadType": 6, "delay": 88, "street": "WR Supratman", "id": 1836164522, "pubMillis": 1778208063062, "blockingAlertUuid": null, "startNode": null, "published_wib": "2026-05-08T09:41:03+07:00", "last_update": "2026-05-08T10:50:40+08:00" }, "geometry": { "type": "Point", "coordinates": [ 115.254885706115033, -8.637614980300304 ] } },
{ "type": "Feature", "properties": { "Satwil": "Polda Bali", "country": "ID", "level": 3, "city": "Denpasar", "speedKMH": 13.47, "length": 763, "turnType": "NONE", "uuid": 1836443012, "endNode": "Padang Gajah", "speed": 3.7416666666666667, "roadType": 6, "delay": 130, "street": "Mahendradatta", "id": 1836443012, "pubMillis": 1778208447462, "blockingAlertUuid": null, "startNode": null, "published_wib": "2026-05-08T09:47:27+07:00", "last_update": "2026-05-08T10:50:40+08:00" }, "geometry": { "type": "Point", "coordinates": [ 115.193899311015841, -8.653980484631873 ] } },
{ "type": "Feature", "properties": { "Satwil": "Polrestabes Bandung", "country": "ID", "level": 2, "city": "Bandung", "speedKMH": 13.44, "length": 1248, "turnType": "NONE", "uuid": 1836213370, "endNode": "Cisaranten Baru", "speed": 3.7333333333333334, "roadType": 2, "delay": 149, "street": "Cisaranten Kulon", "id": 1836213370, "pubMillis": 1778208158170, "blockingAlertUuid": null, "startNode": null, "published_wib": "2026-05-08T09:42:38+07:00", "last_update": "2026-05-08T09:50:40+07:00" }, "geometry": { "type": "Point", "coordinates": [ 107.683259713280094, -6.925381458597206 ] } },
{ "type": "Feature", "properties": { "Satwil": "Polrestabes Bandung", "country": "ID", "level": 4, "city": "Bandung", "speedKMH": 4.77, "length": 202, "turnType": "NONE", "uuid": 1836336224, "endNode": "Tera", "speed": 1.325, "roadType": 7, "delay": 126, "street": "Merdeka", "id": 1836336224, "pubMillis": 1778208257923, "blockingAlertUuid": null, "startNode": null, "published_wib": "2026-05-08T09:44:17+07:00", "last_update": "2026-05-08T09:50:40+07:00" }, "geometry": { "type": "Point", "coordinates": [ 107.610266085521559, -6.914450518564938 ] } },
{ "type": "Feature", "properties": { "Satwil": "Polda DI Yogyakarta", "country": "ID", "level": 5, "city": "Yogyakarta", "speedKMH": 0.0, "length": 8, "turnType": "NONE", "uuid": 1834787964, "endNode": null, "speed": 0.0, "roadType": 7, "delay": -1, "street": "Abu Bakar Ali", "id": 1834787964, "pubMillis": 1778206760326, "blockingAlertUuid": "4395990a-299d-4ce5-98ba-97026d518e86", "startNode": null, "published_wib": "2026-05-08T09:19:20+07:00", "last_update": "2026-05-08T09:50:40+07:00" }, "geometry": { "type": "Point", "coordinates": [ 110.3684905, -7.7905965 ] } },
{ "type": "Feature", "properties": { "Satwil": "Polda Bali", "country": "ID", "level": 4, "city": "Melaya", "speedKMH": 6.61, "length": 245, "turnType": "NONE", "uuid": 1836049482, "endNode": null, "speed": 1.836111111111111, "roadType": 6, "delay": 111, "street": "Pelabuhan Gilimanuk", "id": 1836049482, "pubMillis": 1778207967705, "blockingAlertUuid": null, "startNode": null, "published_wib": "2026-05-08T09:39:27+07:00", "last_update": "2026-05-08T10:50:40+08:00" }, "geometry": { "type": "Point", "coordinates": [ 114.435275119111424, -8.163796233728064 ] } },
{ "type": "Feature", "properties": { "Satwil": "Polrestabes Bandung", "country": "ID", "level": 1, "city": "Bandung", "speedKMH": 38.13, "length": 1894, "turnType": "NONE", "uuid": 1836557406, "endNode": "Soekarno-Hatta (Jalur Lambat)", "speed": 10.591666666666667, "roadType": 6, "delay": 74, "street": "Soekarno-Hatta", "id": 1836557406, "pubMillis": 1778208545127, "blockingAlertUuid": null, "startNode": null, "published_wib": "2026-05-08T09:49:05+07:00", "last_update": "2026-05-08T09:50:40+07:00" }, "geometry": { "type": "Point", "coordinates": [ 107.652213961395887, -6.942171588341952 ] } },
{ "type": "Feature", "properties": { "Satwil": "Polrestabes Bandung", "country": "ID", "level": 1, "city": "Bandung", "speedKMH": 27.28, "length": 2370, "turnType": "NONE", "uuid": 1836213336, "endNode": "Golf Raya", "speed": 7.5777777777777775, "roadType": 6, "delay": 113, "street": "Jenderal AH Nasution", "id": 1836213336, "pubMillis": 1778208158053, "blockingAlertUuid": null, "startNode": null, "published_wib": "2026-05-08T09:42:38+07:00", "last_update": "2026-05-08T09:50:40+07:00" }, "geometry": { "type": "Point", "coordinates": [ 107.682680533171563, -6.905776742355394 ] } },
{ "type": "Feature", "properties": { "Satwil": "Polda Bali", "country": "ID", "level": 1, "city": "Kuta Selatan", "speedKMH": 21.77, "length": 1386, "turnType": "NONE", "uuid": 1836557334, "endNode": "Puncak Sekapa 2", "speed": 6.0472222222222225, "roadType": 6, "delay": 70, "street": "Jalan Raya Labuhan Sait", "id": 1836557334, "pubMillis": 1778208544608, "blockingAlertUuid": null, "startNode": null, "published_wib": "2026-05-08T09:49:04+07:00", "last_update": "2026-05-08T10:50:40+08:00" }, "geometry": { "type": "Point", "coordinates": [ 115.123121021714098, -8.826211232545685 ] } },
{ "type": "Feature", "properties": { "Satwil": "Polda Bali", "country": "ID", "level": 2, "city": "Denpasar", "speedKMH": 14.15, "length": 666, "turnType": "NONE", "uuid": 1836557330, "endNode": null, "speed": 3.9305555555555554, "roadType": 2, "delay": 87, "street": "Tukad Pakerisan", "id": 1836557330, "pubMillis": 1778208544582, "blockingAlertUuid": null, "startNode": null, "published_wib": "2026-05-08T09:49:04+07:00", "last_update": "2026-05-08T10:50:40+08:00" }, "geometry": { "type": "Point", "coordinates": [ 115.226196256310971, -8.685368809042364 ] } },
{ "type": "Feature", "properties": { "Satwil": "Polda Bali", "country": "ID", "level": 4, "city": "Denpasar", "speedKMH": 2.85, "length": 222, "turnType": "NONE", "uuid": 1836172308, "endNode": "Teuku Umar Barat", "speed": 0.79166666666666663, "roadType": 2, "delay": 243, "street": "Jalan Gunung Salak", "id": 1836172308, "pubMillis": 1778208062302, "blockingAlertUuid": null, "startNode": null, "published_wib": "2026-05-08T09:41:02+07:00", "last_update": "2026-05-08T10:50:40+08:00" }, "geometry": { "type": "Point", "coordinates": [ 115.181288480951864, -8.674327605440602 ] } },
{ "type": "Feature", "properties": { "Satwil": "Polrestabes Bandung", "country": "ID", "level": 2, "city": "Bandung", "speedKMH": 16.12, "length": 865, "turnType": "NONE", "uuid": 1836385496, "endNode": "Turangga", "speed": 4.4777777777777779, "roadType": 2, "delay": 106, "street": "Gatot Subroto", "id": 1836385496, "pubMillis": 1778208351820, "blockingAlertUuid": null, "startNode": null, "published_wib": "2026-05-08T09:45:51+07:00", "last_update": "2026-05-08T09:50:40+07:00" }, "geometry": { "type": "Point", "coordinates": [ 107.639541751839033, -6.930154973710886 ] } },
{ "type": "Feature", "properties": { "Satwil": "Polrestabes Bandung", "country": "ID", "level": 4, "city": "Bandung", "speedKMH": 4.12, "length": 213, "turnType": "NONE", "uuid": 1836557474, "endNode": "Pasirluyu", "speed": 1.1444444444444444, "roadType": 7, "delay": 169, "street": "BKR", "id": 1836557474, "pubMillis": 1778208545986, "blockingAlertUuid": null, "startNode": null, "published_wib": "2026-05-08T09:49:05+07:00", "last_update": "2026-05-08T09:50:40+07:00" }, "geometry": { "type": "Point", "coordinates": [ 107.617140327174781, -6.937975150137591 ] } },
{ "type": "Feature", "properties": { "Satwil": "Polresta Surakarta", "country": "ID", "level": 3, "city": "Surakarta", "speedKMH": 7.39, "length": 565, "turnType": "NONE", "uuid": 1836385436, "endNode": "Urip Sumohardjo", "speed": 2.0527777777777776, "roadType": 7, "delay": 207, "street": "Ir Juanda Kartasanjaya", "id": 1836385436, "pubMillis": 1778208351242, "blockingAlertUuid": null, "startNode": null, "published_wib": "2026-05-08T09:45:51+07:00", "last_update": "2026-05-08T09:50:40+07:00" }, "geometry": { "type": "Point", "coordinates": [ 110.835686138117197, -7.567197391854717 ] } },
{ "type": "Feature", "properties": { "Satwil": "Polrestabes Bandung", "country": "ID", "level": 2, "city": "Bandung", "speedKMH": 16.18, "length": 1208, "turnType": "NONE", "uuid": 1836549986, "endNode": "Sari Endah", "speed": 4.4944444444444445, "roadType": 2, "delay": 130, "street": "Gegerkalong Hilir", "id": 1836549986, "pubMillis": 1778208544685, "blockingAlertUuid": null, "startNode": null, "published_wib": "2026-05-08T09:49:04+07:00", "last_update": "2026-05-08T09:50:40+07:00" }, "geometry": { "type": "Point", "coordinates": [ 107.588183246501828, -6.869336588621415 ] } },
{ "type": "Feature", "properties": { "Satwil": "Polrestabes Bandung", "country": "ID", "level": 5, "city": "Bandung", "speedKMH": 0.0, "length": 714, "turnType": "NONE", "uuid": 1834837880, "endNode": null, "speed": 0.0, "roadType": 4, "delay": -1, "street": "", "id": 1834837880, "pubMillis": 1778206761016, "blockingAlertUuid": "8575bff8-4657-49ae-b7cf-c4233d911a57", "startNode": null, "published_wib": "2026-05-08T09:19:21+07:00", "last_update": "2026-05-08T09:50:40+07:00" }, "geometry": { "type": "Point", "coordinates": [ 107.690739, -6.955017 ] } },
{ "type": "Feature", "properties": { "Satwil": "Polda Bali", "country": "ID", "level": 1, "city": "Kuta Utara", "speedKMH": 19.52, "length": 973, "turnType": "NONE", "uuid": 1836549976, "endNode": null, "speed": 5.4222222222222225, "roadType": 1, "delay": 64, "street": "Umalas 2", "id": 1836549976, "pubMillis": 1778208544599, "blockingAlertUuid": null, "startNode": null, "published_wib": "2026-05-08T09:49:04+07:00", "last_update": "2026-05-08T10:50:40+08:00" }, "geometry": { "type": "Point", "coordinates": [ 115.156015286154002, -8.666700410992343 ] } },
{ "type": "Feature", "properties": { "Satwil": "Polda Bali", "country": "ID", "level": 3, "city": "Denpasar", "speedKMH": 4.06, "length": 150, "turnType": "NONE", "uuid": 1836435278, "endNode": "Tukad Baru", "speed": 1.1277777777777778, "roadType": 2, "delay": 103, "street": "Jalan Pulau Galang", "id": 1836435278, "pubMillis": 1778208448770, "blockingAlertUuid": null, "startNode": null, "published_wib": "2026-05-08T09:47:28+07:00", "last_update": "2026-05-08T10:50:40+08:00" }, "geometry": { "type": "Point", "coordinates": [ 115.196821694210385, -8.693913370808438 ] } },
{ "type": "Feature", "properties": { "Satwil": "Polda DI Yogyakarta", "country": "ID", "level": 3, "city": "Yogyakarta", "speedKMH": 8.52, "length": 369, "turnType": "NONE", "uuid": 1836320726, "endNode": "Cornel Simanjuntak", "speed": 2.3666666666666667, "roadType": 7, "delay": 103, "street": "Jenderal Sudirman", "id": 1836320726, "pubMillis": 1778208256318, "blockingAlertUuid": null, "startNode": null, "published_wib": "2026-05-08T09:44:16+07:00", "last_update": "2026-05-08T09:50:40+07:00" }, "geometry": { "type": "Point", "coordinates": [ 110.374606002666027, -7.782986268583536 ] } },
{ "type": "Feature", "properties": { "Satwil": "Polda DI Yogyakarta", "country": "ID", "level": 2, "city": "Kalasan", "speedKMH": 23.36, "length": 2073, "turnType": "NONE", "uuid": 1836484540, "endNode": "", "speed": 6.4888888888888889, "roadType": 6, "delay": 159, "street": "Jalan Raya Yogyakarta-Prambanan", "id": 1836484540, "pubMillis": 1778208447091, "blockingAlertUuid": null, "startNode": null, "published_wib": "2026-05-08T09:47:27+07:00", "last_update": "2026-05-08T09:50:40+07:00" }, "geometry": { "type": "Point", "coordinates": [ 110.478696465598887, -7.758879411644908 ] } },
{ "type": "Feature", "properties": { "Satwil": "Polrestabes Bandung", "country": "ID", "level": 1, "city": "Bandung", "speedKMH": 26.51, "length": 1613, "turnType": "NONE", "uuid": 1836279334, "endNode": "Lapang Supratman", "speed": 7.3638888888888889, "roadType": 7, "delay": 76, "street": "WR Supratman", "id": 1836279334, "pubMillis": 1778208256012, "blockingAlertUuid": null, "startNode": null, "published_wib": "2026-05-08T09:44:16+07:00", "last_update": "2026-05-08T09:50:40+07:00" }, "geometry": { "type": "Point", "coordinates": [ 107.634150981840023, -6.913038176565148 ] } },
{ "type": "Feature", "properties": { "Satwil": "Polrestabes Bandung", "country": "ID", "level": 2, "city": "Bandung", "speedKMH": 21.88, "length": 1940, "turnType": "NONE", "uuid": 1835574794, "endNode": "PHH Mustofa", "speed": 6.0777777777777775, "roadType": 6, "delay": 131, "street": "Surapati", "id": 1835574794, "pubMillis": 1778207469735, "blockingAlertUuid": null, "startNode": null, "published_wib": "2026-05-08T09:31:09+07:00", "last_update": "2026-05-08T09:50:40+07:00" }, "geometry": { "type": "Point", "coordinates": [ 107.625957183951414, -6.899251681792061 ] } },
{ "type": "Feature", "properties": { "Satwil": "Polda Bali", "country": "ID", "level": 4, "city": "Ubud", "speedKMH": 4.71, "length": 219, "turnType": "NONE", "uuid": 1836492306, "endNode": "Jalan Raya Desa Mas", "speed": 1.3083333333333333, "roadType": 6, "delay": 143, "street": "Jalan Raya Goa Gajah", "id": 1836492306, "pubMillis": 1778208448542, "blockingAlertUuid": null, "startNode": null, "published_wib": "2026-05-08T09:47:28+07:00", "last_update": "2026-05-08T10:50:40+08:00" }, "geometry": { "type": "Point", "coordinates": [ 115.272384657497767, -8.523899618558417 ] } },
{ "type": "Feature", "properties": { "Satwil": "Polda Bali", "country": "ID", "level": 4, "city": "Kuta", "speedKMH": 4.93, "length": 186, "turnType": "NONE", "uuid": 1836377846, "endNode": "Sunset Road", "speed": 1.3694444444444445, "roadType": 2, "delay": 71, "street": "Mertanadi", "id": 1836377846, "pubMillis": 1778208351785, "blockingAlertUuid": null, "startNode": null, "published_wib": "2026-05-08T09:45:51+07:00", "last_update": "2026-05-08T10:50:40+08:00" }, "geometry": { "type": "Point", "coordinates": [ 115.183622637800909, -8.709671754693 ] } },
{ "type": "Feature", "properties": { "Satwil": "Polrestabes Bandung", "country": "ID", "level": 4, "city": "Bandung", "speedKMH": 5.2, "length": 182, "turnType": "NONE", "uuid": 1836435184, "endNode": "", "speed": 1.4444444444444444, "roadType": 7, "delay": 101, "street": "BKR", "id": 1836435184, "pubMillis": 1778208447723, "blockingAlertUuid": null, "startNode": null, "published_wib": "2026-05-08T09:47:27+07:00", "last_update": "2026-05-08T09:50:40+07:00" }, "geometry": { "type": "Point", "coordinates": [ 107.61359, -6.937925 ] } },
{ "type": "Feature", "properties": { "Satwil": "Polda Bali", "country": "ID", "level": 2, "city": "Melaya", "speedKMH": 22.39, "length": 1816, "turnType": "NONE", "uuid": 1835984630, "endNode": null, "speed": 6.2194444444444441, "roadType": 6, "delay": 143, "street": "Jalan Raya Gilimanuk-Negara", "id": 1835984630, "pubMillis": 1778207864909, "blockingAlertUuid": null, "startNode": null, "published_wib": "2026-05-08T09:37:44+07:00", "last_update": "2026-05-08T10:50:40+08:00" }, "geometry": { "type": "Point", "coordinates": [ 114.521977025468615, -8.309820956991567 ] } },
{ "type": "Feature", "properties": { "Satwil": "Polda Bali", "country": "ID", "level": 2, "city": "Kuta Utara", "speedKMH": 14.08, "length": 922, "turnType": "NONE", "uuid": 1836279474, "endNode": "Pengubugan", "speed": 3.911111111111111, "roadType": 7, "delay": 138, "street": "Jalan Raya Canggu", "id": 1836279474, "pubMillis": 1778208257042, "blockingAlertUuid": null, "startNode": null, "published_wib": "2026-05-08T09:44:17+07:00", "last_update": "2026-05-08T10:50:40+08:00" }, "geometry": { "type": "Point", "coordinates": [ 115.161703682197569, -8.645677889077449 ] } },
{ "type": "Feature", "properties": { "Satwil": "Polda Bali", "country": "ID", "level": 1, "city": "Nusa Penida", "speedKMH": 29.56, "length": 1789, "turnType": "NONE", "uuid": 1835992744, "endNode": "Jalan Klumbu-Buyuk", "speed": 8.2111111111111104, "roadType": 1, "delay": 90, "street": "", "id": 1835992744, "pubMillis": 1778207866475, "blockingAlertUuid": null, "startNode": null, "published_wib": "2026-05-08T09:37:46+07:00", "last_update": "2026-05-08T10:50:40+08:00" }, "geometry": { "type": "Point", "coordinates": [ 115.536310400265208, -8.68429775432444 ] } },
{ "type": "Feature", "properties": { "Satwil": "Polrestabes Medan", "country": "ID", "level": 2, "city": "Medan", "speedKMH": 21.08, "length": 824, "turnType": "NONE", "uuid": 1836156606, "endNode": "", "speed": 5.8555555555555552, "roadType": 6, "delay": 63, "street": "Prof HM Yamin", "id": 1836156606, "pubMillis": 1778208061574, "blockingAlertUuid": null, "startNode": null, "published_wib": "2026-05-08T09:41:01+07:00", "last_update": "2026-05-08T09:50:40+07:00" }, "geometry": { "type": "Point", "coordinates": [ 98.695538165174767, 3.598344407494472 ] } },
{ "type": "Feature", "properties": { "Satwil": "Polrestabes Bandung", "country": "ID", "level": 2, "city": "Bandung", "speedKMH": 19.05, "length": 1053, "turnType": "NONE", "uuid": 1836435106, "endNode": "", "speed": 5.291666666666667, "roadType": 2, "delay": 84, "street": "Ir Haji Juanda", "id": 1836435106, "pubMillis": 1778208446795, "blockingAlertUuid": null, "startNode": null, "published_wib": "2026-05-08T09:47:26+07:00", "last_update": "2026-05-08T09:50:40+07:00" }, "geometry": { "type": "Point", "coordinates": [ 107.616056332975901, -6.88110157206189 ] } },
{ "type": "Feature", "properties": { "Satwil": "Polda Bali", "country": "ID", "level": 1, "city": "Mendoyo", "speedKMH": 26.8, "length": 1990, "turnType": "NONE", "uuid": 1836507442, "endNode": null, "speed": 7.4444444444444446, "roadType": 6, "delay": 90, "street": "Jalan Raya Negara-Denpasar", "id": 1836507442, "pubMillis": 1778208544496, "blockingAlertUuid": null, "startNode": null, "published_wib": "2026-05-08T09:49:04+07:00", "last_update": "2026-05-08T10:50:40+08:00" }, "geometry": { "type": "Point", "coordinates": [ 114.698294460732413, -8.380767470155497 ] } },
{ "type": "Feature", "properties": { "Satwil": "Polda Bali", "country": "ID", "level": 3, "city": "Kuta Selatan", "speedKMH": 11.96, "length": 441, "turnType": "NONE", "uuid": 1836507430, "endNode": "", "speed": 3.3222222222222224, "roadType": 6, "delay": 61, "street": "I Gusti Ngurah Rai", "id": 1836507430, "pubMillis": 1778208544334, "blockingAlertUuid": null, "startNode": null, "published_wib": "2026-05-08T09:49:04+07:00", "last_update": "2026-05-08T10:50:40+08:00" }, "geometry": { "type": "Point", "coordinates": [ 115.214214591931523, -8.792010944930453 ] } },
{ "type": "Feature", "properties": { "Satwil": "Polda Bali", "country": "ID", "level": 3, "city": "Denpasar", "speedKMH": 16.0, "length": 2069, "turnType": "NONE", "uuid": 1835942148, "endNode": "WR Supratman", "speed": 4.4444444444444446, "roadType": 6, "delay": 292, "street": "Gatot Subroto Timur", "id": 1835942148, "pubMillis": 1778207864928, "blockingAlertUuid": null, "startNode": null, "published_wib": "2026-05-08T09:37:44+07:00", "last_update": "2026-05-08T10:50:40+08:00" }, "geometry": { "type": "Point", "coordinates": [ 115.246411598644016, -8.635477100631849 ] } },
{ "type": "Feature", "properties": { "Satwil": "Polda DI Yogyakarta", "country": "ID", "level": 2, "city": "Yogyakarta", "speedKMH": 21.01, "length": 1066, "turnType": "NONE", "uuid": 1836507642, "endNode": "Jalan Raya Magelang", "speed": 5.8361111111111112, "roadType": 7, "delay": 86, "street": "Jalan Raya Magelang", "id": 1836507642, "pubMillis": 1778208547442, "blockingAlertUuid": null, "startNode": null, "published_wib": "2026-05-08T09:49:07+07:00", "last_update": "2026-05-08T09:50:40+07:00" }, "geometry": { "type": "Point", "coordinates": [ 110.361070745272002, -7.776335369467439 ] } },
{ "type": "Feature", "properties": { "Satwil": "Polda DI Yogyakarta", "country": "ID", "level": 3, "city": "Kasihan", "speedKMH": 17.88, "length": 645, "turnType": "NONE", "uuid": 1836007934, "endNode": "Jalan Bantul", "speed": 4.9666666666666668, "roadType": 7, "delay": 81, "street": "Jalan Bantul", "id": 1836007934, "pubMillis": 1778207965879, "blockingAlertUuid": null, "startNode": null, "published_wib": "2026-05-08T09:39:25+07:00", "last_update": "2026-05-08T09:50:40+07:00" }, "geometry": { "type": "Point", "coordinates": [ 110.34390875603485, -7.847694213609986 ] } },
{ "type": "Feature", "properties": { "Satwil": "Polda DI Yogyakarta", "country": "ID", "level": 5, "city": "Yogyakarta", "speedKMH": 0.0, "length": 41, "turnType": "NONE", "uuid": 1834869184, "endNode": "Abu Bakar Ali", "speed": 0.0, "roadType": 7, "delay": -1, "street": "Jembatan Kewek", "id": 1834869184, "pubMillis": 1778206764668, "blockingAlertUuid": "19a5f36a-01e7-458c-bbd9-97c70dee96cc", "startNode": null, "published_wib": "2026-05-08T09:19:24+07:00", "last_update": "2026-05-08T09:50:40+07:00" }, "geometry": { "type": "Point", "coordinates": [ 110.368707, -7.7905575 ] } },
{ "type": "Feature", "properties": { "Satwil": "Polrestabes Bandung", "country": "ID", "level": 3, "city": "Bandung", "speedKMH": 9.0, "length": 461, "turnType": "NONE", "uuid": 1836114396, "endNode": "Gurame", "speed": 2.5, "roadType": 2, "delay": 117, "street": "Mohammad Ramdan", "id": 1836114396, "pubMillis": 1778208062139, "blockingAlertUuid": null, "startNode": null, "published_wib": "2026-05-08T09:41:02+07:00", "last_update": "2026-05-08T09:50:40+07:00" }, "geometry": { "type": "Point", "coordinates": [ 107.613490616480732, -6.93404147973265 ] } },
{ "type": "Feature", "properties": { "Satwil": "Polda Bali", "country": "ID", "level": 3, "city": "Gianyar", "speedKMH": 14.72, "length": 664, "turnType": "NONE", "uuid": 1836057036, "endNode": "", "speed": 4.0888888888888886, "roadType": 6, "delay": 90, "street": "Ngurah Rai", "id": 1836057036, "pubMillis": 1778207965200, "blockingAlertUuid": null, "startNode": null, "published_wib": "2026-05-08T09:39:25+07:00", "last_update": "2026-05-08T10:50:40+08:00" }, "geometry": { "type": "Point", "coordinates": [ 115.326159202939877, -8.541426556791164 ] } },
{ "type": "Feature", "properties": { "Satwil": "Polda DI Yogyakarta", "country": "ID", "level": 5, "city": "Kalasan", "speedKMH": 0.0, "length": 213, "turnType": "NONE", "uuid": 1834803646, "endNode": "Kalasan", "speed": 0.0, "roadType": 4, "delay": -1, "street": "", "id": 1834803646, "pubMillis": 1778206765064, "blockingAlertUuid": "4eb6cbc8-9a20-426d-8f17-9f2d6208541e", "startNode": "Kalasan", "published_wib": "2026-05-08T09:19:25+07:00", "last_update": "2026-05-08T09:50:40+07:00" }, "geometry": { "type": "Point", "coordinates": [ 110.46395698525177, -7.772440947486888 ] } },
{ "type": "Feature", "properties": { "Satwil": "Polrestabes Medan", "country": "ID", "level": 2, "city": "Medan", "speedKMH": 16.33, "length": 1081, "turnType": "NONE", "uuid": 1836564596, "endNode": "AR Hakim", "speed": 4.5361111111111114, "roadType": 2, "delay": 138, "street": "Wahidin", "id": 1836564596, "pubMillis": 1778208544160, "blockingAlertUuid": null, "startNode": null, "published_wib": "2026-05-08T09:49:04+07:00", "last_update": "2026-05-08T09:50:40+07:00" }, "geometry": { "type": "Point", "coordinates": [ 98.701166453650359, 3.588604229592685 ] } },
{ "type": "Feature", "properties": { "Satwil": "Polrestabes Bandung", "country": "ID", "level": 2, "city": "Bandung", "speedKMH": 8.7, "length": 441, "turnType": "NONE", "uuid": 1836064866, "endNode": "Prof Eyckman", "speed": 2.4166666666666665, "roadType": 1, "delay": 119, "street": "Jalan Rumah Sakit", "id": 1836064866, "pubMillis": 1778207965195, "blockingAlertUuid": null, "startNode": null, "published_wib": "2026-05-08T09:39:25+07:00", "last_update": "2026-05-08T09:50:40+07:00" }, "geometry": { "type": "Point", "coordinates": [ 107.599305, -6.898169 ] } },
{ "type": "Feature", "properties": { "Satwil": "Polda DI Yogyakarta", "country": "ID", "level": 5, "city": "Yogyakarta", "speedKMH": 0.0, "length": 46, "turnType": "NONE", "uuid": 1834803218, "endNode": "Jembatan Kewek", "speed": 0.0, "roadType": 7, "delay": -1, "street": "Abu Bakar Ali", "id": 1834803218, "pubMillis": 1778206762965, "blockingAlertUuid": "45ce9d1f-7cfe-46c8-9ef4-63ecadafd778", "startNode": null, "published_wib": "2026-05-08T09:19:22+07:00", "last_update": "2026-05-08T09:50:40+07:00" }, "geometry": { "type": "Point", "coordinates": [ 110.368964708332157, -7.790329050177118 ] } },
{ "type": "Feature", "properties": { "Satwil": "Polrestabes Bandung", "country": "ID", "level": 2, "city": "Bandung", "speedKMH": 16.11, "length": 794, "turnType": "NONE", "uuid": 1836400844, "endNode": "Pungkur", "speed": 4.475, "roadType": 7, "delay": 81, "street": "Lengkong Besar", "id": 1836400844, "pubMillis": 1778208352150, "blockingAlertUuid": null, "startNode": null, "published_wib": "2026-05-08T09:45:52+07:00", "last_update": "2026-05-08T09:50:40+07:00" }, "geometry": { "type": "Point", "coordinates": [ 107.613062912413568, -6.927858013171162 ] } },
{ "type": "Feature", "properties": { "Satwil": "Polda Bali", "country": "ID", "level": 2, "city": "Kuta Utara", "speedKMH": 17.71, "length": 684, "turnType": "NONE", "uuid": 1836564670, "endNode": "Jalan Raya Kerobokan", "speed": 4.9194444444444443, "roadType": 7, "delay": 71, "street": "Jalan Gunung Sanghyang", "id": 1836564670, "pubMillis": 1778208544990, "blockingAlertUuid": null, "startNode": null, "published_wib": "2026-05-08T09:49:04+07:00", "last_update": "2026-05-08T10:50:40+08:00" }, "geometry": { "type": "Point", "coordinates": [ 115.175738528510408, -8.646922848832002 ] } },
{ "type": "Feature", "properties": { "Satwil": "Polrestabes Bandung", "country": "ID", "level": 1, "city": "Bandung", "speedKMH": 19.53, "length": 1016, "turnType": "NONE", "uuid": 1836187820, "endNode": "Bukit Indah", "speed": 5.425, "roadType": 2, "delay": 73, "street": "Ciumbuleuit", "id": 1836187820, "pubMillis": 1778208159034, "blockingAlertUuid": null, "startNode": null, "published_wib": "2026-05-08T09:42:39+07:00", "last_update": "2026-05-08T09:50:40+07:00" }, "geometry": { "type": "Point", "coordinates": [ 107.603676326074691, -6.878753217631929 ] } },
{ "type": "Feature", "properties": { "Satwil": "Polda DI Yogyakarta", "country": "ID", "level": 1, "city": "Kalasan", "speedKMH": 40.82, "length": 2099, "turnType": "NONE", "uuid": 1836564608, "endNode": "Mangunan", "speed": 11.338888888888889, "roadType": 6, "delay": 60, "street": "Jalan Raya Yogyakarta-Prambanan", "id": 1836564608, "pubMillis": 1778208544382, "blockingAlertUuid": null, "startNode": null, "published_wib": "2026-05-08T09:49:04+07:00", "last_update": "2026-05-08T09:50:40+07:00" }, "geometry": { "type": "Point", "coordinates": [ 110.465361334508898, -7.773610956099271 ] } },
{ "type": "Feature", "properties": { "Satwil": "Polda Bali", "country": "ID", "level": 3, "city": "Denpasar", "speedKMH": 9.63, "length": 866, "turnType": "NONE", "uuid": 1835942036, "endNode": "Gatot Subroto Tengah", "speed": 2.675, "roadType": 6, "delay": 245, "street": "HOS Cokroaminoto", "id": 1835942036, "pubMillis": 1778207863892, "blockingAlertUuid": null, "startNode": null, "published_wib": "2026-05-08T09:37:43+07:00", "last_update": "2026-05-08T10:50:40+08:00" }, "geometry": { "type": "Point", "coordinates": [ 115.209285045330773, -8.643318439131914 ] } },
{ "type": "Feature", "properties": { "Satwil": "Polda DI Yogyakarta", "country": "ID", "level": 5, "city": "Kalasan", "speedKMH": 0.0, "length": 144, "turnType": "NONE", "uuid": 1834804052, "endNode": "Kadirojo", "speed": 0.0, "roadType": 1, "delay": -1, "street": "Selokan Mataram", "id": 1834804052, "pubMillis": 1778206767480, "blockingAlertUuid": "e26307c8-f53b-4ad6-82df-c01befa61af4", "startNode": null, "published_wib": "2026-05-08T09:19:27+07:00", "last_update": "2026-05-08T09:50:40+07:00" }, "geometry": { "type": "Point", "coordinates": [ 110.444551, -7.771195 ] } },
{ "type": "Feature", "properties": { "Satwil": "Polrestabes Bandung", "country": "ID", "level": 2, "city": "Bandung", "speedKMH": 8.64, "length": 313, "turnType": "NONE", "uuid": 1836335968, "endNode": null, "speed": 2.4, "roadType": 2, "delay": 63, "street": "Cingised", "id": 1836335968, "pubMillis": 1778208351612, "blockingAlertUuid": null, "startNode": null, "published_wib": "2026-05-08T09:45:51+07:00", "last_update": "2026-05-08T09:50:40+07:00" }, "geometry": { "type": "Point", "coordinates": [ 107.675110174695504, -6.928852560973104 ] } },
{ "type": "Feature", "properties": { "Satwil": "Polda DI Yogyakarta", "country": "ID", "level": 2, "city": "Godean", "speedKMH": 30.01, "length": 3189, "turnType": "NONE", "uuid": 1836335926, "endNode": null, "speed": 8.3361111111111104, "roadType": 7, "delay": 126, "street": "Jalan Godean", "id": 1836335926, "pubMillis": 1778208351262, "blockingAlertUuid": null, "startNode": null, "published_wib": "2026-05-08T09:45:51+07:00", "last_update": "2026-05-08T09:50:40+07:00" }, "geometry": { "type": "Point", "coordinates": [ 110.29941327963347, -7.769173755133807 ] } },
{ "type": "Feature", "properties": { "Satwil": "Polda DI Yogyakarta", "country": "ID", "level": 2, "city": "Depok (Sleman)", "speedKMH": 27.12, "length": 1661, "turnType": "NONE", "uuid": 1836163860, "endNode": "Prof Mukti Ali", "speed": 7.5333333333333332, "roadType": 7, "delay": 87, "street": "Laksda Adisucipto", "id": 1836163860, "pubMillis": 1778208158151, "blockingAlertUuid": null, "startNode": null, "published_wib": "2026-05-08T09:42:38+07:00", "last_update": "2026-05-08T09:50:40+07:00" }, "geometry": { "type": "Point", "coordinates": [ 110.402642591819188, -7.783294194175327 ] } },
{ "type": "Feature", "properties": { "Satwil": "Polrestabes Medan", "country": "ID", "level": 3, "city": "Medan", "speedKMH": 14.91, "length": 1125, "turnType": "NONE", "uuid": 1836000226, "endNode": "N1 AH Nasution", "speed": 4.1416666666666666, "roadType": 6, "delay": 194, "street": "N1 Sisingamangaraja", "id": 1836000226, "pubMillis": 1778207865614, "blockingAlertUuid": null, "startNode": null, "published_wib": "2026-05-08T09:37:45+07:00", "last_update": "2026-05-08T09:50:40+07:00" }, "geometry": { "type": "Point", "coordinates": [ 98.706523351210052, 3.538014003908452 ] } },
{ "type": "Feature", "properties": { "Satwil": "Polda Bali", "country": "ID", "level": 2, "city": "Kuta", "speedKMH": 13.66, "length": 580, "turnType": "NONE", "uuid": 1836557304, "endNode": null, "speed": 3.7944444444444443, "roadType": 7, "delay": 72, "street": "Kartika Plaza", "id": 1836557304, "pubMillis": 1778208544027, "blockingAlertUuid": null, "startNode": null, "published_wib": "2026-05-08T09:49:04+07:00", "last_update": "2026-05-08T10:50:40+08:00" }, "geometry": { "type": "Point", "coordinates": [ 115.167380978382752, -8.734768294636137 ] } },
{ "type": "Feature", "properties": { "Satwil": "Polda Bali", "country": "ID", "level": 4, "city": "Denpasar", "speedKMH": 5.33, "length": 179, "turnType": "NONE", "uuid": 1836164012, "endNode": null, "speed": 1.4805555555555556, "roadType": 2, "delay": 98, "street": "Tukad Badung", "id": 1836164012, "pubMillis": 1778208159791, "blockingAlertUuid": null, "startNode": null, "published_wib": "2026-05-08T09:42:39+07:00", "last_update": "2026-05-08T10:50:40+08:00" }, "geometry": { "type": "Point", "coordinates": [ 115.238052956102337, -8.690196001160365 ] } },
{ "type": "Feature", "properties": { "Satwil": "Polrestabes Medan", "country": "ID", "level": 3, "city": "Medan", "speedKMH": 12.38, "length": 532, "turnType": "NONE", "uuid": 1836393060, "endNode": "Jalan Gunung Mahameru", "speed": 3.4388888888888891, "roadType": 2, "delay": 103, "street": "Jalan Gunung Krakatau", "id": 1836393060, "pubMillis": 1778208352254, "blockingAlertUuid": null, "startNode": null, "published_wib": "2026-05-08T09:45:52+07:00", "last_update": "2026-05-08T09:50:40+07:00" }, "geometry": { "type": "Point", "coordinates": [ 98.680573783891901, 3.614445939135234 ] } },
{ "type": "Feature", "properties": { "Satwil": "Polrestabes Bandung", "country": "ID", "level": 2, "city": "Bandung", "speedKMH": 19.93, "length": 1066, "turnType": "NONE", "uuid": 1834959376, "endNode": "", "speed": 5.5361111111111114, "roadType": 6, "delay": 99, "street": "Soekarno-Hatta", "id": 1834959376, "pubMillis": 1778206864404, "blockingAlertUuid": null, "startNode": null, "published_wib": "2026-05-08T09:21:04+07:00", "last_update": "2026-05-08T09:50:40+07:00" }, "geometry": { "type": "Point", "coordinates": [ 107.574679959501736, -6.922202239539573 ] } },
{ "type": "Feature", "properties": { "Satwil": "Polrestabes Bandung", "country": "ID", "level": 2, "city": "Bandung", "speedKMH": 22.56, "length": 1367, "turnType": "NONE", "uuid": 1836499702, "endNode": "Dr Setiabudi", "speed": 6.2666666666666666, "roadType": 7, "delay": 90, "street": "Sukajadi", "id": 1836499702, "pubMillis": 1778208544777, "blockingAlertUuid": null, "startNode": null, "published_wib": "2026-05-08T09:49:04+07:00", "last_update": "2026-05-08T09:50:40+07:00" }, "geometry": { "type": "Point", "coordinates": [ 107.596417286810109, -6.881607785136087 ] } },
{ "type": "Feature", "properties": { "Satwil": "Polda DI Yogyakarta", "country": "ID", "level": 5, "city": "Kalasan", "speedKMH": 0.0, "length": 366, "turnType": "NONE", "uuid": 1834861264, "endNode": null, "speed": 0.0, "roadType": 1, "delay": -1, "street": "Selokan Mataram", "id": 1834861264, "pubMillis": 1778206763464, "blockingAlertUuid": "32d8226f-95a1-4f66-9c5c-4ecba29baf5e", "startNode": null, "published_wib": "2026-05-08T09:19:23+07:00", "last_update": "2026-05-08T09:50:40+07:00" }, "geometry": { "type": "Point", "coordinates": [ 110.450561836776146, -7.77084163638767 ] } },
{ "type": "Feature", "properties": { "Satwil": "Polda DI Yogyakarta", "country": "ID", "level": 5, "city": "Kalasan", "speedKMH": 0.0, "length": 366, "turnType": "NONE", "uuid": 1834861262, "endNode": "", "speed": 0.0, "roadType": 1, "delay": -1, "street": "Selokan Mataram", "id": 1834861262, "pubMillis": 1778206763463, "blockingAlertUuid": "6e1175a4-a4f6-43b8-b7cc-a731df053b53", "startNode": null, "published_wib": "2026-05-08T09:19:23+07:00", "last_update": "2026-05-08T09:50:40+07:00" }, "geometry": { "type": "Point", "coordinates": [ 110.450561836776146, -7.77084163638767 ] } },
{ "type": "Feature", "properties": { "Satwil": "Polda Bali", "country": "ID", "level": 2, "city": "Mengwi", "speedKMH": 16.11, "length": 856, "turnType": "NONE", "uuid": 1836499676, "endNode": "Jalan Raya Canggu", "speed": 4.475, "roadType": 7, "delay": 105, "street": "Jalan Bypass Munggu", "id": 1836499676, "pubMillis": 1778208544576, "blockingAlertUuid": null, "startNode": null, "published_wib": "2026-05-08T09:49:04+07:00", "last_update": "2026-05-08T10:50:40+08:00" }, "geometry": { "type": "Point", "coordinates": [ 115.119311638162941, -8.621671952524078 ] } },
{ "type": "Feature", "properties": { "Satwil": "Polda Bali", "country": "ID", "level": 2, "city": "Denpasar", "speedKMH": 21.94, "length": 1730, "turnType": "NONE", "uuid": 1836499672, "endNode": "Kamboja", "speed": 6.0944444444444441, "roadType": 2, "delay": 122, "street": "WR Supratman", "id": 1836499672, "pubMillis": 1778208544552, "blockingAlertUuid": null, "startNode": null, "published_wib": "2026-05-08T09:49:04+07:00", "last_update": "2026-05-08T10:50:40+08:00" }, "geometry": { "type": "Point", "coordinates": [ 115.233679749257874, -8.648661734754459 ] } },
{ "type": "Feature", "properties": { "Satwil": "Polda DI Yogyakarta", "country": "ID", "level": 2, "city": "Jetis (Bantul)", "speedKMH": 18.67, "length": 1184, "turnType": "NONE", "uuid": 1836106444, "endNode": "Jalan Bantul-Imogiri", "speed": 5.1861111111111109, "roadType": 7, "delay": 75, "street": "Imogiri Barat", "id": 1836106444, "pubMillis": 1778208061411, "blockingAlertUuid": null, "startNode": null, "published_wib": "2026-05-08T09:41:01+07:00", "last_update": "2026-05-08T09:50:40+07:00" }, "geometry": { "type": "Point", "coordinates": [ 110.373458183662692, -7.891970120310966 ] } },
{ "type": "Feature", "properties": { "Satwil": "Polda Bali", "country": "ID", "level": 2, "city": "Kuta Selatan", "speedKMH": 21.34, "length": 895, "turnType": "NONE", "uuid": 1836499634, "endNode": null, "speed": 5.927777777777778, "roadType": 2, "delay": 65, "street": "Uluwatu 1", "id": 1836499634, "pubMillis": 1778208544076, "blockingAlertUuid": null, "startNode": null, "published_wib": "2026-05-08T09:49:04+07:00", "last_update": "2026-05-08T10:50:40+08:00" }, "geometry": { "type": "Point", "coordinates": [ 115.171846615691038, -8.77460517434919 ] } },
{ "type": "Feature", "properties": { "Satwil": "Polda Bali", "country": "ID", "level": 3, "city": "Denpasar", "speedKMH": 9.14, "length": 759, "turnType": "NONE", "uuid": 1836014946, "endNode": "Jalan Pulau Bungin", "speed": 2.5388888888888888, "roadType": 2, "delay": 207, "street": "Jalan Pulau Kawe", "id": 1836014946, "pubMillis": 1778207965240, "blockingAlertUuid": null, "startNode": null, "published_wib": "2026-05-08T09:39:25+07:00", "last_update": "2026-05-08T10:50:40+08:00" }, "geometry": { "type": "Point", "coordinates": [ 115.207131238461685, -8.681323310198879 ] } },
{ "type": "Feature", "properties": { "Satwil": "Polrestabes Bandung", "country": "ID", "level": 3, "city": "Bandung", "speedKMH": 8.14, "length": 1125, "turnType": "NONE", "uuid": 1836080420, "endNode": "", "speed": 2.2611111111111111, "roadType": 2, "delay": 376, "street": "Holis", "id": 1836080420, "pubMillis": 1778207965954, "blockingAlertUuid": null, "startNode": null, "published_wib": "2026-05-08T09:39:25+07:00", "last_update": "2026-05-08T09:50:40+07:00" }, "geometry": { "type": "Point", "coordinates": [ 107.570027759669003, -6.937620801179105 ] } },
{ "type": "Feature", "properties": { "Satwil": "Polrestabes Bandung", "country": "ID", "level": 2, "city": "Bandung", "speedKMH": 22.52, "length": 1007, "turnType": "NONE", "uuid": 1835785684, "endNode": "Garuda", "speed": 6.2555555555555555, "roadType": 6, "delay": 68, "street": "Rajawali Barat", "id": 1835785684, "pubMillis": 1778207668397, "blockingAlertUuid": null, "startNode": null, "published_wib": "2026-05-08T09:34:28+07:00", "last_update": "2026-05-08T09:50:40+07:00" }, "geometry": { "type": "Point", "coordinates": [ 107.573289739084899, -6.912176796312955 ] } },
{ "type": "Feature", "properties": { "Satwil": "Polrestabes Bandung", "country": "ID", "level": 3, "city": "Bandung", "speedKMH": 9.55, "length": 528, "turnType": "NONE", "uuid": 1836244390, "endNode": "BKR", "speed": 2.6527777777777777, "roadType": 7, "delay": 123, "street": "Peta", "id": 1836244390, "pubMillis": 1778208158469, "blockingAlertUuid": null, "startNode": null, "published_wib": "2026-05-08T09:42:38+07:00", "last_update": "2026-05-08T09:50:40+07:00" }, "geometry": { "type": "Point", "coordinates": [ 107.603410340746066, -6.937262442380814 ] } },
{ "type": "Feature", "properties": { "Satwil": "Polrestabes Bandung", "country": "ID", "level": 2, "city": "Bandung", "speedKMH": 17.04, "length": 1531, "turnType": "NONE", "uuid": 1836465554, "endNode": "Surapati", "speed": 4.7333333333333334, "roadType": 6, "delay": 158, "street": "PHH Mustofa", "id": 1836465554, "pubMillis": 1778208446870, "blockingAlertUuid": null, "startNode": null, "published_wib": "2026-05-08T09:47:26+07:00", "last_update": "2026-05-08T09:50:40+07:00" }, "geometry": { "type": "Point", "coordinates": [ 107.640908224760693, -6.899372235844116 ] } },
{ "type": "Feature", "properties": { "Satwil": "Polrestabes Bandung", "country": "ID", "level": 3, "city": "Bandung", "speedKMH": 13.05, "length": 576, "turnType": "NONE", "uuid": 1834892294, "endNode": "Astana Anyar", "speed": 3.625, "roadType": 7, "delay": 69, "street": "Jenderal Sudirman", "id": 1834892294, "pubMillis": 1778206761643, "blockingAlertUuid": null, "startNode": null, "published_wib": "2026-05-08T09:19:21+07:00", "last_update": "2026-05-08T09:50:40+07:00" }, "geometry": { "type": "Point", "coordinates": [ 107.600932454371531, -6.920411759551873 ] } },
{ "type": "Feature", "properties": { "Satwil": "Polda Bali", "country": "ID", "level": 4, "city": "Denpasar", "speedKMH": 5.35, "length": 333, "turnType": "NONE", "uuid": 1835908276, "endNode": null, "speed": 1.4861111111111112, "roadType": 7, "delay": 193, "street": "Teuku Umar", "id": 1835908276, "pubMillis": 1778207766062, "blockingAlertUuid": null, "startNode": null, "published_wib": "2026-05-08T09:36:06+07:00", "last_update": "2026-05-08T10:50:40+08:00" }, "geometry": { "type": "Point", "coordinates": [ 115.199586210016577, -8.681262027793439 ] } },
{ "type": "Feature", "properties": { "Satwil": "Polrestabes Medan", "country": "ID", "level": 3, "city": "Medan", "speedKMH": 13.44, "length": 704, "turnType": "NONE", "uuid": 1836080284, "endNode": "PWS", "speed": 3.7333333333333334, "roadType": 6, "delay": 124, "street": "Jenderal Gatot Subroto", "id": 1836080284, "pubMillis": 1778207964855, "blockingAlertUuid": null, "startNode": null, "published_wib": "2026-05-08T09:39:24+07:00", "last_update": "2026-05-08T09:50:40+07:00" }, "geometry": { "type": "Point", "coordinates": [ 98.654927878601768, 3.590246105497116 ] } },
{ "type": "Feature", "properties": { "Satwil": "Polrestabes Bandung", "country": "ID", "level": 2, "city": "Bandung", "speedKMH": 14.27, "length": 1330, "turnType": "NONE", "uuid": 1836121950, "endNode": null, "speed": 3.963888888888889, "roadType": 7, "delay": 177, "street": "KH Wahid Hasyim", "id": 1836121950, "pubMillis": 1778208061952, "blockingAlertUuid": null, "startNode": null, "published_wib": "2026-05-08T09:41:01+07:00", "last_update": "2026-05-08T09:50:40+07:00" }, "geometry": { "type": "Point", "coordinates": [ 107.587762242044136, -6.948495787126094 ] } },
{ "type": "Feature", "properties": { "Satwil": "Polda Bali", "country": "ID", "level": 3, "city": "Kuta", "speedKMH": 9.52, "length": 561, "turnType": "NONE", "uuid": 1836121896, "endNode": "Sriwijaya", "speed": 2.6444444444444444, "roadType": 2, "delay": 134, "street": "Melasti", "id": 1836121896, "pubMillis": 1778208061425, "blockingAlertUuid": null, "startNode": null, "published_wib": "2026-05-08T09:41:01+07:00", "last_update": "2026-05-08T10:50:40+08:00" }, "geometry": { "type": "Point", "coordinates": [ 115.169380342274934, -8.708765913449422 ] } },
{ "type": "Feature", "properties": { "Satwil": "Polrestabes Bandung", "country": "ID", "level": 2, "city": "Bandung", "speedKMH": 29.22, "length": 1542, "turnType": "NONE", "uuid": 1835777800, "endNode": "Prof Mochtar Kusumaatmadja", "speed": 8.1166666666666671, "roadType": 6, "delay": 76, "street": "Dr Djundjunan", "id": 1835777800, "pubMillis": 1778207668752, "blockingAlertUuid": null, "startNode": null, "published_wib": "2026-05-08T09:34:28+07:00", "last_update": "2026-05-08T09:50:40+07:00" }, "geometry": { "type": "Point", "coordinates": [ 107.587507561874588, -6.894240393483773 ] } },
{ "type": "Feature", "properties": { "Satwil": "Polda DI Yogyakarta", "country": "ID", "level": 3, "city": "Depok (Sleman)", "speedKMH": 13.23, "length": 583, "turnType": "NONE", "uuid": 1836572440, "endNode": "Nologaten", "speed": 3.675, "roadType": 2, "delay": 81, "street": "KH Wahid Hasyim", "id": 1836572440, "pubMillis": 1778208545023, "blockingAlertUuid": null, "startNode": null, "published_wib": "2026-05-08T09:49:05+07:00", "last_update": "2026-05-08T09:50:40+07:00" }, "geometry": { "type": "Point", "coordinates": [ 110.40195012381912, -7.770108053086129 ] } },
{ "type": "Feature", "properties": { "Satwil": "Polrestabes Bandung", "country": "ID", "level": 2, "city": "Bandung", "speedKMH": 15.86, "length": 986, "turnType": "NONE", "uuid": 1835835374, "endNode": "Veteran", "speed": 4.4055555555555559, "roadType": 2, "delay": 70, "street": "Naripan", "id": 1835835374, "pubMillis": 1778207766032, "blockingAlertUuid": null, "startNode": null, "published_wib": "2026-05-08T09:36:06+07:00", "last_update": "2026-05-08T09:50:40+07:00" }, "geometry": { "type": "Point", "coordinates": [ 107.613374995345978, -6.920373588018414 ] } },
{ "type": "Feature", "properties": { "Satwil": "Polrestabes Bandung", "country": "ID", "level": 2, "city": "Bandung", "speedKMH": 12.67, "length": 1082, "turnType": "NONE", "uuid": 1836122046, "endNode": "Cigondewah Rahayu", "speed": 3.5194444444444444, "roadType": 2, "delay": 137, "street": "Holis", "id": 1836122046, "pubMillis": 1778208063364, "blockingAlertUuid": null, "startNode": null, "published_wib": "2026-05-08T09:41:03+07:00", "last_update": "2026-05-08T09:50:40+07:00" }, "geometry": { "type": "Point", "coordinates": [ 107.56831448810604, -6.940298604416022 ] } },
{ "type": "Feature", "properties": { "Satwil": "Polrestabes Bandung", "country": "ID", "level": 4, "city": "Bandung", "speedKMH": 14.28, "length": 554, "turnType": "NONE", "uuid": 1834966548, "endNode": "Dr Djundjunan", "speed": 3.9666666666666668, "roadType": 6, "delay": 73, "street": "HOS Cokroaminoto", "id": 1834966548, "pubMillis": 1778206864550, "blockingAlertUuid": null, "startNode": null, "published_wib": "2026-05-08T09:21:04+07:00", "last_update": "2026-05-08T09:50:40+07:00" }, "geometry": { "type": "Point", "coordinates": [ 107.597483168679375, -6.902900298493541 ] } },
{ "type": "Feature", "properties": { "Satwil": "Polda DI Yogyakarta", "country": "ID", "level": 4, "city": "Gamping", "speedKMH": 7.74, "length": 296, "turnType": "NONE", "uuid": 1836465710, "endNode": "Arah Godean/Samigaluh/Muntilan", "speed": 2.15, "roadType": 6, "delay": 105, "street": "Siliwangi", "id": 1836465710, "pubMillis": 1778208449035, "blockingAlertUuid": null, "startNode": null, "published_wib": "2026-05-08T09:47:29+07:00", "last_update": "2026-05-08T09:50:40+07:00" }, "geometry": { "type": "Point", "coordinates": [ 110.331382426972581, -7.778952033096183 ] } },
{ "type": "Feature", "properties": { "Satwil": "Polrestabes Medan", "country": "ID", "level": 1, "city": "Medan", "speedKMH": 32.95, "length": 2148, "turnType": "NONE", "uuid": 1836523022, "endNode": "N1 Under Pass AH Nasution", "speed": 9.1527777777777786, "roadType": 6, "delay": 67, "street": "N1 AH Nasution", "id": 1836523022, "pubMillis": 1778208544531, "blockingAlertUuid": null, "startNode": null, "published_wib": "2026-05-08T09:49:04+07:00", "last_update": "2026-05-08T09:50:40+07:00" }, "geometry": { "type": "Point", "coordinates": [ 98.667120803659046, 3.541958069461662 ] } },
{ "type": "Feature", "properties": { "Satwil": "Polrestabes Bandung", "country": "ID", "level": 5, "city": "Bandung", "speedKMH": 0.0, "length": 422, "turnType": "NONE", "uuid": 1834884816, "endNode": "Polisi Militer", "speed": 0.0, "roadType": 1, "delay": -1, "street": "Ajudan Jenderal", "id": 1834884816, "pubMillis": 1778206763706, "blockingAlertUuid": "796dea53-afb7-48c6-80a4-4b29bd4aed3e", "startNode": null, "published_wib": "2026-05-08T09:19:23+07:00", "last_update": "2026-05-08T09:50:40+07:00" }, "geometry": { "type": "Point", "coordinates": [ 107.58360789393214, -6.867485043006906 ] } },
{ "type": "Feature", "properties": { "Satwil": "Polda Bali", "country": "ID", "level": 4, "city": "Kuta Utara", "speedKMH": 1.96, "length": 386, "turnType": "NONE", "uuid": 1829600898, "endNode": "Jalan Tangkuban Perahu", "speed": 0.5444444444444444, "roadType": 2, "delay": 666, "street": "Mertanadi", "id": 1829600898, "pubMillis": 1778202635230, "blockingAlertUuid": null, "startNode": null, "published_wib": "2026-05-08T08:10:35+07:00", "last_update": "2026-05-08T10:50:40+08:00" }, "geometry": { "type": "Point", "coordinates": [ 115.167208735604518, -8.673869755630173 ] } },
{ "type": "Feature", "properties": { "Satwil": "Polda Bali", "country": "ID", "level": 2, "city": "Kuta", "speedKMH": 12.27, "length": 1112, "turnType": "NONE", "uuid": 1836408512, "endNode": "Nakula", "speed": 3.4083333333333332, "roadType": 2, "delay": 182, "street": "Legian", "id": 1836408512, "pubMillis": 1778208351818, "blockingAlertUuid": null, "startNode": null, "published_wib": "2026-05-08T09:45:51+07:00", "last_update": "2026-05-08T10:50:40+08:00" }, "geometry": { "type": "Point", "coordinates": [ 115.170887754129964, -8.704851297819124 ] } },
{ "type": "Feature", "properties": { "Satwil": "Polrestabes Medan", "country": "ID", "level": 1, "city": "Medan", "speedKMH": 26.94, "length": 1941, "turnType": "NONE", "uuid": 1836572342, "endNode": null, "speed": 7.4833333333333334, "roadType": 7, "delay": 87, "street": "Sisingamangaraja", "id": 1836572342, "pubMillis": 1778208544438, "blockingAlertUuid": null, "startNode": null, "published_wib": "2026-05-08T09:49:04+07:00", "last_update": "2026-05-08T09:50:40+07:00" }, "geometry": { "type": "Point", "coordinates": [ 98.694713502144424, 3.55741728567435 ] } },
{ "type": "Feature", "properties": { "Satwil": "Polda Bali", "country": "ID", "level": 3, "city": "Denpasar", "speedKMH": 17.63, "length": 1493, "turnType": "NONE", "uuid": 1836293818, "endNode": "Mahendradatta", "speed": 4.8972222222222221, "roadType": 6, "delay": 190, "street": "Cargo Permai", "id": 1836293818, "pubMillis": 1778208255856, "blockingAlertUuid": null, "startNode": null, "published_wib": "2026-05-08T09:44:15+07:00", "last_update": "2026-05-08T10:50:40+08:00" }, "geometry": { "type": "Point", "coordinates": [ 115.19621128708205, -8.628862163551011 ] } },
{ "type": "Feature", "properties": { "Satwil": "Polda Bali", "country": "ID", "level": 3, "city": "Blahbatuh", "speedKMH": 5.8, "length": 316, "turnType": "NONE", "uuid": 1836408476, "endNode": "Jalan Pantai Saba", "speed": 1.6111111111111112, "roadType": 2, "delay": 131, "street": "Jalan Raya Tojan", "id": 1836408476, "pubMillis": 1778208351440, "blockingAlertUuid": null, "startNode": null, "published_wib": "2026-05-08T09:45:51+07:00", "last_update": "2026-05-08T10:50:40+08:00" }, "geometry": { "type": "Point", "coordinates": [ 115.304647956805354, -8.574152153489251 ] } },
{ "type": "Feature", "properties": { "Satwil": "Polda DI Yogyakarta", "country": "ID", "level": 2, "city": "Ngaglik", "speedKMH": 22.49, "length": 1365, "turnType": "NONE", "uuid": 1836480878, "endNode": "Padjajaran", "speed": 6.2472222222222218, "roadType": 7, "delay": 97, "street": "Palagan Tentara Pelajar", "id": 1836480878, "pubMillis": 1778208447085, "blockingAlertUuid": null, "startNode": null, "published_wib": "2026-05-08T09:47:27+07:00", "last_update": "2026-05-08T09:50:40+07:00" }, "geometry": { "type": "Point", "coordinates": [ 110.374233254756106, -7.743334784857527 ] } },
{ "type": "Feature", "properties": { "Satwil": "Polrestabes Bandung", "country": "ID", "level": 1, "city": "Bandung", "speedKMH": 13.14, "length": 654, "turnType": "NONE", "uuid": 1836317012, "endNode": "Sirnagalih", "speed": 3.65, "roadType": 1, "delay": 67, "street": "Padasuka", "id": 1836317012, "pubMillis": 1778208256065, "blockingAlertUuid": null, "startNode": null, "published_wib": "2026-05-08T09:44:16+07:00", "last_update": "2026-05-08T09:50:40+07:00" }, "geometry": { "type": "Point", "coordinates": [ 107.654279395895998, -6.899033788430878 ] } },
{ "type": "Feature", "properties": { "Satwil": "Polda DI Yogyakarta", "country": "ID", "level": 4, "city": "Yogyakarta", "speedKMH": 3.11, "length": 222, "turnType": "NONE", "uuid": 1836202296, "endNode": null, "speed": 0.86388888888888893, "roadType": 7, "delay": 227, "street": "Margo Utomo", "id": 1836202296, "pubMillis": 1778208160197, "blockingAlertUuid": null, "startNode": null, "published_wib": "2026-05-08T09:42:40+07:00", "last_update": "2026-05-08T09:50:40+07:00" }, "geometry": { "type": "Point", "coordinates": [ 110.366873730452127, -7.784489216750348 ] } },
{ "type": "Feature", "properties": { "Satwil": "Polrestabes Bandung", "country": "ID", "level": 3, "city": "Bandung", "speedKMH": 6.11, "length": 392, "turnType": "NONE", "uuid": 1835440440, "endNode": "Lembong", "speed": 1.6972222222222222, "roadType": 2, "delay": 139, "street": "Braga", "id": 1835440440, "pubMillis": 1778207272016, "blockingAlertUuid": null, "startNode": null, "published_wib": "2026-05-08T09:27:52+07:00", "last_update": "2026-05-08T09:50:40+07:00" }, "geometry": { "type": "Point", "coordinates": [ 107.609478323863854, -6.91801508583856 ] } },
{ "type": "Feature", "properties": { "Satwil": "Polda Bali", "country": "ID", "level": 3, "city": "Kuta Utara", "speedKMH": 11.48, "length": 396, "turnType": "NONE", "uuid": 1836259600, "endNode": null, "speed": 3.1888888888888891, "roadType": 2, "delay": 84, "street": "Jalan Pantai Berawa", "id": 1836259600, "pubMillis": 1778208255947, "blockingAlertUuid": null, "startNode": null, "published_wib": "2026-05-08T09:44:15+07:00", "last_update": "2026-05-08T10:50:40+08:00" }, "geometry": { "type": "Point", "coordinates": [ 115.1538012021404, -8.643857188984647 ] } },
{ "type": "Feature", "properties": { "Satwil": "Polda DI Yogyakarta", "country": "ID", "level": 5, "city": "Kalasan", "speedKMH": 0.0, "length": 386, "turnType": "NONE", "uuid": 1834826114, "endNode": "Jalan Raya Yogyakarta-Prambanan", "speed": 0.0, "roadType": 4, "delay": -1, "street": "", "id": 1834826114, "pubMillis": 1778206761077, "blockingAlertUuid": "e7fa959a-a310-47a7-b8b6-55f7b3d2c0b4", "startNode": null, "published_wib": "2026-05-08T09:19:21+07:00", "last_update": "2026-05-08T09:50:40+07:00" }, "geometry": { "type": "Point", "coordinates": [ 110.464694237773017, -7.772230188436525 ] } },
{ "type": "Feature", "properties": { "Satwil": "Polda Bali", "country": "ID", "level": 2, "city": "Kuta", "speedKMH": 25.92, "length": 1617, "turnType": "NONE", "uuid": 1832966256, "endNode": "I Gusti Ngurah Rai", "speed": 7.2, "roadType": 6, "delay": 115, "street": "Jalan Bypass Ngurah Rai", "id": 1832966256, "pubMillis": 1778205110225, "blockingAlertUuid": null, "startNode": null, "published_wib": "2026-05-08T08:51:50+07:00", "last_update": "2026-05-08T10:50:40+08:00" }, "geometry": { "type": "Point", "coordinates": [ 115.180606294821217, -8.753990245920217 ] } },
{ "type": "Feature", "properties": { "Satwil": "Polrestabes Bandung", "country": "ID", "level": 3, "city": "Bandung", "speedKMH": 13.19, "length": 935, "turnType": "NONE", "uuid": 1835808796, "endNode": "Peta", "speed": 3.6638888888888888, "roadType": 2, "delay": 146, "street": "Leuwi Panjang", "id": 1835808796, "pubMillis": 1778207668612, "blockingAlertUuid": null, "startNode": null, "published_wib": "2026-05-08T09:34:28+07:00", "last_update": "2026-05-08T09:50:40+07:00" }, "geometry": { "type": "Point", "coordinates": [ 107.596186524573525, -6.941869090313604 ] } },
{ "type": "Feature", "properties": { "Satwil": "Polda Bali", "country": "ID", "level": 3, "city": "Denpasar", "speedKMH": 12.22, "length": 805, "turnType": "NONE", "uuid": 1836259566, "endNode": "Jalan Danau Toba", "speed": 3.3944444444444444, "roadType": 2, "delay": 143, "street": "Jalan Danau Tamblingan", "id": 1836259566, "pubMillis": 1778208255734, "blockingAlertUuid": null, "startNode": null, "published_wib": "2026-05-08T09:44:15+07:00", "last_update": "2026-05-08T10:50:40+08:00" }, "geometry": { "type": "Point", "coordinates": [ 115.263660232593153, -8.689825181237859 ] } },
{ "type": "Feature", "properties": { "Satwil": "Polda DI Yogyakarta", "country": "ID", "level": 5, "city": "Kalasan", "speedKMH": 0.0, "length": 200, "turnType": "NONE", "uuid": 1834850544, "endNode": "Kalasan", "speed": 0.0, "roadType": 4, "delay": -1, "street": "", "id": 1834850544, "pubMillis": 1778206767107, "blockingAlertUuid": "0d615cf8-ff53-4b9f-9b90-d80d24cb079b", "startNode": "Kalasan", "published_wib": "2026-05-08T09:19:27+07:00", "last_update": "2026-05-08T09:50:40+07:00" }, "geometry": { "type": "Point", "coordinates": [ 110.463966115377374, -7.772526492599548 ] } },
{ "type": "Feature", "properties": { "Satwil": "Polda Bali", "country": "ID", "level": 3, "city": "Ubud", "speedKMH": 11.99, "length": 914, "turnType": "NONE", "uuid": 1836374220, "endNode": "Campuhan 1", "speed": 3.3305555555555557, "roadType": 6, "delay": 170, "street": "Jalan Raya Ubud", "id": 1836374220, "pubMillis": 1778208351936, "blockingAlertUuid": null, "startNode": null, "published_wib": "2026-05-08T09:45:51+07:00", "last_update": "2026-05-08T10:50:40+08:00" }, "geometry": { "type": "Point", "coordinates": [ 115.257639296349751, -8.505043260282713 ] } },
{ "type": "Feature", "properties": { "Satwil": "Polda Bali", "country": "ID", "level": 4, "city": "Denpasar", "speedKMH": 5.41, "length": 285, "turnType": "NONE", "uuid": 1836374190, "endNode": "", "speed": 1.5027777777777778, "roadType": 6, "delay": 156, "street": "Imam Bonjol", "id": 1836374190, "pubMillis": 1778208351604, "blockingAlertUuid": null, "startNode": null, "published_wib": "2026-05-08T09:45:51+07:00", "last_update": "2026-05-08T10:50:40+08:00" }, "geometry": { "type": "Point", "coordinates": [ 115.197611647665596, -8.680754414024976 ] } },
{ "type": "Feature", "properties": { "Satwil": "Polda DI Yogyakarta", "country": "ID", "level": 5, "city": "Kalasan", "speedKMH": 0.0, "length": 200, "turnType": "NONE", "uuid": 1834900310, "endNode": "", "speed": 0.0, "roadType": 1, "delay": -1, "street": "Selokan Mataram", "id": 1834900310, "pubMillis": 1778206764422, "blockingAlertUuid": "0375b5ef-5065-4a4f-aa05-c4abb24b5ef4", "startNode": null, "published_wib": "2026-05-08T09:19:24+07:00", "last_update": "2026-05-08T09:50:40+07:00" }, "geometry": { "type": "Point", "coordinates": [ 110.448010079816498, -7.7708635251013 ] } },
{ "type": "Feature", "properties": { "Satwil": "Polrestabes Medan", "country": "ID", "level": 2, "city": "Medan", "speedKMH": 16.47, "length": 809, "turnType": "NONE", "uuid": 1836366680, "endNode": "KH Wahid Hasyim", "speed": 4.575, "roadType": 6, "delay": 104, "street": "Jenderal Gatot Subroto", "id": 1836366680, "pubMillis": 1778208350977, "blockingAlertUuid": null, "startNode": null, "published_wib": "2026-05-08T09:45:50+07:00", "last_update": "2026-05-08T09:50:40+07:00" }, "geometry": { "type": "Point", "coordinates": [ 98.661791824043107, 3.590850891223603 ] } },
{ "type": "Feature", "properties": { "Satwil": "Polda Bali", "country": "ID", "level": 2, "city": "Denpasar", "speedKMH": 18.14, "length": 699, "turnType": "NONE", "uuid": 1835965266, "endNode": "Jalan Gunung Agung", "speed": 5.0388888888888888, "roadType": 6, "delay": 88, "street": "Mahendradatta", "id": 1835965266, "pubMillis": 1778207864048, "blockingAlertUuid": null, "startNode": null, "published_wib": "2026-05-08T09:37:44+07:00", "last_update": "2026-05-08T10:50:40+08:00" }, "geometry": { "type": "Point", "coordinates": [ 115.195653828704536, -8.646483464346513 ] } },
{ "type": "Feature", "properties": { "Satwil": "Polrestabes Bandung", "country": "ID", "level": 2, "city": "Bandung", "speedKMH": 15.29, "length": 887, "turnType": "NONE", "uuid": 1836309326, "endNode": "Cikutra", "speed": 4.2472222222222218, "roadType": 2, "delay": 75, "street": "Pahlawan", "id": 1836309326, "pubMillis": 1778208256470, "blockingAlertUuid": null, "startNode": null, "published_wib": "2026-05-08T09:44:16+07:00", "last_update": "2026-05-08T09:50:40+07:00" }, "geometry": { "type": "Point", "coordinates": [ 107.634453248949626, -6.896637408417616 ] } },
{ "type": "Feature", "properties": { "Satwil": "Polda Bali", "country": "ID", "level": 1, "city": "Kuta", "speedKMH": 11.16, "length": 1081, "turnType": "NONE", "uuid": 1835965264, "endNode": "Jalan Raya Kuta", "speed": 3.1, "roadType": 2, "delay": 139, "street": "Legian", "id": 1835965264, "pubMillis": 1778207864021, "blockingAlertUuid": null, "startNode": null, "published_wib": "2026-05-08T09:37:44+07:00", "last_update": "2026-05-08T10:50:40+08:00" }, "geometry": { "type": "Point", "coordinates": [ 115.173773286805385, -8.715090386616616 ] } },
{ "type": "Feature", "properties": { "Satwil": "Polda Bali", "country": "ID", "level": 2, "city": "Mengwi", "speedKMH": 24.69, "length": 1273, "turnType": "NONE", "uuid": 1835973414, "endNode": "Jalan Raya Kapal", "speed": 6.8583333333333334, "roadType": 6, "delay": 91, "street": "Jalan Raya Sempidi", "id": 1835973414, "pubMillis": 1778207864844, "blockingAlertUuid": null, "startNode": null, "published_wib": "2026-05-08T09:37:44+07:00", "last_update": "2026-05-08T10:50:40+08:00" }, "geometry": { "type": "Point", "coordinates": [ 115.187078473619394, -8.588544123689578 ] } },
{ "type": "Feature", "properties": { "Satwil": "Polda DI Yogyakarta", "country": "ID", "level": 5, "city": "Kalasan", "speedKMH": 0.0, "length": 318, "turnType": "NONE", "uuid": 1834818558, "endNode": null, "speed": 0.0, "roadType": 1, "delay": -1, "street": "Selokan Mataram", "id": 1834818558, "pubMillis": 1778206762400, "blockingAlertUuid": "d7064736-ee30-48af-be68-91ab7cbf8182", "startNode": null, "published_wib": "2026-05-08T09:19:22+07:00", "last_update": "2026-05-08T09:50:40+07:00" }, "geometry": { "type": "Point", "coordinates": [ 110.453644287802561, -7.770507929410552 ] } },
{ "type": "Feature", "properties": { "Satwil": "Polrestabes Bandung", "country": "ID", "level": 2, "city": "Bandung", "speedKMH": 16.45, "length": 855, "turnType": "NONE", "uuid": 1836301274, "endNode": "Jalan Sawo Endah", "speed": 4.5694444444444446, "roadType": 2, "delay": 101, "street": "Ciwastra", "id": 1836301274, "pubMillis": 1778208255946, "blockingAlertUuid": null, "startNode": null, "published_wib": "2026-05-08T09:44:15+07:00", "last_update": "2026-05-08T09:50:40+07:00" }, "geometry": { "type": "Point", "coordinates": [ 107.663414852983678, -6.960369625928966 ] } },
{ "type": "Feature", "properties": { "Satwil": "Polrestabes Bandung", "country": "ID", "level": 4, "city": "Bandung", "speedKMH": 5.94, "length": 216, "turnType": "NONE", "uuid": 1836473304, "endNode": "Pelajar Pejuang 45", "speed": 1.65, "roadType": 2, "delay": 106, "street": "R A A Martanegara", "id": 1836473304, "pubMillis": 1778208447941, "blockingAlertUuid": null, "startNode": null, "published_wib": "2026-05-08T09:47:27+07:00", "last_update": "2026-05-08T09:50:40+07:00" }, "geometry": { "type": "Point", "coordinates": [ 107.626918386280181, -6.932961739412247 ] } },
{ "type": "Feature", "properties": { "Satwil": "Polda Bali", "country": "ID", "level": 2, "city": "Kuta", "speedKMH": 17.99, "length": 1241, "turnType": "NONE", "uuid": 1835309996, "endNode": "Blambangan", "speed": 4.9972222222222218, "roadType": 6, "delay": 119, "street": "Jalan Raya Kuta", "id": 1835309996, "pubMillis": 1778207174612, "blockingAlertUuid": null, "startNode": null, "published_wib": "2026-05-08T09:26:14+07:00", "last_update": "2026-05-08T10:50:40+08:00" }, "geometry": { "type": "Point", "coordinates": [ 115.1808381109376, -8.718133697825753 ] } },
{ "type": "Feature", "properties": { "Satwil": "Polrestabes Bandung", "country": "ID", "level": 2, "city": "Bandung", "speedKMH": 18.31, "length": 723, "turnType": "NONE", "uuid": 1836301246, "endNode": "Universitas Pendidikan Indonesia (UPI)", "speed": 5.0861111111111112, "roadType": 7, "delay": 63, "street": "Dr Setiabudi", "id": 1836301246, "pubMillis": 1778208255814, "blockingAlertUuid": null, "startNode": null, "published_wib": "2026-05-08T09:44:15+07:00", "last_update": "2026-05-08T09:50:40+07:00" }, "geometry": { "type": "Point", "coordinates": [ 107.593724183534817, -6.868080495242311 ] } },
{ "type": "Feature", "properties": { "Satwil": "Polda Bali", "country": "ID", "level": 4, "city": "Mengwi", "speedKMH": 6.63, "length": 268, "turnType": "NONE", "uuid": 1836530594, "endNode": null, "speed": 1.8416666666666666, "roadType": 6, "delay": 128, "street": "Jalan Raya Denpasar-Singaraja", "id": 1836530594, "pubMillis": 1778208544598, "blockingAlertUuid": null, "startNode": null, "published_wib": "2026-05-08T09:49:04+07:00", "last_update": "2026-05-08T10:50:40+08:00" }, "geometry": { "type": "Point", "coordinates": [ 115.182613196873746, -8.477962098977272 ] } },
{ "type": "Feature", "properties": { "Satwil": "Polrestabes Bandung", "country": "ID", "level": 2, "city": "Bandung", "speedKMH": 22.79, "length": 866, "turnType": "NONE", "uuid": 1836415900, "endNode": "Cikutra", "speed": 6.3305555555555557, "roadType": 6, "delay": 61, "street": "PHH Mustofa", "id": 1836415900, "pubMillis": 1778208446890, "blockingAlertUuid": null, "startNode": null, "published_wib": "2026-05-08T09:47:26+07:00", "last_update": "2026-05-08T09:50:40+07:00" }, "geometry": { "type": "Point", "coordinates": [ 107.637982684902937, -6.898660908449712 ] } },
{ "type": "Feature", "properties": { "Satwil": "Polrestabes Bandung", "country": "ID", "level": 1, "city": "Bandung", "speedKMH": 22.61, "length": 843, "turnType": "NONE", "uuid": 1836366720, "endNode": null, "speed": 6.2805555555555559, "roadType": 6, "delay": 60, "street": "Jenderal AH Nasution", "id": 1836366720, "pubMillis": 1778208351390, "blockingAlertUuid": null, "startNode": null, "published_wib": "2026-05-08T09:45:51+07:00", "last_update": "2026-05-08T09:50:40+07:00" }, "geometry": { "type": "Point", "coordinates": [ 107.663081584910046, -6.903777647046088 ] } },
{ "type": "Feature", "properties": { "Satwil": "Polrestabes Bandung", "country": "ID", "level": 3, "city": "Bandung", "speedKMH": 7.23, "length": 334, "turnType": "NONE", "uuid": 1836251648, "endNode": "Arah A Yani/Riau/Dago", "speed": 2.0083333333333333, "roadType": 7, "delay": 121, "street": "Laswi", "id": 1836251648, "pubMillis": 1778208255812, "blockingAlertUuid": null, "startNode": null, "published_wib": "2026-05-08T09:44:15+07:00", "last_update": "2026-05-08T09:50:40+07:00" }, "geometry": { "type": "Point", "coordinates": [ 107.631017546867596, -6.919994045569119 ] } },
{ "type": "Feature", "properties": { "Satwil": "Polrestabes Bandung", "country": "ID", "level": 2, "city": "Bandung", "speedKMH": 15.22, "length": 664, "turnType": "NONE", "uuid": 1834228270, "endNode": "Cihampelas", "speed": 4.2277777777777779, "roadType": 6, "delay": 87, "street": "Pajajaran", "id": 1834228270, "pubMillis": 1778206163253, "blockingAlertUuid": null, "startNode": null, "published_wib": "2026-05-08T09:09:23+07:00", "last_update": "2026-05-08T09:50:40+07:00" }, "geometry": { "type": "Point", "coordinates": [ 107.599811106740731, -6.906864266704858 ] } },
{ "type": "Feature", "properties": { "Satwil": "Polrestabes Medan", "country": "ID", "level": 2, "city": "Medan", "speedKMH": 17.52, "length": 890, "turnType": "NONE", "uuid": 1836088062, "endNode": "Prof HM Yamin", "speed": 4.8666666666666663, "roadType": 2, "delay": 96, "street": "Dr Sutomo", "id": 1836088062, "pubMillis": 1778208061490, "blockingAlertUuid": null, "startNode": null, "published_wib": "2026-05-08T09:41:01+07:00", "last_update": "2026-05-08T09:50:40+07:00" }, "geometry": { "type": "Point", "coordinates": [ 98.684079477670366, 3.591366909342192 ] } },
{ "type": "Feature", "properties": { "Satwil": "Polda Bali", "country": "ID", "level": 2, "city": "Kuta Selatan", "speedKMH": 14.39, "length": 1525, "turnType": "NONE", "uuid": 1835973332, "endNode": "Jalan Raya Uluwatu-Pecatu", "speed": 3.9972222222222222, "roadType": 6, "delay": 233, "street": "Jalan Raya Uluwatu", "id": 1835973332, "pubMillis": 1778207864056, "blockingAlertUuid": null, "startNode": null, "published_wib": "2026-05-08T09:37:44+07:00", "last_update": "2026-05-08T10:50:40+08:00" }, "geometry": { "type": "Point", "coordinates": [ 115.15971200688081, -8.803475177600921 ] } },
{ "type": "Feature", "properties": { "Satwil": "Polda Bali", "country": "ID", "level": 2, "city": "Kuta Utara", "speedKMH": 16.57, "length": 718, "turnType": "NONE", "uuid": 1835563680, "endNode": null, "speed": 4.6027777777777779, "roadType": 7, "delay": 83, "street": "Jalan Raya Dalung", "id": 1835563680, "pubMillis": 1778207472014, "blockingAlertUuid": null, "startNode": null, "published_wib": "2026-05-08T09:31:12+07:00", "last_update": "2026-05-08T10:50:40+08:00" }, "geometry": { "type": "Point", "coordinates": [ 115.174126545735248, -8.610657060724657 ] } },
{ "type": "Feature", "properties": { "Satwil": "Polrestabes Medan", "country": "ID", "level": 3, "city": "Medan", "speedKMH": 10.92, "length": 734, "turnType": "NONE", "uuid": 1836137106, "endNode": "", "speed": 3.0333333333333332, "roadType": 2, "delay": 159, "street": "Kelambir 5", "id": 1836137106, "pubMillis": 1778208062317, "blockingAlertUuid": null, "startNode": null, "published_wib": "2026-05-08T09:41:02+07:00", "last_update": "2026-05-08T09:50:40+07:00" }, "geometry": { "type": "Point", "coordinates": [ 98.608341832336194, 3.601600703793557 ] } },
{ "type": "Feature", "properties": { "Satwil": "Polda Bali", "country": "ID", "level": 2, "city": "Denpasar", "speedKMH": 21.38, "length": 1021, "turnType": "NONE", "uuid": 1836423822, "endNode": "", "speed": 5.9388888888888891, "roadType": 6, "delay": 60, "street": "Gatot Subroto Barat", "id": 1836423822, "pubMillis": 1778208448794, "blockingAlertUuid": null, "startNode": null, "published_wib": "2026-05-08T09:47:28+07:00", "last_update": "2026-05-08T10:50:40+08:00" }, "geometry": { "type": "Point", "coordinates": [ 115.201555812105596, -8.638482823177638 ] } },
{ "type": "Feature", "properties": { "Satwil": "Polda Bali", "country": "ID", "level": 2, "city": "Tegallalang", "speedKMH": 24.71, "length": 4329, "turnType": "NONE", "uuid": 1836168520, "endNode": "Pejengaji", "speed": 6.8638888888888889, "roadType": 2, "delay": 287, "street": "Jalan Raya Tegallalang", "id": 1836168520, "pubMillis": 1778208063241, "blockingAlertUuid": null, "startNode": null, "published_wib": "2026-05-08T09:41:03+07:00", "last_update": "2026-05-08T10:50:40+08:00" }, "geometry": { "type": "Point", "coordinates": [ 115.280307700726155, -8.449439488656733 ] } },
{ "type": "Feature", "properties": { "Satwil": "Polda DI Yogyakarta", "country": "ID", "level": 2, "city": "Godean", "speedKMH": 14.56, "length": 549, "turnType": "NONE", "uuid": 1836160482, "endNode": "Sidoarum", "speed": 4.0444444444444443, "roadType": 7, "delay": 80, "street": "Jalan Godean", "id": 1836160482, "pubMillis": 1778208061824, "blockingAlertUuid": null, "startNode": null, "published_wib": "2026-05-08T09:41:01+07:00", "last_update": "2026-05-08T09:50:40+07:00" }, "geometry": { "type": "Point", "coordinates": [ 110.324275260635801, -7.77534785277104 ] } },
{ "type": "Feature", "properties": { "Satwil": "Polrestabes Bandung", "country": "ID", "level": 2, "city": "Bandung", "speedKMH": 14.76, "length": 804, "turnType": "NONE", "uuid": 1836160440, "endNode": "Cigadung Raya", "speed": 4.1, "roadType": 2, "delay": 108, "street": "Cigadung Raya Barat", "id": 1836160440, "pubMillis": 1778208061409, "blockingAlertUuid": null, "startNode": null, "published_wib": "2026-05-08T09:41:01+07:00", "last_update": "2026-05-08T09:50:40+07:00" }, "geometry": { "type": "Point", "coordinates": [ 107.622481838848941, -6.8722138536062 ] } },
{ "type": "Feature", "properties": { "Satwil": "Polda Bali", "country": "ID", "level": 4, "city": "Denpasar", "speedKMH": 4.79, "length": 303, "turnType": "NONE", "uuid": 1836381612, "endNode": "HOS Cokroaminoto", "speed": 1.3305555555555555, "roadType": 6, "delay": 162, "street": "Gatot Subroto Tengah", "id": 1836381612, "pubMillis": 1778208351610, "blockingAlertUuid": null, "startNode": null, "published_wib": "2026-05-08T09:45:51+07:00", "last_update": "2026-05-08T10:50:40+08:00" }, "geometry": { "type": "Point", "coordinates": [ 115.2088667428728, -8.638499896598553 ] } },
{ "type": "Feature", "properties": { "Satwil": "Polrestabes Medan", "country": "ID", "level": 2, "city": "Medan", "speedKMH": 19.3, "length": 932, "turnType": "NONE", "uuid": 1836168310, "endNode": "Arah Dr Mansyur", "speed": 5.3611111111111107, "roadType": 7, "delay": 86, "street": "Setiabudi", "id": 1836168310, "pubMillis": 1778208061375, "blockingAlertUuid": null, "startNode": null, "published_wib": "2026-05-08T09:41:01+07:00", "last_update": "2026-05-08T09:50:40+07:00" }, "geometry": { "type": "Point", "coordinates": [ 98.642833111251292, 3.574319230299004 ] } },
{ "type": "Feature", "properties": { "Satwil": "Polrestabes Bandung", "country": "ID", "level": 3, "city": "Bandung", "speedKMH": 11.94, "length": 474, "turnType": "NONE", "uuid": 1836446806, "endNode": "Grand Bulevar", "speed": 3.3166666666666669, "roadType": 2, "delay": 86, "street": "Bulevar Utama", "id": 1836446806, "pubMillis": 1778208448262, "blockingAlertUuid": null, "startNode": null, "published_wib": "2026-05-08T09:47:28+07:00", "last_update": "2026-05-08T09:50:40+07:00" }, "geometry": { "type": "Point", "coordinates": [ 107.695727484451282, -6.954137951830009 ] } },
{ "type": "Feature", "properties": { "Satwil": "Polresta Surakarta", "country": "ID", "level": 2, "city": "Surakarta", "speedKMH": 14.06, "length": 846, "turnType": "NONE", "uuid": 1836446780, "endNode": "Kusumoyudan", "speed": 3.9055555555555554, "roadType": 2, "delay": 129, "street": "Sutan Syahrir", "id": 1836446780, "pubMillis": 1778208447812, "blockingAlertUuid": null, "startNode": null, "published_wib": "2026-05-08T09:47:27+07:00", "last_update": "2026-05-08T09:50:40+07:00" }, "geometry": { "type": "Point", "coordinates": [ 110.829653277422992, -7.565092232673829 ] } },
{ "type": "Feature", "properties": { "Satwil": "Polrestabes Bandung", "country": "ID", "level": 3, "city": "Bandung", "speedKMH": 10.39, "length": 789, "turnType": "NONE", "uuid": 1835398188, "endNode": "Dr Setiabudi", "speed": 2.8861111111111111, "roadType": 2, "delay": 171, "street": "Sersan Bajuri", "id": 1835398188, "pubMillis": 1778207273039, "blockingAlertUuid": null, "startNode": null, "published_wib": "2026-05-08T09:27:53+07:00", "last_update": "2026-05-08T09:50:40+07:00" }, "geometry": { "type": "Point", "coordinates": [ 107.592619198630956, -6.856103610329454 ] } },
{ "type": "Feature", "properties": { "Satwil": "Polrestabes Bandung", "country": "ID", "level": 2, "city": "Bandung", "speedKMH": 19.71, "length": 949, "turnType": "NONE", "uuid": 1836217362, "endNode": null, "speed": 5.475, "roadType": 6, "delay": 81, "street": "Jenderal Ahmad Yani", "id": 1836217362, "pubMillis": 1778208158512, "blockingAlertUuid": null, "startNode": null, "published_wib": "2026-05-08T09:42:38+07:00", "last_update": "2026-05-08T09:50:40+07:00" }, "geometry": { "type": "Point", "coordinates": [ 107.659610214628387, -6.902197923088215 ] } },
{ "type": "Feature", "properties": { "Satwil": "Polrestabes Bandung", "country": "ID", "level": 5, "city": "Bandung", "speedKMH": 0.0, "length": 12, "turnType": "NONE", "uuid": 1834791998, "endNode": "Pendamping SOR GBLA", "speed": 0.0, "roadType": 4, "delay": -1, "street": "Arah Stadion GBLA/Sumarecon/Stasiun Tegalluar", "id": 1834791998, "pubMillis": 1778206761055, "blockingAlertUuid": "396331a2-0e16-480a-bfd1-3da8ea18e414", "startNode": null, "published_wib": "2026-05-08T09:19:21+07:00", "last_update": "2026-05-08T09:50:40+07:00" }, "geometry": { "type": "Point", "coordinates": [ 107.6924765, -6.969165 ] } },
{ "type": "Feature", "properties": { "Satwil": "Polrestabes Bandung", "country": "ID", "level": 2, "city": "Bandung", "speedKMH": 19.81, "length": 1305, "turnType": "NONE", "uuid": 1836553446, "endNode": "", "speed": 5.5027777777777782, "roadType": 7, "delay": 93, "street": "Terusan Buah Batu", "id": 1836553446, "pubMillis": 1778208544374, "blockingAlertUuid": null, "startNode": null, "published_wib": "2026-05-08T09:49:04+07:00", "last_update": "2026-05-08T09:50:40+07:00" }, "geometry": { "type": "Point", "coordinates": [ 107.639172642986281, -6.959565473427227 ] } },
{ "type": "Feature", "properties": { "Satwil": "Polrestabes Bandung", "country": "ID", "level": 2, "city": "Bandung", "speedKMH": 14.43, "length": 1712, "turnType": "NONE", "uuid": 1836553424, "endNode": "Soekarno-Hatta (Jalur Lambat)", "speed": 4.0083333333333337, "roadType": 2, "delay": 231, "street": "Cibaduyut Raya", "id": 1836553424, "pubMillis": 1778208544145, "blockingAlertUuid": null, "startNode": null, "published_wib": "2026-05-08T09:49:04+07:00", "last_update": "2026-05-08T09:50:40+07:00" }, "geometry": { "type": "Point", "coordinates": [ 107.593407977389916, -6.954814568575082 ] } },
{ "type": "Feature", "properties": { "Satwil": "Polda Bali", "country": "ID", "level": 2, "city": "Sukawati", "speedKMH": 19.1, "length": 1470, "turnType": "NONE", "uuid": 1835930834, "endNode": null, "speed": 5.3055555555555554, "roadType": 2, "delay": 132, "street": "Jalan Raya Singapadu", "id": 1835930834, "pubMillis": 1778207863937, "blockingAlertUuid": null, "startNode": null, "published_wib": "2026-05-08T09:37:43+07:00", "last_update": "2026-05-08T10:50:40+08:00" }, "geometry": { "type": "Point", "coordinates": [ 115.254177450471019, -8.586283177990387 ] } },
{ "type": "Feature", "properties": { "Satwil": "Polrestabes Bandung", "country": "ID", "level": 1, "city": "Bandung", "speedKMH": 23.96, "length": 3107, "turnType": "NONE", "uuid": 1835578542, "endNode": "Cihaur Kuku", "speed": 6.6555555555555559, "roadType": 7, "delay": 180, "street": "Terusan Jakarta", "id": 1835578542, "pubMillis": 1778207470439, "blockingAlertUuid": null, "startNode": null, "published_wib": "2026-05-08T09:31:10+07:00", "last_update": "2026-05-08T09:50:40+07:00" }, "geometry": { "type": "Point", "coordinates": [ 107.648558431473859, -6.913012568571733 ] } },
{ "type": "Feature", "properties": { "Satwil": "Polda Bali", "country": "ID", "level": 2, "city": "Denpasar", "speedKMH": 16.72, "length": 1614, "turnType": "NONE", "uuid": 1836102784, "endNode": "Gang Wani", "speed": 4.6444444444444448, "roadType": 6, "delay": 179, "street": "Imam Bonjol", "id": 1836102784, "pubMillis": 1778208063240, "blockingAlertUuid": null, "startNode": null, "published_wib": "2026-05-08T09:41:03+07:00", "last_update": "2026-05-08T10:50:40+08:00" }, "geometry": { "type": "Point", "coordinates": [ 115.204299814439395, -8.671312218978773 ] } },
{ "type": "Feature", "properties": { "Satwil": "Polda Bali", "country": "ID", "level": 2, "city": "Kuta Utara", "speedKMH": 19.43, "length": 812, "turnType": "NONE", "uuid": 1836431230, "endNode": "", "speed": 5.3972222222222221, "roadType": 7, "delay": 71, "street": "Jalan Raya Padang Luwih", "id": 1836431230, "pubMillis": 1778208448898, "blockingAlertUuid": null, "startNode": null, "published_wib": "2026-05-08T09:47:28+07:00", "last_update": "2026-05-08T10:50:40+08:00" }, "geometry": { "type": "Point", "coordinates": [ 115.175250701377749, -8.629117972721932 ] } },
{ "type": "Feature", "properties": { "Satwil": "Polda DI Yogyakarta", "country": "ID", "level": 3, "city": "Ngaglik", "speedKMH": 13.77, "length": 503, "turnType": "NONE", "uuid": 1836431134, "endNode": "Besi-Jangkang Raya", "speed": 3.825, "roadType": 7, "delay": 86, "street": "Jalan Kaliurang", "id": 1836431134, "pubMillis": 1778208447386, "blockingAlertUuid": null, "startNode": null, "published_wib": "2026-05-08T09:47:27+07:00", "last_update": "2026-05-08T09:50:40+07:00" }, "geometry": { "type": "Point", "coordinates": [ 110.416426777980291, -7.698511108259149 ] } },
{ "type": "Feature", "properties": { "Satwil": "Polda Bali", "country": "ID", "level": 3, "city": "Denpasar", "speedKMH": 12.37, "length": 1298, "turnType": "NONE", "uuid": 1835685884, "endNode": "", "speed": 3.4361111111111109, "roadType": 6, "delay": 282, "street": "Jalan Bypass Ngurah Rai", "id": 1835685884, "pubMillis": 1778207569304, "blockingAlertUuid": null, "startNode": null, "published_wib": "2026-05-08T09:32:49+07:00", "last_update": "2026-05-08T10:50:40+08:00" }, "geometry": { "type": "Point", "coordinates": [ 115.220570975410695, -8.715467451111477 ] } },
{ "type": "Feature", "properties": { "Satwil": "Polda Bali", "country": "ID", "level": 1, "city": "Denpasar", "speedKMH": 26.42, "length": 1548, "turnType": "NONE", "uuid": 1835694068, "endNode": "Letda Tantular", "speed": 7.3388888888888886, "roadType": 7, "delay": 84, "street": "Jalan Raya Puputan Niti Mandala", "id": 1835694068, "pubMillis": 1778207571046, "blockingAlertUuid": null, "startNode": null, "published_wib": "2026-05-08T09:32:51+07:00", "last_update": "2026-05-08T10:50:40+08:00" }, "geometry": { "type": "Point", "coordinates": [ 115.226437619331307, -8.672815887839038 ] } },
{ "type": "Feature", "properties": { "Satwil": "Polda Bali", "country": "ID", "level": 2, "city": "Kuta Utara", "speedKMH": 14.0, "length": 696, "turnType": "NONE", "uuid": 1827010090, "endNode": "Jalan Raya Kerobokan", "speed": 3.8888888888888888, "roadType": 7, "delay": 100, "street": "Jalan Tangkuban Perahu", "id": 1827010090, "pubMillis": 1778201106368, "blockingAlertUuid": null, "startNode": null, "published_wib": "2026-05-08T07:45:06+07:00", "last_update": "2026-05-08T10:50:40+08:00" }, "geometry": { "type": "Point", "coordinates": [ 115.168077240630581, -8.672220612435684 ] } },
{ "type": "Feature", "properties": { "Satwil": "Polrestabes Bandung", "country": "ID", "level": 3, "city": "Bandung", "speedKMH": 6.89, "length": 243, "turnType": "NONE", "uuid": 1836431234, "endNode": "Ir Haji Juanda", "speed": 1.913888888888889, "roadType": 7, "delay": 84, "street": "Siliwangi", "id": 1836431234, "pubMillis": 1778208448972, "blockingAlertUuid": null, "startNode": null, "published_wib": "2026-05-08T09:47:28+07:00", "last_update": "2026-05-08T09:50:40+07:00" }, "geometry": { "type": "Point", "coordinates": [ 107.612477788460325, -6.885045868115863 ] } },
{ "type": "Feature", "properties": { "Satwil": "Polrestabes Bandung", "country": "ID", "level": 1, "city": "Bandung", "speedKMH": 22.25, "length": 1678, "turnType": "NONE", "uuid": 1836160578, "endNode": "Pasteur", "speed": 6.1805555555555554, "roadType": 7, "delay": 114, "street": "Cihampelas", "id": 1836160578, "pubMillis": 1778208062631, "blockingAlertUuid": null, "startNode": null, "published_wib": "2026-05-08T09:41:02+07:00", "last_update": "2026-05-08T09:50:40+07:00" }, "geometry": { "type": "Point", "coordinates": [ 107.604216655683189, -6.892570180734904 ] } },
{ "type": "Feature", "properties": { "Satwil": "Polrestabes Medan", "country": "ID", "level": 3, "city": "Medan", "speedKMH": 12.32, "length": 448, "turnType": "NONE", "uuid": 1836431100, "endNode": null, "speed": 3.4222222222222221, "roadType": 2, "delay": 86, "street": "HM Joni", "id": 1836431100, "pubMillis": 1778208447142, "blockingAlertUuid": null, "startNode": null, "published_wib": "2026-05-08T09:47:27+07:00", "last_update": "2026-05-08T09:50:40+07:00" }, "geometry": { "type": "Point", "coordinates": [ 98.695166845599616, 3.568667664969067 ] } },
{ "type": "Feature", "properties": { "Satwil": "Polrestabes Bandung", "country": "ID", "level": 3, "city": "Bandung", "speedKMH": 10.71, "length": 556, "turnType": "NONE", "uuid": 1835988648, "endNode": null, "speed": 2.975, "roadType": 7, "delay": 104, "street": "Ir Haji Juanda", "id": 1835988648, "pubMillis": 1778207865120, "blockingAlertUuid": null, "startNode": null, "published_wib": "2026-05-08T09:37:45+07:00", "last_update": "2026-05-08T09:50:40+07:00" }, "geometry": { "type": "Point", "coordinates": [ 107.613754943676554, -6.884901203699698 ] } },
{ "type": "Feature", "properties": { "Satwil": "Polda Bali", "country": "ID", "level": 3, "city": "Kuta Utara", "speedKMH": 12.25, "length": 1640, "turnType": "NONE", "uuid": 1836275374, "endNode": "Jalan Pantai Berawa", "speed": 3.4027777777777777, "roadType": 7, "delay": 297, "street": "Jalan Raya Canggu", "id": 1836275374, "pubMillis": 1778208255877, "blockingAlertUuid": null, "startNode": null, "published_wib": "2026-05-08T09:44:15+07:00", "last_update": "2026-05-08T10:50:40+08:00" }, "geometry": { "type": "Point", "coordinates": [ 115.161426985298931, -8.645629645599421 ] } },
{ "type": "Feature", "properties": { "Satwil": "Polda DI Yogyakarta", "country": "ID", "level": 5, "city": "Kalasan", "speedKMH": 0.0, "length": 144, "turnType": "NONE", "uuid": 61888600, "endNode": null, "speed": 0.0, "roadType": 1, "delay": -1, "street": "Selokan Mataram", "id": 61888600, "pubMillis": 1777428640764, "blockingAlertUuid": "4e766d04-09a7-4fa1-bda2-201639cf7583", "startNode": null, "published_wib": "2026-04-29T09:10:40+07:00", "last_update": "2026-05-08T09:50:40+07:00" }, "geometry": { "type": "Point", "coordinates": [ 110.444551, -7.771195 ] } },
{ "type": "Feature", "properties": { "Satwil": "Polrestabes Medan", "country": "ID", "level": 2, "city": "Medan", "speedKMH": 21.38, "length": 1917, "turnType": "NONE", "uuid": 1836275356, "endNode": "Underpass Gatot Subroto", "speed": 5.9388888888888891, "roadType": 6, "delay": 162, "street": "Jenderal Gatot Subroto", "id": 1836275356, "pubMillis": 1778208255752, "blockingAlertUuid": null, "startNode": null, "published_wib": "2026-05-08T09:44:15+07:00", "last_update": "2026-05-08T09:50:40+07:00" }, "geometry": { "type": "Point", "coordinates": [ 98.642081179937094, 3.590765058371959 ] } },
{ "type": "Feature", "properties": { "Satwil": "Polrestabes Bandung", "country": "ID", "level": 1, "city": "Cimahi", "speedKMH": 24.02, "length": 2232, "turnType": "NONE", "uuid": 1836061014, "endNode": "", "speed": 6.6722222222222225, "roadType": 6, "delay": 144, "street": "Jenderal Haji Amir Machmud", "id": 1836061014, "pubMillis": 1778207965318, "blockingAlertUuid": null, "startNode": null, "published_wib": "2026-05-08T09:39:25+07:00", "last_update": "2026-05-08T09:50:40+07:00" }, "geometry": { "type": "Point", "coordinates": [ 107.552329013816873, -6.882886413890789 ] } },
{ "type": "Feature", "properties": { "Satwil": "Polrestabes Medan", "country": "ID", "level": 2, "city": "Medan", "speedKMH": 18.63, "length": 1076, "turnType": "NONE", "uuid": 1836462356, "endNode": "Letjend Jamin Ginting", "speed": 5.175, "roadType": 6, "delay": 125, "street": "N4 Letjen Jamin Ginting", "id": 1836462356, "pubMillis": 1778208448333, "blockingAlertUuid": null, "startNode": null, "published_wib": "2026-05-08T09:47:28+07:00", "last_update": "2026-05-08T09:50:40+07:00" }, "geometry": { "type": "Point", "coordinates": [ 98.650868100639514, 3.536867908310437 ] } },
{ "type": "Feature", "properties": { "Satwil": "Polda Bali", "country": "ID", "level": 3, "city": "Denpasar", "speedKMH": 8.88, "length": 470, "turnType": "NONE", "uuid": 1836396830, "endNode": "Diponegoro", "speed": 2.4666666666666668, "roadType": 2, "delay": 125, "street": "Waturenggong", "id": 1836396830, "pubMillis": 1778208351559, "blockingAlertUuid": null, "startNode": null, "published_wib": "2026-05-08T09:45:51+07:00", "last_update": "2026-05-08T10:50:40+08:00" }, "geometry": { "type": "Point", "coordinates": [ 115.21730108000213, -8.676957253690896 ] } },
{ "type": "Feature", "properties": { "Satwil": "Polda Bali", "country": "ID", "level": 2, "city": "Denpasar", "speedKMH": 20.54, "length": 1402, "turnType": "NONE", "uuid": 1836183808, "endNode": null, "speed": 5.7055555555555557, "roadType": 6, "delay": 143, "street": "Jalan Bypass Ngurah Rai", "id": 1836183808, "pubMillis": 1778208158682, "blockingAlertUuid": null, "startNode": null, "published_wib": "2026-05-08T09:42:38+07:00", "last_update": "2026-05-08T10:50:40+08:00" }, "geometry": { "type": "Point", "coordinates": [ 115.258826385784076, -8.686272756375145 ] } },
{ "type": "Feature", "properties": { "Satwil": "Polda Bali", "country": "ID", "level": 4, "city": "Kuta Selatan", "speedKMH": 5.98, "length": 356, "turnType": "NONE", "uuid": 1835888922, "endNode": "Jalan Raya Uluwatu", "speed": 1.6611111111111112, "roadType": 6, "delay": 178, "street": "Jalan Raya Uluwatu-Pecatu", "id": 1835888922, "pubMillis": 1778207765990, "blockingAlertUuid": null, "startNode": null, "published_wib": "2026-05-08T09:36:05+07:00", "last_update": "2026-05-08T10:50:40+08:00" }, "geometry": { "type": "Point", "coordinates": [ 115.15486561324667, -8.816929063175166 ] } },
{ "type": "Feature", "properties": { "Satwil": "Polrestabes Bandung", "country": "ID", "level": 3, "city": "Bandung", "speedKMH": 14.42, "length": 592, "turnType": "NONE", "uuid": 1836511724, "endNode": "Mekar Wangi", "speed": 4.0055555555555555, "roadType": 6, "delay": 85, "street": "Soekarno-Hatta", "id": 1836511724, "pubMillis": 1778208545666, "blockingAlertUuid": null, "startNode": null, "published_wib": "2026-05-08T09:49:05+07:00", "last_update": "2026-05-08T09:50:40+07:00" }, "geometry": { "type": "Point", "coordinates": [ 107.605293207755793, -6.948115304317149 ] } },
{ "type": "Feature", "properties": { "Satwil": "Polrestabes Medan", "country": "ID", "level": 4, "city": "Medan", "speedKMH": 4.56, "length": 202, "turnType": "NONE", "uuid": 1836339636, "endNode": "", "speed": 1.2666666666666666, "roadType": 6, "delay": 137, "street": "N1 Asrama", "id": 1836339636, "pubMillis": 1778208353140, "blockingAlertUuid": null, "startNode": null, "published_wib": "2026-05-08T09:45:53+07:00", "last_update": "2026-05-08T09:50:40+07:00" }, "geometry": { "type": "Point", "coordinates": [ 98.6279625, 3.6042815 ] } },
{ "type": "Feature", "properties": { "Satwil": "Polda Bali", "country": "ID", "level": 3, "city": "Denpasar", "speedKMH": 5.87, "length": 309, "turnType": "NONE", "uuid": 1836339614, "endNode": "Tukad Yeh Aya 9", "speed": 1.6305555555555555, "roadType": 1, "delay": 146, "street": "Tukad Badung 11", "id": 1836339614, "pubMillis": 1778208352690, "blockingAlertUuid": null, "startNode": null, "published_wib": "2026-05-08T09:45:52+07:00", "last_update": "2026-05-08T10:50:40+08:00" }, "geometry": { "type": "Point", "coordinates": [ 115.239350023197815, -8.684877325653233 ] } },
{ "type": "Feature", "properties": { "Satwil": "Polda DI Yogyakarta", "country": "ID", "level": 3, "city": "Sewon", "speedKMH": 14.89, "length": 573, "turnType": "NONE", "uuid": 1836061062, "endNode": null, "speed": 4.1361111111111111, "roadType": 6, "delay": 101, "street": "Prof Dr Wirjono Projodikoro", "id": 1836061062, "pubMillis": 1778207965795, "blockingAlertUuid": null, "startNode": null, "published_wib": "2026-05-08T09:39:25+07:00", "last_update": "2026-05-08T09:50:40+07:00" }, "geometry": { "type": "Point", "coordinates": [ 110.358976065491305, -7.833315136866165 ] } },
{ "type": "Feature", "properties": { "Satwil": "Polda Bali", "country": "ID", "level": 1, "city": "Denpasar", "speedKMH": 31.73, "length": 2223, "turnType": "NONE", "uuid": 1836511626, "endNode": null, "speed": 8.8138888888888882, "roadType": 6, "delay": 71, "street": "Jalan Bypass Ngurah Rai", "id": 1836511626, "pubMillis": 1778208544424, "blockingAlertUuid": null, "startNode": null, "published_wib": "2026-05-08T09:49:04+07:00", "last_update": "2026-05-08T10:50:40+08:00" }, "geometry": { "type": "Point", "coordinates": [ 115.215491375595604, -8.717312765800445 ] } },
{ "type": "Feature", "properties": { "Satwil": "Polda Bali", "country": "ID", "level": 2, "city": "Kuta Utara", "speedKMH": 19.08, "length": 692, "turnType": "NONE", "uuid": 1835831402, "endNode": "Jalan Raya Kerobokan", "speed": 5.3, "roadType": 6, "delay": 70, "street": "Gatot Subroto Barat", "id": 1835831402, "pubMillis": 1778207766573, "blockingAlertUuid": null, "startNode": null, "published_wib": "2026-05-08T09:36:06+07:00", "last_update": "2026-05-08T10:50:40+08:00" }, "geometry": { "type": "Point", "coordinates": [ 115.177964955796767, -8.63701142495893 ] } },
{ "type": "Feature", "properties": { "Satwil": "Polrestabes Medan", "country": "ID", "level": 1, "city": "Medan", "speedKMH": 56.36, "length": 4640, "turnType": "NONE", "uuid": 1836404822, "endNode": "Medan", "speed": 15.655555555555555, "roadType": 3, "delay": 100, "street": "Tol Medan-Binjai", "id": 1836404822, "pubMillis": 1778208353153, "blockingAlertUuid": null, "startNode": "Medan", "published_wib": "2026-05-08T09:45:53+07:00", "last_update": "2026-05-08T09:50:40+07:00" }, "geometry": { "type": "Point", "coordinates": [ 98.654507617330907, 3.648601212381023 ] } },
{ "type": "Feature", "properties": { "Satwil": "Polrestabes Bandung", "country": "ID", "level": 3, "city": "Bandung", "speedKMH": 12.19, "length": 609, "turnType": "NONE", "uuid": 1836232754, "endNode": "Soekarno-Hatta (Jalur Lambat)", "speed": 3.3861111111111111, "roadType": 2, "delay": 118, "street": "Jalan Rumah Sakit", "id": 1836232754, "pubMillis": 1778208159317, "blockingAlertUuid": null, "startNode": null, "published_wib": "2026-05-08T09:42:39+07:00", "last_update": "2026-05-08T09:50:40+07:00" }, "geometry": { "type": "Point", "coordinates": [ 107.692895882052682, -6.933749682301144 ] } },
{ "type": "Feature", "properties": { "Satwil": "Polrestabes Bandung", "country": "ID", "level": 2, "city": "Bandung", "speedKMH": 22.64, "length": 1328, "turnType": "NONE", "uuid": 1834807354, "endNode": "Arah Tegallega/Pasir Koja", "speed": 6.2888888888888888, "roadType": 7, "delay": 97, "street": "Buah Batu", "id": 1834807354, "pubMillis": 1778206762718, "blockingAlertUuid": null, "startNode": null, "published_wib": "2026-05-08T09:19:22+07:00", "last_update": "2026-05-08T09:50:40+07:00" }, "geometry": { "type": "Point", "coordinates": [ 107.627171439136347, -6.941582682222362 ] } },
{ "type": "Feature", "properties": { "Satwil": "Polda Bali", "country": "ID", "level": 1, "city": "Ubud", "speedKMH": 22.41, "length": 879, "turnType": "NONE", "uuid": 1836232728, "endNode": null, "speed": 6.225, "roadType": 2, "delay": 62, "street": "Mawang", "id": 1836232728, "pubMillis": 1778208159039, "blockingAlertUuid": null, "startNode": null, "published_wib": "2026-05-08T09:42:39+07:00", "last_update": "2026-05-08T10:50:40+08:00" }, "geometry": { "type": "Point", "coordinates": [ 115.261617615598311, -8.564226267155712 ] } },
{ "type": "Feature", "properties": { "Satwil": "Polda Bali", "country": "ID", "level": 2, "city": "Kuta Selatan", "speedKMH": 20.92, "length": 1045, "turnType": "NONE", "uuid": 1836183776, "endNode": null, "speed": 5.8111111111111109, "roadType": 2, "delay": 75, "street": "Jalan Raya Kampus Udayana", "id": 1836183776, "pubMillis": 1778208158354, "blockingAlertUuid": null, "startNode": null, "published_wib": "2026-05-08T09:42:38+07:00", "last_update": "2026-05-08T10:50:40+08:00" }, "geometry": { "type": "Point", "coordinates": [ 115.177382298293935, -8.79209369940131 ] } },
{ "type": "Feature", "properties": { "Satwil": "Polrestabes Medan", "country": "ID", "level": 3, "city": "Medan", "speedKMH": 10.27, "length": 367, "turnType": "NONE", "uuid": 1836183748, "endNode": "Kapten Muslim", "speed": 2.8527777777777779, "roadType": 2, "delay": 75, "street": "Gaperta", "id": 1836183748, "pubMillis": 1778208158124, "blockingAlertUuid": null, "startNode": null, "published_wib": "2026-05-08T09:42:38+07:00", "last_update": "2026-05-08T09:50:40+07:00" }, "geometry": { "type": "Point", "coordinates": [ 98.64459630383358, 3.60478955540068 ] } },
{ "type": "Feature", "properties": { "Satwil": "Polda Bali", "country": "ID", "level": 3, "city": "Ubud", "speedKMH": 9.06, "length": 1196, "turnType": "NONE", "uuid": 1835602132, "endNode": "Jalan Raya Ubud", "speed": 2.5166666666666666, "roadType": 6, "delay": 326, "street": "Monkey Forest", "id": 1835602132, "pubMillis": 1778207470457, "blockingAlertUuid": null, "startNode": null, "published_wib": "2026-05-08T09:31:10+07:00", "last_update": "2026-05-08T10:50:40+08:00" }, "geometry": { "type": "Point", "coordinates": [ 115.261063595622332, -8.512022611769929 ] } },
{ "type": "Feature", "properties": { "Satwil": "Polda Bali", "country": "ID", "level": 1, "city": "Baturiti", "speedKMH": 27.97, "length": 1402, "turnType": "NONE", "uuid": 1836462254, "endNode": "Jalan Raya Baturiti-Mekarsari", "speed": 7.7694444444444448, "roadType": 6, "delay": 88, "street": "Jalan Raya Mekarsari-Luwus", "id": 1836462254, "pubMillis": 1778208447368, "blockingAlertUuid": null, "startNode": null, "published_wib": "2026-05-08T09:47:27+07:00", "last_update": "2026-05-08T10:50:40+08:00" }, "geometry": { "type": "Point", "coordinates": [ 115.195445551895816, -8.392840764457723 ] } },
{ "type": "Feature", "properties": { "Satwil": "Polda Bali", "country": "ID", "level": 3, "city": "Kuta Utara", "speedKMH": 8.22, "length": 1546, "turnType": "NONE", "uuid": 1834397866, "endNode": "Jalan Raya Canggu", "speed": 2.2833333333333332, "roadType": 7, "delay": 496, "street": "Jalan Raya Canggu", "id": 1834397866, "pubMillis": 1778206355142, "blockingAlertUuid": null, "startNode": null, "published_wib": "2026-05-08T09:12:35+07:00", "last_update": "2026-05-08T10:50:40+08:00" }, "geometry": { "type": "Point", "coordinates": [ 115.147435398691613, -8.63700362682923 ] } },
{ "type": "Feature", "properties": { "Satwil": "Polda Bali", "country": "ID", "level": 4, "city": "Kuta", "speedKMH": 6.13, "length": 630, "turnType": "NONE", "uuid": 1835012962, "endNode": "", "speed": 1.7027777777777777, "roadType": 6, "delay": 305, "street": "Sunset Road", "id": 1835012962, "pubMillis": 1778206866234, "blockingAlertUuid": null, "startNode": null, "published_wib": "2026-05-08T09:21:06+07:00", "last_update": "2026-05-08T10:50:40+08:00" }, "geometry": { "type": "Point", "coordinates": [ 115.183087084109573, -8.706695655252451 ] } },
{ "type": "Feature", "properties": { "Satwil": "Polrestabes Bandung", "country": "ID", "level": 2, "city": "Bandung", "speedKMH": 15.68, "length": 919, "turnType": "NONE", "uuid": 1836282742, "endNode": "Akses Tol Pasteur", "speed": 4.3555555555555552, "roadType": 2, "delay": 121, "street": "Prof Dr Surya Sumantri", "id": 1836282742, "pubMillis": 1778208257394, "blockingAlertUuid": null, "startNode": null, "published_wib": "2026-05-08T09:44:17+07:00", "last_update": "2026-05-08T09:50:40+07:00" }, "geometry": { "type": "Point", "coordinates": [ 107.581389612560571, -6.88810047066434 ] } },
{ "type": "Feature", "properties": { "Satwil": "Polrestabes Medan", "country": "ID", "level": 2, "city": "Medan", "speedKMH": 24.67, "length": 1449, "turnType": "NONE", "uuid": 1836282718, "endNode": "Gagak Hitam", "speed": 6.8527777777777779, "roadType": 6, "delay": 91, "street": "N1 Gagak Hitam", "id": 1836282718, "pubMillis": 1778208257174, "blockingAlertUuid": null, "startNode": null, "published_wib": "2026-05-08T09:44:17+07:00", "last_update": "2026-05-08T09:50:40+07:00" }, "geometry": { "type": "Point", "coordinates": [ 98.626513492494979, 3.57995475214484 ] } },
{ "type": "Feature", "properties": { "Satwil": "Polda DI Yogyakarta", "country": "ID", "level": 4, "city": "Banguntapan", "speedKMH": 5.78, "length": 206, "turnType": "NONE", "uuid": 1836331844, "endNode": "Ahmad Yani", "speed": 1.6055555555555556, "roadType": 7, "delay": 113, "street": "Imogiri Timur", "id": 1836331844, "pubMillis": 1778208351856, "blockingAlertUuid": null, "startNode": null, "published_wib": "2026-05-08T09:45:51+07:00", "last_update": "2026-05-08T09:50:40+07:00" }, "geometry": { "type": "Point", "coordinates": [ 110.391806030725292, -7.837500468439466 ] } },
{ "type": "Feature", "properties": { "Satwil": "Polda Bali", "country": "ID", "level": 2, "city": "Denpasar", "speedKMH": 16.56, "length": 569, "turnType": "NONE", "uuid": 1836110624, "endNode": "Kenyeri", "speed": 4.6, "roadType": 2, "delay": 60, "street": "WR Supratman", "id": 1836110624, "pubMillis": 1778208062359, "blockingAlertUuid": null, "startNode": null, "published_wib": "2026-05-08T09:41:02+07:00", "last_update": "2026-05-08T10:50:40+08:00" }, "geometry": { "type": "Point", "coordinates": [ 115.227282149741242, -8.649170576052343 ] } },
{ "type": "Feature", "properties": { "Satwil": "Polrestabes Bandung", "country": "ID", "level": 3, "city": "Bandung", "speedKMH": 12.3, "length": 978, "turnType": "NONE", "uuid": 1836389142, "endNode": "Logam", "speed": 3.4166666666666665, "roadType": 2, "delay": 188, "street": "Margacinta", "id": 1836389142, "pubMillis": 1778208351599, "blockingAlertUuid": null, "startNode": null, "published_wib": "2026-05-08T09:45:51+07:00", "last_update": "2026-05-08T09:50:40+07:00" }, "geometry": { "type": "Point", "coordinates": [ 107.648255721895225, -6.95512163576486 ] } },
{ "type": "Feature", "properties": { "Satwil": "Polrestabes Bandung", "country": "ID", "level": 2, "city": "Bandung", "speedKMH": 23.7, "length": 1201, "turnType": "NONE", "uuid": 1836331794, "endNode": "Soekarno-Hatta", "speed": 6.583333333333333, "roadType": 7, "delay": 72, "street": "Mohammad Toha", "id": 1836331794, "pubMillis": 1778208351331, "blockingAlertUuid": null, "startNode": null, "published_wib": "2026-05-08T09:45:51+07:00", "last_update": "2026-05-08T09:50:40+07:00" }, "geometry": { "type": "Point", "coordinates": [ 107.607553194407259, -6.942890784855638 ] } },
{ "type": "Feature", "properties": { "Satwil": "Polrestabes Bandung", "country": "ID", "level": 1, "city": "Bandung", "speedKMH": 22.32, "length": 1315, "turnType": "NONE", "uuid": 1836331786, "endNode": "Prof Mochtar Kusumaatmadja", "speed": 6.2, "roadType": 6, "delay": 90, "street": "Surapati", "id": 1836331786, "pubMillis": 1778208351230, "blockingAlertUuid": null, "startNode": null, "published_wib": "2026-05-08T09:45:51+07:00", "last_update": "2026-05-08T09:50:40+07:00" }, "geometry": { "type": "Point", "coordinates": [ 107.626257397961666, -6.899297531148324 ] } },
{ "type": "Feature", "properties": { "Satwil": "Polrestabes Bandung", "country": "ID", "level": 2, "city": "Bandung", "speedKMH": 9.22, "length": 471, "turnType": "NONE", "uuid": 1836217320, "endNode": null, "speed": 2.5611111111111109, "roadType": 2, "delay": 75, "street": "Ciumbuleuit", "id": 1836217320, "pubMillis": 1778208158066, "blockingAlertUuid": null, "startNode": null, "published_wib": "2026-05-08T09:42:38+07:00", "last_update": "2026-05-08T09:50:40+07:00" }, "geometry": { "type": "Point", "coordinates": [ 107.60521548306302, -6.863977240614496 ] } },
{ "type": "Feature", "properties": { "Satwil": "Polrestabes Medan", "country": "ID", "level": 3, "city": "Medan", "speedKMH": 14.66, "length": 647, "turnType": "NONE", "uuid": 1835824036, "endNode": "Pengadilan", "speed": 4.072222222222222, "roadType": 2, "delay": 102, "street": "Diponegoro", "id": 1835824036, "pubMillis": 1778207766105, "blockingAlertUuid": null, "startNode": null, "published_wib": "2026-05-08T09:36:06+07:00", "last_update": "2026-05-08T09:50:40+07:00" }, "geometry": { "type": "Point", "coordinates": [ 98.672710339014117, 3.581666880487137 ] } },
{ "type": "Feature", "properties": { "Satwil": "Polresta Surakarta", "country": "ID", "level": 2, "city": "Surakarta", "speedKMH": 11.02, "length": 399, "turnType": "NONE", "uuid": 1836061234, "endNode": "Ir Juanda Kartasanjaya", "speed": 3.0611111111111109, "roadType": 7, "delay": 80, "street": "Urip Sumohardjo", "id": 1836061234, "pubMillis": 1778207967195, "blockingAlertUuid": null, "startNode": null, "published_wib": "2026-05-08T09:39:27+07:00", "last_update": "2026-05-08T09:50:40+07:00" }, "geometry": { "type": "Point", "coordinates": [ 110.832240184497181, -7.567859731640471 ] } },
{ "type": "Feature", "properties": { "Satwil": "Polrestabes Bandung", "country": "ID", "level": 1, "city": "Bandung", "speedKMH": 24.37, "length": 2367, "turnType": "NONE", "uuid": 1836560948, "endNode": "", "speed": 6.7694444444444448, "roadType": 7, "delay": 138, "street": "Dr Setiabudi", "id": 1836560948, "pubMillis": 1778208544143, "blockingAlertUuid": null, "startNode": null, "published_wib": "2026-05-08T09:49:04+07:00", "last_update": "2026-05-08T09:50:40+07:00" }, "geometry": { "type": "Point", "coordinates": [ 107.594116736355772, -6.865032581865329 ] } },
{ "type": "Feature", "properties": { "Satwil": "Polda Bali", "country": "ID", "level": 2, "city": "Kuta", "speedKMH": 14.47, "length": 831, "turnType": "NONE", "uuid": 1836560946, "endNode": "Jalan Raya Tuban", "speed": 4.0194444444444448, "roadType": 6, "delay": 114, "street": "Jalan Raya Kuta", "id": 1836560946, "pubMillis": 1778208544102, "blockingAlertUuid": null, "startNode": null, "published_wib": "2026-05-08T09:49:04+07:00", "last_update": "2026-05-08T10:50:40+08:00" }, "geometry": { "type": "Point", "coordinates": [ 115.177720096871596, -8.733664205297758 ] } },
{ "type": "Feature", "properties": { "Satwil": "Polrestabes Bandung", "country": "ID", "level": 5, "city": "Bandung", "speedKMH": 0.0, "length": 652, "turnType": "NONE", "uuid": 1834873366, "endNode": "Gerbang Tol Gede Bage", "speed": 0.0, "roadType": 4, "delay": -1, "street": "", "id": 1834873366, "pubMillis": 1778206765199, "blockingAlertUuid": "87a12f1b-6834-44c8-8f86-1cea731b6201", "startNode": null, "published_wib": "2026-05-08T09:19:25+07:00", "last_update": "2026-05-08T09:50:40+07:00" }, "geometry": { "type": "Point", "coordinates": [ 107.6908865, -6.9547455 ] } },
{ "type": "Feature", "properties": { "Satwil": "Polda Bali", "country": "ID", "level": 2, "city": "Kuta Selatan", "speedKMH": 16.49, "length": 2049, "turnType": "NONE", "uuid": 1836225084, "endNode": "Bukit Lestari", "speed": 4.5805555555555557, "roadType": 6, "delay": 245, "street": "Jalan Raya Uluwatu", "id": 1836225084, "pubMillis": 1778208158536, "blockingAlertUuid": null, "startNode": null, "published_wib": "2026-05-08T09:42:38+07:00", "last_update": "2026-05-08T10:50:40+08:00" }, "geometry": { "type": "Point", "coordinates": [ 115.158651430259468, -8.807029460035324 ] } },
{ "type": "Feature", "properties": { "Satwil": "Polrestabes Bandung", "country": "ID", "level": 5, "city": "Bandung", "speedKMH": 0.0, "length": 235, "turnType": "NONE", "uuid": 1834857018, "endNode": "", "speed": 0.0, "roadType": 4, "delay": -1, "street": "Arah Stadion GBLA/Sumarecon/Stasiun Tegalluar", "id": 1834857018, "pubMillis": 1778206761050, "blockingAlertUuid": "983f423e-5453-4c9b-aaca-eb63797e9334", "startNode": null, "published_wib": "2026-05-08T09:19:21+07:00", "last_update": "2026-05-08T09:50:40+07:00" }, "geometry": { "type": "Point", "coordinates": [ 107.691397013976129, -6.969246044693577 ] } },
{ "type": "Feature", "properties": { "Satwil": "Polda Bali", "country": "ID", "level": 3, "city": "Sawan", "speedKMH": 29.96, "length": 3533, "turnType": "NONE", "uuid": 1836225034, "endNode": "Gang Teratai", "speed": 8.3222222222222229, "roadType": 6, "delay": 218, "street": "Jalan Raya Sangsit", "id": 1836225034, "pubMillis": 1778208158020, "blockingAlertUuid": null, "startNode": null, "published_wib": "2026-05-08T09:42:38+07:00", "last_update": "2026-05-08T10:50:40+08:00" }, "geometry": { "type": "Point", "coordinates": [ 115.133821581435214, -8.086527847707844 ] } },
{ "type": "Feature", "properties": { "Satwil": "Polrestabes Bandung", "country": "ID", "level": 2, "city": "Bandung", "speedKMH": 10.5, "length": 366, "turnType": "NONE", "uuid": 1836503798, "endNode": "Sukahaji", "speed": 2.9166666666666665, "roadType": 2, "delay": 69, "street": "Prof Dr Ir Sutami", "id": 1836503798, "pubMillis": 1778208544529, "blockingAlertUuid": null, "startNode": null, "published_wib": "2026-05-08T09:49:04+07:00", "last_update": "2026-05-08T09:50:40+07:00" }, "geometry": { "type": "Point", "coordinates": [ 107.583659476483589, -6.880197638747304 ] } },
{ "type": "Feature", "properties": { "Satwil": "Polrestabes Bandung", "country": "ID", "level": 2, "city": "Bandung", "speedKMH": 14.52, "length": 735, "turnType": "NONE", "uuid": 1836282612, "endNode": "Arah Alun-alun", "speed": 4.0333333333333332, "roadType": 7, "delay": 97, "street": "Jamika", "id": 1836282612, "pubMillis": 1778208256016, "blockingAlertUuid": null, "startNode": null, "published_wib": "2026-05-08T09:44:16+07:00", "last_update": "2026-05-08T09:50:40+07:00" }, "geometry": { "type": "Point", "coordinates": [ 107.585899827042553, -6.923099917317834 ] } },
{ "type": "Feature", "properties": { "Satwil": "Polrestabes Bandung", "country": "ID", "level": 2, "city": "Bandung", "speedKMH": 22.67, "length": 1587, "turnType": "NONE", "uuid": 1835086574, "endNode": "Flyover Kiaracondong", "speed": 6.2972222222222225, "roadType": 7, "delay": 114, "street": "Jenderal Ibrahim Adjie", "id": 1835086574, "pubMillis": 1778206970421, "blockingAlertUuid": null, "startNode": null, "published_wib": "2026-05-08T09:22:50+07:00", "last_update": "2026-05-08T09:50:40+07:00" }, "geometry": { "type": "Point", "coordinates": [ 107.642380548356044, -6.936870181170869 ] } },
{ "type": "Feature", "properties": { "Satwil": "Polda Bali", "country": "ID", "level": 2, "city": "Denpasar", "speedKMH": 14.75, "length": 541, "turnType": "NONE", "uuid": 1836561094, "endNode": "Tukad Barito", "speed": 4.0972222222222223, "roadType": 2, "delay": 64, "street": "Tukad Batanghari", "id": 1836561094, "pubMillis": 1778208546167, "blockingAlertUuid": null, "startNode": null, "published_wib": "2026-05-08T09:49:06+07:00", "last_update": "2026-05-08T10:50:40+08:00" }, "geometry": { "type": "Point", "coordinates": [ 115.230318402395184, -8.681977051498329 ] } },
{ "type": "Feature", "properties": { "Satwil": "Polda Bali", "country": "ID", "level": 3, "city": "Denpasar", "speedKMH": 11.22, "length": 832, "turnType": "NONE", "uuid": 1833194224, "endNode": null, "speed": 3.1166666666666667, "roadType": 6, "delay": 154, "street": "Imam Bonjol", "id": 1833194224, "pubMillis": 1778205303093, "blockingAlertUuid": null, "startNode": null, "published_wib": "2026-05-08T08:55:03+07:00", "last_update": "2026-05-08T10:50:40+08:00" }, "geometry": { "type": "Point", "coordinates": [ 115.195174393906015, -8.684234254236934 ] } },
{ "type": "Feature", "properties": { "Satwil": "Polda Bali", "country": "ID", "level": 3, "city": "Kuta Selatan", "speedKMH": 12.51, "length": 798, "turnType": "NONE", "uuid": 1836225206, "endNode": "", "speed": 3.475, "roadType": 2, "delay": 155, "street": "Uluwatu 1", "id": 1836225206, "pubMillis": 1778208160137, "blockingAlertUuid": null, "startNode": null, "published_wib": "2026-05-08T09:42:40+07:00", "last_update": "2026-05-08T10:50:40+08:00" }, "geometry": { "type": "Point", "coordinates": [ 115.167455973858367, -8.7815393970467 ] } },
{ "type": "Feature", "properties": { "Satwil": "Polda Bali", "country": "ID", "level": 3, "city": "Sukawati", "speedKMH": 13.03, "length": 632, "turnType": "NONE", "uuid": 1836503742, "endNode": "Sumandang", "speed": 3.6194444444444445, "roadType": 6, "delay": 118, "street": "Jalan Raya Batubulan", "id": 1836503742, "pubMillis": 1778208544061, "blockingAlertUuid": null, "startNode": null, "published_wib": "2026-05-08T09:49:04+07:00", "last_update": "2026-05-08T10:50:40+08:00" }, "geometry": { "type": "Point", "coordinates": [ 115.254301042701215, -8.617344431480122 ] } }
]
}
